{"type":"FeatureCollection","features":[{"type":"Feature","properties":{"id":314064332,"highway":"primary"},"geometry":{"type":"LineString","coordinates":[[85.6172976,19.9716695],[85.6164517,19.9719052]]}},{"type":"Feature","properties":{"id":314064333,"highway":"primary"},"geometry":{"type":"LineString","coordinates":[[85.621689,19.9703962],[85.621094,19.9705701]]}},{"type":"Feature","properties":{"id":314064334,"highway":"primary"},"geometry":{"type":"LineString","coordinates":[[85.621094,19.9705701],[85.6209721,19.9706017],[85.6191764,19.9711219],[85.6181519,19.9714214],[85.6172976,19.9716695]]}},{"type":"Feature","properties":{"id":680541320,"highway":"primary"},"geometry":{"type":"LineString","coordinates":[[85.6698739,19.9488843],[85.6696808,19.948878],[85.6695266,19.9488893],[85.6694555,19.9488982],[85.6692074,19.9489675],[85.6691314,19.94899],[85.6685007,19.9492423],[85.6684162,19.9492751],[85.6677845,19.9495171],[85.6677121,19.9495461],[85.6672011,19.9497667],[85.6665118,19.9500037],[85.6664276,19.9500365],[85.6657447,19.9502937],[85.6656669,19.9503264],[85.665042,19.9505697],[85.6649722,19.9505962],[85.6643108,19.9508481],[85.6640737,19.9509353],[85.6639878,19.9509681],[85.6639027,19.9509982],[85.6630196,19.951311],[85.662915,19.9513488],[85.6620448,19.9516811],[85.6616543,19.9518316],[85.6615658,19.9518657],[85.660148,19.9524049],[85.6588501,19.9529031],[85.6587844,19.9529271],[85.6580695,19.9531956],[85.6579824,19.9532309],[85.657521,19.9534018],[85.6574379,19.9534326],[85.6573617,19.9534585],[85.6568129,19.9536998],[85.6567338,19.9537402],[85.6564173,19.953899],[85.6563543,19.9539403],[85.6560673,19.9541915],[85.6560136,19.9542432],[85.6558299,19.9544146],[85.6557843,19.9544701],[85.6555188,19.9549453],[85.6551915,19.9555794],[85.6551526,19.9556563],[85.6549461,19.956066],[85.6549032,19.9561542],[85.6545384,19.9568967],[85.6545036,19.9569647],[85.6542796,19.9573908],[85.6542461,19.9574614],[85.6537764,19.958432],[85.653432,19.959143],[85.653401,19.9592094],[85.6530645,19.9598892],[85.652748,19.9605725],[85.6525408,19.9610017]]}},{"type":"Feature","properties":{"id":680541321,"highway":"primary"},"geometry":{"type":"LineString","coordinates":[[85.6947464,19.9352262],[85.6943449,19.935463]]}},{"type":"Feature","properties":{"id":680541322,"highway":"tertiary"},"geometry":{"type":"LineString","coordinates":[[85.6557843,19.9544701],[85.6556422,19.9542091],[85.65561,19.9541789],[85.6555523,19.9541663],[85.6554826,19.9541826],[85.6550588,19.9543755],[85.654989,19.9544032],[85.6547342,19.9545066],[85.6546752,19.9545255],[85.6543654,19.9546125],[85.654293,19.9546352],[85.6539121,19.9547751],[85.6534454,19.9549705],[85.6533717,19.955002],[85.6529801,19.9551457],[85.6529224,19.9551609],[85.6525134,19.9552907],[85.652457,19.9553184],[85.6523243,19.955401],[85.6522272,19.9554681],[85.6520386,19.9555983],[85.6519836,19.9556348],[85.6516886,19.9558],[85.6514163,19.9559159],[85.6513613,19.9559361],[85.6509764,19.9560458],[85.6509054,19.9560634],[85.6505795,19.9561618],[85.6504655,19.9561983],[85.6504185,19.956221],[85.6501611,19.9564618],[85.6501155,19.956516],[85.6498633,19.9567782],[85.6498204,19.956821],[85.649685,19.9569433],[85.6496447,19.9569799],[85.6494586,19.9571722],[85.6494339,19.9572121],[85.6494162,19.9572687],[85.6494141,19.9573215],[85.649406,19.957735],[85.6494087,19.9578018],[85.6494181,19.9584862],[85.6494181,19.9585505],[85.6494302,19.9587686],[85.6494288,19.958819],[85.6494181,19.9589199]]}},{"type":"Feature","properties":{"id":680541323,"highway":"residential"},"geometry":{"type":"LineString","coordinates":[[85.6505795,19.9561618],[85.6503233,19.9556563],[85.6502898,19.9555983],[85.6500927,19.9553134],[85.6499062,19.9550134],[85.6498767,19.9549466],[85.6497373,19.9545961],[85.6496112,19.9543175]]}},{"type":"Feature","properties":{"id":680541324,"highway":"tertiary"},"geometry":{"type":"LineString","coordinates":[[85.6567072,19.9699247],[85.6566986,19.9699639],[85.6567001,19.9700049],[85.6567301,19.9700968],[85.6567571,19.9701787],[85.6571435,19.9713526],[85.6573436,19.9720746],[85.6574621,19.9725294],[85.6575103,19.972729],[85.6575443,19.9728899],[85.6575668,19.9730287],[85.6576084,19.9733492],[85.6576483,19.9735534],[85.657703,19.9738174],[85.6577684,19.9741115],[85.6578164,19.9743253],[85.6578561,19.9746427],[85.657891,19.9748505],[85.6579511,19.97512],[85.6580097,19.9752844],[85.6580912,19.9754935],[85.6581217,19.9755773],[85.6581485,19.9756415],[85.6581867,19.9757102],[85.6584446,19.9760687],[85.6585416,19.9762194],[85.6586567,19.9764039],[85.6586924,19.9764611],[85.6587423,19.9765205],[85.6588014,19.9765727],[85.6588622,19.9765962],[85.6589569,19.9766026],[85.6590544,19.9766095],[85.659131,19.9766484],[85.659187,19.9767024],[85.6593518,19.9769845],[85.6593666,19.9770342],[85.6593614,19.9770907],[85.6593321,19.9771359],[85.6591519,19.977266],[85.6591089,19.9773093],[85.6591007,19.9773466],[85.6591081,19.9773863],[85.6593261,19.9777546],[85.6597896,19.9784034],[85.6598443,19.9784901],[85.6598842,19.9785701],[85.6599517,19.9787428],[85.6600473,19.9790299]]}},{"type":"Feature","properties":{"id":680541325,"highway":"tertiary"},"geometry":{"type":"LineString","coordinates":[[85.6615994,19.9843091],[85.6616328,19.984347],[85.6616773,19.9843974],[85.6617392,19.9844942],[85.6620628,19.9850728],[85.6623513,19.985595],[85.6625785,19.9860061],[85.662637,19.9860735],[85.6627487,19.9861411],[85.6629401,19.986238],[85.6632575,19.986403],[85.6639756,19.986778],[85.664043,19.9868203]]}},{"type":"Feature","properties":{"id":865186353,"highway":"unclassified"},"geometry":{"type":"LineString","coordinates":[[85.6184067,20.0072068],[85.6183434,20.0060659],[85.6183273,20.0048359],[85.6182522,20.0041553],[85.6181234,20.0033235],[85.6179357,20.0024161],[85.617646,20.001433],[85.6174743,20.0009289],[85.6173622,20.0006219],[85.6171683,20.0001359],[85.617021,19.9997733],[85.616349,19.9984302],[85.6160722,19.9979002],[85.6156356,19.9971716],[85.6152321,19.9965243],[85.6148884,19.9960709],[85.6146199,19.9957067],[85.6143815,19.9953288],[85.6142096,19.9950048],[85.6140731,19.9946808],[85.6140315,19.9944809],[85.6140031,19.99428],[85.6139438,19.9939717],[85.6139142,19.9935733],[85.6139274,19.9929297],[85.6139212,19.9929021],[85.6139058,19.992879],[85.6138596,19.9928732],[85.6136028,19.9929038],[85.6133134,19.9929182],[85.613082,19.9929392],[85.6128734,19.9930025],[85.6127161,19.9931049],[85.6125047,19.9932805],[85.6123654,19.9933974],[85.61213,19.9936044],[85.6116899,19.9940185],[85.6116363,19.9941334],[85.6116338,19.9942388],[85.6117128,19.994641],[85.6117434,19.9948254],[85.6117408,19.9949499],[85.6117179,19.9950577],[85.6116389,19.9952038],[85.6115472,19.9953211],[85.6113994,19.995436],[85.6113127,19.9954552],[85.6111522,19.9954552],[85.6107833,19.9953864],[85.6103645,19.9952572],[85.6100932,19.9951954],[85.6099214,19.9951685],[85.6097403,19.9951583],[85.6093738,19.9951898],[85.609159,19.9952206],[85.6090507,19.9952452],[85.6089688,19.9952899],[85.6089261,19.9953485],[85.6088687,19.9954887],[85.6087933,19.9956412],[85.6086867,19.9957861],[85.6085441,19.9958816],[85.6079407,19.9963053],[85.6078226,19.996367],[85.607416,19.9964548],[85.6070864,19.9965288],[85.6069536,19.9965365],[85.6067651,19.9965436],[85.6064404,19.9965549],[85.6061452,19.9966058],[85.6058779,19.9966782],[85.6057451,19.9967183],[85.605591,19.9968308],[85.605468,19.9969432],[85.6053303,19.9970619],[85.6051925,19.9971189],[85.6050614,19.9971466],[85.6048728,19.9971451],[85.6046842,19.9971358],[85.6045514,19.9970958],[85.6042792,19.9969725],[85.6038939,19.996726],[85.6035037,19.9964933],[85.6033331,19.9964301],[85.603056,19.9963654],[85.6028363,19.9963361],[85.602265,19.9963338],[85.6017964,19.9963673],[85.601192,19.9964615],[85.6004209,19.9966185],[85.5997986,19.9967757],[85.5992782,19.9968907],[85.598913,19.9969819],[85.5983663,19.9971327],[85.5977346,19.9973159],[85.5973214,19.9974144],[85.5970005,19.9974963],[85.5967398,19.9975473],[85.5965817,19.9976072],[85.5964403,19.9977128],[85.5962786,19.9978951],[85.5958897,19.9984479],[85.5956419,19.9987677],[85.5955026,19.9989321],[85.5953787,19.999036],[85.5952657,19.9990987],[85.5951001,19.9991761],[85.5934937,19.999629],[85.5932224,19.9997206],[85.5929402,19.9998431],[85.592715,19.9999685],[85.5924224,20.0001566]]}},{"type":"Feature","properties":{"id":865190573,"highway":"tertiary"},"geometry":{"type":"LineString","coordinates":[[85.5875796,20.001151],[85.5875757,20.0011012],[85.5875891,20.0010495],[85.5876207,20.0009988],[85.5877015,20.0009438],[85.5878291,20.0008777],[85.5879458,20.0008002],[85.5880021,20.0007471],[85.5880555,20.0006705],[85.5880791,20.0005858],[85.5880786,20.0004516],[85.5880396,19.9999191],[85.5880156,19.9997479],[85.5879739,19.9996026],[85.5879005,19.9993845],[85.5878725,19.9992988],[85.5877761,19.9990037],[85.5876936,19.9987292],[85.5876787,19.9986076],[85.5876723,19.9984896],[85.5876814,19.998402],[85.5877077,19.9983402],[85.5877593,19.9982784],[85.5878467,19.9982075],[85.5879597,19.9981365],[85.5882489,19.9980208],[85.5884439,19.9979427],[85.588834,19.9978368],[85.5890815,19.9978007],[85.5892692,19.9978007],[85.5896531,19.9978248],[85.589845,19.9978448],[85.5900199,19.9978849],[85.5901394,19.997937],[85.5902332,19.9980252],[85.5903697,19.9982136],[85.5905489,19.9985343],[85.5908162,19.9990808],[85.5908774,19.9991697],[85.5909257,19.9992146],[85.590974,19.9992298],[85.5910277,19.9992247],[85.5911081,19.9991945],[85.5914152,19.9990605],[85.5917695,19.9988991],[85.5918431,19.9988567],[85.5919343,19.9987912],[85.59199,19.9987262],[85.5920337,19.9986513],[85.5920713,19.99852],[85.5921292,19.9982767],[85.5921883,19.9980616],[85.5922432,19.9979709],[85.5923205,19.9978815],[85.5924492,19.9977807],[85.5925927,19.9976977],[85.5927972,19.9976194],[85.5929335,19.9975851],[85.5931653,19.9975651],[85.5946324,19.9975872],[85.5947344,19.9975903],[85.5948364,19.9975662],[85.5949491,19.9975057],[85.5950885,19.9973847],[85.5952576,19.9972451],[85.5954378,19.9971075],[85.5955829,19.9970192],[85.5957859,19.996931],[85.5961291,19.9968212],[85.5965643,19.9967294],[85.5969307,19.9966916],[85.5973416,19.996689],[85.5975937,19.9966588],[85.59805,19.9965809],[85.5987779,19.9964026],[85.5993917,19.996247],[85.600049,19.9960796],[85.6005442,19.9959379],[85.6007695,19.9958623],[85.6014956,19.9955577],[85.6018741,19.9953686],[85.6020572,19.9953106],[85.6022682,19.9952611],[85.6024484,19.9952601],[85.6026599,19.9952848],[85.6028858,19.9953418],[85.6031551,19.9954373],[85.6033076,19.9954959],[85.6034289,19.9955667],[85.6035404,19.9956607],[85.6036322,19.9957763],[85.6037699,19.9959458],[85.6038732,19.9960382],[85.6039946,19.9960875],[85.6041602,19.9961107],[85.6043799,19.9961446],[85.6045176,19.9961476],[85.6047538,19.9961384],[85.6049292,19.996123],[85.6050456,19.9960937],[85.6053752,19.9959566],[85.6066181,19.9954003],[85.6076691,19.9949011],[85.607779,19.9948241],[85.6078347,19.994767],[85.6078692,19.9946808],[85.6078856,19.9945729],[85.6078905,19.9944558],[85.6079102,19.9943942],[85.6079872,19.9942986],[85.608143,19.99418],[85.6085382,19.9939211],[85.6088103,19.9937871],[85.6089825,19.9937069],[85.6093769,19.9935825],[85.6098259,19.9934389],[85.6108405,19.9931291],[85.6109503,19.9930918],[85.6112281,19.9929623],[85.6118422,19.992699],[85.6123281,19.9924946],[85.6125591,19.9924078],[85.6126395,19.9923622],[85.6128473,19.9922052],[85.612977,19.9921304],[85.6132212,19.9920481],[85.6134687,19.9919844],[85.6141536,19.9918161],[85.6145103,19.9917127],[85.6153485,19.9913776],[85.6155342,19.9912226],[85.615659,19.9910506],[85.6157446,19.9908407],[85.6158285,19.9906138],[85.6159005,19.9905405],[85.6160038,19.9904933],[85.6161541,19.9904295],[85.6162822,19.9903601],[85.6163689,19.9902544],[85.6164298,19.9901494],[85.6164982,19.9898833],[85.616546,19.9896058],[85.6165773,19.9894485],[85.6166201,19.989363],[85.6167017,19.9892831],[85.6168647,19.9892162],[85.6172239,19.9891106],[85.6175078,19.9890438],[85.6179203,19.9889631],[85.6181857,19.9889746],[85.6184188,19.9890394],[85.6187801,19.9891961],[85.6189957,19.9893638],[85.6192253,19.9895984],[85.6193471,19.9896512],[85.6194872,19.9896573],[85.6198443,19.9896087],[85.6200554,19.9895798],[85.62018,19.9895627],[85.6204619,19.989522],[85.6206617,19.9894507],[85.6208423,19.9893297],[85.6210175,19.9891482],[85.6211006,19.9890772],[85.6212372,19.9890107],[85.6213214,19.9889908],[85.6214308,19.9889812],[85.622,19.9890324],[85.6220877,19.9890367],[85.6221719,19.9890523],[85.6222309,19.9890826],[85.6222827,19.989127],[85.6223474,19.9892009],[85.6223954,19.9892821],[85.6227314,19.9898886],[85.6228339,19.9901055],[85.6229421,19.9904054],[85.6230485,19.9907391],[85.6231244,19.9908891],[85.6232209,19.9910187],[85.6244946,19.9923271],[85.6245875,19.9924042],[85.624652,19.9924426],[85.6247368,19.9924698],[85.624876,19.9924718],[85.625,19.9924323],[85.625119,19.9923625],[85.6252436,19.9922773],[85.6254122,19.9921229],[85.6255931,19.9918822],[85.625741,19.9917299],[85.625909,19.9916335],[85.6260968,19.9915495],[85.6263474,19.991471],[85.6265508,19.9914179],[85.6267469,19.9913856],[85.6269225,19.9913989],[85.6270765,19.9914264],[85.6272196,19.9914756],[85.6274562,19.9915653],[85.6276036,19.9916011],[85.6277364,19.9916026],[85.6278374,19.991598],[85.6279286,19.9915703],[85.6287411,19.991233],[85.6287821,19.991216],[85.629017,19.9911224],[85.6291857,19.9909989],[85.6293357,19.9908461],[85.6295179,19.9906676],[85.6296497,19.9905487],[85.6297556,19.990485],[85.6298951,19.9904265],[85.6300131,19.9903975],[85.6301321,19.9903681],[85.6302212,19.9903322],[85.6303164,19.9902692],[85.6304028,19.9901495],[85.6304659,19.9900265],[85.6304826,19.9899895],[85.6305265,19.9898921],[85.6305639,19.9898013],[85.6305915,19.9896899],[85.630588,19.9895796],[85.6305494,19.9894554],[85.6304085,19.9893264],[85.6302554,19.9891471],[85.6301097,19.9889129],[85.6300317,19.988735],[85.6299698,19.9885764],[85.6298981,19.9884798],[85.629781,19.9883811],[85.6296493,19.988318],[85.6294319,19.9882648],[85.6292205,19.9882037],[85.6290632,19.9881194],[85.6289304,19.9880344],[85.6288269,19.9880001],[85.6286514,19.9879628],[85.6283656,19.9879159],[85.6281313,19.9878614],[85.6277078,19.9877355],[85.6275625,19.9876763],[85.6274673,19.9876111],[85.6273718,19.987522],[85.6272868,19.9874096],[85.6271073,19.9871328],[85.6269165,19.9868804],[85.6267449,19.9867135],[85.6265822,19.9864994],[85.6265187,19.9863919],[85.6263922,19.986139],[85.6262702,19.9858359],[85.6261809,19.9855646],[85.6261562,19.9854343],[85.6261505,19.9852969],[85.6261561,19.9851422],[85.6261614,19.9850328],[85.6261931,19.9849482],[85.6262708,19.9848636],[85.6265143,19.9846663],[85.6274478,19.9839531],[85.6276031,19.9838171],[85.6278661,19.9835568],[85.6280681,19.9833575],[85.6282136,19.9832036],[85.628472,19.9828262],[85.6285505,19.9826726],[85.6285633,19.9825823],[85.6285537,19.9825205],[85.62852,19.9824648],[85.6283902,19.9823534],[85.6282252,19.982254],[85.6279208,19.9821034],[85.6276497,19.9819529],[85.6272113,19.9816646],[85.626634,19.9812485],[85.6263698,19.9810335],[85.6262411,19.9808674],[85.6261621,19.9806936],[85.6260723,19.9804489],[85.6259823,19.9803141],[85.6258902,19.9802332],[85.6257329,19.9801517],[85.6255191,19.9800631],[85.624784,19.9797792],[85.624316,19.9795993],[85.6240051,19.9795229],[85.623225,19.9793275],[85.6222605,19.9790432],[85.6209171,19.9786548],[85.6195867,19.9782002],[85.6189606,19.9779213],[85.6182473,19.9776019],[85.6180187,19.9774188],[85.6178793,19.9772024],[85.6176532,19.9767955],[85.6169241,19.9753853],[85.6163873,19.9743023],[85.6158356,19.9729267],[85.6157026,19.9725978],[85.6155262,19.9721816]]}},{"type":"Feature","properties":{"id":865190576,"highway":"unclassified"},"geometry":{"type":"LineString","coordinates":[[85.6195867,19.9782002],[85.6195704,19.9784002],[85.6195785,19.9786669],[85.6196117,19.9789174],[85.6196631,19.9791964],[85.6196786,19.9793414],[85.6196808,19.9794436],[85.6196653,19.9795708],[85.6196298,19.9796615],[85.6195221,19.9798451],[85.6193901,19.9800411],[85.6193573,19.9800839],[85.619244,19.9802069],[85.619235,19.9802319],[85.6192461,19.9802589],[85.6193257,19.9803138],[85.6193452,19.9803504],[85.6193469,19.9803969],[85.6193381,19.9805084],[85.6193381,19.9805582],[85.6193735,19.9806585],[85.6193912,19.9807909],[85.6193912,19.9808744],[85.619379,19.9809474],[85.6192869,19.981206],[85.6192481,19.981303],[85.619237,19.9813614],[85.6192392,19.9814208],[85.6192536,19.981474],[85.6193368,19.9816044],[85.6193834,19.9817034],[85.6194034,19.9817671],[85.6194079,19.9818192],[85.6194034,19.9818797],[85.6193846,19.9819443],[85.6192776,19.9821295],[85.6191263,19.9823504],[85.6190101,19.982554],[85.6189721,19.9826789],[85.6189464,19.9828652],[85.6189342,19.9830189],[85.6189464,19.9832148],[85.6189751,19.983405],[85.6190159,19.9835625],[85.6190957,19.9837508],[85.6191365,19.9839256],[85.6191365,19.9841023],[85.6191202,19.9842502],[85.6190895,19.9843674],[85.619063,19.9844616],[85.6190609,19.9845557],[85.6190732,19.9849533],[85.6190589,19.9850974],[85.6190384,19.9852107],[85.6189975,19.9853087],[85.6189362,19.9854739],[85.6189035,19.9856122],[85.6188974,19.9857294],[85.6189056,19.9858427],[85.6189321,19.9860002],[85.6189771,19.9861846],[85.6190115,19.9863886],[85.6190642,19.9868701],[85.6191599,19.9873877],[85.6192077,19.9876222],[85.6192464,19.9878541],[85.619285,19.9880569],[85.6193684,19.9882526],[85.6194599,19.9883905],[85.6195863,19.988526],[85.6196757,19.988636],[85.6197668,19.9887538],[85.6198276,19.9888699],[85.6198789,19.9890001],[85.6199418,19.9892067],[85.6200554,19.9895798]]}},{"type":"Feature","properties":{"id":865190577,"highway":"residential"},"geometry":{"type":"LineString","coordinates":[[85.6199418,19.9892067],[85.6203263,19.9891499],[85.6205167,19.9891141],[85.6206934,19.9890711],[85.6208245,19.9890282],[85.6209357,19.9889752],[85.6210301,19.9889437],[85.621117,19.9889394],[85.6213214,19.9889908]]}},{"type":"Feature","properties":{"id":865190579,"highway":"residential"},"geometry":{"type":"LineString","coordinates":[[85.6289304,19.9880344],[85.6291575,19.9877615],[85.6294338,19.9874067],[85.6294777,19.9873403],[85.6295168,19.9873058],[85.629556,19.9873035],[85.6296,19.9873173],[85.6296932,19.9873698],[85.6297396,19.9873906],[85.6297776,19.9873946],[85.6298092,19.9873856],[85.6298219,19.9873658],[85.6298124,19.9873301],[85.6297696,19.9872655],[85.6297152,19.98722],[85.6296204,19.9871685],[85.6293007,19.9869999],[85.6291308,19.9868799],[85.6289514,19.9867163],[85.6287784,19.9865428],[85.6287129,19.9864704],[85.62868,19.9864014],[85.6286655,19.9863415],[85.6286581,19.9862612],[85.6286744,19.986189],[85.6287083,19.9861317],[85.6287608,19.986097],[85.6289017,19.9860588],[85.6292767,19.9859836],[85.6293914,19.9859488],[85.6294642,19.9859084],[85.6294798,19.9858725],[85.6294857,19.985822],[85.6294402,19.985518],[85.6292823,19.9850649],[85.6292642,19.9849712],[85.6292315,19.9845278],[85.6291798,19.9842529],[85.6291511,19.9841833],[85.629095,19.9841361],[85.6289931,19.9840932],[85.6288725,19.9840551],[85.628776,19.9840052],[85.6286667,19.9839348],[85.6285865,19.983869]]}},{"type":"Feature","properties":{"id":865190580,"highway":"residential"},"geometry":{"type":"LineString","coordinates":[[85.6297696,19.9872655],[85.6299112,19.9871858],[85.6299819,19.9871521],[85.6300748,19.9871214],[85.6306806,19.9869734]]}},{"type":"Feature","properties":{"id":865190581,"highway":"residential"},"geometry":{"type":"LineString","coordinates":[[85.6299819,19.9871521],[85.6298089,19.9866287],[85.6297825,19.9865493],[85.6297678,19.986466],[85.6297608,19.9863966],[85.6297512,19.9863009],[85.6297366,19.9862308],[85.6297161,19.9861864],[85.629677,19.986146],[85.6295922,19.9861026],[85.62954,19.9860746],[85.6293914,19.9859488]]}},{"type":"Feature","properties":{"id":865194321,"highway":"residential"},"geometry":{"type":"LineString","coordinates":[[85.6239461,19.9822097],[85.624162,19.9821165],[85.6242328,19.9821165],[85.6242753,19.9821465],[85.6243602,19.9822995],[85.6244466,19.9824275],[85.6250714,19.9837093],[85.6253643,19.9841874],[85.625708,19.9845951],[85.6258575,19.9847339],[85.6259913,19.9848279],[85.6261931,19.9849482]]}},{"type":"Feature","properties":{"id":865194322,"highway":"residential"},"geometry":{"type":"LineString","coordinates":[[85.6291511,19.9841833],[85.6291793,19.9841367],[85.629534,19.9835507],[85.629584,19.9834245],[85.6296219,19.9832669],[85.6296639,19.9828464]]}},{"type":"Feature","properties":{"id":865194323,"highway":"residential"},"geometry":{"type":"LineString","coordinates":[[85.6292642,19.9849712],[85.6290585,19.9850201],[85.6289912,19.9850619],[85.6289493,19.9851485],[85.6289356,19.9852598],[85.6289517,19.9854494],[85.6289728,19.9855587],[85.6289872,19.985628],[85.6289853,19.9856775],[85.6289738,19.9857234],[85.6289374,19.9857675],[85.6288895,19.985808],[85.6288703,19.9858495],[85.6288694,19.985899],[85.6289017,19.9860588]]}},{"type":"Feature","properties":{"id":865196903,"highway":"tertiary"},"geometry":{"type":"LineString","coordinates":[[85.6320226,19.95349],[85.6319935,19.9534651],[85.6319332,19.9534458],[85.6318483,19.9534187],[85.6317946,19.9534225],[85.6317396,19.9534339],[85.6314473,19.953546],[85.6312555,19.9536255],[85.6311952,19.9536482],[85.6309041,19.9537389],[85.6308277,19.9537654],[85.6302993,19.9539305],[85.6300633,19.9540352],[85.6299882,19.954078],[85.6291634,19.9545356],[85.6286846,19.9547789],[85.6282943,19.9549415],[85.6281643,19.9549932],[85.628069,19.9550373],[85.6268795,19.9555453],[85.6267789,19.9555907],[85.6260587,19.9558403],[85.6259689,19.9558794],[85.625411,19.9561239],[85.6240337,19.9566811],[85.6234436,19.9569547],[85.6224565,19.957382],[85.6220274,19.9576051],[85.6219764,19.9576455],[85.6219643,19.9576858],[85.621967,19.9577312],[85.6219858,19.9577728],[85.6223224,19.9582114],[85.6224968,19.9584106],[85.6225169,19.9584636],[85.6225222,19.9585014],[85.6225008,19.9585455],[85.6223412,19.9586577],[85.6222674,19.9587031],[85.6219549,19.9589249],[85.6219067,19.9589779],[85.621735,19.9592514],[85.6217236,19.9592842],[85.6217203,19.9593144],[85.6217404,19.9594279],[85.6217591,19.9594859],[85.6218731,19.9598098],[85.6220502,19.9602447],[85.6221454,19.9604754],[85.6221601,19.9605334],[85.6221668,19.9605876],[85.6221682,19.9606758],[85.6221615,19.9607464],[85.6221414,19.9612683],[85.6221414,19.961717],[85.6221373,19.9617901],[85.6220609,19.9625364],[85.6220582,19.9626007],[85.6220507,19.9632061],[85.6220515,19.9632549],[85.6220622,19.9633834],[85.6220756,19.9634414],[85.6222191,19.9639802],[85.6222573,19.9641596],[85.6222634,19.9642217],[85.6222661,19.9643465],[85.6222621,19.9643906],[85.622246,19.9644977],[85.6222084,19.9645645],[85.6221797,19.964604],[85.6220791,19.9646962],[85.6220097,19.9647434],[85.6219531,19.9648021],[85.6219345,19.9648456],[85.6219345,19.9649022],[85.6219557,19.9649933],[85.6219906,19.9651009],[85.6220133,19.9652303],[85.6220117,19.9653114],[85.6219998,19.9653845],[85.6219644,19.9654515],[85.6218989,19.9655219],[85.621799,19.9656052],[85.6217356,19.965672],[85.6216561,19.9658007],[85.6215995,19.965931],[85.6215766,19.9659869],[85.6215477,19.9660576],[85.6214598,19.9662139],[85.6213684,19.9663971],[85.6213368,19.9665546],[85.621341,19.9666765],[85.6213652,19.9668287],[85.6213916,19.9669917],[85.6213841,19.967163],[85.621344,19.9673343],[85.6213195,19.9674396],[85.6213231,19.9675599],[85.6213607,19.9676755],[85.6214565,19.9678541],[85.62153,19.967994],[85.6216077,19.9681315],[85.6216865,19.9682331],[85.6218422,19.9683591],[85.6219728,19.9684585],[85.6221471,19.9685979],[85.6222621,19.9687044],[85.6223241,19.9687912],[85.6223683,19.9689491],[85.6223877,19.9690706],[85.6224158,19.969398],[85.6225294,19.9701153]]}},{"type":"Feature","properties":{"id":865196904,"highway":"residential"},"geometry":{"type":"LineString","coordinates":[[85.6221471,19.9685979],[85.6225008,19.9684656],[85.6228031,19.9683526],[85.622966,19.9683103],[85.6230143,19.9682885],[85.6230365,19.9682641],[85.6230365,19.9682327],[85.6230059,19.9681246],[85.6229994,19.9680749],[85.6230068,19.9680269],[85.6230273,19.9679754],[85.6231505,19.967818],[85.6234564,19.9673931],[85.6235826,19.967204],[85.6236651,19.9670835],[85.6237429,19.9670118],[85.623853,19.9669376],[85.6241565,19.9667654],[85.6245084,19.9665892],[85.6252528,19.9662324],[85.6253468,19.9661569],[85.6254306,19.9660522],[85.6255463,19.9658791]]}},{"type":"Feature","properties":{"id":865196905,"highway":"residential"},"geometry":{"type":"LineString","coordinates":[[85.622246,19.9644977],[85.6224619,19.9645343],[85.6225276,19.9645393],[85.6231914,19.9645809],[85.6232746,19.9645797],[85.6234717,19.9645557],[85.6235468,19.9645355],[85.6237695,19.9644801],[85.6238298,19.9644738],[85.6239653,19.9644864],[85.6240256,19.964504],[85.6240927,19.9645532],[85.6241249,19.9645935],[85.6243287,19.9649603],[85.6243582,19.965007],[85.6245191,19.9652629],[85.6245527,19.9653133],[85.6246573,19.9654419],[85.6247056,19.9654797],[85.6248339,19.9655614],[85.6250219,19.9656641],[85.6252109,19.9657669],[85.6253532,19.96583],[85.6254508,19.9658621],[85.6255463,19.9658791],[85.6256935,19.9658704],[85.6258259,19.9658527],[85.6261176,19.9658104],[85.6262513,19.9657898],[85.6262982,19.9657749],[85.6263327,19.9657524],[85.6263486,19.96572],[85.6263425,19.9656784],[85.6262894,19.9655122],[85.626277,19.9654515],[85.6262743,19.9654041],[85.6262797,19.9653559],[85.6262973,19.9653218],[85.6263389,19.9652885]]}},{"type":"Feature","properties":{"id":865196906,"highway":"residential"},"geometry":{"type":"LineString","coordinates":[[85.6296204,19.9681084],[85.6296173,19.9678338],[85.6296209,19.9676978],[85.6296656,19.9674829],[85.6296727,19.9673419],[85.6296334,19.9672261],[85.6295415,19.9670991],[85.629475,19.9670291],[85.6294017,19.9669728],[85.6292859,19.966929],[85.6291528,19.9668839],[85.6287707,19.9667638],[85.6282741,19.9665461],[85.6281103,19.9665123],[85.6278787,19.966491],[85.6277575,19.9664735],[85.6276816,19.9664347],[85.6275871,19.9663771],[85.6274926,19.9663483],[85.6273927,19.9663546],[85.6272862,19.9663734],[85.627189,19.9663984],[85.6270258,19.9664583],[85.6269551,19.9664753],[85.6269025,19.9664668],[85.6268466,19.9664421],[85.6267875,19.966405],[85.6267014,19.9662989],[85.6265967,19.9661547],[85.6264895,19.9659655],[85.6263486,19.96572]]}},{"type":"Feature","properties":{"id":865200544,"highway":"residential"},"geometry":{"type":"LineString","coordinates":[[85.6366643,19.9741987],[85.6356811,19.9741049],[85.6353383,19.9740692],[85.6348131,19.9739848],[85.634677,19.9739396],[85.6345595,19.9738634],[85.6342804,19.9736315],[85.633443,19.9729851],[85.632544,19.972175],[85.6318244,19.9714931],[85.6300264,19.969719],[85.6298532,19.9695396],[85.6297523,19.9694298],[85.6296868,19.9693131],[85.6296646,19.9692079],[85.629664,19.968985],[85.6296204,19.9681084]]}},{"type":"Feature","properties":{"id":865200545,"highway":"residential"},"geometry":{"type":"LineString","coordinates":[[85.6242157,19.9660155],[85.6245084,19.9665892],[85.6247828,19.9670176],[85.6249018,19.9671939],[85.6250283,19.9674085],[85.6251344,19.9675626],[85.6252065,19.9676594],[85.6252567,19.9677671],[85.6252684,19.9678421],[85.6252755,19.9679551],[85.6252772,19.9680801],[85.6253081,19.9682317],[85.6253603,19.9683863],[85.625493,19.9687721],[85.6256217,19.9691858]]}},{"type":"Feature","properties":{"id":865200546,"highway":"residential"},"geometry":{"type":"LineString","coordinates":[[85.6274768,19.9686787],[85.6276633,19.9689081],[85.6276912,19.9689303],[85.6277605,19.9689701],[85.6277967,19.9689983],[85.6279793,19.9691712],[85.6280751,19.9692651],[85.6284902,19.9696193],[85.6285917,19.969693],[85.62864,19.9697157],[85.6287111,19.9697288],[85.6287823,19.9697157],[85.6288996,19.9696213],[85.6289959,19.9695401],[85.6291913,19.9693933],[85.6293337,19.969324],[85.6295053,19.9692576],[85.6296646,19.9692079]]}},{"type":"Feature","properties":{"id":865200547,"highway":"residential"},"geometry":{"type":"LineString","coordinates":[[85.6220791,19.9646962],[85.622482,19.9647473],[85.6225544,19.9647599],[85.622773,19.9648103],[85.62282,19.9648318],[85.622883,19.9648734],[85.6229058,19.9649124],[85.6229836,19.9651771],[85.6230412,19.9653435],[85.6230734,19.9653965],[85.6231351,19.9654822],[85.6231767,19.9655225],[85.6233918,19.965782],[85.6234583,19.9658862],[85.6236424,19.9661683],[85.6237141,19.9662436],[85.6239592,19.9664684],[85.6240179,19.9665312],[85.6241565,19.9667654]]}},{"type":"Feature","properties":{"id":865200548,"highway":"residential"},"geometry":{"type":"LineString","coordinates":[[85.6252567,19.9677671],[85.625696,19.9675936],[85.6261803,19.9673869],[85.626378,19.9672907],[85.6264991,19.9672122],[85.6265366,19.9671657],[85.6265571,19.9671224],[85.6265707,19.9670215],[85.6265434,19.9668131],[85.6264292,19.966616],[85.6263491,19.9664525],[85.6263371,19.9663788],[85.6263626,19.9663027],[85.6264292,19.966249],[85.6265967,19.9661547]]}},{"type":"Feature","properties":{"id":865200549,"highway":"residential"},"geometry":{"type":"LineString","coordinates":[[85.6374734,19.9774402],[85.6369668,19.9777143],[85.6362602,19.9780402],[85.6354253,19.9784041],[85.6348766,19.9786732],[85.6345958,19.9788267],[85.6343004,19.979025],[85.6336948,19.9794717],[85.633045,19.9799158],[85.632491,19.9802401],[85.6318361,19.9805531],[85.6317773,19.9805802],[85.6305501,19.9810574]]}},{"type":"Feature","properties":{"id":865200553,"highway":"residential"},"geometry":{"type":"LineString","coordinates":[[85.6165109,19.9671683],[85.6165431,19.9670515],[85.6165423,19.9669363],[85.6164974,19.9666174],[85.6164874,19.9665176],[85.6164874,19.9664365],[85.6165014,19.966398],[85.6165327,19.9663788],[85.6166168,19.9663636],[85.6167321,19.9663494],[85.616813,19.9663534],[85.6168734,19.9663697],[85.6169197,19.966399],[85.6170002,19.966479],[85.6170286,19.9665439],[85.6170653,19.9666909],[85.6170494,19.9669675],[85.6170259,19.9672672],[85.6169848,19.9674667],[85.616927,19.9676296],[85.616843,19.9678294],[85.6168005,19.9679801],[85.6167824,19.9681293],[85.6168231,19.9683314],[85.6169123,19.9685334],[85.617041,19.9687579],[85.6172514,19.9691297],[85.6174647,19.9694858],[85.617591,19.9696485],[85.617766,19.9698399],[85.6179326,19.9700142],[85.6181532,19.9701553],[85.6192808,19.9707581]]}},{"type":"Feature","properties":{"id":865201972,"highway":"residential"},"geometry":{"type":"LineString","coordinates":[[85.6225748,19.9752337],[85.6224772,19.9750293],[85.622463,19.9749739],[85.622463,19.974928],[85.6224711,19.9748535],[85.6224711,19.9747886],[85.6224589,19.9747274],[85.6224096,19.9745904],[85.622397,19.9745177],[85.6223976,19.9744537],[85.6224022,19.9741351],[85.6223553,19.973774],[85.6222702,19.973585],[85.6221609,19.9733651],[85.6220148,19.9730895],[85.6219315,19.9728728],[85.6218449,19.9725836],[85.6217547,19.9722947],[85.6216072,19.9718022],[85.6213926,19.9714019],[85.621127,19.9708855],[85.6209721,19.9706017]]}},{"type":"Feature","properties":{"id":865201973,"highway":"residential"},"geometry":{"type":"LineString","coordinates":[[85.6224022,19.9741351],[85.6220362,19.9741928],[85.6219405,19.9742185],[85.621807,19.9742709],[85.6217154,19.9743428],[85.6216179,19.9744148],[85.6215425,19.9744497],[85.6213986,19.9744802]]}},{"type":"Feature","properties":{"id":865201975,"highway":"residential"},"geometry":{"type":"LineString","coordinates":[[85.6165431,19.9670515],[85.6170494,19.9669675]]}},{"type":"Feature","properties":{"id":865619084,"highway":"unclassified"},"geometry":{"type":"LineString","coordinates":[[85.5835904,19.9464598],[85.5838984,19.9463832],[85.5841184,19.9463075],[85.58429,19.9462067],[85.5844456,19.9460907],[85.5846924,19.9458537],[85.5851966,19.9452133],[85.5856526,19.9446737],[85.5859369,19.944356],[85.5861407,19.9441745],[85.5862588,19.9440938],[85.5863982,19.9440182],[85.5865432,19.9439596],[85.5866734,19.9439273],[85.5868307,19.9439165],[85.5870016,19.9439357],[85.5873942,19.9440069],[85.5876255,19.944069],[85.5877383,19.9441503],[85.5878281,19.9442513],[85.5879342,19.9444049],[85.5880007,19.944492],[85.5880528,19.9445406],[85.5881277,19.9445705],[85.5882438,19.944576],[85.5884499,19.9445449],[85.5885521,19.9445165],[85.588657,19.9444673],[85.588775,19.9443919],[85.5888317,19.944331],[85.588856,19.944274],[85.5888722,19.9441941],[85.5888803,19.9440951],[85.5888843,19.9440381],[85.5889045,19.9439924],[85.588945,19.9439543],[85.5889936,19.9439353],[85.5890624,19.9439201],[85.5895077,19.9438859],[85.5896939,19.9438859],[85.5898315,19.9438935],[85.5901675,19.9439315],[85.5903132,19.943962],[85.5904508,19.9440342],[85.5905874,19.9441314],[85.5908909,19.9444176],[85.5914621,19.9450378],[85.5920522,19.9457039],[85.5923581,19.9460239],[85.5925799,19.9461884],[85.5927765,19.9462912],[85.5932642,19.9465133],[85.5934772,19.9465692],[85.5937963,19.9466255],[85.5940696,19.9466474],[85.5942788,19.9466737],[85.5945185,19.9467293],[85.5947832,19.9467938],[85.5949833,19.946833],[85.5952503,19.9468588],[85.5955343,19.9469092],[85.5957264,19.9469493],[85.5959185,19.9469893],[85.5960488,19.9469971],[85.5961698,19.9469663],[85.5962888,19.9469041],[85.5964345,19.9467992],[85.5968099,19.9465268],[85.5970815,19.9463647],[85.5973833,19.9461993],[85.5975796,19.9461029],[85.5977623,19.9460339],[85.597905,19.9460066],[85.5980846,19.946006],[85.5983588,19.9460507],[85.5986774,19.9461349],[85.598948,19.9462288],[85.5991816,19.9463416],[85.5995232,19.9465519],[85.6000232,19.9470174],[85.6007079,19.9477273],[85.6012309,19.9484221],[85.6020089,19.9497154],[85.6022179,19.950093],[85.6025076,19.9505873],[85.6027222,19.9508899],[85.6029689,19.951263],[85.6033391,19.9517219],[85.6034786,19.9519236],[85.6036556,19.9522352],[85.6038219,19.9525508],[85.6043423,19.9535624],[85.6044227,19.9537136],[85.6046544,19.9541865],[85.6048122,19.9544921],[85.6048974,19.9546075],[85.6050145,19.9547356],[85.6055816,19.9553329],[85.6060267,19.9558718],[85.6069328,19.9567549],[85.6072766,19.9570819],[85.6075861,19.9573899],[85.6082578,19.9579729],[85.6086891,19.9583408],[85.6088216,19.9584485],[85.6089288,19.9585443],[85.6091201,19.9587248],[85.6094666,19.9591279],[85.6095041,19.9591796],[85.6097348,19.9595338],[85.6097697,19.959593],[85.609877,19.9598237],[85.6099038,19.959893],[85.6100768,19.9604199],[85.6101921,19.9608157],[85.6102042,19.9608775],[85.6101988,19.9611057],[85.6101935,19.9611561],[85.6100567,19.9617864],[85.6098877,19.9624154],[85.6098729,19.9624784],[85.6098032,19.9628868],[85.6097978,19.9629549],[85.6097777,19.9633343],[85.6097764,19.9633998],[85.6097522,19.9638108],[85.6097536,19.9638738],[85.6097616,19.9639192],[85.6098327,19.9640629],[85.6098703,19.9641246],[85.6100567,19.9644687],[85.6102082,19.9647725],[85.6102431,19.9648444],[85.6104764,19.9652591],[85.6105059,19.9653158],[85.6106535,19.9656549],[85.6106722,19.9657015],[85.6107447,19.9658629],[85.6107688,19.9659057],[85.6107943,19.965941],[85.6111846,19.9663171],[85.61134,19.9664804],[85.6114841,19.9666102],[85.6116497,19.9667095],[85.6118877,19.9668449],[85.6123098,19.9671416],[85.612617,19.9673464],[85.6128514,19.9674795],[85.6129381,19.9675447],[85.6130231,19.9676539],[85.6131843,19.9678189],[85.6133452,19.9679549],[85.6138473,19.9683152],[85.6143786,19.9686786],[85.6147515,19.9689575],[85.6149549,19.9691325],[85.6151374,19.9693223],[85.6152472,19.9694756],[85.6153059,19.9696344],[85.6153283,19.9698289],[85.6153312,19.9701044],[85.6153149,19.9708318],[85.6153318,19.9710982],[85.6153623,19.9713691],[85.6153902,19.9715642],[85.615429,19.9717403],[85.6155262,19.9721816]]}},{"type":"Feature","properties":{"id":865619086,"highway":"residential"},"geometry":{"type":"LineString","coordinates":[[85.615429,19.9717403],[85.6150088,19.9721279],[85.6149102,19.9721945],[85.6147777,19.9722814],[85.6146884,19.9723292],[85.614371,19.9724812],[85.6143325,19.9725102],[85.6142552,19.9726068]]}},{"type":"Feature","properties":{"id":865629003,"highway":"residential"},"geometry":{"type":"LineString","coordinates":[[85.6280675,19.9911301],[85.6285352,19.9908985]]}},{"type":"Feature","properties":{"id":865629004,"highway":"residential"},"geometry":{"type":"LineString","coordinates":[[85.6283713,19.9904888],[85.6284514,19.9907031],[85.6285069,19.9908421],[85.6285352,19.9908985],[85.6285488,19.9909256],[85.6287411,19.991233]]}},{"type":"Feature","properties":{"id":865629005,"highway":"residential"},"geometry":{"type":"LineString","coordinates":[[85.6128521,19.9916065],[85.612977,19.9921304]]}},{"type":"Feature","properties":{"id":865629006,"highway":"residential"},"geometry":{"type":"LineString","coordinates":[[85.6139058,19.992879],[85.6141131,19.9928246],[85.6143085,19.9927688],[85.6147167,19.9925691],[85.6148934,19.9924877],[85.6151169,19.9924101],[85.6153231,19.9923622],[85.6155071,19.9923492],[85.615694,19.9923777],[85.6158832,19.992389],[85.6161741,19.9923706],[85.6165,19.9923166],[85.6168164,19.992206]]}},{"type":"Feature","properties":{"id":865629007,"highway":"residential"},"geometry":{"type":"LineString","coordinates":[[85.6281972,19.9860371],[85.6285485,19.986082],[85.6286409,19.9860921],[85.6287608,19.986097]]}},{"type":"Feature","properties":{"id":865629008,"highway":"residential"},"geometry":{"type":"LineString","coordinates":[[85.628119,19.9834107],[85.6280681,19.9833575]]}},{"type":"Feature","properties":{"id":865629009,"highway":"residential"},"geometry":{"type":"LineString","coordinates":[[85.6285865,19.983869],[85.628119,19.9834107]]}},{"type":"Feature","properties":{"id":865629010,"highway":"residential"},"geometry":{"type":"LineString","coordinates":[[85.6290779,19.9821698],[85.6290284,19.9822529],[85.6289541,19.9823161],[85.6285537,19.9825205]]}},{"type":"Feature","properties":{"id":865629011,"highway":"residential"},"geometry":{"type":"LineString","coordinates":[[85.6256217,19.9691858],[85.6258596,19.969798],[85.625899,19.9698857],[85.625929,19.9699187],[85.6259774,19.9699361],[85.6260346,19.9699353],[85.6262185,19.9698671],[85.6270889,19.9695493],[85.6275388,19.9693691],[85.6279793,19.9691712]]}},{"type":"Feature","properties":{"id":865629012,"highway":"residential"},"geometry":{"type":"LineString","coordinates":[[85.6261158,19.9661722],[85.6260122,19.9659945],[85.6259735,19.9659544],[85.6258902,19.96592],[85.6258556,19.9658952],[85.6258259,19.9658527]]}},{"type":"Feature","properties":{"id":866180891,"highway":"unclassified"},"geometry":{"type":"LineString","coordinates":[[85.6248651,19.8986551],[85.624951,19.8991507],[85.6249604,19.8992087],[85.6250878,19.8998607],[85.6250958,19.8999225],[85.6251964,19.9005618],[85.6252085,19.9006148],[85.6252795,19.9009212],[85.625364,19.9012428],[85.6253828,19.9012982],[85.6255491,19.9017056],[85.6255813,19.9017623],[85.6257382,19.9020977],[85.6257503,19.9021507],[85.6257543,19.9021873],[85.6257704,19.9023852],[85.6257744,19.9027484],[85.6257597,19.9033184],[85.625765,19.9038013],[85.6257597,19.904017],[85.6257422,19.9046664],[85.6257409,19.904713],[85.6257047,19.9052389],[85.6257007,19.9052893],[85.6256953,19.9058757],[85.6256926,19.9059412],[85.6256631,19.9062023],[85.6256537,19.9062363],[85.6256282,19.9062691],[85.6252903,19.9065969],[85.6252635,19.9066234],[85.6252353,19.9066385],[85.625191,19.906636],[85.6250569,19.9065793],[85.6250113,19.9065566],[85.62444,19.9063687],[85.6243663,19.9063523],[85.6239358,19.9062647],[85.6238902,19.906259],[85.6238144,19.9062609],[85.6237781,19.9062628],[85.6237146,19.906271]]}},{"type":"Feature","properties":{"id":866240932,"highway":"residential"},"geometry":{"type":"LineString","coordinates":[[85.642105,19.9087368],[85.6419984,19.9086429],[85.6419575,19.908593],[85.6419307,19.9085552],[85.6417148,19.9082438],[85.6416517,19.9081643],[85.6416209,19.9081227],[85.6415766,19.9080861],[85.6413138,19.907931],[85.6412682,19.9079096],[85.6411153,19.9078655],[85.6410442,19.9078478],[85.6407277,19.907728],[85.6406754,19.907699],[85.6404045,19.9075477],[85.6403629,19.9075174],[85.6402168,19.9073611],[85.6401819,19.907327],[85.6400491,19.9071732],[85.6400116,19.9071341],[85.6398198,19.9069374],[85.6397836,19.9069084],[85.6396079,19.9067218],[85.6395704,19.9066764],[85.6393598,19.9063586],[85.6391855,19.9061253],[85.6391506,19.9060837],[85.6389414,19.9057496],[85.6386302,19.9052149],[85.6386021,19.9051695],[85.6385712,19.9051343],[85.6382091,19.9048],[85.6378926,19.9044407],[85.6378631,19.9044066],[85.6376727,19.9042036],[85.6376512,19.9041683],[85.637375,19.9036929],[85.6373455,19.9036689],[85.6372261,19.9036109],[85.6371979,19.9035895],[85.6367929,19.9030737],[85.6367648,19.903046],[85.6367245,19.9030132],[85.6365515,19.9028947],[85.6365167,19.9028732],[85.6362055,19.9027358],[85.6361586,19.902703],[85.6360137,19.9025744],[85.6359695,19.9025315],[85.6357884,19.9023411],[85.6357549,19.9022932],[85.6355926,19.9020536],[85.6355551,19.9020019],[85.6354411,19.9018796],[85.6354022,19.9018417],[85.6352641,19.9016551],[85.6352265,19.9016248],[85.6350294,19.901529],[85.6349382,19.9014814],[85.6348925,19.9014448],[85.6347315,19.9012412],[85.6346999,19.9012075],[85.6345463,19.9011185],[85.6345147,19.9010947],[85.6343211,19.9009008],[85.6343001,19.9008751],[85.6342559,19.9007762],[85.6342411,19.9007544],[85.6342138,19.9007445],[85.6341822,19.9007465],[85.6335341,19.9010354],[85.6334941,19.9010472],[85.6334604,19.9010433],[85.6334309,19.9010215],[85.6331363,19.9005189],[85.6331195,19.9004793],[85.6330269,19.9002577],[85.6330227,19.9002261],[85.633029,19.9001984],[85.63305,19.9001707],[85.63317,19.9000915],[85.6331931,19.9000697],[85.6331994,19.9000361],[85.6331994,19.899951],[85.6331952,19.8999154],[85.6331331,19.8996602]]}},{"type":"Feature","properties":{"id":866586110,"highway":"residential"},"geometry":{"type":"LineString","coordinates":[[85.692257,19.899978],[85.6922154,19.9001412],[85.6921819,19.9002497],[85.6920974,19.9005769],[85.6920887,19.9006097],[85.6919921,19.9010542],[85.6919841,19.9010895],[85.6918922,19.9015044],[85.6918855,19.9015309],[85.6918158,19.9018159],[85.691805,19.9018525],[85.6917466,19.9020275]]}},{"type":"Feature","properties":{"id":866821184,"highway":"tertiary"},"geometry":{"type":"LineString","coordinates":[[85.6401285,19.9867288],[85.6400657,19.9866643],[85.6400148,19.9866111],[85.6398996,19.9865032],[85.6398517,19.9864417],[85.6398212,19.9864028],[85.6398009,19.9863574],[85.6397899,19.9862978],[85.6397958,19.9859048],[85.6397992,19.9852429],[85.6397997,19.9849351],[85.6397628,19.9844797],[85.6397309,19.9840295],[85.6397055,19.9834163],[85.6396957,19.9829659],[85.639679,19.9825571],[85.6396714,19.9822349],[85.6396785,19.9821537],[85.6397022,19.9820436],[85.6397472,19.9819323],[85.6398099,19.9817999]]}},{"type":"Feature","properties":{"id":866821185,"highway":"tertiary"},"geometry":{"type":"LineString","coordinates":[[85.6402897,19.9868862],[85.6401285,19.9867288]]}},{"type":"Feature","properties":{"id":866821186,"highway":"tertiary"},"geometry":{"type":"LineString","coordinates":[[85.6461408,19.9965345],[85.6461081,19.9965239],[85.6460794,19.9965127],[85.6460498,19.9964857],[85.6459959,19.9964263],[85.6457078,19.9960934],[85.6453225,19.9956033],[85.6449808,19.9951802],[85.6447209,19.9947905],[85.6444714,19.9943487],[85.6443071,19.9940359],[85.6441809,19.9937316],[85.6438909,19.9930108],[85.6436688,19.9924243],[85.6434992,19.9919987],[85.6434319,19.9918298],[85.6432017,19.9913129],[85.6428477,19.9906933],[85.6426584,19.9903909],[85.6423691,19.9898924],[85.6421931,19.9895058],[85.6418918,19.9888439],[85.6417953,19.9886401],[85.6416634,19.9884598],[85.6415837,19.9883721],[85.6413184,19.9880944],[85.641173,19.9879055],[85.6409542,19.9875457],[85.6408098,19.9872852],[85.6407516,19.987222],[85.6406443,19.987144],[85.6404373,19.9870061],[85.6402897,19.9868862]]}},{"type":"Feature","properties":{"id":866821187,"highway":"tertiary"},"geometry":{"type":"LineString","coordinates":[[85.6462288,19.9965391],[85.6461408,19.9965345]]}},{"type":"Feature","properties":{"id":866821188,"highway":"tertiary"},"geometry":{"type":"LineString","coordinates":[[85.6485413,19.9996368],[85.6485346,19.9995786]]}},{"type":"Feature","properties":{"id":866821189,"highway":"tertiary"},"geometry":{"type":"LineString","coordinates":[[85.6485346,19.9995786],[85.6485292,19.9995498],[85.648506,19.9994694],[85.6484717,19.9993856],[85.6484195,19.9992751],[85.6481136,19.9986276],[85.6475657,19.9974466],[85.6475256,19.9973801],[85.6474792,19.9973328],[85.6474249,19.9972988],[85.6473683,19.9972759],[85.647314,19.9972515],[85.6472582,19.9972256],[85.6470684,19.9970948],[85.6466198,19.9967902],[85.6463293,19.9966077],[85.64626,19.9965511],[85.6462288,19.9965391]]}},{"type":"Feature","properties":{"id":866824843,"highway":"residential"},"geometry":{"type":"LineString","coordinates":[[85.6434992,19.9919987],[85.643533,19.9919878]]}},{"type":"Feature","properties":{"id":866824844,"highway":"residential"},"geometry":{"type":"LineString","coordinates":[[85.6454269,19.9955202],[85.6453594,19.9955739]]}},{"type":"Feature","properties":{"id":866824845,"highway":"residential"},"geometry":{"type":"LineString","coordinates":[[85.6453594,19.9955739],[85.6453225,19.9956033]]}},{"type":"Feature","properties":{"id":866824846,"highway":"residential"},"geometry":{"type":"LineString","coordinates":[[85.6458264,19.9942509],[85.6458473,19.9942873]]}},{"type":"Feature","properties":{"id":866824847,"highway":"residential"},"geometry":{"type":"LineString","coordinates":[[85.6458473,19.9942873],[85.6458914,19.9943773],[85.6459117,19.9944551],[85.6459054,19.9945066],[85.6458672,19.9945629],[85.6457499,19.9946515],[85.6456892,19.9947076],[85.6456529,19.9947531],[85.6456375,19.9947965],[85.645643,19.9948523],[85.6456639,19.994905],[85.6457563,19.9950456],[85.6457728,19.99509],[85.6457783,19.9951397],[85.6457618,19.9951996],[85.6457409,19.9952451],[85.6456672,19.9953288],[85.6454269,19.9955202]]}},{"type":"Feature","properties":{"id":866824848,"highway":"residential"},"geometry":{"type":"LineString","coordinates":[[85.6454735,19.9935429],[85.6453303,19.9936159],[85.6452483,19.9936698],[85.6451942,19.9937114],[85.6451378,19.9937443],[85.6450639,19.9937658],[85.645003,19.9937693],[85.6449222,19.9937615],[85.6448293,19.9937271]]}},{"type":"Feature","properties":{"id":866824849,"highway":"residential"},"geometry":{"type":"LineString","coordinates":[[85.6421931,19.9895058],[85.6422194,19.9894975]]}},{"type":"Feature","properties":{"id":866824850,"highway":"residential"},"geometry":{"type":"LineString","coordinates":[[85.6422194,19.9894975],[85.642296,19.9894733]]}},{"type":"Feature","properties":{"id":866824851,"highway":"residential"},"geometry":{"type":"LineString","coordinates":[[85.642296,19.9894733],[85.6425432,19.9893953],[85.6426433,19.989376],[85.6427214,19.9893786],[85.6427708,19.9894005],[85.6428284,19.9894572],[85.6430505,19.9897922],[85.6431506,19.9899584],[85.6432315,19.9901614],[85.6433124,19.9904159]]}},{"type":"Feature","properties":{"id":866824852,"highway":"residential"},"geometry":{"type":"LineString","coordinates":[[85.6416363,19.9882704],[85.6416955,19.9881123],[85.6417744,19.9879884],[85.6418347,19.9879211],[85.6419155,19.9878433],[85.6419329,19.9878126],[85.641942,19.9877675],[85.6419339,19.9877214],[85.6419073,19.987658],[85.6417111,19.9872306],[85.6416559,19.9871307],[85.6415915,19.9870586],[85.6415167,19.9869903],[85.6414372,19.9869001],[85.6413222,19.9867046]]}},{"type":"Feature","properties":{"id":866824853,"highway":"residential"},"geometry":{"type":"LineString","coordinates":[[85.6413222,19.9867046],[85.6410971,19.9863389]]}},{"type":"Feature","properties":{"id":866824854,"highway":"residential"},"geometry":{"type":"LineString","coordinates":[[85.6410971,19.9863389],[85.6409953,19.98615]]}},{"type":"Feature","properties":{"id":866824856,"highway":"unclassified"},"geometry":{"type":"LineString","coordinates":[[85.6408832,19.9672569],[85.6409681,19.9671956],[85.6410095,19.9671793],[85.6410559,19.9671737],[85.6411111,19.9671894],[85.6419319,19.9677626],[85.6420947,19.9678868],[85.6422586,19.9680656],[85.6423909,19.9682967],[85.6424746,19.9685253],[85.6426857,19.9694527],[85.6427771,19.9697473],[85.6428786,19.9700531],[85.6431333,19.9705927],[85.6434147,19.9711849],[85.6435621,19.9714419],[85.6437999,19.9717864],[85.6441148,19.9723221],[85.6442175,19.9725158],[85.6443826,19.9728962],[85.6446284,19.9733529],[85.6451058,19.9742078],[85.6456956,19.975087],[85.6458195,19.9753169],[85.6463798,19.9763053],[85.6467035,19.9769573],[85.6470645,19.9777295],[85.6472846,19.978154],[85.6475131,19.9785832],[85.6476304,19.9787506],[85.6477837,19.9789322]]}},{"type":"Feature","properties":{"id":866824859,"highway":"unclassified"},"geometry":{"type":"LineString","coordinates":[[85.6535795,19.9931383],[85.6535386,19.9931473],[85.6535107,19.9931626],[85.6534648,19.9931909],[85.6533794,19.9932462],[85.6532115,19.993349],[85.6522517,19.993948],[85.6513177,19.9945549],[85.6504814,19.9950576],[85.6497066,19.9955657],[85.6489971,19.9960378],[85.6488331,19.996165],[85.6486154,19.996342],[85.6482664,19.9966061],[85.6481321,19.9967025],[85.6480904,19.9967453],[85.6480495,19.9968143],[85.6480125,19.9968585],[85.6479739,19.9968904],[85.6478805,19.9969405],[85.6477716,19.9969862],[85.6476064,19.9970486],[85.6475516,19.997079],[85.647506,19.9971269],[85.647469,19.9971915],[85.6474249,19.9972988]]}},{"type":"Feature","properties":{"id":866829909,"highway":"unclassified"},"geometry":{"type":"LineString","coordinates":[[85.6414039,19.9998893],[85.64143,19.999972]]}},{"type":"Feature","properties":{"id":866829910,"highway":"unclassified"},"geometry":{"type":"LineString","coordinates":[[85.6413935,19.9998462],[85.6414039,19.9998893]]}},{"type":"Feature","properties":{"id":866832104,"highway":"unclassified"},"geometry":{"type":"LineString","coordinates":[[85.640147,19.9866339],[85.6403024,19.9865458],[85.6405913,19.9864005],[85.6407646,19.9863118],[85.6408973,19.9862399],[85.6409666,19.9861893],[85.6409953,19.98615],[85.6410025,19.9861051],[85.6409893,19.9860489],[85.6408925,19.9857961],[85.6408363,19.9856894],[85.6407706,19.9855861],[85.6406989,19.9854827],[85.6406138,19.9853394],[85.6405877,19.9852805],[85.6405184,19.9851008],[85.6404634,19.984884],[85.6404203,19.9847009],[85.6403976,19.9845818],[85.6403905,19.9843852],[85.6404023,19.9841607],[85.6404673,19.9838517],[85.6405119,19.9836108],[85.6405138,19.9835165],[85.6404878,19.9834083],[85.6403875,19.9829317],[85.6403392,19.9827571],[85.6402797,19.9826245],[85.6401683,19.9824656],[85.6400215,19.9822334],[85.6399714,19.9821391],[85.6399342,19.9820187],[85.639925,19.9819372],[85.6399125,19.9818385],[85.6399012,19.9817745],[85.6398703,19.9817065]]}},{"type":"Feature","properties":{"id":866832105,"highway":"residential"},"geometry":{"type":"LineString","coordinates":[[85.6364279,19.9889742],[85.636436,19.9889917]]}},{"type":"Feature","properties":{"id":866832106,"highway":"unclassified"},"geometry":{"type":"LineString","coordinates":[[85.644435,19.9995474],[85.6443735,19.9994685]]}},{"type":"Feature","properties":{"id":866832107,"highway":"unclassified"},"geometry":{"type":"LineString","coordinates":[[85.6443735,19.9994685],[85.6441482,19.9992618],[85.6440222,19.9991834],[85.6438817,19.9991305],[85.6437289,19.999096],[85.6435894,19.9990891],[85.6434654,19.9991161],[85.6431863,19.9992062],[85.6426298,19.9993922],[85.6417503,19.9996985],[85.6414091,19.999808],[85.641397,19.9998238],[85.6413935,19.9998462]]}},{"type":"Feature","properties":{"id":866832109,"highway":"residential"},"geometry":{"type":"LineString","coordinates":[[85.636436,19.9889917],[85.6364781,19.9890818]]}},{"type":"Feature","properties":{"id":866832110,"highway":"residential"},"geometry":{"type":"LineString","coordinates":[[85.6359894,19.992051],[85.6360892,19.9920172],[85.6362692,19.9919563],[85.6374325,19.9915623],[85.6379782,19.9913793]]}},{"type":"Feature","properties":{"id":866832111,"highway":"residential"},"geometry":{"type":"LineString","coordinates":[[85.6380517,19.9913435],[85.6380737,19.9913328],[85.6371203,19.9902081],[85.6368745,19.9898903],[85.6367862,19.9897424],[85.6364781,19.9890818]]}},{"type":"Feature","properties":{"id":866832112,"highway":"residential"},"geometry":{"type":"LineString","coordinates":[[85.6379782,19.9913793],[85.6380517,19.9913435]]}},{"type":"Feature","properties":{"id":866832113,"highway":"residential"},"geometry":{"type":"LineString","coordinates":[[85.6361598,19.9896671],[85.6361988,19.9897853],[85.6362177,19.9898599],[85.636223,19.9900116],[85.6362257,19.9901691],[85.6361771,19.9911686],[85.6361634,19.9914656],[85.6361707,19.9915596],[85.636202,19.9917418],[85.6362692,19.9919563]]}},{"type":"Feature","properties":{"id":866837467,"highway":"residential"},"geometry":{"type":"LineString","coordinates":[[85.6484195,19.9992751],[85.6487641,19.9991294],[85.6488106,19.9991045],[85.648829,19.9990795],[85.6488348,19.9990558],[85.6488334,19.9990272],[85.6487943,19.9989233],[85.6486729,19.9985828]]}},{"type":"Feature","properties":{"id":866837468,"highway":"residential"},"geometry":{"type":"LineString","coordinates":[[85.648829,19.9990795],[85.6489431,19.9991016],[85.6489992,19.9991346],[85.6490284,19.9991719],[85.649055,19.9992473],[85.6491727,19.9995646],[85.6492053,19.9996703],[85.6492355,19.9997869]]}},{"type":"Feature","properties":{"id":866840136,"highway":"residential"},"geometry":{"type":"LineString","coordinates":[[85.643533,19.9919878],[85.6435928,19.9919685]]}},{"type":"Feature","properties":{"id":866840137,"highway":"residential"},"geometry":{"type":"LineString","coordinates":[[85.6435928,19.9919685],[85.6443861,19.9917117],[85.6445252,19.9916609],[85.6445875,19.99166],[85.6446405,19.9916834],[85.6447059,19.9917331],[85.6447526,19.9918122],[85.6449248,19.9921594],[85.6451977,19.992608],[85.6452497,19.9927282],[85.6452947,19.992885],[85.6454013,19.9932644],[85.6454451,19.9934635],[85.6454735,19.9935429],[85.6455658,19.9937716],[85.6456866,19.9940253],[85.6458264,19.9942509]]}},{"type":"Feature","properties":{"id":866842934,"highway":"primary"},"geometry":{"type":"LineString","coordinates":[[85.6404738,19.9664689],[85.6404152,19.9664723],[85.640316,19.966488],[85.6401523,19.9665138],[85.63853,19.9667608],[85.6380453,19.9668343],[85.6370154,19.9669996],[85.6348111,19.9673058],[85.6338052,19.9674682],[85.6327605,19.9675952],[85.6318246,19.9677427],[85.6297787,19.968085],[85.6296204,19.9681084],[85.6284399,19.9684296],[85.6274768,19.9686787],[85.6271735,19.9687571],[85.6258516,19.9691163],[85.6256217,19.9691858],[85.6245821,19.9694797],[85.623372,19.9698226],[85.6225294,19.9701153],[85.621689,19.9703962]]}},{"type":"Feature","properties":{"id":866842935,"highway":"primary"},"geometry":{"type":"LineString","coordinates":[[85.640846,19.966436],[85.6404738,19.9664689]]}},{"type":"Feature","properties":{"id":866845226,"highway":"tertiary"},"geometry":{"type":"LineString","coordinates":[[85.6320947,19.9535988],[85.6322452,19.9539104],[85.6322627,19.9539633],[85.6323646,19.954702],[85.632382,19.954765],[85.6324585,19.9550033],[85.632665,19.9555453],[85.6326999,19.955621],[85.6328246,19.9559033],[85.6328581,19.9559601],[85.6329855,19.9561252],[85.6330325,19.9561693],[85.6333007,19.9563597],[85.6333624,19.9564126],[85.6335287,19.9565639],[85.6335863,19.9566105],[85.6337365,19.9567008],[85.6338197,19.9567366],[85.6342489,19.9569295],[85.6343199,19.956966],[85.6345012,19.9570709],[85.6345828,19.9571097],[85.6349744,19.9572181],[85.6350522,19.9572509],[85.6354438,19.9574186],[85.6355135,19.9574475],[85.6357348,19.957503],[85.6358099,19.9575219],[85.6359386,19.9575761],[85.6359802,19.9576076],[85.6361586,19.9577854],[85.6364067,19.958069],[85.636577,19.9582442],[85.6366146,19.9582909],[85.6367031,19.9584287],[85.6367366,19.9584888],[85.6368364,19.9587309],[85.6368667,19.9588014],[85.6371365,19.9594019],[85.6371738,19.9594808],[85.6372905,19.9597115],[85.6373334,19.9597834],[85.6376091,19.9602037],[85.6376459,19.9602636],[85.6381917,19.9610943],[85.6382427,19.9611637],[85.6384264,19.9613943],[85.6384774,19.9614662],[85.6388421,19.9620914],[85.6391224,19.9625666],[85.6391358,19.9626107],[85.6391425,19.9626624],[85.6391425,19.9627065],[85.6391184,19.9628578],[85.6391171,19.9629082],[85.6391358,19.9629813],[85.6391533,19.9630255],[85.6393035,19.9633355],[85.6394523,19.9636545],[85.6394765,19.9637175],[85.6396481,19.964175],[85.6397769,19.9645582],[85.639876,19.9648688],[85.6398936,19.964925],[85.6399459,19.9652364],[85.6399673,19.9653133],[85.6400746,19.9657217],[85.6401001,19.9657885],[85.6404152,19.9664723]]}},{"type":"Feature","properties":{"id":866845227,"highway":"tertiary"},"geometry":{"type":"LineString","coordinates":[[85.6398099,19.9817999],[85.6398501,19.9817599]]}},{"type":"Feature","properties":{"id":866845228,"highway":"tertiary"},"geometry":{"type":"LineString","coordinates":[[85.6398501,19.9817599],[85.6398703,19.9817065],[85.6398772,19.9816059],[85.6398515,19.9814438],[85.6398048,19.9812488],[85.6397805,19.9811597],[85.639742,19.9810616],[85.6393077,19.980397],[85.6388264,19.9797424],[85.6387215,19.9795663],[85.6384261,19.9790319],[85.6382578,19.9786707],[85.6381911,19.9784751],[85.6381529,19.978293],[85.6381244,19.9781781],[85.6380807,19.978078],[85.6379528,19.9779109],[85.6376574,19.9776139],[85.6375494,19.9775094],[85.6374734,19.9774402],[85.6374276,19.9773816],[85.6373954,19.9773377],[85.6373207,19.9771974],[85.6372905,19.9771288],[85.6372604,19.9770377],[85.6372604,19.9769646],[85.637281,19.976866],[85.6373318,19.976769],[85.6373588,19.9766944],[85.6373509,19.9766078],[85.6372536,19.9763842],[85.6370637,19.9759634],[85.6369612,19.9756981],[85.6368983,19.9755145],[85.6367967,19.9752098],[85.6366459,19.9747417],[85.6365709,19.9744185],[85.6365926,19.9743008],[85.6366643,19.9741987],[85.6367072,19.9741485],[85.6367918,19.9740671],[85.6370223,19.9738678],[85.6371769,19.9736918],[85.6372513,19.973559],[85.6373084,19.9734096],[85.6373732,19.973233],[85.6379711,19.9713808],[85.6384712,19.9700432],[85.6386088,19.9697924],[85.6387656,19.9695787],[85.6390948,19.9692122],[85.6402607,19.9680217],[85.640485,19.9676849],[85.6405521,19.9676167],[85.6406203,19.9675619],[85.6406951,19.9675144],[85.640771,19.967472],[85.6408513,19.9674131],[85.6408898,19.9673603],[85.6408997,19.9673045],[85.6408832,19.9672569],[85.640783,19.9671542],[85.6401523,19.9665138]]}},{"type":"Feature","properties":{"id":866845229,"highway":"unclassified"},"geometry":{"type":"LineString","coordinates":[[85.6478404,19.9789869],[85.6480977,19.9791972],[85.6482525,19.9792932],[85.6483422,19.9793932],[85.6484067,19.9794964],[85.6489064,19.9804776],[85.6492689,19.9812097],[85.6494585,19.9815671],[85.6495132,19.9816755],[85.6495503,19.9817773],[85.6495617,19.9818612],[85.64956,19.9819457],[85.649567,19.9819958]]}},{"type":"Feature","properties":{"id":866845230,"highway":"unclassified"},"geometry":{"type":"LineString","coordinates":[[85.6477837,19.9789322],[85.6478404,19.9789869]]}},{"type":"Feature","properties":{"id":866845231,"highway":"unclassified"},"geometry":{"type":"LineString","coordinates":[[85.6496015,19.9820871],[85.6496345,19.9821793],[85.649671,19.9822618],[85.6499749,19.9828871],[85.6501124,19.9831619],[85.6502085,19.9833269],[85.6504212,19.9836485],[85.6506717,19.9840541],[85.6507255,19.9841667],[85.6507735,19.984307],[85.650873,19.984708],[85.651034,19.9851896],[85.6511132,19.9854669],[85.6512007,19.985891],[85.6513027,19.9862376],[85.651341,19.9863759],[85.6517437,19.9872029],[85.6518751,19.9875093],[85.6519176,19.9876137],[85.6520478,19.9879191],[85.652137,19.9880853],[85.6523495,19.9884487],[85.6527993,19.9891935],[85.6530612,19.9896574],[85.6531996,19.989888],[85.65343,19.9902192],[85.6542854,19.9914861],[85.6546535,19.9919791],[85.6546995,19.9920549],[85.6547241,19.9921097],[85.6547292,19.9921635],[85.6547138,19.9922144],[85.6546842,19.9922547],[85.6545176,19.9923949],[85.6542856,19.9925717],[85.6536468,19.9930038],[85.6535796,19.9930646],[85.6535514,19.9931075],[85.6535386,19.9931473],[85.6535592,19.9932505],[85.653608,19.9935775],[85.6536709,19.9940051],[85.6537741,19.9943],[85.6541362,19.9951024],[85.6542906,19.9954239],[85.654708,19.996242],[85.6548686,19.9965488],[85.6552269,19.997237],[85.6552772,19.9973381],[85.6553089,19.9974227],[85.6553548,19.9975711],[85.6554192,19.9979094],[85.6554298,19.9979956],[85.6554298,19.9980877],[85.6554051,19.9982162],[85.6553363,19.9985313],[85.6553142,19.9986739],[85.6553036,19.9988049],[85.6552957,19.9989649],[85.6553036,19.9990967],[85.6553689,19.9994831],[85.6553969,19.9996641],[85.6554033,19.9997695],[85.6553905,19.9998449],[85.6553612,19.9999107],[85.6552962,20.0000005],[85.6551905,20.0000975],[85.655114,20.000149],[85.6549739,20.0002065],[85.6548376,20.0002735],[85.6547344,20.0003477],[85.6546263,20.0004428],[85.6545679,20.0005149],[85.6544872,20.0006255],[85.6544503,20.0007117],[85.6544133,20.0008362],[85.6543573,20.00109],[85.6543305,20.001193],[85.6542838,20.0013184],[85.6542215,20.0014159],[85.6540179,20.0016753],[85.6538108,20.0019456],[85.6535353,20.0022674],[85.6529901,20.0028343],[85.6527864,20.0030541],[85.6526126,20.0032646],[85.6524604,20.0034925]]}},{"type":"Feature","properties":{"id":866845232,"highway":"unclassified"},"geometry":{"type":"LineString","coordinates":[[85.649567,19.9819958],[85.6496015,19.9820871]]}},{"type":"Feature","properties":{"id":866852416,"highway":"residential"},"geometry":{"type":"LineString","coordinates":[[85.6543219,19.9672824],[85.6543101,19.9672988]]}},{"type":"Feature","properties":{"id":866852417,"highway":"residential"},"geometry":{"type":"LineString","coordinates":[[85.6543101,19.9672988],[85.6542784,19.9673428]]}},{"type":"Feature","properties":{"id":866852418,"highway":"residential"},"geometry":{"type":"LineString","coordinates":[[85.6542784,19.9673428],[85.6542651,19.9673618],[85.6541952,19.9674583],[85.6541436,19.9675102],[85.6540909,19.967544],[85.6540369,19.9675676],[85.653989,19.9675609],[85.6539398,19.9675293],[85.6538835,19.9674583],[85.6538559,19.967411],[85.6538128,19.9673817],[85.6537672,19.9673817],[85.6537145,19.9674054],[85.6533668,19.9676488],[85.6532565,19.9677288],[85.6532002,19.9677862],[85.653181,19.9678358],[85.6531738,19.9679034],[85.653181,19.9679812],[85.6532002,19.9680612],[85.6532217,19.9681445],[85.6532241,19.9681997],[85.653205,19.9682527],[85.6531702,19.9682955],[85.6531067,19.9683259],[85.6524805,19.9685311],[85.6523966,19.9685687],[85.6523592,19.9686087],[85.6523218,19.9686548],[85.6522741,19.9686863],[85.6522134,19.9686985],[85.6521489,19.96869],[85.6520341,19.9686499],[85.6519412,19.9686172],[85.6518702,19.9686099],[85.6518057,19.9686124],[85.6512987,19.9688136]]}},{"type":"Feature","properties":{"id":866852419,"highway":"residential"},"geometry":{"type":"LineString","coordinates":[[85.6542651,19.9673618],[85.6544044,19.9674559],[85.6544481,19.9674895],[85.6544884,19.9675247],[85.6545035,19.9675592],[85.6545053,19.9675986],[85.6545027,19.9676423],[85.6545143,19.9676868],[85.6545393,19.9677162],[85.6548645,19.9680874]]}},{"type":"Feature","properties":{"id":866852420,"highway":"residential"},"geometry":{"type":"LineString","coordinates":[[85.6406138,19.9853394],[85.6402245,19.9855116],[85.6401543,19.9855504],[85.6400923,19.9856105],[85.6400407,19.9856891],[85.6400067,19.985757],[85.6399901,19.9858424],[85.6399829,19.9859181],[85.6399932,19.9860034],[85.6400593,19.986114],[85.6401295,19.9862072],[85.6401842,19.9863197],[85.6402243,19.9863964],[85.6403024,19.9865458]]}},{"type":"Feature","properties":{"id":866874453,"highway":"unclassified"},"geometry":{"type":"LineString","coordinates":[[85.6401034,19.9866541],[85.640147,19.9866339]]}},{"type":"Feature","properties":{"id":866874454,"highway":"unclassified"},"geometry":{"type":"LineString","coordinates":[[85.6361779,19.9890533],[85.6364279,19.9889742],[85.6366366,19.988898],[85.6367971,19.9888198],[85.6370083,19.9886937],[85.6371607,19.9885836],[85.6372824,19.9884821],[85.6373828,19.9883764],[85.6374546,19.9882697],[85.6375406,19.988091],[85.6375956,19.9879956],[85.6376638,19.9879102],[85.6377486,19.9878338],[85.6380546,19.9875462],[85.6381694,19.987453],[85.6383714,19.9873317],[85.6391245,19.9868958],[85.639342,19.986788],[85.6394819,19.9867397],[85.6396564,19.9867149],[85.6400657,19.9866643],[85.6401034,19.9866541]]}},{"type":"Feature","properties":{"id":866874455,"highway":"residential"},"geometry":{"type":"LineString","coordinates":[[85.6416236,19.9883007],[85.6416363,19.9882704]]}},{"type":"Feature","properties":{"id":866874456,"highway":"residential"},"geometry":{"type":"LineString","coordinates":[[85.6415837,19.9883721],[85.6416236,19.9883007]]}},{"type":"Feature","properties":{"id":866874457,"highway":"residential"},"geometry":{"type":"LineString","coordinates":[[85.6461081,19.9965239],[85.6461257,19.9965574],[85.6461974,19.9966255],[85.6462618,19.996698],[85.6463972,19.9968927],[85.6465159,19.9970773]]}},{"type":"Feature","properties":{"id":866876626,"highway":"unclassified"},"geometry":{"type":"LineString","coordinates":[[85.6537512,19.9931281],[85.6535795,19.9931383]]}},{"type":"Feature","properties":{"id":866876627,"highway":"unclassified"},"geometry":{"type":"LineString","coordinates":[[85.662637,19.9860735],[85.6626034,19.9860977]]}},{"type":"Feature","properties":{"id":866882927,"highway":"tertiary"},"geometry":{"type":"LineString","coordinates":[[85.6361774,19.9890896],[85.636176,19.9891325]]}},{"type":"Feature","properties":{"id":866882928,"highway":"tertiary"},"geometry":{"type":"LineString","coordinates":[[85.6225294,19.9701153],[85.6227543,19.9707328],[85.6231692,19.9717172],[85.6235877,19.9728054],[85.6243514,19.9747122],[85.6246819,19.9756374],[85.6248967,19.9761428],[85.6251161,19.9765165],[85.6252777,19.9767495],[85.6255461,19.9770362],[85.6258148,19.9772365],[85.62608,19.9774086],[85.6264234,19.9775498],[85.6267091,19.9776157],[85.6271327,19.9776671],[85.6275328,19.9776895],[85.6277751,19.9776598],[85.6280866,19.9775612],[85.6283023,19.977504],[85.6284737,19.9774931],[85.6286288,19.9775015],[85.6287558,19.9775648],[85.6288408,19.9776701],[85.6289018,19.9778029],[85.6289801,19.9779563],[85.6290763,19.9780601],[85.6292213,19.978184],[85.6293194,19.9783316],[85.6296046,19.9789676],[85.6299185,19.9795881],[85.6300562,19.9798633],[85.6301511,19.9800825],[85.6302167,19.9802886],[85.6302957,19.9805626],[85.6304482,19.9808684],[85.6305501,19.9810574],[85.6306037,19.9811658],[85.6307405,19.9813473],[85.631049,19.9816952],[85.631419,19.9820883],[85.6318388,19.9826331],[85.6323082,19.9830891],[85.6326135,19.9833649],[85.6330185,19.9837544],[85.6339534,19.9846063],[85.6341082,19.9847437],[85.63452,19.9851089],[85.6350197,19.9856286],[85.6351638,19.9858043],[85.6352936,19.9860302],[85.6354896,19.9864026],[85.6356714,19.9867547],[85.6357818,19.986998],[85.6358948,19.9873101],[85.6359837,19.9875778],[85.6360723,19.9879069],[85.6361196,19.9881925],[85.636156,19.988664],[85.6361779,19.9890533],[85.6361774,19.9890896]]}},{"type":"Feature","properties":{"id":866896323,"highway":"tertiary"},"geometry":{"type":"LineString","coordinates":[[85.664043,19.9868203],[85.6641297,19.98689]]}},{"type":"Feature","properties":{"id":866896324,"highway":"tertiary"},"geometry":{"type":"LineString","coordinates":[[85.6641297,19.98689],[85.6642182,19.9870055],[85.6645191,19.9878191],[85.6650335,19.9892566],[85.6651603,19.9896275],[85.6652985,19.9899281],[85.6654166,19.9901158],[85.665502,19.9902391],[85.6657268,19.9904909],[85.6662842,19.9910705],[85.6667497,19.9915005],[85.6670914,19.9918501],[85.6674027,19.9921746],[85.6675546,19.9923385],[85.6676352,19.9924678],[85.6676919,19.992624],[85.6677382,19.9927672],[85.667859,19.9931132],[85.6681152,19.9937904],[85.6684881,19.9948856],[85.6685223,19.995041],[85.6685284,19.9951454],[85.6685071,19.9952798],[85.6684603,19.9954219],[85.6683659,19.995651],[85.6682112,19.99604],[85.6680968,19.9962246],[85.6679615,19.9963265],[85.6677289,19.9964304],[85.6675283,19.996496],[85.66739,19.9965337],[85.6665792,19.9968286],[85.6659072,19.9970768],[85.6654177,19.9972689],[85.664578,19.9975655],[85.6638219,19.997845],[85.6634725,19.9980049],[85.6631716,19.9981641],[85.6626179,19.9984531],[85.662273,19.9986204],[85.6620051,19.9987965],[85.6617742,19.9989605],[85.6616507,19.99908],[85.6614052,19.9993397],[85.6611984,19.9996198],[85.6610635,19.9998324],[85.6609772,19.9999921],[85.660905,20.0002029],[85.6608508,20.0005627],[85.6608173,20.0008582],[85.6607973,20.0011603],[85.660783,20.0012962],[85.66077,20.0013622],[85.6607426,20.0013886]]}},{"type":"Feature","properties":{"id":866898156,"highway":"unclassified"},"geometry":{"type":"LineString","coordinates":[[85.6624965,19.9861745],[85.6623743,19.9862355],[85.6621649,19.9863263],[85.6620025,19.9864026],[85.6616931,19.9865761],[85.661487,19.9866864],[85.6609813,19.986908],[85.6604962,19.9871292],[85.6598597,19.9874358],[85.6598015,19.9874886],[85.6597755,19.9875276],[85.6597567,19.9875748],[85.659756,19.9876574],[85.6597699,19.9877249],[85.6599274,19.9882813],[85.6600204,19.9885678],[85.6601213,19.9888367],[85.6601324,19.9889139],[85.6601272,19.988979],[85.6600911,19.989073],[85.6600266,19.9891442],[85.6597326,19.9893994],[85.6595695,19.9895539],[85.6594567,19.989652],[85.6593739,19.9897095],[85.659284,19.989758],[85.6590524,19.9898775],[85.6588779,19.9899667],[85.6585293,19.9901646],[85.6579327,19.9905045],[85.6571814,19.9909005],[85.6564786,19.9913157],[85.6555595,19.9918833],[85.6542874,19.9927549],[85.653829,19.9930949],[85.6537934,19.993115],[85.6537512,19.9931281]]}},{"type":"Feature","properties":{"id":866898157,"highway":"unclassified"},"geometry":{"type":"LineString","coordinates":[[85.6626034,19.9860977],[85.6624965,19.9861745]]}},{"type":"Feature","properties":{"id":866898158,"highway":"unclassified"},"geometry":{"type":"LineString","coordinates":[[85.678336,19.9793766],[85.6779985,19.9796022],[85.6773655,19.9800249],[85.6767435,19.9804012],[85.6762016,19.980666],[85.6751702,19.9810971],[85.6749559,19.9811957],[85.6743165,19.9815547],[85.6741575,19.9816369],[85.6732839,19.9819898],[85.6724657,19.9823532],[85.6716476,19.9827339],[85.6708732,19.9830334],[85.6704159,19.9831862]]}},{"type":"Feature","properties":{"id":866904462,"highway":"unclassified"},"geometry":{"type":"LineString","coordinates":[[85.6234476,19.9063029],[85.6232934,19.9063195],[85.6232397,19.9063296],[85.6229635,19.9064191],[85.6228575,19.9064683],[85.6222916,19.9067773],[85.6222352,19.9068126],[85.6217417,19.9070572],[85.6211007,19.9074241],[85.621047,19.9074544],[85.6207372,19.9076612],[85.6207077,19.907694],[85.6206769,19.9077633],[85.6206702,19.9077999],[85.6206487,19.9080672],[85.6206447,19.9081051],[85.6206299,19.9081454],[85.6205991,19.908182],[85.6205817,19.9082072],[85.620418,19.9083131],[85.6203899,19.9083345],[85.6203751,19.9083686],[85.6203403,19.9085527],[85.6203268,19.9085817],[85.620292,19.9086044],[85.6199446,19.9087242],[85.619895,19.9087469],[85.6194511,19.9089776],[85.6194162,19.9089865],[85.6193834,19.9089824],[85.6193599,19.9089726],[85.6193425,19.9089524],[85.6193089,19.9088301],[85.6192955,19.9087923],[85.6192566,19.9086384],[85.6192459,19.908583],[85.619207,19.90839],[85.619203,19.9083421],[85.6192137,19.9082538],[85.6192137,19.908216],[85.6191064,19.9079537],[85.6191038,19.9079235],[85.6191091,19.9078869],[85.6191172,19.9078592],[85.6192285,19.9076259],[85.6192419,19.9075729],[85.6192701,19.9074367],[85.6192727,19.9073951],[85.6192593,19.9071619],[85.6192513,19.9071127],[85.6191453,19.9067558],[85.6191333,19.9067117],[85.619093,19.9066108],[85.6190729,19.9065654],[85.6189093,19.9062426],[85.6188825,19.9061909],[85.618743,19.905882],[85.6186183,19.905573],[85.6185955,19.9055213],[85.6184131,19.9051153],[85.6183849,19.9050598],[85.6180885,19.9045062],[85.6180671,19.9044634],[85.6179705,19.9042956],[85.6179692,19.9042603],[85.6179839,19.9042263],[85.6181476,19.9040624],[85.6181677,19.9040245],[85.6181931,19.9038959],[85.6181905,19.9038581],[85.6181797,19.903819],[85.6180845,19.903674],[85.618051,19.9036349],[85.6178981,19.9034735],[85.6178579,19.9034293],[85.6177224,19.9032654],[85.6176929,19.9032162],[85.6175119,19.9029111],[85.6174877,19.9028795],[85.6172812,19.9026879],[85.617253,19.9026652],[85.6170934,19.902471],[85.6170666,19.9024395],[85.6169701,19.9022692]]}},{"type":"Feature","properties":{"id":866904463,"highway":"unclassified"},"geometry":{"type":"LineString","coordinates":[[85.6237146,19.906271],[85.6234476,19.9063029]]}},{"type":"Feature","properties":{"id":866904464,"highway":"residential"},"geometry":{"type":"LineString","coordinates":[[85.6174754,19.9112551],[85.6175266,19.9112864],[85.6175552,19.9113099],[85.6178485,19.911618],[85.6178901,19.9116483],[85.6180108,19.9117214],[85.6180537,19.9117328],[85.6180966,19.911729],[85.6186558,19.9115033],[85.6187014,19.9114793],[85.6187296,19.9114503],[85.6189992,19.9111767],[85.6190474,19.9111351],[85.6192701,19.9109422],[85.6195852,19.9106749],[85.619828,19.9105084],[85.6198722,19.9104693],[85.6200197,19.910318],[85.6207989,19.909854],[85.6208552,19.9098199],[85.6211101,19.9097052],[85.621165,19.9096825],[85.6216961,19.9094871],[85.6217524,19.9094669],[85.6218638,19.9094076],[85.6218906,19.9093811],[85.6219026,19.9093433],[85.6219254,19.9089802],[85.6219214,19.9089171],[85.621908,19.9081503],[85.6218798,19.9076461],[85.6218745,19.9076019],[85.6217417,19.9070572]]}},{"type":"Feature","properties":{"id":866905323,"highway":"unclassified"},"geometry":{"type":"LineString","coordinates":[[85.6120925,19.9047345],[85.6122762,19.9050976],[85.6123003,19.9051392],[85.6125015,19.9055465],[85.612523,19.9055907],[85.6126893,19.9059324],[85.6127067,19.9059652],[85.6128636,19.9063372],[85.612877,19.9063889],[85.6130178,19.9068063],[85.6130272,19.9068592],[85.6130862,19.9071404],[85.6130916,19.9071871],[85.6131694,19.9076978],[85.6131814,19.907752],[85.6132807,19.9079663],[85.6133035,19.9080092],[85.6134979,19.9083736],[85.6135234,19.9084127],[85.6136589,19.9086321],[85.6136897,19.908675],[85.6139311,19.9089928],[85.6139593,19.9090319],[85.6142704,19.9094404],[85.6142986,19.909477],[85.614595,19.9098338],[85.614603,19.9098679],[85.6146044,19.9099523],[85.6145909,19.9099877],[85.614493,19.9101453],[85.6144541,19.9102474],[85.6144488,19.9102827],[85.6144568,19.9103142],[85.6146379,19.9106862],[85.6149074,19.911265],[85.6151636,19.9118248],[85.6151797,19.9118715],[85.6152897,19.9121615],[85.6153031,19.9122119],[85.6153044,19.912304],[85.6153956,19.9128222],[85.6154023,19.9128739],[85.6154506,19.9131942],[85.6154586,19.9132535],[85.6155297,19.9136015],[85.6155364,19.9136595],[85.6155565,19.9140705],[85.6155565,19.9141096],[85.6155565,19.9144816],[85.6155726,19.9148725],[85.6155847,19.9149267],[85.6156611,19.9150919],[85.6156866,19.9151234],[85.6159911,19.9154348],[85.6160367,19.9154752],[85.616266,19.9156681],[85.6163022,19.9156908],[85.6164832,19.9158093],[85.6165262,19.9158308],[85.616836,19.9159972],[85.6168762,19.9160237],[85.6170304,19.9162443],[85.6170492,19.9162733],[85.6172155,19.9165734],[85.6172517,19.9166188],[85.6176084,19.9170501],[85.6176487,19.9170904],[85.6178699,19.9173728],[85.6178981,19.917417],[85.6182361,19.9179011],[85.6189388,19.918988],[85.618971,19.9190284],[85.6193545,19.9195554],[85.6193827,19.9196021],[85.619659,19.9200131],[85.6196952,19.9200585],[85.6199768,19.9205011],[85.6200144,19.9205628],[85.6201901,19.9208213],[85.6202182,19.9208604],[85.6202544,19.9208945],[85.6206098,19.9211189],[85.6206568,19.9211491],[85.6208445,19.9213257],[85.62087,19.9213685],[85.6208807,19.9214089],[85.6208955,19.9216182],[85.6208901,19.9216598],[85.6208378,19.9218704],[85.6208298,19.9219208],[85.6207962,19.9221238],[85.6207788,19.9221578],[85.6205226,19.9224075],[85.6204998,19.9224365],[85.6203295,19.9226407],[85.6203014,19.922671],[85.620005,19.9229522],[85.6198709,19.9230669],[85.619836,19.9230946],[85.619773,19.9231678],[85.6197461,19.9232094],[85.6195383,19.9235788]]}},{"type":"Feature","properties":{"id":866905324,"highway":"residential"},"geometry":{"type":"LineString","coordinates":[[85.6200197,19.910318],[85.6198145,19.9102361],[85.6197824,19.9102298],[85.6197421,19.910231],[85.6197073,19.9102436],[85.619545,19.9103395],[85.6194954,19.9103659],[85.619195,19.9104983],[85.6191266,19.9105236],[85.6187014,19.9106459],[85.6184721,19.9107077],[85.6184158,19.9107266],[85.6179383,19.9108754],[85.6178847,19.9108993],[85.6177331,19.9110128],[85.6176889,19.9110494],[85.6175387,19.9112019],[85.6175092,19.9112335],[85.6174754,19.9112551],[85.6173161,19.9112889],[85.6172812,19.9112864],[85.6172356,19.9112789],[85.6169835,19.9111767],[85.6169406,19.9111742],[85.6168936,19.9111868],[85.6162901,19.9116042],[85.6162284,19.9116445],[85.6159656,19.9117933],[85.6153031,19.9122119]]}},{"type":"Feature","properties":{"id":866909275,"highway":"tertiary"},"geometry":{"type":"LineString","coordinates":[[85.66077,20.0013622],[85.6607886,20.0013931],[85.6608114,20.0014126],[85.6608661,20.0014318],[85.6609797,20.0014277],[85.661137,20.0014005],[85.6618098,20.001155],[85.6624652,20.0009142],[85.662736,20.0008275],[85.6629354,20.0007814],[85.6631006,20.0007433],[85.6635186,20.0006723],[85.663792,20.0006261],[85.6642495,20.0005774],[85.6644469,20.0005215],[85.6647357,20.0003956],[85.6651976,20.0001659],[85.6653943,20.0000681],[85.665728,19.9999074],[85.66588,19.9998352],[85.6660545,19.9997886],[85.6663162,19.9997572],[85.6665507,19.9997503],[85.666725,19.9997093],[85.666851,19.9996456],[85.6670424,19.9994912],[85.6670925,19.9994251],[85.6671703,19.9992965],[85.6673244,19.9991376],[85.6675339,19.9989433],[85.6676971,19.9988305],[85.6682221,19.9985926],[85.668381,19.9985338],[85.6686929,19.9984478],[85.6692331,19.9982329],[85.6701013,19.9978056],[85.6705177,19.9975575],[85.6709481,19.99728],[85.671258,19.9970672],[85.6718534,19.9966437],[85.6720828,19.9964992],[85.6722265,19.9964087],[85.6723994,19.996336],[85.6728903,19.9962168],[85.6734089,19.9960453],[85.6739969,19.9958292],[85.6741575,19.9957591],[85.6742798,19.9956948],[85.6743416,19.9956305],[85.6743666,19.9955737],[85.6744153,19.9950669],[85.674435,19.9948704],[85.6744679,19.9947431],[85.6745021,19.9946516],[85.674556,19.9945861],[85.6750118,19.9940247],[85.6751733,19.9938258],[85.6759805,19.9929191],[85.676761,19.9921302],[85.6774163,19.9914161],[85.6782585,19.9905541],[85.6801163,19.9887814]]}},{"type":"Feature","properties":{"id":866909278,"highway":"residential"},"geometry":{"type":"LineString","coordinates":[[85.6742855,19.9993633],[85.6740692,19.9992693]]}},{"type":"Feature","properties":{"id":866909279,"highway":"residential"},"geometry":{"type":"LineString","coordinates":[[85.668381,19.9985338],[85.6678382,19.9976449],[85.6676686,19.9973516],[85.6674356,19.9968143],[85.6674103,19.9967471],[85.6674023,19.9966879],[85.6674131,19.9966285],[85.6674506,19.9965719],[85.6675283,19.996496]]}},{"type":"Feature","properties":{"id":866909280,"highway":"residential"},"geometry":{"type":"LineString","coordinates":[[85.6651976,20.0001659],[85.6647075,19.9994129]]}},{"type":"Feature","properties":{"id":866909281,"highway":"residential"},"geometry":{"type":"LineString","coordinates":[[85.6635186,20.0006723],[85.6637583,20.0002911],[85.6638956,20.0001077],[85.6639604,20.0000249],[85.6640069,19.9999348],[85.6640195,19.9998866],[85.6640185,19.9998265],[85.6639963,19.9997474],[85.6637871,19.9993507]]}},{"type":"Feature","properties":{"id":866919081,"highway":"unclassified"},"geometry":{"type":"LineString","coordinates":[[85.6237781,19.9062628],[85.6237628,19.9066802],[85.6237614,19.9067281],[85.6237587,19.9073422],[85.6237587,19.9078428],[85.6237641,19.9078768],[85.6237788,19.9079046],[85.6239559,19.908124],[85.6240122,19.9081984],[85.624263,19.9084871],[85.6243019,19.9085325],[85.6246412,19.9089739],[85.624664,19.909018],[85.6247954,19.9093156],[85.6248155,19.9093698],[85.6249657,19.9098553],[85.6251213,19.9104088],[85.625309,19.9109233],[85.6253265,19.9109661],[85.6253493,19.9110052],[85.6256229,19.9114352],[85.6259125,19.9118463],[85.6259447,19.9118841],[85.6261365,19.9121123],[85.62617,19.9121527],[85.6263551,19.9123696],[85.6263846,19.912396],[85.6268688,19.9128311],[85.6269117,19.9128676],[85.6271169,19.9129912],[85.6271638,19.9130139],[85.6275044,19.9131866],[85.6275433,19.9132093],[85.6278558,19.9134186],[85.6279014,19.9134489],[85.6282125,19.9136645],[85.6282648,19.9136923],[85.6286108,19.9138877],[85.6286444,19.9139129],[85.6287823,19.9140613],[85.6287996,19.9140886],[85.6288039,19.9141337],[85.628772,19.9141782]]}},{"type":"Feature","properties":{"id":866922322,"highway":"residential"},"geometry":{"type":"LineString","coordinates":[[85.6288039,19.9141337],[85.6289501,19.9141828],[85.6289917,19.9142092],[85.629551,19.914638],[85.6295738,19.9146556],[85.6295979,19.9146695],[85.6301048,19.91488],[85.6301343,19.914899],[85.6302363,19.9149507],[85.6302738,19.9149683],[85.6305689,19.915073],[85.6306064,19.9150868],[85.6308009,19.9151713],[85.6308505,19.9151864],[85.6310584,19.9152508],[85.631104,19.9152545],[85.6312515,19.9152495],[85.6313038,19.9152369],[85.6317356,19.9151133],[85.6317745,19.9151045],[85.6319582,19.9150767],[85.6320132,19.915073],[85.632492,19.9150591],[85.6325564,19.9150528],[85.6330593,19.9150301],[85.6331183,19.9150238],[85.6338117,19.9148775],[85.6338653,19.9148662],[85.6341322,19.9148107],[85.6341845,19.9148107],[85.6343079,19.9148195],[85.6343494,19.9148334],[85.6344433,19.9148964],[85.6344742,19.914928],[85.6348148,19.9153403],[85.6350307,19.9156202],[85.6350642,19.9156542],[85.6352574,19.9158333],[85.6352909,19.9158787],[85.6353191,19.9159241],[85.635421,19.9162027],[85.6354478,19.9162721],[85.6354733,19.9163061],[85.6355028,19.9163276],[85.6356275,19.9163653],[85.6356825,19.9163767],[85.6364147,19.9164839],[85.636459,19.916499],[85.6364831,19.9165154],[85.636628,19.9166327],[85.6366695,19.9166503],[85.6367111,19.9166592],[85.6368392,19.9166743],[85.6368774,19.9166768],[85.6371517,19.9166812],[85.6371825,19.9166831],[85.6373086,19.916702],[85.6373414,19.9167083],[85.6373884,19.9167159],[85.6375916,19.9167112]]}},{"type":"Feature","properties":{"id":866922323,"highway":"unclassified"},"geometry":{"type":"LineString","coordinates":[[85.628671,19.9143245],[85.628772,19.9141782]]}},{"type":"Feature","properties":{"id":866922325,"highway":"residential"},"geometry":{"type":"LineString","coordinates":[[85.6193834,19.9089824],[85.619425,19.9091303],[85.6194277,19.9091934],[85.6194303,19.9093119],[85.6194464,19.9093522],[85.6194867,19.9093951],[85.6198251,19.9095363]]}},{"type":"Feature","properties":{"id":866922326,"highway":"residential"},"geometry":{"type":"LineString","coordinates":[[85.6206299,19.9081454],[85.6207305,19.9082286],[85.6207614,19.9082564],[85.6209666,19.9084821],[85.6209961,19.908496],[85.6210256,19.908501],[85.6210564,19.9084972],[85.6215674,19.9082665],[85.6216076,19.9082501],[85.6217565,19.908187],[85.6218034,19.9081757],[85.621908,19.9081503]]}},{"type":"Feature","properties":{"id":866923173,"highway":"residential"},"geometry":{"type":"LineString","coordinates":[[85.6292318,19.9211769],[85.6289327,19.9212992],[85.6288777,19.9213181],[85.6285557,19.9214479],[85.6282291,19.9216048]]}},{"type":"Feature","properties":{"id":866923174,"highway":"residential"},"geometry":{"type":"LineString","coordinates":[[85.628403,19.9204002],[85.6283391,19.9207923],[85.6283411,19.9208573],[85.6283959,19.9211217],[85.6284116,19.9211644],[85.6285557,19.9214479]]}},{"type":"Feature","properties":{"id":866928002,"highway":"unclassified"},"geometry":{"type":"LineString","coordinates":[[85.6175387,19.9020145],[85.6172919,19.9021393]]}},{"type":"Feature","properties":{"id":866943600,"highway":"residential"},"geometry":{"type":"LineString","coordinates":[[85.6222191,19.9224844],[85.6226,19.9222927],[85.6230332,19.9220708],[85.6235053,19.9218313],[85.6241718,19.9214934],[85.6246291,19.921274],[85.625136,19.9210508],[85.6254365,19.9208995],[85.6260051,19.9206221],[85.626044,19.9206045],[85.6261311,19.9205729],[85.6261754,19.9205729],[85.6262143,19.9205893],[85.6262344,19.9206234],[85.6263538,19.9211857],[85.6263712,19.9212412],[85.6265268,19.9216812],[85.6265429,19.9217455],[85.6265858,19.9218641],[85.6266193,19.9219044],[85.6270109,19.9222007],[85.6272027,19.922352],[85.6272402,19.9223873],[85.6276171,19.9227643],[85.6276412,19.922792],[85.6276533,19.9228122],[85.6276815,19.9228765],[85.6278773,19.9230076],[85.6279162,19.9230354],[85.6280878,19.9231791],[85.628116,19.9231968],[85.6281482,19.9232031],[85.6282152,19.9231917],[85.6282622,19.9231715],[85.6289569,19.922608]]}},{"type":"Feature","properties":{"id":866943601,"highway":"residential"},"geometry":{"type":"LineString","coordinates":[[85.6220716,19.9225676],[85.6221789,19.922676],[85.622199,19.9227063],[85.6222768,19.9228715],[85.6222822,19.9229055],[85.6222822,19.9231009],[85.6222916,19.9231337],[85.6223063,19.9231577],[85.6224082,19.9233102],[85.6224297,19.9233405],[85.6225665,19.9235637],[85.6225893,19.9236028],[85.6227503,19.9239285],[85.6227717,19.9239671],[85.622879,19.9241172],[85.6229031,19.9241449],[85.6230412,19.9243101],[85.623064,19.9243454],[85.6232411,19.9245774],[85.6232692,19.9246202],[85.6235361,19.9250224],[85.6235723,19.9250338],[85.6236058,19.92503],[85.6238432,19.9249216],[85.6238781,19.9249216],[85.6239089,19.9249355],[85.6239358,19.9249569],[85.6240779,19.9251586],[85.6241114,19.925175],[85.624153,19.9251775],[85.6242442,19.9251566],[85.6248437,19.9250401],[85.6248826,19.9250237],[85.6249,19.9249985],[85.6249523,19.9248611],[85.6249738,19.9248371],[85.6250636,19.9247816],[85.6251039,19.9247627],[85.625411,19.9246492],[85.6254338,19.9246316],[85.6254458,19.9246026],[85.6255679,19.9242533],[85.6256618,19.9240403],[85.6256846,19.9240037],[85.6257597,19.9239192],[85.6257972,19.9238953],[85.6264557,19.9235611],[85.6264959,19.923541],[85.6267722,19.9234035],[85.6268071,19.9233859],[85.6271353,19.9232189],[85.6271893,19.9231829],[85.6276815,19.9228765]]}},{"type":"Feature","properties":{"id":866944219,"highway":"residential"},"geometry":{"type":"LineString","coordinates":[[85.6100379,19.916373],[85.6099132,19.916001],[85.6099024,19.9159279],[85.6099051,19.9158598],[85.6098998,19.9157211],[85.6098783,19.9156555],[85.6094894,19.9148964]]}},{"type":"Feature","properties":{"id":866944220,"highway":"residential"},"geometry":{"type":"LineString","coordinates":[[85.6078667,19.9172046],[85.6079967,19.9171592],[85.6082269,19.9170788],[85.6092402,19.9167248],[85.6095025,19.9166286],[85.6098407,19.9164839],[85.609885,19.9164625],[85.6100379,19.916373],[85.6100808,19.9163465],[85.6104778,19.9161006],[85.6105247,19.9160691],[85.610927,19.9158711],[85.6109726,19.9158421],[85.6111108,19.915769],[85.6111591,19.9157513],[85.6112624,19.91574],[85.6113173,19.9157412],[85.6115936,19.915769],[85.6116499,19.9157816],[85.6118014,19.9158081],[85.611839,19.9158219],[85.6119101,19.9158711],[85.6119463,19.9158799],[85.6119852,19.9158749],[85.6123929,19.9156832],[85.6124438,19.9156643],[85.6125672,19.9156442]]}},{"type":"Feature","properties":{"id":866944221,"highway":"residential"},"geometry":{"type":"LineString","coordinates":[[85.6101023,19.9146644],[85.610927,19.9158711]]}},{"type":"Feature","properties":{"id":866947211,"highway":"residential"},"geometry":{"type":"LineString","coordinates":[[85.6239559,19.908124],[85.6244414,19.9077482],[85.624495,19.9077079],[85.6249014,19.9074809],[85.6249537,19.9074481],[85.625474,19.9070231],[85.6254955,19.9069878],[85.6254981,19.9069412],[85.6254855,19.906898],[85.6252635,19.9066234]]}},{"type":"Feature","properties":{"id":866948180,"highway":"residential"},"geometry":{"type":"LineString","coordinates":[[85.6116051,19.9057549],[85.6112722,19.9051993]]}},{"type":"Feature","properties":{"id":866948181,"highway":"residential"},"geometry":{"type":"LineString","coordinates":[[85.6195852,19.9106749],[85.6194954,19.9103659]]}},{"type":"Feature","properties":{"id":866952032,"highway":"residential"},"geometry":{"type":"LineString","coordinates":[[85.6289569,19.922608],[85.6291084,19.9224781]]}},{"type":"Feature","properties":{"id":866952033,"highway":"residential"},"geometry":{"type":"LineString","coordinates":[[85.6291084,19.9224781],[85.6291594,19.922439],[85.6295255,19.9221414],[85.6297964,19.921917]]}},{"type":"Feature","properties":{"id":866952815,"highway":"residential"},"geometry":{"type":"LineString","coordinates":[[85.6730222,19.9977861],[85.6729651,19.9976288],[85.6728585,19.9974369],[85.6727116,19.9972688],[85.6725721,19.997134],[85.6723456,19.9969311],[85.6722142,19.9967683],[85.6721658,19.9966905],[85.6720828,19.9964992]]}},{"type":"Feature","properties":{"id":866952966,"highway":"residential"},"geometry":{"type":"LineString","coordinates":[[85.6221762,19.922509],[85.6222191,19.9224844]]}},{"type":"Feature","properties":{"id":866952967,"highway":"residential"},"geometry":{"type":"LineString","coordinates":[[85.619608,19.924126],[85.6206219,19.9231123],[85.6208123,19.9229471],[85.6208459,19.9229169],[85.6211476,19.9226685],[85.6211758,19.9226496],[85.6212281,19.9226344],[85.6212817,19.922642],[85.6214641,19.9227366],[85.6215017,19.9227555],[85.6216183,19.9227693],[85.621676,19.9227618],[85.6220716,19.9225676],[85.6221762,19.922509]]}},{"type":"Feature","properties":{"id":867146044,"highway":"tertiary"},"geometry":{"type":"LineString","coordinates":[[85.6600473,19.9790299],[85.6600905,19.979181],[85.66018,19.9794681],[85.6602769,19.9796531],[85.6603608,19.9798075],[85.6604635,19.9800189],[85.6605287,19.9801888],[85.6605649,19.9802944],[85.6606169,19.9804569],[85.6606392,19.9806012],[85.6606389,19.9807797],[85.6606223,19.9809871],[85.6605856,19.9811564],[85.6605613,19.9813353],[85.6605598,19.9815162],[85.6605789,19.9817155],[85.6606417,19.9820847],[85.6607437,19.9825902],[85.6607814,19.9827579],[85.6608155,19.9829457],[85.6608531,19.9834431],[85.6608703,19.9835005],[85.6609046,19.9835591],[85.6615994,19.9843091]]}},{"type":"Feature","properties":{"id":867146045,"highway":"residential"},"geometry":{"type":"LineString","coordinates":[[85.6600905,19.979181],[85.6601934,19.9792338],[85.6602833,19.9792863],[85.6603514,19.9793339],[85.6604307,19.9794068],[85.6604831,19.9794612],[85.6605254,19.9795359],[85.6605584,19.9796188],[85.6605769,19.9797322],[85.6606156,19.9798805],[85.6606578,19.9799728],[85.6607157,19.9800697],[85.6607916,19.980173],[85.6608816,19.9802764],[85.6610086,19.9803974],[85.6610986,19.9805074],[85.6611684,19.9806303],[85.6612812,19.980925],[85.6613373,19.9811097],[85.6614113,19.9814362],[85.6615066,19.9821149],[85.6615534,19.9824842],[85.6616032,19.9828185],[85.6616632,19.9830789],[85.6617638,19.983383],[85.6618252,19.983564],[85.661839,19.9836736],[85.6618361,19.983743],[85.6618002,19.9838619],[85.6617542,19.9839709],[85.6616937,19.9841096],[85.6616514,19.9842233],[85.6616328,19.984347]]}},{"type":"Feature","properties":{"id":867146047,"highway":"tertiary"},"geometry":{"type":"LineString","coordinates":[[85.6567561,19.9698668],[85.6567072,19.9699247]]}},{"type":"Feature","properties":{"id":867146857,"highway":"residential"},"geometry":{"type":"LineString","coordinates":[[85.6579551,19.9767385],[85.6586567,19.9764039]]}},{"type":"Feature","properties":{"id":867146860,"highway":"residential"},"geometry":{"type":"LineString","coordinates":[[85.6767511,19.9815022],[85.6774346,19.9810094],[85.677551,19.9809265],[85.6778316,19.980764],[85.6779834,19.9806827],[85.6782393,19.9805898],[85.6784546,19.9805251],[85.6787634,19.9804422],[85.6791436,19.9803481]]}},{"type":"Feature","properties":{"id":867148088,"highway":"unclassified"},"geometry":{"type":"LineString","coordinates":[[85.6702483,19.9832422],[85.6698984,19.9833592],[85.6698373,19.9833954],[85.6698054,19.9834329],[85.6697815,19.9834928],[85.6697828,19.9835826],[85.6698028,19.9837212],[85.6698904,19.9841718],[85.6698917,19.9842442],[85.6698811,19.9842829],[85.6698519,19.9843328],[85.6697881,19.984384],[85.6696925,19.9844389],[85.6694261,19.9845528],[85.6688179,19.9847854],[85.6679174,19.9850925],[85.6677129,19.9851561],[85.6675641,19.9852136],[85.6673596,19.9853109],[85.6670275,19.9854969],[85.6664006,19.9858339],[85.666066,19.9860199],[85.6656516,19.9862146],[85.6654856,19.986292],[85.6651126,19.9864082],[85.6641225,19.9867166],[85.6639756,19.986778]]}},{"type":"Feature","properties":{"id":867148089,"highway":"unclassified"},"geometry":{"type":"LineString","coordinates":[[85.6704159,19.9831862],[85.6702483,19.9832422]]}},{"type":"Feature","properties":{"id":867148090,"highway":"tertiary"},"geometry":{"type":"LineString","coordinates":[[85.6672011,19.9497667],[85.6672749,19.9500491],[85.6672896,19.9500995],[85.6674318,19.9505546],[85.6674492,19.9506063],[85.667671,19.9512276],[85.6676866,19.951282],[85.6677121,19.9513827],[85.6678096,19.9517673],[85.6678274,19.9518367],[85.6679226,19.9522073],[85.6679441,19.9522678],[85.6680326,19.9525489],[85.6680527,19.9526006],[85.6682472,19.9530403],[85.6686036,19.9537661],[85.668724,19.9540194],[85.6687501,19.9540805],[85.6688212,19.9542923],[85.6688359,19.9543503],[85.6688765,19.9545018],[85.6690383,19.9552713],[85.6691905,19.9561438],[85.6693043,19.9568218],[85.6693537,19.9572677],[85.6694164,19.9578264],[85.6694823,19.9581414]]}},{"type":"Feature","properties":{"id":867148091,"highway":"residential"},"geometry":{"type":"LineString","coordinates":[[85.6757705,19.9774778],[85.6759021,19.9773509],[85.6759824,19.9772995],[85.6762149,19.9772063],[85.6767459,19.9770048],[85.6769771,19.9769171]]}},{"type":"Feature","properties":{"id":867148092,"highway":"tertiary"},"geometry":{"type":"LineString","coordinates":[[85.6694936,19.958197],[85.6695316,19.9582858]]}},{"type":"Feature","properties":{"id":867148093,"highway":"tertiary"},"geometry":{"type":"LineString","coordinates":[[85.6694823,19.9581414],[85.6694936,19.958197]]}},{"type":"Feature","properties":{"id":867148094,"highway":"tertiary"},"geometry":{"type":"LineString","coordinates":[[85.6695647,19.9583645],[85.669654,19.958505],[85.6699255,19.9588285],[85.6704589,19.959424],[85.6706855,19.9596872],[85.6711658,19.9602452],[85.6714255,19.9605697],[85.671899,19.9612305],[85.6719433,19.961296],[85.672246,19.9618791],[85.672292,19.961959],[85.6725696,19.9624456],[85.6726085,19.9625061],[85.6729027,19.962968],[85.672933,19.9630179],[85.6731506,19.9633966],[85.6731825,19.9634477],[85.67322,19.9634906],[85.6734467,19.9637616],[85.6734896,19.9638183],[85.6735521,19.9639104],[85.6736693,19.964083],[85.6736974,19.9641284],[85.6739431,19.9646491],[85.6739643,19.9647057],[85.6740538,19.9649807],[85.6741202,19.9652885],[85.674132,19.9653347],[85.6742353,19.9656158],[85.6745526,19.9662344],[85.6748669,19.9668877],[85.675258,19.9677088],[85.6753495,19.9679363],[85.6753893,19.9680681],[85.6754114,19.9681915],[85.6754247,19.9683233],[85.6753805,19.9691361],[85.6752875,19.9709436],[85.6753211,19.9717511],[85.6753512,19.9724765],[85.675399,19.9728934],[85.6755212,19.9736324],[85.6758161,19.9748657],[85.6758933,19.9752356],[85.6759394,19.9753818],[85.6760352,19.9755713],[85.6761428,19.9757577],[85.6763377,19.9760196],[85.6767496,19.9765368],[85.6769159,19.9767727],[85.6769771,19.9769171],[85.6770384,19.9771846],[85.6771727,19.9778864],[85.6772391,19.97805],[85.6773188,19.9781943],[85.6773867,19.9782997],[85.6776184,19.9785757],[85.6777866,19.9787851],[85.6778575,19.9789016],[85.6779371,19.9790056],[85.678095,19.979172],[85.678336,19.9793766],[85.6785068,19.9795215],[85.6790159,19.9799723],[85.6790587,19.9800319],[85.6790971,19.9801637],[85.6791436,19.9803481],[85.6791635,19.9804161],[85.6792033,19.9805104],[85.6794689,19.9812094],[85.6795811,19.981466],[85.6796446,19.9815755],[85.6796947,19.9816518],[85.6798807,19.9818349],[85.6801891,19.9821344],[85.6807764,19.9828306],[85.680927,19.9829513],[85.6810937,19.9830664],[85.6813077,19.9832481],[85.6814582,19.9833757],[85.6815807,19.9835199],[85.6817666,19.9838001],[85.6823392,19.9847612],[85.6829111,19.9856013]]}},{"type":"Feature","properties":{"id":867148095,"highway":"tertiary"},"geometry":{"type":"LineString","coordinates":[[85.6695316,19.9582858],[85.6695647,19.9583645]]}},{"type":"Feature","properties":{"id":867148097,"highway":"residential"},"geometry":{"type":"LineString","coordinates":[[85.6740538,19.9649807],[85.6733265,19.9651405],[85.673081,19.9651777],[85.6729781,19.9652],[85.6727365,19.9652931],[85.672002,19.9655573],[85.6717367,19.965663],[85.6716377,19.9657025],[85.6714932,19.9657825],[85.6711823,19.9660132]]}},{"type":"Feature","properties":{"id":867148628,"highway":"tertiary"},"geometry":{"type":"LineString","coordinates":[[85.6733403,19.9477871],[85.6733081,19.9493792],[85.673275,19.9503593],[85.6732603,19.9504337],[85.6731738,19.9506983],[85.6731223,19.9508418],[85.6730855,19.9509559],[85.6730579,19.9510891],[85.6730193,19.951383],[85.672993,19.9520885]]}},{"type":"Feature","properties":{"id":867148629,"highway":"tertiary"},"geometry":{"type":"LineString","coordinates":[[85.672993,19.9520885],[85.6729884,19.9522122]]}},{"type":"Feature","properties":{"id":867148631,"highway":"residential"},"geometry":{"type":"LineString","coordinates":[[85.6763971,19.9653199],[85.6765895,19.9653055],[85.6768416,19.9652943],[85.6769754,19.9652943],[85.6770358,19.9653121],[85.677095,19.9653522],[85.6771435,19.9654178],[85.6773388,19.9657672],[85.677385,19.965854],[85.6773945,19.9659018],[85.6773945,19.9659519],[85.6773791,19.9659808],[85.67734,19.9660198],[85.6772726,19.9660498],[85.6768105,19.9661824]]}},{"type":"Feature","properties":{"id":867149048,"highway":"residential"},"geometry":{"type":"LineString","coordinates":[[85.6542533,19.9672351],[85.6542646,19.9671268],[85.6542602,19.9670513],[85.6542399,19.9669543],[85.6542346,19.9668896],[85.6542416,19.9668531],[85.6542628,19.9668092],[85.6542946,19.9667553],[85.6543687,19.9666715],[85.6544446,19.9666101],[85.6545205,19.9665554],[85.6545937,19.966533]]}},{"type":"Feature","properties":{"id":867150422,"highway":"unclassified"},"geometry":{"type":"LineString","coordinates":[[85.6829792,19.9856866],[85.6830972,19.9858361]]}},{"type":"Feature","properties":{"id":867150889,"highway":"residential"},"geometry":{"type":"LineString","coordinates":[[85.6895864,19.9996675],[85.6893374,19.9995634],[85.6892745,19.9995256],[85.6892247,19.9994704],[85.6892079,19.9994047],[85.6892014,19.9992944],[85.6892104,19.9991261],[85.6891981,19.9989993],[85.6891523,19.9988049],[85.6890819,19.9986313],[85.6889173,19.9984045],[85.6886817,19.9981715],[85.688025,19.9975365],[85.6877106,19.9971962],[85.6875942,19.997108],[85.6875024,19.9970771],[85.6874073,19.9970725],[85.6872499,19.9970895],[85.6870744,19.9970941],[85.6869826,19.9970818],[85.6868809,19.9970417],[85.6867809,19.9969832],[85.6867088,19.9969],[85.6865809,19.9966719],[85.6864694,19.9964023],[85.68643,19.9962482],[85.6863767,19.9959639],[85.6862714,19.9935728],[85.6862778,19.9934446],[85.6863019,19.9933333],[85.6863563,19.9931749]]}},{"type":"Feature","properties":{"id":867150890,"highway":"residential"},"geometry":{"type":"LineString","coordinates":[[85.6889173,19.9984045],[85.6895314,19.998169]]}},{"type":"Feature","properties":{"id":867153627,"highway":"residential"},"geometry":{"type":"LineString","coordinates":[[85.6847301,19.9900078],[85.6854747,19.9897225]]}},{"type":"Feature","properties":{"id":867153628,"highway":"tertiary"},"geometry":{"type":"LineString","coordinates":[[85.6927936,20.0000845],[85.6927302,19.9997463]]}},{"type":"Feature","properties":{"id":867153629,"highway":"tertiary"},"geometry":{"type":"LineString","coordinates":[[85.6927302,19.9997463],[85.6927007,19.9994587],[85.6926742,19.9993888],[85.6926459,19.9993407],[85.6925975,19.9993009],[85.6924204,19.9992201],[85.6920046,19.999003],[85.6915772,19.9987913],[85.6913735,19.9986568],[85.6912125,19.9985156],[85.6910548,19.9983341],[85.6909357,19.9981675],[85.6908156,19.9979299],[85.6907011,19.9976636],[85.6905865,19.997396],[85.6904043,19.9971028],[85.6901957,19.9968054],[85.6901002,19.9965713],[85.6900591,19.9963757],[85.6900022,19.9961258],[85.6899311,19.9958812],[85.6898047,19.9956075],[85.6896833,19.9953625],[85.6895392,19.9951229],[85.6894295,19.9949761],[85.6892481,19.9947965],[85.6891288,19.9946772],[85.6890076,19.9945217],[85.6889189,19.9943718],[85.6887906,19.9942444],[85.6886615,19.9941465],[85.6884994,19.9940568],[85.6883571,19.9939777],[85.6882366,19.9938701],[85.6880455,19.9936435],[85.6877757,19.9932965],[85.6876518,19.9930924],[85.6875108,19.9928401],[85.6873832,19.9926516],[85.6872557,19.992422],[85.6871365,19.9921897],[85.6870067,19.9919136],[85.6869305,19.9916849],[85.6868899,19.9914867],[85.6866241,19.9897281],[85.6865945,19.9893039],[85.6865471,19.9888945],[85.686535,19.9886933],[85.6865355,19.9885484],[85.6865598,19.9883534],[85.6865794,19.988203],[85.6866024,19.9880467],[85.6866331,19.9879127],[85.6866886,19.9877275],[85.6867083,19.9876174],[85.6867002,19.9875096],[85.6866384,19.9873205],[85.6866043,19.987156],[85.6865999,19.98704],[85.6866064,19.9868421],[85.6865884,19.9867268],[85.6865404,19.9866045],[85.6864505,19.9864067],[85.6864017,19.9861942],[85.686376,19.9860839],[85.686332,19.9859725],[85.6862367,19.9857692],[85.6861639,19.9855733],[85.6860943,19.9854241],[85.6859924,19.9852334],[85.6858404,19.9850261],[85.6856218,19.9846548],[85.6855786,19.9845801],[85.6855149,19.9845092],[85.6854139,19.9844318],[85.6852394,19.9843231],[85.6850669,19.9842143],[85.68496,19.9841618],[85.6848433,19.984113],[85.6847335,19.9840789],[85.6845463,19.9840439],[85.6844051,19.9840321],[85.6840424,19.9839462],[85.6839757,19.9839214],[85.6838767,19.9838744],[85.6837925,19.9838155],[85.6836324,19.9836821],[85.6835177,19.9835807],[85.6834461,19.9835316],[85.6833451,19.9834708],[85.6832281,19.9834079],[85.6830941,19.9833203],[85.6829601,19.9832115],[85.6827092,19.9829831],[85.6825365,19.982823],[85.6823591,19.982616],[85.6820972,19.9823326],[85.6817759,19.9820187],[85.6816966,19.9819189],[85.6815899,19.9817769],[85.6813517,19.9813988],[85.6810781,19.9809179],[85.6808823,19.9805613],[85.6805646,19.9798614],[85.6801287,19.9790371],[85.680007,19.9787585],[85.6798711,19.9784268],[85.6797083,19.9779597],[85.6796141,19.9777302],[85.6795187,19.9775637],[85.6793926,19.9773866],[85.6792848,19.9772649],[85.6791996,19.9771827],[85.6791349,19.9771304],[85.6790156,19.9770515],[85.6789134,19.97698],[85.6788635,19.9769362],[85.6787715,19.9768199],[85.6785705,19.9765403],[85.6785307,19.9764922],[85.6784899,19.9764431],[85.6784365,19.9763791],[85.6783888,19.9763108],[85.6783062,19.9761137],[85.6781458,19.9757317],[85.6778102,19.9749923],[85.677518,19.9740361],[85.6773825,19.9736092],[85.6773507,19.9733096],[85.6773374,19.9727304],[85.6774463,19.9715121],[85.6774675,19.971215],[85.677518,19.9710103],[85.6776083,19.9708056],[85.677704,19.9703886],[85.677839,19.9694633],[85.6778527,19.9693203],[85.6778304,19.9691403],[85.6777843,19.9689588],[85.6776361,19.9685908],[85.6775867,19.9683936],[85.6775201,19.9680874],[85.6774238,19.9676211],[85.6773646,19.9674309],[85.6772066,19.9669925],[85.6771103,19.9667558],[85.6768105,19.9661824],[85.6767549,19.9660761],[85.6763971,19.9653199],[85.6761024,19.9645848],[85.6760833,19.9645085],[85.676101,19.9644433],[85.6761393,19.9643878],[85.6762485,19.9643351],[85.676371,19.9642796],[85.6764448,19.9642158],[85.6764994,19.9641201],[85.6765348,19.9639953],[85.6765505,19.9638434],[85.6765432,19.9634353],[85.6765358,19.9633316],[85.6765064,19.9632019],[85.6764181,19.96292],[85.6761826,19.9622889],[85.6760133,19.9618532],[85.6759038,19.9616301],[85.6753666,19.9608952],[85.6748423,19.960188],[85.6747228,19.9599842],[85.6744671,19.9595482],[85.6741672,19.9589206],[85.6739023,19.9582566],[85.6737606,19.9579194],[85.673619,19.9575338],[85.6735104,19.9570859],[85.673424,19.9567228],[85.6732529,19.9562006],[85.6731609,19.9557787],[85.673091,19.9554501],[85.6729898,19.9550403],[85.6729604,19.9548224],[85.672953,19.954608],[85.6729917,19.9540287],[85.6730009,19.9537936],[85.6729788,19.9533509],[85.6729825,19.9523704],[85.6729884,19.9522122]]}},{"type":"Feature","properties":{"id":867156282,"highway":"tertiary"},"geometry":{"type":"LineString","coordinates":[[85.6801163,19.9887814],[85.6802234,19.9886792]]}},{"type":"Feature","properties":{"id":867156283,"highway":"tertiary"},"geometry":{"type":"LineString","coordinates":[[85.6802234,19.9886792],[85.6806993,19.9882251],[85.6816488,19.9871564],[85.6820602,19.9866097],[85.6822183,19.9863997],[85.6829111,19.9856013],[85.6833563,19.9851012]]}},{"type":"Feature","properties":{"id":867156284,"highway":"tertiary"},"geometry":{"type":"LineString","coordinates":[[85.6833563,19.9851012],[85.6842057,19.9842796]]}},{"type":"Feature","properties":{"id":867156285,"highway":"tertiary"},"geometry":{"type":"LineString","coordinates":[[85.6842057,19.9842796],[85.6842751,19.9842009],[85.6843273,19.9841326],[85.6844051,19.9840321]]}},{"type":"Feature","properties":{"id":867158505,"highway":"residential"},"geometry":{"type":"LineString","coordinates":[[85.6947055,19.9788166],[85.6945081,19.9788179],[85.6943858,19.9788315],[85.6942395,19.9788505],[85.6940004,19.9788945],[85.6937609,19.9789794],[85.693636,19.979034],[85.6932231,19.979227],[85.6929069,19.9793727],[85.6928096,19.979434],[85.6927259,19.9795192],[85.6926904,19.9795937],[85.6926567,19.9796896],[85.6926295,19.9798111],[85.6926078,19.9799184],[85.6925741,19.980012],[85.6925132,19.9800963],[85.6924191,19.9801682],[85.6923076,19.9802376],[85.6920054,19.9803747],[85.6916087,19.9805434],[85.6913678,19.9806548],[85.6911586,19.9807763],[85.6907583,19.9810034],[85.690474,19.9811514],[85.6901802,19.9812912],[85.6899268,19.9814287],[85.6896814,19.9815911],[85.6892351,19.9818729],[85.6884338,19.9823817],[85.6879517,19.9826693],[85.6877544,19.9828047],[85.6876174,19.9829183],[85.6874058,19.9831111],[85.6871589,19.9832854],[85.686851,19.9834472],[85.6860213,19.9838078],[85.6850669,19.9842143]]}},{"type":"Feature","properties":{"id":867162295,"highway":"residential"},"geometry":{"type":"LineString","coordinates":[[85.6916501,19.9756157],[85.6918136,19.975817],[85.6918479,19.9758543],[85.6918977,19.9759008],[85.6919463,19.9759332],[85.6920109,19.9759628],[85.6922082,19.9760382],[85.692327,19.9760963],[85.6924994,19.9762226],[85.6926514,19.9763426],[85.6927073,19.9763634],[85.6927717,19.9763694],[85.6929036,19.9763456],[85.6929572,19.9763408],[85.6929883,19.976346],[85.6930133,19.9763604],[85.6930326,19.9763856],[85.6930476,19.9764211],[85.6932005,19.9769401],[85.6932467,19.9770632],[85.6932784,19.9771148],[85.6933301,19.9771465],[85.6933923,19.9771495],[85.6934672,19.9771416],[85.6937672,19.9770233],[85.6942928,19.9768221],[85.6947659,19.9766493],[85.6948476,19.9766235],[85.6949279,19.9766058],[85.6949988,19.9765932],[85.6950673,19.9765904]]}},{"type":"Feature","properties":{"id":867162296,"highway":"residential"},"geometry":{"type":"LineString","coordinates":[[85.6930326,19.9763856],[85.6935666,19.9762204]]}},{"type":"Feature","properties":{"id":867162297,"highway":"residential"},"geometry":{"type":"LineString","coordinates":[[85.6957314,19.9752237],[85.6946173,19.9755339]]}},{"type":"Feature","properties":{"id":867162299,"highway":"residential"},"geometry":{"type":"LineString","coordinates":[[85.6926357,19.9717385],[85.6927819,19.9720707],[85.6931034,19.9727583],[85.6931664,19.9728654],[85.6932214,19.9729549],[85.6932748,19.9730103],[85.6933288,19.9730507],[85.6933727,19.9730652],[85.6934368,19.9730794],[85.6935769,19.9731004],[85.6937017,19.9731103],[85.6938395,19.9731191],[85.6939292,19.9731152],[85.6940564,19.9731026],[85.6942381,19.9730667],[85.6943457,19.973045],[85.6943893,19.9730439],[85.6944336,19.9730475],[85.6944723,19.9730551],[85.6945396,19.9730967],[85.6945982,19.9731615],[85.6946465,19.973229],[85.6946908,19.973299],[85.6949129,19.9737896],[85.6950706,19.9741553],[85.6951149,19.9742339],[85.6951796,19.9743275],[85.6952541,19.9744303]]}},{"type":"Feature","properties":{"id":867163176,"highway":"residential"},"geometry":{"type":"LineString","coordinates":[[85.6814212,19.9859827],[85.6820602,19.9866097]]}},{"type":"Feature","properties":{"id":867165846,"highway":"unclassified"},"geometry":{"type":"LineString","coordinates":[[85.6454203,19.9132011],[85.6453914,19.913319],[85.6453834,19.9133392],[85.6453639,19.913355],[85.6452063,19.9133991],[85.6451782,19.9134117],[85.6451145,19.9134426],[85.6450669,19.9134836],[85.6450421,19.9135056],[85.6449723,19.9135933],[85.644918,19.9136828],[85.6449059,19.9137074],[85.6448188,19.9140365],[85.6448094,19.9140611],[85.644796,19.9140832],[85.6445968,19.9142918],[85.6445834,19.914312],[85.644452,19.9145547],[85.6442843,19.9148737],[85.6442776,19.9148958],[85.644277,19.9149198],[85.6443252,19.9151392],[85.6443226,19.9151637],[85.6443085,19.9151846],[85.6441925,19.9152444],[85.644171,19.9152602],[85.6441033,19.9153201],[85.6440691,19.915363],[85.6440517,19.9153888],[85.6438398,19.9158232],[85.6438244,19.915861],[85.6437942,19.9159518],[85.6436104,19.9164864],[85.6435253,19.9167279],[85.6435125,19.91676],[85.6433523,19.9171522],[85.643316,19.9172361]]}},{"type":"Feature","properties":{"id":867168036,"highway":"unclassified"},"geometry":{"type":"LineString","coordinates":[[85.6432876,19.917328],[85.6430398,19.9179623],[85.6430324,19.9179907],[85.642968,19.9181867],[85.642964,19.9182107],[85.6429379,19.9184559],[85.6429607,19.9186754],[85.6429654,19.9187005],[85.6430378,19.9188972],[85.6430478,19.9189193],[85.6430653,19.9189452],[85.6431377,19.9190448],[85.6431558,19.9190668],[85.6435367,19.9196071],[85.6435508,19.9196323],[85.6437962,19.9200844],[85.6438143,19.920114],[85.643992,19.9203876],[85.6440061,19.9204109],[85.6441509,19.9206461],[85.6443963,19.9210445],[85.6444138,19.9210735],[85.6444272,19.9210993],[85.6444801,19.9212242],[85.6444922,19.9212525],[85.6445646,19.9214898],[85.6447805,19.9225607],[85.6447859,19.9225935],[85.64481,19.922966],[85.6448033,19.9230039],[85.6447926,19.9230379],[85.6447162,19.9231085],[85.6446706,19.9231287],[85.6445083,19.9231791],[85.6444667,19.923198],[85.6441046,19.9233582],[85.6440604,19.9233758],[85.6437586,19.9235132],[85.6437358,19.9235309],[85.6437144,19.9235536],[85.643658,19.9236103],[85.6436366,19.9236334],[85.6436232,19.923662],[85.6435776,19.9237847],[85.6435668,19.9238234],[85.6435145,19.9239722],[85.6434998,19.9240226],[85.6434663,19.9241878],[85.6434341,19.9243265],[85.6433871,19.9245244],[85.6433791,19.9245749],[85.6433791,19.9246165],[85.6433992,19.9249506],[85.6433979,19.925001],[85.6433992,19.925344],[85.643406,19.9260493],[85.6434126,19.9261017],[85.6434341,19.9261799],[85.6434515,19.9262127],[85.6435226,19.9262858],[85.6435642,19.9263148],[85.6436969,19.9264182],[85.6437211,19.9264535],[85.6437305,19.9264787],[85.6437439,19.9265739],[85.6437452,19.9266136],[85.6437171,19.9267706],[85.6437036,19.9268204],[85.643658,19.9269969],[85.64365,19.9270435],[85.6435615,19.9275226],[85.6435615,19.9275625],[85.6435682,19.9276462],[85.6435776,19.9276853],[85.6436165,19.9277811],[85.6436446,19.9278215],[85.6436996,19.9278933],[85.6437251,19.9279223],[85.6442482,19.9284602],[85.6443112,19.9285212],[85.64446,19.9286372],[85.6445083,19.9286712],[85.6446572,19.9288074],[85.6448181,19.9289915],[85.6448436,19.9290243],[85.6449401,19.9291705],[85.6449629,19.9292058],[85.6451038,19.929371],[85.6451306,19.9294038],[85.6453425,19.9296963],[85.6453639,19.9297328],[85.6454954,19.9300014],[85.6457341,19.9304576],[85.6457569,19.9304918],[85.6458843,19.9307098],[85.6459071,19.9307528],[85.646013,19.9310124],[85.6460399,19.9312192],[85.6460372,19.9312596],[85.646017,19.9313504],[85.6459983,19.9313907],[85.6459245,19.9315597],[85.6459138,19.9315963],[85.6458655,19.9318888],[85.6458668,19.9319304],[85.6458414,19.9321838],[85.6457609,19.9325393],[85.6457515,19.9325822],[85.6457126,19.9328154],[85.6457059,19.9328583],[85.6457126,19.9329691],[85.6457166,19.9330096],[85.6457931,19.9333071],[85.6458025,19.9333538],[85.6458078,19.9336097],[85.6458132,19.9336563],[85.6458682,19.9341288],[85.6459191,19.9345225],[85.6459299,19.9345653],[85.6459714,19.9346637],[85.6459956,19.9346939],[85.6460224,19.9347192],[85.646123,19.9348301],[85.6461444,19.934849],[85.646174,19.934865],[85.6462142,19.9348755],[85.6464703,19.9349146],[85.6465052,19.9349398],[85.6465267,19.9349637],[85.6465776,19.9350633],[85.6465951,19.9351062],[85.6466849,19.9353508],[85.6467037,19.9354025],[85.6467319,19.9355349],[85.6467345,19.9355739],[85.6467252,19.9363619],[85.6467036,19.9364413],[85.6466715,19.936517],[85.6465749,19.9367225],[85.6465495,19.9367477],[85.6464744,19.9368082],[85.6464314,19.9368385],[85.6461538,19.9370477],[85.646115,19.9370787],[85.6459862,19.9372242],[85.645958,19.9372608],[85.6459165,19.9373207],[85.6459017,19.9373579],[85.6458548,19.9375382],[85.6458239,19.9376895],[85.6458159,19.9377323],[85.6457824,19.9379277],[85.6457756,19.9380954],[85.6457703,19.9381421],[85.6457488,19.9384408],[85.6457435,19.9384875],[85.6457207,19.9387283],[85.645722,19.9387812],[85.6457274,19.9389439],[85.6457354,19.9389804],[85.6457569,19.939022],[85.6460774,19.9393498],[85.6461069,19.9393876],[85.6462732,19.9396789],[85.6463054,19.9397268],[85.6463926,19.9398617],[85.6464261,19.9399058],[85.6467184,19.9402184],[85.6467614,19.9402474],[85.6470269,19.9404164],[85.6470644,19.9404492],[85.6471892,19.9405828],[85.647212,19.9406231],[85.6473193,19.9409711],[85.6473501,19.9411539],[85.6473581,19.9412144],[85.6473729,19.941251],[85.647444,19.9413745],[85.6474668,19.9414073],[85.6475446,19.9414817],[85.6475861,19.9415018],[85.648089,19.9415724],[85.6481346,19.9415888],[85.6481709,19.9416216],[85.6483854,19.9419015],[85.6484619,19.9419985],[85.6484874,19.9420364],[85.6486952,19.942315],[85.6490023,19.9426793],[85.6490238,19.9427171],[85.6491029,19.9428684],[85.6491271,19.9429138],[85.6491512,19.9429466],[85.6493336,19.9432529],[85.649343,19.9432844],[85.649351,19.9433273],[85.6493524,19.9433664],[85.6493457,19.9434042],[85.6492639,19.9436967],[85.6492531,19.9437498],[85.6492357,19.9439993],[85.6492451,19.9441884],[85.6492464,19.9442363],[85.6492719,19.9448464],[85.6492759,19.9448956],[85.6493537,19.9455499],[85.6493591,19.9455978],[85.6493866,19.9459533],[85.6493886,19.9459968],[85.6493993,19.9467261],[85.6494302,19.9469971],[85.6494489,19.9471515],[85.6494576,19.9471767],[85.6494754,19.9472007],[85.649525,19.9472146]]}},{"type":"Feature","properties":{"id":867168037,"highway":"unclassified"},"geometry":{"type":"LineString","coordinates":[[85.643316,19.9172361],[85.6432876,19.917328]]}},{"type":"Feature","properties":{"id":867171917,"highway":"residential"},"geometry":{"type":"LineString","coordinates":[[85.6449059,19.9137074],[85.6450602,19.9137471],[85.645091,19.9137585],[85.645266,19.9138574],[85.6455021,19.9139608],[85.6455423,19.913976],[85.6458092,19.9140655],[85.6458548,19.9140819],[85.6459889,19.9141122],[85.6462839,19.9141601],[85.6464382,19.9141802],[85.6465749,19.9141992],[85.6467104,19.9142143],[85.6471717,19.9142269],[85.6472066,19.9142345],[85.647224,19.9142471],[85.6472374,19.9142685],[85.647385,19.9145787],[85.6474078,19.9146153],[85.6475419,19.9147615],[85.6475727,19.9147956],[85.6477726,19.9149985]]}},{"type":"Feature","properties":{"id":867174160,"highway":"residential"},"geometry":{"type":"LineString","coordinates":[[85.6421466,19.9087658],[85.642105,19.9087368]]}},{"type":"Feature","properties":{"id":867174161,"highway":"residential"},"geometry":{"type":"LineString","coordinates":[[85.6449059,19.9137074],[85.6447953,19.9136822],[85.644751,19.9136595],[85.6447215,19.9136343],[85.6445687,19.9135019],[85.6445405,19.9134628],[85.6442763,19.9128903],[85.6442481,19.9128348],[85.6439973,19.9123948],[85.6439799,19.9123455],[85.6439222,19.9121502],[85.6439102,19.9120984],[85.6438083,19.9114729],[85.6437989,19.9114213],[85.6436124,19.9108161],[85.6436044,19.9107668],[85.6435883,19.9105463],[85.6435937,19.9104945],[85.6436406,19.9100747],[85.6436393,19.9100242],[85.6436191,19.909975],[85.6432933,19.9094228],[85.6432611,19.9093798],[85.6431163,19.9092234],[85.6430814,19.909192],[85.6427608,19.9090016],[85.6427005,19.9089739],[85.6423639,19.9088503],[85.6423062,19.9088301],[85.6421466,19.9087658]]}},{"type":"Feature","properties":{"id":867175434,"highway":"residential"},"geometry":{"type":"LineString","coordinates":[[85.6375916,19.9167112],[85.6376351,19.9167131]]}},{"type":"Feature","properties":{"id":867175435,"highway":"residential"},"geometry":{"type":"LineString","coordinates":[[85.6376351,19.9167131],[85.6378591,19.9167575],[85.6379101,19.9167689],[85.638126,19.9168218],[85.6381702,19.9168382],[85.6386504,19.9169921],[85.6386986,19.9170059],[85.6388649,19.917069],[85.6389119,19.9170929],[85.6390487,19.9171623],[85.6390943,19.91719],[85.6394121,19.9174258],[85.639561,19.9175304],[85.6395945,19.9175494],[85.6396535,19.9175607],[85.6396951,19.9175607],[85.6397447,19.9175494],[85.6400263,19.9173829],[85.6400612,19.9173527],[85.6403857,19.9170286],[85.6404193,19.9170009],[85.6407411,19.91675],[85.6407733,19.916721],[85.6409262,19.9165507],[85.6410442,19.9164499],[85.6410751,19.9164234],[85.6412213,19.9163326],[85.6412655,19.9163162],[85.6413379,19.9162923],[85.641405,19.9162834],[85.6414586,19.9162771],[85.6417322,19.9162733],[85.6417818,19.9162733],[85.6419629,19.9163074],[85.6420071,19.9163213],[85.6421748,19.9164234],[85.6422083,19.9164549],[85.6424162,19.9166806],[85.6424457,19.9167071],[85.6426214,19.9168206],[85.642667,19.9168496],[85.6430076,19.9170337],[85.6430599,19.9170576],[85.6433523,19.9171522]]}},{"type":"Feature","properties":{"id":867176526,"highway":"unclassified"},"geometry":{"type":"LineString","coordinates":[[85.645427,19.9131482],[85.6454203,19.9132011]]}},{"type":"Feature","properties":{"id":867176527,"highway":"unclassified"},"geometry":{"type":"LineString","coordinates":[[85.6549414,19.9052836],[85.6547141,19.9055617],[85.6543071,19.9060528],[85.6542923,19.9060755],[85.6541334,19.9063107],[85.6541099,19.9063422],[85.6539155,19.9066222],[85.6538934,19.9066461],[85.6536003,19.9069242],[85.653314,19.9072104],[85.6529029,19.9076309],[85.6528748,19.9076568],[85.6526059,19.9079121],[85.6524798,19.9080136],[85.6524504,19.9080331],[85.6523377,19.9080981],[85.6523102,19.9081183],[85.652058,19.9082797],[85.6520319,19.9083004],[85.6519206,19.9083926],[85.6518978,19.9084114],[85.6515069,19.9087828],[85.6514848,19.9088048],[85.6511729,19.909151],[85.6511528,19.9091693],[85.6509215,19.9093761],[85.6508947,19.9093949],[85.6504997,19.9096201],[85.6504709,19.909637],[85.6501282,19.9098048],[85.6501027,19.9098187],[85.6497889,19.9099965],[85.6497628,19.9100103],[85.6491968,19.9103949],[85.649168,19.9104113],[85.6488783,19.9105677],[85.6488454,19.9105852],[85.6484418,19.9107814],[85.6484163,19.9107934],[85.6480394,19.9109535],[85.6480086,19.9109686],[85.647686,19.9111357],[85.6476606,19.9111502],[85.647499,19.9112429],[85.6474668,19.911265],[85.6470866,19.9115165],[85.6470644,19.9115336],[85.6467815,19.9117378],[85.6467526,19.9117586],[85.646133,19.9121804],[85.6461096,19.9121992],[85.6458897,19.9123959],[85.6456918,19.91257],[85.6456697,19.9125927],[85.6455463,19.9127641],[85.6455349,19.9127831],[85.6454659,19.9129792],[85.6454565,19.9130044],[85.6454317,19.913116],[85.645427,19.9131482]]}},{"type":"Feature","properties":{"id":867184774,"highway":"residential"},"geometry":{"type":"LineString","coordinates":[[85.6604943,19.9132156],[85.6605513,19.9133134],[85.6605687,19.9133348],[85.6607518,19.9135214],[85.6607719,19.9135447],[85.6609878,19.9137641],[85.6610253,19.9138108],[85.6613566,19.9142471],[85.6613982,19.9142773],[85.6615484,19.9143669],[85.661606,19.9143757],[85.6618595,19.914353],[85.6619266,19.9143404],[85.6625555,19.9142294],[85.6626105,19.9142256],[85.6627808,19.914237],[85.6628358,19.9142458],[85.6629914,19.9142773],[85.6630357,19.9142874],[85.6631372,19.9143148],[85.6633575,19.9143744],[85.6634165,19.9143946],[85.6635869,19.9144689],[85.6636197,19.9144815],[85.6637925,19.9145759],[85.6638276,19.9146067],[85.6638363,19.9146392],[85.663847,19.9147388],[85.6638551,19.9147703],[85.6638658,19.914793],[85.6638819,19.9148132],[85.6640469,19.9149885],[85.6640871,19.91502],[85.6643647,19.9152205],[85.664413,19.9152495],[85.6649159,19.9155559],[85.6649494,19.9155925],[85.6649923,19.9156568],[85.6650004,19.9156984],[85.6650017,19.9157286],[85.6649682,19.9159556],[85.6649642,19.9160035],[85.6649427,19.9163376],[85.6649441,19.9163843],[85.6649655,19.9166882],[85.6649722,19.9167512],[85.6650835,19.917741],[85.6650902,19.9177889],[85.6651211,19.9178986]]}},{"type":"Feature","properties":{"id":867186909,"highway":"unclassified"},"geometry":{"type":"LineString","coordinates":[[85.6759626,19.8834279],[85.6758258,19.8838688],[85.6758204,19.8839155],[85.6758218,19.8839596],[85.6758445,19.8843064],[85.6758526,19.8843531],[85.6758687,19.8843998],[85.6760538,19.884821],[85.6760766,19.8848853],[85.676322,19.8856426],[85.6765057,19.8861628],[85.6765231,19.8862234],[85.6765527,19.886357],[85.6765607,19.8864113],[85.6765634,19.8864605],[85.6765567,19.8870481],[85.6765594,19.8871087],[85.6765848,19.8873029],[85.6766425,19.8876774],[85.6766519,19.8877266],[85.6766894,19.8879549],[85.6766868,19.8880088],[85.6765902,19.8888074],[85.6765795,19.8888664],[85.6765044,19.8891943],[85.676491,19.8892387],[85.6762187,19.8899714],[85.6761932,19.8900268],[85.6757252,19.8908466],[85.6756943,19.8908983],[85.6756608,19.8909374],[85.6756125,19.8909916],[85.6753564,19.8912628],[85.6753027,19.8913082],[85.6752639,19.8913359],[85.6746389,19.8917432],[85.6745839,19.8917937],[85.6745504,19.8918366],[85.6745236,19.8919047],[85.6745169,19.8919539],[85.6745276,19.8920522],[85.6745383,19.892109],[85.6746871,19.8925789],[85.6747234,19.8927647],[85.6747274,19.8928278],[85.6747086,19.8930233],[85.6746965,19.8930734],[85.6746134,19.8932641],[85.674592,19.8933045],[85.6743707,19.8935857],[85.6743479,19.8936282],[85.6742111,19.8940258],[85.6741896,19.8940838],[85.6739871,19.8944609],[85.673967,19.8945109],[85.6739147,19.894708],[85.6739093,19.8947497],[85.6739093,19.8949388],[85.6739134,19.8949968],[85.6739885,19.8953726],[85.6740086,19.8954369],[85.6740662,19.8955492],[85.6740957,19.8955996],[85.6741762,19.8956841],[85.6745759,19.89593],[85.6746389,19.8959678],[85.6749031,19.8961797],[85.6749634,19.8962213],[85.6753094,19.8964483],[85.675355,19.8964912],[85.6755133,19.8966993],[85.6755388,19.8967497],[85.6755723,19.8968808],[85.675575,19.89693],[85.6755683,19.896978],[85.6754127,19.8974975],[85.6754033,19.8975568],[85.6754248,19.8976311],[85.6754865,19.8977863],[85.6755026,19.8978367],[85.6755294,19.897959],[85.6755307,19.898007],[85.6754328,19.8984382],[85.6754288,19.8984899],[85.6754342,19.8985391],[85.6754623,19.8986968],[85.6754623,19.898751],[85.6754261,19.8991999],[85.6754275,19.8992592],[85.6754529,19.8997396],[85.6754489,19.8998014],[85.675402,19.9003525],[85.675402,19.9004054],[85.6754114,19.9008102],[85.67541,19.9008682],[85.6753698,19.9013222],[85.6753658,19.9013701],[85.6753671,19.9016854],[85.6753617,19.9017386],[85.675351,19.9018077],[85.6753269,19.9018909],[85.6753135,19.9019237],[85.6751123,19.9022617],[85.6750935,19.9022984],[85.674997,19.9025605],[85.6749675,19.9026059],[85.6747489,19.9028026],[85.6747287,19.9028354],[85.6747153,19.9028707],[85.6747153,19.902906],[85.6747127,19.9031809],[85.6747073,19.9032288],[85.6746657,19.9034508],[85.674655,19.9035],[85.6746053,19.9036249],[85.6745866,19.9036639],[85.6744753,19.9038455],[85.6744471,19.903882],[85.6743385,19.9040434],[85.6743143,19.9040863],[85.6742969,19.9041229],[85.674089,19.9049211],[85.6740729,19.904964],[85.6739576,19.9052717],[85.6739348,19.9053146],[85.6738007,19.9055012],[85.6737806,19.9055365],[85.673676,19.9057306],[85.6736599,19.905771],[85.6735902,19.906003],[85.6735821,19.9060345],[85.6735285,19.9064418],[85.6735217,19.9064847],[85.6734815,19.9066184],[85.6734681,19.9066612],[85.6733783,19.9068416],[85.6733554,19.9068781],[85.6731891,19.9071404],[85.6731744,19.9071795],[85.6731422,19.907375],[85.6731301,19.9074027],[85.6731006,19.9074254],[85.6730725,19.9074355],[85.6725535,19.9075099],[85.6724931,19.9075162],[85.6721042,19.9075691],[85.6720559,19.9075843],[85.6718749,19.9076549],[85.6718454,19.9076738],[85.6718253,19.9077066],[85.6718186,19.9077482],[85.6718668,19.908211],[85.6718749,19.9082602],[85.671954,19.9086233],[85.6719688,19.9086548],[85.6719875,19.908675],[85.6720197,19.9086851],[85.6726205,19.9086787],[85.6726728,19.9086838],[85.6728941,19.9087469],[85.6729384,19.9087557],[85.6730296,19.908757],[85.6731194,19.908757],[85.673165,19.9087582],[85.6738865,19.9087897],[85.6739563,19.9087973],[85.6742728,19.9088401],[85.6743385,19.9088452],[85.6752343,19.9089083],[85.6752893,19.9089032],[85.6753255,19.9088932],[85.6754355,19.9088263],[85.6754798,19.9088074],[85.67552,19.9087961],[85.6758694,19.9087444],[85.6760806,19.9087267],[85.6761208,19.9087343],[85.676149,19.9087456],[85.6761678,19.9087658],[85.6762482,19.9089751],[85.6762697,19.9089991],[85.6763019,19.9090104],[85.6763488,19.9090104],[85.6767873,19.908965],[85.6769341,19.9089413],[85.6769721,19.9089402],[85.6770539,19.9089523],[85.677085,19.9089672],[85.6771102,19.9089922],[85.6772158,19.9091725],[85.6772473,19.9091991],[85.6773345,19.9092349],[85.6773667,19.90925],[85.6773908,19.9092689],[85.6776845,19.9095955],[85.6777154,19.9096295],[85.6778821,19.9097689],[85.6779206,19.9097985],[85.6782487,19.9100697],[85.6782861,19.9101202],[85.6784145,19.9104276],[85.6784309,19.9104846],[85.6784798,19.9107543],[85.6784798,19.9107947],[85.6784517,19.9109725],[85.6784517,19.9110166],[85.6784865,19.9111919],[85.6785026,19.9112347],[85.6785896,19.9113584],[85.678622,19.9113961],[85.6788956,19.9116004],[85.6790028,19.9117063],[85.6790149,19.9117391],[85.6790109,19.9117706],[85.6788969,19.9118815],[85.6788701,19.9119081],[85.6786515,19.9122107],[85.6786287,19.9122547],[85.6784704,19.9126444],[85.6784664,19.9126772],[85.6784745,19.9127075],[85.6784932,19.9127277],[85.678516,19.9127415],[85.6788097,19.9128853],[85.6788647,19.912908],[85.679082,19.912995],[85.6791303,19.9130076],[85.6794897,19.9131412],[85.6795339,19.9131665],[85.6798209,19.913343],[85.6798504,19.9133682],[85.6800167,19.9135372],[85.6800449,19.9135725],[85.6802005,19.9138171],[85.6802259,19.9138587],[85.6802876,19.9140567],[85.6803185,19.9140882],[85.6803493,19.9140932],[85.6803949,19.9140882],[85.6808361,19.9139772],[85.6808804,19.9139747],[85.6809287,19.9139898],[85.6809662,19.9140163],[85.6811446,19.9141512],[85.6811768,19.9141853],[85.6814289,19.9145976],[85.6814463,19.9146203],[85.6814772,19.914648],[85.6815067,19.9146581],[85.6815416,19.9146707],[85.6821075,19.9147136],[85.6821437,19.9147287],[85.6822,19.914788],[85.6822215,19.9148195],[85.682243,19.9148977],[85.6822483,19.9149393],[85.6822496,19.9153869],[85.6822497,19.9154361],[85.6822899,19.9158169],[85.6822979,19.9158623],[85.6824066,19.9162116],[85.6824227,19.9162607],[85.6825742,19.9168458],[85.6825849,19.9168937],[85.6826332,19.9173111],[85.6826399,19.917359],[85.6827392,19.9177599],[85.6827432,19.9178003],[85.6827794,19.9180613],[85.6827942,19.9181105],[85.683065,19.9189578],[85.6831925,19.9193411],[85.6832112,19.9193814],[85.6833091,19.9195466],[85.6833333,19.9195857],[85.6834634,19.9198],[85.6834835,19.9198341],[85.683627,19.9201039],[85.6836538,19.9201442],[85.6840561,19.9206347],[85.6840856,19.9206738],[85.6841755,19.9208139],[85.6841916,19.9208554],[85.6842586,19.9210407]]}},{"type":"Feature","properties":{"id":867187118,"highway":"residential"},"geometry":{"type":"LineString","coordinates":[[85.6706679,19.9221405],[85.6707296,19.9220544],[85.6707524,19.9220191],[85.6708181,19.9218781],[85.6708288,19.9218414],[85.670979,19.9212904],[85.6709991,19.9212425],[85.6711721,19.9208946],[85.6711963,19.9208415],[85.6713666,19.9203876],[85.671384,19.9203397],[85.6714886,19.9200321],[85.6715088,19.9199879],[85.6717998,19.9193713],[85.6718172,19.9193297],[85.67195,19.9190158],[85.6720122,19.9188375],[85.6720988,19.9185896],[85.6721203,19.9185417],[85.6722638,19.9181886],[85.6722839,19.9181407],[85.6724194,19.9177183],[85.6724395,19.9176818],[85.6725883,19.9173892],[85.6725977,19.9173501],[85.6726259,19.9171925],[85.6726286,19.9171408],[85.6726675,19.9163679],[85.6726742,19.91632],[85.6727546,19.9160173],[85.6727654,19.9159745],[85.6729987,19.9154563],[85.6730175,19.915402],[85.6731516,19.9149481],[85.6731664,19.9148977],[85.6733541,19.9142471],[85.6733622,19.914208],[85.6733917,19.9139281],[85.673393,19.9138889],[85.6733876,19.9136708],[85.673389,19.9136254],[85.6733984,19.9135775],[85.6735727,19.9131614],[85.6735915,19.9131172],[85.6736653,19.9129849],[85.6736827,19.9129558],[85.6737497,19.9128752],[85.6737752,19.9128475],[85.6739295,19.9126861],[85.6739496,19.9126558],[85.6740475,19.9124931],[85.6740689,19.9124514],[85.674085,19.9124023],[85.6740904,19.9123556],[85.6740904,19.9121841],[85.6740864,19.9121388],[85.6740662,19.9119762],[85.6740542,19.9119333],[85.6740367,19.9118865],[85.6738892,19.9115865],[85.673684,19.9111666],[85.673672,19.9111263],[85.6736653,19.9110859],[85.6736666,19.910743],[85.6736653,19.9106824],[85.6736585,19.9100091],[85.6736612,19.9099776],[85.67368,19.9099549],[85.6737149,19.9099473],[85.6738892,19.9099612],[85.6739362,19.9099624],[85.6740622,19.9099448],[85.6740904,19.909936],[85.6741132,19.9099082],[85.6741762,19.9097631],[85.6741883,19.9097191],[85.6742755,19.9093711],[85.6742808,19.9093219],[85.6742728,19.9088401]]}},{"type":"Feature","properties":{"id":867187119,"highway":"residential"},"geometry":{"type":"LineString","coordinates":[[85.67368,19.9099549],[85.673613,19.9098603],[85.6735848,19.9098275],[85.6734949,19.9097607],[85.6734574,19.909738],[85.6733005,19.9096939],[85.6732562,19.9096876],[85.6729572,19.9096649],[85.6721042,19.9096081],[85.6720519,19.9095993],[85.6719781,19.9095842],[85.6719406,19.9095728],[85.6718105,19.9095135],[85.6717515,19.909482],[85.6716026,19.9094127],[85.671557,19.9094026],[85.6715061,19.9094038],[85.6713773,19.9094114],[85.671321,19.9094101],[85.670882,19.9093402],[85.6707693,19.9093223],[85.6707235,19.9093256],[85.6706886,19.9093533],[85.6706732,19.9093887],[85.6706535,19.9094658],[85.6705123,19.9100179],[85.6705002,19.9100494],[85.6704774,19.9100847],[85.6703474,19.9101793],[85.6703085,19.910202],[85.6699933,19.9103369],[85.669945,19.9103521],[85.6697975,19.9103798],[85.6697425,19.9103874],[85.6693093,19.9104265],[85.6692463,19.9104289],[85.6688856,19.910429],[85.6688225,19.9104289],[85.6682311,19.9103987],[85.6681922,19.9104038],[85.6681439,19.9104126],[85.6681077,19.9104315],[85.6678851,19.9106143],[85.667865,19.9106433],[85.6678542,19.9106761],[85.6678288,19.9108035],[85.6678247,19.9108476],[85.6678462,19.9114023],[85.6678449,19.9114541],[85.6678676,19.9116646],[85.6678663,19.9117025],[85.6678623,19.9120304],[85.6678569,19.9120782],[85.6677335,19.9125373],[85.6677174,19.9125876],[85.6676397,19.9127592],[85.6676155,19.9127983],[85.6674761,19.9130366],[85.6674559,19.913087],[85.667417,19.9132497],[85.6674103,19.9132963],[85.6673822,19.9135183]]}},{"type":"Feature","properties":{"id":867194829,"highway":"unclassified"},"geometry":{"type":"LineString","coordinates":[[85.6650614,19.9188695],[85.6650601,19.9189155]]}},{"type":"Feature","properties":{"id":867194830,"highway":"unclassified"},"geometry":{"type":"LineString","coordinates":[[85.6672011,19.9497667],[85.6671461,19.9496823],[85.6671166,19.9496394],[85.6669906,19.949473],[85.666945,19.9494251],[85.6665158,19.9489549],[85.6664662,19.9488918],[85.6661712,19.9485099],[85.6661068,19.9484128],[85.6658185,19.9479829],[85.6657822,19.9479237],[85.6656401,19.9476766],[85.6656092,19.9476073],[85.6655207,19.9473866],[85.6654966,19.9473198],[85.6653719,19.946929],[85.6653531,19.9468597],[85.6652507,19.9465887],[85.6652297,19.9465332],[85.6652109,19.9464765],[85.664961,19.9458711],[85.6647295,19.9454969],[85.6647,19.9454503],[85.6645203,19.9451086],[85.6644934,19.9450508],[85.6643191,19.9446056],[85.6642963,19.9445577],[85.6641387,19.9442331],[85.6641213,19.9441858],[85.6640576,19.9439784],[85.6640489,19.9439551],[85.6639902,19.9437738],[85.6639818,19.9437477],[85.6639731,19.9437232],[85.6639067,19.9435391],[85.6638926,19.9435128],[85.6637183,19.9432302],[85.6636995,19.9432012],[85.6635104,19.9429617],[85.6633914,19.9428215],[85.663383,19.9427967],[85.6633716,19.9425999],[85.6633723,19.9425749],[85.6634199,19.9423736],[85.6634259,19.942353],[85.6634876,19.9421769],[85.6634943,19.9421568],[85.6635915,19.9419475],[85.6636009,19.9419298],[85.663613,19.9419097],[85.6637793,19.9416613],[85.663792,19.9416399],[85.6639013,19.9414268],[85.6639148,19.9414041],[85.6641099,19.9410083],[85.6643151,19.9404712],[85.6644124,19.94023],[85.6644372,19.9401776],[85.6644814,19.9401351],[85.6645433,19.9400985],[85.6648589,19.9399537],[85.664879,19.9399455],[85.6649804,19.9399048],[85.6650194,19.9398873],[85.6650556,19.9398657],[85.6651707,19.9397974],[85.6653357,19.9396713],[85.6653531,19.9396587],[85.6655234,19.9395697],[85.6655462,19.9395534],[85.6656549,19.9394406],[85.6656629,19.9394141],[85.6656689,19.9392124],[85.6656736,19.9391915],[85.6657775,19.9388915],[85.6657862,19.9388687],[85.6659036,19.9386407],[85.665915,19.9386217],[85.6659861,19.9385234],[85.6660015,19.938502],[85.666149,19.9382675],[85.6661671,19.9382435],[85.6662416,19.9381578],[85.6662557,19.9381408],[85.6665413,19.9378231],[85.6665561,19.9378042],[85.6667311,19.9375716],[85.6667525,19.9375413],[85.6669403,19.9372564],[85.6670436,19.9371297],[85.6672588,19.9368429],[85.6672722,19.9368227],[85.6674358,19.9365643],[85.6675968,19.9363436],[85.6676088,19.9363272],[85.6677597,19.9361135],[85.6677724,19.9360978],[85.6677899,19.9360745],[85.667869,19.9359912],[85.6678844,19.935973],[85.6681245,19.9356805],[85.6681406,19.9356628],[85.6683531,19.9354138],[85.6683699,19.9353924],[85.6685744,19.9351321],[85.6685892,19.935115],[85.6688567,19.9348005],[85.6688721,19.9347835],[85.66907,19.9345502],[85.6690854,19.9345357],[85.6693818,19.9342004],[85.6698552,19.933674],[85.669874,19.9336551],[85.6699484,19.93357],[85.6699651,19.9335485],[85.670059,19.9334086],[85.6700718,19.9333859],[85.6701368,19.933201],[85.6701422,19.9331817],[85.6701757,19.9330064],[85.6701797,19.9329818],[85.6702227,19.9325304],[85.670226,19.9325078],[85.6702904,19.9320684],[85.670293,19.9320451],[85.6703286,19.9318087],[85.6703319,19.9317873],[85.6703702,19.931479],[85.6703749,19.9314532],[85.6704198,19.9311922],[85.6704251,19.9311682],[85.6704654,19.9309848],[85.6704687,19.9309602],[85.6705177,19.9307251],[85.6705217,19.9307011],[85.6705854,19.9302567],[85.6706035,19.9300846],[85.6706035,19.9300581],[85.6705982,19.929812],[85.6705955,19.9297883],[85.6705727,19.9296055],[85.670568,19.9295809],[85.670521,19.9293552],[85.670517,19.9293294],[85.6705163,19.9293035],[85.6705285,19.9290554],[85.6705324,19.9290312],[85.6705821,19.9288284],[85.6705888,19.9288087],[85.6706779,19.9285584],[85.6706853,19.9285389],[85.6707109,19.9284199],[85.6707135,19.9283983],[85.6707048,19.928218],[85.6707028,19.9281902],[85.6706659,19.9279538],[85.6706598,19.9279286],[85.6705425,19.9273272],[85.6705365,19.9273033],[85.6704808,19.9270763],[85.6703836,19.9268008],[85.6703655,19.9267542],[85.6702146,19.9264339],[85.6702052,19.9264119],[85.670049,19.9260027],[85.669823,19.9254247],[85.6698129,19.9253982],[85.6696372,19.9248995],[85.6696279,19.9248756],[85.6694535,19.9243813],[85.6694428,19.9243586],[85.669371,19.9241909],[85.669359,19.9241681],[85.6692664,19.9240113],[85.669241,19.9239713],[85.6691001,19.9237868],[85.6690666,19.9237515],[85.6688708,19.9235448],[85.6688333,19.9235107],[85.6685999,19.923256],[85.6685637,19.9232169],[85.6684454,19.9230723],[85.6679186,19.9224188],[85.6678837,19.9223775],[85.6674948,19.9219977],[85.6674492,19.9219538],[85.6668269,19.9212477],[85.6667921,19.9212172],[85.6665225,19.9209953],[85.6664729,19.9209552],[85.6658238,19.9205893],[85.6657822,19.9205565],[85.6656079,19.9203838],[85.6655811,19.920346],[85.6654429,19.9201455],[85.6654148,19.9200963],[85.6652069,19.919669],[85.6650902,19.919418],[85.6650755,19.9193663],[85.665054,19.919249],[85.6650527,19.9192049],[85.6650601,19.9189155]]}},{"type":"Feature","properties":{"id":867194831,"highway":"unclassified"},"geometry":{"type":"LineString","coordinates":[[85.6589332,19.9111048],[85.658956,19.9111843]]}},{"type":"Feature","properties":{"id":867194832,"highway":"unclassified"},"geometry":{"type":"LineString","coordinates":[[85.658956,19.9111843],[85.6591666,19.9119117],[85.6593141,19.9122876],[85.6593369,19.9123242],[85.6594107,19.9124023],[85.6594469,19.9124351],[85.6596279,19.9125448],[85.6596762,19.9125726],[85.6599095,19.9127176],[85.6599444,19.912739],[85.6601576,19.9129244],[85.6602931,19.9130467],[85.6604433,19.9131929],[85.6604943,19.9132156],[85.6605278,19.9132182],[85.6605694,19.9132182],[85.6608094,19.9132497],[85.6608698,19.9132636],[85.6612936,19.913372],[85.661362,19.9133859],[85.6617442,19.9134666],[85.6618112,19.9134779],[85.6620634,19.9135157],[85.6621264,19.9135246],[85.6625421,19.913604],[85.6626803,19.9136367],[85.6627259,19.9136494],[85.6633119,19.9137906],[85.6633776,19.9138095],[85.6636298,19.9138889],[85.6636807,19.9139104],[85.6638269,19.9139936],[85.6638712,19.9140125],[85.6643111,19.9142332],[85.6647831,19.9144538],[85.6648287,19.9144829],[85.6650621,19.9146821],[85.6650862,19.9147123],[85.6653061,19.9150906],[85.6653222,19.915131],[85.6653759,19.9152974],[85.6653933,19.9153491],[85.6654336,19.9155508],[85.6654429,19.9156],[85.6654644,19.9159859],[85.6654671,19.9160325],[85.6654724,19.9165507],[85.6654724,19.9168218],[85.6654711,19.9168647],[85.6654657,19.9168987],[85.6653786,19.9171825],[85.6653638,19.9172316],[85.6652928,19.9174548],[85.6652123,19.917799],[85.6651922,19.9178368],[85.665168,19.9178621],[85.6651211,19.9178986],[85.6651023,19.9179377],[85.6650956,19.9179705],[85.6651063,19.9183198],[85.6651063,19.9183677],[85.6650614,19.9188695]]}},{"type":"Feature","properties":{"id":867206989,"highway":"residential"},"geometry":{"type":"LineString","coordinates":[[85.6730296,19.908757],[85.6730658,19.9090949],[85.6730658,19.9091277],[85.6730618,19.9091567],[85.6729572,19.9096649]]}},{"type":"Feature","properties":{"id":867208153,"highway":"residential"},"geometry":{"type":"LineString","coordinates":[[85.6631372,19.9143148],[85.6628414,19.9146468],[85.6628191,19.9146754],[85.6627744,19.91475],[85.6627703,19.9147844],[85.6627784,19.9149067],[85.6627967,19.9149526],[85.662941,19.9150902],[85.6629898,19.9151265],[85.6632216,19.9152583],[85.6632805,19.9152736],[85.6633842,19.9152908],[85.6634208,19.9152851],[85.6634452,19.9152679],[85.6636769,19.9150175]]}},{"type":"Feature","properties":{"id":867208154,"highway":"residential"},"geometry":{"type":"LineString","coordinates":[[85.6719875,19.908675],[85.6718948,19.9088846],[85.6718765,19.9089057],[85.6718535,19.9089207],[85.6716359,19.9089939],[85.6716146,19.9090122],[85.6716023,19.9090371],[85.671557,19.9094026]]}},{"type":"Feature","properties":{"id":867208446,"highway":"unclassified"},"geometry":{"type":"LineString","coordinates":[[85.7128086,19.9656462],[85.7123642,19.9658809],[85.7115036,19.9663352],[85.7114374,19.9664018],[85.7113993,19.9664758],[85.7113723,19.9665415],[85.711324,19.966593],[85.7112385,19.9666375],[85.7100676,19.9670742],[85.7095421,19.9672575],[85.7093761,19.9673345],[85.7092336,19.9674255],[85.7090342,19.9675641],[85.7081733,19.9681439],[85.7078842,19.9683688],[85.7075612,19.9686079],[85.7073607,19.9687335],[85.7071772,19.968809],[85.7069873,19.9688425],[85.7067926,19.9688579],[85.7065932,19.9688718],[85.7064176,19.9689084],[85.706265,19.9689854],[85.706153,19.9690614],[85.7060372,19.9691616],[85.7058481,19.9693411],[85.705664,19.9694373],[85.7049732,19.9697445],[85.7046361,19.9699026],[85.7042273,19.9701019],[85.7039874,19.9702057],[85.7036969,19.9703074],[85.7035062,19.9703627],[85.7025374,19.9706913],[85.702155,19.9708088],[85.7017367,19.9709272],[85.701343,19.9710486],[85.700904,19.97124],[85.7006633,19.9713438],[85.6998548,19.9716543],[85.6995595,19.9717824],[85.6993219,19.9719062],[85.6992458,19.9719528],[85.6992007,19.9719953],[85.6988085,19.9724779],[85.6986059,19.9727322],[85.698477,19.9729014],[85.6984342,19.9729433],[85.6983996,19.9729658],[85.6983375,19.9729796],[85.6982959,19.9729818],[85.6982177,19.9729684],[85.6981341,19.9729528],[85.6980421,19.972953],[85.6979644,19.9729694],[85.6978048,19.9730291],[85.6976905,19.9730577],[85.6975976,19.9730434],[85.6975229,19.9730119],[85.6974453,19.9729472],[85.6974055,19.9729074],[85.6973691,19.9728851],[85.6973175,19.972878],[85.6972218,19.9728819],[85.6971034,19.9729138],[85.6969403,19.9729753],[85.696738,19.9730633],[85.696599,19.9731396],[85.6965207,19.9731919],[85.6964501,19.9732598],[85.6963688,19.9733538],[85.6961101,19.9738183],[85.6960631,19.9739218],[85.6960178,19.9739887],[85.69596,19.9740347],[85.6958899,19.9740718],[85.6957562,19.9741247],[85.6954777,19.9742044],[85.6953586,19.9742641],[85.6952899,19.9743108],[85.6952666,19.9743403],[85.6952549,19.9743774],[85.6952541,19.9744303],[85.6952702,19.9744839],[85.6953205,19.9745935],[85.6955745,19.9749441],[85.695658,19.9750767],[85.6957314,19.9752237],[85.6959263,19.9757442],[85.6959684,19.9758814],[85.6959908,19.9759816],[85.6959921,19.9760298],[85.695975,19.9760842],[85.6959197,19.9761287],[85.6958171,19.9761756],[85.6953316,19.9763907],[85.695143,19.9764847],[85.6950807,19.9765571],[85.6950673,19.9765904],[85.6950528,19.9766264],[85.6950348,19.9767405],[85.6950148,19.9769648],[85.6949876,19.9772916],[85.6949621,19.9774305],[85.6948798,19.9776092],[85.6947735,19.977752],[85.694726,19.9778573],[85.6947108,19.977984],[85.6947146,19.9781822],[85.6947298,19.978491],[85.6947127,19.9787266],[85.6947055,19.9788166],[85.6946842,19.9791014],[85.6946899,19.9793388],[85.6947184,19.9795405],[85.6947754,19.9796958],[85.6948494,19.9798118],[85.6949501,19.9799261],[85.6950887,19.9800581],[85.6952882,19.9802813],[85.6954819,19.9805204],[85.6956243,19.9807061],[85.6958258,19.9810297],[85.6963361,19.9818587],[85.6966287,19.9823633],[85.6969686,19.9828441],[85.6976391,19.9837065],[85.6981068,19.9842223],[85.6984844,19.9846553],[85.698768,19.9849907],[85.6988743,19.9851411],[85.6989452,19.9852801],[85.6989916,19.9854088],[85.6990271,19.9855546],[85.6991199,19.9859084],[85.6992025,19.9862477],[85.6992642,19.9865332],[85.6992715,19.9866653],[85.6992629,19.986872],[85.6992532,19.9869857],[85.6992253,19.9871493],[85.6990774,19.987901],[85.6990371,19.9881536],[85.6990261,19.9883334],[85.6990436,19.9886771],[85.6990641,19.9889164],[85.69911,19.9891881],[85.6991986,19.9895962],[85.6992562,19.9897174],[85.6993792,19.9899014],[85.6995113,19.9900427],[85.699637,19.9901531],[85.6997754,19.9902353],[85.6999467,19.9902986],[85.7001125,19.9903466],[85.7001808,19.9903774],[85.700261,19.9904211],[85.7004641,19.9905537],[85.7006083,19.9906628],[85.7006657,19.990696],[85.7007357,19.9907189],[85.700889,19.9907485],[85.7010597,19.9907655],[85.7013074,19.9907736],[85.7014199,19.990781],[85.7015473,19.9908084],[85.7016073,19.9908254],[85.7016928,19.9908453],[85.7017801,19.9908764],[85.7019067,19.9909503],[85.7020805,19.9910781],[85.7026074,19.9916288],[85.7027507,19.9918334],[85.7028687,19.9920487],[85.7029279,19.9921834],[85.7030094,19.9923648],[85.7030661,19.992418],[85.7031807,19.9924619],[85.7033081,19.9924712],[85.7034469,19.9924632],[85.7035403,19.9924446],[85.7036606,19.9924087],[85.7037696,19.9923807],[85.7038362,19.9923821],[85.7039225,19.992414],[85.7040089,19.9924792],[85.7041603,19.9926335],[85.7044024,19.9929741],[85.7044873,19.9931497],[85.7045539,19.9933572],[85.7045878,19.9935275],[85.7045978,19.9937443],[85.7046147,19.994037],[85.7046331,19.994174],[85.7046685,19.9942724],[85.7048625,19.994613],[85.7049559,19.994738],[85.7050462,19.9948217],[85.7051201,19.9948753],[85.7052078,19.994929]]}},{"type":"Feature","properties":{"id":867209094,"highway":"residential"},"geometry":{"type":"LineString","coordinates":[[85.670882,19.9093402],[85.6708861,19.9090766],[85.670882,19.9090422],[85.6708352,19.9087192],[85.6708352,19.9086752],[85.6708169,19.9083886],[85.6708271,19.9083618],[85.6708535,19.9083408],[85.6708922,19.9083274],[85.6718668,19.908211]]}},{"type":"Feature","properties":{"id":867209095,"highway":"residential"},"geometry":{"type":"LineString","coordinates":[[85.6731194,19.908757],[85.673157,19.9086874],[85.6731814,19.9086702],[85.6732099,19.9086626],[85.673525,19.9086014],[85.6735555,19.9085842],[85.6735677,19.9085575],[85.6735677,19.908179],[85.6735583,19.9081251],[85.6734112,19.9078024],[85.6733809,19.9077563],[85.6731301,19.9074027]]}},{"type":"Feature","properties":{"id":867211612,"highway":"residential"},"geometry":{"type":"LineString","coordinates":[[85.6627795,19.9079197],[85.6630987,19.9078049],[85.6631577,19.9077974],[85.6636834,19.9078075],[85.664012,19.9078264],[85.6640603,19.907839],[85.6641689,19.907868],[85.6642185,19.9078667],[85.6644827,19.9078377],[85.6645377,19.9078377],[85.6648462,19.9078781],[85.6649052,19.9078831],[85.6656133,19.9079298],[85.6656682,19.9079361],[85.6661376,19.9080017],[85.6662181,19.9080143],[85.66654,19.9080723],[85.6666338,19.9080798],[85.6673352,19.9081025],[85.6673956,19.9080987],[85.667582,19.9080761],[85.6676356,19.9080584],[85.6679226,19.9079701],[85.6679763,19.9079676],[85.6681184,19.907979],[85.66816,19.9079714],[85.6685664,19.9077974],[85.6686307,19.9077785],[85.6689097,19.9077192],[85.668962,19.9077167],[85.6692275,19.9077671],[85.6692798,19.9077772],[85.6696258,19.9078629],[85.6696929,19.9078743],[85.6702052,19.907955],[85.6702521,19.9079663],[85.6703044,19.9079991],[85.6703232,19.9080395],[85.6703299,19.9080786],[85.6703433,19.9082715],[85.6703541,19.9083232],[85.6704158,19.908472],[85.6704493,19.908501],[85.6706867,19.9087015],[85.6707309,19.9087204],[85.6708352,19.9087192]]}},{"type":"Feature","properties":{"id":867216151,"highway":"unclassified"},"geometry":{"type":"LineString","coordinates":[[85.6979392,19.9197925],[85.6979071,19.9200787],[85.6978693,19.9202679],[85.6978617,19.9202989],[85.6976067,19.9209197],[85.6975751,19.9209625],[85.6975322,19.9210035],[85.6974341,19.9210861],[85.6974024,19.9211097],[85.6966208,19.9216159],[85.6965927,19.9216349],[85.6961166,19.921945],[85.696079,19.921969],[85.6959382,19.9220586],[85.6953978,19.922428],[85.6946764,19.922907],[85.6946414,19.9229273],[85.694382,19.9230723],[85.6935285,19.9235454],[85.6934749,19.923558],[85.6934213,19.9235555],[85.693373,19.9235328],[85.6928186,19.9230723],[85.6915703,19.9220204],[85.6915301,19.9219891],[85.6912914,19.9218351],[85.6912391,19.9218149],[85.691054,19.9217871],[85.690991,19.9217846],[85.6908113,19.9217897],[85.6907402,19.9217934],[85.6900442,19.9217481],[85.6899664,19.9217443],[85.6891617,19.9217455],[85.6890786,19.9217417],[85.6884912,19.9217191],[85.6884147,19.9217102],[85.6879722,19.9216497],[85.6878903,19.9216346],[85.6867906,19.9214278],[85.6867169,19.9214164],[85.6861,19.9212979],[85.6860329,19.9212891],[85.6850754,19.9211063],[85.685011,19.9210937],[85.6845805,19.9210306],[85.6845161,19.9210281],[85.6842586,19.9210407],[85.6827083,19.9211454],[85.682652,19.9211518],[85.682589,19.9211693],[85.6825393,19.9211922],[85.6825031,19.921216],[85.6823382,19.9213711],[85.6823033,19.9214091],[85.6816354,19.9219927],[85.6815912,19.922038],[85.6812733,19.922323],[85.6812358,19.9223533],[85.680993,19.9225689],[85.6809622,19.9225994],[85.6808683,19.922671],[85.6808133,19.9226912],[85.6806806,19.9226975],[85.6806296,19.9226874],[85.6798236,19.9223684],[85.6797713,19.9223472],[85.678742,19.9219006],[85.6786964,19.9218811],[85.6781941,19.9216714],[85.6777006,19.9214545],[85.67747,19.9213616],[85.6774284,19.9213534],[85.6773855,19.9213534],[85.6768329,19.9213881],[85.6767833,19.9213939],[85.6755884,19.9215514],[85.6755388,19.9215554],[85.6752518,19.9216081],[85.6751793,19.921626],[85.6742674,19.9219927],[85.6742137,19.9220144],[85.6734695,19.9223407],[85.6734171,19.9223646],[85.6725776,19.9227769],[85.672532,19.9227983],[85.6722839,19.9229005],[85.6722504,19.922908],[85.6722048,19.9229169],[85.6720224,19.9229345],[85.6719647,19.9229358],[85.6713988,19.9228979],[85.6713532,19.9228891],[85.6712379,19.9228475],[85.6711936,19.9228214],[85.6710085,19.9227101],[85.6709267,19.922642],[85.6708905,19.9225979],[85.6708717,19.9225641],[85.6706679,19.9221405],[85.6705552,19.9219624],[85.6705244,19.9219246],[85.6703138,19.92168],[85.6702816,19.9216512],[85.6700322,19.9214883],[85.6699853,19.9214656],[85.6697452,19.9213458],[85.6697063,19.9213244],[85.669599,19.9212336],[85.6695668,19.9212008],[85.6693791,19.9209613],[85.6693536,19.9209199],[85.6692342,19.9207053],[85.6692141,19.9206526],[85.6691578,19.9204317],[85.6691497,19.9203802],[85.6690854,19.9199185],[85.66908,19.9198556],[85.6690103,19.9189729],[85.6690049,19.9189112],[85.6689566,19.918509],[85.6689472,19.9184635],[85.6688319,19.9178898],[85.6688225,19.9178331],[85.6688011,19.9176818],[85.668801,19.9176364],[85.6688869,19.9163149],[85.6688896,19.9159405],[85.6688922,19.9158963],[85.6688748,19.9157816],[85.6688654,19.915745],[85.668447,19.914595],[85.6684229,19.9145459],[85.6680085,19.9137906],[85.6679857,19.9137628],[85.6678408,19.9136116],[85.667806,19.9135901],[85.6677617,19.9135775],[85.6673822,19.9135183],[85.6671649,19.9135183],[85.6671113,19.9135183],[85.6666781,19.9134817],[85.6666164,19.9134729],[85.6663978,19.91343],[85.6663509,19.9134161],[85.6660505,19.9133127],[85.6660022,19.91329],[85.6657594,19.9131803],[85.6657111,19.9131576],[85.6651519,19.9128563],[85.6650889,19.9128297],[85.6644036,19.9125764],[85.6643459,19.9125537],[85.6640616,19.9124313],[85.664016,19.9124061],[85.6637612,19.9122573],[85.6637196,19.9122321],[85.663489,19.9120934],[85.6634581,19.9120732],[85.6632784,19.9119522],[85.6632489,19.9119269],[85.6631429,19.91184],[85.6631094,19.9118008],[85.6630142,19.9116735],[85.662986,19.9116293],[85.6629284,19.9115222],[85.6629109,19.911478],[85.6628613,19.9113419],[85.6628519,19.9113065],[85.6628305,19.9112082],[85.6628251,19.9111552],[85.6628291,19.9109813],[85.6628358,19.9109383],[85.6629632,19.9105034],[85.6629699,19.9104605],[85.6630129,19.9101301],[85.6630249,19.9100797],[85.6631014,19.9097657],[85.6631094,19.9097203],[85.6631255,19.9095664],[85.6631309,19.9095211],[85.6631282,19.9092979],[85.6631255,19.9092537],[85.6629981,19.9083434],[85.6629914,19.9083005],[85.662978,19.9082564],[85.6627795,19.9079197],[85.6626588,19.9077545],[85.6623571,19.9073485],[85.6623262,19.9073043],[85.6620888,19.9069134],[85.6616771,19.9063183],[85.6616396,19.9062666],[85.6607705,19.9051922],[85.660741,19.9051544],[85.6602233,19.9044773],[85.6597754,19.9039943],[85.6597446,19.9039602],[85.6594697,19.9036841],[85.6594428,19.9036513],[85.6593342,19.9035138],[85.6593208,19.9034861],[85.6593141,19.9034457],[85.6592926,19.903051],[85.6592967,19.9030082],[85.6593262,19.9026627],[85.6593262,19.9026147],[85.6593221,19.9025657],[85.659247,19.9021068],[85.6592041,19.901843],[85.6592041,19.9018052],[85.6592122,19.9017648],[85.6592832,19.9015807],[85.6592899,19.9015267],[85.6592537,19.901273],[85.6592417,19.9012112],[85.6591398,19.9009262],[85.6591129,19.900871],[85.65896,19.900616],[85.6589198,19.9005634],[85.6580347,19.8995631],[85.657981,19.8995143],[85.6573065,19.89892],[85.657269,19.8988658],[85.6572287,19.8988014],[85.6571656,19.8986568],[85.6568304,19.8975845],[85.656817,19.8975404],[85.6566896,19.8971772],[85.6566667,19.8971235],[85.65631,19.896524],[85.6562751,19.8964729],[85.6557387,19.895727],[85.6557025,19.8956841],[85.6554812,19.8954609],[85.6554168,19.8954124],[85.6552157,19.8952768],[85.6551325,19.8952175],[85.6550681,19.8951716],[85.6546256,19.894819],[85.6545478,19.8947631],[85.654297,19.8946059],[85.6540637,19.8944735],[85.65401,19.8944357],[85.6535983,19.8941292],[85.6535501,19.8940973],[85.6533167,19.8939728],[85.6532684,19.8939438],[85.6532308,19.8939136],[85.653149,19.8938354],[85.6531236,19.8938013],[85.6528594,19.8932313],[85.6526448,19.8928265],[85.6526166,19.892771],[85.6522813,19.8919904],[85.6522585,19.8919475],[85.6520976,19.8916613],[85.6520681,19.8916083],[85.6517959,19.8911518],[85.6517744,19.8911127],[85.6516296,19.8907319],[85.6516094,19.8906852],[85.6514499,19.8903901],[85.6514204,19.8903397],[85.6512246,19.8900269],[85.651195,19.8899815],[85.6510314,19.8896977],[85.6510033,19.8896523],[85.6506345,19.8889171],[85.650605,19.888873],[85.650153,19.8881592],[85.6501141,19.8881012],[85.6497346,19.8875122],[85.6496984,19.8874618],[85.6494543,19.8870885],[85.6494275,19.8870444],[85.6490922,19.8865866],[85.64906,19.8865462],[85.6489514,19.8864567]]}},{"type":"Feature","properties":{"id":867229162,"highway":"unclassified"},"geometry":{"type":"LineString","coordinates":[[85.6758694,19.9087444],[85.6758291,19.9085672],[85.6758278,19.9085281],[85.6758499,19.9083711],[85.6758627,19.9083257],[85.6759733,19.9080363],[85.6759847,19.908001],[85.676088,19.9076751],[85.6760927,19.9076429],[85.6760927,19.9076133],[85.6760551,19.9073333],[85.6760484,19.9072879],[85.6760471,19.9072507],[85.6760404,19.9069204],[85.6760471,19.906887],[85.6760806,19.9068176],[85.6760973,19.9067974],[85.6761396,19.9067671],[85.6761751,19.9067558],[85.6764742,19.9067274],[85.6765198,19.906723],[85.6768417,19.906706],[85.6768879,19.9067029],[85.6773861,19.906672],[85.6774411,19.9066669],[85.6780272,19.9066146],[85.6780956,19.9066089],[85.6783316,19.906595],[85.6783698,19.90659],[85.6786441,19.9065396],[85.678685,19.9065345],[85.6787226,19.9065339],[85.6790236,19.9065837],[85.6790585,19.9065906],[85.6794716,19.9066953],[85.6795091,19.9067029],[85.6795507,19.9067022],[85.680004,19.9066902],[85.6800523,19.9066877],[85.6802923,19.9066682],[85.6803359,19.9066612],[85.6807631,19.9065831],[85.6808113,19.9065711],[85.6813176,19.9064633],[85.681783,19.9063807],[85.681852,19.9063674],[85.6825159,19.9062596],[85.6825642,19.9062489],[85.6827888,19.906189],[85.6828277,19.9061758],[85.6832729,19.9060219],[85.6836303,19.9059236],[85.6836739,19.9059103],[85.6839448,19.9058189],[85.6839951,19.9058044],[85.684315,19.9057534],[85.6843626,19.9057515],[85.6846362,19.9057319],[85.6846697,19.9057275],[85.6847093,19.9057193],[85.6855287,19.9054904],[85.6855743,19.9054766],[85.6860135,19.9053442],[85.6860544,19.9053284],[85.6863816,19.9052111],[85.6864326,19.9051903],[85.6868168,19.9050239],[85.6868557,19.9050138],[85.6872305,19.9049791],[85.6872728,19.9049766],[85.6877703,19.904957],[85.6878079,19.9049539],[85.6879346,19.9049236],[85.6879641,19.9049097],[85.6882102,19.9047767],[85.6882397,19.9047635],[85.6885106,19.9046714],[85.6887259,19.9045775],[85.6887607,19.9045598],[85.6891879,19.9043272],[85.6892227,19.9043133],[85.6893099,19.9042874],[85.6893562,19.9042811],[85.6896224,19.904283],[85.6896519,19.9042767],[85.6897116,19.9042477],[85.6897324,19.9042269],[85.689851,19.9040365],[85.6898712,19.9040113],[85.6900046,19.9039155],[85.6900368,19.9038959],[85.690132,19.9038562],[85.6901736,19.9038436],[85.6904297,19.9037824],[85.6904693,19.9037673],[85.6909058,19.9035908],[85.6909494,19.9035737],[85.6913008,19.9034558],[85.6913383,19.9034432],[85.6914637,19.903406],[85.6914905,19.9033896],[85.6915046,19.9033713],[85.691632,19.9031563],[85.6916508,19.9031362],[85.6916729,19.903121],[85.6920458,19.9029041],[85.69208,19.9028859],[85.6923136,19.9027697]]}},{"type":"Feature","properties":{"id":867230048,"highway":"residential"},"geometry":{"type":"LineString","coordinates":[[85.6983751,19.9175762],[85.6983112,19.9175245],[85.6982969,19.9175015],[85.6982898,19.917469],[85.6982664,19.9172033],[85.6982703,19.9171555],[85.6983047,19.9169413],[85.6983106,19.9169076],[85.6983618,19.916332],[85.698416,19.9158915],[85.6984223,19.9158508],[85.6984818,19.9153825],[85.698484,19.9153464],[85.6984651,19.9152322],[85.6984515,19.9151949],[85.6984017,19.915131],[85.6983731,19.9151037],[85.6981808,19.9149687],[85.6981548,19.9149469],[85.6981399,19.9149238],[85.6981099,19.9147717],[85.6981134,19.9147346],[85.698164,19.9146125],[85.6981854,19.914589],[85.6982172,19.9145705],[85.6985914,19.9143638],[85.6986116,19.9143402],[85.6986191,19.9143143],[85.6986155,19.9142822],[85.6982881,19.9134844],[85.6981516,19.9131773],[85.6979405,19.912685],[85.6978,19.9123753],[85.6977799,19.912345],[85.6977508,19.9123222],[85.6976925,19.9122952]]}},{"type":"Feature","properties":{"id":867240373,"highway":"tertiary"},"geometry":{"type":"LineString","coordinates":[[85.6992361,19.9198719],[85.6987318,19.9198933]]}},{"type":"Feature","properties":{"id":867247209,"highway":"residential"},"geometry":{"type":"LineString","coordinates":[[85.689503,19.9050054],[85.6900395,19.9047407],[85.6900641,19.9047321],[85.6900978,19.9047288],[85.6904473,19.9047664],[85.6904817,19.9047649],[85.6905193,19.9047562],[85.6913908,19.9044895],[85.6914351,19.9044763],[85.6917517,19.9043514],[85.6917934,19.9043362],[85.6923209,19.9040899],[85.6923602,19.9040878],[85.6923936,19.9040952],[85.6924225,19.9041122],[85.6927075,19.9043892],[85.6927264,19.9044168],[85.6928417,19.9046358],[85.6928592,19.9046671],[85.6929939,19.9048824],[85.6930192,19.9049134],[85.693166,19.9050457],[85.6931925,19.9050637],[85.6933303,19.905138]]}},{"type":"Feature","properties":{"id":867247210,"highway":"residential"},"geometry":{"type":"LineString","coordinates":[[85.6923209,19.9040899],[85.6923922,19.9039113],[85.6924068,19.9038868],[85.6925582,19.9036884],[85.6925801,19.9036639],[85.6926139,19.9036435],[85.6929664,19.9034874]]}},{"type":"Feature","properties":{"id":867248331,"highway":"residential"},"geometry":{"type":"LineString","coordinates":[[85.6927075,19.9043892],[85.6929156,19.9043619],[85.6929503,19.9043537],[85.6931917,19.9042674]]}},{"type":"Feature","properties":{"id":867250379,"highway":"residential"},"geometry":{"type":"LineString","coordinates":[[85.644452,19.9145547],[85.6446169,19.9146707],[85.6447497,19.9147729],[85.6448449,19.9148624],[85.6449187,19.9149444],[85.6449562,19.9149998],[85.6450045,19.9151032]]}},{"type":"Feature","properties":{"id":867250602,"highway":"residential"},"geometry":{"type":"LineString","coordinates":[[85.6975289,19.9128689],[85.6979405,19.912685]]}},{"type":"Feature","properties":{"id":867250603,"highway":"residential"},"geometry":{"type":"LineString","coordinates":[[85.6969643,19.9163326],[85.6974516,19.9163572],[85.6975207,19.9163553],[85.697903,19.9163151],[85.697959,19.9163153],[85.6983618,19.916332]]}},{"type":"Feature","properties":{"id":867267853,"highway":"unclassified"},"geometry":{"type":"LineString","coordinates":[[85.6829111,19.9856013],[85.6829792,19.9856866]]}},{"type":"Feature","properties":{"id":867289844,"highway":"residential"},"geometry":{"type":"LineString","coordinates":[[85.6992349,19.9144487],[85.6992372,19.9144927],[85.6993166,19.9148132],[85.6993399,19.9148615],[85.6996108,19.9152193],[85.6996458,19.9152654],[85.6998413,19.9155805]]}},{"type":"Feature","properties":{"id":867639382,"highway":"unclassified"},"geometry":{"type":"LineString","coordinates":[[85.6187658,19.9375886],[85.6186062,19.9374285],[85.618574,19.9373844],[85.6184949,19.9372406],[85.6183527,19.9369872],[85.6183232,19.9369456],[85.6180215,19.9365397],[85.6176648,19.9360719],[85.6173483,19.9356698],[85.617312,19.9356294],[85.6171069,19.9353861],[85.6170747,19.9353457],[85.6168561,19.9350053],[85.6168306,19.93496],[85.6166549,19.9347242],[85.61662,19.9346738],[85.6164269,19.9344884],[85.6163894,19.9344531],[85.6161641,19.9342691],[85.6161292,19.9342413],[85.6159079,19.9340875],[85.6158704,19.9340661],[85.6155404,19.933877],[85.6155056,19.9338505],[85.6154747,19.9338165],[85.6152883,19.9335328],[85.6152682,19.9335051],[85.6151918,19.9334181],[85.6151676,19.9333979],[85.6151314,19.9333828],[85.6149463,19.9333021],[85.6149048,19.9332832],[85.6147559,19.9331697],[85.614717,19.9331357],[85.6145494,19.9329503],[85.6143308,19.9327007],[85.6140652,19.9323956]]}},{"type":"Feature","properties":{"id":867641286,"highway":"residential"},"geometry":{"type":"LineString","coordinates":[[85.6145494,19.9329503],[85.6147653,19.9328066],[85.6148122,19.9327814],[85.6152508,19.9325721]]}},{"type":"Feature","properties":{"id":867641287,"highway":"residential"},"geometry":{"type":"LineString","coordinates":[[85.6170733,19.93262],[85.616738,19.9326566],[85.6166375,19.9326654],[85.6166013,19.9326767],[85.6165758,19.932707],[85.616498,19.9328318],[85.6164792,19.9328532],[85.6164524,19.9328684],[85.6164162,19.9328747],[85.6159535,19.9328041],[85.6158234,19.9327776],[85.6155995,19.9327297],[85.6155284,19.932712],[85.6153876,19.9326616],[85.6153433,19.9326427],[85.6152508,19.9325721],[85.6146902,19.9319631]]}},{"type":"Feature","properties":{"id":867641288,"highway":"residential"},"geometry":{"type":"LineString","coordinates":[[85.6159535,19.9328041],[85.6161291,19.9333841],[85.6161515,19.9334063],[85.6161922,19.9334159],[85.6164219,19.9333758],[85.6164564,19.9333834],[85.616491,19.9334082],[85.616617,19.9335707],[85.6166475,19.9335917],[85.6167857,19.9336433],[85.6168304,19.9336662],[85.6168655,19.9336979],[85.6170093,19.9338516]]}},{"type":"Feature","properties":{"id":867649188,"highway":"unclassified"},"geometry":{"type":"LineString","coordinates":[[85.6195383,19.9235788],[85.6195141,19.9236154]]}},{"type":"Feature","properties":{"id":867649189,"highway":"unclassified"},"geometry":{"type":"LineString","coordinates":[[85.6057905,19.9364159],[85.6084964,19.9347563],[85.6089792,19.9345092],[85.6093364,19.9343608],[85.6098138,19.9341768],[85.6103678,19.9339665],[85.6104241,19.9339438],[85.6109056,19.9337446],[85.6112181,19.933616],[85.6112596,19.9335971],[85.6116137,19.9334332],[85.6116714,19.9334042],[85.6121582,19.9331987],[85.6122038,19.9331773],[85.6124827,19.9330436],[85.612531,19.9330209],[85.613097,19.9327814],[85.6131479,19.9327587],[85.6134845,19.9326187],[85.6135315,19.9325998],[85.6137715,19.9325166],[85.6138171,19.932499],[85.6140116,19.9324195],[85.6140652,19.9323956],[85.6143308,19.9321775],[85.6144515,19.9321018],[85.6146446,19.9320022],[85.6146634,19.9319871],[85.6146902,19.9319631],[85.6147009,19.9319329],[85.6146996,19.9319064],[85.6145386,19.9315546],[85.6145065,19.9314992],[85.6142516,19.9311903],[85.6142248,19.9311537],[85.6141363,19.9310037],[85.6141202,19.930957],[85.6140706,19.9308095],[85.6140572,19.9307654],[85.614033,19.9305296],[85.614033,19.9304817],[85.6140827,19.9300896],[85.614088,19.9300405],[85.6141564,19.9297543],[85.6141698,19.929719],[85.6142718,19.929574],[85.6143053,19.9295399],[85.6147398,19.9293004],[85.6147894,19.9292752],[85.6154278,19.9289221],[85.6154694,19.9289007],[85.6158891,19.9287091],[85.6159361,19.9286801],[85.6162633,19.9284342],[85.6162968,19.9284039],[85.6165919,19.9281392],[85.6166267,19.9281077],[85.6169499,19.9278114],[85.6172678,19.9275176],[85.6172959,19.9274873],[85.6175615,19.9271747],[85.617595,19.9271356],[85.6177278,19.9270007],[85.6177613,19.9269717],[85.6180067,19.9267762],[85.6182508,19.9265581],[85.6184909,19.9263577],[85.6185271,19.9263274],[85.6187604,19.926108],[85.6187899,19.9260778],[85.6191252,19.9256894],[85.6191574,19.9256516],[85.6192875,19.9254801],[85.6193103,19.9254473],[85.619325,19.9254133],[85.6194793,19.9250451],[85.6195061,19.9249909],[85.6196536,19.9247362],[85.6198186,19.924445],[85.6198293,19.9244173],[85.6198266,19.924387],[85.6198186,19.9243567],[85.6196871,19.9241613],[85.6196563,19.9241411],[85.619608,19.924126],[85.6195691,19.924121],[85.6195289,19.9241147],[85.6195021,19.9241008],[85.6193183,19.9239129],[85.6193036,19.9238915],[85.6192996,19.9238663],[85.6193063,19.9238347],[85.6195141,19.9236154]]}},{"type":"Feature","properties":{"id":867651167,"highway":"unclassified"},"geometry":{"type":"LineString","coordinates":[[85.6216545,19.9419128],[85.6216156,19.9418662]]}},{"type":"Feature","properties":{"id":867651168,"highway":"unclassified"},"geometry":{"type":"LineString","coordinates":[[85.6314473,19.953546],[85.631285,19.9533431],[85.6312501,19.9532889],[85.6310919,19.9530204],[85.6310557,19.9529561],[85.630998,19.9528099],[85.6309833,19.9527519],[85.6309806,19.952704],[85.63099,19.9524884],[85.6309819,19.952443],[85.6309538,19.9523838],[85.6306681,19.9518972],[85.6306359,19.9518442],[85.6305152,19.951582],[85.6304884,19.951553],[85.6304482,19.9515417],[85.6303047,19.951548],[85.6302658,19.9515291],[85.6302322,19.9514938],[85.6301115,19.9512303],[85.6300928,19.9511799],[85.6300324,19.9509278],[85.6300203,19.9508761],[85.6299935,19.9507841],[85.629897,19.9506769],[85.6298165,19.9506088],[85.6297629,19.950576],[85.6296743,19.9505281],[85.6295966,19.9505155],[85.6295402,19.9505155],[85.6293216,19.9505748],[85.6292532,19.9505937],[85.6291097,19.9506271],[85.6290655,19.9506315],[85.6290193,19.9506246],[85.6287798,19.9505526],[85.6282715,19.950329],[85.6282152,19.9502911],[85.6281401,19.9502142],[85.6280985,19.9501676],[85.627715,19.9496218],[85.6274253,19.9491377],[85.6271638,19.9486485],[85.6271303,19.948583],[85.6268339,19.948104],[85.6267869,19.9480271],[85.6265053,19.9475606],[85.6264597,19.9474862],[85.626166,19.9470652],[85.6261258,19.9469958],[85.6259125,19.946571],[85.6258777,19.9465168],[85.6257235,19.946358],[85.6256685,19.9463176],[85.6254552,19.9461525],[85.6254016,19.946097],[85.625187,19.9458449],[85.6251428,19.9457957],[85.6249322,19.9455927],[85.6248745,19.9455461],[85.624609,19.9452977],[85.6242777,19.9449876],[85.6242281,19.9449384],[85.6240806,19.9447771],[85.6240404,19.9447254],[85.6238244,19.9444443],[85.6237641,19.9443926],[85.6235361,19.9442136],[85.6232344,19.9440207],[85.6231928,19.9439917],[85.6229474,19.94379],[85.6229098,19.9437597],[85.622773,19.9436198],[85.6227435,19.9435794],[85.6226295,19.9433853],[85.6225008,19.943176],[85.622364,19.9429693],[85.6223398,19.9429302],[85.6222111,19.9425898],[85.6221923,19.9425381],[85.6220824,19.9423415],[85.6220488,19.9422999],[85.6218731,19.9420881],[85.6218342,19.9420515],[85.6216545,19.9419128]]}},{"type":"Feature","properties":{"id":867651169,"highway":"unclassified"},"geometry":{"type":"LineString","coordinates":[[85.618806,19.9376289],[85.6187658,19.9375886]]}},{"type":"Feature","properties":{"id":867651170,"highway":"unclassified"},"geometry":{"type":"LineString","coordinates":[[85.6216156,19.9418662],[85.6215432,19.9417187],[85.6215204,19.941667],[85.6214547,19.9414262],[85.621452,19.9413732],[85.6214614,19.9410631],[85.6214547,19.9410127],[85.621381,19.9407479],[85.6213649,19.9407076],[85.6212455,19.9404151],[85.6212214,19.9403533],[85.6211141,19.9401428],[85.6210899,19.9401062],[85.6208968,19.939844],[85.6208606,19.9397848],[85.6207681,19.9395881],[85.6207399,19.9395339],[85.620646,19.9393246],[85.6206313,19.9392754],[85.6205803,19.9392048],[85.6205495,19.9391821],[85.620115,19.9389766],[85.6200707,19.9389514],[85.6199822,19.9388783],[85.6199419,19.9388417],[85.6197998,19.9386816],[85.6197743,19.9386564],[85.6195986,19.9384282],[85.6195651,19.9383904],[85.619384,19.9382177],[85.6193385,19.9381811],[85.61914,19.937987],[85.618806,19.9376289]]}},{"type":"Feature","properties":{"id":867658753,"highway":"residential"},"geometry":{"type":"LineString","coordinates":[[85.646174,19.934865],[85.6460787,19.9349234],[85.6460492,19.9349347],[85.6456161,19.9350974],[85.6455718,19.935115],[85.6454149,19.9352083],[85.6453814,19.9352361],[85.6452499,19.9353117],[85.6452017,19.9353306],[85.6449857,19.9353735],[85.6449294,19.9353894],[85.6447095,19.9354592],[85.6446344,19.9354903],[85.6440738,19.9357441],[85.6440188,19.9357731],[85.6438015,19.9359194],[85.6437466,19.9359509],[85.6435642,19.9360707],[85.6435212,19.9361022],[85.6433804,19.9362207],[85.6433482,19.9362484],[85.6431538,19.9363632],[85.6431136,19.9363846],[85.6427421,19.9366115],[85.6427112,19.9366317],[85.6424215,19.9368498],[85.6423719,19.9368788],[85.6422311,19.9369519],[85.6421788,19.9369797],[85.6419709,19.9371246],[85.6419334,19.9371549],[85.6416062,19.9374613],[85.641574,19.937489],[85.6414774,19.9375344],[85.6414439,19.9375369],[85.641413,19.9375205],[85.6412843,19.9373856],[85.6412534,19.9373541],[85.6411596,19.9372331],[85.641126,19.9372066],[85.6410885,19.9372003],[85.6409852,19.9372192],[85.6409289,19.9372293],[85.6405963,19.9372759],[85.6405359,19.937281],[85.6401926,19.9372646],[85.640139,19.9372602],[85.6397232,19.9372482],[85.6396964,19.937257],[85.6396803,19.9372785],[85.6396656,19.9374461],[85.6396508,19.9374676],[85.639624,19.937484],[85.6394041,19.937523],[85.6393638,19.9375356],[85.6392552,19.9376201]]}},{"type":"Feature","properties":{"id":867664682,"highway":"residential"},"geometry":{"type":"LineString","coordinates":[[85.6429204,19.941904],[85.6434274,19.941627],[85.6435615,19.9414808],[85.6437976,19.9414051],[85.6438405,19.9414051],[85.6441355,19.941274],[85.6449348,19.9410572],[85.6450958,19.9409967],[85.6455249,19.9407748],[85.6456054,19.9407395],[85.6457663,19.940679],[85.6467184,19.9402184]]}},{"type":"Feature","properties":{"id":867664683,"highway":"unclassified"},"geometry":{"type":"LineString","coordinates":[[85.6467036,19.9364413],[85.6467667,19.9365334],[85.6468231,19.9365744],[85.6468539,19.9365888],[85.6468874,19.9365914],[85.6471972,19.9365308],[85.6472415,19.936524],[85.6477109,19.9364439],[85.6477632,19.9364363],[85.6480408,19.9364111],[85.648085,19.936401],[85.6481253,19.9363808],[85.6488741,19.9359641],[85.6488914,19.9359596],[85.6489086,19.9359594],[85.6489224,19.9359638],[85.6489358,19.9359755],[85.6489423,19.9359864],[85.6490077,19.9362068],[85.6490211,19.9362434],[85.6490667,19.9363745],[85.6490895,19.9364048],[85.649178,19.9364736],[85.6492035,19.9364855],[85.6492344,19.9364892],[85.6498446,19.9364048],[85.6498969,19.9363972],[85.6500337,19.9363808],[85.6500645,19.9363833],[85.6501047,19.9363934],[85.6501329,19.9364123],[85.650149,19.936435],[85.6503461,19.9368082],[85.6503743,19.9368485],[85.6504145,19.9368939],[85.6510462,19.9376264],[85.6511454,19.937755],[85.651179,19.9377979],[85.6513493,19.9380702],[85.6513748,19.9381068],[85.6514928,19.9383324],[85.6515156,19.9383803],[85.6515651,19.9385157],[85.6515773,19.9385669],[85.6516403,19.9390952],[85.651647,19.9391418],[85.6517529,19.9396083],[85.6517582,19.9396553],[85.6517731,19.9399348],[85.6517691,19.9399781],[85.6517597,19.9400306],[85.6517114,19.9401655],[85.6516953,19.9402084],[85.6516805,19.9402979]]}},{"type":"Feature","properties":{"id":867664684,"highway":"residential"},"geometry":{"type":"LineString","coordinates":[[85.652976,19.9315268],[85.6530324,19.9319783],[85.6530404,19.9320363],[85.6530699,19.9322682],[85.6530793,19.9323174],[85.653255,19.93308],[85.653261,19.933106],[85.6534052,19.9335742],[85.6534106,19.9335971],[85.6534092,19.9336185],[85.653381,19.9338291],[85.6533764,19.9338473],[85.6533683,19.9338637],[85.6533562,19.9338776],[85.6533321,19.9338915],[85.6529398,19.9341361],[85.6529097,19.9341518],[85.6522371,19.9345155],[85.6522116,19.9345288],[85.6518408,19.9346933],[85.6518066,19.9347037],[85.6515759,19.9347337],[85.651537,19.9347381],[85.6514009,19.9347608],[85.6513707,19.9347664],[85.651187,19.9348402],[85.6511414,19.9348549],[85.6508611,19.9349095],[85.6508383,19.9349158],[85.6508262,19.9349253],[85.6507914,19.9349637],[85.6507726,19.9349789],[85.6506754,19.9350148],[85.6506392,19.9350255],[85.6504139,19.9350684],[85.6503763,19.9350722],[85.6500565,19.9350986]]}},{"type":"Feature","properties":{"id":867664685,"highway":"residential"},"geometry":{"type":"LineString","coordinates":[[85.6533683,19.9338637],[85.6534602,19.9338984],[85.6534961,19.9339025]]}},{"type":"Feature","properties":{"id":867664686,"highway":"residential"},"geometry":{"type":"LineString","coordinates":[[85.6537028,19.9339054],[85.6537834,19.933906],[85.6538142,19.9339047],[85.6539161,19.9338833],[85.6539363,19.9338719],[85.6539792,19.9338417],[85.6540073,19.9338303],[85.6540342,19.9338228],[85.6543346,19.9337761],[85.6551795,19.9336626],[85.6558084,19.9336084],[85.6565058,19.9335202],[85.6567318,19.9335082],[85.6567533,19.9335019],[85.6567724,19.9334814],[85.6568424,19.9332737],[85.6568518,19.9332497],[85.6569457,19.9330146],[85.6569531,19.9329976],[85.6570094,19.9328716],[85.657118,19.9326704],[85.6571305,19.9326443],[85.6571703,19.932429],[85.657175,19.9324107],[85.6571871,19.9323887],[85.6572783,19.9323035],[85.6573011,19.9322884],[85.6577028,19.9320665],[85.6577256,19.9320533],[85.657741,19.9320394],[85.6579207,19.9318408],[85.6579368,19.931827],[85.6579542,19.9318169],[85.6582338,19.9316631],[85.6582546,19.931658],[85.6582774,19.9316568],[85.658716,19.9316776],[85.6587515,19.9316801],[85.6590834,19.9317198],[85.6591116,19.9317179],[85.659188,19.9316983],[85.6592128,19.9316864],[85.6596655,19.9314966],[85.6596909,19.9314834],[85.6600544,19.9312716],[85.6601174,19.9312363],[85.6604232,19.9310623],[85.6604507,19.9310459],[85.6606257,19.9309619],[85.6606552,19.9309539],[85.6607504,19.9309312],[85.6607759,19.9309317],[85.6608,19.9309381],[85.6610099,19.9309986],[85.6610367,19.9310031],[85.6610616,19.9310037],[85.6611749,19.9310113],[85.6612198,19.9310191],[85.6614009,19.9310976],[85.6614203,19.9311127],[85.6615216,19.931206],[85.661533,19.9312224],[85.6616,19.9313611],[85.6616114,19.9313863],[85.66171,19.9315736],[85.6617247,19.9316007],[85.6618267,19.9317412],[85.6618401,19.9317627],[85.6619923,19.9320199],[85.662001,19.9320382],[85.6621062,19.9322651],[85.6621036,19.9322928],[85.6620802,19.9323543],[85.6620654,19.9323697],[85.6619856,19.9324139],[85.6619667,19.9324245],[85.6616081,19.9325948],[85.6615912,19.932606],[85.6615272,19.9326641],[85.6615175,19.9326881],[85.6615161,19.9327169],[85.6615175,19.9327366],[85.6615933,19.9329711],[85.6615993,19.9329888],[85.6617736,19.9334632],[85.6617831,19.9335],[85.6618433,19.9337456],[85.6618515,19.9337749],[85.6619668,19.9341171],[85.6619769,19.9341424],[85.6620754,19.9343718],[85.6620882,19.9343958],[85.6623744,19.9349508],[85.6623846,19.9349751],[85.6625039,19.9352613],[85.662512,19.9352808],[85.6625777,19.9354384],[85.6625904,19.9354643],[85.662809,19.9358584],[85.6628224,19.9358841],[85.6631222,19.9363499],[85.6631383,19.9363764],[85.663399,19.9367913],[85.6634145,19.9368139],[85.6636251,19.9371095],[85.6636405,19.9371297],[85.6637799,19.9373056],[85.6637934,19.9373264],[85.6640133,19.9376857],[85.6640267,19.937709],[85.6641843,19.9380078],[85.6641937,19.9380298],[85.6642842,19.9382543],[85.6642943,19.9382807],[85.6643318,19.9383583],[85.6643412,19.9383759],[85.6644921,19.9387005],[85.6645022,19.9387258],[85.6646275,19.9390654],[85.6646363,19.939092],[85.6646504,19.9391147],[85.6647069,19.9391947],[85.6647161,19.9392302],[85.6647115,19.9392606],[85.6647038,19.9392918],[85.664539,19.9394526],[85.6645203,19.9394721],[85.6643211,19.9396612],[85.6642648,19.9397211],[85.664248,19.9397419],[85.6641883,19.9398333],[85.6641776,19.9398509],[85.6641327,19.9399304],[85.6641186,19.9399487],[85.6640777,19.9399928],[85.6640603,19.940006],[85.6639248,19.940084]]}},{"type":"Feature","properties":{"id":867664687,"highway":"residential"},"geometry":{"type":"LineString","coordinates":[[85.6534961,19.9339025],[85.6537028,19.9339054]]}},{"type":"Feature","properties":{"id":867665480,"highway":"residential"},"geometry":{"type":"LineString","coordinates":[[85.6516953,19.9402084],[85.6513774,19.9402298],[85.6513237,19.9402403],[85.6512165,19.9402752],[85.6511897,19.9402941],[85.6511736,19.9403243],[85.6511414,19.940516],[85.651136,19.9405399],[85.6511265,19.9405604],[85.6506734,19.941232],[85.650318,19.9417968],[85.6502858,19.9418473],[85.6501141,19.9420981],[85.6498794,19.9424902],[85.6496689,19.9428407],[85.6494476,19.9432265],[85.6494302,19.943258],[85.6494047,19.9432844],[85.649351,19.9433273]]}},{"type":"Feature","properties":{"id":867665481,"highway":"residential"},"geometry":{"type":"LineString","coordinates":[[85.6501047,19.9363934],[85.6501705,19.9363525],[85.6506247,19.9362314]]}},{"type":"Feature","properties":{"id":867665482,"highway":"residential"},"geometry":{"type":"LineString","coordinates":[[85.6489224,19.9359638],[85.6490158,19.9358866],[85.6490386,19.9358715],[85.649288,19.9357353],[85.6493229,19.9357189],[85.6497641,19.935492],[85.6500645,19.9353697],[85.6500873,19.9353508],[85.6500953,19.9353231],[85.6500913,19.9352915],[85.6500565,19.9350986],[85.6500524,19.9350545],[85.6500578,19.9346662],[85.6500497,19.9346309],[85.650035,19.9346019],[85.6499384,19.934433],[85.6499156,19.9343989],[85.6497735,19.9342729],[85.6497574,19.9342476],[85.6497547,19.9342136],[85.6497504,19.933849],[85.6497424,19.9338087],[85.6497155,19.9337179]]}},{"type":"Feature","properties":{"id":867698770,"highway":"unclassified"},"geometry":{"type":"LineString","coordinates":[[85.6516805,19.9402979],[85.6516765,19.940405]]}},{"type":"Feature","properties":{"id":867703487,"highway":"residential"},"geometry":{"type":"LineString","coordinates":[[85.638943,19.9376251],[85.6388839,19.9371885],[85.6388705,19.937133],[85.638841,19.9370447],[85.6388437,19.9369994],[85.6388732,19.9369691],[85.6389081,19.936954],[85.6393748,19.9367876],[85.639415,19.9367876],[85.6394532,19.9368039],[85.6394767,19.9368304],[85.6396964,19.937257]]}},{"type":"Feature","properties":{"id":867940218,"highway":"residential"},"geometry":{"type":"LineString","coordinates":[[85.641126,19.9372066],[85.6411032,19.9371347],[85.641008,19.936899],[85.6409933,19.9368549],[85.6409302,19.9366519]]}},{"type":"Feature","properties":{"id":868510011,"highway":"unclassified"},"geometry":{"type":"LineString","coordinates":[[85.663613,19.9419097],[85.6631939,19.9415044],[85.6631644,19.9414741],[85.6629967,19.9413095],[85.6629284,19.9412774],[85.6628855,19.9412648],[85.6622927,19.9411577],[85.6622538,19.9411425],[85.6622203,19.9411198],[85.6622042,19.9410972],[85.6621921,19.9410719],[85.6621197,19.9407038],[85.662109,19.9406597],[85.6620312,19.9404319],[85.6620178,19.9403975],[85.6618307,19.9401082],[85.6618065,19.940098],[85.6617516,19.940088],[85.661722,19.9400892],[85.6617019,19.9400917],[85.6613915,19.9401932],[85.6613445,19.9402021],[85.661303,19.9402033],[85.6609851,19.9401415],[85.6609409,19.9401403],[85.6609033,19.9401491],[85.6605667,19.9404017],[85.6605345,19.940429],[85.6602502,19.9406244],[85.6602113,19.9406534],[85.6597768,19.9409194],[85.6597365,19.9409459],[85.6596829,19.940966],[85.65867,19.9412061]]}},{"type":"Feature","properties":{"id":868510012,"highway":"residential"},"geometry":{"type":"LineString","coordinates":[[85.6617516,19.940088],[85.6617586,19.9400142],[85.6617522,19.9399846],[85.6616464,19.9397882],[85.6616395,19.9397627],[85.661647,19.939735],[85.6616703,19.9397176],[85.6622136,19.9395293]]}},{"type":"Feature","properties":{"id":868511333,"highway":"residential"},"geometry":{"type":"LineString","coordinates":[[85.6730309,19.9410001],[85.6728472,19.9410606],[85.6728084,19.9410823],[85.6727158,19.9411589],[85.6726956,19.941193],[85.67265,19.9413077],[85.6726474,19.9413546],[85.6726474,19.9415008],[85.6726554,19.9415422],[85.6727118,19.9417227],[85.6727238,19.9417615],[85.6728781,19.942116],[85.6728928,19.9421561],[85.6729853,19.9425633],[85.6730001,19.9426037],[85.6730953,19.9427613],[85.6731194,19.9427991],[85.6733541,19.9430449]]}},{"type":"Feature","properties":{"id":868511336,"highway":"unclassified"},"geometry":{"type":"LineString","coordinates":[[85.6739831,19.927534],[85.6739415,19.9278681],[85.6739348,19.9279135],[85.6738651,19.9286826],[85.6738596,19.9287276],[85.6738275,19.928907],[85.6738168,19.9289473],[85.6737202,19.9292773],[85.6737055,19.9293193],[85.673499,19.930014],[85.6734909,19.9300518],[85.6734265,19.9304363],[85.6734225,19.9304931],[85.6733689,19.9310945],[85.6733662,19.9311424],[85.6733112,19.9317665],[85.6732871,19.9320501],[85.6732844,19.9321119],[85.6732817,19.9325418],[85.6732817,19.9325897],[85.6733085,19.9328974],[85.6733125,19.9329528],[85.6733407,19.9333878],[85.6733447,19.9334345],[85.673448,19.9345754],[85.6734493,19.9346158],[85.6734507,19.9349625],[85.673448,19.9350041],[85.6734467,19.9355248],[85.673448,19.9355739],[85.6734306,19.9362005],[85.6734252,19.9362366],[85.6733944,19.9363796],[85.6733836,19.9364174],[85.6732374,19.9367459],[85.6732227,19.9367918],[85.6731556,19.936986],[85.6731422,19.9370301],[85.673043,19.9376176],[85.6730376,19.9376693],[85.672933,19.9382732],[85.6728445,19.9386577],[85.6728365,19.9387005],[85.6727439,19.9392016],[85.6727359,19.9392603],[85.6727278,19.9394839],[85.6727292,19.9395389],[85.6727345,19.9395805],[85.6728177,19.9400482],[85.6728271,19.9401037],[85.6730309,19.9410001],[85.673047,19.9410291],[85.6731288,19.9411312],[85.6731623,19.9411551],[85.6731918,19.941169],[85.6733246,19.9412094],[85.6733608,19.9412295],[85.673385,19.9412547],[85.6734614,19.941348],[85.6734802,19.9413859],[85.6736304,19.9417918],[85.6736438,19.9418347],[85.6736787,19.9420011],[85.6736854,19.9420465],[85.6737109,19.9424007],[85.6737109,19.9424461],[85.6737256,19.9425772],[85.6737591,19.9427638],[85.6737551,19.9427928],[85.673743,19.9428142],[85.6737189,19.9428382],[85.6736907,19.9428483],[85.6734366,19.9428876],[85.6734019,19.9429001],[85.6733711,19.9429214],[85.6733585,19.9429524],[85.6733496,19.9429995],[85.6733541,19.9430449],[85.6735834,19.9438404],[85.6735902,19.9438959],[85.6735928,19.9439249],[85.6735955,19.944172],[85.6735928,19.9442186],[85.6735601,19.9446468],[85.673552,19.9447534],[85.673497,19.9460152],[85.6734373,19.9467525],[85.673397,19.9472997],[85.6733957,19.947364],[85.6734063,19.9477529]]}},{"type":"Feature","properties":{"id":868514075,"highway":"residential"},"geometry":{"type":"LineString","coordinates":[[85.6054849,19.9855583],[85.6052381,19.9856149],[85.6051388,19.9856452],[85.6049967,19.9857057],[85.6046426,19.9858821],[85.6041411,19.9860863],[85.6039533,19.9861543],[85.6038004,19.9861795],[85.6036851,19.9861442],[85.6035858,19.9860787],[85.6034752,19.9860537],[85.603337,19.9860859],[85.6031405,19.9861647],[85.6029923,19.9862089],[85.6028385,19.9862449],[85.6025509,19.9863133],[85.6022138,19.9864463],[85.6020047,19.9865708],[85.6016908,19.9867721],[85.6015204,19.9868494],[85.6013734,19.9868991],[85.6012442,19.9869323],[85.6009327,19.9870041],[85.6007917,19.9870482],[85.6006941,19.9870958],[85.6006154,19.9871642],[85.6005507,19.987236],[85.6002099,19.9876115],[85.6001179,19.9877124],[85.6000303,19.98779],[85.5999378,19.9878366],[85.599848,19.9878694],[85.5996993,19.9879188],[85.5995089,19.9879768],[85.5994434,19.9879869],[85.5994217,19.9879831],[85.5994016,19.9879717],[85.5993842,19.9879528],[85.5993573,19.9879213],[85.599238,19.9877625],[85.5991816,19.9877146],[85.5991146,19.9876919],[85.5990502,19.9876919],[85.5989107,19.9877272],[85.5987981,19.9877827],[85.5987498,19.9878407],[85.5987257,19.9878961],[85.598723,19.9879541],[85.5987257,19.9880146],[85.5987498,19.9883775]]}},{"type":"Feature","properties":{"id":868514568,"highway":"unclassified"},"geometry":{"type":"LineString","coordinates":[[85.6585961,19.9412227],[85.6575713,19.9414716],[85.6575479,19.9414779],[85.657513,19.9414785],[85.6573588,19.9414646],[85.6573426,19.9414558],[85.6573306,19.9414388],[85.6572931,19.9413493],[85.657285,19.9413304],[85.6572837,19.9413121],[85.6572803,19.9402569],[85.6572783,19.9402306],[85.6572689,19.9401472],[85.6572649,19.9401252],[85.6571884,19.939943],[85.6571777,19.9399184],[85.6571261,19.9398465],[85.6571113,19.9398346],[85.6570396,19.9398062],[85.6570101,19.939802],[85.656886,19.9398037],[85.6568545,19.939807],[85.6566171,19.9398579],[85.6565863,19.9398675],[85.656361,19.9399518],[85.6563348,19.9399619],[85.6560156,19.940146],[85.6559875,19.9401605],[85.6556361,19.9403571],[85.6556053,19.9403729],[85.6551003,19.9406584],[85.6550735,19.9406704],[85.6547195,19.9408122],[85.654696,19.9408198],[85.6543466,19.940915],[85.6543131,19.9409207],[85.653782,19.9410266],[85.6537338,19.9410366],[85.6532939,19.9411917],[85.6532376,19.9412031],[85.653019,19.9412119],[85.6529613,19.9412094],[85.6523779,19.9411753],[85.6523296,19.9411665],[85.6520869,19.9411161],[85.6520426,19.9410997],[85.6519206,19.9410203],[85.6518951,19.9409925],[85.6517945,19.9408564],[85.6517717,19.9408223],[85.651698,19.9406458],[85.6516913,19.9406055],[85.651681,19.9404662],[85.6516765,19.940405]]}},{"type":"Feature","properties":{"id":868514569,"highway":"unclassified"},"geometry":{"type":"LineString","coordinates":[[85.65867,19.9412061],[85.6585961,19.9412227]]}},{"type":"Feature","properties":{"id":868514571,"highway":"residential"},"geometry":{"type":"LineString","coordinates":[[85.6640321,19.9409994],[85.6639966,19.9409162],[85.6639912,19.9408948],[85.6639503,19.9404971],[85.6639483,19.9404643],[85.6639402,19.9402878],[85.6639409,19.9402554],[85.6639396,19.9401876],[85.6639369,19.9401302],[85.6639335,19.9401081],[85.6639248,19.940084],[85.6639087,19.9400602],[85.6638953,19.940047],[85.6638591,19.9400167],[85.663839,19.9400048],[85.6637947,19.9399903],[85.6637699,19.9399884],[85.6636599,19.939994],[85.6636298,19.9399983],[85.6631176,19.9401599],[85.6630654,19.940188],[85.6630477,19.9402002],[85.6627739,19.9404362],[85.662761,19.9404638],[85.6627674,19.9404938],[85.6629211,19.9408899],[85.6629351,19.9409137],[85.6629485,19.9409301],[85.663145,19.9411406]]}},{"type":"Feature","properties":{"id":868514572,"highway":"residential"},"geometry":{"type":"LineString","coordinates":[[85.6641099,19.9410083],[85.6640509,19.9409988],[85.6640321,19.9409994],[85.664008,19.9410051],[85.6634574,19.9411621],[85.6634299,19.9411646],[85.6634092,19.9411608],[85.6632234,19.9411211],[85.6631973,19.9411205],[85.6631698,19.9411287],[85.663145,19.9411406],[85.6629967,19.9413095]]}},{"type":"Feature","properties":{"id":868514573,"highway":"residential"},"geometry":{"type":"LineString","coordinates":[[85.6643151,19.9404712],[85.6640084,19.9402396],[85.6639396,19.9401876]]}},{"type":"Feature","properties":{"id":868515037,"highway":"residential"},"geometry":{"type":"LineString","coordinates":[[85.6646711,19.9427479],[85.6638229,19.9428825],[85.6635104,19.9429617]]}},{"type":"Feature","properties":{"id":868518549,"highway":"residential"},"geometry":{"type":"LineString","coordinates":[[85.6686399,19.9370427],[85.6686669,19.9371342],[85.6686763,19.9371826],[85.6687152,19.9373913],[85.66873,19.9374323],[85.6687863,19.9375495],[85.6687957,19.9375848],[85.668797,19.9376327],[85.668793,19.9377109],[85.668785,19.9377525],[85.6687568,19.9379328],[85.6687528,19.9379731],[85.6687447,19.9383942],[85.6687447,19.9384484],[85.6687903,19.9391065],[85.6687957,19.9391582],[85.6688789,19.9396902],[85.6688869,19.9397361],[85.6689312,19.9399537],[85.6689513,19.939994],[85.669021,19.9400747],[85.6690559,19.9401037],[85.6690934,19.9401226],[85.6694837,19.9403042],[85.6695279,19.9403357],[85.6696433,19.9404416],[85.6696782,19.9404807],[85.6699826,19.9409786],[85.6700134,19.9410215],[85.6702709,19.9414],[85.6703004,19.9414527],[85.6704962,19.9418236],[85.6705217,19.9418863],[85.6706518,19.9421914],[85.6706625,19.9422343],[85.6706893,19.9423984],[85.670688,19.942436],[85.6706746,19.9428218],[85.6706679,19.9428747],[85.6706129,19.9433903],[85.6706116,19.9434382],[85.6705913,19.9441847],[85.670574,19.9446094],[85.67057,19.9446964],[85.670566,19.9448087],[85.6705472,19.9453381],[85.6705338,19.9457428],[85.6705472,19.9466],[85.6705445,19.9470324],[85.6705418,19.9470891],[85.6705365,19.947306],[85.6705365,19.9473564],[85.6705244,19.9474245],[85.6705043,19.9474698],[85.6704493,19.9475556],[85.6702454,19.9478329],[85.6702133,19.9478821],[85.6697895,19.9485704],[85.669766,19.9486186],[85.6696808,19.948878]]}},{"type":"Feature","properties":{"id":868518550,"highway":"residential"},"geometry":{"type":"LineString","coordinates":[[85.6686399,19.9370427],[85.668616,19.9369992]]}},{"type":"Feature","properties":{"id":868518551,"highway":"residential"},"geometry":{"type":"LineString","coordinates":[[85.668616,19.9369992],[85.6684872,19.9368498],[85.6684564,19.9368107],[85.6683277,19.9366557],[85.6682968,19.9366279],[85.6681345,19.9365044],[85.6681024,19.9364804],[85.6680608,19.9364396],[85.6677899,19.9360745]]}},{"type":"Feature","properties":{"id":868519691,"highway":"residential"},"geometry":{"type":"LineString","coordinates":[[85.6626154,19.9271508],[85.6630933,19.9275221],[85.6631349,19.9275567],[85.6635292,19.9278341],[85.66356,19.9278429],[85.6635895,19.9278303],[85.6637076,19.9276992],[85.6637438,19.9276777],[85.6641555,19.9274924],[85.6642064,19.9274672],[85.6646651,19.9272238],[85.664708,19.9272125],[85.6647496,19.92721],[85.6648877,19.9272062],[85.664928,19.9271961],[85.6650285,19.9271406],[85.6650567,19.9271179],[85.6655234,19.9266199],[85.6655516,19.9266035],[85.6655878,19.9266023],[85.6656186,19.9266098],[85.6662771,19.9270498],[85.666316,19.9270713],[85.6664501,19.9271293],[85.6664957,19.9271394],[85.6665386,19.9271406],[85.6667948,19.9271539],[85.6668444,19.9271595],[85.666945,19.9271791],[85.6669946,19.9271961],[85.6675298,19.9273859],[85.6675713,19.9274041],[85.6677788,19.9274927],[85.667804,19.9274968],[85.6680427,19.9275069],[85.6680735,19.9275025],[85.6685329,19.9274061],[85.6685624,19.9274022],[85.6689258,19.9273751],[85.6689553,19.9273726],[85.6692303,19.9273355],[85.6692584,19.9273354],[85.6694166,19.9273285],[85.6694401,19.9273241],[85.6694596,19.9273171],[85.6695689,19.9272623],[85.6695896,19.9272484],[85.669709,19.9271602],[85.6697264,19.9271431],[85.6699307,19.9269427],[85.6700865,19.9268607],[85.6701093,19.9268519],[85.6703655,19.9267542]]}},{"type":"Feature","properties":{"id":868522449,"highway":"residential"},"geometry":{"type":"LineString","coordinates":[[85.6016509,19.9946243],[85.6018741,19.9953686]]}},{"type":"Feature","properties":{"id":868536046,"highway":"unclassified"},"geometry":{"type":"LineString","coordinates":[[85.6739831,19.927534],[85.6739885,19.9274823]]}},{"type":"Feature","properties":{"id":868536047,"highway":"unclassified"},"geometry":{"type":"LineString","coordinates":[[85.6872185,19.9229957],[85.6865531,19.9230089],[85.686462,19.9230045],[85.6854743,19.9228333],[85.6853879,19.9228223],[85.6845438,19.9226735],[85.6844727,19.922664],[85.6839726,19.9226506],[85.6839076,19.9226544],[85.6836108,19.9227232],[85.6835479,19.9227507],[85.6832352,19.922943],[85.6830247,19.9230723],[85.6815308,19.9240478],[85.6814691,19.9240806],[85.6812184,19.9241727],[85.6811446,19.9241903],[85.6809072,19.9242067],[85.6808174,19.9242054],[85.6799899,19.924155],[85.6798799,19.9241487],[85.6788915,19.924039],[85.6778696,19.9239545],[85.6777851,19.923947],[85.6772245,19.9238637],[85.6771441,19.9238587],[85.6770637,19.9238617],[85.6767453,19.9239024],[85.6748883,19.9241512],[85.6748307,19.92416],[85.6738208,19.9242798],[85.6737792,19.9242975],[85.6737497,19.9243265],[85.673739,19.9243593],[85.6737309,19.9244656],[85.6737323,19.9245118],[85.6738167,19.9255248],[85.6739562,19.926821],[85.6739603,19.9268759],[85.6739938,19.9273701],[85.6739938,19.9274117],[85.6739885,19.9274823]]}},{"type":"Feature","properties":{"id":868536383,"highway":"residential"},"geometry":{"type":"LineString","coordinates":[[85.6041357,19.9562272],[85.6055816,19.9553329]]}},{"type":"Feature","properties":{"id":868536598,"highway":"residential"},"geometry":{"type":"LineString","coordinates":[[85.663383,19.9427967],[85.6631904,19.9428943],[85.6631589,19.94292],[85.662879,19.9432879],[85.6628684,19.9433275],[85.6628748,19.9433651],[85.6630347,19.9437271],[85.6630578,19.9437687],[85.6631673,19.9439111],[85.6631946,19.9439328],[85.6632346,19.9439408],[85.6632767,19.9439378],[85.6635461,19.9438676],[85.6639902,19.9437738]]}},{"type":"Feature","properties":{"id":868537487,"highway":"residential"},"geometry":{"type":"LineString","coordinates":[[85.6609409,19.9401403],[85.6609688,19.9398388],[85.6609831,19.9398103],[85.6610102,19.9397863],[85.6614361,19.9396259],[85.6614807,19.9396244],[85.661519,19.9396364],[85.661647,19.939735]]}},{"type":"Feature","properties":{"id":868538039,"highway":"unclassified"},"geometry":{"type":"LineString","coordinates":[[85.6191764,19.9711219],[85.6189876,19.97092],[85.6188924,19.970836],[85.6187694,19.9707444],[85.6186963,19.9707106],[85.6185351,19.970656],[85.6183923,19.9706386],[85.6181314,19.9706303],[85.617782,19.9706183],[85.6175606,19.9705662],[85.6173832,19.9704929],[85.6171844,19.9703666],[85.6170243,19.970191],[85.6169189,19.9699576],[85.6168522,19.9696823],[85.6167235,19.9691557],[85.6165708,19.9686431],[85.6165485,19.9684338],[85.6165587,19.9679788],[85.6165552,19.9675967],[85.6165467,19.9672674],[85.6165349,19.967216],[85.6165109,19.9671683],[85.6164658,19.9671046],[85.6164005,19.9670376],[85.6163254,19.9669488],[85.6162546,19.9668474],[85.6161559,19.9666595],[85.616044,19.9664687],[85.6158916,19.966208],[85.6157414,19.9659804],[85.6155806,19.9658512],[85.6153631,19.9657466],[85.6150985,19.9656294],[85.6148288,19.9655161],[85.6145963,19.9654301],[85.6140344,19.9653019],[85.6139418,19.9652868],[85.6136096,19.9652259],[85.6135462,19.9652137],[85.6132205,19.9651823],[85.61316,19.9651835],[85.6129535,19.9651822],[85.6129146,19.9651784],[85.6128757,19.965162],[85.6128462,19.9651356],[85.6127724,19.9649956],[85.6127496,19.964949],[85.612535,19.9646036],[85.6125042,19.9645368],[85.6124331,19.9643389],[85.6124144,19.9642677],[85.6123218,19.9638612],[85.612304,19.9637828],[85.6121783,19.963304],[85.6121582,19.9632284],[85.6120992,19.9629032],[85.6119865,19.9624469],[85.6119785,19.9623952],[85.6119838,19.9623359],[85.6120428,19.9620233],[85.6120482,19.9619666],[85.6120442,19.9619099],[85.6119302,19.961359],[85.6119208,19.9612708],[85.6118725,19.9607502],[85.6118631,19.9606519],[85.6118041,19.96028],[85.611784,19.9601918],[85.6116888,19.9599018],[85.6116687,19.9598363],[85.6115668,19.9595691],[85.6115359,19.9595035],[85.6112824,19.959119],[85.6112461,19.9590502],[85.6110357,19.9586993],[85.6109901,19.9586388],[85.6105636,19.958098],[85.6105073,19.9580324],[85.6100607,19.9575244],[85.6099775,19.9574261],[85.6096664,19.9570795],[85.6096128,19.9570139],[85.609173,19.9564341],[85.6085318,19.9555913],[85.6081317,19.9550962],[85.6077615,19.954703],[85.607308,19.954261],[85.6072391,19.9541972],[85.6068548,19.9538416],[85.6065631,19.9535775],[85.6063673,19.9533796],[85.6063056,19.9533254],[85.6062895,19.9532876],[85.606311,19.9532435],[85.6063552,19.9531843],[85.6064357,19.9531225],[85.6065819,19.9530393],[85.6067949,19.9529224],[85.6069961,19.9527772],[85.6071431,19.9526617],[85.6072865,19.9525977],[85.6074561,19.9525477],[85.6076142,19.9525384],[85.6078287,19.9525577],[85.6079533,19.9525877],[85.6080531,19.9526031],[85.6082465,19.952597],[85.6085575,19.9525578],[85.6088169,19.9525131],[85.6089248,19.9525048],[85.609024,19.9525111],[85.6091286,19.9525313],[85.6093376,19.9525918],[85.6094223,19.9526119],[85.6095605,19.952617],[85.6096128,19.9526019],[85.6098407,19.9524909],[85.6098877,19.9524708],[85.6100996,19.9523876],[85.6101559,19.9523737],[85.6104134,19.9523094],[85.6104577,19.9523081],[85.6106092,19.9523485],[85.6106468,19.952356],[85.6106856,19.9523497],[85.6107192,19.9523321],[85.6110531,19.9521846],[85.6111108,19.9521569],[85.61132,19.9520447],[85.6117733,19.9518581],[85.6118256,19.9518253],[85.6122386,19.9514787],[85.6122681,19.9514396],[85.6124479,19.9511559],[85.6124747,19.9511055],[85.612641,19.9508635],[85.6126611,19.9508093],[85.6127174,19.9506706],[85.6127335,19.9506227],[85.6128073,19.9502458],[85.6128193,19.9502155],[85.6128368,19.9501941],[85.612869,19.950179],[85.6129521,19.9501638],[85.6129937,19.9501689],[85.6130098,19.9501991],[85.6130165,19.9502369],[85.6130192,19.9507008],[85.6130232,19.9507878],[85.6130728,19.9512795],[85.6130809,19.9513564],[85.6130946,19.9515101],[85.6131318,19.9519274],[85.6131412,19.9520308],[85.613227,19.9524581],[85.6132498,19.9525451],[85.6133679,19.9530531],[85.6133746,19.9531162],[85.6133652,19.9531716],[85.613333,19.9533431],[85.613333,19.9533973],[85.6133383,19.9534465],[85.6134537,19.9539116],[85.6134818,19.9540036],[85.61362,19.9544297],[85.6136481,19.9545091],[85.6137487,19.9549541],[85.6137983,19.9551407],[85.6138225,19.9551873],[85.6138587,19.9552226],[85.6139553,19.9553247],[85.6139794,19.9553701],[85.6139915,19.9554142],[85.61408,19.9557559],[85.6140894,19.9558012],[85.6140974,19.9559286],[85.6140853,19.9559916],[85.6137809,19.9567643],[85.6136227,19.9571639],[85.6135744,19.9573278],[85.6135663,19.9573757],[85.613552,19.9575115],[85.6135489,19.9575648],[85.6135489,19.958093],[85.6135422,19.9581522],[85.6135194,19.9582682],[85.61351,19.9583186],[85.613451,19.9588921],[85.6134497,19.9590573],[85.613459,19.9591064],[85.613506,19.9592325],[85.6135382,19.9592905],[85.6136736,19.9595552],[85.6137125,19.9596069],[85.6138962,19.9598514],[85.6139392,19.9598955],[85.6142905,19.9601829],[85.6149074,19.960667],[85.6149812,19.9607351],[85.6153916,19.9612065],[85.6154466,19.9612607],[85.6156987,19.96147],[85.6159133,19.9616401],[85.6159884,19.9616805],[85.6160729,19.9617132],[85.6169808,19.9620135],[85.6175937,19.9622112],[85.6176567,19.9622464],[85.6178257,19.9623536],[85.6178941,19.9623838],[85.6180872,19.9624607],[85.6181408,19.9625061],[85.6183876,19.9627645],[85.6184319,19.9628011],[85.6186827,19.9629813],[85.6188597,19.9631112],[85.6189026,19.9631553],[85.6190032,19.9633002],[85.619034,19.9633645],[85.6193076,19.9639418],[85.6193398,19.9640225],[85.619439,19.9642961],[85.6194565,19.9643717],[85.6195785,19.9650259],[85.6195866,19.9650914],[85.6195986,19.9652629],[85.6195946,19.9653197],[85.6195293,19.9657039],[85.6195309,19.9658051],[85.6195799,19.9660595],[85.6195946,19.9663003],[85.6196043,19.9663656],[85.6196229,19.9664203],[85.6198163,19.96698],[85.6200324,19.9675208],[85.6202469,19.9679837],[85.620376,19.9682712],[85.6205315,19.9689036],[85.6205408,19.9690148],[85.6205081,19.9691011],[85.6203456,19.969287],[85.6203289,19.9693065],[85.6203148,19.9693374],[85.6203114,19.9693746],[85.6203101,19.9694023],[85.6203291,19.9695672],[85.6203588,19.9697707],[85.6204048,19.9698856],[85.6204922,19.9699934],[85.6205722,19.970083],[85.6209721,19.9706017]]}},{"type":"Feature","properties":{"id":868538045,"highway":"residential"},"geometry":{"type":"LineString","coordinates":[[85.6080255,19.9993467],[85.6077197,19.9988146],[85.60738,19.9982266],[85.607002,19.9974644],[85.6069058,19.9972356],[85.6068605,19.9970626],[85.6068061,19.9967729],[85.6067651,19.9965436]]}},{"type":"Feature","properties":{"id":868538046,"highway":"residential"},"geometry":{"type":"LineString","coordinates":[[85.6017784,19.9893637],[85.6015355,19.9893681],[85.6014095,19.9894032],[85.6010942,19.9895282],[85.6010592,19.9895721],[85.6010475,19.9896511],[85.601096,19.989935]]}},{"type":"Feature","properties":{"id":868538047,"highway":"residential"},"geometry":{"type":"LineString","coordinates":[[85.6030312,19.9900093],[85.6028985,19.9897066],[85.6028631,19.9896767],[85.6028307,19.9896758],[85.6026896,19.9897095],[85.6024562,19.9897627],[85.6020451,19.9898354],[85.6012016,19.9899214],[85.601096,19.989935],[85.6009564,19.989953],[85.60089,19.9899762],[85.6008415,19.9900141],[85.6008096,19.9900869],[85.6008006,19.9902039]]}},{"type":"Feature","properties":{"id":868538877,"highway":"residential"},"geometry":{"type":"LineString","coordinates":[[85.6072391,19.9541972],[85.6079071,19.9540331],[85.6082556,19.953982],[85.6086579,19.9539343],[85.6088054,19.9539117],[85.6090758,19.953868],[85.6091729,19.9538385],[85.6095163,19.9536557],[85.6095994,19.9536052],[85.6098998,19.9533708],[85.6099776,19.9533481],[85.6100581,19.9533455],[85.610455,19.9533859],[85.6105368,19.9533783],[85.6111088,19.9531703],[85.6111899,19.9531287],[85.6118632,19.9527858],[85.6119464,19.9527279],[85.6125096,19.9522539],[85.6125579,19.9521984],[85.6130946,19.9515101]]}},{"type":"Feature","properties":{"id":868547460,"highway":"residential"},"geometry":{"type":"LineString","coordinates":[[85.6943022,19.9354944],[85.6943907,19.9356332],[85.6944188,19.9356811],[85.69462,19.9361224],[85.6946428,19.9361753],[85.6947796,19.9365901],[85.6948011,19.9366443],[85.6950626,19.9373604],[85.6950787,19.9373944],[85.6951082,19.9374474],[85.695131,19.9374865],[85.6951779,19.9375319],[85.6952101,19.9375533],[85.6953737,19.9376794],[85.6954086,19.9377096],[85.695768,19.938079],[85.6957975,19.9381206],[85.6959732,19.9383412],[85.6960067,19.9383702],[85.6960845,19.9384131],[85.6962267,19.9384761],[85.6962669,19.9384837],[85.6963098,19.9384736],[85.6963541,19.9384509],[85.6966701,19.9382761]]}},{"type":"Feature","properties":{"id":868547461,"highway":"residential"},"geometry":{"type":"LineString","coordinates":[[85.6943022,19.9354944],[85.6938837,19.9348881],[85.6938395,19.9348301],[85.6935552,19.9344506],[85.6935216,19.9344103],[85.6932923,19.9341014],[85.6932521,19.9340497],[85.6929302,19.933592],[85.6928967,19.9335391],[85.6928511,19.9334567]]}},{"type":"Feature","properties":{"id":868547462,"highway":"residential"},"geometry":{"type":"LineString","coordinates":[[85.6928511,19.9334567],[85.6928228,19.9334077]]}},{"type":"Feature","properties":{"id":868547464,"highway":"residential"},"geometry":{"type":"LineString","coordinates":[[85.6967833,19.9382113],[85.6973532,19.9378849],[85.6974068,19.9378521],[85.6978011,19.9376434],[85.6978467,19.9376214],[85.6980425,19.9375325],[85.6980854,19.937518],[85.6983429,19.937431],[85.6983925,19.9374083],[85.6987064,19.9371965],[85.6987627,19.937165],[85.6992428,19.9369721],[85.6993957,19.9369078],[85.6994198,19.9368876],[85.6994332,19.9368612],[85.6994762,19.9367363],[85.6994855,19.936701],[85.6995593,19.9364703],[85.6995727,19.9364476],[85.6995982,19.9364161],[85.6996988,19.936319],[85.6997176,19.936285],[85.6997471,19.9361728],[85.6997497,19.9361337],[85.6997631,19.9360051],[85.6997792,19.935966],[85.6998356,19.9358753]]}},{"type":"Feature","properties":{"id":868547465,"highway":"residential"},"geometry":{"type":"LineString","coordinates":[[85.6966701,19.9382761],[85.6967833,19.9382113]]}},{"type":"Feature","properties":{"id":868550147,"highway":"residential"},"geometry":{"type":"LineString","coordinates":[[85.6832352,19.922943],[85.6836551,19.9235561],[85.6839113,19.9239457],[85.6839354,19.9239924],[85.6839676,19.9240844],[85.683977,19.9241386],[85.683981,19.9243819],[85.6839918,19.9244273],[85.6840065,19.9244601],[85.6841272,19.9246329],[85.6841581,19.9246644],[85.684213,19.9247022],[85.6842868,19.9247249],[85.6843498,19.9247224],[85.6844142,19.9247022],[85.6848461,19.9244808],[85.6849091,19.9244652],[85.6849882,19.9244589],[85.6850526,19.9244664],[85.6851264,19.9244941],[85.6851867,19.9245307],[85.6853154,19.9246757],[85.6855729,19.9249947],[85.6856158,19.9250351],[85.6856534,19.925059],[85.6859578,19.9252343],[85.6860021,19.9252708],[85.6860772,19.9253755],[85.6861,19.9254183],[85.6864232,19.9260034],[85.68645,19.9260488],[85.686674,19.9263778],[85.6867088,19.9264169],[85.686918,19.9266098],[85.6869636,19.9266489],[85.6873593,19.9269565],[85.6874196,19.9269994],[85.6880218,19.9274016],[85.6880768,19.9274432],[85.6884617,19.9277433],[85.6885247,19.9277899],[85.6891698,19.9282842],[85.6892261,19.928327],[85.6896847,19.9286923],[85.6897478,19.9287444],[85.690197,19.9291541],[85.690252,19.9291995],[85.6905887,19.9294454],[85.6906396,19.9294832],[85.6907952,19.9296496],[85.6908408,19.9296975],[85.6912458,19.9302271],[85.6912807,19.9302724],[85.6915435,19.9305851],[85.6915744,19.9306229],[85.6917661,19.9309734],[85.691801,19.9310365],[85.6920679,19.931629],[85.6921041,19.9316921],[85.6923455,19.932146],[85.6923817,19.9322065],[85.6925279,19.9324397],[85.692552,19.9324901],[85.6925695,19.9325444],[85.6927881,19.9333159],[85.6927988,19.9333563],[85.6928228,19.9334077]]}},{"type":"Feature","properties":{"id":868551172,"highway":"primary"},"geometry":{"type":"LineString","coordinates":[[85.608321,19.9752069],[85.6080127,19.9752809],[85.6079023,19.9753074]]}},{"type":"Feature","properties":{"id":868551173,"highway":"primary"},"geometry":{"type":"LineString","coordinates":[[85.6164517,19.9719052],[85.6155262,19.9721816],[85.6152608,19.9722577],[85.6145379,19.9724832],[85.6142552,19.9726068],[85.6142166,19.9726236],[85.6136836,19.9729011],[85.613049,19.9732171],[85.6122393,19.9735698],[85.61157,19.9738509],[85.611209,19.9740025],[85.6098967,19.9746037],[85.6091206,19.9749666],[85.6088335,19.9750686],[85.608321,19.9752069]]}},{"type":"Feature","properties":{"id":868558606,"highway":"unclassified"},"geometry":{"type":"LineString","coordinates":[[85.603323,19.909361],[85.6028965,19.9095879],[85.6018615,19.9101542],[85.600558,19.9107137],[85.5989103,19.9113608],[85.5963526,19.9122704],[85.5957536,19.9125056],[85.5955734,19.9125683],[85.5948462,19.912802],[85.5945536,19.9128868],[85.5937904,19.9130668],[85.5920282,19.9134893],[85.5919585,19.9135145],[85.5919397,19.9135447],[85.591929,19.9137465],[85.592004,19.9142153],[85.5920985,19.9145297],[85.5922389,19.9148928],[85.5925379,19.9155467],[85.5926365,19.9157942],[85.5927092,19.9159449],[85.5927237,19.9160059],[85.5927139,19.9160577],[85.5926787,19.9161135],[85.5926123,19.9162013],[85.5925838,19.9162797],[85.5925838,19.9163466],[85.5925981,19.9164116],[85.5927871,19.9167326],[85.5928501,19.9168683],[85.5928827,19.9169849],[85.5928623,19.9170977],[85.5927383,19.9172506],[85.5927017,19.9173194],[85.5926671,19.9175013],[85.5925536,19.9182257],[85.59251,19.9185241],[85.5924704,19.9187136],[85.5923426,19.9189742],[85.5922096,19.9192739],[85.5921766,19.9193809],[85.5921553,19.9195778],[85.5921547,19.91975],[85.592192,19.9199899],[85.5925264,19.9217785],[85.5925755,19.921963],[85.5926526,19.9221642],[85.592721,19.9222834],[85.5927706,19.92233],[85.5928696,19.9223649],[85.5930492,19.9223649],[85.5931483,19.9223649],[85.5931979,19.9223649],[85.5932412,19.9223824],[85.5932908,19.9224173],[85.5933279,19.9224522],[85.5933837,19.9224697],[85.5934766,19.9224872],[85.5935447,19.9225163],[85.5938791,19.9226735],[85.5941144,19.9227841],[85.5942507,19.9228656],[85.5943745,19.9229762],[85.5944736,19.923116],[85.59487,19.9237099],[85.5949257,19.9237914],[85.5949753,19.9238205],[85.5950248,19.9238438],[85.5951089,19.9238502],[85.5952793,19.9238018],[85.5953301,19.9237999],[85.5953626,19.9238401],[85.595396,19.9239791],[85.5954645,19.9240574],[85.5955825,19.9240967],[85.5957136,19.9240886],[85.5962151,19.9239461],[85.5963385,19.9239411],[85.5964198,19.9239731],[85.596542,19.9240655],[85.5969529,19.9245867],[85.5972946,19.924913],[85.5976284,19.92524],[85.59785,19.925434],[85.5980984,19.9256279],[85.5982081,19.9258111],[85.5982783,19.9259705],[85.5983196,19.9261354],[85.5983162,19.9262912],[85.5982787,19.9265355],[85.5982527,19.9267772],[85.5981611,19.9275483],[85.5981356,19.9278651],[85.598157,19.927971],[85.5982268,19.9281374],[85.5983823,19.9283896],[85.5985379,19.9285863],[85.5986935,19.9287225],[85.5988758,19.9288083],[85.5990261,19.9288587],[85.5992889,19.9288789],[85.5993426,19.928894],[85.5994123,19.9289444],[85.5995155,19.9290385],[85.599879,19.9294942],[85.599997,19.9296455],[85.6001311,19.9298927],[85.6002706,19.930186],[85.6004637,19.930624],[85.6005871,19.9308308],[85.6007781,19.9311016],[85.6009036,19.9312467],[85.6009985,19.9313123],[85.6011261,19.9313694],[85.6012737,19.9314209],[85.6014706,19.9315225],[85.6015804,19.9316425],[85.6019498,19.9320463],[85.6021356,19.9321682],[85.6023253,19.9322263],[85.6024398,19.9322453],[85.602761,19.9322647],[85.6029368,19.9322732],[85.6032694,19.9323287],[85.6035376,19.9324598],[85.6037468,19.932601],[85.6038863,19.932722],[85.6040749,19.9329675],[85.6041826,19.933159],[85.6042902,19.9333506],[85.6053657,19.9356818],[85.6054654,19.935891],[85.6055545,19.9360349],[85.6056524,19.9362039],[85.6057905,19.9364159],[85.6058614,19.9365834],[85.6059021,19.9367655],[85.605918,19.9371644],[85.6058916,19.9382936],[85.6057216,19.9398369],[85.6057146,19.9402744],[85.6057505,19.940544],[85.6058013,19.9407092],[85.6058999,19.9409354],[85.6060699,19.941217],[85.6063882,19.9417085],[85.6065952,19.94199],[85.6069034,19.9423336],[85.6072979,19.9427565],[85.6074267,19.9428371],[85.6076144,19.9429077],[85.6078719,19.9429481],[85.6081731,19.9429638],[85.6085479,19.9429733],[85.6087356,19.9430035],[85.6090146,19.9430943],[85.6099186,19.9434637],[85.6099793,19.9434748],[85.610041,19.9434672],[85.6103173,19.9434193],[85.6103683,19.9434193],[85.6104192,19.9434319],[85.610556,19.9434975],[85.610607,19.9435378],[85.6106472,19.9435908],[85.6108725,19.9440648],[85.6109101,19.9441127],[85.611071,19.9442615],[85.6112785,19.9443902],[85.6113508,19.9444241],[85.6115038,19.9444658],[85.6115869,19.9444846],[85.6120321,19.9445666],[85.6120884,19.9445855],[85.6122145,19.9446611],[85.6122547,19.9446977],[85.6124009,19.94483],[85.6128006,19.945207],[85.612987,19.945444],[85.6130192,19.9455007],[85.6132056,19.945923],[85.6132431,19.9459999],[85.6136213,19.9466366],[85.6139123,19.9470727],[85.6141323,19.947461],[85.6141578,19.9475291],[85.6141739,19.9475934],[85.6142141,19.9478317],[85.6142221,19.9478896],[85.6142423,19.9479502],[85.6142771,19.9480069],[85.6145507,19.9483876],[85.614595,19.9484569],[85.6147371,19.9487683],[85.6147639,19.9488339],[85.6149168,19.9492398],[85.6149892,19.9495108],[85.6149973,19.9495701],[85.6149946,19.9496306],[85.6149799,19.9502458],[85.6149732,19.9503176],[85.6149356,19.9505849],[85.6149128,19.9506378],[85.6148806,19.9506807],[85.6147224,19.9508546],[85.6146942,19.9509],[85.6146513,19.9510639],[85.6146473,19.9511206],[85.614713,19.9515707],[85.614721,19.9516488],[85.6147237,19.9518505],[85.6146915,19.9523749],[85.6146996,19.9524771],[85.6148256,19.9531906],[85.6149128,19.9535334],[85.6151006,19.9542154],[85.6152239,19.9546503],[85.6153111,19.9549302],[85.6153688,19.9550663],[85.6154023,19.9551243],[85.6156504,19.9555176],[85.6156839,19.9555794],[85.6157617,19.9557785],[85.6157751,19.9558517],[85.6157899,19.9560584],[85.6157832,19.9561214],[85.6157041,19.9565021],[85.6156383,19.956816],[85.6156397,19.9568891],[85.6156598,19.9571311],[85.6156772,19.9572396],[85.6157456,19.9576253],[85.6157483,19.9577097],[85.6158087,19.9579845],[85.6158395,19.9580463],[85.6162123,19.9585707],[85.6162432,19.9586249],[85.6164175,19.9589111],[85.6166294,19.9593031],[85.6168453,19.9597191],[85.6170975,19.9602006],[85.6172155,19.9603947],[85.617245,19.9604325],[85.6172946,19.9604704],[85.617355,19.9604792],[85.6178391,19.9604212],[85.6179316,19.9604073],[85.618279,19.9603646],[85.6199634,19.960217],[85.6211101,19.9601199],[85.6211838,19.9601187],[85.6212428,19.9601275],[85.6213877,19.9601489],[85.6215969,19.960193],[85.6216854,19.9602233],[85.6217685,19.9602875],[85.6218369,19.9603519],[85.6221682,19.9606758]]}},{"type":"Feature","properties":{"id":868558609,"highway":"residential"},"geometry":{"type":"LineString","coordinates":[[85.6075284,19.9381884],[85.6058916,19.9382936]]}},{"type":"Feature","properties":{"id":868566234,"highway":"residential"},"geometry":{"type":"LineString","coordinates":[[85.6837933,19.9398718],[85.6844813,19.939757],[85.6845336,19.9397432],[85.6845711,19.939723],[85.6847683,19.9395931],[85.6848058,19.9395742],[85.684842,19.9395654],[85.6852323,19.9395099],[85.6852792,19.9395011],[85.6853265,19.9394894],[85.6857271,19.9393902],[85.6858049,19.9393776],[85.6860195,19.9393536],[85.6860745,19.9393586],[85.6863106,19.9394393],[85.6863548,19.939457],[85.6864862,19.9395326],[85.6865291,19.9395566],[85.6866217,19.9396171],[85.6866512,19.9396473],[85.686745,19.939781],[85.6867652,19.9397999],[85.6867973,19.9398201],[85.6868644,19.939844],[85.6869073,19.9398478],[85.6869543,19.9398415],[85.6875068,19.9396814],[85.6875457,19.9396763],[85.6875859,19.9396852],[85.6876101,19.9397003],[85.6877227,19.9397759]]}},{"type":"Feature","properties":{"id":868566235,"highway":"residential"},"geometry":{"type":"LineString","coordinates":[[85.6927747,19.9398005],[85.6928404,19.9397848],[85.6930952,19.9397041],[85.6931582,19.9396713],[85.6935015,19.9394507],[85.6935364,19.9394217],[85.6937711,19.9392767],[85.6938006,19.9392527],[85.6938221,19.9392275],[85.6938368,19.9391897],[85.6938663,19.9387522],[85.6938744,19.9387073],[85.6939293,19.9385165],[85.6939414,19.9384648],[85.6939575,19.9382719],[85.6939696,19.9382391],[85.6939884,19.9382202],[85.6940179,19.9382051],[85.6942981,19.9381156],[85.6943478,19.9380929],[85.6944779,19.9379882],[85.6945181,19.9379517],[85.6946401,19.937813],[85.6946844,19.9377745],[85.695131,19.9374865]]}},{"type":"Feature","properties":{"id":868567422,"highway":"unclassified"},"geometry":{"type":"LineString","coordinates":[[85.6872909,19.9229913],[85.6872185,19.9229957]]}},{"type":"Feature","properties":{"id":868567423,"highway":"unclassified"},"geometry":{"type":"LineString","coordinates":[[85.6966518,19.9318207],[85.6965592,19.9316517],[85.6965351,19.9316013],[85.6962991,19.9310617],[85.6960523,19.9305309],[85.6960255,19.9304792],[85.69589,19.9301539],[85.6958659,19.9300959],[85.6957023,19.9295412],[85.6956862,19.9294807],[85.6955829,19.9291049],[85.6955695,19.9290545],[85.6955051,19.9287998],[85.695489,19.9287519],[85.6953308,19.9281972],[85.6953134,19.9281404],[85.6951578,19.9275693],[85.6950653,19.9272478],[85.6950009,19.9270133],[85.6948587,19.9265203],[85.6948453,19.926485],[85.6947353,19.9262984],[85.6946991,19.9262467],[85.6944752,19.9259845],[85.6941318,19.9255507],[85.694042,19.9254335],[85.6936987,19.9250061],[85.6936638,19.924972],[85.6936169,19.9249468],[85.6933768,19.9248863],[85.6922489,19.9246467],[85.692202,19.9246303],[85.6921564,19.9245988],[85.691978,19.9243883],[85.6919391,19.9243353],[85.691632,19.9239028],[85.6915838,19.9238347],[85.6910408,19.9230723],[85.6909965,19.9230243],[85.6907965,19.9228173],[85.6907509,19.9227819],[85.690535,19.922642],[85.6904908,19.9226218],[85.6904452,19.9226105],[85.6903432,19.9225979],[85.6902963,19.9225991],[85.6902284,19.9226116],[85.6893914,19.922828],[85.6893177,19.9228399],[85.6886686,19.9228969],[85.6885868,19.9229035],[85.6872909,19.9229913]]}},{"type":"Feature","properties":{"id":868567783,"highway":"residential"},"geometry":{"type":"LineString","coordinates":[[85.6960845,19.9384131],[85.6959088,19.9385896],[85.6958699,19.9386161],[85.6958337,19.9386299],[85.695316,19.9387661],[85.6952678,19.9387875],[85.6952423,19.9388178],[85.6952329,19.9388544],[85.6951819,19.9393095],[85.6951766,19.9393712],[85.695186,19.9396587],[85.6951846,19.9396953],[85.6951672,19.9397242],[85.6951404,19.9397406],[85.6948024,19.9398566],[85.6947327,19.9398822],[85.6945503,19.9399852],[85.6944926,19.9400104],[85.6944323,19.9400234],[85.6935874,19.9400999],[85.6935136,19.940105],[85.6931233,19.9401125],[85.693063,19.940105],[85.6929061,19.9400798],[85.6928699,19.9400609],[85.6928444,19.9400281],[85.6927747,19.9398005],[85.6927162,19.9397313],[85.6926861,19.9397053],[85.6926566,19.9396889],[85.6926258,19.9396864],[85.6925949,19.9396927],[85.6918091,19.939936],[85.6917433,19.939955],[85.6908073,19.9402424],[85.6907308,19.9402663],[85.6904371,19.9403647],[85.6898135,19.9405714],[85.6897639,19.9405803],[85.6897277,19.9405689],[85.6896982,19.9405374],[85.6896432,19.9403975],[85.6896217,19.9403496],[85.6892878,19.9393839],[85.689269,19.9393284],[85.6891403,19.9388607]]}},{"type":"Feature","properties":{"id":868568985,"highway":"residential"},"geometry":{"type":"LineString","coordinates":[[85.6094894,19.9148964],[85.6075543,19.9119172],[85.6052679,19.9083463]]}},{"type":"Feature","properties":{"id":868568986,"highway":"residential"},"geometry":{"type":"LineString","coordinates":[[85.6068152,19.916549],[85.6073391,19.9163881],[85.6074325,19.9163807],[85.607491,19.9163917],[85.6075299,19.9164064],[85.6075649,19.9164283],[85.6076039,19.9164686],[85.6079967,19.9171592]]}},{"type":"Feature","properties":{"id":868568987,"highway":"residential"},"geometry":{"type":"LineString","coordinates":[[85.607492,19.9154891],[85.6078016,19.9161378],[85.6079787,19.9164939],[85.6082269,19.9170788]]}},{"type":"Feature","properties":{"id":868571246,"highway":"unclassified"},"geometry":{"type":"LineString","coordinates":[[85.6966746,19.9318522],[85.6966518,19.9318207]]}},{"type":"Feature","properties":{"id":868571247,"highway":"unclassified"},"geometry":{"type":"LineString","coordinates":[[85.6977274,19.933263],[85.6968436,19.9321119],[85.6968114,19.9320716],[85.6966746,19.9318522]]}},{"type":"Feature","properties":{"id":868575623,"highway":"primary"},"geometry":{"type":"LineString","coordinates":[[85.6890826,19.9388934],[85.6890196,19.9389338]]}},{"type":"Feature","properties":{"id":868575624,"highway":"primary"},"geometry":{"type":"LineString","coordinates":[[85.6943449,19.935463],[85.6943022,19.9354944],[85.6939951,19.9357063],[85.6934746,19.9360544],[85.6932655,19.9361942],[85.6925199,19.9366809],[85.6922959,19.9368271],[85.6910165,19.9376655],[85.6899798,19.9383261],[85.6896874,19.9385026],[85.6891403,19.9388607],[85.6890826,19.9388934]]}},{"type":"Feature","properties":{"id":868576640,"highway":"primary"},"geometry":{"type":"LineString","coordinates":[[85.6984439,19.9327725],[85.698292,19.9328722]]}},{"type":"Feature","properties":{"id":868576641,"highway":"primary"},"geometry":{"type":"LineString","coordinates":[[85.698292,19.9328722],[85.6977274,19.933263],[85.6973718,19.9335069],[85.6969053,19.9338581],[85.696523,19.9341455],[85.6963018,19.934293],[85.6958176,19.9345893],[85.6947464,19.9352262]]}},{"type":"Feature","properties":{"id":868610005,"highway":"unclassified"},"geometry":{"type":"LineString","coordinates":[[85.6062949,19.917504],[85.6064102,19.9174258]]}},{"type":"Feature","properties":{"id":868610006,"highway":"unclassified"},"geometry":{"type":"LineString","coordinates":[[85.6064102,19.9174258],[85.6067782,19.917189],[85.6068449,19.9171352],[85.6068874,19.9170742],[85.6069007,19.9169693],[85.6068766,19.9168254],[85.6068152,19.916549],[85.6067053,19.9160552],[85.6067007,19.9158759],[85.6067466,19.9157765],[85.6068556,19.9157007],[85.6070021,19.9156338],[85.607492,19.9154891],[85.608616,19.915157],[85.6094894,19.9148964],[85.6101023,19.9146644],[85.6107406,19.9144488],[85.610801,19.9144324],[85.6114809,19.9142899],[85.6115346,19.9142786],[85.6119114,19.9141563],[85.6119691,19.9141298],[85.612413,19.9139369],[85.6124666,19.9139054],[85.6131586,19.9135271],[85.6132123,19.9134943],[85.6139418,19.9130933],[85.6139848,19.9130694],[85.6148069,19.9125776],[85.6148699,19.9125436],[85.6153044,19.912304]]}},{"type":"Feature","properties":{"id":868610007,"highway":"unclassified"},"geometry":{"type":"LineString","coordinates":[[85.6035188,19.9092626],[85.603323,19.909361]]}},{"type":"Feature","properties":{"id":868610008,"highway":"unclassified"},"geometry":{"type":"LineString","coordinates":[[85.6172919,19.9021393],[85.6170183,19.9022516],[85.6169701,19.9022692],[85.6169003,19.9022982],[85.6168641,19.9023184],[85.6166187,19.9024571],[85.6165691,19.9024861],[85.616038,19.9027446],[85.6149839,19.9032831],[85.6149088,19.9033196],[85.6137501,19.903877],[85.613687,19.9039098],[85.6131747,19.9041759],[85.6131144,19.9042112],[85.6125256,19.9045201],[85.612468,19.9045504],[85.6120925,19.9047345],[85.6117612,19.9048997],[85.6117049,19.9049362],[85.6112722,19.9051993],[85.6111014,19.9053032],[85.6110437,19.9053385],[85.6104831,19.9056499],[85.6104308,19.9056777],[85.6099722,19.9059059],[85.6099239,19.9059337],[85.6091025,19.9063511],[85.6081655,19.9068166],[85.6056876,19.9081228],[85.6052679,19.9083463],[85.6047477,19.9086233],[85.6035188,19.9092626]]}},{"type":"Feature","properties":{"id":868632790,"highway":"residential"},"geometry":{"type":"LineString","coordinates":[[85.6053396,19.9512362],[85.6054795,19.9514952],[85.6055297,19.951657],[85.6055522,19.9518676],[85.6055868,19.9521765],[85.6056087,19.9523924],[85.6056566,19.9526295],[85.6057198,19.9527967],[85.6057989,19.95293],[85.6058939,19.9530305],[85.6059824,19.9531111],[85.6060897,19.953188],[85.6062895,19.9532876]]}},{"type":"Feature","properties":{"id":868635442,"highway":"residential"},"geometry":{"type":"LineString","coordinates":[[85.6842868,19.9247249],[85.6842935,19.9247665],[85.6843056,19.9247942],[85.6843257,19.9248157],[85.6846208,19.9250715]]}},{"type":"Feature","properties":{"id":868938337,"highway":"tertiary"},"geometry":{"type":"LineString","coordinates":[[85.6320947,19.9535988],[85.6320226,19.95349]]}},{"type":"Feature","properties":{"id":868939173,"highway":"residential"},"geometry":{"type":"LineString","coordinates":[[85.6306265,19.9490507],[85.6305622,19.9491692],[85.6305514,19.9492184],[85.6305662,19.9493381],[85.6305863,19.9493923],[85.6306735,19.9496268],[85.6306922,19.9496797],[85.6308934,19.9500819],[85.6308988,19.9501474],[85.6308827,19.9501928],[85.6308451,19.9502306],[85.6306574,19.9503214],[85.6306171,19.9503693],[85.6305695,19.9504922],[85.6305306,19.9505439],[85.6304884,19.9505748],[85.6299935,19.9507841]]}},{"type":"Feature","properties":{"id":868939174,"highway":"unclassified"},"geometry":{"type":"LineString","coordinates":[[85.6319935,19.9534651],[85.6320765,19.9533711],[85.6321802,19.953213],[85.6322176,19.9530901],[85.6321522,19.9526423],[85.6321242,19.9525106],[85.6320856,19.9519753],[85.6320776,19.9519224],[85.6320588,19.9518707],[85.6318697,19.9515404],[85.6318402,19.95149],[85.6316739,19.9511874],[85.6316565,19.9511408],[85.6315197,19.9506542],[85.631463,19.9503916],[85.6314071,19.9501739],[85.631391,19.9501172],[85.6312381,19.9498222],[85.631108,19.9495953],[85.6310704,19.9495499],[85.630758,19.9491957],[85.630711,19.9491478],[85.6306265,19.9490507],[85.6305917,19.9489914],[85.6303704,19.9485943],[85.6300686,19.948143],[85.6300257,19.9480636],[85.6299144,19.9477661],[85.6299037,19.9477056],[85.6297508,19.9471572],[85.6297562,19.9471206],[85.6297736,19.9470917],[85.6298245,19.9470627],[85.6300981,19.9469303],[85.6301826,19.9468937],[85.630247,19.9468761],[85.6303355,19.9468622],[85.6304562,19.9468685],[85.6306332,19.946871],[85.6307928,19.9468559],[85.6308559,19.9468383],[85.6312153,19.946687],[85.6312756,19.9466567],[85.631682,19.9464487],[85.6318657,19.9463731],[85.6319542,19.9463416],[85.6329118,19.9460226],[85.633003,19.9459936],[85.6335367,19.9458121],[85.634395,19.9454377],[85.6344728,19.9454011],[85.6350321,19.9451288],[85.6351139,19.9450885],[85.6355484,19.9448931],[85.6356356,19.9448552],[85.6363249,19.9445502],[85.6364107,19.9445123],[85.6367795,19.9443459],[85.6368238,19.9443258],[85.6368761,19.9442942],[85.6373039,19.9440106],[85.637497,19.9439224],[85.6379798,19.9437837],[85.6381273,19.943703],[85.6382507,19.9436122],[85.6385297,19.9433525],[85.6386745,19.9432744],[85.6387483,19.9432529],[85.6388086,19.9432567],[85.6388931,19.9432832],[85.6390965,19.9433758],[85.6391757,19.9434302],[85.6394,19.9436437],[85.6394329,19.9437071],[85.6395636,19.9440724],[85.6395918,19.9441694],[85.6396977,19.9444735],[85.6397012,19.9445034],[85.6396871,19.944535],[85.6394349,19.944733],[85.6394081,19.9447632],[85.6393906,19.9448036],[85.6393862,19.9448361],[85.6393915,19.9448793],[85.6394805,19.94512],[85.6395087,19.9451666],[85.6397501,19.9453721],[85.639797,19.9453898],[85.6398574,19.9453935],[85.6401819,19.9453482],[85.6402382,19.9453557],[85.6402919,19.9453822],[85.6404905,19.9455231],[85.6410255,19.945923],[85.6410965,19.9459659],[85.6411636,19.9459861],[85.6414841,19.946039],[85.6415606,19.9460529],[85.6418408,19.9461046],[85.6418864,19.9461083],[85.6419374,19.9461033],[85.6419843,19.9460806],[85.6420286,19.9460516],[85.642545,19.9457435],[85.6425905,19.945715],[85.6427045,19.9456343],[85.6427595,19.9455953],[85.6429686,19.9454349],[85.6432128,19.9452271],[85.6432503,19.9451981],[85.6437345,19.9447796],[85.6437626,19.944762],[85.6437975,19.944743],[85.6440644,19.9446107],[85.6440939,19.9445867],[85.644118,19.9445539],[85.6443299,19.9441682],[85.6443366,19.9441392],[85.6443407,19.9441014],[85.6443112,19.9439703],[85.6442924,19.9439274],[85.6441341,19.9437332],[85.6440952,19.9436916],[85.6439584,19.9435656],[85.6439115,19.943529],[85.6436352,19.9433437],[85.6435977,19.9433134],[85.6434636,19.9431647],[85.6434394,19.9431269],[85.6433281,19.9428911],[85.6432208,19.9425394],[85.6431994,19.9424915],[85.6429204,19.941904],[85.6427488,19.94158],[85.6427206,19.9415283],[85.6424135,19.9410833],[85.6423746,19.9410316],[85.6420661,19.9406925],[85.6420366,19.9406496],[85.6418368,19.9403231],[85.64181,19.9402802],[85.6416692,19.9401163],[85.6416383,19.9400722],[85.6414331,19.9398768],[85.6413889,19.9398428],[85.6411314,19.9396562],[85.6410885,19.9396297],[85.6406969,19.9393851],[85.6406446,19.9393536],[85.6403039,19.9391569],[85.6399097,19.9389149],[85.6398641,19.9388834],[85.6396776,19.9387258],[85.6396401,19.9386892],[85.639573,19.9386098],[85.6395543,19.938572],[85.6395113,19.9384333],[85.639502,19.9383892],[85.639455,19.9381509],[85.6394416,19.938108],[85.6392981,19.9376945],[85.6392793,19.9376542],[85.6392552,19.9376201],[85.6392243,19.9376012],[85.6391962,19.9375962],[85.6391627,19.9375949],[85.638943,19.9376251],[85.638594,19.9376731],[85.6385136,19.9376806],[85.6377102,19.937779],[85.6376687,19.937779],[85.6376231,19.9377676],[85.6375225,19.9377172],[85.6374809,19.9376819],[85.6372489,19.9374474],[85.6372194,19.9373995],[85.6371631,19.9372671],[85.6371483,19.9372066],[85.6370799,19.9368107],[85.6370115,19.9360971],[85.6370062,19.9360467],[85.6369217,19.935613],[85.6369083,19.9355563],[85.6367902,19.9350406],[85.6367742,19.9349764],[85.6366736,19.9346763],[85.6366561,19.9346196],[85.6364979,19.9343762],[85.6364603,19.9343296],[85.6362216,19.9340573],[85.6359172,19.9336916],[85.635877,19.9336463],[85.6356329,19.9333954],[85.6355886,19.9333575],[85.6353445,19.9331029],[85.6353056,19.93306],[85.6350616,19.9327423],[85.6350254,19.9327019],[85.6346874,19.932296],[85.6346458,19.9322418],[85.6345412,19.9320779],[85.6345117,19.9320287],[85.6343347,19.9316946],[85.6343159,19.9316467],[85.6342851,19.9315383],[85.634277,19.9314878],[85.6342636,19.9310844],[85.6342569,19.9303821],[85.6342649,19.9296988],[85.6342515,19.9291365],[85.6342489,19.9290709],[85.6342368,19.9286158],[85.6342261,19.9285464],[85.6340557,19.9280648],[85.6340517,19.928003],[85.6340678,19.927771],[85.6340785,19.9277118],[85.6341711,19.9273083],[85.6341939,19.9272617],[85.6343213,19.927041],[85.63434,19.9270032],[85.6343615,19.9268746],[85.6343548,19.9268317],[85.6342542,19.926577],[85.6342287,19.9265216],[85.6339994,19.926132],[85.6339699,19.9260828],[85.6336547,19.925673],[85.6335863,19.9255709],[85.6332269,19.9251069],[85.6331854,19.9250615],[85.6329775,19.9248926],[85.6329386,19.9248623],[85.6326315,19.9246278],[85.6325939,19.9246026],[85.632201,19.9243794],[85.6321487,19.9243466],[85.6318537,19.9241966],[85.6317691,19.9241374],[85.6311817,19.9236948],[85.6308438,19.923459],[85.6308036,19.9234225],[85.6307714,19.9233834],[85.6305648,19.9230921],[85.6304629,19.9229572],[85.630428,19.9229143],[85.6300499,19.9222953],[85.6300163,19.922241],[85.6297964,19.921917],[85.6297226,19.9218174],[85.6296958,19.9217821],[85.6295282,19.9215614],[85.6294852,19.9215148],[85.6292318,19.9211769],[85.6289099,19.920786],[85.628871,19.9207495],[85.6287503,19.9206536],[85.6287074,19.9206246],[85.6284446,19.9204368],[85.628403,19.9204002],[85.6283721,19.9203296],[85.6283627,19.9202792],[85.6283319,19.919829],[85.6283265,19.919273],[85.6283359,19.9187749],[85.6283306,19.9185934],[85.6283252,19.9185341],[85.628289,19.9183135],[85.6282742,19.9182605],[85.6281066,19.9178179],[85.6280838,19.9177637],[85.6279068,19.9174144],[85.6278853,19.9173237],[85.627884,19.9172808],[85.627892,19.9171698],[85.6279014,19.9171156],[85.6280248,19.9167046],[85.6280395,19.9166541],[85.6281066,19.9164562],[85.6281133,19.9164146],[85.6281146,19.9163679],[85.6280932,19.916209],[85.6280784,19.9161611],[85.6279282,19.9157992],[85.6279095,19.9157475],[85.6278853,19.9155912],[85.6278853,19.915537],[85.6278987,19.9154323],[85.6279135,19.9153882],[85.6282635,19.9149393],[85.6282876,19.9149015],[85.6285223,19.9145497],[85.6285438,19.9145156],[85.6286185,19.9144034],[85.628671,19.9143245]]}},{"type":"Feature","properties":{"id":868939175,"highway":"residential"},"geometry":{"type":"LineString","coordinates":[[85.631463,19.9503916],[85.6305695,19.9504922]]}},{"type":"Feature","properties":{"id":868943698,"highway":"residential"},"geometry":{"type":"LineString","coordinates":[[85.6303355,19.9468622],[85.6304616,19.9472442],[85.6304871,19.9472959],[85.6306212,19.9475367],[85.6306641,19.9476022],[85.630994,19.9481216],[85.6310369,19.9481796],[85.6313038,19.9485855],[85.6313279,19.9486322],[85.6314486,19.9489524],[85.6314728,19.9490192],[85.6316753,19.9495247]]}},{"type":"Feature","properties":{"id":868959364,"highway":"residential"},"geometry":{"type":"LineString","coordinates":[[85.6282943,19.9549415],[85.628175,19.954736],[85.6281468,19.9546793],[85.6280181,19.9543831],[85.627825,19.9539507],[85.6278169,19.9539066],[85.6278357,19.9538448],[85.6278826,19.9538082],[85.6282166,19.9536671],[85.6282662,19.9536381],[85.6285411,19.953449],[85.6285961,19.9533935],[85.6287611,19.9532183],[85.6287865,19.9531817],[85.6287919,19.9531338],[85.6287771,19.9530683],[85.6287611,19.9530229],[85.6285156,19.9526145],[85.6284955,19.9525691],[85.6284955,19.9524934],[85.6285103,19.9524481],[85.6286752,19.9523031],[85.6287181,19.9522678],[85.6288388,19.9520762],[85.628863,19.9520308],[85.6289622,19.9518165],[85.6289783,19.9517547],[85.6290279,19.9515253],[85.6290534,19.951369],[85.6290494,19.9513236],[85.6290118,19.9512026],[85.6289877,19.9511496],[85.6288254,19.9508899],[85.6287959,19.9508345],[85.6287584,19.9507336],[85.628753,19.950687],[85.6287798,19.9505526]]}},{"type":"Feature","properties":{"id":868959651,"highway":"residential"},"geometry":{"type":"LineString","coordinates":[[85.6316492,19.9524092],[85.6317711,19.9525912],[85.6318,19.9526585],[85.6319518,19.953205],[85.6319564,19.9532708],[85.6319332,19.9534458]]}},{"type":"Feature","properties":{"id":868961929,"highway":"residential"},"geometry":{"type":"LineString","coordinates":[[85.6195799,19.9660595],[85.6193599,19.9660406],[85.6192674,19.9660267],[85.619016,19.9659838],[85.6188116,19.9659378],[85.6184815,19.9658024],[85.6183808,19.9657783],[85.6182666,19.9657846],[85.6181832,19.9657973],[85.6180717,19.9658326],[85.6176416,19.9660272],[85.6175018,19.9660878],[85.6174682,19.9661345],[85.6174709,19.966175],[85.6175032,19.9662508],[85.6175005,19.9662874],[85.6174655,19.966319],[85.6174239,19.9663392],[85.617318,19.9663754],[85.6170002,19.966479]]}},{"type":"Feature","properties":{"id":868961930,"highway":"residential"},"geometry":{"type":"LineString","coordinates":[[85.6203148,19.9693374],[85.6201243,19.9694061],[85.6200586,19.9694502],[85.6199379,19.969609],[85.6199057,19.969672],[85.6198534,19.9699076],[85.6198293,19.9699846],[85.6196576,19.9703577],[85.6196,19.970451],[85.619498,19.9705834],[85.619441,19.9706458],[85.6192808,19.9707581],[85.6189876,19.97092]]}},{"type":"Feature","properties":{"id":868966443,"highway":"residential"},"geometry":{"type":"LineString","coordinates":[[85.6471771,19.9570743],[85.6467533,19.9561087],[85.6467533,19.9557658],[85.6469263,19.9556311]]}},{"type":"Feature","properties":{"id":868966444,"highway":"residential"},"geometry":{"type":"LineString","coordinates":[[85.6494038,19.9590516],[85.6492589,19.9588221],[85.6491941,19.9587547]]}},{"type":"Feature","properties":{"id":868966445,"highway":"unclassified"},"geometry":{"type":"LineString","coordinates":[[85.650877,19.9641212],[85.6507887,19.9639872],[85.6505366,19.9636028],[85.6505083,19.9635465],[85.650259,19.9630217],[85.6502401,19.9629667],[85.6501128,19.9625301],[85.6500845,19.9624172],[85.6498848,19.9617057],[85.6494704,19.9604376],[85.6494515,19.9603703],[85.6494247,19.9601788],[85.6492965,19.9595483],[85.6491785,19.9590339],[85.6491731,19.9590036],[85.6491731,19.9588775],[85.6491941,19.9587547],[85.6492183,19.9585972],[85.649237,19.9585178],[85.6492411,19.9584409],[85.6492317,19.9584043],[85.6492089,19.958364],[85.648938,19.9580375],[85.6488991,19.9579845],[85.6487073,19.9577034],[85.6486751,19.9576593],[85.6484377,19.9573593],[85.6481789,19.9571601],[85.6481534,19.9571223],[85.6480609,19.9569269],[85.6480502,19.9568841],[85.6480569,19.9567088],[85.6480649,19.9566509],[85.64814,19.956453],[85.6481615,19.9564164],[85.6482433,19.9563206],[85.6482621,19.956279],[85.6482607,19.9562247],[85.6482071,19.9561239],[85.6481762,19.9560798],[85.647794,19.9557003],[85.6477511,19.9556664],[85.6475607,19.9555605],[85.647511,19.9555516],[85.6472857,19.9555428],[85.6472254,19.9555529],[85.6470229,19.955626],[85.6469719,19.9556361],[85.6469263,19.9556311],[85.6468981,19.9556084],[85.6468821,19.9555857],[85.6465951,19.954915],[85.6465615,19.9548571],[85.6463845,19.9546075],[85.6463349,19.954547],[85.6459996,19.9541713],[85.6456737,19.9537881],[85.6455141,19.9535297],[85.6454793,19.9534679],[85.6453572,19.9531502],[85.6453317,19.9530683],[85.6452566,19.9527216],[85.6451426,19.9521443],[85.6451306,19.9520913],[85.6450005,19.9516135],[85.6449737,19.9515379],[85.6448731,19.9513538],[85.6448315,19.9512921],[85.6446263,19.9510147],[85.6445874,19.9509631],[85.6444171,19.950692],[85.6443836,19.9506252],[85.6442548,19.9503857],[85.6442146,19.9503201],[85.644051,19.950121],[85.6440054,19.950063],[85.6438552,19.9498436],[85.6438123,19.9497718],[85.6437305,19.9496218],[85.6435816,19.9492902],[85.6434394,19.9488818],[85.6434166,19.9488276],[85.6432852,19.9485704],[85.6429888,19.9480081],[85.6428091,19.9476312],[85.6425838,19.9470866],[85.642553,19.9470337],[85.6422687,19.9466378],[85.6422231,19.9465735],[85.6419374,19.9461033]]}},{"type":"Feature","properties":{"id":868972728,"highway":"residential"},"geometry":{"type":"LineString","coordinates":[[85.6422901,19.9559008],[85.6416638,19.9559689],[85.6414144,19.9560647],[85.6413554,19.9560836],[85.6410348,19.9561479],[85.6409504,19.9561643],[85.6407954,19.956169],[85.640658,19.9561731],[85.6406097,19.9561668],[85.6405748,19.9561466],[85.6405494,19.9560975],[85.6405064,19.955834],[85.6405011,19.9557861],[85.6404836,19.9557281],[85.6404085,19.9555655],[85.6402396,19.955321],[85.6402154,19.9552869],[85.6401873,19.955268],[85.6401403,19.9552617],[85.6401001,19.9552718],[85.6396656,19.9554243],[85.6395958,19.9554445],[85.6389414,19.9555819],[85.6388488,19.9556147],[85.6386021,19.9557231],[85.6385525,19.9557483],[85.6385176,19.9557823],[85.6384264,19.9559071],[85.6384049,19.9559424],[85.6383795,19.9559664],[85.6383272,19.9559865],[85.6376204,19.9562008],[85.6375439,19.9562273],[85.6370209,19.9564794],[85.6369901,19.9565046],[85.6369767,19.9565387],[85.636974,19.956671],[85.636974,19.9567089],[85.6369512,19.9567404],[85.6367969,19.9568954],[85.6367661,19.9569458],[85.6365958,19.9572711],[85.6365663,19.9573366],[85.6364509,19.9575307],[85.6364161,19.9575849],[85.636349,19.9576455]]}},{"type":"Feature","properties":{"id":868972729,"highway":"residential"},"geometry":{"type":"LineString","coordinates":[[85.6416638,19.9559689],[85.6414707,19.9557559],[85.6414184,19.955718],[85.6411783,19.955592],[85.641126,19.9555718],[85.6407653,19.9554911],[85.6407009,19.955481],[85.6406017,19.955481],[85.6405319,19.9555],[85.6404085,19.9555655]]}},{"type":"Feature","properties":{"id":868976205,"highway":"residential"},"geometry":{"type":"LineString","coordinates":[[85.6445485,19.9579064],[85.6450354,19.9577791],[85.6451923,19.9577198],[85.6452379,19.9577312],[85.6452741,19.9577589],[85.6452928,19.9578055],[85.6453049,19.958069],[85.645313,19.9581194],[85.6454028,19.9584081],[85.6454216,19.9584673],[85.6455664,19.958872],[85.6455933,19.9589186],[85.6456321,19.9589539],[85.6456804,19.9589728],[85.6459956,19.9589741],[85.6460667,19.9589703],[85.6461297,19.9589489],[85.6465709,19.9587107],[85.6466326,19.9586892],[85.6472442,19.9585316],[85.6473099,19.9585026],[85.6478745,19.9581938],[85.6479107,19.9581686],[85.6479335,19.9581371],[85.6480569,19.9577324],[85.6480756,19.9576946],[85.6480998,19.9576631],[85.6482393,19.9575232]]}},{"type":"Feature","properties":{"id":868976206,"highway":"residential"},"geometry":{"type":"LineString","coordinates":[[85.6467533,19.9557658],[85.6466246,19.9556953],[85.6464207,19.95566],[85.6461257,19.9557306],[85.6459165,19.9558314],[85.6456375,19.9560029]]}},{"type":"Feature","properties":{"id":868981117,"highway":"unclassified"},"geometry":{"type":"LineString","coordinates":[[85.649525,19.9472146],[85.6495881,19.9472183]]}},{"type":"Feature","properties":{"id":868981118,"highway":"unclassified"},"geometry":{"type":"LineString","coordinates":[[85.6501235,19.9521064],[85.6502013,19.9522728],[85.6502194,19.9523043],[85.6504165,19.9525596],[85.6504474,19.9525905],[85.6505875,19.9527267],[85.6506164,19.9527506],[85.6509074,19.9530223],[85.6509315,19.9530475],[85.6511662,19.9532876],[85.6515585,19.9536879],[85.6515867,19.9537169],[85.6518086,19.9539305],[85.6518334,19.953957],[85.651928,19.954078],[85.6520876,19.9543377],[85.652109,19.9543724],[85.6521633,19.9544707],[85.6521747,19.9544997],[85.6522042,19.9545949],[85.6522109,19.9546295],[85.6522317,19.9548426]]}},{"type":"Feature","properties":{"id":868996778,"highway":"residential"},"geometry":{"type":"LineString","coordinates":[[85.648309,19.9574639],[85.6484377,19.9573593]]}},{"type":"Feature","properties":{"id":868996779,"highway":"residential"},"geometry":{"type":"LineString","coordinates":[[85.6482393,19.9575232],[85.648309,19.9574639]]}},{"type":"Feature","properties":{"id":868996780,"highway":"residential"},"geometry":{"type":"LineString","coordinates":[[85.6484377,19.9573593],[85.6488132,19.9572396],[85.6488924,19.9572232],[85.6491914,19.9571513],[85.6492464,19.9571513],[85.6494339,19.9572121]]}},{"type":"Feature","properties":{"id":869002874,"highway":"unclassified"},"geometry":{"type":"LineString","coordinates":[[85.6522344,19.9548728],[85.6523243,19.955401]]}},{"type":"Feature","properties":{"id":869002875,"highway":"unclassified"},"geometry":{"type":"LineString","coordinates":[[85.6522317,19.9548426],[85.6522344,19.9548728]]}},{"type":"Feature","properties":{"id":869002876,"highway":"unclassified"},"geometry":{"type":"LineString","coordinates":[[85.6501114,19.9520762],[85.6501235,19.9521064]]}},{"type":"Feature","properties":{"id":869002877,"highway":"unclassified"},"geometry":{"type":"LineString","coordinates":[[85.6497507,19.9503006],[85.6497621,19.950699],[85.6497896,19.9510538],[85.649799,19.9510942],[85.6498915,19.9513929],[85.650039,19.9518556],[85.6501114,19.9520762]]}},{"type":"Feature","properties":{"id":869002878,"highway":"unclassified"},"geometry":{"type":"LineString","coordinates":[[85.6497507,19.9502653],[85.6497507,19.9503006]]}},{"type":"Feature","properties":{"id":869002879,"highway":"unclassified"},"geometry":{"type":"LineString","coordinates":[[85.6496581,19.9484903],[85.6497037,19.9489543],[85.6497091,19.9490003],[85.6497353,19.949357],[85.6497366,19.9494024],[85.6497567,19.9498922],[85.6497507,19.9502653]]}},{"type":"Feature","properties":{"id":869002880,"highway":"unclassified"},"geometry":{"type":"LineString","coordinates":[[85.6496561,19.9484595],[85.6496581,19.9484903]]}},{"type":"Feature","properties":{"id":869002881,"highway":"unclassified"},"geometry":{"type":"LineString","coordinates":[[85.6495881,19.9472183],[85.6496216,19.947236],[85.6496327,19.9472581],[85.6496374,19.9472858],[85.6496233,19.9479388],[85.6496233,19.9480031],[85.6496561,19.9484595]]}},{"type":"Feature","properties":{"id":869005311,"highway":"residential"},"geometry":{"type":"LineString","coordinates":[[85.6496689,19.9510916],[85.6497306,19.9510765]]}},{"type":"Feature","properties":{"id":869005312,"highway":"residential"},"geometry":{"type":"LineString","coordinates":[[85.6497306,19.9510765],[85.6497896,19.9510538]]}},{"type":"Feature","properties":{"id":869005313,"highway":"residential"},"geometry":{"type":"LineString","coordinates":[[85.6496112,19.9543175],[85.6495938,19.9542457],[85.6495951,19.9542028],[85.6496096,19.9541586],[85.6498003,19.9537427],[85.649811,19.9537011],[85.6498124,19.9536545],[85.649803,19.9536091],[85.6497373,19.9534364],[85.6497078,19.9533796],[85.64941,19.9529926],[85.6493792,19.9529384],[85.6492679,19.95268],[85.6491177,19.9523699],[85.6490962,19.9523283],[85.6490815,19.9522791],[85.6490412,19.95208],[85.6490493,19.9520295],[85.6491351,19.9518479],[85.6491633,19.951814],[85.6492679,19.9517219],[85.6492867,19.9516829],[85.6492934,19.95164],[85.6492679,19.9512631],[85.6492746,19.9512265],[85.6493041,19.9512026],[85.6496689,19.9510916]]}},{"type":"Feature","properties":{"id":869007609,"highway":"tertiary"},"geometry":{"type":"LineString","coordinates":[[85.64941,19.9589804],[85.6494038,19.9590516],[85.649402,19.9590989],[85.6494114,19.959148],[85.6496555,19.9597052],[85.6496756,19.959767],[85.6497829,19.960164],[85.6498191,19.9602661],[85.6499867,19.9608157],[85.6503497,19.9619418],[85.6507243,19.9630973],[85.6507632,19.9631868],[85.6509536,19.9635927],[85.6509845,19.9636229],[85.6510784,19.9636746]]}},{"type":"Feature","properties":{"id":869007610,"highway":"tertiary"},"geometry":{"type":"LineString","coordinates":[[85.6494181,19.9589199],[85.64941,19.9589804]]}},{"type":"Feature","properties":{"id":869007611,"highway":"tertiary"},"geometry":{"type":"LineString","coordinates":[[85.6510784,19.9636746],[85.6511181,19.9637014],[85.6511481,19.9637578],[85.6511615,19.9638095],[85.651226,19.9642806],[85.6512537,19.9644138],[85.6512876,19.9645093],[85.6513523,19.9645933],[85.6520641,19.9652953],[85.6526609,19.9658504],[85.6532819,19.9664963],[85.6534159,19.9666197],[85.6536424,19.9668138],[85.6542533,19.9672351],[85.6543219,19.9672824],[85.6546727,19.9675139],[85.6550694,19.967765],[85.6552425,19.9678821],[85.6554195,19.9680391],[85.6556208,19.9682527],[85.6560129,19.9686659],[85.6561061,19.968778],[85.6561729,19.9688833],[85.6563235,19.969121],[85.6567469,19.9697824],[85.6567591,19.9698234],[85.6567561,19.9698668]]}},{"type":"Feature","properties":{"id":869009100,"highway":"primary"},"geometry":{"type":"LineString","coordinates":[[85.6525408,19.9610017],[85.6524818,19.9610956]]}},{"type":"Feature","properties":{"id":869009101,"highway":"primary"},"geometry":{"type":"LineString","coordinates":[[85.6524818,19.9610956],[85.6523074,19.9614152],[85.6517208,19.9624847],[85.6514686,19.9629309],[85.6512219,19.9633734],[85.651194,19.9634251],[85.6510784,19.9636746],[85.6510489,19.963749],[85.6509239,19.9640331],[85.650877,19.9641212],[85.6507592,19.9643313],[85.650735,19.9643679],[85.6507029,19.9644007],[85.6503797,19.9646175],[85.6503032,19.9646654],[85.6499317,19.9648608],[85.6498606,19.9648961],[85.6495804,19.9650284],[85.6495133,19.9650624],[85.6492022,19.965254],[85.6491347,19.9652925],[85.6486278,19.9656425],[85.6483446,19.9658579],[85.6481412,19.9660413],[85.6479605,19.9662325],[85.6477359,19.9665153],[85.6474158,19.9668965],[85.6470393,19.9672646],[85.6468434,19.9674255],[85.646715,19.9675027],[85.6465769,19.9675673],[85.6464444,19.9675889],[85.6462985,19.9675798],[85.6454034,19.9673828],[85.6435745,19.9669932],[85.6431074,19.9668783],[85.642765,19.966794],[85.642687,19.9667758],[85.6425961,19.9667526],[85.641806,19.9665679],[85.6415107,19.9664989],[85.6410593,19.9664335],[85.640846,19.966436]]}},{"type":"Feature","properties":{"id":869011936,"highway":"residential"},"geometry":{"type":"LineString","coordinates":[[85.6362256,19.957735],[85.6361586,19.9577854]]}},{"type":"Feature","properties":{"id":869011937,"highway":"residential"},"geometry":{"type":"LineString","coordinates":[[85.636349,19.9576455],[85.6362256,19.957735]]}},{"type":"Feature","properties":{"id":869011938,"highway":"residential"},"geometry":{"type":"LineString","coordinates":[[85.6407954,19.956169],[85.6408961,19.9567922],[85.6409209,19.9568388],[85.6409598,19.9568588],[85.6410093,19.9568588],[85.64125,19.9568588],[85.6413066,19.9568754],[85.6413703,19.9569087],[85.6414376,19.9569286],[85.6415544,19.9569286],[85.6416145,19.9569419],[85.6416606,19.9569819],[85.6417443,19.9570851],[85.6417872,19.9571179],[85.6418677,19.9571733],[85.6419026,19.9572238],[85.6419294,19.9573145],[85.6419535,19.95737],[85.6420018,19.9574179],[85.6420903,19.9575086],[85.6421145,19.9575565],[85.6422968,19.9579877],[85.6423156,19.9580456],[85.6423746,19.958328],[85.6423746,19.9583734],[85.6423451,19.9584591],[85.6423424,19.9585045],[85.6423639,19.9585398],[85.6426708,19.958788],[85.6426992,19.9588185],[85.6427135,19.9588491],[85.6427981,19.9592426],[85.6428247,19.9592792],[85.6428636,19.9592908],[85.6429025,19.9592825],[85.6431892,19.9591611],[85.6432193,19.9591378],[85.6432352,19.9591079],[85.6432352,19.9590763],[85.6432122,19.9589149],[85.6432211,19.9588833],[85.6432458,19.958855],[85.643421,19.9587469],[85.6434635,19.958707],[85.6437661,19.9583544],[85.6438015,19.9583178],[85.6441123,19.9579793],[85.6441495,19.9579361],[85.6444149,19.9577098],[85.6444627,19.9576816],[85.6445176,19.9576649],[85.6450467,19.9575651],[85.6450927,19.9575701],[85.6451175,19.9575884],[85.6451923,19.9577198]]}},{"type":"Feature","properties":{"id":869013825,"highway":"residential"},"geometry":{"type":"LineString","coordinates":[[85.6381273,19.943703],[85.6381246,19.9437875],[85.6381139,19.9438265],[85.6380965,19.9438555],[85.6380026,19.9440434],[85.6379892,19.94409],[85.6379646,19.9442364],[85.6379651,19.9442917],[85.6379865,19.9445073],[85.6379959,19.9445439],[85.6380174,19.944588],[85.6380447,19.9446274],[85.6380884,19.9446624],[85.6383191,19.9447884],[85.6383687,19.9448149],[85.6385592,19.9449195],[85.6386155,19.9449624],[85.6387657,19.9450645],[85.6388126,19.9450746],[85.6388529,19.945067],[85.6388891,19.9450431],[85.6390674,19.944888],[85.6391077,19.9448704],[85.639286,19.944825],[85.6393906,19.9448036]]}},{"type":"Feature","properties":{"id":869013826,"highway":"residential"},"geometry":{"type":"LineString","coordinates":[[85.6370114,19.9449501],[85.6377142,19.9447437],[85.637782,19.9447218],[85.6380447,19.9446274]]}},{"type":"Feature","properties":{"id":869030466,"highway":"residential"},"geometry":{"type":"LineString","coordinates":[[85.6704493,19.9475556],[85.6704144,19.9473551],[85.6703983,19.9472984],[85.6703219,19.9470677],[85.6702937,19.947011],[85.6702173,19.946866],[85.6701797,19.9468067],[85.6699584,19.9465004],[85.6699222,19.9464324],[85.6696218,19.9458071],[85.6695507,19.9457175],[85.6695078,19.9456722],[85.6692651,19.9454099],[85.6692222,19.9453557],[85.6689942,19.9449751],[85.6689727,19.9449271],[85.6687877,19.9445174],[85.6687635,19.9444607],[85.6686307,19.9441707],[85.6686147,19.9441165],[85.6685919,19.9439929],[85.6685892,19.943935],[85.6686143,19.9437038],[85.6686143,19.9436423],[85.6685792,19.9434316],[85.6685559,19.9433702],[85.6685045,19.9432143],[85.6684601,19.9431858],[85.6683808,19.943166],[85.6679721,19.9431572]]}},{"type":"Feature","properties":{"id":869030467,"highway":"residential"},"geometry":{"type":"LineString","coordinates":[[85.6696218,19.9458071],[85.6697988,19.9457567],[85.6698525,19.9457566],[85.6699383,19.9457668],[85.6700054,19.9457629],[85.6702039,19.9457339],[85.6702736,19.9457314],[85.6705338,19.9457428]]}},{"type":"Feature","properties":{"id":869041361,"highway":"residential"},"geometry":{"type":"LineString","coordinates":[[85.6717367,19.965663],[85.6717163,19.965592],[85.6717163,19.9655557],[85.6717346,19.9655156],[85.6718992,19.9653188],[85.6719175,19.9652863],[85.6719195,19.96525],[85.6719073,19.9652194],[85.6717427,19.964866],[85.6717366,19.9648239],[85.6717468,19.9647934],[85.6717712,19.9647724],[85.6727123,19.964524],[85.672753,19.9645068],[85.6727835,19.9644819],[85.6727997,19.9644456],[85.6728485,19.9643081],[85.6728668,19.9642718],[85.6728993,19.9642412],[85.67294,19.9642164],[85.6735521,19.9639104]]}},{"type":"Feature","properties":{"id":869042915,"highway":"residential"},"geometry":{"type":"LineString","coordinates":[[85.679263,19.9620419],[85.6788902,19.9622011],[85.6788086,19.9622431],[85.6785159,19.962427],[85.6784743,19.962456],[85.6781862,19.9626992],[85.6781431,19.9627296],[85.6779228,19.9628397],[85.6778498,19.962867],[85.6771644,19.9630777],[85.6771096,19.9630952],[85.6770629,19.9631194],[85.6769835,19.9631808],[85.6769344,19.9632128],[85.6765432,19.9634353]]}},{"type":"Feature","properties":{"id":869047765,"highway":"residential"},"geometry":{"type":"LineString","coordinates":[[85.6652507,19.9465887],[85.6648101,19.9466827],[85.6642051,19.9468413]]}},{"type":"Feature","properties":{"id":869050022,"highway":"residential"},"geometry":{"type":"LineString","coordinates":[[85.670566,19.9448087],[85.6704826,19.9448068]]}},{"type":"Feature","properties":{"id":869050023,"highway":"residential"},"geometry":{"type":"LineString","coordinates":[[85.6704826,19.9448068],[85.6703409,19.9448072]]}},{"type":"Feature","properties":{"id":869050024,"highway":"residential"},"geometry":{"type":"LineString","coordinates":[[85.6703409,19.9448072],[85.6702944,19.9448221],[85.6702743,19.944838],[85.6702637,19.9448591],[85.670169,19.9451919],[85.6701637,19.9452204],[85.6701525,19.945329],[85.6701537,19.9453701],[85.6702039,19.9457339]]}},{"type":"Feature","properties":{"id":869096642,"highway":"primary"},"geometry":{"type":"LineString","coordinates":[[85.6714699,19.9489347],[85.6698739,19.9488843]]}},{"type":"Feature","properties":{"id":869096643,"highway":"primary"},"geometry":{"type":"LineString","coordinates":[[85.6890196,19.9389338],[85.6887835,19.9390989],[85.6887205,19.9391456],[85.6881921,19.9394847],[85.6881331,19.9395225],[85.6877227,19.9397759],[85.6873727,19.9399877],[85.6873137,19.9400218],[85.6866994,19.9403899],[85.6866364,19.9404265],[85.686281,19.940661],[85.6862287,19.9406963],[85.6859954,19.9408691],[85.685754,19.941048],[85.6857081,19.9410825],[85.6852578,19.9413846],[85.6852081,19.9414224],[85.6848796,19.9416544],[85.6848326,19.9416922],[85.6843592,19.9420465],[85.6843123,19.9420868],[85.6836511,19.9425558],[85.6836002,19.9425923],[85.6830382,19.9429592],[85.6829685,19.9430071],[85.682719,19.9431987],[85.6820646,19.9437005],[85.6819824,19.9437576],[85.681673,19.9439022],[85.6815818,19.9439476],[85.6806891,19.9443053],[85.6798409,19.944621],[85.6786215,19.9450861],[85.6778262,19.945435],[85.6767082,19.9460604],[85.6765715,19.9461327],[85.6753725,19.9467481],[85.6752491,19.9468168],[85.6738168,19.9475682],[85.6737095,19.9476186],[85.6734063,19.9477529],[85.6733403,19.9477871],[85.6729129,19.9479943],[85.6728552,19.9480321],[85.6728043,19.9480737],[85.6723818,19.9485237],[85.6723376,19.9485691],[85.6722812,19.9486132],[85.6719902,19.9488213],[85.6719151,19.9488616],[85.6718025,19.9488994],[85.671553,19.9489322],[85.6714699,19.9489347]]}},{"type":"Feature","properties":{"id":1155672283,"highway":"unclassified"},"geometry":{"type":"LineString","coordinates":[[85.6047537,19.9697147],[85.6057611,19.9720077],[85.6070842,19.9739814],[85.6080127,19.9752809]]}},{"type":"Feature","properties":{"id":1155672389,"highway":"unclassified"},"geometry":{"type":"LineString","coordinates":[[85.6522272,19.9554681],[85.6516063,19.9587515],[85.6523101,19.9606715],[85.653134,19.9624948],[85.6536834,19.9632531],[85.6573913,19.9648827],[85.6620433,19.9673351],[85.6639316,19.9682064],[85.665116,19.9709653],[85.6670043,19.975273],[85.6683947,19.9785319],[85.6704159,19.9831862]]}},{"type":"Feature","properties":{"id":1155672437,"highway":"unclassified"},"geometry":{"type":"LineString","coordinates":[[85.6704159,19.9831862],[85.671004,19.9845817],[85.6713473,19.9863078],[85.6712615,19.9877275],[85.6734588,19.991454],[85.6750118,19.9940247]]}}]}