{"type":"FeatureCollection","features":[{"type":"Feature","properties":{"id":237794164,"highway":"primary"},"geometry":{"type":"LineString","coordinates":[[85.9269223,20.0885651],[85.9273365,20.0880402]]}},{"type":"Feature","properties":{"id":237794168,"highway":"primary"},"geometry":{"type":"LineString","coordinates":[[85.9273365,20.0880402],[85.927684,20.0876414],[85.9277723,20.0875354],[85.9281226,20.0870453],[85.9284245,20.0866765],[85.929185,20.085867],[85.9296297,20.0854179],[85.9300181,20.0849741],[85.930314,20.0846495],[85.9304565,20.0845599],[85.9305744,20.0845223],[85.9307691,20.0845133],[85.9309455,20.0845378],[85.9311232,20.0845887],[85.9313455,20.084657],[85.9315637,20.0847615],[85.9322038,20.0850361],[85.932602,20.0851592],[85.9330215,20.0852392],[85.933671,20.0852919],[85.9342844,20.0853067],[85.9345106,20.0853121],[85.9347206,20.0853409],[85.9349682,20.0854005],[85.9352153,20.085468],[85.9354424,20.085472],[85.9356531,20.0854522],[85.9359082,20.0853935],[85.9368822,20.0851379],[85.9371311,20.0851014],[85.9372646,20.0850852],[85.937437,20.0850664],[85.9374784,20.085066]]}},{"type":"Feature","properties":{"id":397452102,"highway":"tertiary"},"geometry":{"type":"LineString","coordinates":[[86.0010939,20.0381484],[86.0008596,20.0381013],[86.0006136,20.0380524],[86.0003619,20.0380129],[85.9998423,20.0379466],[85.9995699,20.0379128],[85.9994341,20.037896],[85.9991656,20.0378594],[85.9990913,20.0378493],[85.9987414,20.0378014],[85.9983806,20.0377553],[85.9981103,20.0377254],[85.9978009,20.0376953],[85.9976073,20.0376757],[85.997466,20.0376621],[85.996993,20.0376108],[85.9963083,20.0375356],[85.996205,20.0375242],[85.9960101,20.0375028],[85.995595,20.0374527],[85.9952464,20.0374012],[85.9948575,20.0373365],[85.9944459,20.0372717],[85.9940566,20.0372196],[85.9938824,20.0372099],[85.993787,20.0371938],[85.9937006,20.0371647],[85.9935761,20.0370893],[85.9934573,20.0370005],[85.993367,20.0369145],[85.993318,20.0368626],[85.993259,20.0367949],[85.9932042,20.0367406],[85.9931502,20.0366959],[85.9930952,20.0366632],[85.9929813,20.0366331],[85.9928603,20.0366149],[85.9926986,20.0365989],[85.9925567,20.0365802],[85.9924343,20.0365521],[85.9923778,20.036529],[85.9923257,20.0364976],[85.9921874,20.036398],[85.9920033,20.0362299],[85.9918617,20.0360858],[85.99183,20.0360643],[85.9918014,20.0360449],[85.9917493,20.0360317],[85.9916627,20.0360397],[85.9915629,20.036057],[85.9914307,20.0360931],[85.9911085,20.0362108],[85.9907234,20.036365],[85.9906612,20.0363825],[85.9906051,20.0363828],[85.9905692,20.0363643],[85.990543,20.0363242],[85.9904346,20.0361098],[85.9903091,20.0358438],[85.9902632,20.0357262],[85.9901228,20.0353481],[85.9897783,20.0343946],[85.9896133,20.0339626],[85.9895473,20.0338096],[85.9894853,20.0336783],[85.9894355,20.0335834],[85.9887661,20.0325003],[85.9886598,20.0322993],[85.9885535,20.0321011],[85.9883669,20.0317133],[85.9883352,20.0316627],[85.9882932,20.0316206],[85.9882401,20.0315838],[85.9881719,20.031547],[85.9880799,20.0314804],[85.988023,20.0314253],[85.9879943,20.0313765],[85.9878879,20.0310257],[85.9877939,20.0307148],[85.9877177,20.0305009],[85.9876781,20.0304114],[85.9876477,20.0303594],[85.9876051,20.0303073],[85.9875595,20.030272],[85.9875169,20.0302481],[85.987466,20.0302289],[85.9874059,20.0302125],[85.9873407,20.0302056],[85.9866399,20.0302917],[85.986565,20.0303113],[85.9858413,20.0305889],[85.9857397,20.0306081],[85.9856365,20.0306173],[85.9854858,20.0306188],[85.9852391,20.0306002],[85.9850976,20.0305818],[85.9850275,20.0305567],[85.9849604,20.0305159],[85.9848996,20.0304615],[85.9848354,20.0303991],[85.9847757,20.0303397],[85.9847287,20.0303083],[85.9846757,20.0302855],[85.9846063,20.0302625],[85.9845395,20.0302605],[85.9842985,20.0302964],[85.9841764,20.0303137],[85.9840754,20.0303082],[85.9840031,20.0302903],[85.9839431,20.0302609],[85.9838753,20.0302088],[85.9837434,20.0300794],[85.9834794,20.0297996]]}},{"type":"Feature","properties":{"id":605575610,"highway":"secondary"},"geometry":{"type":"LineString","coordinates":[[85.998574,20.0649733],[85.9986038,20.0652449],[85.9986338,20.0655155],[85.9986431,20.0656279],[85.99865,20.0657109],[85.9986557,20.0658632],[85.998666,20.0661555],[85.9986671,20.0662474],[85.9986836,20.0668499],[85.9986926,20.067177],[85.9986935,20.0673411],[85.9986846,20.0674928],[85.9986725,20.067594],[85.9986506,20.0677782],[85.9986003,20.0680944],[85.998531,20.0684029],[85.9984849,20.0686034],[85.9984701,20.0686497],[85.998447,20.0687222],[85.9983919,20.0688527],[85.998345,20.0689324],[85.9982882,20.0690171],[85.9982673,20.0690448],[85.9982314,20.0690924],[85.9981988,20.069132],[85.9978552,20.069549],[85.9977124,20.0697224],[85.9973639,20.0701453],[85.9971136,20.0704515],[85.9968634,20.0707576],[85.9968334,20.0707955],[85.9968045,20.070829],[85.9967538,20.0708967],[85.996406,20.0713171],[85.9962882,20.0714622],[85.9960725,20.0717279],[85.995704,20.0721817],[85.9955621,20.0723523],[85.9955109,20.0724139],[85.995177,20.0728154],[85.9946859,20.0734121],[85.9945242,20.0736086],[85.9944127,20.0737115],[85.9938482,20.0741248],[85.9934072,20.0744133],[85.99335,20.0744507]]}},{"type":"Feature","properties":{"id":865253312,"highway":"tertiary"},"geometry":{"type":"LineString","coordinates":[[85.9011111,20.0633986],[85.9011905,20.0634624]]}},{"type":"Feature","properties":{"id":865253313,"highway":"tertiary"},"geometry":{"type":"LineString","coordinates":[[85.9011905,20.0634624],[85.9012298,20.0634968],[85.9012842,20.0635452],[85.9014037,20.063662],[85.9014767,20.0637399],[85.9015146,20.0637917],[85.9015597,20.0638655],[85.9015811,20.0639094],[85.9016003,20.0639638],[85.9016221,20.0640488],[85.9016325,20.0641578],[85.9016336,20.0643159],[85.9016286,20.0644017],[85.9016226,20.0644613],[85.9016172,20.0645146],[85.9016019,20.0646321],[85.901585,20.0647435],[85.9015826,20.0648006],[85.9015869,20.0648562],[85.9015977,20.0649031],[85.9016559,20.0650686],[85.9017231,20.0652385],[85.9017725,20.0653512],[85.9018272,20.0654665],[85.9018985,20.0656017],[85.9019751,20.065737],[85.9021168,20.0659917],[85.9021748,20.0661075],[85.9022355,20.0662491],[85.9023156,20.0665034],[85.9023597,20.0666224],[85.9024108,20.0667479],[85.9024972,20.0669232],[85.9025704,20.0670598],[85.9026137,20.067119],[85.9026898,20.0671966],[85.9027172,20.0672218],[85.902761,20.0672619],[85.9027933,20.0673054],[85.9028305,20.0673765],[85.9028459,20.0674293],[85.9028744,20.0675661],[85.9029319,20.0678413],[85.9029906,20.0681894],[85.9030041,20.0683541],[85.9030083,20.0684963],[85.9030023,20.0686217],[85.9029707,20.0689198],[85.9029532,20.0690334],[85.9029376,20.0691349],[85.9029238,20.0692984],[85.9029268,20.0693847],[85.9029604,20.0695955],[85.9030021,20.0699501],[85.9030234,20.0702687],[85.9030365,20.070446],[85.9030319,20.0705754],[85.9029903,20.0707955],[85.9029574,20.0709932],[85.9029408,20.0711858],[85.902945,20.0712879],[85.9029566,20.0713523],[85.9029978,20.0714544],[85.9030653,20.0715466],[85.9032236,20.0717041],[85.903328,20.0717884],[85.9034599,20.0718617],[85.9035412,20.0719143],[85.9036024,20.0719737],[85.9036499,20.0720421],[85.903672,20.0720956],[85.9036994,20.0721967],[85.9037522,20.072603],[85.9038145,20.0729519],[85.9039495,20.0735158],[85.9041331,20.0740767],[85.904361,20.0747268],[85.9044275,20.0749528],[85.9044528,20.0750519],[85.9044591,20.0751629],[85.9044275,20.0754493],[85.9044053,20.075586],[85.9043958,20.0756762],[85.9044138,20.0757614]]}},{"type":"Feature","properties":{"id":865255669,"highway":"unclassified"},"geometry":{"type":"LineString","coordinates":[[85.8995121,20.0497981],[85.8995133,20.0496999],[85.8995339,20.0483732],[85.89957,20.0471785],[85.8995794,20.0470938],[85.8996047,20.0470199],[85.9001028,20.0463161],[85.9004471,20.0458663],[85.9006288,20.0456766],[85.9007307,20.0455794],[85.9008373,20.0455054],[85.9010409,20.0453969],[85.9011429,20.0453372],[85.9012102,20.045278],[85.9012802,20.0451955],[85.9013287,20.0451142],[85.9013891,20.0449625]]}},{"type":"Feature","properties":{"id":865255670,"highway":"unclassified"},"geometry":{"type":"LineString","coordinates":[[85.8995128,20.0498328],[85.8995118,20.0498558],[85.8995086,20.0499832],[85.8994938,20.0505582],[85.8994828,20.0508756],[85.8994737,20.0511465],[85.8994684,20.0512189],[85.8994561,20.0512847],[85.8994139,20.0514429],[85.8993722,20.0515655],[85.8992219,20.0519733],[85.8990169,20.0524922],[85.898961,20.0526723],[85.8989229,20.0528474],[85.8989211,20.0529818],[85.8989329,20.0531033],[85.898974,20.053384],[85.8990911,20.0539772],[85.8992083,20.0545973],[85.8993467,20.0552908],[85.8994261,20.0557467],[85.8994514,20.0558449],[85.8995019,20.0559956],[85.8995574,20.0561151],[85.8996412,20.0562455],[85.8997628,20.0564062],[85.8999155,20.0566165],[85.9003013,20.0571501],[85.900442,20.0573487],[85.9005776,20.0575616],[85.9006854,20.0577523],[85.9008508,20.0580789],[85.9010382,20.0584442],[85.9012379,20.0588349],[85.9014459,20.0592525],[85.9018268,20.0599918],[85.9019811,20.0602992],[85.9021242,20.0605669],[85.9022182,20.0607565],[85.9022627,20.0608813],[85.9022847,20.0609787],[85.9022898,20.0610761],[85.9022862,20.0611994],[85.9022734,20.061317],[85.9022458,20.0614746],[85.9022152,20.0616007],[85.9021206,20.0619348],[85.9020516,20.0621134],[85.9019648,20.0622881],[85.9018794,20.0624527],[85.9016515,20.0628733],[85.9014778,20.0631694],[85.9013657,20.0633325],[85.9013023,20.0634124],[85.9012298,20.0634968]]}},{"type":"Feature","properties":{"id":865273325,"highway":"residential"},"geometry":{"type":"LineString","coordinates":[[85.8998274,20.0620139],[85.9005095,20.0615956],[85.9006043,20.0615269],[85.9006757,20.0614652],[85.9007097,20.0614182],[85.9007259,20.0613617],[85.9007236,20.0613073],[85.9006939,20.0612311],[85.9006594,20.0611846],[85.9005755,20.0611182],[85.9005434,20.0610786],[85.900526,20.0610371],[85.9005153,20.0609946],[85.9005131,20.0609138],[85.9005129,20.0605528],[85.9004981,20.0603782],[85.9004873,20.0602913],[85.9004658,20.0601902],[85.9004098,20.0600386],[85.900248,20.0596627],[85.9001594,20.0594509],[85.9001344,20.059398],[85.9000806,20.0593272],[85.9000017,20.0592503],[85.8999044,20.0591481],[85.899879,20.0591089],[85.8998535,20.0590567],[85.8996613,20.0586478],[85.8996219,20.0585847],[85.8995548,20.0585108],[85.8994899,20.0584651],[85.8993857,20.0584259],[85.8992885,20.0584042],[85.8990199,20.0583846],[85.8988948,20.058365],[85.8988533,20.0583541],[85.8988207,20.0583411],[85.898743,20.0582861],[85.8986018,20.0581797],[85.8985517,20.0581553],[85.8985067,20.058148],[85.8984468,20.0581491]]}},{"type":"Feature","properties":{"id":865273326,"highway":"residential"},"geometry":{"type":"LineString","coordinates":[[85.9023954,20.0493462],[85.9025722,20.049676],[85.902582,20.0497115],[85.902582,20.0497405],[85.9025663,20.0497722],[85.9024972,20.049846],[85.902471,20.0498904],[85.9024557,20.0499309],[85.9024513,20.0499688],[85.9024513,20.0500442],[85.9024575,20.0501137],[85.902479,20.0502238],[85.9024933,20.0503006],[85.9025538,20.0504812],[85.9026646,20.0507754],[85.9027243,20.0508855],[85.9028095,20.0510116],[85.9029203,20.0511557],[85.9030162,20.0513079],[85.9032187,20.0516862],[85.9033785,20.0520205],[85.903393,20.0520711],[85.9033998,20.0521366],[85.9033998,20.0522526],[85.9034062,20.0523347],[85.9034232,20.0524268],[85.9034744,20.0525769],[85.9036107,20.0529212],[85.9036256,20.0529973],[85.9036214,20.0530573],[85.9035937,20.0531354],[85.9035084,20.0533015],[85.9034211,20.0534456],[85.9033444,20.0535397],[85.9030247,20.053852],[85.9028181,20.0540521],[85.9027605,20.0541262],[85.9027392,20.0541702],[85.9027286,20.0542223],[85.9027392,20.0542763],[85.9028266,20.0545085],[85.9028671,20.0546566],[85.9028713,20.0546987],[85.9028628,20.0547367],[85.9028351,20.0547787],[85.9027754,20.0548188],[85.9026092,20.0548908],[85.902556,20.0549209],[85.9025261,20.0549589],[85.9025133,20.0550049],[85.9025261,20.0552031],[85.9025325,20.0553032],[85.9025283,20.0553472],[85.9025027,20.0553892],[85.9024558,20.0554273],[85.9021554,20.0555814],[85.9018464,20.0557335],[85.9017164,20.0558036],[85.901604,20.055852],[85.9013555,20.0559176],[85.9012674,20.0559351],[85.9011696,20.0559448],[85.9008392,20.0559662],[85.9007558,20.0559785],[85.9006789,20.0559964],[85.9005522,20.056037],[85.9003998,20.0560986],[85.8997628,20.0564062]]}},{"type":"Feature","properties":{"id":865273328,"highway":"residential"},"geometry":{"type":"LineString","coordinates":[[85.9044514,20.0497045],[85.9038469,20.0496817],[85.9037128,20.0496789],[85.9036235,20.0496838],[85.903561,20.0496993],[85.9035003,20.0497304],[85.903458,20.0497598],[85.903274,20.0499171],[85.9032016,20.0499911],[85.9030134,20.0502243],[85.9029789,20.0502508],[85.9029226,20.0502748],[85.9028842,20.050281],[85.9028333,20.050277],[85.9027054,20.0502583],[85.9026138,20.0502432],[85.902479,20.0502238]]}},{"type":"Feature","properties":{"id":865273329,"highway":"residential"},"geometry":{"type":"LineString","coordinates":[[85.9040393,20.0445677],[85.9038463,20.0448083],[85.9037744,20.0449151],[85.9037042,20.0450455],[85.9036155,20.0452025],[85.9034859,20.0453696],[85.9033551,20.0454936],[85.9031802,20.0456458],[85.9030552,20.0457601],[85.9030019,20.0458482],[85.9029625,20.0459678],[85.9029499,20.0460343],[85.9029348,20.0461984],[85.9029359,20.046318],[85.9029453,20.0464822],[85.9029636,20.0471371],[85.9029582,20.0472392],[85.9029474,20.0472837],[85.9029195,20.047315],[85.9028581,20.0473453],[85.9027323,20.0473706],[85.902501,20.0473959],[85.9022567,20.047412],[85.901849,20.0474211],[85.9017716,20.0474333],[85.9016866,20.0474605],[85.9013391,20.0476821],[85.9012422,20.047746],[85.9011962,20.0477883],[85.9011512,20.0478615],[85.9011332,20.0479178],[85.9011232,20.0482315],[85.9011052,20.0483066],[85.9010673,20.0483536],[85.9010223,20.0483705],[85.9009483,20.0483883],[85.9008323,20.0484024],[85.9007104,20.0484061],[85.9006094,20.0484099],[85.9005435,20.0484315],[85.9005115,20.0484578],[85.9004875,20.0484991],[85.9004765,20.0485583],[85.9005029,20.0490408],[85.9005827,20.0494683],[85.9006275,20.0497015],[85.9006768,20.049885]]}},{"type":"Feature","properties":{"id":865273330,"highway":"residential"},"geometry":{"type":"LineString","coordinates":[[85.9006807,20.0499225],[85.9006757,20.0499448]]}},{"type":"Feature","properties":{"id":865273331,"highway":"residential"},"geometry":{"type":"LineString","coordinates":[[85.9006768,20.049885],[85.9006807,20.0499225]]}},{"type":"Feature","properties":{"id":865273332,"highway":"residential"},"geometry":{"type":"LineString","coordinates":[[85.9001382,20.051144],[85.9000986,20.0508758],[85.9000923,20.0508092],[85.9001007,20.0507779],[85.9001215,20.0507564],[85.9001653,20.050729],[85.9004946,20.0506702],[85.9005467,20.0506506],[85.9005988,20.0506134],[85.9007036,20.0504974],[85.9009037,20.0502869]]}},{"type":"Feature","properties":{"id":865273333,"highway":"residential"},"geometry":{"type":"LineString","coordinates":[[85.8999989,20.0503765],[85.9001964,20.0503661],[85.900237,20.0503692],[85.9002703,20.0503862],[85.9002913,20.0504173],[85.9003147,20.0504477],[85.9003452,20.0504663],[85.900383,20.0504765],[85.9007036,20.0504974]]}},{"type":"Feature","properties":{"id":865275331,"highway":"residential"},"geometry":{"type":"LineString","coordinates":[[85.8994417,20.0613862],[85.8999498,20.061171],[85.9000019,20.0611377],[85.9002145,20.0609596]]}},{"type":"Feature","properties":{"id":865275332,"highway":"residential"},"geometry":{"type":"LineString","coordinates":[[85.9005129,20.0605528],[85.9006291,20.0604769],[85.9007259,20.0604241],[85.9008072,20.0603859],[85.9009989,20.060315]]}},{"type":"Feature","properties":{"id":865275333,"highway":"residential"},"geometry":{"type":"LineString","coordinates":[[85.9013007,20.0612536],[85.9011229,20.0612289],[85.9010871,20.0612304],[85.9010586,20.061243],[85.9009983,20.0612898],[85.9009724,20.0613032],[85.9009341,20.0613148],[85.9007259,20.0613617]]}},{"type":"Feature","properties":{"id":865275334,"highway":"residential"},"geometry":{"type":"LineString","coordinates":[[85.9008401,20.0607179],[85.9009438,20.0610399],[85.9009639,20.0611105],[85.9009802,20.0611821],[85.9009983,20.0612898]]}},{"type":"Feature","properties":{"id":866494594,"highway":"residential"},"geometry":{"type":"LineString","coordinates":[[85.9029376,20.0691349],[85.9032942,20.0690485],[85.9034694,20.0690136],[85.9035647,20.0690025],[85.9036174,20.0690031],[85.9036489,20.069013],[85.9036805,20.0690315],[85.9036976,20.069055],[85.9037147,20.0690945],[85.9037337,20.0691356],[85.9037581,20.0691686],[85.9037884,20.0691909],[85.9038318,20.0692151],[85.9039149,20.0692384],[85.9039935,20.0692545],[85.9040845,20.0692553],[85.9041753,20.0692439],[85.9042816,20.0692154],[85.9043994,20.0691743],[85.9044944,20.0691511],[85.9045462,20.0691454],[85.9046121,20.0691476],[85.904717,20.0691541],[85.9052294,20.0692118]]}},{"type":"Feature","properties":{"id":866494595,"highway":"unclassified"},"geometry":{"type":"LineString","coordinates":[[85.9327926,20.067683],[85.9324687,20.0677259],[85.93211,20.0677872],[85.9319784,20.0678087],[85.9315472,20.067863],[85.9311832,20.0679169],[85.9309585,20.0679492],[85.9308339,20.0679739],[85.9306896,20.068017],[85.9304289,20.0681109],[85.9303098,20.0681581],[85.9302145,20.0681971],[85.9301453,20.0682249],[85.930083,20.068248],[85.9299961,20.0682742],[85.9299354,20.068285],[85.9298501,20.0682942],[85.9294976,20.0683111],[85.9293877,20.0683127],[85.9292992,20.0683019],[85.92925,20.068285],[85.9292172,20.068248],[85.9291992,20.0682018],[85.9291549,20.0680447],[85.9291139,20.0678491],[85.9291041,20.0677875],[85.9290893,20.0677536],[85.9290696,20.0677305],[85.929038,20.0677223],[85.9287786,20.0677041],[85.9286745,20.0677057],[85.9285439,20.0677273],[85.9284646,20.0677503],[85.9284274,20.0677638],[85.928288,20.0678234],[85.9281892,20.0678582],[85.927988,20.0679196],[85.9277604,20.0680008],[85.9275592,20.0680787],[85.9274357,20.0681234],[85.9273827,20.0681334],[85.9273368,20.0681317],[85.9272821,20.0681185],[85.9272257,20.0680853],[85.9271692,20.0680373],[85.9271304,20.0679908],[85.9270404,20.0678317],[85.9269892,20.0677488],[85.9269186,20.0676577],[85.9268727,20.0676046],[85.926751,20.0674936],[85.9266663,20.0673941],[85.9266186,20.0673245],[85.9265745,20.06724],[85.9265074,20.0670875],[85.9264739,20.0669946],[85.9264492,20.0668736],[85.9264104,20.0666499],[85.9264051,20.0665554],[85.9264104,20.0664758],[85.9264421,20.0663366],[85.9264721,20.066199],[85.926488,20.0660747],[85.9264898,20.0660167],[85.9264774,20.0659355],[85.9264651,20.0658774],[85.926421,20.065768],[85.9263363,20.065594],[85.9261898,20.0652757],[85.9261545,20.0651813],[85.9261263,20.0650586],[85.9261016,20.064926],[85.9260504,20.0647403],[85.9259833,20.0645431],[85.9259445,20.0644486],[85.925911,20.0643856],[85.9258386,20.0642795],[85.9258051,20.0642165],[85.9257892,20.0641734],[85.9257804,20.0641105],[85.9257821,20.0640541],[85.9258121,20.0639231],[85.9258192,20.0638684],[85.9258157,20.0638204],[85.9258033,20.0637789],[85.9256855,20.0635538],[85.925558,20.0632817],[85.9254204,20.063038],[85.9253763,20.0629783],[85.9253225,20.0629225],[85.9251157,20.0627551],[85.9250671,20.0627192],[85.9250302,20.0627069],[85.9249855,20.0627106],[85.9249474,20.0627205],[85.9247882,20.0627872],[85.9244607,20.062912],[85.9241779,20.0630368],[85.9241384,20.0630466],[85.9240963,20.0630442],[85.9240569,20.0630182],[85.924028,20.0629898],[85.923919,20.0628229],[85.923859,20.0627402],[85.923841,20.0627246],[85.9238132,20.0627143],[85.9237849,20.0627127],[85.9237581,20.0627165],[85.9237021,20.0627321],[85.9236666,20.0627386],[85.9236362,20.0627363],[85.9236208,20.062718],[85.9236097,20.0626956],[85.9234715,20.0621305],[85.9234485,20.0620508],[85.9234357,20.0620281],[85.9234141,20.0620121],[85.9233751,20.0620034],[85.9233291,20.0620081],[85.9230403,20.0620659],[85.9229306,20.0620852],[85.9226983,20.0621121],[85.9225773,20.0621253],[85.9224833,20.0621289],[85.9223574,20.0621164],[85.9221933,20.0621074],[85.9220893,20.0621034]]}},{"type":"Feature","properties":{"id":866496458,"highway":"residential"},"geometry":{"type":"LineString","coordinates":[[85.9236362,20.0627363],[85.923547,20.0627907],[85.923466,20.0628281],[85.9233993,20.0628487],[85.9233241,20.0628648],[85.9232352,20.0628758],[85.9231756,20.0628771],[85.9231306,20.0628665],[85.9230577,20.0628317],[85.9229904,20.0628072],[85.922932,20.0627984],[85.9228195,20.0628021],[85.922208,20.0628701]]}},{"type":"Feature","properties":{"id":866496459,"highway":"residential"},"geometry":{"type":"LineString","coordinates":[[85.9223574,20.0621164],[85.9224118,20.0620211],[85.922528,20.0618343],[85.9226593,20.0616235],[85.9227768,20.0614357],[85.9228202,20.0613684],[85.9228739,20.0612898],[85.9229156,20.0612283],[85.9230571,20.0610525]]}},{"type":"Feature","properties":{"id":866496460,"highway":"unclassified"},"geometry":{"type":"LineString","coordinates":[[85.9211419,20.0621935],[85.9208898,20.0622193],[85.9207055,20.0622389],[85.9205526,20.0622674],[85.9204524,20.0622894],[85.9204141,20.0623054],[85.9203416,20.0623634],[85.9202905,20.0623895],[85.9202223,20.0624075],[85.9198068,20.0624995],[85.9197258,20.0625236],[85.9196768,20.0625596],[85.9196534,20.0625956],[85.9196555,20.0627197],[85.9196427,20.0627758],[85.9196171,20.0628218],[85.9195745,20.0628538],[85.9195276,20.0628698],[85.9192261,20.0629108],[85.9187276,20.062965],[85.9186091,20.0629893],[85.918466,20.0630432],[85.9183081,20.0631342],[85.9181996,20.0631786],[85.9180905,20.0631983],[85.9175914,20.0632297],[85.9174447,20.0632181],[85.9172478,20.0631751],[85.9170756,20.0631414],[85.9169044,20.0631276],[85.916753,20.0631231],[85.9166861,20.0631247],[85.9166199,20.0631262],[85.9165035,20.0631442],[85.9162843,20.0632172],[85.9159345,20.0633614],[85.9158121,20.063404],[85.9156817,20.0634365],[85.915412,20.0634842],[85.9152774,20.0635294],[85.9151746,20.0635946],[85.9150978,20.0636543],[85.9150317,20.063729],[85.914971,20.0638409],[85.9149334,20.0639752],[85.9149144,20.0640945],[85.9149108,20.0642198],[85.914943,20.0648914],[85.9149374,20.0649277],[85.9149308,20.0649707],[85.9148935,20.0650361],[85.9148224,20.0650761],[85.9145641,20.0651295],[85.9139817,20.0652024],[85.9136833,20.0652465],[85.9135503,20.0652803],[85.9134093,20.0653401],[85.9132736,20.0654271],[85.9131532,20.0655198],[85.9130159,20.0656022],[85.9128905,20.0656591],[85.912437,20.065859],[85.9119338,20.0660698],[85.9114138,20.0663063],[85.9113239,20.0663377],[85.9112387,20.0663531],[85.9111563,20.0663634],[85.9110457,20.0663648],[85.9108901,20.0663526],[85.9104138,20.0662838],[85.9099806,20.0662147],[85.9098479,20.0661839],[85.9097367,20.0661536],[85.9096243,20.0661121],[85.9094955,20.0660576],[85.9093437,20.0659945],[85.9092507,20.0659484],[85.909169,20.0658973],[85.9090908,20.0658479],[85.9090274,20.0658161],[85.9089525,20.0658047],[85.9088777,20.0658083],[85.9085445,20.0658408],[85.9084981,20.0658436],[85.9084475,20.0658425],[85.9080424,20.0657951],[85.9079313,20.0657803],[85.907888,20.0657645],[85.9078507,20.0657358],[85.9078238,20.0657043],[85.9077944,20.0656632],[85.907731,20.0655609],[85.9076926,20.0655244],[85.9076507,20.0655149],[85.9075894,20.0655237],[85.9075302,20.0655504],[85.9073223,20.0656814],[85.9071391,20.0658114],[85.9069483,20.0659521],[85.906694,20.0661242],[85.9065194,20.0662357],[85.90622,20.0664112],[85.906023,20.066522],[85.9059246,20.066587],[85.9058569,20.0666415],[85.9057934,20.0667095],[85.9057408,20.0667971],[85.905731,20.0668528],[85.9057388,20.0670343],[85.9057339,20.0670799],[85.9057167,20.0671153],[85.9056601,20.0671292],[85.9054144,20.0671287],[85.9032347,20.0671575],[85.9029987,20.0671825],[85.9027172,20.0672218]]}},{"type":"Feature","properties":{"id":866496461,"highway":"unclassified"},"geometry":{"type":"LineString","coordinates":[[85.9220893,20.0621034],[85.9211419,20.0621935]]}},{"type":"Feature","properties":{"id":866496462,"highway":"residential"},"geometry":{"type":"LineString","coordinates":[[85.9207055,20.0622389],[85.920687,20.0620745],[85.9206913,20.0620105],[85.9207083,20.0619725],[85.9207296,20.0619524],[85.9207829,20.0619104],[85.9208085,20.0618724],[85.9208127,20.0618263],[85.9208149,20.0617543],[85.9208362,20.0617143],[85.9209683,20.0615741],[85.9210088,20.0615181],[85.921045,20.061432],[85.9211345,20.0611718],[85.9211707,20.0610317],[85.921192,20.0608696],[85.9212069,20.0608196],[85.9212453,20.0607835],[85.9214818,20.0606454],[85.9215926,20.0605674]]}},{"type":"Feature","properties":{"id":866499215,"highway":"residential"},"geometry":{"type":"LineString","coordinates":[[85.9024933,20.0503006],[85.9023169,20.0503327],[85.9022105,20.0503543],[85.9020587,20.050374],[85.9019131,20.0503848],[85.9016958,20.0503928],[85.9014578,20.0503928],[85.9012581,20.0503802],[85.901152,20.0503681],[85.9010677,20.0503501],[85.9009584,20.0503169],[85.9009037,20.0502869],[85.9008597,20.050239],[85.9007872,20.0501103],[85.9007421,20.0500247],[85.9007053,20.0499741],[85.9006757,20.0499448],[85.9006132,20.0499257],[85.9005388,20.0499085],[85.9002504,20.0498587],[85.9001813,20.0498526],[85.8998374,20.0498515],[85.8995118,20.0498558]]}},{"type":"Feature","properties":{"id":866499216,"highway":"residential"},"geometry":{"type":"LineString","coordinates":[[85.9090274,20.0658161],[85.9090166,20.0657248],[85.9089989,20.0656489],[85.9089711,20.0655823],[85.9089231,20.0655093],[85.9088515,20.0654269],[85.908611,20.0652203],[85.9084365,20.0650622],[85.9083386,20.064962],[85.9082401,20.0648393],[85.9081704,20.0647327],[85.9080793,20.0645542],[85.9080057,20.0643573],[85.9079459,20.064177],[85.9079074,20.0640267],[85.9078645,20.0638514],[85.907837,20.063735],[85.9078267,20.0636644],[85.9076837,20.0635282],[85.9075469,20.0634122],[85.9072763,20.0631917],[85.9067509,20.0627806],[85.9066675,20.0627276],[85.9065846,20.0626912],[85.9065247,20.0626743],[85.9064505,20.0626675],[85.9063823,20.0626775],[85.9063142,20.0627009],[85.9062209,20.0627594],[85.9057944,20.0630606],[85.9052158,20.0634823],[85.9051148,20.0635565],[85.9049453,20.0636809],[85.9046909,20.0638745],[85.9044828,20.0640195],[85.9043654,20.0641004],[85.904264,20.0641645],[85.9042078,20.0641916],[85.9041196,20.0642186],[85.9040108,20.0642326],[85.903246,20.0643067],[85.9027822,20.0643537],[85.9023598,20.0644099],[85.9016172,20.0645146]]}},{"type":"Feature","properties":{"id":866499217,"highway":"residential"},"geometry":{"type":"LineString","coordinates":[[85.9078267,20.0636644],[85.9078299,20.0634566],[85.9078214,20.0632427],[85.9077957,20.0629423],[85.9077867,20.0628145],[85.9077799,20.0626595],[85.9077674,20.0625267],[85.9077482,20.0624232],[85.9077038,20.0622869],[85.9075359,20.0618329],[85.9074539,20.0616421],[85.9074138,20.061582],[85.9073714,20.0615377],[85.9072725,20.0614468],[85.9072189,20.0613852],[85.9071731,20.0613159],[85.9071406,20.0612426],[85.9071133,20.0611489],[85.907089,20.0610023],[85.907077,20.0608914],[85.9070772,20.0607946],[85.9070905,20.0606903],[85.9070912,20.0606382],[85.9070806,20.060588],[85.9070467,20.0605361],[85.9067919,20.0602867],[85.9066547,20.0601645],[85.906603,20.060126],[85.9065389,20.0600926],[85.9062039,20.0599921],[85.9056907,20.0598348],[85.905042,20.0596641],[85.9048033,20.0596005],[85.9047605,20.0595938],[85.9047142,20.0596021],[85.9046589,20.0596239],[85.904609,20.0596574],[85.9045716,20.0597009],[85.9045592,20.0597394],[85.9045698,20.0597863],[85.9046001,20.0598465],[85.9046875,20.0599821],[85.9049904,20.0604457],[85.9052327,20.0608156],[85.905247,20.0608541],[85.9052434,20.0608843],[85.9052202,20.0609144],[85.9051935,20.0609278],[85.9051258,20.0609445],[85.9046465,20.0610332],[85.9046019,20.0610567],[85.9045698,20.0610902],[85.9045538,20.0611236],[85.9045467,20.0611772],[85.9046964,20.0617814],[85.9048172,20.0622646],[85.9048369,20.0623434],[85.9048567,20.0624225],[85.9049619,20.0629112],[85.9050563,20.0633313],[85.9051148,20.0635565]]}},{"type":"Feature","properties":{"id":866499218,"highway":"residential"},"geometry":{"type":"LineString","coordinates":[[85.9072189,20.0613852],[85.9075875,20.0613382],[85.9076815,20.061322],[85.907764,20.0612985],[85.9078119,20.0612643],[85.9078407,20.0612157],[85.9078464,20.0611562],[85.90781,20.0608698],[85.9077889,20.0608158],[85.907762,20.0607851],[85.9077064,20.0607617],[85.9076163,20.0607527],[85.9072993,20.0607554],[85.9072385,20.0607455],[85.9070905,20.0606903]]}},{"type":"Feature","properties":{"id":866500869,"highway":"residential"},"geometry":{"type":"LineString","coordinates":[[85.9077482,20.0624232],[85.9084233,20.0623315],[85.9092055,20.0621968],[85.9093109,20.0621889],[85.909401,20.0621985],[85.9094862,20.0622089],[85.9095965,20.0622058],[85.9097325,20.0621814],[85.9098516,20.0621442],[85.9099115,20.0621112],[85.9100456,20.0620046],[85.9100972,20.0619483],[85.9101282,20.061896],[85.9101426,20.0618437],[85.9101406,20.0617816],[85.910122,20.0617293],[85.9099878,20.0615063]]}},{"type":"Feature","properties":{"id":866500870,"highway":"residential"},"geometry":{"type":"LineString","coordinates":[[85.9166861,20.0631247],[85.916647,20.0628563],[85.9166264,20.0627691],[85.9165923,20.0626794],[85.9165562,20.0626062],[85.9164448,20.0624143],[85.9164097,20.0623348],[85.916387,20.0622611],[85.9163725,20.0621661],[85.9163581,20.0618908],[85.9163333,20.0614701],[85.9162776,20.0610184],[85.9162549,20.0606927],[85.9162569,20.0606015],[85.9162693,20.060524],[85.9163106,20.0603747],[85.9164633,20.0600025],[85.9165872,20.0597175],[85.9166223,20.0596264],[85.9166656,20.0594732],[85.9166966,20.0593491],[85.9167162,20.0592001]]}},{"type":"Feature","properties":{"id":866500871,"highway":"residential"},"geometry":{"type":"LineString","coordinates":[[85.9043994,20.0691743],[85.9043773,20.0688218]]}},{"type":"Feature","properties":{"id":866500874,"highway":"residential"},"geometry":{"type":"LineString","coordinates":[[85.9196171,20.0628218],[85.9197155,20.0628206],[85.9198473,20.0628172],[85.9199917,20.0628256],[85.9200309,20.0628373],[85.9200558,20.0628674],[85.9200718,20.0629093],[85.9201087,20.0630468],[85.9201226,20.0630742],[85.9201487,20.0630901],[85.9201856,20.063093],[85.9210074,20.0629577]]}},{"type":"Feature","properties":{"id":866500875,"highway":"residential"},"geometry":{"type":"LineString","coordinates":[[85.9204672,20.0639742],[85.9206456,20.0637011],[85.9207241,20.0635942],[85.920781,20.0635335],[85.9208256,20.0635075],[85.9210056,20.0634483],[85.9210348,20.0634266],[85.9210579,20.0633962],[85.9210625,20.0633601],[85.9210333,20.0631708],[85.9210074,20.0629577],[85.9210174,20.0628995],[85.9210737,20.0627269],[85.921082,20.0626678],[85.9210704,20.0625496],[85.9210638,20.062492],[85.9210688,20.0624547],[85.9210837,20.0624236],[85.9211234,20.0623661],[85.9211317,20.0623427],[85.9211267,20.0623178],[85.9210986,20.0622992],[85.9208898,20.0622193]]}},{"type":"Feature","properties":{"id":866501500,"highway":"residential"},"geometry":{"type":"LineString","coordinates":[[85.9048369,20.0623434],[85.9058342,20.0621243]]}},{"type":"Feature","properties":{"id":866559614,"highway":"unclassified"},"geometry":{"type":"LineString","coordinates":[[85.947442,20.0612376],[85.947348,20.061205],[85.9472967,20.0611914],[85.9472542,20.0611983],[85.9472405,20.0612096],[85.9472311,20.0612317],[85.9472229,20.0612814],[85.9472286,20.0613183],[85.9472483,20.061403],[85.9472513,20.061445],[85.9472439,20.0614842],[85.9472111,20.0615542],[85.9471798,20.0616004],[85.947147,20.0616326],[85.9469339,20.0618005],[85.9465968,20.0620614],[85.946392,20.0622234],[85.9461924,20.0624053],[85.9460328,20.0625659],[85.9458942,20.062689],[85.9458087,20.0627514],[85.9457118,20.0628067],[85.9455751,20.0628603],[85.9454592,20.0628977],[85.9453282,20.0629281],[85.9452085,20.062937],[85.9450642,20.0629316],[85.944861,20.0628959],[85.9446863,20.062846],[85.9443691,20.0627265],[85.944238,20.0626747],[85.943974,20.0625356],[85.9439057,20.0625124],[85.9438392,20.0625052],[85.9436607,20.0625106],[85.9432979,20.0625445],[85.943239,20.0625427],[85.9431745,20.0625249],[85.9430852,20.0624821],[85.9427035,20.0622573],[85.9426522,20.0622323],[85.9425952,20.0622269],[85.9425572,20.0622269],[85.9424774,20.0622377],[85.9422059,20.062309],[85.9421394,20.0623215],[85.9420368,20.0623322],[85.9419096,20.0623393],[85.9418127,20.0623572],[85.9414688,20.062448],[85.9411149,20.0625464],[85.9409719,20.0625877],[85.9409209,20.0625943],[85.9408827,20.062589],[85.9408459,20.062573],[85.9408162,20.0625438],[85.9407992,20.0625092],[85.9407808,20.0624321],[85.9407454,20.0621582],[85.9407313,20.0619853],[85.940727,20.0617898],[85.9407313,20.0616728],[85.9407681,20.0613258],[85.9407975,20.0610681],[85.9408119,20.0609597],[85.9408148,20.0609067],[85.9408077,20.0608643],[85.9407836,20.0608338],[85.9407482,20.0608138],[85.9406647,20.0607979],[85.9400378,20.0607254],[85.9398626,20.0607052],[85.9398164,20.0606946],[85.9397483,20.0606672]]}},{"type":"Feature","properties":{"id":866559615,"highway":"unclassified"},"geometry":{"type":"LineString","coordinates":[[85.9321712,20.0393849],[85.9321722,20.0395856],[85.9322056,20.0399974],[85.9322595,20.0406327],[85.9323223,20.0413723],[85.9323274,20.041439],[85.9323743,20.0420463],[85.9324002,20.0423836],[85.9324019,20.0425085],[85.9323967,20.0426755],[85.9323795,20.0429317],[85.9323703,20.0429864],[85.9323346,20.0432008],[85.93224,20.0436616],[85.9322103,20.0438137],[85.9321948,20.0439353],[85.9321896,20.0440375],[85.9321965,20.0441623],[85.932231,20.0443974],[85.9323208,20.0448855],[85.9323536,20.0450363],[85.9323864,20.0451482],[85.9324778,20.045393],[85.9325969,20.0457076],[85.9326332,20.0458227],[85.9326556,20.0459443],[85.9326729,20.046121],[85.9326832,20.0462783],[85.9326988,20.0465329],[85.9327212,20.0467031],[85.9327415,20.0468528],[85.9327626,20.0470079],[85.9327799,20.0471166],[85.9328006,20.0471912],[85.9328462,20.0473086],[85.9329145,20.0474846],[85.9332217,20.0482694],[85.9334185,20.0487477],[85.9334634,20.0488855],[85.9335134,20.0490347],[85.9335891,20.0492302],[85.9337112,20.0495443],[85.9339812,20.0502266],[85.9340895,20.0505175],[85.9342259,20.050902]]}},{"type":"Feature","properties":{"id":866567110,"highway":"unclassified"},"geometry":{"type":"LineString","coordinates":[[85.9281927,20.0383414],[85.928178,20.03849],[85.9281675,20.0385704],[85.9281364,20.0387277],[85.9280847,20.0389077],[85.9280612,20.0389727],[85.928035,20.0390227],[85.9279983,20.039071],[85.9279684,20.0391036]]}},{"type":"Feature","properties":{"id":866567111,"highway":"unclassified"},"geometry":{"type":"LineString","coordinates":[[85.9273314,20.0516127],[85.9273176,20.0515511]]}},{"type":"Feature","properties":{"id":866567112,"highway":"unclassified"},"geometry":{"type":"LineString","coordinates":[[85.9342634,20.0510093],[85.9341218,20.0510196],[85.9336964,20.0510424],[85.9335194,20.0510652],[85.9333266,20.0510987],[85.9331402,20.0511432],[85.9329827,20.0511843],[85.9328063,20.0512447],[85.9326848,20.051285],[85.9326208,20.0513152],[85.932547,20.0513705],[85.9325232,20.0513952],[85.9324813,20.0514387],[85.9324304,20.05151],[85.9323472,20.0516202],[85.9322843,20.0516851],[85.9322199,20.0517287],[85.932099,20.0517769],[85.9316924,20.0518885],[85.9316631,20.0518976],[85.931353,20.0519938],[85.9311842,20.0520527],[85.9310494,20.0521139],[85.9308339,20.0522341],[85.9306205,20.052348],[85.9304673,20.0524267],[85.930251,20.0525245],[85.9300936,20.0525901],[85.9298581,20.052684],[85.929359,20.0528652],[85.9291783,20.0529429],[85.9290085,20.0530177],[85.928832,20.0530915],[85.9286678,20.0531566],[85.928547,20.0532],[85.928263,20.0532955],[85.9280834,20.0533513],[85.9278099,20.0534426],[85.9275091,20.0535525],[85.9274692,20.0535618],[85.9274187,20.0535686],[85.9273696,20.0535618],[85.9273335,20.0535428],[85.9273032,20.0535143],[85.927285,20.0534781],[85.9272224,20.0532784],[85.9271026,20.0528188],[85.9270564,20.0526507],[85.9270463,20.0525883],[85.9270449,20.0525273],[85.9270506,20.0523903],[85.927068,20.0522209],[85.9270853,20.05213],[85.9270997,20.0520839],[85.9271228,20.0520338],[85.9271683,20.0519562],[85.9273129,20.0517246],[85.9273299,20.0516868],[85.9273367,20.0516453],[85.9273314,20.0516127]]}},{"type":"Feature","properties":{"id":866567113,"highway":"residential"},"geometry":{"type":"LineString","coordinates":[[85.9348976,20.0527109],[85.9347506,20.0527182],[85.9346188,20.0527263],[85.9344281,20.0527258],[85.9339972,20.052709],[85.9337831,20.0526922],[85.933732,20.0526767],[85.9337066,20.05264],[85.9336978,20.0525834],[85.9337006,20.0524832],[85.9336997,20.0524025],[85.9336753,20.0523788],[85.9336298,20.0523717],[85.9333487,20.0523685]]}},{"type":"Feature","properties":{"id":866569084,"highway":"residential"},"geometry":{"type":"LineString","coordinates":[[85.9375406,20.0555319],[85.9374882,20.0554441],[85.9374357,20.0553679],[85.9373705,20.0552984],[85.937297,20.0552329],[85.9371993,20.0551531],[85.9371494,20.0551187],[85.9371083,20.0550975],[85.9370649,20.0551124],[85.9365435,20.0553735],[85.9363684,20.0554597],[85.9362725,20.0554929],[85.9361579,20.0555164],[85.9359246,20.0555649]]}},{"type":"Feature","properties":{"id":866569086,"highway":"residential"},"geometry":{"type":"LineString","coordinates":[[85.9306586,20.0638575],[85.9307103,20.0639749],[85.9307596,20.0641245],[85.930791,20.0642319],[85.9308,20.0643014],[85.9307843,20.0643815],[85.9307619,20.06447],[85.9307596,20.0645163],[85.9307686,20.0645901],[85.9308,20.0646891],[85.9308785,20.0648682],[85.9309099,20.0648998],[85.930948,20.0649166],[85.9309996,20.064923],[85.9310983,20.0649124],[85.9313719,20.0648513],[85.9314191,20.0648239],[85.9314415,20.064786],[85.9314482,20.0647312],[85.9314729,20.0646996],[85.9315267,20.0646807],[85.9316523,20.064668],[85.9323544,20.0646048],[85.932554,20.0645838],[85.9326774,20.0645627],[85.9329086,20.0645204]]}},{"type":"Feature","properties":{"id":866569087,"highway":"residential"},"geometry":{"type":"LineString","coordinates":[[85.9303098,20.0681581],[85.9301659,20.0676659],[85.9300813,20.0673955],[85.9299572,20.0669848],[85.9298632,20.0666818],[85.9298652,20.0666585],[85.9298715,20.0666456],[85.9298856,20.0666387],[85.9299145,20.0666365],[85.9299812,20.0666371],[85.9301073,20.0666479]]}},{"type":"Feature","properties":{"id":866584831,"highway":"residential"},"geometry":{"type":"LineString","coordinates":[[85.9393901,20.0604912],[85.9394665,20.0604155],[85.9395336,20.0603537],[85.9396268,20.0602743],[85.9396599,20.0602373],[85.9396888,20.0601906],[85.9398125,20.0599583],[85.9400085,20.0596124],[85.9401137,20.0594382],[85.9401518,20.0593653],[85.9401781,20.0593122],[85.9401992,20.0592566],[85.9402189,20.0591898],[85.9402636,20.0590255],[85.9403044,20.0588476],[85.940382,20.0584992],[85.9404072,20.0583818],[85.9404104,20.0583586],[85.9404056,20.0583402],[85.9403883,20.0583278]]}},{"type":"Feature","properties":{"id":866584832,"highway":"residential"},"geometry":{"type":"LineString","coordinates":[[85.9403549,20.0583186],[85.9403405,20.0583005],[85.94034,20.058281],[85.9403585,20.0581937]]}},{"type":"Feature","properties":{"id":866584833,"highway":"residential"},"geometry":{"type":"LineString","coordinates":[[85.9403883,20.0583278],[85.9403549,20.0583186]]}},{"type":"Feature","properties":{"id":866584835,"highway":"residential"},"geometry":{"type":"LineString","coordinates":[[85.9407482,20.0608138],[85.9407776,20.0607121],[85.9408034,20.0606292],[85.9408439,20.0605324],[85.9409782,20.0602853],[85.9412284,20.0598464],[85.9413275,20.0596754]]}},{"type":"Feature","properties":{"id":866584836,"highway":"residential"},"geometry":{"type":"LineString","coordinates":[[85.9399543,20.0610013],[85.9407975,20.0610681]]}},{"type":"Feature","properties":{"id":866584837,"highway":"unclassified"},"geometry":{"type":"LineString","coordinates":[[85.9397483,20.0606672],[85.9396986,20.0606389]]}},{"type":"Feature","properties":{"id":866584838,"highway":"unclassified"},"geometry":{"type":"LineString","coordinates":[[85.9396986,20.0606389],[85.9396089,20.0605877],[85.9394194,20.060499],[85.9393901,20.0604912],[85.9393548,20.0605147],[85.9392966,20.0605562],[85.938956,20.0608363],[85.9387195,20.0610253],[85.9386189,20.0611115],[85.9385766,20.0611678],[85.9385413,20.0612424],[85.9385042,20.0613568],[85.9383754,20.0618127],[85.9383295,20.0619619],[85.9382783,20.0620696],[85.9382501,20.0621309],[85.938206,20.0622022],[85.9380348,20.062421],[85.9379836,20.0624956],[85.937943,20.0625818],[85.9379042,20.0626862],[85.937876,20.0627807],[85.9378407,20.0628454],[85.9377983,20.0628885],[85.937729,20.0629212],[85.9373588,20.0630386],[85.9372293,20.0630701],[85.9371714,20.0630786],[85.937115,20.0630829],[85.9370526,20.0630701],[85.9370023,20.0630343],[85.9369566,20.0629885],[85.9368986,20.0629045],[85.9365035,20.0622698],[85.9361084,20.0616476],[85.9360327,20.0615235],[85.9359834,20.0613974],[85.935918,20.0611679],[85.9358686,20.0610016],[85.9358268,20.0608675],[85.9357891,20.0607138]]}},{"type":"Feature","properties":{"id":866584839,"highway":"residential"},"geometry":{"type":"LineString","coordinates":[[85.9249616,20.0639261],[85.9256855,20.0635538]]}},{"type":"Feature","properties":{"id":866586291,"highway":"residential"},"geometry":{"type":"LineString","coordinates":[[85.9284646,20.0677503],[85.928231,20.0673079],[85.9282069,20.0672248],[85.9282042,20.0671693],[85.9282283,20.0671164],[85.9282646,20.0670786],[85.9284266,20.0670495],[85.9287576,20.0670145],[85.928868,20.0670088],[85.9289984,20.067005]]}},{"type":"Feature","properties":{"id":866586293,"highway":"residential"},"geometry":{"type":"LineString","coordinates":[[85.9290696,20.0677305],[85.9290829,20.067667],[85.9290863,20.067606],[85.9290828,20.0675538],[85.9290795,20.0675048],[85.9290863,20.0674631],[85.9291102,20.0674117],[85.9292316,20.0672303]]}},{"type":"Feature","properties":{"id":866586294,"highway":"residential"},"geometry":{"type":"LineString","coordinates":[[85.9290828,20.0675538],[85.9296038,20.0676042]]}},{"type":"Feature","properties":{"id":866586295,"highway":"residential"},"geometry":{"type":"LineString","coordinates":[[85.9299572,20.0669848],[85.9300363,20.0668762],[85.930064,20.0668167],[85.9300917,20.0667144],[85.9301073,20.0666479],[85.9301313,20.0665452],[85.9302009,20.0660321]]}},{"type":"Feature","properties":{"id":866586296,"highway":"residential"},"geometry":{"type":"LineString","coordinates":[[85.9296348,20.0668104],[85.9297202,20.0667189],[85.9297669,20.0666828],[85.9297993,20.0666653]]}},{"type":"Feature","properties":{"id":866586297,"highway":"residential"},"geometry":{"type":"LineString","coordinates":[[85.9297993,20.0666653],[85.9298395,20.0666494]]}},{"type":"Feature","properties":{"id":866591935,"highway":"residential"},"geometry":{"type":"LineString","coordinates":[[85.9332281,20.0727988],[85.9334031,20.0727498],[85.9335637,20.072697],[85.9338219,20.0725914],[85.9340706,20.0724837],[85.9342403,20.0723804],[85.9345559,20.0721648],[85.934936,20.071947],[85.9352826,20.0717382],[85.9355384,20.0716124],[85.935773,20.0715161],[85.9358395,20.0714926],[85.9359167,20.0714725],[85.936102,20.0714387],[85.9363438,20.0713976],[85.9366217,20.0713445],[85.9367709,20.0713092],[85.9368404,20.0712724],[85.9368919,20.071214],[85.9369536,20.0711236],[85.9370524,20.0709919],[85.937141,20.0708845],[85.9372607,20.0707625],[85.9374053,20.0706505],[85.9376441,20.0705193],[85.937818,20.0704321],[85.9378957,20.0704012],[85.9380464,20.0703448],[85.9382102,20.0702964],[85.9384931,20.070239],[85.9387399,20.0701904],[85.9389547,20.0701625],[85.9391644,20.0701533],[85.9394359,20.0701463],[85.9396398,20.0701463],[85.9398629,20.0701649],[85.9400184,20.0701996],[85.9400777,20.0702182],[85.9401221,20.070246],[85.9401566,20.0703109],[85.9402134,20.0704477],[85.9402702,20.0705497],[85.9404183,20.0707567]]}},{"type":"Feature","properties":{"id":866591936,"highway":"residential"},"geometry":{"type":"LineString","coordinates":[[85.937818,20.0704321],[85.9376528,20.0697719]]}},{"type":"Feature","properties":{"id":866591937,"highway":"residential"},"geometry":{"type":"LineString","coordinates":[[85.9396398,20.0701463],[85.9397032,20.0698753],[85.9397269,20.0698158],[85.9397606,20.0697786],[85.939818,20.0697563],[85.9401823,20.0696614],[85.9403704,20.0696056],[85.9405011,20.0695591],[85.9406139,20.0695145],[85.940703,20.069468],[85.9407972,20.0693887],[85.9408891,20.0692839],[85.9411485,20.0689603],[85.9412277,20.0688711],[85.941295,20.0688153],[85.9413571,20.0687748],[85.9414177,20.0687427],[85.9414859,20.0687145],[85.9420224,20.0685163]]}},{"type":"Feature","properties":{"id":866591938,"highway":"unclassified"},"geometry":{"type":"LineString","coordinates":[[85.9342259,20.050902],[85.9342458,20.050956]]}},{"type":"Feature","properties":{"id":866591939,"highway":"unclassified"},"geometry":{"type":"LineString","coordinates":[[85.9342458,20.050956],[85.9342634,20.0510093],[85.9342869,20.0510761],[85.9344368,20.0514897],[85.9345687,20.0518344],[85.9347193,20.0522479],[85.9348976,20.0527109],[85.9349507,20.0528341],[85.9350533,20.0530544],[85.9351696,20.0532848],[85.9352827,20.0535531],[85.9354946,20.0540551],[85.9356202,20.0543507],[85.9356947,20.0545858],[85.9357843,20.054894],[85.9358512,20.0551879],[85.9358991,20.0554444],[85.9359084,20.0554979],[85.9359246,20.0555649],[85.9359479,20.0556545],[85.9360015,20.0557751],[85.9360744,20.0559048],[85.9364172,20.0564016],[85.9364951,20.0565475],[85.9365416,20.0566574],[85.9365649,20.0567537],[85.9365696,20.0568176],[85.936575,20.0568913],[85.9365823,20.0570323],[85.936583,20.0571837],[85.9365537,20.0576084],[85.9365104,20.0580407],[85.9363873,20.0585577],[85.9362497,20.0591491],[85.9361791,20.0593769],[85.9361086,20.0595763],[85.9359677,20.0599499],[85.9358675,20.0602501],[85.9358314,20.060408],[85.9358067,20.0605759],[85.9358013,20.0606515],[85.9357891,20.0607138],[85.9356943,20.0607682],[85.9355404,20.0608202],[85.9352643,20.0608662],[85.9350463,20.0608921],[85.934948,20.0609169],[85.9348709,20.0609558],[85.9348175,20.0610035],[85.9347451,20.0610868],[85.9346801,20.06115],[85.9346018,20.0612024],[85.9344885,20.0612465],[85.9344171,20.0612567],[85.9341696,20.0612473],[85.9340703,20.0612468],[85.9339759,20.061256],[85.9338666,20.0612835],[85.9337801,20.061327],[85.9336222,20.0614403],[85.9335424,20.0615056],[85.9334968,20.0615496],[85.9334772,20.0615752],[85.9334622,20.061603],[85.9334486,20.06166],[85.9334433,20.0617698],[85.9334419,20.0617888]]}},{"type":"Feature","properties":{"id":866591940,"highway":"residential"},"geometry":{"type":"LineString","coordinates":[[85.9316631,20.0518976],[85.9316148,20.0517266],[85.9316004,20.0516374],[85.9316066,20.0515851],[85.9316437,20.0514416],[85.9316537,20.0513534],[85.9316541,20.0512768],[85.9316518,20.0509422]]}},{"type":"Feature","properties":{"id":866591941,"highway":"residential"},"geometry":{"type":"LineString","coordinates":[[85.9313273,20.0509417],[85.9316518,20.0509422],[85.9320465,20.0509327]]}},{"type":"Feature","properties":{"id":866591942,"highway":"residential"},"geometry":{"type":"LineString","coordinates":[[85.9325232,20.0513952],[85.9323125,20.0512174],[85.932202,20.0511086],[85.9320797,20.050975],[85.9320465,20.0509327],[85.9320399,20.0508626],[85.9320475,20.0508156],[85.9320705,20.0507087],[85.9320828,20.0506485],[85.9320951,20.0505237]]}},{"type":"Feature","properties":{"id":866595516,"highway":"unclassified"},"geometry":{"type":"LineString","coordinates":[[85.933442,20.0618199],[85.9334562,20.0620067],[85.9334537,20.0621097],[85.9334345,20.0622535],[85.9332994,20.0627909],[85.9332063,20.0631993],[85.9331437,20.0634557],[85.9331131,20.0635527],[85.9330455,20.0637644],[85.9330002,20.0638934],[85.9329585,20.0640623],[85.9329363,20.0642078],[85.932917,20.0644257],[85.9329086,20.0645204],[85.9329029,20.0645844],[85.9328802,20.0649372],[85.9328487,20.0653464],[85.9328294,20.0656123],[85.9328215,20.0657702],[85.9328172,20.0659512],[85.9328164,20.0660587],[85.9328292,20.0663081],[85.9328356,20.0664626],[85.9328349,20.0666038],[85.932821,20.0669125],[85.9328036,20.0672991],[85.9327926,20.067683],[85.9327907,20.0677564]]}},{"type":"Feature","properties":{"id":866595517,"highway":"unclassified"},"geometry":{"type":"LineString","coordinates":[[85.9334419,20.0617888],[85.933442,20.0618199]]}},{"type":"Feature","properties":{"id":866595519,"highway":"residential"},"geometry":{"type":"LineString","coordinates":[[85.9284266,20.0670495],[85.9284104,20.0669339],[85.9284178,20.0669059],[85.9284364,20.066892],[85.9284884,20.0668763],[85.9285664,20.0668644],[85.9289513,20.066819]]}},{"type":"Feature","properties":{"id":866598379,"highway":"unclassified"},"geometry":{"type":"LineString","coordinates":[[85.947442,20.0612376],[85.9475573,20.061266]]}},{"type":"Feature","properties":{"id":866598380,"highway":"unclassified"},"geometry":{"type":"LineString","coordinates":[[85.9475573,20.061266],[85.9476288,20.061295],[85.9476715,20.0613264],[85.9477068,20.06137],[85.9478461,20.0616684],[85.9480787,20.0620904],[85.9482696,20.0624558],[85.9483326,20.0626223],[85.9483794,20.0627754],[85.9484637,20.0631079],[85.9485336,20.0634424],[85.9486044,20.0636685],[85.948663,20.0638179],[85.9488067,20.0641082],[85.9489177,20.0643044],[85.9490698,20.0645212],[85.9491336,20.0646104],[85.9491973,20.0647303],[85.9492393,20.0648484],[85.9492772,20.064978],[85.9493376,20.0651479],[85.9494348,20.0653908],[85.9495141,20.0655545],[85.9495626,20.0656331],[85.94966,20.0657605],[85.9497737,20.0658956],[85.9500317,20.0662079],[85.9501117,20.0663076],[85.9501746,20.0664027],[85.9502252,20.0664824],[85.9502724,20.0665514],[85.9504381,20.0667575],[85.9507895,20.0671708],[85.9509712,20.0673722],[85.9510766,20.0674797],[85.9512086,20.067593],[85.9516058,20.0679131],[85.9518403,20.068111],[85.9519753,20.0682305],[85.952132,20.0683797],[85.9522713,20.0685322],[85.9524625,20.0687392],[85.9525695,20.0688641],[85.9526461,20.0689712],[85.952706,20.0690806],[85.9528468,20.0694125],[85.9531316,20.0700096],[85.9531647,20.070094],[85.9531925,20.0701762],[85.9532115,20.0702563],[85.9532402,20.0703573],[85.9533825,20.0707937],[85.9535036,20.0711056],[85.9536427,20.0714959],[85.9537528,20.0718135],[85.9538034,20.0719294],[85.9538321,20.0719854],[85.9538815,20.0720555],[85.9539297,20.0720987],[85.954002,20.0721386],[85.9542411,20.0722462],[85.9548309,20.0724771],[85.9552086,20.0726335],[85.9553452,20.0726971],[85.9555094,20.0727963],[85.9560161,20.0731285],[85.956188,20.0732241],[85.9562333,20.0732465],[85.9562653,20.0732583],[85.9562959,20.0732628]]}},{"type":"Feature","properties":{"id":866598381,"highway":"residential"},"geometry":{"type":"LineString","coordinates":[[85.9450801,20.0584108],[85.9451394,20.0585539],[85.9451763,20.0586353],[85.9452276,20.0587272],[85.9452822,20.0587904],[85.9453415,20.0588311],[85.9454024,20.0588462],[85.9454826,20.0588552],[85.9455227,20.0588748],[85.9455465,20.0589088],[85.9455632,20.0589777],[85.9455964,20.0591206],[85.9456218,20.05922],[85.945653,20.059311],[85.9456918,20.0594188],[85.9458259,20.0597239],[85.9459287,20.0599199],[85.94603,20.0600948],[85.9461493,20.0602656],[85.9463683,20.0605847],[85.9464678,20.0607326],[85.9465228,20.0608006],[85.9465878,20.0608634],[85.9467327,20.0609698],[85.9470633,20.0611879],[85.9472229,20.0612814]]}},{"type":"Feature","properties":{"id":866609705,"highway":"unclassified"},"geometry":{"type":"LineString","coordinates":[[85.9327907,20.0677564],[85.9327923,20.0678439]]}},{"type":"Feature","properties":{"id":866609706,"highway":"unclassified"},"geometry":{"type":"LineString","coordinates":[[85.9327923,20.0678439],[85.9328,20.0681012],[85.9327849,20.0684846],[85.9327615,20.0688335],[85.9327546,20.0691075],[85.9327531,20.069281],[85.932764,20.0694391],[85.9327777,20.0695625],[85.9328038,20.0697051],[85.9328395,20.0698616],[85.9329039,20.0701174],[85.9329872,20.0704957],[85.9330519,20.0708067],[85.9331403,20.0712409],[85.9331624,20.0714047],[85.9331679,20.0715816],[85.9331596,20.0719848],[85.9331735,20.0723021],[85.9331859,20.0725544],[85.9331984,20.0726766],[85.9332281,20.0727988],[85.9332704,20.0729029],[85.9333756,20.0730979],[85.9335638,20.0733868],[85.9336902,20.0735872],[85.9337545,20.0737002],[85.9337894,20.0737904],[85.9337999,20.0738756],[85.9337894,20.0740282],[85.9337535,20.0744356],[85.9336891,20.0751382],[85.9336279,20.0755296],[85.9336047,20.0756307],[85.9335583,20.0757526],[85.9333736,20.0760955],[85.9332519,20.076275],[85.9331798,20.0763646],[85.9330991,20.0764576],[85.9330441,20.0765253],[85.9330111,20.0765873],[85.9329916,20.0766561],[85.9330013,20.0767545],[85.9330964,20.0771771],[85.9331806,20.0776139],[85.9332382,20.0781323],[85.9332545,20.0782795],[85.9332636,20.0789421],[85.9332708,20.0791336],[85.9332806,20.0791925],[85.9333012,20.0792358],[85.9333355,20.0792625],[85.9333757,20.07928],[85.9334509,20.0792971],[85.9335272,20.0793292],[85.933555,20.0793604],[85.9335727,20.0793974],[85.9335785,20.0794344],[85.9335862,20.0794841],[85.9335853,20.0796544],[85.9335858,20.0797454],[85.9336124,20.0798793],[85.9336383,20.079968],[85.9337251,20.0801735],[85.9337691,20.0802378],[85.9338363,20.0803147],[85.9339084,20.0803905],[85.9339573,20.0804524],[85.9339842,20.080511],[85.9340194,20.0806042],[85.9342034,20.0810917],[85.9342448,20.0812446],[85.9342561,20.081362],[85.9342482,20.0814878],[85.9342198,20.0815614],[85.9341721,20.0816147],[85.9340778,20.0816873],[85.9340006,20.0817384],[85.9339075,20.0818142],[85.9338314,20.0818824],[85.9335553,20.0821952],[85.9334896,20.0822696],[85.9329321,20.0829069],[85.9322542,20.083671],[85.9319845,20.0839944],[85.9318855,20.0841561],[85.9317053,20.0845046],[85.9316836,20.084551]]}},{"type":"Feature","properties":{"id":866609707,"highway":"residential"},"geometry":{"type":"LineString","coordinates":[[85.9276866,20.0671442],[85.9282283,20.0671164]]}},{"type":"Feature","properties":{"id":866609708,"highway":"residential"},"geometry":{"type":"LineString","coordinates":[[85.9371083,20.0550975],[85.9370474,20.0550082],[85.9368816,20.0547133],[85.9366692,20.0543142]]}},{"type":"Feature","properties":{"id":866609709,"highway":"residential"},"geometry":{"type":"LineString","coordinates":[[85.9298395,20.0666494],[85.9298715,20.0666456]]}},{"type":"Feature","properties":{"id":866906897,"highway":"unclassified"},"geometry":{"type":"LineString","coordinates":[[85.9531925,20.0701762],[85.953436,20.0699917],[85.9536132,20.0698601],[85.9540706,20.0695517],[85.9542749,20.0694121],[85.9544776,20.0692768],[85.9546988,20.0691318],[85.9549833,20.0689525],[85.9550152,20.068937],[85.955035,20.0689346],[85.9550551,20.0689402]]}},{"type":"Feature","properties":{"id":866906898,"highway":"unclassified"},"geometry":{"type":"LineString","coordinates":[[85.9550551,20.0689402],[85.955067,20.0689547],[85.9550836,20.0689794]]}},{"type":"Feature","properties":{"id":866906899,"highway":"unclassified"},"geometry":{"type":"LineString","coordinates":[[85.9550836,20.0689794],[85.9551034,20.0689894],[85.9551338,20.06899],[85.9551627,20.0689835],[85.955213,20.0689798],[85.9552825,20.0689859],[85.9553305,20.0690027],[85.955369,20.0690262],[85.955412,20.0690637],[85.9555675,20.069216],[85.9558943,20.069536],[85.9560228,20.0696563],[85.9562929,20.069882],[85.9565828,20.0701061],[85.9566414,20.070142],[85.9567035,20.0701601],[85.9567745,20.0701711],[85.9568634,20.0701773],[85.9570259,20.070185],[85.9580312,20.070203],[85.9581502,20.0701918],[85.9582358,20.0701763],[85.9583021,20.0701498],[85.9583564,20.07012],[85.958421,20.0700735],[85.9584942,20.0700042],[85.9592615,20.0692343],[85.9593613,20.069125],[85.9594159,20.0690581],[85.9594482,20.0690043],[85.9594644,20.0689445],[85.9594669,20.0688834],[85.9594533,20.068805],[85.9594079,20.0686629],[85.9592775,20.0682594],[85.9591044,20.0677331],[85.9590019,20.0673954],[85.9589776,20.0672971],[85.9589756,20.0672423],[85.9589908,20.0671817],[85.9590098,20.0671389],[85.959052,20.067078],[85.9591202,20.0669978],[85.9592362,20.0668785],[85.9593192,20.0667876],[85.9594046,20.0666981],[85.9594433,20.0666431],[85.9594681,20.0665859],[85.9594741,20.0665452],[85.9594723,20.0664974],[85.9594587,20.066428],[85.9593711,20.06619],[85.959323,20.0660405],[85.95929,20.0659322],[85.9592786,20.0658742],[85.9592786,20.0658265],[85.9592894,20.0657727],[85.9593011,20.0657144],[85.9593216,20.0656567],[85.9593667,20.0655749],[85.959399,20.0655327],[85.9594371,20.065499],[85.9594926,20.0654668],[85.9595452,20.0654466],[85.9596115,20.0654321],[85.9596813,20.0654248],[85.9599802,20.0653975],[85.9604241,20.0653512],[85.9604848,20.0653401],[85.9605476,20.065317],[85.9606041,20.0652823],[85.9606557,20.0652453],[85.9607062,20.0652017],[85.9607567,20.0651478],[85.9608451,20.0650467],[85.9609457,20.064932],[85.9612896,20.0645026],[85.961624,20.0641044],[85.9618851,20.0637728],[85.962201,20.0633815],[85.962614,20.0628728],[85.9629872,20.0624183],[85.9632371,20.0621116],[85.963502,20.0617886],[85.9638052,20.0614109],[85.9641055,20.0610176],[85.9642885,20.0607937],[85.964444,20.0605927],[85.9645906,20.0604303],[85.9647332,20.0602154],[85.964921,20.0599474],[85.9652846,20.0594528],[85.9654153,20.059274],[85.9655408,20.0591024],[85.965577,20.0590515],[85.9657852,20.058775],[85.9660829,20.0583655],[85.9664277,20.0579116],[85.9665703,20.0577275],[85.9668132,20.0574101],[85.9669744,20.0572095],[85.9671271,20.0570157],[85.967369,20.0567161],[85.9675932,20.0564442],[85.9679994,20.055964],[85.9687437,20.0551502],[85.9688545,20.0550185],[85.9689029,20.0549494],[85.968932,20.0548657],[85.9689436,20.0548093],[85.9689436,20.054742],[85.9689223,20.0546438],[85.9688564,20.0544674],[85.9687645,20.0542566],[85.9686321,20.0539549],[85.9684997,20.0536735],[85.9682799,20.0532028],[85.9681804,20.0529956],[85.9680809,20.0528118],[85.9679504,20.0526272],[85.9678449,20.0524937],[85.9677808,20.0524354],[85.9677074,20.0523889],[85.9676258,20.05236],[85.967523,20.0523474],[85.9674317,20.0523379],[85.967365,20.0523256],[85.9672892,20.0523037],[85.9672231,20.0522667],[85.967161,20.0522179],[85.9670889,20.0521366],[85.9670383,20.0520647],[85.966959,20.05194],[85.9668573,20.0517647],[85.9666871,20.0514681],[85.966477,20.0511077],[85.9664067,20.0509761],[85.9663334,20.0508139],[85.9662061,20.050527],[85.9661056,20.0503298],[85.9660591,20.0502499],[85.9660125,20.0501811],[85.9659142,20.0500561],[85.9657953,20.0499325],[85.9655143,20.0496695],[85.9654824,20.0496398],[85.965188,20.0493667],[85.9650776,20.0492457],[85.965028,20.0491714],[85.9649342,20.0489831],[85.9648679,20.0488224],[85.9648403,20.0487256],[85.9648275,20.0486202],[85.9648275,20.0484992],[85.9648367,20.0484059],[85.9648495,20.0483419],[85.9649021,20.0481146]]}},{"type":"Feature","properties":{"id":866912783,"highway":"residential"},"geometry":{"type":"LineString","coordinates":[[85.9671003,20.0513959],[85.9672076,20.0515421],[85.9672398,20.0516227],[85.9672827,20.0516781],[85.9676035,20.0522972],[85.9676258,20.05236]]}},{"type":"Feature","properties":{"id":866912785,"highway":"unclassified"},"geometry":{"type":"LineString","coordinates":[[85.9689316,20.0628479],[85.9684007,20.0628651],[85.9683262,20.0628651],[85.9680058,20.062866],[85.9678098,20.0628876],[85.9677502,20.0629041],[85.9677183,20.0629232],[85.9676994,20.0629423],[85.967634,20.0630382],[85.9675893,20.0630915],[85.9675346,20.0631384],[85.9674144,20.0632168],[85.9673037,20.0632777],[85.9671954,20.0633318],[85.9669636,20.0634361]]}},{"type":"Feature","properties":{"id":866912786,"highway":"unclassified"},"geometry":{"type":"LineString","coordinates":[[85.9669636,20.0634361],[85.9668483,20.0634879]]}},{"type":"Feature","properties":{"id":866915400,"highway":"residential"},"geometry":{"type":"LineString","coordinates":[[85.967564,20.0604749],[85.967533,20.0605604],[85.9675088,20.060653],[85.9674997,20.0607225],[85.9674943,20.0608215],[85.9675053,20.0610689],[85.9675175,20.0612185],[85.9675147,20.0612975],[85.9675031,20.061399],[85.9674827,20.0614779],[85.967438,20.0615813],[85.9674081,20.0616782],[85.9673887,20.0617807],[85.9673811,20.0618978],[85.967384,20.0620177],[85.9674016,20.0621339],[85.9674358,20.0622643],[85.9675076,20.062449],[85.9675734,20.0626041],[85.9676278,20.0627375],[85.9676761,20.0628332],[85.9677183,20.0629232]]}},{"type":"Feature","properties":{"id":866915401,"highway":"residential"},"geometry":{"type":"LineString","coordinates":[[85.9658753,20.0597185],[85.9658505,20.0596255],[85.9658277,20.0595571],[85.9658019,20.0594974],[85.9657584,20.0594142],[85.9657256,20.0593595],[85.9655408,20.0591024]]}},{"type":"Feature","properties":{"id":866915402,"highway":"residential"},"geometry":{"type":"LineString","coordinates":[[85.9647843,20.0609966],[85.9652112,20.0607746],[85.9653231,20.0607142],[85.965386,20.0606893],[85.9654573,20.060667],[85.9655328,20.0606538],[85.9655963,20.0606485],[85.965638,20.0606472],[85.9657396,20.0606443],[85.9659802,20.0606433]]}},{"type":"Feature","properties":{"id":866915403,"highway":"residential"},"geometry":{"type":"LineString","coordinates":[[85.9649512,20.0615352],[85.965538,20.0613942],[85.9655856,20.0613846],[85.9656117,20.0613846],[85.965635,20.0613928],[85.9656475,20.06141],[85.9656698,20.0614482],[85.9656882,20.0614619],[85.9657153,20.0614655],[85.9657468,20.0614634],[85.9657727,20.0614531],[85.9657853,20.0614367],[85.9657878,20.0614178],[85.9657811,20.061395],[85.9657485,20.061333],[85.9657276,20.0612898],[85.9657117,20.0612462],[85.9657023,20.0612116],[85.9656699,20.061057],[85.965654,20.0609812],[85.9655963,20.0606485]]}},{"type":"Feature","properties":{"id":866915404,"highway":"residential"},"geometry":{"type":"LineString","coordinates":[[85.9648457,20.0612037],[85.9650086,20.0611786],[85.9650869,20.0611701],[85.965166,20.0611676],[85.9652605,20.0611608],[85.9653631,20.0611498],[85.9654305,20.0611371],[85.9654701,20.0611262],[85.9656699,20.061057]]}},{"type":"Feature","properties":{"id":866915405,"highway":"residential"},"geometry":{"type":"LineString","coordinates":[[85.9657396,20.0606443],[85.9657352,20.0604527],[85.9657182,20.0601955]]}},{"type":"Feature","properties":{"id":866915406,"highway":"residential"},"geometry":{"type":"LineString","coordinates":[[85.9655096,20.0604762],[85.9657352,20.0604527]]}},{"type":"Feature","properties":{"id":866919089,"highway":"residential"},"geometry":{"type":"LineString","coordinates":[[85.9648287,20.0620812],[85.964868,20.0621944],[85.964935,20.0623873],[85.964976,20.0625052],[85.9649808,20.0625358],[85.964976,20.0625642],[85.9649603,20.0625857],[85.9649337,20.0626084],[85.9647805,20.0627206]]}},{"type":"Feature","properties":{"id":866919090,"highway":"residential"},"geometry":{"type":"LineString","coordinates":[[85.964868,20.0621944],[85.9651975,20.0620841]]}},{"type":"Feature","properties":{"id":866919094,"highway":"residential"},"geometry":{"type":"LineString","coordinates":[[85.9684238,20.0634148],[85.9684059,20.0632999],[85.9683846,20.0632083],[85.9683655,20.0631251],[85.9683624,20.0631005],[85.9683619,20.0630798],[85.9683684,20.0630296],[85.9684007,20.0628651]]}},{"type":"Feature","properties":{"id":866919095,"highway":"tertiary"},"geometry":{"type":"LineString","coordinates":[[85.9562821,20.0603576],[85.9562805,20.0603328],[85.9562706,20.0603141],[85.9560376,20.0600621],[85.9558043,20.0598044],[85.9555888,20.0595563],[85.9553917,20.0593171],[85.9552402,20.0591398],[85.9552152,20.0591037],[85.955203,20.059074],[85.9551932,20.0590394],[85.9551283,20.0586732],[85.9550923,20.0584244],[85.9550419,20.0581065],[85.9549951,20.0578879],[85.9549443,20.0576844],[85.9549076,20.0575535],[85.9548824,20.0574916],[85.9548476,20.0574236],[85.9547941,20.0573638],[85.9547036,20.057294],[85.9543249,20.0570258],[85.9542438,20.0569651],[85.9542002,20.0569201],[85.9541567,20.0568594],[85.954141,20.0568085],[85.9541371,20.0567444],[85.9541514,20.0558645],[85.9541489,20.0558128],[85.9541246,20.0557267],[85.9540986,20.0556016],[85.9541027,20.0549988],[85.9541029,20.0543264],[85.9540848,20.0538753],[85.9540746,20.0536904],[85.9540565,20.0535239],[85.9540396,20.0534505],[85.9540162,20.0533709],[85.953897,20.0530385],[85.9537565,20.0526231],[85.9537431,20.0525601],[85.9537323,20.0524922],[85.9537265,20.0523626],[85.9537234,20.0521777],[85.9537176,20.0520983],[85.9537132,20.0520558],[85.9537133,20.0520022],[85.9537238,20.0519646],[85.9537439,20.0519345],[85.9538263,20.0518807],[85.9540165,20.0518088],[85.9540968,20.051768],[85.9542309,20.0516779],[85.9543051,20.0516354],[85.9545916,20.0515069],[85.9546759,20.051481],[85.9548833,20.051433],[85.9550253,20.0514093],[85.9551699,20.0513955],[85.9553892,20.0513891],[85.9559422,20.0513957],[85.9561532,20.0513904],[85.9562764,20.0513829],[85.9563559,20.0513683],[85.9564171,20.0513343],[85.9564139,20.0513039],[85.9564087,20.0512601],[85.9563606,20.0510422],[85.9562583,20.0506534],[85.9561055,20.0499229],[85.9560472,20.0496743],[85.9560273,20.049612],[85.9559299,20.0492825],[85.9558597,20.0490648],[85.9557851,20.0488334],[85.9556136,20.0483156]]}},{"type":"Feature","properties":{"id":866919096,"highway":"tertiary"},"geometry":{"type":"LineString","coordinates":[[85.9562572,20.0603961],[85.9562441,20.0604463],[85.956244,20.0605149],[85.9562668,20.0606156],[85.9563177,20.0607321],[85.9563791,20.0608462],[85.95655,20.0611431],[85.9566483,20.0613162],[85.9567186,20.0614959],[85.9568285,20.0618166],[85.956866,20.061951],[85.9569086,20.062225],[85.9569444,20.0623755],[85.9569934,20.0624902],[85.9570804,20.0626507],[85.9572743,20.0630817],[85.9575267,20.0636111],[85.9577678,20.0641167],[85.9578087,20.0642361],[85.9578938,20.0646176],[85.9579387,20.064862],[85.9580195,20.0651358],[85.9581658,20.0655741],[85.9581954,20.0657096],[85.9582251,20.0658751],[85.9582512,20.0660669],[85.9582617,20.0661762],[85.9582592,20.0662764],[85.9582606,20.066387],[85.9582653,20.0664612],[85.9582867,20.0665285],[85.9583272,20.0665914],[85.9583766,20.0666221],[85.9584152,20.0666415],[85.9584667,20.0666456],[85.9585325,20.0666326],[85.9588647,20.0665038],[85.9589395,20.0664831],[85.9589978,20.0664832],[85.9590451,20.0665009],[85.9590871,20.0665546],[85.9591553,20.066698],[85.9592362,20.0668785],[85.9594428,20.0672523],[85.9596007,20.0675736],[85.9597462,20.0678844],[85.9597846,20.0679791],[85.9598201,20.0680669],[85.9598449,20.0681688],[85.9598592,20.0682739],[85.9598628,20.0683641],[85.9598483,20.0685217],[85.9598059,20.0687508],[85.9597635,20.0689423],[85.959721,20.0691321],[85.9596716,20.0692958],[85.9596208,20.0694307],[85.9596068,20.0694944],[85.959603,20.0695534],[85.9596081,20.0696177],[85.9596221,20.0697006],[85.9596395,20.0697751],[85.9596786,20.0699203],[85.9596955,20.0699745],[85.9597147,20.0700239],[85.9597404,20.0700725]]}},{"type":"Feature","properties":{"id":866919097,"highway":"tertiary"},"geometry":{"type":"LineString","coordinates":[[85.9562821,20.0603576],[85.9562572,20.0603961]]}},{"type":"Feature","properties":{"id":866925638,"highway":"residential"},"geometry":{"type":"LineString","coordinates":[[85.9519217,20.0522559],[85.9518074,20.0521575],[85.9517451,20.0521181],[85.9515275,20.0520081],[85.9514974,20.0519921],[85.9514617,20.0519689],[85.9514375,20.0519439],[85.951424,20.0519209],[85.951412,20.051884],[85.9514009,20.0518409],[85.9513938,20.0517925],[85.9513846,20.0516262],[85.9513802,20.0515443],[85.9513758,20.0515006],[85.9513717,20.0514694],[85.9513368,20.0513191],[85.9513347,20.0512922],[85.9513433,20.0512712],[85.9513637,20.0512598],[85.9514034,20.051254],[85.9515589,20.051243],[85.9522175,20.0511904],[85.9522604,20.0511839],[85.9522871,20.0511684],[85.9522958,20.0511399],[85.952198,20.0504682],[85.952183,20.0502468],[85.9521585,20.0500095],[85.9521342,20.0498554],[85.9521241,20.0497769]]}},{"type":"Feature","properties":{"id":866925642,"highway":"residential"},"geometry":{"type":"LineString","coordinates":[[85.952879,20.0499365],[85.9529406,20.0501043],[85.9529621,20.0501685],[85.95298,20.050231],[85.9529903,20.0502762],[85.952997,20.0503214],[85.9530151,20.050448],[85.9530332,20.0506735],[85.9530412,20.0507341],[85.9530547,20.050782],[85.9530808,20.0508266],[85.9531125,20.0508543],[85.9532008,20.0509117],[85.9532631,20.0509489],[85.9533104,20.0509891],[85.9533532,20.0510458],[85.9534454,20.0511892],[85.9534985,20.0512772],[85.9535383,20.0513363],[85.9536127,20.0514403],[85.9536697,20.0515332],[85.9537278,20.051638],[85.9537765,20.0517515],[85.9538263,20.0518807]]}},{"type":"Feature","properties":{"id":866934783,"highway":"residential"},"geometry":{"type":"LineString","coordinates":[[85.9513758,20.0515006],[85.9514975,20.0514883],[85.9515303,20.0514818],[85.9515479,20.0514682],[85.9515592,20.0514469],[85.9515613,20.0514216],[85.9515589,20.051243]]}},{"type":"Feature","properties":{"id":866934784,"highway":"residential"},"geometry":{"type":"LineString","coordinates":[[85.9526995,20.0494437],[85.9527628,20.0495073],[85.9527972,20.0495606],[85.9528117,20.0496106],[85.9528161,20.0496712],[85.9528206,20.0497619],[85.9528239,20.0498078],[85.9528448,20.049943]]}},{"type":"Feature","properties":{"id":866934786,"highway":"residential"},"geometry":{"type":"LineString","coordinates":[[85.9525976,20.0503902],[85.9525587,20.0502238],[85.9525529,20.0501967],[85.9525554,20.0501748],[85.9525696,20.0501623],[85.9525922,20.0501571],[85.9527004,20.0501466],[85.9527327,20.0501415],[85.9528034,20.0501305],[85.9528665,20.0501192],[85.9529406,20.0501043]]}},{"type":"Feature","properties":{"id":866934787,"highway":"residential"},"geometry":{"type":"LineString","coordinates":[[85.9526613,20.0499644],[85.9527004,20.0501466]]}},{"type":"Feature","properties":{"id":866934788,"highway":"residential"},"geometry":{"type":"LineString","coordinates":[[85.9516739,20.0523039],[85.9519217,20.0522559],[85.9520391,20.0522387],[85.9522092,20.0522164],[85.9523299,20.0522029],[85.9524148,20.0522018],[85.9525188,20.0522041],[85.9525439,20.0522142],[85.9525594,20.0522378],[85.952575,20.0522793],[85.9525941,20.0522973],[85.9526288,20.0523006],[85.9526706,20.0522984],[85.9526957,20.052304],[85.9527077,20.0523209],[85.952715,20.052352],[85.9527273,20.0523701],[85.9527495,20.052377],[85.9527889,20.0523747],[85.9528296,20.052368],[85.9528559,20.0523714],[85.9528762,20.0523849],[85.9528893,20.0524051],[85.952949,20.0525505],[85.9529657,20.0525807],[85.9529927,20.0525988],[85.9530236,20.0526024],[85.9530596,20.0525964],[85.9531034,20.0525771],[85.953232,20.0525142],[85.9532745,20.0524876],[85.9533967,20.0524006],[85.9534713,20.0523426],[85.9535356,20.052281],[85.9536244,20.052172],[85.9537132,20.0520558]]}},{"type":"Feature","properties":{"id":866936852,"highway":"residential"},"geometry":{"type":"LineString","coordinates":[[85.9531529,20.0561915],[85.9534541,20.056114],[85.9535211,20.0560904],[85.9535378,20.0560747],[85.9535462,20.0560477],[85.9535688,20.0557781],[85.9535777,20.0557593],[85.9536011,20.05575],[85.953631,20.05575],[85.9538332,20.0557656],[85.9538587,20.0557593],[85.9538754,20.0557458],[85.9538865,20.055726],[85.9539176,20.0556467],[85.953932,20.055631],[85.9539498,20.0556206],[85.9539797,20.0556161],[85.9540986,20.0556016]]}},{"type":"Feature","properties":{"id":866936853,"highway":"residential"},"geometry":{"type":"LineString","coordinates":[[85.9570376,20.0637596],[85.9575267,20.0636111]]}},{"type":"Feature","properties":{"id":866942675,"highway":"tertiary"},"geometry":{"type":"LineString","coordinates":[[85.9597404,20.0700725],[85.9597906,20.0701488]]}},{"type":"Feature","properties":{"id":866942676,"highway":"tertiary"},"geometry":{"type":"LineString","coordinates":[[85.9597906,20.0701488],[85.9598805,20.0702854],[85.9599062,20.070326],[85.9599222,20.0703574],[85.9599325,20.0703992],[85.9599351,20.0704425],[85.9599244,20.0705119],[85.9599067,20.0705748],[85.959831,20.0707995],[85.9597904,20.0709048],[85.9594205,20.0719549],[85.9592889,20.0723238],[85.959262,20.0724449],[85.9592486,20.0725357],[85.9592486,20.0726189],[85.9592594,20.0726883],[85.9592889,20.0727917],[85.9593922,20.073016],[85.9594336,20.0730989],[85.9595369,20.0732936],[85.9596168,20.0734175],[85.9596698,20.0734831],[85.9597059,20.0735147],[85.9597734,20.0735539],[85.9602109,20.073759],[85.9607127,20.07398],[85.9610868,20.0741406],[85.9612441,20.0742115],[85.9613734,20.0742756],[85.9614986,20.0743457],[85.961599,20.0744128],[85.9618109,20.0745644],[85.9619033,20.0746541],[85.9619619,20.0747152],[85.9620012,20.0747717],[85.9621377,20.0749791],[85.9624411,20.0755114],[85.962682,20.0759013],[85.9627255,20.0759647],[85.9627511,20.0760109],[85.9627539,20.0760526],[85.9627442,20.076089],[85.9626797,20.0761906],[85.9626555,20.0762394],[85.9626437,20.0762739],[85.9626395,20.0763162],[85.9626444,20.0763533],[85.9627483,20.0765682],[85.9627957,20.0766678],[85.9628502,20.0767908],[85.9628779,20.0768357],[85.9629043,20.0768631],[85.9630554,20.0769776],[85.9633047,20.0771373],[85.9633607,20.0771763],[85.9634753,20.0772926]]}},{"type":"Feature","properties":{"id":866942677,"highway":"residential"},"geometry":{"type":"LineString","coordinates":[[85.951769,20.0498125],[85.9521241,20.0497769],[85.9521732,20.0497699],[85.9522422,20.0497599],[85.952322,20.049755],[85.9523734,20.0497617],[85.9524168,20.0497799],[85.9524593,20.0498144],[85.9524934,20.0498534],[85.9525227,20.0499024],[85.9525403,20.0499257],[85.952567,20.0499445],[85.9526119,20.0499581],[85.9526613,20.0499644],[85.9527261,20.0499606],[85.9528062,20.0499494],[85.9528448,20.049943],[85.952879,20.0499365],[85.9529329,20.0499214],[85.9531121,20.0498595],[85.9531841,20.0498269],[85.9532486,20.0497924],[85.9532949,20.0497712],[85.9533558,20.0497472],[85.953493,20.0497089],[85.9536477,20.0496658],[85.9541389,20.0495256],[85.955244,20.0492369],[85.9558597,20.0490648]]}},{"type":"Feature","properties":{"id":867156888,"highway":"primary"},"geometry":{"type":"LineString","coordinates":[[85.9985131,20.0648754],[85.9983908,20.0649367],[85.9982344,20.0649952],[85.9980188,20.0650644],[85.9978712,20.0651007],[85.997649,20.0651356],[85.9975385,20.0651489],[85.9973794,20.0651691],[85.9970888,20.0651921],[85.99698,20.065207],[85.9965257,20.0652503],[85.9963748,20.0652631],[85.9963084,20.0652644],[85.9960983,20.0652886],[85.9959009,20.0653024],[85.9953049,20.065352],[85.9951063,20.0653714],[85.9948183,20.0653999],[85.9947491,20.065407],[85.9946762,20.0654137],[85.9941579,20.0654703],[85.9939932,20.0654838],[85.9938525,20.0655039],[85.9936114,20.0655486],[85.99349,20.0655688],[85.993271,20.0656339],[85.9931246,20.0656718],[85.9927536,20.0657829],[85.9923825,20.0658963],[85.9916281,20.0661617],[85.9908649,20.0664152],[85.9904661,20.066541],[85.9902282,20.066624],[85.9894626,20.0668914],[85.9891515,20.0670096],[85.9889239,20.0670946],[85.9881221,20.0673802],[85.9879732,20.0674333],[85.9878983,20.067454],[85.9873842,20.0676486],[85.9869159,20.067825],[85.9866049,20.067939],[85.9860171,20.068157],[85.9856829,20.0682789],[85.9855382,20.0683284],[85.9851153,20.0684865],[85.9843061,20.0688012],[85.983797,20.0689864],[85.9837363,20.0690047],[85.9831851,20.0691984],[85.9826518,20.0693646],[85.9825519,20.0694023],[85.9825061,20.0694193]]}},{"type":"Feature","properties":{"id":867156889,"highway":"primary"},"geometry":{"type":"LineString","coordinates":[[85.9825061,20.0694193],[85.9823892,20.0694595]]}},{"type":"Feature","properties":{"id":867158707,"highway":"unclassified"},"geometry":{"type":"LineString","coordinates":[[85.9868144,20.0520672],[85.9868791,20.0520238],[85.9869238,20.0519953],[85.9869831,20.051971],[85.9870912,20.0519421],[85.9872376,20.0519092],[85.9874071,20.0518789],[85.9875769,20.0518609],[85.9892869,20.0517445],[85.9899014,20.0517029],[85.9903564,20.0516698],[85.9904457,20.0516586],[85.9907822,20.0515902],[85.9908949,20.0515634],[85.9909541,20.0515538],[85.9910273,20.0515408],[85.9910927,20.0515372],[85.99121,20.0515447],[85.9913204,20.0515494],[85.9914223,20.0515521],[85.9915371,20.0515489],[85.9917753,20.0515454],[85.9919477,20.0515393],[85.9929998,20.0515035],[85.9933211,20.0514995],[85.9937173,20.051499],[85.9940752,20.0515062],[85.9944964,20.0515187],[85.9949808,20.0515325],[85.9953069,20.0515373],[85.9958415,20.0515446],[85.9960926,20.0515553],[85.9963848,20.0515686],[85.9968869,20.0515822],[85.9973946,20.0515985],[85.9978981,20.0516083],[85.9984413,20.0516137],[85.9987859,20.0516084],[85.9991854,20.0515954],[86.0001297,20.0515719],[86.0006176,20.0515645]]}},{"type":"Feature","properties":{"id":867158708,"highway":"residential"},"geometry":{"type":"LineString","coordinates":[[85.9908949,20.0515634],[85.9908492,20.0517474],[85.9908369,20.0518154],[85.9908305,20.0518925],[85.9908275,20.0519876],[85.9908316,20.0520428],[85.9908456,20.052078],[85.9908688,20.0521047],[85.9909125,20.0521237],[85.9909745,20.0521352],[85.9910946,20.0521489],[85.9912522,20.0521653],[85.9913001,20.0521765],[85.9913397,20.0521936],[85.9914006,20.0522337],[85.9914798,20.0523253],[85.991524,20.0523782],[85.9915484,20.0524183],[85.9915636,20.0524627],[85.9915713,20.0525428],[85.991588,20.0527575],[85.9916002,20.0527962],[85.9916398,20.0528677],[85.9916733,20.052935],[85.9917008,20.0530123],[85.9917422,20.0531547]]}},{"type":"Feature","properties":{"id":867158709,"highway":"residential"},"geometry":{"type":"LineString","coordinates":[[85.9898729,20.0509624],[85.9898828,20.0512834],[85.9899014,20.0517029]]}},{"type":"Feature","properties":{"id":867158710,"highway":"unclassified"},"geometry":{"type":"LineString","coordinates":[[85.9906051,20.0363828],[85.9905797,20.0364096],[85.9905467,20.0364348],[85.9905015,20.0364555],[85.9903658,20.0365118],[85.9903495,20.0365327],[85.9903393,20.036549],[85.9903243,20.0365921],[85.9902998,20.0367483],[85.9902864,20.0367931],[85.9902619,20.036831],[85.9902143,20.0368849],[85.990125,20.0369653],[85.9900847,20.036994],[85.9900701,20.0370124],[85.9900615,20.0370399],[85.9900456,20.0371995],[85.9900432,20.0372592],[85.9900456,20.037312],[85.9900709,20.0375051],[85.9900786,20.0375635],[85.9901397,20.0378333],[85.9901678,20.0379217],[85.990257,20.038164],[85.9902876,20.0382685],[85.9902986,20.0383259],[85.9903071,20.0383879],[85.9903157,20.0384637],[85.9903145,20.0386749],[85.9902986,20.0390354],[85.9902827,20.0394407],[85.9902668,20.0398908],[85.9902473,20.0401205],[85.9902192,20.0403696],[85.9901862,20.0406727],[85.9901654,20.040838],[85.9901568,20.0409081],[85.9901446,20.0409655],[85.9901202,20.041047],[85.9900884,20.0411136],[85.9900334,20.0412077],[85.9899332,20.0413363],[85.9896777,20.041628],[85.9894859,20.0418599],[85.9892757,20.0421435],[85.9890887,20.0424076],[85.9889347,20.0426429],[85.9887746,20.0428714],[85.9885375,20.0432239],[85.9883077,20.0435729],[85.9880368,20.0439878]]}},{"type":"Feature","properties":{"id":867158711,"highway":"residential"},"geometry":{"type":"LineString","coordinates":[[85.9843659,20.0520195],[85.9844307,20.0517727],[85.9844912,20.051541]]}},{"type":"Feature","properties":{"id":867158713,"highway":"secondary"},"geometry":{"type":"LineString","coordinates":[[85.9766139,20.0502457],[85.9771365,20.0503266],[85.9774133,20.0503696],[85.9777047,20.0504149],[85.9782317,20.0504967],[85.9795506,20.0507046],[85.9797714,20.0507424],[85.9807726,20.0508924],[85.982063,20.0510866],[85.9828717,20.0512137],[85.9832511,20.0512762],[85.9841432,20.0514569],[85.9842801,20.0514888],[85.9844912,20.051541],[85.9850147,20.0516539],[85.9852302,20.0516978],[85.9861046,20.0518993],[85.9864991,20.0519949],[85.9868144,20.0520672],[85.9872092,20.052154],[85.9883343,20.0524056],[85.9890849,20.0525676],[85.9894513,20.0526466],[85.9895716,20.0526726],[85.9904776,20.0528799],[85.990842,20.0529632],[85.9917422,20.0531547],[85.9917864,20.0531643],[85.991982,20.053207],[85.9930953,20.053457],[85.9934238,20.0535243],[85.9935189,20.0535409],[85.9937101,20.0535788],[85.9939775,20.0536398],[85.9943059,20.0537148],[85.9949815,20.0538701],[85.9955728,20.0540013],[85.9956192,20.0540116],[85.9963502,20.054189],[85.996568,20.0542354],[85.9969004,20.0542962],[85.997026,20.0543164],[85.9971824,20.0543304],[85.9973315,20.054339],[85.9975037,20.0543361],[85.9976723,20.0543236],[85.9978844,20.0542995],[85.9984194,20.0542387],[85.9984434,20.054236],[85.9989664,20.0541761],[85.9995128,20.0541128],[86.0001214,20.0540426],[86.0002607,20.0540264],[86.0003502,20.0540161],[86.0005678,20.0539908],[86.0006244,20.0539843]]}},{"type":"Feature","properties":{"id":867158714,"highway":"secondary"},"geometry":{"type":"LineString","coordinates":[[85.9765221,20.0502306],[85.9766139,20.0502457]]}},{"type":"Feature","properties":{"id":867162506,"highway":"residential"},"geometry":{"type":"LineString","coordinates":[[85.9797714,20.0507424],[85.9798441,20.0509054],[85.9799103,20.0510407],[85.980036,20.0512646],[85.9801961,20.0515424],[85.9803225,20.0517957],[85.9804016,20.0519816],[85.9804505,20.052126],[85.9804948,20.0522777],[85.9805486,20.0524735]]}},{"type":"Feature","properties":{"id":867162507,"highway":"residential"},"geometry":{"type":"LineString","coordinates":[[85.9830477,20.05261],[85.9831794,20.0525801],[85.9832101,20.0525641],[85.9832419,20.0525428],[85.9833066,20.0524863],[85.9833293,20.0524724],[85.9833623,20.0524585],[85.9833861,20.0524521],[85.9834781,20.0524468],[85.9837268,20.0524383]]}},{"type":"Feature","properties":{"id":867162508,"highway":"residential"},"geometry":{"type":"LineString","coordinates":[[85.9850147,20.0516539],[85.9849269,20.0517268],[85.984864,20.0517682],[85.9847611,20.0518246],[85.984624,20.051896],[85.9843659,20.0520195],[85.98432,20.0520457],[85.9841629,20.0521352],[85.9840172,20.0522183],[85.983876,20.052312],[85.9837838,20.0523773],[85.9837484,20.0524084],[85.9837268,20.0524383],[85.9837211,20.0524703],[85.9837223,20.052514],[85.9837518,20.0527903],[85.9837631,20.0528426],[85.9838313,20.0530506],[85.9838835,20.0532148],[85.9838937,20.0532575],[85.9839051,20.0533226],[85.9839198,20.0534453],[85.9839289,20.0536373],[85.9839278,20.053793],[85.9839232,20.0538293],[85.9839153,20.0538602],[85.9838949,20.0538847],[85.9838676,20.0539007],[85.9838142,20.0539199],[85.9836496,20.0539733],[85.9835621,20.054001],[85.9833997,20.0540618],[85.9832362,20.054145],[85.9830909,20.0542176],[85.9829773,20.0542656],[85.9827298,20.0543754],[85.9825776,20.054465],[85.9825144,20.0545128],[85.9824493,20.0545678],[85.9823889,20.0546291],[85.9822841,20.054718],[85.9822031,20.0547867],[85.9820944,20.0548789],[85.9820349,20.0549348],[85.9819868,20.0549787],[85.9819443,20.0550119],[85.9819019,20.0550412],[85.9816246,20.0552038],[85.9814644,20.0552978],[85.9810893,20.0555225],[85.9809194,20.0556249],[85.980884,20.0556382],[85.9808458,20.0556435],[85.9808133,20.0556409],[85.9807878,20.0556249],[85.980751,20.0555864],[85.9806519,20.0554826],[85.9805471,20.0553882],[85.980499,20.0553404],[85.9804537,20.0552752],[85.9802442,20.0549534],[85.9801083,20.0547459],[85.9800814,20.0546967],[85.9800658,20.0546555],[85.9800545,20.054593],[85.9800064,20.0543204],[85.9799696,20.0541662],[85.9799512,20.0541077],[85.9799299,20.0540638],[85.9798436,20.0539135],[85.9797997,20.0538231],[85.9797586,20.053726],[85.9797303,20.0536063],[85.9797006,20.0535159],[85.9795746,20.053214],[85.9795576,20.0531436],[85.9795548,20.0531103],[85.9795647,20.0530771],[85.979593,20.0530491],[85.979644,20.0530079],[85.9799908,20.0527353],[85.9800743,20.0526702],[85.9801408,20.0526369],[85.9802697,20.0525824],[85.9804056,20.0525345],[85.9805075,20.0524933],[85.9805486,20.0524735],[85.9806575,20.0524321],[85.9807241,20.0524069],[85.980758,20.0524042],[85.9807811,20.0524114],[85.9808019,20.0524228],[85.9809776,20.05254],[85.9809939,20.0525515],[85.9810088,20.0525667],[85.981019,20.0525836],[85.9810426,20.0526476],[85.9810624,20.0526888],[85.9810775,20.0527051],[85.9810978,20.0527194],[85.9811256,20.052729],[85.9811544,20.0527366],[85.9812563,20.0527473],[85.9812781,20.0527535],[85.9812988,20.0527646],[85.9813174,20.0527838],[85.9813279,20.0528033],[85.9813825,20.0529542],[85.9813963,20.0529767],[85.9814177,20.0529885],[85.9814434,20.0529933],[85.9814758,20.052992],[85.9817262,20.0529448],[85.9819604,20.0529006]]}},{"type":"Feature","properties":{"id":867162509,"highway":"residential"},"geometry":{"type":"LineString","coordinates":[[85.9817262,20.0529448],[85.9815916,20.0523135]]}},{"type":"Feature","properties":{"id":867162511,"highway":"residential"},"geometry":{"type":"LineString","coordinates":[[85.9849947,20.0575072],[85.9849822,20.0574594],[85.9849721,20.0574346],[85.9849481,20.0574304],[85.9849183,20.0574276],[85.9846867,20.0574168],[85.9844994,20.057411],[85.9844519,20.0574052],[85.9844112,20.0573924],[85.984381,20.0573772],[85.9843563,20.0573586],[85.9843252,20.0573283],[85.9842195,20.0571786],[85.984098,20.0570032],[85.9838673,20.056664],[85.9833958,20.056008],[85.9833042,20.055893],[85.983211,20.0557695],[85.9830813,20.0555836],[85.9828794,20.0552947],[85.9827763,20.0551462],[85.9826817,20.0550084],[85.9825969,20.0548958],[85.9823889,20.0546291]]}},{"type":"Feature","properties":{"id":867162515,"highway":"residential"},"geometry":{"type":"LineString","coordinates":[[85.9808458,20.0556435],[85.9808509,20.0556817],[85.9808602,20.0557151],[85.9808773,20.0557435],[85.9809141,20.0557805],[85.9809996,20.0558745],[85.981014,20.0559004],[85.9810233,20.0559424],[85.9810548,20.0563353]]}},{"type":"Feature","properties":{"id":867162516,"highway":"residential"},"geometry":{"type":"LineString","coordinates":[[85.9816246,20.0552038],[85.9817009,20.055389],[85.9817335,20.0554568],[85.9817774,20.055526],[85.9818662,20.0556506],[85.9818779,20.0556706],[85.9819014,20.0557138],[85.9819911,20.0559156],[85.9820071,20.0559477],[85.9821538,20.0562227],[85.9821735,20.0562504],[85.9821981,20.0562687],[85.9822788,20.0562986],[85.9823253,20.0563193],[85.9823509,20.0563445],[85.9823546,20.0563629],[85.9823473,20.0563836],[85.9823253,20.0564065],[85.9822385,20.0564685],[85.9819733,20.0566453]]}},{"type":"Feature","properties":{"id":867164276,"highway":"unclassified"},"geometry":{"type":"LineString","coordinates":[[85.9797829,20.058627],[85.9799426,20.0584836]]}},{"type":"Feature","properties":{"id":867164277,"highway":"unclassified"},"geometry":{"type":"LineString","coordinates":[[85.9689771,20.0628465],[85.9690606,20.062846]]}},{"type":"Feature","properties":{"id":867164278,"highway":"unclassified"},"geometry":{"type":"LineString","coordinates":[[85.9690606,20.062846],[85.9690842,20.0628367],[85.9690964,20.0628116],[85.9691296,20.0624755],[85.9691556,20.0622766],[85.9691711,20.0621737],[85.9691932,20.0620831],[85.9692186,20.0619972],[85.9692473,20.0619236],[85.9692669,20.0618629],[85.9694216,20.0616182],[85.9694673,20.0615316],[85.9695129,20.0614234],[85.9695643,20.0613268],[85.9696075,20.0612717],[85.9696736,20.0612066],[85.9698706,20.0610554],[85.9700759,20.0609088],[85.9701827,20.0608319],[85.9703207,20.0607319],[85.9705012,20.0605892],[85.9705882,20.0605276],[85.9706825,20.0604702],[85.9708839,20.0603602],[85.9710994,20.0602534],[85.971188,20.0602189],[85.9713184,20.060181],[85.9719684,20.0600227],[85.9720831,20.0600064],[85.9722176,20.0600067],[85.972334,20.0600132],[85.9724835,20.0600234],[85.9725719,20.0600292],[85.9726463,20.060034],[85.9728798,20.0600527],[85.9729721,20.0600677],[85.9731232,20.0601045],[85.9732104,20.0601182],[85.9733111,20.0601228],[85.9734772,20.0601152],[85.973677,20.0600976],[85.9737503,20.0600985],[85.9738795,20.0600582],[85.9740123,20.0600318],[85.9741491,20.0600205],[85.9746779,20.0600193],[85.9747757,20.0600152],[85.9748529,20.0600182],[85.9749399,20.0600326],[85.9750406,20.0600454],[85.9751075,20.0600411],[85.9752664,20.0599998],[85.9753128,20.0600009],[85.9753594,20.0600128],[85.9753943,20.0600391],[85.975419,20.0600665],[85.9755148,20.0602143],[85.975534,20.0602349],[85.9755667,20.0602455],[85.9756064,20.060246],[85.9758152,20.0602323],[85.9759157,20.0602266],[85.9760058,20.0602146],[85.9761002,20.0601917],[85.9761931,20.0601631],[85.9763041,20.0601175],[85.9764072,20.060063],[85.9764871,20.0600232],[85.976565,20.0599912],[85.9766372,20.0599788],[85.9766862,20.05998],[85.976733,20.059989],[85.9767547,20.0600004],[85.9767715,20.0600145],[85.9767918,20.060041],[85.9768571,20.0601496],[85.9768729,20.0601678],[85.9768941,20.0601836],[85.9769197,20.0601894],[85.9769541,20.0601894],[85.9769832,20.0601786],[85.9770071,20.0601587],[85.9770274,20.0601355],[85.9771103,20.0600087],[85.9771579,20.0599432],[85.9771818,20.05992],[85.9772188,20.0598885],[85.9772479,20.0598744],[85.9773071,20.0598595],[85.9776529,20.0598065],[85.9777006,20.0597957],[85.9777438,20.0597799],[85.9777897,20.0597584],[85.9778453,20.0597227],[85.9778806,20.0596904],[85.9779132,20.0596498],[85.9779326,20.059615],[85.9779441,20.0595752],[85.9779468,20.0595412],[85.9779512,20.0593581],[85.9779547,20.0593224],[85.9779635,20.0592851],[85.978035,20.0590953],[85.9780571,20.059058],[85.9780985,20.0590008],[85.9781656,20.0589387],[85.9782618,20.0588724],[85.9783853,20.0587986],[85.9784656,20.0587621],[85.9785547,20.0587381],[85.9786438,20.0587224],[85.9787603,20.0587124],[85.9788388,20.0587166],[85.9788935,20.058724],[85.9789535,20.0587398],[85.9791044,20.0587961],[85.9791609,20.0588086],[85.979205,20.0588144],[85.97928,20.0588144],[85.9794159,20.0588027],[85.9795112,20.0587895],[85.9795588,20.0587771],[85.9796144,20.0587547],[85.979655,20.0587323],[85.9797176,20.0586826],[85.9797829,20.058627]]}},{"type":"Feature","properties":{"id":867165825,"highway":"unclassified"},"geometry":{"type":"LineString","coordinates":[[85.9917864,20.0531643],[85.9917497,20.0534668],[85.9917304,20.0536254],[85.991708,20.053821],[85.9916991,20.0538998],[85.9916946,20.0539754],[85.9916991,20.0540426],[85.9917259,20.0542889],[85.9917915,20.0546599],[85.9918481,20.055021],[85.9918615,20.0551115],[85.9918973,20.0554325],[85.9919122,20.0555977],[85.9919503,20.0561034],[85.9919563,20.056187],[85.9919703,20.0563004],[85.9920105,20.0567763],[85.9920165,20.0569065],[85.9920269,20.0569863],[85.9920403,20.0570506],[85.9920642,20.057143],[85.9921779,20.0576535]]}},{"type":"Feature","properties":{"id":867165826,"highway":"residential"},"geometry":{"type":"LineString","coordinates":[[85.9920165,20.0569065],[85.9917061,20.0569456],[85.991092,20.057023],[85.9910512,20.0570254],[85.9910054,20.0570283],[85.9909746,20.0570185],[85.9909669,20.0569913],[85.9909544,20.0569075],[85.9909119,20.0566716],[85.9908549,20.056346],[85.9908517,20.0563183],[85.9908595,20.0562974],[85.9908761,20.0562849],[85.990905,20.0562776],[85.9914514,20.056238],[85.991748,20.0562223],[85.9918013,20.056216],[85.9919563,20.056187]]}},{"type":"Feature","properties":{"id":867165829,"highway":"residential"},"geometry":{"type":"LineString","coordinates":[[85.9904776,20.0528799],[85.9904819,20.0531052],[85.9904866,20.0531916],[85.9905058,20.0533836],[85.9905064,20.0534214],[85.9905034,20.0534406],[85.9904932,20.0534588],[85.9904727,20.0534806],[85.9904568,20.0535004],[85.9904507,20.0535176],[85.9904496,20.053536],[85.9904544,20.0535633],[85.9904793,20.0536551],[85.9904834,20.0536813],[85.9904772,20.0537007],[85.9904597,20.0537113],[85.9903885,20.0537414]]}},{"type":"Feature","properties":{"id":867169388,"highway":"residential"},"geometry":{"type":"LineString","coordinates":[[85.9748529,20.0600182],[85.9748592,20.0599058],[85.9748592,20.0598642],[85.9748556,20.059816],[85.9748436,20.0597452],[85.9748263,20.0596576],[85.9747612,20.059396]]}},{"type":"Feature","properties":{"id":867169389,"highway":"residential"},"geometry":{"type":"LineString","coordinates":[[85.9732477,20.0570349],[85.973331,20.0573623],[85.9733964,20.05765],[85.9734866,20.0582867],[85.9735073,20.0584028],[85.973537,20.0585142],[85.9735606,20.0585905],[85.9735993,20.0586867],[85.9737343,20.058996],[85.9737726,20.059094],[85.9737949,20.0591664],[85.9738078,20.0592417],[85.9738184,20.0593449],[85.973817,20.05937],[85.9738136,20.059434],[85.9738074,20.0594837],[85.9737735,20.0597397],[85.9737609,20.059879],[85.9737503,20.0600985]]}},{"type":"Feature","properties":{"id":867169390,"highway":"unclassified"},"geometry":{"type":"LineString","coordinates":[[85.9689316,20.0628479],[85.9689771,20.0628465]]}},{"type":"Feature","properties":{"id":867169391,"highway":"residential"},"geometry":{"type":"LineString","coordinates":[[85.9653487,20.0628089],[85.9652724,20.0628659],[85.9651664,20.062948],[85.9650686,20.0630221],[85.9649861,20.0630746],[85.9648393,20.0631508],[85.9647569,20.0631863],[85.9646981,20.0632059],[85.9646562,20.0632112],[85.9645779,20.0632086],[85.9645318,20.0632151],[85.9644786,20.0632309],[85.9641515,20.0633504]]}},{"type":"Feature","properties":{"id":867169392,"highway":"unclassified"},"geometry":{"type":"LineString","coordinates":[[85.9645906,20.0604303],[85.9646514,20.0605664],[85.9646955,20.060672],[85.9647626,20.0609236],[85.9647843,20.0609966],[85.9648457,20.0612037],[85.9648585,20.0612467],[85.9649093,20.0614221],[85.9649382,20.0615046],[85.9649512,20.0615352],[85.9649795,20.0616018],[85.965032,20.0617191],[85.9651333,20.0619296],[85.9651975,20.0620841],[85.965331,20.0624465],[85.9653533,20.0625382],[85.9653655,20.0626167],[85.9653635,20.0626981],[85.9653538,20.0627606],[85.9653487,20.0628089],[85.965372,20.0628464],[85.9654144,20.062878],[85.9657492,20.063072],[85.9660561,20.0632408],[85.9663319,20.063383],[85.9665222,20.0634755],[85.9666129,20.0635118],[85.9666884,20.0635235],[85.966764,20.0635163],[85.9668483,20.0634879]]}},{"type":"Feature","properties":{"id":867169393,"highway":"unclassified"},"geometry":{"type":"LineString","coordinates":[[85.9737503,20.0600985],[85.9737619,20.0601868],[85.973768,20.0602993],[85.9737793,20.0603614],[85.9738048,20.0604973],[85.9738325,20.0605963],[85.9738719,20.0606953],[85.9739113,20.0607844],[85.9739402,20.0608562],[85.973953,20.0609095],[85.9739553,20.0609617],[85.9739495,20.0610368],[85.973931,20.0611575],[85.9739124,20.0612391],[85.973912,20.0612933],[85.973931,20.0613685],[85.9739842,20.0615088],[85.97402,20.0616176],[85.9741208,20.0619242],[85.9742517,20.0622799],[85.9742783,20.0623734],[85.9742899,20.0624376],[85.9742957,20.0625017],[85.9742922,20.062592],[85.9742891,20.0626277],[85.9742869,20.0626533],[85.9742714,20.0628334],[85.974269,20.0628965],[85.9742702,20.0629911],[85.974276,20.0631053],[85.9743107,20.0633141],[85.974368,20.0636646],[85.9743733,20.063697],[85.974423,20.0640243],[85.9744346,20.0641342],[85.9744578,20.0643725],[85.9744682,20.06448],[85.9745458,20.065002],[85.9745875,20.0652543],[85.9746396,20.0655045],[85.9747414,20.0659112],[85.9748502,20.0662736],[85.9748723,20.0663473],[85.974929,20.0665246],[85.9749591,20.0665931],[85.9750101,20.0666964],[85.9750853,20.0668128],[85.9752011,20.0669922],[85.9753829,20.0672913],[85.9754408,20.0673772],[85.9755114,20.0674729],[85.9756932,20.0676654],[85.9759398,20.0678971],[85.9761308,20.0680646],[85.9762906,20.0682288],[85.9763462,20.0682897],[85.976374,20.068331],[85.9763844,20.0683647],[85.9763856,20.0684039]]}},{"type":"Feature","properties":{"id":867172444,"highway":"residential"},"geometry":{"type":"LineString","coordinates":[[85.9720831,20.0600064],[85.9721194,20.0599624],[85.9721418,20.0599402],[85.9722565,20.0598559],[85.9722914,20.0598395],[85.9724222,20.059795],[85.9724621,20.0597786],[85.9725219,20.0597459],[85.972575,20.0597072],[85.9725947,20.0596811],[85.9726028,20.0596495],[85.9726155,20.0596278],[85.9726375,20.0596115],[85.9726746,20.059593],[85.972729,20.0595789],[85.9731701,20.0594864],[85.9733322,20.0594527],[85.9734874,20.0594222],[85.9736008,20.0594027],[85.9736703,20.0593918],[85.973817,20.05937]]}},{"type":"Feature","properties":{"id":867172448,"highway":"residential"},"geometry":{"type":"LineString","coordinates":[[85.9692669,20.0618629],[85.9692421,20.0617756],[85.9692326,20.0616934],[85.9692352,20.0615865],[85.969272,20.0613596],[85.9693108,20.0611231],[85.969354,20.0607658],[85.9693623,20.0605793],[85.9693504,20.0604155],[85.9692963,20.059849],[85.9692433,20.059258],[85.9692029,20.0587964],[85.9691642,20.058329],[85.9691387,20.0577338],[85.9691213,20.0571917],[85.9691165,20.056812],[85.9691277,20.056656],[85.9691534,20.0565282],[85.9691863,20.056421],[85.9693323,20.0560692],[85.9693919,20.0559358],[85.9694387,20.0558479],[85.969488,20.0557667],[85.9696216,20.0555567],[85.9697709,20.055315],[85.969855,20.0551708],[85.9699262,20.0550277],[85.969991,20.0548793],[85.9700559,20.0547241],[85.9701137,20.0545728],[85.9701715,20.0544079],[85.9701989,20.0543086],[85.9702262,20.0541975],[85.9702588,20.0539478],[85.9702969,20.0536804],[85.9703326,20.0535067],[85.9703621,20.053305],[85.9703818,20.0530313],[85.9703871,20.0527661],[85.9703719,20.0523923],[85.970346,20.0520827],[85.9703137,20.0517169],[85.9702957,20.051561],[85.9702722,20.0514248],[85.9702594,20.051355],[85.9703114,20.0513094],[85.9704011,20.0512534],[85.9706417,20.0511066],[85.9707918,20.0509816],[85.9708829,20.050908],[85.9715954,20.0503597],[85.9716993,20.050298],[85.9718049,20.0502489],[85.9721789,20.0501018],[85.9724626,20.0499876],[85.9725384,20.0499548],[85.9726138,20.0499133],[85.9726879,20.049866],[85.972765,20.0498079],[85.9728615,20.0497267],[85.9729175,20.0496753]]}},{"type":"Feature","properties":{"id":867174936,"highway":"unclassified"},"geometry":{"type":"LineString","coordinates":[[85.9763856,20.0684039],[85.9763538,20.0685033]]}},{"type":"Feature","properties":{"id":867174937,"highway":"unclassified"},"geometry":{"type":"LineString","coordinates":[[85.9763538,20.0685033],[85.9763483,20.0685291],[85.9763563,20.0685557],[85.9763753,20.0685857],[85.9763938,20.0686082],[85.9765569,20.0687693],[85.9766773,20.0688737],[85.9768545,20.0690129],[85.9770502,20.0691466],[85.9773303,20.0693413],[85.9776696,20.069573],[85.9778792,20.0697285],[85.9779625,20.0698057],[85.9780077,20.0698568],[85.9781235,20.0700188],[85.9782775,20.0702766],[85.9784907,20.0706513]]}},{"type":"Feature","properties":{"id":867174938,"highway":"residential"},"geometry":{"type":"LineString","coordinates":[[85.973912,20.0612933],[85.9737939,20.0612827],[85.9737322,20.0612728],[85.973678,20.0612601],[85.9736103,20.0612473],[85.9735231,20.0612389],[85.9734584,20.0612346],[85.9731544,20.0612374],[85.9727346,20.0612586],[85.9724593,20.0612827],[85.9724096,20.0612926],[85.9723494,20.0613081],[85.9723043,20.0613279],[85.9722822,20.0613379],[85.9721764,20.0613858],[85.9721042,20.0614141],[85.9720154,20.061441],[85.9719186,20.061471],[85.9717406,20.0615258],[85.9716182,20.0615569],[85.9715204,20.0615724],[85.9714512,20.0615724],[85.9713564,20.0615526],[85.9712646,20.0615187],[85.9711593,20.0614749]]}},{"type":"Feature","properties":{"id":867174939,"highway":"residential"},"geometry":{"type":"LineString","coordinates":[[85.97402,20.0616176],[85.9743827,20.0614821],[85.9744371,20.0614641],[85.9744775,20.0614557],[85.9745493,20.0614462],[85.9745908,20.0614367],[85.9746345,20.0614199],[85.974777,20.0613314]]}},{"type":"Feature","properties":{"id":867174940,"highway":"residential"},"geometry":{"type":"LineString","coordinates":[[85.9722822,20.0613379],[85.9723362,20.0615519],[85.9723466,20.0615803],[85.9723581,20.0615998],[85.9723799,20.0616172],[85.9724064,20.0616292],[85.9724485,20.0616364],[85.9725081,20.061638],[85.9725738,20.0616321]]}},{"type":"Feature","properties":{"id":867174941,"highway":"residential"},"geometry":{"type":"LineString","coordinates":[[85.9719186,20.061471],[85.9718423,20.0612543]]}},{"type":"Feature","properties":{"id":867174942,"highway":"residential"},"geometry":{"type":"LineString","coordinates":[[85.9720154,20.061441],[85.9720927,20.0617223]]}},{"type":"Feature","properties":{"id":867174943,"highway":"residential"},"geometry":{"type":"LineString","coordinates":[[85.9717406,20.0615258],[85.971809,20.0617868]]}},{"type":"Feature","properties":{"id":867174945,"highway":"residential"},"geometry":{"type":"LineString","coordinates":[[85.9718296,20.0628879],[85.9718595,20.0628879],[85.9718816,20.0629038],[85.9718959,20.0629391],[85.9719193,20.0629904],[85.97194,20.063005],[85.9719647,20.0630087],[85.9720089,20.0629989],[85.972522,20.0628428],[85.9727363,20.0627769],[85.9727948,20.0627647],[85.972826,20.0627683],[85.9728468,20.0627769],[85.9728701,20.0628061],[85.9728844,20.0628428],[85.9729065,20.0628989],[85.972926,20.062916],[85.9729572,20.0629208],[85.9729962,20.0629123],[85.9734898,20.0627695],[85.9735742,20.06275],[85.9736396,20.0627369],[85.9737861,20.0627188],[85.9740354,20.0626829],[85.9742869,20.0626533]]}},{"type":"Feature","properties":{"id":867179535,"highway":"residential"},"geometry":{"type":"LineString","coordinates":[[85.9742891,20.0626277],[85.9747609,20.0625843]]}},{"type":"Feature","properties":{"id":867180734,"highway":"residential"},"geometry":{"type":"LineString","coordinates":[[85.9829867,20.0723826],[85.9831056,20.0723966],[85.9831877,20.0724098],[85.9832422,20.0724138],[85.9832896,20.0724138],[85.9833371,20.0724092],[85.9833831,20.0723952],[85.983451,20.0723686],[85.9835119,20.0723314],[85.9835409,20.0723015],[85.9835579,20.0722583],[85.9835593,20.0722323],[85.9835494,20.0722031],[85.983458,20.0720765],[85.9832328,20.0717419],[85.9831874,20.0716789],[85.9831591,20.0716554],[85.9831197,20.0716412],[85.9830743,20.0716332],[85.9830388,20.071627],[85.9830052,20.0716085],[85.9829542,20.0715559],[85.9829123,20.0715087],[85.9828879,20.0714636],[85.9828666,20.0714128],[85.9828132,20.0712311],[85.9827972,20.0711896],[85.9827736,20.0711574],[85.9826967,20.0710729],[85.9826578,20.0710379],[85.9826205,20.0710143],[85.9825618,20.0709885],[85.9825337,20.0709685],[85.9825116,20.0709406],[85.9824948,20.0709027],[85.9824811,20.0708619],[85.9824682,20.0708011],[85.9824483,20.0707467],[85.9824134,20.0706595],[85.9821662,20.070079],[85.981988,20.0696567]]}},{"type":"Feature","properties":{"id":867180735,"highway":"unclassified"},"geometry":{"type":"LineString","coordinates":[[85.9809514,20.0698572],[85.9809837,20.0699121],[85.9810657,20.0700514],[85.9811643,20.0702009],[85.9812966,20.0703855],[85.9814416,20.0705798],[85.9816062,20.07081],[85.9816248,20.0708236],[85.9816593,20.0708334],[85.9817313,20.0708416],[85.9817782,20.0708488],[85.9818119,20.0708586],[85.9818397,20.0708762],[85.9818606,20.0709006],[85.9818752,20.0709369],[85.9820194,20.0713959],[85.9820512,20.0715816],[85.9820686,20.0716968],[85.98209,20.0717736],[85.9821617,20.0719561],[85.9822045,20.0720426],[85.9822377,20.0721247],[85.9822443,20.0721711],[85.9822377,20.072213],[85.9822177,20.0722451],[85.9821779,20.0722799],[85.9821396,20.0723146],[85.9821107,20.072359],[85.9821046,20.0723905],[85.9821099,20.0724398],[85.9821335,20.0725057],[85.9822386,20.0726652],[85.9823186,20.0727726],[85.982378,20.0728498],[85.9827655,20.0734624],[85.9828243,20.0735842],[85.9828658,20.0736743],[85.9828942,20.0737243],[85.9829249,20.073751],[85.9829676,20.0737533],[85.9830327,20.0737388],[85.9830777,20.073731],[85.983125,20.0737377],[85.9831818,20.073771],[85.983644,20.0740636],[85.9837578,20.0741431],[85.9838196,20.0741929],[85.9838628,20.0742376],[85.9839034,20.0742981],[85.9839537,20.0743826],[85.9839908,20.0744373],[85.9840552,20.0744962],[85.9841787,20.0745873],[85.9842352,20.0746354],[85.9842872,20.0747025],[85.984439,20.0748766],[85.9845537,20.0749893],[85.9846216,20.0750465],[85.9846728,20.0750829],[85.9847169,20.0751053],[85.9847584,20.0751128],[85.9848263,20.0751045],[85.9849446,20.0750506],[85.9850107,20.0750233],[85.9850619,20.0750141],[85.9850928,20.0750216],[85.9851837,20.0750954],[85.9852323,20.0751324],[85.9854202,20.0752756],[85.9854728,20.0753181],[85.9855376,20.0754031],[85.9859637,20.0759245],[85.9860022,20.0759884],[85.986066,20.0760971],[85.9861745,20.0762589],[85.9863278,20.0764325],[85.9864317,20.0765393],[85.9865645,20.076687],[85.9867591,20.0768951],[85.9869494,20.0771386],[85.9870584,20.0773135],[85.9871802,20.0775029],[85.9872515,20.0776028],[85.9873699,20.0777409],[85.9874385,20.0778081],[85.9874796,20.0778586],[85.9874951,20.0778912],[85.9874966,20.0779191],[85.9874874,20.0779497],[85.9874661,20.0779723],[85.9873465,20.0780746],[85.9870967,20.0782262],[85.9870429,20.0782648],[85.9869247,20.0783698],[85.986679,20.0785865],[85.9864471,20.0787563],[85.9863358,20.0788378],[85.9862528,20.078881],[85.9861198,20.0789481],[85.9860016,20.079],[85.9859138,20.0790438],[85.9858462,20.0790907],[85.9858186,20.0791265],[85.9857962,20.0791809],[85.9857765,20.0792229],[85.9857528,20.0792513],[85.9857186,20.0792766],[85.9855772,20.0793446],[85.9854838,20.0793965],[85.9854293,20.079431],[85.9854062,20.0794607],[85.9854003,20.079486],[85.9854049,20.0795083],[85.9854181,20.0795373],[85.9855477,20.0797221],[85.985581,20.0797781],[85.9855952,20.0798098],[85.9856021,20.0798356],[85.9855999,20.0798624],[85.9855883,20.0798812],[85.985563,20.079907],[85.9853093,20.0800665],[85.9851637,20.0801474],[85.9850708,20.0801916],[85.9849315,20.0802456],[85.9848777,20.0802708],[85.9848521,20.0802961],[85.9848393,20.0803236],[85.9848319,20.0803569],[85.9848307,20.0803873],[85.9848472,20.0804568],[85.9849501,20.0807529],[85.9849661,20.0808158],[85.9849653,20.0808573],[85.9849486,20.0808931],[85.9849196,20.0809167],[85.9847063,20.0809925],[85.9845174,20.081077],[85.9844351,20.0811235],[85.9843681,20.0811685],[85.984343,20.0812057],[85.9843331,20.0812451],[85.9843277,20.0812909],[85.9842782,20.0817123],[85.9842665,20.0818138],[85.984221,20.0822071],[85.9841442,20.0826924],[85.9841319,20.0829768],[85.9841429,20.0831348],[85.9841649,20.0832288],[85.9842001,20.0833104],[85.9843827,20.0836958],[85.9845882,20.0841115],[85.9848198,20.0846651],[85.9850813,20.0854727],[85.9851928,20.0858546],[85.9854895,20.0868706],[85.9856821,20.0876136],[85.9858289,20.0883222],[85.985916,20.088712],[85.9860605,20.0891988],[85.9861118,20.0894478],[85.9861426,20.0896485],[85.9861375,20.0897528],[85.9861118,20.0898283],[85.9860383,20.0899422],[85.9858486,20.0901284],[85.9855061,20.0904323],[85.9847331,20.0914401],[85.9845674,20.0916619],[85.9844813,20.0918471],[85.9844494,20.092172],[85.9844388,20.09229],[85.9844537,20.0923981],[85.9844856,20.0924821],[85.9845389,20.0925342],[85.9856893,20.0926623]]}},{"type":"Feature","properties":{"id":867187727,"highway":"residential"},"geometry":{"type":"LineString","coordinates":[[85.9851749,20.0671247],[85.9852398,20.0672498],[85.9852537,20.0672683],[85.9852746,20.0672759],[85.9852989,20.0672727],[85.985514,20.0671938],[85.9855365,20.0671899],[85.9855561,20.0671965],[85.9855699,20.0672149],[85.9857598,20.0676205],[85.9857739,20.0676503],[85.985958,20.068038],[85.9859813,20.0680856],[85.9860171,20.068157]]}},{"type":"Feature","properties":{"id":867189057,"highway":"unclassified"},"geometry":{"type":"LineString","coordinates":[[85.9879732,20.0674333],[85.9879736,20.0673265],[85.9879736,20.0672413],[85.98798,20.0671758],[85.9880157,20.0668653],[85.9880173,20.0668014],[85.9880189,20.0667025],[85.9879946,20.0663798],[85.9879946,20.0663052],[85.9880011,20.0662489],[85.9880189,20.0661758],[85.9880497,20.0660845],[85.9881259,20.0658882],[85.9881405,20.065841],[85.9881518,20.0657862],[85.9881599,20.0657131],[85.9881648,20.0655183],[85.9881437,20.0650282],[85.9881243,20.0647496],[85.9881113,20.0646431],[85.9881011,20.0645902],[85.9880854,20.0645091],[85.988053,20.0643767],[85.9879962,20.064223],[85.9879071,20.0640205],[85.9878598,20.0639115],[85.9878492,20.0638847],[85.9878277,20.0638232],[85.987805,20.0637466],[85.9877868,20.0636807]]}},{"type":"Feature","properties":{"id":867189061,"highway":"unclassified"},"geometry":{"type":"LineString","coordinates":[[85.9877868,20.0636807],[85.987771,20.0636194]]}},{"type":"Feature","properties":{"id":867189062,"highway":"unclassified"},"geometry":{"type":"LineString","coordinates":[[85.9873995,20.0602739],[85.9874284,20.0602391],[85.9875493,20.0600476],[85.9875702,20.0600312],[85.9875925,20.0600205],[85.9877318,20.0600028],[85.9877881,20.0599927],[85.9878451,20.0599657],[85.9878948,20.0599348],[85.9879497,20.0598819],[85.9880171,20.0597922],[85.9880732,20.0596928],[85.988094,20.0596054],[85.9881165,20.0594698],[85.9881229,20.0594146],[85.9881218,20.0593327],[85.9881147,20.0592654],[85.9881098,20.0592015],[85.9881102,20.0591258],[85.9881157,20.0589723],[85.9881325,20.05881],[85.9881548,20.0586704],[85.9881696,20.0586215],[85.9881975,20.0585674],[85.9882532,20.0585064],[85.9883219,20.058454],[85.9884483,20.0583912],[85.9886489,20.0583092],[85.9889962,20.058201],[85.989104,20.0581602]]}},{"type":"Feature","properties":{"id":867190092,"highway":"residential"},"geometry":{"type":"LineString","coordinates":[[85.983785,20.060022],[85.9838583,20.0602076],[85.983925,20.0603772]]}},{"type":"Feature","properties":{"id":867192522,"highway":"residential"},"geometry":{"type":"LineString","coordinates":[[85.9881011,20.0645902],[85.9885116,20.0645304],[85.9886234,20.0645094],[85.9887545,20.0644758],[85.9888841,20.0644352],[85.9889735,20.0644114],[85.989048,20.0643974],[85.989124,20.0643946],[85.9891807,20.0644002],[85.9892015,20.064417],[85.9892164,20.0644478],[85.9892209,20.0644884],[85.9892566,20.0649559]]}},{"type":"Feature","properties":{"id":867192528,"highway":"residential"},"geometry":{"type":"LineString","coordinates":[[85.9872394,20.0600019],[85.9875702,20.0600312]]}},{"type":"Feature","properties":{"id":867194346,"highway":"residential"},"geometry":{"type":"LineString","coordinates":[[85.9884121,20.0598355],[85.9883704,20.0595727],[85.9883708,20.0595475],[85.9883821,20.0595316],[85.9883977,20.0595211],[85.9884754,20.0594845],[85.9884895,20.0594701],[85.9884953,20.0594468],[85.9884938,20.0594196],[85.9884858,20.0593652]]}},{"type":"Feature","properties":{"id":867196251,"highway":"unclassified"},"geometry":{"type":"LineString","coordinates":[[85.987771,20.0636194],[85.9877566,20.0635521],[85.9877418,20.0634832],[85.9876754,20.0631088],[85.9875895,20.0626887],[85.9875539,20.0625456],[85.9874521,20.0621815],[85.987417,20.0620539],[85.9874086,20.0620037],[85.9874012,20.0619431],[85.9873958,20.0618705],[85.9873922,20.0618045],[85.9873934,20.0617115],[85.9874177,20.0611985],[85.9874194,20.0610615],[85.987421,20.0608591],[85.9874135,20.0605714],[85.9874143,20.0605332],[85.9874113,20.0603857],[85.9874081,20.0603149],[85.9873995,20.0602739],[85.9873632,20.0601878],[85.987314,20.0601116],[85.9872394,20.0600019],[85.9871861,20.0599089],[85.987131,20.0597338],[85.9870986,20.0595588],[85.9870791,20.0594781],[85.9870581,20.0594401],[85.9870224,20.0594172],[85.986977,20.059399],[85.9868717,20.0593853],[85.9865185,20.0593594],[85.9864131,20.0593427],[85.9861911,20.0593092],[85.9860988,20.059297],[85.9859675,20.0592909],[85.9858512,20.0592972],[85.9857147,20.0593076],[85.9855818,20.0593244],[85.9853793,20.0593594],[85.9851621,20.0594157],[85.9849774,20.0594675],[85.984817,20.0595207],[85.9845593,20.0596273],[85.9840618,20.0598632],[85.983785,20.060022],[85.9836114,20.0601296],[85.9835542,20.0601525],[85.9834792,20.0601656],[85.9833885,20.060164],[85.9832577,20.060141],[85.9830868,20.0601247],[85.9829752,20.0601296],[85.9828462,20.0601574],[85.9827502,20.0601722],[85.9826212,20.060182],[85.9821381,20.0601869],[85.98193,20.0601835],[85.9818294,20.060182],[85.9817631,20.0601738],[85.9817003,20.0601492],[85.981648,20.0601132],[85.9816079,20.060069],[85.9815695,20.0599903],[85.9815312,20.0599297],[85.9814841,20.0598838],[85.9814178,20.0598429]]}},{"type":"Feature","properties":{"id":867196252,"highway":"residential"},"geometry":{"type":"LineString","coordinates":[[85.9881229,20.0594146],[85.9882207,20.0594005],[85.9884858,20.0593652],[85.9887147,20.0593297],[85.9888109,20.0593192],[85.9889248,20.0593147],[85.9891862,20.0593267],[85.9893337,20.0593312],[85.9896416,20.0593237],[85.989887,20.0592966],[85.9899237,20.0592926],[85.9900377,20.05928],[85.9902494,20.0592394],[85.9907739,20.0591023],[85.9908653,20.0590857],[85.9911155,20.0590415],[85.9913116,20.0589937],[85.9913609,20.0589707],[85.9914035,20.0589398],[85.9915459,20.0587931],[85.9915942,20.0587627],[85.9916425,20.0587427],[85.991798,20.0586974],[85.9918994,20.0586768],[85.9919953,20.0586706],[85.9925025,20.0587086],[85.9925612,20.0587169],[85.9925945,20.0587402],[85.9926111,20.0587739],[85.9926187,20.0588278],[85.9926174,20.0592751],[85.9926271,20.0593946],[85.9926414,20.0594898],[85.9926987,20.0597216],[85.9927452,20.0599102],[85.9927609,20.0599773],[85.9927791,20.0600553],[85.9928129,20.0602488],[85.9928232,20.0603207],[85.9928291,20.0603864],[85.9928259,20.0604324]]}},{"type":"Feature","properties":{"id":867200099,"highway":"residential"},"geometry":{"type":"LineString","coordinates":[[85.9844912,20.051541],[85.9846158,20.0510184],[85.9847388,20.0504774]]}},{"type":"Feature","properties":{"id":867231005,"highway":"residential"},"geometry":{"type":"LineString","coordinates":[[85.9877881,20.0599927],[85.9878699,20.0600028],[85.9880351,20.0600187],[85.9887487,20.0600111],[85.989225,20.0600036],[85.9896179,20.0599765],[85.9899772,20.0599418],[85.9905513,20.0598756],[85.9908961,20.0598379],[85.9910792,20.0598129],[85.9917927,20.0597101],[85.9919536,20.0597101],[85.9920609,20.0597303],[85.9921725,20.0597634],[85.9923157,20.0598297],[85.992422,20.0599107],[85.9925699,20.060082],[85.9927401,20.060318],[85.9928087,20.0604116],[85.9928259,20.0604324],[85.9928912,20.0605244],[85.9931004,20.0608142],[85.9937037,20.0616047],[85.9937404,20.0616532],[85.9939783,20.0619681],[85.9940291,20.0620378],[85.9941238,20.0621677],[85.9942469,20.0623412],[85.9944048,20.0625665],[85.9945019,20.0626744],[85.9945781,20.0627447],[85.9946608,20.062792],[85.9947171,20.062814],[85.9948031,20.0628305],[85.994889,20.0628371],[85.9952388,20.0628466],[85.9955722,20.0628577],[85.9957091,20.0628665],[85.9958291,20.0628709],[85.9959378,20.0628772],[85.9960669,20.062884],[85.9962588,20.062895],[85.9963271,20.0628947],[85.9964184,20.0628843],[85.9970382,20.0627301],[85.9975492,20.0626072],[85.9976829,20.0625824],[85.9977808,20.0625693],[85.9982836,20.0625165],[85.9987137,20.0624793],[85.9992414,20.0624246],[86.0000639,20.0623445],[86.0001315,20.0623365],[86.000217,20.0623189],[86.0003372,20.0622791],[86.000483,20.0622092],[86.0005704,20.0621583],[86.0006328,20.0621359],[86.0006995,20.0621207],[86.0007732,20.0621123]]}},{"type":"Feature","properties":{"id":867231006,"highway":"unclassified"},"geometry":{"type":"LineString","coordinates":[[85.9955172,20.0581021],[85.9954569,20.0584341],[85.9954289,20.0585941],[85.9953966,20.0587055],[85.9953381,20.0588233],[85.995266,20.0589453],[85.9952387,20.0589916],[85.9951873,20.0591039],[85.9951595,20.0592],[85.9951522,20.0592393],[85.9951408,20.0593011],[85.9951284,20.059477],[85.9951069,20.0596537],[85.9950425,20.0600595],[85.9949876,20.0604562],[85.9949384,20.0608],[85.9949008,20.0611975],[85.9948924,20.0613495],[85.9948762,20.0616725],[85.9948639,20.0618598],[85.9948483,20.0621402],[85.9948257,20.0624656],[85.9948031,20.0628305],[85.9947987,20.062975],[85.9947939,20.0631294],[85.9947834,20.063383],[85.994779,20.0634886],[85.9947743,20.063602],[85.9947599,20.063996],[85.9947512,20.0641653],[85.9947392,20.0643749],[85.9947396,20.0644858],[85.9947442,20.0645841],[85.9947635,20.0648952],[85.9948183,20.0653999]]}},{"type":"Feature","properties":{"id":867231007,"highway":"residential"},"geometry":{"type":"LineString","coordinates":[[85.9947572,20.0654671],[85.9948362,20.0660522],[85.9948665,20.0661974],[85.9949304,20.0664713],[85.9949857,20.0668083]]}},{"type":"Feature","properties":{"id":867231008,"highway":"residential"},"geometry":{"type":"LineString","coordinates":[[85.9964467,20.0579391],[85.9964178,20.057519],[85.996418,20.0574502],[85.996421,20.0573867],[85.9964291,20.0573279],[85.9964396,20.0572781]]}},{"type":"Feature","properties":{"id":867233598,"highway":"residential"},"geometry":{"type":"LineString","coordinates":[[86.0010365,20.0611023],[86.0009392,20.061111],[86.0008251,20.0611197],[86.0006948,20.0611253],[86.0005592,20.0611241],[86.0004838,20.0611194],[86.0003711,20.0611124],[86.0002498,20.061092],[85.9998719,20.0609949],[85.9997594,20.0609681],[85.9994272,20.0608891],[85.9992956,20.0608695],[85.999173,20.0608623],[85.9990344,20.0608626],[85.9990019,20.0608662],[85.9988141,20.0608872],[85.9987089,20.0608989],[85.9985744,20.060907],[85.9978685,20.0608966],[85.9977794,20.0608992],[85.9975909,20.0609045],[85.9974503,20.060903],[85.9973281,20.0608947],[85.9972087,20.0608798],[85.9968591,20.0608268],[85.996527,20.0607765]]}},{"type":"Feature","properties":{"id":867233599,"highway":"residential"},"geometry":{"type":"LineString","coordinates":[[85.9976829,20.0625824],[85.997668,20.0624275],[85.9976599,20.0622687],[85.9976582,20.0621915],[85.9976613,20.062121],[85.9976708,20.0620435],[85.9977144,20.0618364],[85.9977675,20.0616157],[85.9977881,20.061524],[85.9978062,20.0614143],[85.9978224,20.0613127],[85.9978248,20.0612842],[85.9978337,20.0611998],[85.9978685,20.0608966]]}},{"type":"Feature","properties":{"id":867233600,"highway":"residential"},"geometry":{"type":"LineString","coordinates":[[85.9987137,20.0624793],[85.9987427,20.0629854],[85.9987584,20.0632452],[85.998778,20.0634249],[85.9988051,20.0636207],[85.9988176,20.0638],[85.9988104,20.0639885],[85.9988167,20.0640827],[85.9988431,20.0641988],[85.9988894,20.0643365],[85.9989569,20.0644852]]}},{"type":"Feature","properties":{"id":867236530,"highway":"residential"},"geometry":{"type":"LineString","coordinates":[[86.0007736,20.0589074],[86.0003221,20.0589443],[85.9998887,20.0589841],[85.9990523,20.059061],[85.9990053,20.0590653],[85.9989108,20.0590693],[85.9988241,20.0590603],[85.9987523,20.0590339],[85.9986967,20.0589886],[85.9986507,20.0589187],[85.9986158,20.0588365],[85.9985781,20.0586856],[85.9985017,20.0583216],[85.9984746,20.0581641],[85.9984587,20.0580449],[85.9984491,20.0579001]]}},{"type":"Feature","properties":{"id":867236531,"highway":"residential"},"geometry":{"type":"LineString","coordinates":[[85.9984491,20.0579001],[85.9984359,20.0576533],[85.9984276,20.0575799],[85.9984133,20.0575148],[85.9983843,20.0574577],[85.9983348,20.0573845],[85.9983099,20.0573331],[85.9982488,20.0571828],[85.9981558,20.0569503]]}},{"type":"Feature","properties":{"id":867236532,"highway":"residential"},"geometry":{"type":"LineString","coordinates":[[85.9947599,20.063996],[85.995087,20.0639872],[85.9952645,20.0639834],[85.9955648,20.0639919],[85.9958463,20.0640026],[85.9959027,20.0639994],[85.9959364,20.0639858],[85.9959532,20.0639636],[85.9959712,20.0639325],[85.9959967,20.0639172],[85.9960468,20.0639113],[85.9970529,20.0639144],[85.9978445,20.0639066]]}},{"type":"Feature","properties":{"id":867236533,"highway":"residential"},"geometry":{"type":"LineString","coordinates":[[85.997055,20.063499],[85.9970529,20.0639144],[85.9970592,20.0640845],[85.997077,20.0645669],[85.9970845,20.0650425],[85.9970888,20.0651921]]}},{"type":"Feature","properties":{"id":867236534,"highway":"residential"},"geometry":{"type":"LineString","coordinates":[[85.9974857,20.0635038],[85.997055,20.063499],[85.9968732,20.0634985],[85.9966533,20.0635012],[85.9960931,20.0635128]]}},{"type":"Feature","properties":{"id":867251720,"highway":"residential"},"geometry":{"type":"LineString","coordinates":[[85.9657352,20.0604527],[85.9660319,20.0604241]]}},{"type":"Feature","properties":{"id":867251721,"highway":"residential"},"geometry":{"type":"LineString","coordinates":[[85.9529406,20.0501043],[85.9532007,20.0500521]]}},{"type":"Feature","properties":{"id":867268707,"highway":"residential"},"geometry":{"type":"LineString","coordinates":[[85.9990523,20.059061],[85.9990205,20.058406],[85.999018,20.0583143],[85.9990196,20.0582793],[85.9990326,20.058258],[85.9990568,20.0582504],[85.9992916,20.0582611],[85.9993277,20.0582603],[85.9993543,20.0582471],[85.9993641,20.0582222],[85.9993641,20.058192],[85.9993445,20.0580908],[85.9992576,20.0576523]]}},{"type":"Feature","properties":{"id":867268708,"highway":"residential"},"geometry":{"type":"LineString","coordinates":[[85.995266,20.0589453],[85.9956269,20.0590429],[85.9960525,20.0591579],[85.9960766,20.0591735],[85.9960841,20.0591989],[85.9960796,20.0592356],[85.9960209,20.0595946],[85.9959923,20.0598194],[85.9959638,20.0600752]]}},{"type":"Feature","properties":{"id":867268709,"highway":"residential"},"geometry":{"type":"LineString","coordinates":[[85.9956269,20.0590429],[85.9954944,20.0599374],[85.9954339,20.0604228]]}},{"type":"Feature","properties":{"id":867572405,"highway":"residential"},"geometry":{"type":"LineString","coordinates":[[85.9950505,20.0707852],[85.9952387,20.0707287],[85.9953738,20.0706881],[85.9954958,20.0706526],[85.99553,20.0706427],[85.9956596,20.0705972],[85.9957507,20.0705588],[85.9959678,20.0704484],[85.9960426,20.0704133],[85.9961262,20.0703865],[85.9963286,20.0703369],[85.9964276,20.0703079],[85.9964826,20.0703059],[85.9965216,20.0703165],[85.996564,20.0703596],[85.9966088,20.0704348],[85.9966674,20.0705208],[85.9968634,20.0707576]]}},{"type":"Feature","properties":{"id":867572408,"highway":"residential"},"geometry":{"type":"LineString","coordinates":[[85.9956363,20.0698013],[85.9957552,20.0701247],[85.9957746,20.070161],[85.995799,20.0701794],[85.995832,20.0701806],[85.9958601,20.0701748],[85.995964,20.0701438],[85.9959848,20.0701404],[85.996008,20.0701507],[85.9960263,20.0701737],[85.9960483,20.0702127],[85.9961262,20.0703865]]}},{"type":"Feature","properties":{"id":867572409,"highway":"residential"},"geometry":{"type":"LineString","coordinates":[[85.9962277,20.0691897],[85.9962687,20.0694091],[85.9962843,20.0694782],[85.9962999,20.0695314],[85.9963268,20.0695952],[85.9964471,20.0698385],[85.9966226,20.070159],[85.9966546,20.070227],[85.9966612,20.0702492],[85.9966546,20.070274],[85.996627,20.0702987],[85.996564,20.0703596]]}},{"type":"Feature","properties":{"id":867572410,"highway":"residential"},"geometry":{"type":"LineString","coordinates":[[85.9970258,20.0697332],[85.9978552,20.069549]]}},{"type":"Feature","properties":{"id":867572411,"highway":"residential"},"geometry":{"type":"LineString","coordinates":[[85.9977195,20.0710168],[85.9991747,20.0705468]]}},{"type":"Feature","properties":{"id":867572412,"highway":"residential"},"geometry":{"type":"LineString","coordinates":[[85.9981988,20.069132],[85.9984105,20.0692392],[85.9986752,20.0693901],[85.9988146,20.0694715],[85.998856,20.0695068],[85.9988785,20.0695903],[85.998901,20.0697084],[85.9989991,20.0700655],[85.9990502,20.0702306],[85.9991156,20.0704015],[85.9991747,20.0705468],[85.9992744,20.0708156]]}},{"type":"Feature","properties":{"id":867572414,"highway":"residential"},"geometry":{"type":"LineString","coordinates":[[85.9996562,20.0693845],[85.9998078,20.0696782],[85.9998326,20.0697021],[85.9998677,20.0697107],[85.9999063,20.0697001],[85.9999463,20.0696817],[86.0001981,20.0695705]]}},{"type":"Feature","properties":{"id":867572417,"highway":"residential"},"geometry":{"type":"LineString","coordinates":[[85.9969786,20.0686819],[85.9971483,20.0690543],[85.997183,20.0691081],[85.9972219,20.0691311],[85.9972689,20.069135],[85.9973138,20.0691235],[85.9975162,20.0690351],[85.9976082,20.0690063],[85.9977043,20.0689833],[85.9978024,20.0689795],[85.9979581,20.0689961],[85.9979822,20.0689987],[85.9982673,20.0690448]]}},{"type":"Feature","properties":{"id":867572418,"highway":"residential"},"geometry":{"type":"LineString","coordinates":[[85.9968045,20.070829],[85.996856,20.070864],[85.9968773,20.0708769],[85.9969139,20.0708855],[85.9969611,20.0708769],[85.9973816,20.0707639],[85.9974136,20.0707596],[85.9974471,20.0707725],[85.9974806,20.0708054],[85.9975263,20.0708769],[85.9975522,20.0708955],[85.9975903,20.0708998],[85.9976269,20.0708941],[85.9976558,20.0709041],[85.9976832,20.0709385],[85.9977195,20.0710168],[85.9978554,20.0714336],[85.9980474,20.0720232],[85.9981312,20.0723094],[85.9981525,20.0723551],[85.9981723,20.0723723],[85.9982028,20.0723795],[85.9982287,20.0723766],[85.9985501,20.0722793],[85.9988533,20.0721863],[85.9989021,20.0721806],[85.9989264,20.0721949],[85.9989386,20.0722192],[85.9989931,20.0723876],[85.9990194,20.0724781],[85.9990371,20.0725164],[85.9990686,20.0725402],[85.9991063,20.0725575],[85.9991533,20.0725554],[85.9994979,20.0724643],[86.0004936,20.0722211],[86.0008668,20.0721074],[86.0012334,20.0719829]]}},{"type":"Feature","properties":{"id":867572420,"highway":"residential"},"geometry":{"type":"LineString","coordinates":[[85.9980099,20.0669307],[85.9986836,20.0668499]]}},{"type":"Feature","properties":{"id":867572425,"highway":"residential"},"geometry":{"type":"LineString","coordinates":[[85.9977564,20.0658626],[85.9983022,20.0658165],[85.9983574,20.0658088],[85.9983881,20.0657916],[85.9983983,20.0657512],[85.9983921,20.0656975],[85.9983921,20.0656764],[85.9984126,20.0656591],[85.9986431,20.0656279]]}},{"type":"Feature","properties":{"id":867572427,"highway":"residential"},"geometry":{"type":"LineString","coordinates":[[85.9971301,20.0667096],[85.9970979,20.0662819],[85.9970848,20.0661481],[85.9970759,20.0660803],[85.9970264,20.0657028],[85.9969987,20.0654172],[85.9969851,20.0652647],[85.99698,20.065207]]}},{"type":"Feature","properties":{"id":867572430,"highway":"residential"},"geometry":{"type":"LineString","coordinates":[[85.9940137,20.0664973],[85.9939573,20.0660579],[85.9939558,20.0660121],[85.9939634,20.0659806],[85.9939862,20.0659549],[85.9940411,20.065922],[85.9940624,20.0658976],[85.99407,20.0658705],[85.99407,20.0658447],[85.9940609,20.0657975],[85.9940074,20.0655497]]}},{"type":"Feature","properties":{"id":867596597,"highway":"residential"},"geometry":{"type":"LineString","coordinates":[[86.0001297,20.0515719],[86.0001042,20.0513902],[86.0000848,20.0512792],[86.0000256,20.0509471],[86.0000032,20.0508379],[85.9999691,20.0507229],[85.9999349,20.05063],[85.9998899,20.0505539],[85.9998539,20.050488],[85.9998372,20.0504472],[85.9998269,20.0504221],[85.9998107,20.0503646],[85.9997729,20.0502142],[85.9997459,20.0501466],[85.9997262,20.0501009],[85.9997136,20.0500485],[85.9997046,20.0499877],[85.9996938,20.0497308]]}},{"type":"Feature","properties":{"id":867596598,"highway":"residential"},"geometry":{"type":"LineString","coordinates":[[85.9992397,20.0498612],[85.9993667,20.0503751],[85.9994013,20.0505025],[85.9994097,20.0505228],[85.9994325,20.0505354],[85.9994566,20.0505354],[85.9998372,20.0504472]]}},{"type":"Feature","properties":{"id":867596599,"highway":"residential"},"geometry":{"type":"LineString","coordinates":[[85.9929945,20.0527691],[85.9930081,20.052922],[85.9930162,20.0530141],[85.9930246,20.0530581],[85.9930447,20.0530973],[85.9930931,20.0531523],[85.9932637,20.0532999],[85.9933021,20.0533235],[85.9933573,20.0533502],[85.993497,20.0533916],[85.9935249,20.0534045],[85.9935378,20.0534224],[85.9935378,20.053457],[85.9935189,20.0535409]]}},{"type":"Feature","properties":{"id":867596600,"highway":"residential"},"geometry":{"type":"LineString","coordinates":[[85.9930081,20.052922],[85.9931992,20.0529048],[85.993271,20.0528951],[85.9933686,20.052879],[85.9935212,20.0528504]]}},{"type":"Feature","properties":{"id":867596601,"highway":"residential"},"geometry":{"type":"LineString","coordinates":[[85.9939775,20.0536398],[85.9940049,20.0534592],[85.9940082,20.053428],[85.9940052,20.0534013],[85.9939968,20.0533757],[85.9939935,20.0533493],[85.9939952,20.0533194],[85.9940011,20.0532991],[85.9940138,20.0532845],[85.9940322,20.0532752],[85.9941122,20.0532531],[85.9941509,20.053245],[85.9943004,20.0532286]]}},{"type":"Feature","properties":{"id":867596604,"highway":"residential"},"geometry":{"type":"LineString","coordinates":[[85.9934238,20.0535243],[85.9932585,20.0536569],[85.9932226,20.0536937],[85.9931947,20.0537393],[85.9931734,20.0538159],[85.9931608,20.0540269],[85.993159,20.0542345],[85.9931697,20.0542799],[85.9931945,20.0543069],[85.9932458,20.054314],[85.9934628,20.0543165],[85.9934969,20.0543248],[85.9935237,20.0543358],[85.9935404,20.0543657],[85.9935538,20.0545573]]}},{"type":"Feature","properties":{"id":867596607,"highway":"residential"},"geometry":{"type":"LineString","coordinates":[[85.9975037,20.0543361],[85.9977246,20.0553782]]}},{"type":"Feature","properties":{"id":867596608,"highway":"residential"},"geometry":{"type":"LineString","coordinates":[[85.9979919,20.0533906],[85.997988,20.0536252],[85.9979957,20.0536543],[85.998019,20.0536689],[85.998048,20.053678],[85.9981022,20.0536798],[85.9983553,20.0536693],[85.9985918,20.0536594],[85.9987174,20.0536556],[85.9989949,20.0536525]]}},{"type":"Feature","properties":{"id":867596609,"highway":"residential"},"geometry":{"type":"LineString","coordinates":[[85.9989664,20.0541761],[85.9989949,20.0536525],[85.9990061,20.0535296],[85.9990133,20.0534383],[85.9990097,20.0532693],[85.9990159,20.0530385]]}},{"type":"Feature","properties":{"id":867596610,"highway":"residential"},"geometry":{"type":"LineString","coordinates":[[85.9987174,20.0536556],[85.9987517,20.0529069],[85.9987517,20.0528377],[85.998743,20.0528052],[85.9987257,20.0527889],[85.9986925,20.0527808],[85.998655,20.0527781],[85.9978568,20.0527238]]}},{"type":"Feature","properties":{"id":867596615,"highway":"residential"},"geometry":{"type":"LineString","coordinates":[[85.9984492,20.0547183],[85.9990093,20.0546149],[85.9991027,20.0545976],[85.9991885,20.0545818],[85.99945,20.0545362],[85.9995674,20.0545158],[85.9996833,20.0544956],[85.999901,20.0544499],[86.0000899,20.0544043],[86.0001961,20.0543654],[86.0002357,20.0543384],[86.0002645,20.054308],[86.0002789,20.0542691],[86.0002789,20.0542234],[86.0002607,20.0540264]]}},{"type":"Feature","properties":{"id":867596616,"highway":"residential"},"geometry":{"type":"LineString","coordinates":[[85.9984194,20.0542387],[85.9984174,20.0543114],[85.9984241,20.0544025],[85.9984361,20.0545046],[85.9984434,20.0545516],[85.9984517,20.0546425],[85.9984531,20.0546854],[85.9984492,20.0547183],[85.9984257,20.0547527],[85.998404,20.0548045],[85.9983906,20.0548642],[85.9983906,20.0549458],[85.9983973,20.0550228],[85.998409,20.0550778],[85.9984374,20.0551641],[85.9984608,20.0552097],[85.9984909,20.0552317],[85.9985244,20.0552442],[85.9985662,20.0552458],[85.9986213,20.0552426],[85.9989841,20.0551751],[85.9990192,20.0551626],[85.999041,20.0551406],[85.9990543,20.0551076],[85.9990543,20.0550778],[85.9990093,20.0546149]]}},{"type":"Feature","properties":{"id":867600609,"highway":"residential"},"geometry":{"type":"LineString","coordinates":[[85.9999064,20.0572858],[85.9998564,20.0571655],[85.999824,20.0570654],[85.9998078,20.0569849],[85.9998032,20.0568544],[85.9997955,20.0563843],[85.9997934,20.0562518]]}},{"type":"Feature","properties":{"id":867600614,"highway":"residential"},"geometry":{"type":"LineString","coordinates":[[85.9934871,20.0576295],[85.9934812,20.0575867]]}},{"type":"Feature","properties":{"id":867600615,"highway":"residential"},"geometry":{"type":"LineString","coordinates":[[85.9952833,20.0579926],[85.9952986,20.0578745],[85.9953141,20.0576921],[85.9953282,20.0574733],[85.9953462,20.0573042]]}},{"type":"Feature","properties":{"id":867600620,"highway":"residential"},"geometry":{"type":"LineString","coordinates":[[85.9934759,20.0575509],[85.9934729,20.0575328],[85.9934505,20.0573724],[85.9934372,20.0572378],[85.9934272,20.0571401],[85.9934255,20.057045],[85.9934312,20.0569655],[85.9934712,20.0566894],[85.9934861,20.0566507],[85.9935137,20.0566231],[85.9935482,20.0566053],[85.9936656,20.0565711],[85.9937116,20.0565523],[85.9937376,20.056526],[85.9937536,20.0564903],[85.9937656,20.0564227],[85.9938195,20.0560847]]}},{"type":"Feature","properties":{"id":867600621,"highway":"residential"},"geometry":{"type":"LineString","coordinates":[[85.9934812,20.0575867],[85.9934759,20.0575509]]}},{"type":"Feature","properties":{"id":867600622,"highway":"residential"},"geometry":{"type":"LineString","coordinates":[[85.9931801,20.0576146],[85.9931801,20.0575852]]}},{"type":"Feature","properties":{"id":867600623,"highway":"residential"},"geometry":{"type":"LineString","coordinates":[[85.9931801,20.0575852],[85.9931818,20.0575534]]}},{"type":"Feature","properties":{"id":867600624,"highway":"residential"},"geometry":{"type":"LineString","coordinates":[[85.9931818,20.0575534],[85.9931932,20.0575387],[85.9932129,20.0575314],[85.9932387,20.0575287],[85.9933642,20.0575404],[85.9934071,20.0575398],[85.9934729,20.0575328]]}},{"type":"Feature","properties":{"id":867600625,"highway":"unclassified"},"geometry":{"type":"LineString","coordinates":[[85.9921779,20.0576535],[85.9921852,20.057686]]}},{"type":"Feature","properties":{"id":867600626,"highway":"unclassified"},"geometry":{"type":"LineString","coordinates":[[85.9921852,20.057686],[85.9921924,20.0577185]]}},{"type":"Feature","properties":{"id":867600627,"highway":"residential"},"geometry":{"type":"LineString","coordinates":[[85.9964516,20.0572362],[85.9964575,20.0572157],[85.9964705,20.05717],[85.9965661,20.0568819],[85.9966492,20.0565889],[85.9966927,20.056364],[85.9967003,20.0562194],[85.9966767,20.0559953],[85.9966366,20.0558034],[85.996585,20.0556475],[85.9965074,20.0555014],[85.9964025,20.0553373],[85.9963451,20.0552411],[85.9963018,20.0551446],[85.9962741,20.0550559],[85.9962206,20.0547781],[85.9962229,20.0547116],[85.9962425,20.05465],[85.9962885,20.0545964],[85.9964027,20.0544982],[85.9964525,20.054443],[85.9965224,20.0543262],[85.996568,20.0542354]]}},{"type":"Feature","properties":{"id":867600628,"highway":"residential"},"geometry":{"type":"LineString","coordinates":[[85.9964396,20.0572781],[85.9964516,20.0572362]]}},{"type":"Feature","properties":{"id":867603405,"highway":"residential"},"geometry":{"type":"LineString","coordinates":[[85.9944965,20.0598604],[85.9945192,20.0595158],[85.9945275,20.0594833],[85.994558,20.0594677],[85.9946009,20.0594664],[85.9947394,20.0594755],[85.994774,20.0594716],[85.9947948,20.0594534],[85.9948031,20.0594261],[85.9948197,20.0592375],[85.9948308,20.0592128],[85.9948529,20.0592024],[85.9948861,20.0591959],[85.9949291,20.0591985],[85.9951522,20.0592393]]}},{"type":"Feature","properties":{"id":867603406,"highway":"residential"},"geometry":{"type":"LineString","coordinates":[[85.9941006,20.0603783],[85.9949876,20.0604562]]}},{"type":"Feature","properties":{"id":867603407,"highway":"residential"},"geometry":{"type":"LineString","coordinates":[[85.9940291,20.0620378],[85.9946053,20.0619107],[85.9948639,20.0618598]]}},{"type":"Feature","properties":{"id":867603408,"highway":"residential"},"geometry":{"type":"LineString","coordinates":[[85.9937037,20.0616047],[85.9948924,20.0613495]]}},{"type":"Feature","properties":{"id":867603409,"highway":"residential"},"geometry":{"type":"LineString","coordinates":[[85.9949008,20.0611975],[85.9953116,20.0612313],[85.9953321,20.0612447],[85.9953386,20.0612731],[85.9952765,20.0622418],[85.9952388,20.0628466]]}},{"type":"Feature","properties":{"id":867603410,"highway":"residential"},"geometry":{"type":"LineString","coordinates":[[85.9959378,20.0628772],[85.9961818,20.0619904],[85.9961922,20.0619428],[85.9961908,20.0619106],[85.9961773,20.061884],[85.996155,20.0618672],[85.9960969,20.0618532],[85.9960402,20.0618504],[85.995778,20.061856]]}},{"type":"Feature","properties":{"id":867603411,"highway":"residential"},"geometry":{"type":"LineString","coordinates":[[85.9964685,20.0622753],[85.9965065,20.0623612],[85.9965203,20.0623839],[85.9965479,20.0624034],[85.996598,20.062418],[85.9966536,20.0624241],[85.9968375,20.0624335],[85.9970282,20.0624435],[85.9972382,20.0624464],[85.9974149,20.0624437],[85.997668,20.0624275]]}},{"type":"Feature","properties":{"id":867603412,"highway":"residential"},"geometry":{"type":"LineString","coordinates":[[85.9968591,20.0608268],[85.9968271,20.0610423],[85.9968194,20.0611124],[85.9968168,20.0611547],[85.9968233,20.0611813],[85.9968425,20.0611994],[85.9968837,20.0612079],[85.9969547,20.0612135],[85.997252,20.0612407],[85.9975566,20.0612621],[85.9978248,20.0612842]]}},{"type":"Feature","properties":{"id":867604685,"highway":"residential"},"geometry":{"type":"LineString","coordinates":[[85.9987584,20.0632452],[85.9982141,20.0632872],[85.9979681,20.0632984],[85.9979242,20.0632936],[85.9978894,20.0632776],[85.9978644,20.0632456],[85.9978516,20.0631916],[85.9978341,20.063151],[85.9978073,20.0631293],[85.9977608,20.0631264],[85.9977096,20.0631362],[85.9972882,20.0632235]]}},{"type":"Feature","properties":{"id":867604693,"highway":"residential"},"geometry":{"type":"LineString","coordinates":[[85.9947442,20.0645841],[85.9954673,20.0645478]]}},{"type":"Feature","properties":{"id":867604694,"highway":"residential"},"geometry":{"type":"LineString","coordinates":[[85.994779,20.0634886],[85.9953487,20.0634754]]}},{"type":"Feature","properties":{"id":867604695,"highway":"residential"},"geometry":{"type":"LineString","coordinates":[[85.9955648,20.0639919],[85.9955967,20.0637041],[85.9956461,20.0633183],[85.9957091,20.0628665]]}},{"type":"Feature","properties":{"id":867606043,"highway":"residential"},"geometry":{"type":"LineString","coordinates":[[85.9917428,20.062511],[85.991665,20.0621322],[85.9916611,20.0620984],[85.991669,20.0620759],[85.9916984,20.0620605],[85.9917657,20.0620449],[85.9926254,20.0618967]]}},{"type":"Feature","properties":{"id":867606048,"highway":"residential"},"geometry":{"type":"LineString","coordinates":[[85.9939446,20.0629952],[85.9947987,20.062975]]}},{"type":"Feature","properties":{"id":867606050,"highway":"residential"},"geometry":{"type":"LineString","coordinates":[[85.9929347,20.0635562],[85.9935625,20.0634855]]}},{"type":"Feature","properties":{"id":867606051,"highway":"residential"},"geometry":{"type":"LineString","coordinates":[[85.9905332,20.0628042],[85.9906052,20.0631704],[85.9906165,20.0632052],[85.9906486,20.0632293],[85.9906935,20.0632413],[85.9907304,20.0632398],[85.9907961,20.0632263],[85.9913077,20.0630756],[85.9916798,20.0629672],[85.9917872,20.0629431],[85.9919508,20.0629159],[85.9921833,20.0628888],[85.9922218,20.0628949],[85.9922459,20.0629129],[85.9922555,20.0629446],[85.9922729,20.0630323],[85.9923056,20.0631976],[85.9923469,20.0634552]]}},{"type":"Feature","properties":{"id":867606052,"highway":"residential"},"geometry":{"type":"LineString","coordinates":[[85.9922729,20.0630323],[85.9928288,20.0629621]]}},{"type":"Feature","properties":{"id":867606053,"highway":"residential"},"geometry":{"type":"LineString","coordinates":[[85.993004,20.0639744],[85.9925488,20.0640311],[85.992431,20.0640381],[85.9922767,20.064033],[85.9921704,20.0640392],[85.9919696,20.0640764],[85.991483,20.064159],[85.99112,20.0642153]]}},{"type":"Feature","properties":{"id":867606054,"highway":"residential"},"geometry":{"type":"LineString","coordinates":[[85.991816,20.0635287],[85.9918564,20.063658],[85.991936,20.0639155],[85.991956,20.0640057],[85.9919696,20.0640764],[85.9919851,20.0642084],[85.9919973,20.0643163],[85.9920109,20.0644759],[85.9920245,20.0646745]]}},{"type":"Feature","properties":{"id":867606055,"highway":"residential"},"geometry":{"type":"LineString","coordinates":[[85.9911741,20.0638637],[85.9918564,20.063658]]}},{"type":"Feature","properties":{"id":867608221,"highway":"unclassified"},"geometry":{"type":"LineString","coordinates":[[85.9799426,20.0584836],[85.9800053,20.0584273],[85.9800759,20.0583767],[85.9801376,20.0583419],[85.9801888,20.0583237],[85.980232,20.0583162],[85.9803715,20.0583038],[85.9804915,20.0582905],[85.980615,20.0582624],[85.9807438,20.0582342],[85.9808081,20.0582255],[85.9808624,20.0582224],[85.9810114,20.0582284],[85.9810993,20.058238],[85.9812118,20.0582581],[85.9814427,20.0583013],[85.9815235,20.0583148],[85.9815695,20.0583186],[85.9816185,20.0583157],[85.9817197,20.0583004],[85.9817537,20.0582927],[85.9819517,20.0582476],[85.9821541,20.0582063],[85.9824596,20.0581592],[85.9825414,20.058142],[85.982661,20.0581103],[85.9827008,20.0581055],[85.9827417,20.0581112],[85.9827949,20.0581256],[85.982893,20.0581621],[85.9829277,20.0581688],[85.9829798,20.0581679],[85.9830647,20.0581544],[85.9831699,20.0581324],[85.9832916,20.0580978],[85.9833774,20.058068],[85.9834449,20.0580412],[85.9835195,20.0580018],[85.9835931,20.0579586],[85.9837392,20.0578434],[85.9839109,20.0577061],[85.983963,20.0576735],[85.9840346,20.057636],[85.984103,20.0576082],[85.9841971,20.0575851],[85.984286,20.0575698],[85.9845568,20.0575419],[85.9849053,20.0575121],[85.9849947,20.0575072],[85.9851465,20.0575074],[85.9853468,20.0575199],[85.9856197,20.0575247],[85.9857052,20.0575242],[85.9857873,20.0575237],[85.985956,20.0575304],[85.9861553,20.0575467],[85.9864108,20.0575842],[85.9865896,20.0576222],[85.9868486,20.0576772],[85.9869999,20.0576987],[85.9871903,20.0577223],[85.9873246,20.0577375],[85.9874131,20.0577403],[85.9875208,20.0577333],[85.9877127,20.0577098],[85.9877806,20.0577042],[85.9878853,20.0577056],[85.9879798,20.0577126],[85.9880344,20.0577223],[85.9881008,20.0577472],[85.9882897,20.0578415],[85.9883886,20.0578803],[85.988759,20.058012],[85.9889128,20.0580716],[85.9889781,20.058103],[85.9890386,20.0581353],[85.989104,20.0581602],[85.9891421,20.0581636],[85.989355,20.0581666],[85.9895511,20.0581586],[85.9897365,20.0581386],[85.9898097,20.0581277],[85.9902628,20.0580605],[85.9910037,20.0579416],[85.9913154,20.057891],[85.9914431,20.0578643],[85.991961,20.0577648],[85.9921924,20.0577185],[85.9924872,20.0576595],[85.9926042,20.0576421],[85.9927367,20.0576317],[85.9928983,20.0576226],[85.9931152,20.0576136],[85.9931801,20.0576146],[85.993325,20.0576169],[85.9934871,20.0576295],[85.9935714,20.0576379],[85.9937817,20.0576573],[85.9941025,20.0576968],[85.9944293,20.0577375],[85.994717,20.0577726],[85.9948072,20.0577868],[85.9948895,20.0578047],[85.9949486,20.0578256],[85.995032,20.0578637],[85.9952163,20.0579579],[85.9952833,20.0579926],[85.9953912,20.0580486],[85.9954601,20.0580809],[85.9955172,20.0581021],[85.9955644,20.0581081],[85.9956403,20.0581052],[85.9957129,20.0580906],[85.9960176,20.0579936],[85.996089,20.057979],[85.9962695,20.0579589],[85.9964467,20.0579391],[85.9967193,20.0579105],[85.9968319,20.0579022],[85.9970475,20.0578949],[85.9973305,20.0578919],[85.9978702,20.0578966],[85.998157,20.0579033],[85.99831,20.0579034],[85.9984491,20.0579001],[85.9986449,20.0578863],[85.998752,20.057873],[85.9987801,20.0578667],[85.9988282,20.0578559],[85.9989138,20.0578267],[85.9989982,20.0577914],[85.9990834,20.0577512],[85.9992576,20.0576523],[85.9996946,20.0574044],[85.9999064,20.0572858],[86.000007,20.057233],[86.0003615,20.0570415],[86.0006795,20.0568693]]}},{"type":"Feature","properties":{"id":867613371,"highway":"unclassified"},"geometry":{"type":"LineString","coordinates":[[86.000738,20.0662325],[86.0006006,20.0662029],[86.0004866,20.0661936],[86.0002709,20.0661903],[85.9999667,20.0661737],[85.9995104,20.0661293],[85.9993137,20.066117],[85.9991514,20.0661159],[85.9989653,20.066127],[85.998666,20.0661555]]}},{"type":"Feature","properties":{"id":867613372,"highway":"residential"},"geometry":{"type":"LineString","coordinates":[[85.9928259,20.0604324],[85.9928111,20.0604932],[85.9928081,20.0605284],[85.992814,20.0605691],[85.9928506,20.060694],[85.9929125,20.0609491],[85.9929379,20.0610764],[85.9929618,20.061229],[85.9929856,20.0613591],[85.9929842,20.0614011],[85.9929672,20.0614417],[85.9929383,20.0614682],[85.9928879,20.061492],[85.9927836,20.0615281],[85.9926075,20.0615682],[85.9925705,20.0615894],[85.9925668,20.0616319],[85.9925791,20.0616997],[85.9926254,20.0618967],[85.9926476,20.0619882],[85.9927065,20.0622799],[85.9927415,20.0624555],[85.9927724,20.0626405],[85.9928288,20.0629621],[85.9928421,20.0630377],[85.9928785,20.0632571],[85.9929347,20.0635562],[85.993004,20.0639744],[85.9930425,20.0641797],[85.9930555,20.0642428],[85.9930837,20.0643439],[85.9932026,20.0647185],[85.9933603,20.0651488],[85.9934471,20.0654174],[85.99349,20.0655688]]}},{"type":"Feature","properties":{"id":868629270,"highway":"residential"},"geometry":{"type":"LineString","coordinates":[[85.9911744,20.0069712],[85.9913099,20.0069901],[85.9914306,20.0069951],[85.9915325,20.0069939],[85.9916291,20.0069788],[85.9917122,20.0069536],[85.9917705,20.0069246],[85.991796,20.0069031],[85.9918249,20.0068691],[85.9918524,20.0068269],[85.9918631,20.0067853],[85.9918711,20.0067324],[85.9918778,20.0066832],[85.9918852,20.0066555],[85.9918953,20.0066246],[85.991912,20.0066026],[85.9919402,20.0065837],[85.9919704,20.0065761],[85.9920327,20.0065717],[85.9921836,20.0065673],[85.9922815,20.0065616],[85.9923854,20.0065541],[85.9925061,20.0065383],[85.9926027,20.0065182],[85.9927167,20.0064873],[85.992824,20.0064489],[85.9929192,20.0064041],[85.9930352,20.0063462],[85.9930969,20.0063209],[85.9931526,20.0063077],[85.9932075,20.0062983],[85.9932639,20.0062939],[85.9933095,20.006297],[85.9933376,20.0063071],[85.9933624,20.0063235],[85.9933792,20.0063474],[85.9935354,20.0066385],[85.9935529,20.0066656],[85.9935649,20.0066788],[85.9935723,20.0066844],[85.9935824,20.0066895],[85.9935927,20.006692],[85.9936053,20.0066945],[85.9936468,20.0066984],[85.9937628,20.0067066],[85.993854,20.0067097],[85.9939331,20.0067047],[85.994029,20.0066933],[85.9941336,20.0066763],[85.9942,20.0066574],[85.9942697,20.0066278],[85.99432,20.0065957],[85.9943763,20.0065446],[85.9944105,20.0065037],[85.9944487,20.0064381],[85.9944702,20.0063789],[85.9944957,20.006302],[85.9945185,20.0062315],[85.9945453,20.0061691],[85.9945768,20.0061168],[85.9946204,20.0060702],[85.9946921,20.0060229],[85.9947632,20.0059876],[85.9948363,20.0059631],[85.9949356,20.005941],[85.9950677,20.0059133],[85.9951575,20.0058919],[85.9952172,20.0058717],[85.9952775,20.0058471],[85.9953654,20.0057967],[85.9956993,20.0055919],[85.9957442,20.0055598],[85.9957925,20.0055264],[85.9958649,20.005459],[85.9959126,20.0054161],[85.9959789,20.0053512],[85.99604,20.0053015],[85.9960775,20.0052788],[85.9961358,20.0052473],[85.996227,20.0052019],[85.9963772,20.0051225],[85.9965905,20.0050022],[85.9966743,20.0049476],[85.9967051,20.0049335],[85.9967556,20.0049161]]}},{"type":"Feature","properties":{"id":872040324,"highway":"secondary"},"geometry":{"type":"LineString","coordinates":[[85.9012332,20.0449208],[85.9013497,20.0449545]]}},{"type":"Feature","properties":{"id":872040325,"highway":"secondary"},"geometry":{"type":"LineString","coordinates":[[85.9013497,20.0449545],[85.9013891,20.0449625],[85.9015121,20.0449785],[85.9017589,20.0449781],[85.9024645,20.0448241],[85.9029336,20.0447306],[85.9032884,20.0446658],[85.9036288,20.0446132],[85.9040393,20.0445677],[85.9041549,20.0445569],[85.9042726,20.0445459],[85.9046295,20.0445201],[85.9051087,20.0444989],[85.9055672,20.0444722],[85.9058191,20.0444585],[85.9060972,20.0444297],[85.9069467,20.04433],[85.9088979,20.0441125],[85.9096015,20.0440417],[85.9100307,20.0439843],[85.9103945,20.0439411],[85.9107361,20.0438638],[85.9111174,20.0437409],[85.9113814,20.0436609],[85.9124264,20.0433442],[85.9136852,20.0429742],[85.914072,20.0428925],[85.9143871,20.0427899],[85.9151126,20.0425962],[85.915313,20.0425433],[85.9161509,20.0423222],[85.9163053,20.0422743],[85.9168927,20.0420907],[85.9174399,20.0419152],[85.9182993,20.0415914],[85.9189039,20.0413241],[85.9192809,20.0411204],[85.9203717,20.0405312],[85.9209078,20.0402378],[85.9220323,20.0396586],[85.9225581,20.0393654],[85.9228005,20.0392491],[85.923066,20.0391432],[85.9234087,20.0390195],[85.9237789,20.0389087],[85.9245936,20.0386557],[85.9249443,20.0385474],[85.9250787,20.038523],[85.9251995,20.0385132],[85.9254708,20.0385229],[85.925964,20.0385528],[85.926191,20.0385499]]}},{"type":"Feature","properties":{"id":872053965,"highway":"residential"},"geometry":{"type":"LineString","coordinates":[[85.9002946,20.0238228],[85.9003617,20.024001],[85.9004198,20.0241384],[85.9004592,20.0242125],[85.900772,20.0245691],[85.9008988,20.0246961],[85.9009581,20.0247552],[85.901031,20.0248485],[85.9011118,20.0250026],[85.9012336,20.025277],[85.9013244,20.0255563],[85.9013966,20.025725],[85.9014534,20.0258345],[85.9015421,20.0259829],[85.9017895,20.0263891],[85.9019377,20.0266047],[85.9019903,20.0266598],[85.9021923,20.0268101],[85.9022993,20.0268977],[85.9023459,20.0269609],[85.9023684,20.0270534],[85.9023718,20.0271474],[85.9023787,20.0272188],[85.9023943,20.0272853],[85.9024305,20.0273631],[85.9026325,20.0277491],[85.9027809,20.028002],[85.9029207,20.0282209],[85.9029932,20.0283296],[85.9030363,20.0284091],[85.9031123,20.0285761],[85.9031779,20.0286766],[85.9034264,20.0289166],[85.9035783,20.0290496],[85.903687,20.0291793],[85.9037371,20.0292717],[85.9037969,20.0293701]]}},{"type":"Feature","properties":{"id":872053968,"highway":"tertiary"},"geometry":{"type":"LineString","coordinates":[[85.9021544,20.0423361],[85.9020691,20.0423532]]}},{"type":"Feature","properties":{"id":872064615,"highway":"tertiary"},"geometry":{"type":"LineString","coordinates":[[85.9155127,20.0349388],[85.9155322,20.0348592],[85.9155695,20.0347808],[85.9156514,20.0347388],[85.9158794,20.034638],[85.9160031,20.034582],[85.9160657,20.0345246],[85.9161089,20.0344434],[85.9161536,20.0343398],[85.9161774,20.034211],[85.916164,20.0338134],[85.9161506,20.0332856],[85.9161461,20.0330448],[85.9161536,20.032916],[85.9161893,20.0328152],[85.9162862,20.0325983],[85.9166349,20.0318731],[85.9168103,20.031462],[85.9172054,20.0305309],[85.9175636,20.0296336],[85.9176223,20.0294455],[85.9176534,20.0292947],[85.9176672,20.0291341],[85.9176758,20.028933],[85.9176603,20.0286217],[85.9176354,20.0272168],[85.9176175,20.0264515],[85.9176178,20.0263629],[85.9176103,20.0259968],[85.9176052,20.0257694],[85.9176073,20.0255647],[85.9176215,20.0254869],[85.917664,20.025387],[85.9177539,20.0252426],[85.9178059,20.0251715],[85.9178792,20.0251115],[85.9180068,20.0250515],[85.9182873,20.0249749],[85.9183401,20.0249537],[85.918331,20.0249114],[85.9183176,20.0248616],[85.9182352,20.0246371],[85.9182077,20.0245688],[85.9179925,20.0240338],[85.9179487,20.0239319],[85.9179046,20.0238274],[85.9178375,20.0236567],[85.9177881,20.0235522],[85.9177069,20.0233997],[85.9175911,20.0232006],[85.9174388,20.0229644],[85.9173489,20.0228227],[85.9172666,20.0227297],[85.9172194,20.0226939],[85.9171828,20.0226753],[85.9171295,20.0226652],[85.9170716,20.0226638],[85.9170198,20.0226667],[85.9168751,20.0226939],[85.9166328,20.0227225],[85.9165627,20.0227225],[85.9164576,20.0227125],[85.9164089,20.0227053],[85.9163723,20.0226924],[85.9163495,20.0226796],[85.916319,20.0226466],[85.9162108,20.0224978],[85.9159696,20.0221618],[85.9159319,20.0221033],[85.915921,20.0220821],[85.9159106,20.0220525],[85.915904,20.0220124],[85.9159106,20.0219785],[85.915986,20.0217952],[85.916004,20.0217397],[85.9160139,20.0216981],[85.9160139,20.0216473],[85.9159778,20.0214532],[85.9158958,20.0210988],[85.9158761,20.0210095],[85.9158515,20.0209386],[85.9158204,20.0208678],[85.9157843,20.0207984],[85.9157613,20.0207491],[85.9157449,20.0207029],[85.915681,20.0204533],[85.9156564,20.0203748],[85.9156367,20.0203332],[85.9156072,20.0203023],[85.9155793,20.0202869],[85.9155367,20.0202823],[85.9153973,20.0203255],[85.9153514,20.0203409],[85.9153235,20.0203439],[85.9152826,20.0203409],[85.915253,20.0203301],[85.9152301,20.020307],[85.9151867,20.0202138],[85.9151089,20.0200269],[85.9150937,20.0199591],[85.9150956,20.019902],[85.9151078,20.0198479],[85.9151548,20.0197039],[85.9151691,20.0196443],[85.9151711,20.0195791],[85.9151589,20.0195176],[85.9151159,20.0193947],[85.9150628,20.0192718],[85.9149729,20.0191066],[85.9149381,20.0190279],[85.9149156,20.018928],[85.9149095,20.0188185],[85.9149034,20.0186245],[85.9149136,20.0183999],[85.9149057,20.0183576],[85.9148436,20.0183603],[85.9146251,20.0183849],[85.9145241,20.0183894],[85.9144708,20.0183933],[85.9143494,20.018392],[85.9142214,20.0183849],[85.9140873,20.0183706],[85.9137766,20.0183377],[85.9132875,20.0182775],[85.9126659,20.0182203],[85.9123871,20.0181902],[85.9122332,20.018163],[85.912061,20.0181229],[85.9119643,20.0180991],[85.9118813,20.0180786],[85.9116024,20.0180055],[85.911444,20.0179554],[85.9113145,20.0179053],[85.9111241,20.0178166],[85.9107706,20.0176391],[85.9106274,20.0175661],[85.9103547,20.0174058],[85.9101977,20.0173127],[85.9101696,20.0172994],[85.9101338,20.0172869],[85.9100743,20.0172755],[85.9099677,20.0172669],[85.9097346,20.0172526],[85.9094649,20.0172368],[85.9093246,20.0172357]]}},{"type":"Feature","properties":{"id":872064620,"highway":"residential"},"geometry":{"type":"LineString","coordinates":[[85.9004167,20.0215724],[85.9003503,20.0220272],[85.9003212,20.0225567],[85.9003426,20.0229007],[85.9003515,20.0229878],[85.9003889,20.0231611],[85.9004174,20.0233888],[85.9004174,20.0234675],[85.9004032,20.0235185],[85.9003809,20.023578],[85.9003551,20.02366],[85.900343,20.023727],[85.9003413,20.0237642],[85.9003494,20.0238244]]}},{"type":"Feature","properties":{"id":872137904,"highway":"residential"},"geometry":{"type":"LineString","coordinates":[[85.9672652,20.0054413],[85.9673345,20.0054167],[85.9673634,20.0054055],[85.9673883,20.0053884],[85.9674381,20.0053415],[85.9676551,20.0051174]]}},{"type":"Feature","properties":{"id":872137905,"highway":"residential"},"geometry":{"type":"LineString","coordinates":[[85.9676551,20.0051174],[85.9676699,20.0051043]]}},{"type":"Feature","properties":{"id":872137906,"highway":"residential"},"geometry":{"type":"LineString","coordinates":[[85.9676699,20.0051043],[85.967703,20.0050812],[85.967757,20.0050487],[85.9679965,20.0049316],[85.9680353,20.0049095],[85.968351,20.004739],[85.9685864,20.0046154],[85.9686307,20.0045985],[85.9686861,20.0045803],[85.9689257,20.0045335],[85.9689977,20.00451],[85.9691375,20.0044632],[85.9694186,20.0043539],[85.9697302,20.0042238],[85.9698146,20.0041848],[85.9698769,20.0041535],[85.9699379,20.0041119],[85.9700708,20.0040234],[85.9701276,20.0039922],[85.9703353,20.0039076],[85.9704087,20.0038712],[85.9705582,20.003797],[85.9705942,20.0037775],[85.9706371,20.0037424],[85.9708227,20.0035849],[85.9709335,20.0035069],[85.9710872,20.003408],[85.9712173,20.0033221],[85.971288,20.003287],[85.9713641,20.003257],[85.97145,20.0032284],[85.9719277,20.0031113],[85.9721478,20.0030684],[85.9724483,20.0030163],[85.9725106,20.0029994],[85.972591,20.0029669],[85.9726519,20.0029252],[85.9726796,20.0028992],[85.9727003,20.0028628],[85.9727253,20.0027756],[85.972764,20.0026689],[85.9727959,20.0026195],[85.9728305,20.0025752],[85.9728665,20.0025518],[85.9729302,20.0025362],[85.9730202,20.0025258],[85.9730964,20.0025167],[85.973149,20.0025245],[85.9731753,20.0025427],[85.9732127,20.0025765],[85.9732571,20.0026356],[85.9732997,20.0027066],[85.9733401,20.0027925]]}},{"type":"Feature","properties":{"id":872147993,"highway":"residential"},"geometry":{"type":"LineString","coordinates":[[85.9008699,20.0000791],[85.8999384,20.0003381],[85.899784,20.0003666],[85.8995343,20.0004195],[85.8994403,20.0004467],[85.8993826,20.0004745],[85.8993657,20.0005024],[85.8993641,20.0005311],[85.8994138,20.0007405],[85.8994363,20.000779],[85.899478,20.0008083],[85.8995173,20.0008181],[85.8995935,20.0008136],[85.8996632,20.0008174],[85.8997153,20.0008287],[85.8997739,20.0008596],[85.8998268,20.0009018],[85.8999278,20.0010261],[85.9001935,20.0014242],[85.9003269,20.0016348],[85.900454,20.0018846],[85.9007047,20.0023679],[85.9007853,20.0025566],[85.9009167,20.0028034],[85.9010449,20.0030201],[85.9010931,20.00312],[85.9011491,20.0032361],[85.9012421,20.0034877],[85.9013116,20.0036837],[85.9013556,20.0038515],[85.9013916,20.0040485],[85.9014277,20.0042042],[85.9015179,20.0045111],[85.9015445,20.0046289],[85.9015732,20.004799],[85.9015999,20.0050487],[85.9016116,20.0050872],[85.9016277,20.0051122],[85.9016606,20.0051348]]}},{"type":"Feature","properties":{"id":872153788,"highway":"residential"},"geometry":{"type":"LineString","coordinates":[[85.993351,19.9998751],[85.9930361,19.9999763],[85.9927962,20.0000491],[85.9927202,20.0000687],[85.992592,20.0000981],[85.992443,20.0001219],[85.9921479,20.0001597],[85.9920019,20.0001765],[85.9918797,20.0002003],[85.9917482,20.0002382],[85.9916365,20.0002763]]}},{"type":"Feature","properties":{"id":872156077,"highway":"tertiary"},"geometry":{"type":"LineString","coordinates":[[85.9875597,19.98974],[85.9873302,19.9898291],[85.987286,19.9898412],[85.9872482,19.9898411],[85.9872178,19.9898266],[85.9869972,19.9896375],[85.9869115,19.9895781],[85.9868771,19.9895658],[85.9868345,19.9895627],[85.9867705,19.989572],[85.9866705,19.9895997],[85.9865122,19.9896595],[85.9864809,19.9896803],[85.986452,19.9897098],[85.9864513,19.9897625],[85.9864726,19.9898113],[85.9867761,19.9903403],[85.9868236,19.9904308],[85.986934,19.9906414],[85.9871277,19.9910108],[85.9872067,19.9911544],[85.9872343,19.9911975],[85.9872653,19.9912406],[85.9873443,19.9913197],[85.9874845,19.9914394],[85.9877584,19.9916394],[85.9880138,19.9918029],[85.9880974,19.9918588],[85.988134,19.9918821],[85.9882404,19.9919745],[85.988467,19.9921813],[85.9885088,19.9922102],[85.9885748,19.9922391],[85.988676,19.9922619],[85.9888916,19.9922908],[85.9889708,19.9923136],[85.9890565,19.992357],[85.9894525,19.9926133],[85.9895427,19.9926753],[85.9896021,19.9927291],[85.9897407,19.9928903],[85.9899404,19.9931781],[85.989983,19.9932395],[85.9900893,19.9934226],[85.9901365,19.9935363],[85.9901719,19.9937082],[85.9902319,19.9939711],[85.9903166,19.9943683],[85.9904582,19.9948759],[85.9906501,19.9954417],[85.9908148,19.9958787],[85.9908693,19.9960143],[85.9909371,19.9961563],[85.9909906,19.9962513],[85.991193,19.9966105],[85.9913795,19.9969572],[85.9914436,19.9970771],[85.9915101,19.9971825],[85.9916402,19.9973764],[85.991769,19.9975612],[85.9918548,19.9976757],[85.9918932,19.9977214],[85.9920182,19.9978708],[85.9922786,19.9981545],[85.992417,19.9983054],[85.9925403,19.9984525],[85.9925804,19.9985019],[85.9926164,19.998554],[85.9927701,19.9988168],[85.9928948,19.999038],[85.9929238,19.9991005],[85.9929695,19.9992007],[85.9930969,19.9994947],[85.9931288,19.9995637],[85.9931648,19.9996223],[85.9932451,19.9997394],[85.993351,19.9998751],[85.9933974,19.9999345],[85.9936023,20.0002],[85.993648,20.0002663],[85.9936854,20.0003236],[85.993727,20.0004069],[85.9938472,20.0006904],[85.9940068,20.0010546],[85.9940618,20.0011642],[85.99409,20.0012247],[85.9941135,20.0012669],[85.9941423,20.0013066],[85.9941752,20.0013444],[85.9942456,20.00142],[85.9943233,20.0015045],[85.9944588,20.0016381],[85.9945708,20.0017446],[85.9946767,20.0018605],[85.9947585,20.0019588],[85.9948537,20.0020672],[85.9948806,20.0020955],[85.9949248,20.002134],[85.995016,20.0021963],[85.9951441,20.0022776],[85.9952795,20.0023671],[85.9953345,20.002403],[85.995358,20.0024238],[85.9954177,20.0024774],[85.9954485,20.0025265],[85.9954888,20.0025996],[85.9956068,20.0028063],[85.9957127,20.0030029],[85.9958079,20.0031717],[85.9958723,20.0033104],[85.9959085,20.0034099],[85.9959689,20.0035485],[85.9960172,20.0036141],[85.9960775,20.0036935],[85.9961177,20.0037817],[85.9962277,20.0040337],[85.9962693,20.0041118],[85.9963296,20.0042196],[85.9963518,20.0042631],[85.9963618,20.0042933],[85.9963732,20.0043355],[85.996394,20.0043878],[85.9964403,20.0044786],[85.9965127,20.0046184],[85.9965831,20.0047155],[85.996674,20.004862],[85.9967009,20.0048913],[85.9967265,20.00491],[85.9967556,20.0049161],[85.996784,20.0049192],[85.9968195,20.0049168],[85.9970143,20.0048774],[85.9971678,20.0048484],[85.9972825,20.0048251],[85.997377,20.0048068],[85.9974575,20.0047974],[85.997536,20.0047936],[85.9978578,20.0047816],[85.998342,20.0047621],[85.998745,20.0047407],[85.9989146,20.0047268],[85.9991332,20.0046959],[85.9994578,20.0046562],[85.9999506,20.0045945],[86.0002235,20.0045598],[86.0002933,20.004558],[86.0003402,20.0045598],[86.0003724,20.0045706],[86.0004039,20.0045863],[86.0004254,20.0046096],[86.0004455,20.0046449],[86.0004783,20.0047085],[86.0005078,20.0047879],[86.000536,20.004885],[86.0005501,20.0049984],[86.0005555,20.0051137],[86.0005588,20.0054048],[86.0005776,20.005832],[86.000589,20.0059246],[86.0005997,20.0059574],[86.0006104,20.0059788],[86.0006269,20.0059981],[86.0006507,20.0060142],[86.0006792,20.0060247],[86.0007041,20.0060311],[86.0007378,20.0060359],[86.0007865,20.0060428],[86.0008656,20.0060541],[86.0009269,20.0060626],[86.0009886,20.0060746],[86.001057,20.0060916],[86.0011167,20.0061055],[86.0011529,20.0061136],[86.0012019,20.0061225],[86.0012468,20.0061256],[86.0012937,20.0061259],[86.0013521,20.0061212],[86.0014081,20.0061184],[86.0014402,20.0061143],[86.0014778,20.0061061],[86.0015177,20.0060916],[86.001577,20.0060699],[86.0017001,20.0060198],[86.0020313,20.0058881],[86.0027636,20.0055831],[86.0028467,20.0055528],[86.0028907,20.0055352],[86.0029408,20.0055124],[86.0029822,20.005493],[86.0030089,20.0054799],[86.0030331,20.0054652],[86.0030541,20.0054307],[86.0030546,20.0054086],[86.0030513,20.0053711],[86.0027441,20.0035863],[86.0024524,20.0020632],[86.0023917,20.0017115],[86.0023216,20.0013048],[86.002154,20.0004438],[86.0021497,20.0004165],[86.0020515,19.9998131],[86.0019869,19.9995301],[86.0019176,19.999274],[86.0018363,19.9990224],[86.0017479,19.9988359],[86.0015566,19.9985349],[86.0012936,19.9981485],[86.001045,19.997771],[86.0009518,19.9976205],[86.000892,19.9975037],[86.0008035,19.9972633],[86.0007462,19.9970319],[86.0007127,19.9968567],[86.0006888,19.9966837],[86.0006888,19.9965062],[86.000696,19.9963422],[86.0007127,19.9962209],[86.000794,19.9958839],[86.0011861,19.9947382],[86.0015733,19.9936037],[86.0019152,19.9926196],[86.0020213,19.9922769],[86.0021256,19.9919299],[86.0023336,19.9912694],[86.0025392,19.9904943],[86.002682,19.9900167],[86.0029981,19.9889145],[86.003042,19.9887608],[86.0032355,19.9880863],[86.0034516,19.9873088],[86.0035033,19.9870895],[86.003509,19.9870624],[86.003515,19.9870128],[86.0035194,19.9869724],[86.0035255,19.986949],[86.0035365,19.9869275],[86.003557,19.9869161],[86.0035938,19.9869171]]}},{"type":"Feature","properties":{"id":872156078,"highway":"residential"},"geometry":{"type":"LineString","coordinates":[[85.9916365,20.0002763],[85.9916195,20.000282]]}},{"type":"Feature","properties":{"id":872160474,"highway":"residential"},"geometry":{"type":"LineString","coordinates":[[85.9039941,20.0304391],[85.9039787,20.0306177],[85.9039787,20.0309112],[85.9039598,20.0311787],[85.9039396,20.0312765],[85.9038934,20.0313647],[85.9038368,20.0314235],[85.9037652,20.0314571],[85.9033763,20.0315271]]}},{"type":"Feature","properties":{"id":872160475,"highway":"residential"},"geometry":{"type":"LineString","coordinates":[[85.9045105,20.0358154],[85.9045301,20.0359339],[85.9045411,20.0360455],[85.9045371,20.0361858],[85.9045293,20.0362849],[85.9045151,20.0363558],[85.9044837,20.0364371],[85.9044671,20.0364821],[85.9044624,20.0365257],[85.9044742,20.0366055],[85.9045017,20.0366676],[85.90467,20.0370717],[85.9047023,20.0371589],[85.904723,20.0372732]]}},{"type":"Feature","properties":{"id":872160476,"highway":"residential"},"geometry":{"type":"LineString","coordinates":[[85.9061477,20.0315524],[85.9062456,20.0315389],[85.9063213,20.031509],[85.9067919,20.031253]]}},{"type":"Feature","properties":{"id":872160478,"highway":"residential"},"geometry":{"type":"LineString","coordinates":[[85.9053801,20.0390827],[85.9057473,20.0387025],[85.9060877,20.0382437],[85.9061273,20.0381564],[85.9061822,20.037863],[85.906234,20.0376497],[85.9063071,20.0374894],[85.9063924,20.0373362],[85.9064777,20.0372232],[85.9066179,20.0370686],[85.9067276,20.0369698],[85.9071436,20.0367435],[85.9072264,20.0366817],[85.9073001,20.0365718],[85.9073409,20.0364815],[85.9073619,20.0364111],[85.9073922,20.0363691],[85.9074198,20.0363197],[85.9074211,20.0362653],[85.907408,20.0361998],[85.9073777,20.0360738],[85.907329,20.03586],[85.9073356,20.0358155],[85.9073553,20.0357772],[85.9074172,20.0357401],[85.9074842,20.035703],[85.9075329,20.0356499],[85.9075645,20.0355782],[85.9075737,20.0354917],[85.9075645,20.0353706],[85.9075057,20.0350551]]}},{"type":"Feature","properties":{"id":872160479,"highway":"tertiary"},"geometry":{"type":"LineString","coordinates":[[85.9024853,20.0176093],[85.9024779,20.0176693],[85.9024708,20.0177972],[85.9024566,20.0181109],[85.9024459,20.0183089],[85.9024329,20.0184123],[85.9024187,20.018479],[85.9023797,20.0186047],[85.9023039,20.0188116],[85.9022269,20.0189607],[85.9020825,20.0192165],[85.9019218,20.0194821],[85.9018967,20.0195235],[85.9018292,20.0196403],[85.9017676,20.0197693],[85.9017321,20.0198794],[85.9017096,20.0199773],[85.9017049,20.0200429],[85.9017108,20.0201474],[85.9017262,20.0202286],[85.9017806,20.0204444],[85.9018472,20.0207182],[85.9019076,20.0209749],[85.9019203,20.0210704],[85.9019266,20.0211629],[85.9019219,20.0212778],[85.9019107,20.0213808],[85.9018854,20.0215212],[85.9018441,20.0216525],[85.9017616,20.0218629],[85.9017171,20.0219853],[85.9016917,20.0220837],[85.9016726,20.0221957],[85.9016663,20.022321],[85.9016694,20.0224449],[85.9016933,20.0226359],[85.9017504,20.0229179],[85.9017854,20.0230522],[85.9018298,20.023188],[85.901868,20.0232775],[85.9019093,20.0233447],[85.901999,20.0234694],[85.90203,20.0235148],[85.9020665,20.023579],[85.9021157,20.0236804],[85.9021729,20.023858],[85.902265,20.0242221],[85.9023831,20.0246233],[85.9024974,20.0250187],[85.9026531,20.0255559],[85.9026853,20.0256503],[85.9027589,20.0258093],[85.9027846,20.0258888],[85.9028288,20.0260288],[85.9029024,20.0262863],[85.9029575,20.026473],[85.9030091,20.0266147],[85.9030385,20.02667],[85.9030771,20.026734],[85.903125,20.0267893],[85.9032151,20.0268654],[85.9033218,20.0269414],[85.9036198,20.0271384],[85.9038939,20.0273096],[85.9039809,20.0273635],[85.9043152,20.0275708],[85.904417,20.0276346],[85.904531,20.027706],[85.9048202,20.0278871],[85.9052191,20.0281186],[85.9052381,20.0281349],[85.9052394,20.028155],[85.9052285,20.0281777]]}},{"type":"Feature","properties":{"id":872160480,"highway":"residential"},"geometry":{"type":"LineString","coordinates":[[85.9044109,20.0290902],[85.9041398,20.0286041],[85.9039883,20.0283326]]}},{"type":"Feature","properties":{"id":872160481,"highway":"tertiary"},"geometry":{"type":"LineString","coordinates":[[85.9058929,20.0324022],[85.9059273,20.0324617]]}},{"type":"Feature","properties":{"id":872160482,"highway":"tertiary"},"geometry":{"type":"LineString","coordinates":[[85.9059273,20.0324617],[85.9062063,20.0329006],[85.9062701,20.0330598],[85.9063339,20.0332437],[85.9065935,20.0337873],[85.9069869,20.0345029],[85.9071439,20.0348561],[85.9071768,20.0349962],[85.9071891,20.0350949],[85.9071756,20.0351627],[85.907128,20.0352327],[85.9070534,20.035297],[85.9069385,20.0353579],[85.9065146,20.0354585],[85.9057708,20.0356237],[85.9053003,20.0357432],[85.9051182,20.0357708],[85.9050412,20.0357627],[85.9049141,20.0357317],[85.904831,20.0357271],[85.9047173,20.0357455],[85.9045105,20.0358154],[85.9043695,20.0358478],[85.9039886,20.0358993],[85.903786,20.0359221],[85.9035623,20.035941],[85.9035159,20.0359588],[85.9034874,20.0359975],[85.9034726,20.0360431],[85.9034631,20.0360956],[85.9034779,20.0362175],[85.9035222,20.0364485],[85.9035486,20.0365318],[85.9036235,20.0366666],[85.9037449,20.036852],[85.9038715,20.0369808],[85.9040698,20.0371751],[85.904131,20.0372207],[85.904188,20.0372346],[85.9042587,20.0372425],[85.9046164,20.0372475],[85.9046839,20.0372534],[85.904723,20.0372732],[85.9047504,20.0373188],[85.9047736,20.0373744],[85.9047989,20.0374705],[85.9048248,20.0376068],[85.90487,20.0377882],[85.9049922,20.0381522],[85.905118,20.0385191],[85.9051973,20.0387917],[85.9052455,20.0388855],[85.9053141,20.0389651],[85.9053606,20.0390334],[85.9053801,20.0390827],[85.9053962,20.0391654],[85.9053962,20.0392179],[85.9053874,20.0392612],[85.905358,20.0393256],[85.9052953,20.0394159],[85.905185,20.0395552],[85.9051588,20.0396214],[85.9051539,20.0396677],[85.9051621,20.0397231],[85.9051883,20.0397878],[85.9051932,20.0398232],[85.905167,20.0398741],[85.9050867,20.0399526],[85.9049265,20.0400987],[85.9045593,20.0403118],[85.9044707,20.0403722],[85.9044095,20.0404278],[85.9043599,20.0404882],[85.9042945,20.0405883],[85.9042078,20.0407148],[85.9039018,20.0410753],[85.9036887,20.0413147],[85.9035951,20.0413982],[85.9032861,20.0416501],[85.9029369,20.0419257],[85.9026418,20.042122],[85.9024321,20.0422244],[85.9021544,20.0423361]]}},{"type":"Feature","properties":{"id":872164712,"highway":"residential"},"geometry":{"type":"LineString","coordinates":[[85.9075161,20.0428571],[85.9070485,20.0429573],[85.9067861,20.0429881],[85.9066179,20.0430048],[85.9063322,20.0430767],[85.9061764,20.0431409],[85.9060328,20.0432141],[85.9058182,20.0433182],[85.905516,20.0434406],[85.9053486,20.0435164],[85.9049742,20.0437549],[85.9046989,20.0439651],[85.9045608,20.0440917],[85.9041549,20.0445569]]}},{"type":"Feature","properties":{"id":872164713,"highway":"residential"},"geometry":{"type":"LineString","coordinates":[[85.9058191,20.0444585],[85.905516,20.0434406],[85.9054721,20.0433728],[85.9054626,20.0433301],[85.905473,20.043274],[85.9055062,20.0432118],[85.9056186,20.0430826],[85.9059809,20.0426809],[85.9060598,20.0425956],[85.9061428,20.0424736],[85.9063149,20.0421717],[85.906472,20.0419583],[85.9066195,20.0417721],[85.9067564,20.0416224],[85.9069865,20.0413763],[85.9071043,20.041256],[85.90725,20.0411489],[85.9073656,20.0410522],[85.9074221,20.0409713],[85.9075088,20.0408245],[85.9075937,20.0406557],[85.9076155,20.0405966],[85.9076256,20.0405118],[85.9076244,20.0404033],[85.9076218,20.0402386],[85.9076295,20.0401586],[85.9076592,20.0401216],[85.9077265,20.0400717],[85.9077596,20.0400417],[85.9077867,20.0399652],[85.9078763,20.039656],[85.9079432,20.0394253],[85.9080018,20.0392973],[85.9080477,20.0392393],[85.9081656,20.0391489],[85.9081934,20.0391045],[85.9082076,20.0390534],[85.9082662,20.0385669],[85.9082947,20.0383944],[85.9083142,20.0383252],[85.908353,20.0382505],[85.9083978,20.0381883],[85.9084665,20.0381026],[85.9085317,20.0380231],[85.9085806,20.0379466],[85.9086204,20.037847],[85.9086356,20.0377886],[85.9086591,20.0375968],[85.9086762,20.0374858],[85.9087012,20.0374459],[85.9087415,20.037428],[85.9087926,20.0374252],[85.9088753,20.0374153],[85.9089159,20.0373981],[85.9089382,20.0373666],[85.9089539,20.0373235],[85.9089782,20.0372286],[85.9089905,20.0371618],[85.9089889,20.0371265],[85.9089676,20.0371073],[85.9089022,20.0370996],[85.9088123,20.0370781],[85.9087845,20.0370551],[85.9087853,20.0370244],[85.9088086,20.0369376],[85.9088924,20.0366258]]}},{"type":"Feature","properties":{"id":872164714,"highway":"residential"},"geometry":{"type":"LineString","coordinates":[[85.9075937,20.0406557],[85.9076905,20.0406851],[85.907766,20.0406931],[85.9078422,20.0406884],[85.9080489,20.0406526],[85.908605,20.0405353]]}},{"type":"Feature","properties":{"id":872164732,"highway":"unclassified"},"geometry":{"type":"LineString","coordinates":[[85.9781169,20.0188914],[85.9781808,20.0188602],[85.9782283,20.0188443],[85.9782842,20.0188344],[85.9783401,20.0188285],[85.9784129,20.0188265],[85.9786193,20.0188267],[85.9790067,20.0188474],[85.9791326,20.0188462],[85.97919,20.0188428],[85.9792841,20.0188325],[85.9794002,20.0188129],[85.9799013,20.0187222],[85.980015,20.018697],[85.980169,20.0186533],[85.9804965,20.0185557],[85.9810756,20.0183591],[85.9811485,20.0183259],[85.9812492,20.0182808],[85.9812716,20.0182771],[85.981301,20.0182852],[85.9813255,20.0183067],[85.9813437,20.0183349],[85.9815462,20.0187066],[85.9815998,20.0187829],[85.9816389,20.0188289],[85.9816939,20.018884],[85.9818736,20.0190987],[85.9820239,20.0193134],[85.9820508,20.0193433],[85.9820911,20.0193697],[85.9821473,20.0193858],[85.9822158,20.019395],[85.9823001,20.019395],[85.9826533,20.019395],[85.982767,20.0193869],[85.9828183,20.0193823],[85.9829014,20.0193709],[85.9831886,20.0193169],[85.9836543,20.0192101],[85.9841761,20.0190769],[85.9845489,20.0189873],[85.9849461,20.0189058],[85.9852919,20.018838],[85.9855083,20.0187875],[85.9856415,20.0187473],[85.9857551,20.0187025],[85.9859935,20.0185889],[85.9862134,20.0184981],[85.9862403,20.0184935],[85.9862697,20.0184993],[85.9862965,20.0185165],[85.9863149,20.0185383],[85.9863418,20.0185912],[85.9863474,20.0186121],[85.986409,20.0188403],[85.9865202,20.0192514],[85.9866339,20.0196729],[85.9867402,20.0200449],[85.98686,20.020526],[85.9869137,20.0207109],[85.9869541,20.0208292],[85.9870213,20.020998],[85.9871194,20.0212532],[85.9872223,20.0215209],[85.987312,20.0217514],[85.9873347,20.0217834],[85.9873688,20.0218036],[85.9874199,20.0218154],[85.9874869,20.0218196],[85.9875584,20.0218175],[85.988074,20.0217364],[85.9883669,20.0216873],[85.9884396,20.0216788],[85.9885753,20.0216784]]}},{"type":"Feature","properties":{"id":872164733,"highway":"residential"},"geometry":{"type":"LineString","coordinates":[[85.9831869,20.0294405],[85.9831036,20.0296919],[85.9830635,20.0297881],[85.9829822,20.0299149],[85.9829295,20.0299724],[85.9828598,20.03002],[85.9827828,20.0300627],[85.9826994,20.0300944],[85.9825781,20.0301251],[85.9824103,20.0301767],[85.9822676,20.0302299],[85.9820427,20.0303185],[85.9817815,20.0304123],[85.9814863,20.0305393],[85.9811524,20.0306769],[85.9806528,20.0308892],[85.9805131,20.0309437],[85.9804416,20.0309703],[85.9803666,20.0310087],[85.9803257,20.0310311],[85.9802724,20.0310706],[85.9802337,20.0311101],[85.9802042,20.031156],[85.9801361,20.0313075],[85.9800861,20.0313939],[85.9800259,20.031476],[85.9799896,20.031508],[85.979943,20.0315326],[85.9798624,20.0315603],[85.9797818,20.0315784],[85.9796978,20.0315881],[85.9795581,20.0315955],[85.9793775,20.0316094],[85.9791606,20.0316425],[85.9789528,20.0316777],[85.978879,20.0316883],[85.9787143,20.0317075],[85.9784884,20.0317363],[85.9783669,20.031747],[85.9782317,20.0317481],[85.9781352,20.0317385],[85.9780841,20.0317214],[85.978058,20.0317054],[85.9780387,20.0316787],[85.9780239,20.0316371],[85.978008,20.0315656],[85.9779944,20.0314568],[85.9779671,20.0312915],[85.9778911,20.0310322],[85.9778502,20.0308828],[85.9778138,20.0307036],[85.9777968,20.030582],[85.9777775,20.0304892],[85.9777537,20.0304102],[85.9777116,20.0303174],[85.9776549,20.0301904],[85.9775947,20.0300699],[85.9775402,20.0299685],[85.9774845,20.0298874],[85.9774579,20.0298535],[85.9774221,20.0298224],[85.9773487,20.0297728],[85.9773219,20.0297555],[85.9772256,20.0297061],[85.9771643,20.0296847],[85.9771007,20.0296773],[85.9770598,20.0296805],[85.977003,20.0296911],[85.9767509,20.0297818],[85.976592,20.0298458],[85.9765533,20.0298544],[85.9765295,20.029849],[85.9765125,20.029832],[85.9764591,20.0297253],[85.9763603,20.029497],[85.9763228,20.0294009],[85.9763035,20.0293391],[85.9762819,20.0292825],[85.9762604,20.029259],[85.9762184,20.0292334],[85.9761468,20.0292132],[85.9758095,20.0291257],[85.9757619,20.0291022],[85.975712,20.0290629],[85.975688,20.0290211],[85.9756313,20.0289134],[85.9755756,20.0288035],[85.9755484,20.0287309],[85.9755347,20.0286755],[85.9755279,20.0286296],[85.9755098,20.0283895],[85.9755086,20.028302],[85.975512,20.02827],[85.9755257,20.028222],[85.9755416,20.0281953],[85.9755768,20.0281527],[85.9757124,20.028049],[85.9758418,20.0279452],[85.9759463,20.0278663],[85.9760689,20.0277905],[85.9762609,20.0276678],[85.9763574,20.0276145],[85.9764948,20.0275377],[85.97658,20.0274993],[85.9767333,20.0274406],[85.9767631,20.0274282],[85.9771091,20.0272848],[85.977165,20.0272627],[85.9773601,20.0271856],[85.9775747,20.0270885],[85.9779531,20.0269246]]}},{"type":"Feature","properties":{"id":872164737,"highway":"residential"},"geometry":{"type":"LineString","coordinates":[[85.9749234,20.0280626],[85.9750756,20.0282873],[85.97509,20.0283007],[85.9751084,20.0283069],[85.9751292,20.0283035],[85.975155,20.0282909],[85.975407,20.0281666]]}},{"type":"Feature","properties":{"id":872164738,"highway":"residential"},"geometry":{"type":"LineString","coordinates":[[85.9769525,20.0268747],[85.977165,20.0272627]]}},{"type":"Feature","properties":{"id":872164739,"highway":"residential"},"geometry":{"type":"LineString","coordinates":[[85.9767631,20.0274282],[85.9769694,20.0278148]]}},{"type":"Feature","properties":{"id":872169565,"highway":"residential"},"geometry":{"type":"LineString","coordinates":[[85.9745206,20.0292139],[85.9747699,20.0290783],[85.9749873,20.0289444],[85.9751751,20.0288324],[85.9752722,20.0287739],[85.975345,20.0287204],[85.9754135,20.0286659],[85.9754352,20.0286528],[85.9754656,20.0286399]]}},{"type":"Feature","properties":{"id":872169567,"highway":"residential"},"geometry":{"type":"LineString","coordinates":[[85.9713079,20.0256638],[85.9713192,20.0256422],[85.9713265,20.0256233],[85.9713254,20.0256027],[85.9713139,20.0255792],[85.971296,20.025552],[85.9712923,20.0255337],[85.9712996,20.0255165],[85.9713241,20.0254935],[85.9715685,20.0253018],[85.9716382,20.0252386],[85.9716712,20.0251996],[85.9716932,20.0251617],[85.971731,20.0250779],[85.9717697,20.0250046],[85.9718158,20.0249379],[85.9718697,20.0248798],[85.9719565,20.0248056],[85.9720624,20.0247298]]}},{"type":"Feature","properties":{"id":872169569,"highway":"residential"},"geometry":{"type":"LineString","coordinates":[[85.9704589,20.0253425],[85.9707389,20.0251723]]}},{"type":"Feature","properties":{"id":872170252,"highway":"residential"},"geometry":{"type":"LineString","coordinates":[[85.9720963,20.0247055],[85.9723156,20.0245486]]}},{"type":"Feature","properties":{"id":872170253,"highway":"residential"},"geometry":{"type":"LineString","coordinates":[[85.9720624,20.0247298],[85.9720963,20.0247055]]}},{"type":"Feature","properties":{"id":872170254,"highway":"residential"},"geometry":{"type":"LineString","coordinates":[[85.975446,20.0281532],[85.9754686,20.0281489],[85.9754876,20.0281522],[85.975501,20.0281576],[85.9755416,20.0281953]]}},{"type":"Feature","properties":{"id":872170255,"highway":"residential"},"geometry":{"type":"LineString","coordinates":[[85.975407,20.0281666],[85.975446,20.0281532]]}},{"type":"Feature","properties":{"id":872170256,"highway":"residential"},"geometry":{"type":"LineString","coordinates":[[85.9754656,20.0286399],[85.9754999,20.028632]]}},{"type":"Feature","properties":{"id":872170257,"highway":"residential"},"geometry":{"type":"LineString","coordinates":[[85.9754999,20.028632],[85.9755279,20.0286296]]}},{"type":"Feature","properties":{"id":872171522,"highway":"residential"},"geometry":{"type":"LineString","coordinates":[[85.9077596,20.0400417],[85.9079664,20.0399937],[85.9080662,20.0399772],[85.9081671,20.0399741],[85.9082592,20.0399751],[85.9086485,20.0400132]]}},{"type":"Feature","properties":{"id":872171525,"highway":"residential"},"geometry":{"type":"LineString","coordinates":[[85.9195298,20.048384],[85.9190888,20.048413],[85.9190022,20.0484187],[85.9183419,20.0484123],[85.9180023,20.0483794],[85.9176461,20.048321],[85.9174089,20.0482593],[85.9172532,20.0481701],[85.9167216,20.0476854],[85.9166255,20.0475716],[85.9165619,20.047426],[85.9165333,20.0473547],[85.9165027,20.0472652],[85.9164427,20.0471371],[85.9163771,20.0470067],[85.9163287,20.0469195],[85.9162751,20.0468462],[85.9161825,20.0467461],[85.9161155,20.0466997],[85.9159084,20.0466146]]}},{"type":"Feature","properties":{"id":872171526,"highway":"residential"},"geometry":{"type":"LineString","coordinates":[[85.914072,20.0428925],[85.914077,20.0429382]]}},{"type":"Feature","properties":{"id":872171527,"highway":"residential"},"geometry":{"type":"LineString","coordinates":[[85.914077,20.0429382],[85.9140874,20.0430394]]}},{"type":"Feature","properties":{"id":872171528,"highway":"residential"},"geometry":{"type":"LineString","coordinates":[[85.9140874,20.0430394],[85.9141065,20.0433481],[85.9141493,20.0436027],[85.9142328,20.0439469],[85.9143487,20.0443791],[85.914376,20.0446881],[85.9143743,20.044965],[85.9143964,20.0451539],[85.9144578,20.0453268],[85.9145788,20.0455061],[85.9146572,20.0456742],[85.914738,20.0459753],[85.9148396,20.0466963]]}},{"type":"Feature","properties":{"id":872171529,"highway":"residential"},"geometry":{"type":"LineString","coordinates":[[85.9163053,20.0422743],[85.9163535,20.0423751],[85.9163664,20.0424355],[85.9163523,20.0424951],[85.9163328,20.0425309],[85.9162147,20.0426822],[85.9161299,20.0428088],[85.9159992,20.0430668],[85.9156234,20.0439091],[85.9155896,20.0440108],[85.9155702,20.0440999],[85.9155662,20.0442214],[85.9155906,20.0443803],[85.9157866,20.0454341],[85.9159135,20.04651],[85.9159181,20.0465654],[85.9159084,20.0466146],[85.9158822,20.0466461],[85.9158292,20.0466701],[85.9157287,20.0466953],[85.9156032,20.0467262],[85.9155051,20.0467376],[85.9152906,20.0467342],[85.9150917,20.0467159],[85.9149483,20.0467001],[85.9148396,20.0466963],[85.9147615,20.0467064],[85.9146904,20.0467297],[85.9146047,20.0467761],[85.914508,20.0468503],[85.9144581,20.0469452],[85.9144647,20.0471821],[85.9144845,20.0473995],[85.9145132,20.0476692],[85.9145533,20.0481048],[85.9145469,20.0482181],[85.9145342,20.0482981],[85.9145088,20.0483434],[85.9144351,20.0483864],[85.9140731,20.0485594],[85.913969,20.0485964],[85.9138338,20.0486149],[85.913552,20.0486366],[85.9133197,20.048656],[85.9132539,20.0486777],[85.913187,20.0487127],[85.9130883,20.0487415],[85.9126694,20.0487724],[85.9116222,20.048859]]}},{"type":"Feature","properties":{"id":872183650,"highway":"residential"},"geometry":{"type":"LineString","coordinates":[[85.9188241,20.0470556],[85.9181036,20.0470699],[85.9174889,20.0471113],[85.9170761,20.0471551],[85.9165027,20.0472652]]}},{"type":"Feature","properties":{"id":872183651,"highway":"residential"},"geometry":{"type":"LineString","coordinates":[[85.9145088,20.0483434],[85.9146139,20.0484573],[85.9146661,20.0484928],[85.9147294,20.0485064],[85.9148171,20.0484834],[85.9149537,20.0484125],[85.9150515,20.0483697],[85.9152048,20.0483457],[85.9155368,20.0483092],[85.9156479,20.0483217],[85.9157934,20.0483561],[85.9158936,20.0484093],[85.9159598,20.048458],[85.9160103,20.0484801],[85.9160998,20.0484967],[85.9171937,20.0485489],[85.9172996,20.0485466],[85.9173551,20.0485334],[85.9173866,20.0485062],[85.9173949,20.048472],[85.9174089,20.0482593]]}},{"type":"Feature","properties":{"id":872183653,"highway":"residential"},"geometry":{"type":"LineString","coordinates":[[85.9155998,20.0366645],[85.9164278,20.0367479],[85.9165676,20.0367752],[85.9166631,20.036809],[85.9167157,20.0368533],[85.9167656,20.0368923],[85.9168404,20.0369053],[85.9172225,20.0369053]]}},{"type":"Feature","properties":{"id":872183654,"highway":"residential"},"geometry":{"type":"LineString","coordinates":[[85.9234252,20.0312941],[85.9232045,20.0321488],[85.9231901,20.0322317],[85.9231853,20.0323055],[85.9231949,20.0323914],[85.9231853,20.0324562],[85.9231512,20.03262],[85.9231163,20.0328495],[85.9230987,20.0331568],[85.9230792,20.0334911],[85.9230816,20.033554],[85.9230947,20.0335843],[85.923133,20.0335967],[85.9232083,20.0335821],[85.9237856,20.0334675],[85.9245519,20.0333156]]}},{"type":"Feature","properties":{"id":872183655,"highway":"residential"},"geometry":{"type":"LineString","coordinates":[[85.9231512,20.03262],[85.923769,20.0325854],[85.9241332,20.0325513],[85.9243075,20.0325205],[85.9244525,20.0324897],[85.9245457,20.0325059],[85.9246498,20.0325501],[85.924708,20.0325809],[85.9247539,20.0326161]]}},{"type":"Feature","properties":{"id":872183656,"highway":"tertiary"},"geometry":{"type":"LineString","coordinates":[[85.915313,20.0425433],[85.9154373,20.041291],[85.9154441,20.0411474],[85.9154576,20.041062],[85.9154993,20.0409262],[85.9155187,20.0407947],[85.9155187,20.0406379],[85.9155127,20.0404013],[85.9155395,20.0400247],[85.9155306,20.0398217],[85.9155112,20.0395711],[85.9154456,20.0391792],[85.9154069,20.038944],[85.915392,20.0387662],[85.9154278,20.0384386],[85.9154978,20.0375455],[85.9155455,20.0371885],[85.9155998,20.0366645],[85.9156125,20.0365417],[85.915623,20.0364088],[85.9156081,20.0362898],[85.9155529,20.0360644],[85.915538,20.035923],[85.915538,20.0358264],[85.9155499,20.035727],[85.9155514,20.0356192],[85.9155499,20.0354904],[85.9154968,20.0350453]]}},{"type":"Feature","properties":{"id":872183658,"highway":"tertiary"},"geometry":{"type":"LineString","coordinates":[[85.9154968,20.0350453],[85.9155127,20.0349388]]}},{"type":"Feature","properties":{"id":872186438,"highway":"residential"},"geometry":{"type":"LineString","coordinates":[[85.9164278,20.0367479],[85.9164126,20.0363494],[85.9164088,20.0362663],[85.9163907,20.0361936],[85.9163584,20.0361657],[85.916321,20.0361414],[85.9162991,20.0361002],[85.9162939,20.0359802],[85.9163017,20.0357643],[85.9163184,20.0356625],[85.9163417,20.0355873],[85.9163843,20.0355133],[85.9165107,20.0353096],[85.9165469,20.0352647],[85.9165921,20.0352453],[85.9166424,20.0352538],[85.916749,20.0352771],[85.9173497,20.0354369],[85.917622,20.0354915],[85.9179653,20.0355412],[85.9181731,20.0355739],[85.9182802,20.0355994],[85.9185577,20.0356964]]}},{"type":"Feature","properties":{"id":872186439,"highway":"residential"},"geometry":{"type":"LineString","coordinates":[[85.916749,20.0352771],[85.916765,20.0348398],[85.916759,20.0346381],[85.9167323,20.0344407],[85.9167184,20.0343252],[85.9167184,20.0341951],[85.9167236,20.0339576],[85.9167375,20.0338925],[85.9167565,20.0338567],[85.9168275,20.0337949],[85.9168535,20.0337054],[85.9168777,20.0335281],[85.9168812,20.0333345],[85.9168691,20.0330905],[85.9168691,20.0329782],[85.916876,20.032892],[85.9168985,20.0328237],[85.9169626,20.032674],[85.9170024,20.0325357],[85.9170388,20.0324072]]}},{"type":"Feature","properties":{"id":872186440,"highway":"residential"},"geometry":{"type":"LineString","coordinates":[[85.9157533,20.0314688],[85.9168103,20.031462]]}},{"type":"Feature","properties":{"id":872186441,"highway":"residential"},"geometry":{"type":"LineString","coordinates":[[85.9056653,20.0318838],[85.904838,20.0323039]]}},{"type":"Feature","properties":{"id":872186443,"highway":"residential"},"geometry":{"type":"LineString","coordinates":[[85.9071891,20.0350949],[85.9075057,20.0350551],[85.9080781,20.034983],[85.9083792,20.0349706],[85.908604,20.0349749],[85.9087244,20.0349621],[85.9087993,20.0349354],[85.9088652,20.0348852],[85.9089118,20.034817],[85.9089703,20.0346886],[85.9091093,20.0343838],[85.9091712,20.0342559],[85.9091991,20.0342131],[85.9092356,20.0341769],[85.9092737,20.0341615],[85.9092983,20.0341625]]}},{"type":"Feature","properties":{"id":872186444,"highway":"residential"},"geometry":{"type":"LineString","coordinates":[[85.9092983,20.0341625],[85.909402,20.0341921]]}},{"type":"Feature","properties":{"id":872186445,"highway":"residential"},"geometry":{"type":"LineString","coordinates":[[85.909402,20.0341921],[85.9094356,20.0341931],[85.9094784,20.0341831],[85.9095452,20.0341534],[85.9096449,20.0340891],[85.9097853,20.0339969],[85.9098689,20.0339519],[85.909938,20.0339247],[85.9100126,20.0339027],[85.9103547,20.0338368]]}},{"type":"Feature","properties":{"id":872186446,"highway":"residential"},"geometry":{"type":"LineString","coordinates":[[85.9088086,20.0369376],[85.9084857,20.0369127],[85.9083601,20.0369057],[85.9083078,20.0368916],[85.9082854,20.0368607],[85.9082869,20.0368172],[85.9084853,20.0363848]]}},{"type":"Feature","properties":{"id":872186448,"highway":"residential"},"geometry":{"type":"LineString","coordinates":[[85.9085156,20.0363178],[85.9092411,20.0346079],[85.9094356,20.0341931]]}},{"type":"Feature","properties":{"id":872186449,"highway":"residential"},"geometry":{"type":"LineString","coordinates":[[85.9084853,20.0363848],[85.9085156,20.0363178]]}},{"type":"Feature","properties":{"id":872186450,"highway":"residential"},"geometry":{"type":"LineString","coordinates":[[85.9160534,20.0303882],[85.9166545,20.0304276],[85.9168518,20.0304459],[85.9169907,20.0304746],[85.9172054,20.0305309]]}},{"type":"Feature","properties":{"id":872186773,"highway":"unclassified"},"geometry":{"type":"LineString","coordinates":[[85.9571942,20.027387],[85.9572097,20.0273652],[85.9572213,20.0273361],[85.9572232,20.0272942],[85.9571864,20.027001],[85.9571728,20.0268335],[85.9571728,20.026706],[85.9571786,20.0266277],[85.9571903,20.0265604],[85.9573027,20.0261561],[85.9574132,20.0257883],[85.957628,20.0250758],[85.9576405,20.025026],[85.9576473,20.024995],[85.9576525,20.0249633],[85.9576625,20.0248948],[85.9576835,20.0247764],[85.957694,20.0246938],[85.9577032,20.0245705],[85.9577045,20.0244263],[85.9577085,20.0240971],[85.9577006,20.0236754],[85.957698,20.023366],[85.9577019,20.0226608],[85.9577021,20.0225906]]}},{"type":"Feature","properties":{"id":872186774,"highway":"residential"},"geometry":{"type":"LineString","coordinates":[[85.9735547,20.0167582],[85.973771,20.0169386],[85.9739915,20.017121],[85.9740389,20.0171602]]}},{"type":"Feature","properties":{"id":872186775,"highway":"residential"},"geometry":{"type":"LineString","coordinates":[[85.9740669,20.0171856],[85.9740789,20.0172044],[85.9740884,20.0172307],[85.9741453,20.0174144]]}},{"type":"Feature","properties":{"id":872186776,"highway":"residential"},"geometry":{"type":"LineString","coordinates":[[85.9740389,20.0171602],[85.9740669,20.0171856]]}},{"type":"Feature","properties":{"id":872190820,"highway":"residential"},"geometry":{"type":"LineString","coordinates":[[85.9266169,20.0273819],[85.9264768,20.0278878],[85.9264341,20.0280336],[85.9262834,20.0284824],[85.9262361,20.0286361],[85.9262103,20.0288201],[85.9261845,20.029004],[85.9261823,20.0290667],[85.9261952,20.0291375],[85.9262339,20.0292507],[85.9262382,20.0293052],[85.9262318,20.029374],[85.9261651,20.0296429],[85.9261476,20.0297388],[85.926133,20.0298451]]}},{"type":"Feature","properties":{"id":872190822,"highway":"residential"},"geometry":{"type":"LineString","coordinates":[[85.9078763,20.039656],[85.9082767,20.0397318],[85.9087344,20.0398185]]}},{"type":"Feature","properties":{"id":872190823,"highway":"residential"},"geometry":{"type":"LineString","coordinates":[[85.9081656,20.0391489],[85.9083521,20.0392171],[85.9083811,20.0392413],[85.9083928,20.039267],[85.9083928,20.0393091],[85.9083903,20.0393747],[85.9083764,20.0394449],[85.9082767,20.0397318]]}},{"type":"Feature","properties":{"id":872190825,"highway":"residential"},"geometry":{"type":"LineString","coordinates":[[85.9146573,20.0349294],[85.9153817,20.0347803],[85.9154606,20.0347713],[85.9155695,20.0347808]]}},{"type":"Feature","properties":{"id":872191001,"highway":"residential"},"geometry":{"type":"LineString","coordinates":[[85.9712149,20.0189286],[85.9719257,20.0195301],[85.9719707,20.0195682],[85.9721061,20.0196799],[85.9721898,20.0197395],[85.9722315,20.0197613],[85.972324,20.0197941]]}},{"type":"Feature","properties":{"id":872191004,"highway":"residential"},"geometry":{"type":"LineString","coordinates":[[85.972324,20.0197941],[85.9723736,20.0198015]]}},{"type":"Feature","properties":{"id":872191005,"highway":"residential"},"geometry":{"type":"LineString","coordinates":[[85.9723736,20.0198015],[85.9724069,20.0197997],[85.9724259,20.0197913],[85.9724467,20.0197771],[85.972705,20.0195583],[85.9727922,20.0194975],[85.9728524,20.0194678],[85.9729322,20.0194452],[85.9730375,20.0194268],[85.9731353,20.0194183],[85.9732903,20.0194085],[85.9733414,20.0194],[85.9734257,20.0193703],[85.97354,20.0193236],[85.9737372,20.0192332],[85.9742006,20.0190013],[85.9743919,20.0189064],[85.9744843,20.0188606],[85.9746851,20.018761],[85.9747678,20.0187313],[85.9748596,20.0187101],[85.9749288,20.0187002],[85.974977,20.0187101],[85.9750071,20.018727],[85.9750462,20.0187638],[85.9750703,20.0188034],[85.9751816,20.0190395],[85.9752192,20.0190932],[85.9752553,20.0191328],[85.975308,20.0191709],[85.9753546,20.0191964],[85.9754404,20.019219],[85.975645,20.01926],[85.9757504,20.0192713],[85.9758527,20.0192643],[85.9759384,20.0192459],[85.9760663,20.0191978],[85.9763468,20.0190899],[85.9764816,20.0190381],[85.9769661,20.0188684],[85.9770946,20.0188215]]}},{"type":"Feature","properties":{"id":872191007,"highway":"residential"},"geometry":{"type":"LineString","coordinates":[[85.974201,20.0183689],[85.9744843,20.0188606]]}},{"type":"Feature","properties":{"id":872191009,"highway":"residential"},"geometry":{"type":"LineString","coordinates":[[85.981944,20.0164413],[85.9816553,20.0165395],[85.981509,20.0165892],[85.9813104,20.016653],[85.9812591,20.0166672],[85.9811836,20.0166883],[85.9810391,20.0167149],[85.9809023,20.0167394],[85.9808295,20.0167671],[85.9807527,20.0168214],[85.980705,20.0168665],[85.9806825,20.0169126],[85.9806795,20.0169602],[85.9806843,20.0170107],[85.9806983,20.0170562],[85.9809183,20.0175973],[85.9810356,20.0178608],[85.9811117,20.0180126],[85.9811818,20.0181389],[85.9812155,20.0182007],[85.9812492,20.0182808]]}},{"type":"Feature","properties":{"id":872195423,"highway":"unclassified"},"geometry":{"type":"LineString","coordinates":[[85.9886195,20.0216805],[85.9887428,20.0216927],[85.9888144,20.0216916],[85.9888893,20.0216852],[85.9889711,20.0216671],[85.9890664,20.021634],[85.9892481,20.0215668],[85.9893015,20.021555],[85.9893969,20.0215422],[85.9897058,20.0214857],[85.9898636,20.0214473],[85.9900998,20.021379],[85.9901444,20.0213738],[85.9901765,20.0213732],[85.9902348,20.0213752],[85.9903406,20.0213875],[85.9904076,20.0214057],[85.9904451,20.0214228],[85.990629,20.0215069],[85.9907653,20.0215712],[85.9908019,20.0215854],[85.990854,20.0215999],[85.9910426,20.0216341],[85.9911181,20.0216455],[85.9911239,20.0216806],[85.9911311,20.0217302],[85.9911453,20.0218726],[85.9911626,20.0220069],[85.9911949,20.0221587],[85.9911996,20.0222284],[85.9912019,20.0223394],[85.9911934,20.0225469],[85.9911665,20.022922],[85.9911626,20.0230169],[85.9911594,20.0231029],[85.9911651,20.0232452],[85.9911736,20.0233343],[85.9911891,20.0233915],[85.99125,20.0235511],[85.9913689,20.0239049],[85.9915345,20.0243651],[85.9915671,20.0244342],[85.9915982,20.0244648],[85.9916308,20.0244821],[85.9916704,20.0244941],[85.9917115,20.0244927],[85.9921744,20.024405],[85.9923855,20.0243771],[85.9924772,20.0243707],[85.9926483,20.0243586],[85.9928083,20.0243465],[85.9929261,20.0243309],[85.9930695,20.024305],[85.9932057,20.0242652],[85.9933381,20.0242134],[85.9935773,20.0241148],[85.9937668,20.0240198],[85.9938344,20.0239869],[85.9939765,20.0239178],[85.9941402,20.0238227],[85.9943352,20.023726],[85.994521,20.0236499],[85.9948282,20.0235479],[85.995336,20.0234045],[85.9959173,20.0232489],[85.9962797,20.0231469],[85.9967029,20.0230356],[85.9968905,20.0229845],[85.9971554,20.0229032],[85.9973577,20.0228496],[85.997641,20.0227753],[85.9977479,20.0227509],[85.9979265,20.0227037],[85.9982747,20.0225887],[85.998409,20.0225443],[85.9984887,20.0225235],[85.9985492,20.0225166],[85.9986023,20.0225152],[85.9986736,20.0225203]]}},{"type":"Feature","properties":{"id":872195424,"highway":"unclassified"},"geometry":{"type":"LineString","coordinates":[[85.9885753,20.0216784],[85.9886195,20.0216805]]}},{"type":"Feature","properties":{"id":872195425,"highway":"residential"},"geometry":{"type":"LineString","coordinates":[[85.9881775,20.0195973],[85.9883867,20.01955],[85.9884616,20.019539],[85.9885222,20.0195318],[85.9885636,20.0195318],[85.9886243,20.019539],[85.9887121,20.0195621],[85.9888128,20.0196009],[85.9888644,20.0196337],[85.9889238,20.0196846],[85.9890362,20.0198023],[85.9890594,20.0198193],[85.9890839,20.0198229],[85.9891227,20.0198156],[85.9894016,20.019755],[85.9894506,20.0197513],[85.989501,20.0197562],[85.9895346,20.0197659],[85.989563,20.0197829],[85.9895798,20.0198096],[85.9896056,20.019869],[85.9897153,20.0201347],[85.989745,20.0201917],[85.9897651,20.0202279],[85.9897833,20.0202601],[85.9898755,20.0203931],[85.9899465,20.020506],[85.9900572,20.0207324],[85.9900717,20.0207752],[85.9900746,20.020794],[85.9900737,20.0208157],[85.9900606,20.0208311],[85.989935,20.0209319],[85.9899153,20.0209504],[85.989906,20.0209747],[85.989906,20.0209961],[85.9899174,20.0210204],[85.9899761,20.021098],[85.9900759,20.0212297],[85.9900966,20.0212618],[85.9901111,20.021291],[85.9901444,20.0213738]]}},{"type":"Feature","properties":{"id":872195431,"highway":"residential"},"geometry":{"type":"LineString","coordinates":[[85.9911181,20.0216455],[85.9911564,20.0216414],[85.9912455,20.0216423],[85.9917758,20.0217046],[85.9918411,20.0217036],[85.9918773,20.0216939],[85.9918991,20.0216735],[85.9919115,20.0216404],[85.9919156,20.0216034],[85.991956,20.0212803],[85.9919643,20.0212258],[85.9919757,20.021181],[85.9920441,20.0210136],[85.992199,20.0206453],[85.992221,20.0205992],[85.992252,20.0205628],[85.9922804,20.0205446],[85.9923295,20.0205337],[85.9924991,20.0204978],[85.9925246,20.0204853],[85.9925461,20.0204582],[85.9925509,20.0204345],[85.9925461,20.0203973],[85.9924982,20.0202001]]}},{"type":"Feature","properties":{"id":872198121,"highway":"residential"},"geometry":{"type":"LineString","coordinates":[[85.973772,20.0153734],[85.9741575,20.0152858]]}},{"type":"Feature","properties":{"id":872198122,"highway":"residential"},"geometry":{"type":"LineString","coordinates":[[85.9741678,20.015382],[85.9741575,20.0152858],[85.9741382,20.0151082]]}},{"type":"Feature","properties":{"id":872198123,"highway":"residential"},"geometry":{"type":"LineString","coordinates":[[85.9737701,20.0150482],[85.973909,20.0150036],[85.9739556,20.0149919],[85.9739975,20.0149849],[85.974031,20.0149814],[85.9741976,20.0149718]]}},{"type":"Feature","properties":{"id":872198125,"highway":"residential"},"geometry":{"type":"LineString","coordinates":[[85.9738205,20.013409],[85.9739532,20.0133164],[85.9740108,20.0132911],[85.9741116,20.0132606],[85.9741889,20.0132488],[85.9745542,20.0132048]]}},{"type":"Feature","properties":{"id":872198126,"highway":"residential"},"geometry":{"type":"LineString","coordinates":[[85.9745542,20.0132048],[85.9746257,20.013201]]}},{"type":"Feature","properties":{"id":872198127,"highway":"residential"},"geometry":{"type":"LineString","coordinates":[[85.9746257,20.013201],[85.9755402,20.0132031],[85.9758047,20.0132099]]}},{"type":"Feature","properties":{"id":872198128,"highway":"residential"},"geometry":{"type":"LineString","coordinates":[[85.9733901,20.0116001],[85.9735373,20.0115849],[85.9735699,20.0115864],[85.9735916,20.011601],[85.9736025,20.0116316],[85.9736536,20.0118998]]}},{"type":"Feature","properties":{"id":872202497,"highway":"residential"},"geometry":{"type":"LineString","coordinates":[[85.9710673,20.0083892],[85.9712737,20.0082562]]}},{"type":"Feature","properties":{"id":872202498,"highway":"residential"},"geometry":{"type":"LineString","coordinates":[[85.9773277,20.0106294],[85.9771461,20.0103197],[85.9770733,20.0101607],[85.977029,20.0100416],[85.977003,20.009947],[85.9769141,20.0096006],[85.9768649,20.0094088]]}},{"type":"Feature","properties":{"id":872202499,"highway":"residential"},"geometry":{"type":"LineString","coordinates":[[85.9769141,20.0096006],[85.9775685,20.0094383]]}},{"type":"Feature","properties":{"id":872202501,"highway":"residential"},"geometry":{"type":"LineString","coordinates":[[85.973116,20.0092612],[85.9731293,20.0093785],[85.9731569,20.0095409],[85.9731921,20.0097684],[85.9731921,20.0097918],[85.9731833,20.0098093],[85.9731623,20.0098184]]}},{"type":"Feature","properties":{"id":872202502,"highway":"residential"},"geometry":{"type":"LineString","coordinates":[[85.9729379,20.009554],[85.9730867,20.0095444]]}},{"type":"Feature","properties":{"id":872202503,"highway":"residential"},"geometry":{"type":"LineString","coordinates":[[85.9730867,20.0095444],[85.9731102,20.0095422]]}},{"type":"Feature","properties":{"id":872202504,"highway":"residential"},"geometry":{"type":"LineString","coordinates":[[85.9731102,20.0095422],[85.9731569,20.0095409]]}},{"type":"Feature","properties":{"id":872202505,"highway":"residential"},"geometry":{"type":"LineString","coordinates":[[85.9729226,20.0093961],[85.9730891,20.009381]]}},{"type":"Feature","properties":{"id":872202506,"highway":"residential"},"geometry":{"type":"LineString","coordinates":[[85.97311,20.0093802],[85.9731293,20.0093785]]}},{"type":"Feature","properties":{"id":872202507,"highway":"residential"},"geometry":{"type":"LineString","coordinates":[[85.9730891,20.009381],[85.97311,20.0093802]]}},{"type":"Feature","properties":{"id":872213239,"highway":"residential"},"geometry":{"type":"LineString","coordinates":[[85.974855,20.0086688],[85.9748598,20.0084273],[85.9748586,20.0083806],[85.9748562,20.0083405],[85.9748489,20.0082923],[85.9748241,20.0081367]]}},{"type":"Feature","properties":{"id":872213240,"highway":"residential"},"geometry":{"type":"LineString","coordinates":[[85.9753283,20.0088499],[85.9753317,20.0087951],[85.9753373,20.0087655],[85.975344,20.0087339],[85.9753519,20.0087055],[85.9753552,20.0086665],[85.975353,20.0086159],[85.9753144,20.008228]]}},{"type":"Feature","properties":{"id":872213242,"highway":"residential"},"geometry":{"type":"LineString","coordinates":[[85.9743674,20.0075865],[85.9744754,20.0075362],[85.9745273,20.0075169],[85.9745695,20.0075078],[85.974648,20.0074976],[85.9747168,20.0074942],[85.9750526,20.0074836]]}},{"type":"Feature","properties":{"id":872218709,"highway":"tertiary"},"geometry":{"type":"LineString","coordinates":[[85.9834794,20.0297996],[85.9833725,20.0296856]]}},{"type":"Feature","properties":{"id":872218710,"highway":"tertiary"},"geometry":{"type":"LineString","coordinates":[[85.9833725,20.0296856],[85.9832531,20.0295304],[85.9831869,20.0294405],[85.9831511,20.0293918],[85.9830017,20.0291536],[85.9828909,20.0289359],[85.9827766,20.0286828],[85.9825921,20.0282138],[85.9820348,20.0267442],[85.9820165,20.0266931],[85.9819089,20.0263549],[85.981643,20.0254291],[85.9815885,20.025188],[85.9815562,20.0249767],[85.9815318,20.0248343],[85.9814858,20.0246716],[85.9814366,20.0245285],[85.9813612,20.0243439],[85.9806915,20.0229211],[85.9805738,20.0226115],[85.9804362,20.0222134],[85.9803281,20.0218538],[85.980161,20.0211408],[85.9801378,20.0210813],[85.9801037,20.0210371],[85.9800582,20.0209995],[85.9800049,20.0209673],[85.9793789,20.0206656],[85.9792722,20.0206069],[85.9792086,20.0205578],[85.9791549,20.0205002],[85.9790892,20.0204036],[85.978872,20.0200144],[85.9785856,20.0195541],[85.9782035,20.0189648],[85.9781659,20.0189241],[85.9781169,20.0188914],[85.9780577,20.0188769],[85.9779956,20.0188756],[85.9779172,20.0188766],[85.9775559,20.0189132],[85.9774835,20.018917],[85.977381,20.0189133],[85.9772848,20.0188955],[85.9772043,20.018873],[85.9771364,20.0188434],[85.9770946,20.0188215],[85.9770717,20.0188095],[85.9770396,20.0187786],[85.9770136,20.018731],[85.9768299,20.0180489],[85.976525,20.0167934],[85.976369,20.0162575],[85.9762384,20.0157646],[85.9761981,20.015653],[85.9761547,20.0155672],[85.9760835,20.0154752],[85.9760087,20.0154351],[85.9758965,20.0154133],[85.975731,20.0154133],[85.9755059,20.0154431],[85.9753144,20.0154786],[85.9751916,20.0155064],[85.9748569,20.0155965],[85.9748196,20.0156066],[85.9746963,20.0156398],[85.9745828,20.0156612],[85.9744774,20.0156728],[85.974337,20.0156726],[85.9741601,20.0156624],[85.9739741,20.0156437],[85.9739136,20.0156307],[85.9738276,20.0155924],[85.9737973,20.0155397],[85.9737821,20.0154709],[85.973772,20.0153734],[85.9737654,20.0152427],[85.9737659,20.0151134],[85.9737701,20.0150482],[85.9737773,20.0149347],[85.9737866,20.0148658],[85.9738008,20.0147946],[85.9738198,20.0146617],[85.9738266,20.014556],[85.973823,20.0143672],[85.9738006,20.0140616],[85.9737966,20.0138992],[85.9738026,20.0137902],[85.9738315,20.0135351],[85.9738336,20.0134663],[85.9738205,20.013409],[85.9738004,20.0133711],[85.973686,20.0132353],[85.9736463,20.0131804],[85.9736216,20.0131251],[85.9736126,20.0130614],[85.9736218,20.012754],[85.9736176,20.0125656],[85.9736074,20.0124745],[85.9735876,20.0123327],[85.9735611,20.0122263],[85.9734368,20.011783],[85.9733901,20.0116001],[85.9733019,20.0112548],[85.9732741,20.0111635],[85.9731859,20.0108747],[85.9731743,20.0108365],[85.9731332,20.0107019],[85.9730281,20.0103314],[85.9730073,20.0102249],[85.9729919,20.0100969],[85.9729653,20.0098292],[85.9729379,20.009554],[85.9729226,20.0093961],[85.9729118,20.0093417],[85.9728967,20.0093039],[85.97286,20.0092648],[85.9728155,20.0092343],[85.9727238,20.009198],[85.9725291,20.0091466],[85.9724042,20.0091199],[85.9722819,20.0091011],[85.9721371,20.0090881],[85.9716214,20.0090569],[85.9715503,20.0090458],[85.9714924,20.0090226],[85.9714516,20.008992],[85.9714212,20.0089499],[85.9712727,20.0086872],[85.9711964,20.0085571],[85.9711307,20.0084615],[85.9710673,20.0083892],[85.9710056,20.0083394],[85.9709335,20.008292],[85.9708033,20.0082202],[85.9705917,20.00812],[85.9704148,20.0080396],[85.9702696,20.0079616],[85.9701381,20.007881],[85.9700477,20.0078135],[85.9699557,20.007735],[85.9698841,20.0076739],[85.9698369,20.0076399],[85.9697518,20.0075835],[85.9696532,20.0075304],[85.9695234,20.0074669],[85.9694022,20.0074107],[85.9692848,20.0073598],[85.9691165,20.007295],[85.9690183,20.0072608],[85.9688907,20.0072195],[85.9687503,20.0071772],[85.9686309,20.0071519],[85.9685159,20.0071294],[85.9684356,20.0071181],[85.9682909,20.0071063],[85.9682185,20.0070904],[85.9681528,20.0070656],[85.9680554,20.0070213],[85.9679744,20.0069776],[85.9679119,20.0069328],[85.967861,20.0068927],[85.967819,20.0068494],[85.9678001,20.0068186],[85.9677849,20.0067933],[85.9677716,20.006749],[85.9677624,20.0067047],[85.9677561,20.0066398],[85.9677427,20.0065793],[85.9676099,20.0063209],[85.9675737,20.0062453],[85.9673873,20.0059328],[85.9673685,20.0058748],[85.9672652,20.0054413],[85.9671593,20.0052145],[85.9671204,20.0051754],[85.9670687,20.0051378],[85.9666805,20.0050129],[85.9666148,20.0049826],[85.9664579,20.0049032],[85.9664083,20.0048667],[85.9662822,20.0047445],[85.9662446,20.0046991],[85.9661038,20.0045126],[85.9660703,20.0044584],[85.9657927,20.0039984],[85.9657551,20.0039304],[85.9656183,20.0036544],[85.9653984,20.0032826],[85.9649692,20.0025341],[85.9649317,20.0024837],[85.9647667,20.002311],[85.9647238,20.0022757],[85.9645602,20.0021762],[85.9645066,20.0021396],[85.9643631,20.0020262],[85.9643215,20.0019821],[85.9641163,20.0017301],[85.9640774,20.0016897],[85.963883,20.0015246],[85.9638306,20.0014805],[85.9636979,20.0013432],[85.9636563,20.0012991],[85.9635825,20.0011831],[85.9635504,20.0011378],[85.9634417,20.0009563],[85.9634136,20.0009021],[85.9631588,20.000398],[85.9631467,20.0003564],[85.9631453,20.0003186],[85.9632084,20.0000817],[85.9632217,20.0000335],[85.9632218,19.9999721],[85.9632141,19.9999175],[85.9631078,19.9996671],[85.963081,19.999628],[85.9630407,19.9995889],[85.9628476,19.9994554],[85.9628087,19.999415],[85.9625901,19.9990786],[85.9625593,19.9990281],[85.962157,19.9980792]]}},{"type":"Feature","properties":{"id":872218712,"highway":"residential"},"geometry":{"type":"LineString","coordinates":[[85.9713011,20.0082378],[85.971639,20.0079789],[85.971722,20.0079174],[85.9717868,20.0078769],[85.971924,20.0078031],[85.9721734,20.0076944],[85.9722303,20.0076717],[85.9722933,20.0076547],[85.972478,20.0076198],[85.9725419,20.0076028],[85.972711,20.007546],[85.9728431,20.0075128],[85.9729,20.0075047],[85.9729535,20.007499],[85.9730381,20.0074974],[85.9733091,20.0074901],[85.9734635,20.0074925],[85.973536,20.0074966],[85.9736085,20.0075022],[85.9737095,20.007516],[85.9738484,20.0075412],[85.9738881,20.007544],[85.9739448,20.007544],[85.9740409,20.007531],[85.9741231,20.0075212],[85.974181,20.0075234],[85.9742424,20.0075321],[85.9742964,20.0075462],[85.9743443,20.0075702],[85.9743674,20.0075865],[85.9743894,20.0076202],[85.974423,20.0077072],[85.9745446,20.0080891],[85.9745564,20.0081076],[85.9745751,20.0081158],[85.9745988,20.0081205],[85.9748241,20.0081367],[85.9750224,20.0081509],[85.9751159,20.0081591],[85.9751657,20.008172],[85.9752779,20.0082165],[85.9753144,20.008228],[85.9753456,20.0082317],[85.9753801,20.0082294],[85.9754374,20.0082153],[85.9755595,20.0081908],[85.9756031,20.0081861],[85.9756492,20.0081849],[85.9756753,20.008186],[85.9758748,20.0081943],[85.9763109,20.0082224],[85.9763772,20.0082277],[85.9764085,20.0082353],[85.9764513,20.0082538],[85.9766459,20.0083463],[85.9766864,20.0083604],[85.9767373,20.0083702],[85.9767964,20.0083724],[85.976926,20.0083768],[85.9769712,20.0083855],[85.9770245,20.0084061],[85.9770928,20.008442],[85.977146,20.0084747],[85.9771831,20.0085084],[85.9772143,20.0085508],[85.9772444,20.0086052],[85.9772722,20.0087021],[85.9773278,20.0089414],[85.9773382,20.0089827],[85.9773498,20.0090121],[85.9773834,20.0090774],[85.9774494,20.0091851],[85.977527,20.0093505],[85.9775485,20.0094024],[85.9775685,20.0094383],[85.977593,20.0094637],[85.9776152,20.0094851],[85.9776946,20.0095502],[85.9777191,20.0095814],[85.9777393,20.0096262],[85.9778591,20.009949],[85.977914,20.0101578],[85.9779226,20.0102107],[85.9779198,20.0102446],[85.9779053,20.0102853],[85.9778822,20.0103179],[85.9778476,20.0103463],[85.9774723,20.010543],[85.9773277,20.0106294],[85.9771634,20.0107274],[85.9770465,20.0107953],[85.9769498,20.01084],[85.9768589,20.0108712],[85.97669,20.0109146],[85.9761502,20.0110339],[85.9758933,20.011095],[85.9757677,20.0111275],[85.9756725,20.0111601],[85.9755988,20.011194],[85.975492,20.0112509],[85.9754415,20.0112699],[85.975391,20.0112808],[85.9753275,20.0112889],[85.975225,20.0112957],[85.9748599,20.0113052],[85.9746852,20.0113052],[85.9746044,20.0113079],[85.9745466,20.0113201],[85.974499,20.0113432],[85.9744398,20.0113852],[85.9744009,20.0114137],[85.9743489,20.0114327],[85.974284,20.011434],[85.9741829,20.0114232],[85.9741064,20.0114056],[85.9740629,20.0113844],[85.9740297,20.0113586],[85.9739691,20.0112949],[85.9739186,20.0112135],[85.9738811,20.0111294],[85.9738406,20.0110738],[85.9738046,20.0110426],[85.9737367,20.0109992],[85.9736415,20.0109572],[85.9735188,20.0109219],[85.973298,20.010865]]}},{"type":"Feature","properties":{"id":872218713,"highway":"residential"},"geometry":{"type":"LineString","coordinates":[[85.9712737,20.0082562],[85.9713011,20.0082378]]}},{"type":"Feature","properties":{"id":872218716,"highway":"residential"},"geometry":{"type":"LineString","coordinates":[[85.9731266,20.0098215],[85.9729653,20.0098292]]}},{"type":"Feature","properties":{"id":872218717,"highway":"residential"},"geometry":{"type":"LineString","coordinates":[[85.9731623,20.0098184],[85.9731266,20.0098215]]}},{"type":"Feature","properties":{"id":872218718,"highway":"residential"},"geometry":{"type":"LineString","coordinates":[[85.9732637,20.0108571],[85.9731743,20.0108365]]}},{"type":"Feature","properties":{"id":872218719,"highway":"residential"},"geometry":{"type":"LineString","coordinates":[[85.973298,20.010865],[85.9732637,20.0108571]]}},{"type":"Feature","properties":{"id":872222871,"highway":"residential"},"geometry":{"type":"LineString","coordinates":[[85.9921682,20.0087658],[85.9916268,20.0087777],[85.9915214,20.008776],[85.9913761,20.008788],[85.9912889,20.008805],[85.9912271,20.0088289],[85.991198,20.0088528],[85.9911817,20.0088938],[85.9911726,20.0089621],[85.9911708,20.0092096],[85.9911617,20.009266],[85.9911344,20.0093701],[85.9910421,20.009561],[85.9910349,20.0095922],[85.9910399,20.0096228],[85.9910581,20.0096586],[85.9911126,20.0097303],[85.9912343,20.0098532],[85.9912668,20.0098968],[85.9913238,20.0100091],[85.991341,20.0100331],[85.991374,20.0100381],[85.991672,20.0100316],[85.9918167,20.0100352],[85.9919123,20.0100423],[85.9920079,20.0100588],[85.9921086,20.0100848],[85.992252,20.0101439],[85.9923615,20.0101794],[85.9924269,20.0101889],[85.9925301,20.0101853],[85.992778,20.0101747],[85.992856,20.0101806],[85.9930284,20.0102208],[85.9930913,20.0102291],[85.9931693,20.0102326],[85.9934134,20.0102196],[85.9938664,20.0102149],[85.9940614,20.0101936],[85.9942951,20.0101454],[85.9943853,20.0101111],[85.9944633,20.0100699],[85.9947845,20.0098957],[85.9952167,20.0096844],[85.9953278,20.0096415],[85.9956097,20.0095328],[85.9957872,20.0094637],[85.9958503,20.0094532],[85.9959116,20.0094565],[85.9959684,20.0094819],[85.9959932,20.0095039],[85.9962214,20.0099001],[85.996293,20.009993],[85.9964066,20.0101255],[85.9965105,20.0102365],[85.9966658,20.0104396],[85.9969761,20.0109054],[85.9971125,20.0110755],[85.9971437,20.011108],[85.997172,20.0111457],[85.9971901,20.011182],[85.9972042,20.0112312],[85.9972354,20.0113775],[85.997258,20.0115212],[85.9972708,20.0116648],[85.9972722,20.0118297],[85.9972651,20.0119774],[85.9972354,20.0122168],[85.997183,20.0125148],[85.9971702,20.0125946],[85.9971674,20.0126731],[85.9971745,20.0127289],[85.9971971,20.0128353],[85.9972453,20.0129776],[85.9972934,20.0131173],[85.9973359,20.013245],[85.9973798,20.0134046],[85.9974576,20.0136893],[85.9976439,20.0142762]]}},{"type":"Feature","properties":{"id":872222872,"highway":"residential"},"geometry":{"type":"LineString","coordinates":[[85.9913599,20.0124207],[85.9912874,20.0124441],[85.9912444,20.0124696],[85.9911946,20.0125165],[85.9911425,20.0125462],[85.9910994,20.0125399],[85.9910632,20.0125165],[85.9910315,20.0124739],[85.9910021,20.01241],[85.9909545,20.0122866],[85.990925,20.012176],[85.9909069,20.0120419],[85.9909047,20.0119163],[85.990916,20.0118269],[85.9909568,20.0117056],[85.9910383,20.0114418],[85.9910762,20.011387],[85.9911197,20.0113567],[85.9911781,20.011328],[85.9917857,20.0111076],[85.9922409,20.0109353],[85.9922902,20.0109034],[85.9923007,20.0108566],[85.9922954,20.0108024],[85.9921984,20.0104449],[85.9921826,20.0103685],[85.99218,20.0102896],[85.9921931,20.0102403],[85.992252,20.0101439]]}},{"type":"Feature","properties":{"id":872222874,"highway":"residential"},"geometry":{"type":"LineString","coordinates":[[85.9909691,20.0107556],[85.9913649,20.0106773],[85.991397,20.0106678],[85.9914155,20.0106471],[85.9914206,20.0106059],[85.9914138,20.0105345],[85.991341,20.0100331]]}},{"type":"Feature","properties":{"id":872222876,"highway":"residential"},"geometry":{"type":"LineString","coordinates":[[85.9910349,20.0095922],[85.9910019,20.009587],[85.990922,20.0095719],[85.9908313,20.0095564],[85.9907524,20.0095404],[85.9906787,20.0095198],[85.9903094,20.0094198],[85.9902116,20.0093859],[85.9901602,20.0093738],[85.9900666,20.0093617],[85.98991,20.0093409],[85.9898223,20.0093244],[85.9895394,20.0092536],[85.9894421,20.0092319],[85.989358,20.0092159]]}},{"type":"Feature","properties":{"id":872808799,"highway":"residential"},"geometry":{"type":"LineString","coordinates":[[85.99183,20.0360643],[85.9919696,20.0359837],[85.9920366,20.0359367],[85.992059,20.035912],[85.9920761,20.0358799],[85.9920814,20.035844],[85.99208,20.035786],[85.9920656,20.0356612],[85.9920182,20.0353831],[85.9919354,20.0350433],[85.991909,20.0349383],[85.9919025,20.0349012],[85.9919025,20.0348666],[85.9919143,20.0348283],[85.9919419,20.0347961],[85.9919932,20.0347677],[85.992447,20.0345984],[85.9925325,20.034575],[85.9926693,20.0345515],[85.9928653,20.0345206],[85.9930244,20.0345008],[85.9930442,20.0345008],[85.9930665,20.0345033],[85.9930942,20.0345132],[85.9931139,20.034528],[85.9931323,20.0345539],[85.993156,20.0345997],[85.9931889,20.0346837],[85.9932415,20.0348456],[85.9933309,20.0351854],[85.993419,20.0354943],[85.9934861,20.0356958],[85.9934927,20.035718],[85.9934993,20.0357724],[85.9935124,20.0360628],[85.9935045,20.0361283],[85.9934861,20.0361777],[85.9934572,20.036216],[85.9934243,20.0362457],[85.9933572,20.0362852],[85.9932717,20.0363136],[85.9931192,20.036363],[85.9930271,20.0364051],[85.9929771,20.0364384],[85.992935,20.0364804],[85.9929113,20.0365212],[85.9928603,20.0366149]]}},{"type":"Feature","properties":{"id":872808801,"highway":"residential"},"geometry":{"type":"LineString","coordinates":[[85.996696,20.0357886],[85.9968084,20.0357473],[85.996905,20.0357163],[85.9969673,20.0357039],[85.9970622,20.0356973],[85.997099,20.035688],[85.9971132,20.0356707],[85.9971216,20.0356481],[85.997157,20.0354698],[85.9971684,20.0354432],[85.9971882,20.035422],[85.9972222,20.0354087],[85.997283,20.0354047],[85.997501,20.0354033],[85.9975421,20.0354127],[85.9975817,20.0354406],[85.9976171,20.0354831],[85.9976483,20.0355018],[85.9976907,20.0355058],[85.9979951,20.0354951],[85.9980517,20.0354885],[85.9981211,20.0354712],[85.9983617,20.0354033],[85.9984127,20.0353914],[85.9984523,20.0353861],[85.998475,20.035394],[85.998499,20.035418],[85.9985146,20.0354619],[85.9985627,20.0357119],[85.9985811,20.0357678],[85.9986038,20.0357877],[85.9986363,20.0358037],[85.9986774,20.0358103],[85.9987336,20.0358078],[85.9988289,20.0357864],[85.9988699,20.0357731],[85.9989087,20.0357516],[85.998945,20.0357225],[85.9989672,20.035696],[85.9989874,20.035664],[85.9990157,20.0355949],[85.9990384,20.0354951],[85.9990823,20.035261],[85.9991077,20.0351972],[85.9991397,20.0351443],[85.9991615,20.0351227],[85.9991974,20.0351121],[85.9992776,20.0351108],[85.9994687,20.0351267],[85.999548,20.035144],[85.9996089,20.0351626],[85.9996556,20.0351919],[85.9997717,20.0352624],[85.9998085,20.0352823],[85.9998722,20.0352983],[85.9999571,20.0352996],[86.0001171,20.0352916],[86.0001709,20.0352916],[86.0002091,20.0352983],[86.0002416,20.0353209],[86.0002756,20.0353502],[86.0002905,20.035398],[86.0003083,20.0355364],[86.0003166,20.0355931],[86.0003569,20.0360864],[86.000365,20.0361478],[86.0003793,20.0361997],[86.0004039,20.03624],[86.0004509,20.036263],[86.0005449,20.0362726],[86.001093,20.0362534]]}},{"type":"Feature","properties":{"id":872808806,"highway":"residential"},"geometry":{"type":"LineString","coordinates":[[85.9913632,20.03337],[85.9914394,20.0336177],[85.9914622,20.0337136],[85.9914759,20.0338252],[85.9914912,20.0339955],[85.9915095,20.0341788],[85.9915399,20.034382],[85.9915734,20.0345337],[85.9916344,20.0347284],[85.9916493,20.0347703],[85.9916752,20.0348061],[85.9917133,20.034849],[85.9917635,20.0348734],[85.9918351,20.0348948],[85.9919025,20.0349012]]}},{"type":"Feature","properties":{"id":872810135,"highway":"residential"},"geometry":{"type":"LineString","coordinates":[[85.996205,20.0375242],[85.9961565,20.0379446],[85.996143,20.0379979],[85.9961176,20.0380638],[85.9960714,20.038127],[85.9960415,20.0381746],[85.9960236,20.0382167],[85.9960146,20.0382588],[85.9960042,20.0383149],[85.9960057,20.0384811],[85.9960072,20.0386402],[85.9960012,20.0388113],[85.9959967,20.0388618],[85.9959818,20.0389151],[85.9959594,20.0389487],[85.9959235,20.0389831],[85.9958522,20.0390423],[85.9958202,20.0390618],[85.995786,20.0390773],[85.9957499,20.0390831],[85.9956899,20.039086]]}},{"type":"Feature","properties":{"id":872810139,"highway":"residential"},"geometry":{"type":"LineString","coordinates":[[85.9995699,20.0379128],[85.9995356,20.0380771],[85.9995222,20.0381074],[85.9994944,20.0381356],[85.9994232,20.0382004],[85.9994076,20.0382224],[85.9993954,20.03826],[85.9993842,20.0384241],[85.9993865,20.0387063],[85.9993887,20.0387325],[85.9993987,20.0387492],[85.9994154,20.0387607],[85.999441,20.038769],[85.9994866,20.0387753],[85.9995867,20.0387837],[85.9996502,20.0387826],[85.9997725,20.0387743],[85.9998604,20.038769],[85.9999161,20.038769],[86.000123,20.038792],[86.0002098,20.0387952],[86.0002665,20.0387899],[86.0004724,20.0387607],[86.0007472,20.0387377],[86.0012521,20.0387061]]}},{"type":"Feature","properties":{"id":872813274,"highway":"residential"},"geometry":{"type":"LineString","coordinates":[[86.0004072,20.0443058],[86.0003274,20.0442996],[86.0002587,20.0442911],[86.0002139,20.0442771],[86.000187,20.0442589],[86.0001691,20.044228],[86.0001661,20.0441916],[86.0001781,20.0441453],[86.0002348,20.0440219],[86.0002453,20.0439784],[86.0002438,20.0439378],[86.0002393,20.0439083],[86.0002229,20.0438718],[86.0001572,20.043747],[86.0001184,20.0436924],[85.9999676,20.0435185],[85.9999228,20.0434638],[85.9999139,20.0434343],[85.9999124,20.0434021],[85.9999213,20.0433572],[85.9999542,20.043245],[85.999981,20.0431412],[85.9999915,20.0430557],[86.0000019,20.0428776],[85.9999975,20.042642],[86.0000034,20.0425046],[86.0000199,20.0421975],[86.0000378,20.0420306],[86.0000423,20.0419942],[86.0000437,20.0419703],[86.0000348,20.0419479],[86.0000034,20.0419353],[85.9998975,20.0419086],[85.9997727,20.0418923],[85.9995676,20.041882]]}},{"type":"Feature","properties":{"id":872833295,"highway":"tertiary"},"geometry":{"type":"LineString","coordinates":[[85.9044887,20.0758913],[85.9045309,20.0759844],[85.9045488,20.0760548],[85.9045499,20.0761222],[85.9045436,20.0761727],[85.9045108,20.0762312],[85.9042397,20.0765295],[85.9040548,20.0766988],[85.9039489,20.076801],[85.903897,20.0768637],[85.903848,20.0769438],[85.9037029,20.0772789],[85.9035185,20.0777246],[85.9033029,20.078266],[85.9032833,20.0783342],[85.9032774,20.0784134],[85.9032685,20.0788296],[85.9032459,20.0795397],[85.9031978,20.0803414],[85.9031496,20.0809596],[85.903151,20.0812282],[85.9031935,20.0819914],[85.9032048,20.0821921],[85.9032034,20.0823091],[85.903185,20.0824142],[85.9030916,20.0826136],[85.9029897,20.082805],[85.9029316,20.082926],[85.9029019,20.0830284],[85.9028821,20.0831122],[85.9028778,20.0831733],[85.9028877,20.0832411],[85.9029444,20.0833435],[85.9029956,20.083424],[85.903053,20.0834745],[85.9031496,20.083517],[85.9032657,20.0835377],[85.9034026,20.0835572],[85.9034789,20.0835726],[85.9035551,20.083599],[85.9036837,20.0836628],[85.9037607,20.0837328],[85.9039026,20.0838888]]}},{"type":"Feature","properties":{"id":872833296,"highway":"tertiary"},"geometry":{"type":"LineString","coordinates":[[85.9044138,20.0757614],[85.9044887,20.0758913]]}},{"type":"Feature","properties":{"id":872833297,"highway":"tertiary"},"geometry":{"type":"LineString","coordinates":[[85.903974,20.0839791],[85.9041029,20.0843067],[85.9041469,20.0844364],[85.904186,20.0845145],[85.9042398,20.0845868],[85.9042972,20.0846361],[85.9043999,20.0846935],[85.9045025,20.0847417],[85.9046308,20.0847888],[85.9048142,20.0848347],[85.9053754,20.0848767],[85.9058709,20.0849103],[85.9062559,20.0849382],[85.9066198,20.0849646],[85.9067897,20.0849818],[85.9069058,20.0849978],[85.9069876,20.0850242],[85.9070622,20.0850702],[85.9071135,20.0851207],[85.9071795,20.0852171],[85.9072162,20.085302],[85.9072932,20.0855109],[85.9073311,20.0855913],[85.9073824,20.0856636],[85.9075144,20.0858197],[85.9075731,20.0859],[85.9076549,20.0860492],[85.9077265,20.0862425],[85.9078798,20.0866564],[85.9080937,20.0873589],[85.9081511,20.0875125],[85.9082011,20.0876361],[85.9083748,20.0880843],[85.9086534,20.0888143],[85.9087255,20.0890301],[85.9087417,20.0893533],[85.908826,20.089514],[85.9089013,20.0896454],[85.9089668,20.0897912],[85.9089976,20.0900322],[85.9090406,20.0902833],[85.9091083,20.0906334],[85.9092305,20.0912019],[85.9093325,20.0919462],[85.9094553,20.0926483],[85.9095066,20.0930358],[85.9095894,20.0933308],[85.9096813,20.0936229],[85.9097741,20.0939229]]}},{"type":"Feature","properties":{"id":872833298,"highway":"tertiary"},"geometry":{"type":"LineString","coordinates":[[85.9039026,20.0838888],[85.903974,20.0839791]]}},{"type":"Feature","properties":{"id":872834891,"highway":"residential"},"geometry":{"type":"LineString","coordinates":[[85.903185,20.0824142],[85.903217,20.08242]]}},{"type":"Feature","properties":{"id":872834892,"highway":"residential"},"geometry":{"type":"LineString","coordinates":[[85.9091837,20.0815824],[85.9095347,20.0836439],[85.9098385,20.0853842],[85.9099786,20.0862523],[85.9100929,20.0868617]]}},{"type":"Feature","properties":{"id":872834893,"highway":"residential"},"geometry":{"type":"LineString","coordinates":[[85.9143314,20.0814452],[85.9146814,20.0814011],[85.9149576,20.0813492],[85.9153338,20.0812986],[85.9154982,20.0812788],[85.9155574,20.0812825],[85.9156021,20.0813023],[85.9156521,20.0813492],[85.9157427,20.0814888],[85.9157795,20.0815473],[85.9158134,20.0815725],[85.9158686,20.0815885],[85.915955,20.0815779],[85.9166911,20.0814968],[85.916878,20.0814662],[85.9170209,20.081429],[85.9173961,20.0813253]]}},{"type":"Feature","properties":{"id":872834894,"highway":"residential"},"geometry":{"type":"LineString","coordinates":[[85.9158134,20.0815725],[85.915903,20.0818161],[85.9159624,20.0819191],[85.9160295,20.0819993],[85.9160874,20.0820279],[85.9161453,20.0820307],[85.9162336,20.0820179],[85.9165383,20.081912]]}},{"type":"Feature","properties":{"id":872834895,"highway":"residential"},"geometry":{"type":"LineString","coordinates":[[85.9149371,20.0834134],[85.9150209,20.0834248],[85.9150984,20.0834265],[85.9154081,20.0833915],[85.9158854,20.0833187],[85.9162833,20.0832388],[85.9164396,20.0831806],[85.9165129,20.0831621],[85.9166304,20.0831576],[85.9168936,20.083155],[85.9170667,20.0831464],[85.917186,20.083131],[85.9174566,20.0831019]]}},{"type":"Feature","properties":{"id":872834896,"highway":"residential"},"geometry":{"type":"LineString","coordinates":[[85.9165129,20.0831621],[85.9164844,20.082979],[85.9164734,20.0829124],[85.9164746,20.0828676],[85.9164893,20.0828321],[85.9165247,20.0827953],[85.9167007,20.0826886]]}},{"type":"Feature","properties":{"id":872839186,"highway":"residential"},"geometry":{"type":"LineString","coordinates":[[85.911661,20.0815606],[85.9116058,20.0811497],[85.9116021,20.0810847],[85.9116076,20.0810496],[85.9116258,20.0810069],[85.9116477,20.0809846],[85.9116786,20.0809649],[85.9117497,20.0809435],[85.9119383,20.0809025],[85.9121132,20.0808494],[85.9122006,20.0808152],[85.9122416,20.080793],[85.9122626,20.0807733],[85.912268,20.0807493],[85.9122689,20.0806604],[85.9122356,20.0802541],[85.9122158,20.0800134],[85.9121718,20.0795076]]}},{"type":"Feature","properties":{"id":872839188,"highway":"residential"},"geometry":{"type":"LineString","coordinates":[[85.9090423,20.0815962],[85.9090367,20.0815423]]}},{"type":"Feature","properties":{"id":872839189,"highway":"residential"},"geometry":{"type":"LineString","coordinates":[[85.909022,20.0813999],[85.9089783,20.0809755]]}},{"type":"Feature","properties":{"id":872839190,"highway":"residential"},"geometry":{"type":"LineString","coordinates":[[85.9090367,20.0815423],[85.909022,20.0813999]]}},{"type":"Feature","properties":{"id":872839191,"highway":"residential"},"geometry":{"type":"LineString","coordinates":[[85.903217,20.08242],[85.9032821,20.0824327]]}},{"type":"Feature","properties":{"id":872839192,"highway":"residential"},"geometry":{"type":"LineString","coordinates":[[85.9032821,20.0824327],[85.9034279,20.0824526],[85.9035301,20.0824667],[85.903619,20.0824711],[85.9037071,20.0824704],[85.9038427,20.0824457],[85.9040243,20.0824173],[85.9042334,20.0823926],[85.904703,20.0823753],[85.9054553,20.082405],[85.9058841,20.0823914],[85.9061604,20.0823741],[85.9063379,20.082358],[85.9064813,20.0823568],[85.9065894,20.0823641],[85.9066872,20.0823653],[85.9067495,20.0823469],[85.906818,20.0823056],[85.9068827,20.0822712],[85.9069585,20.0822517],[85.9070441,20.0822551],[85.9071504,20.0822815],[85.9072396,20.0823228],[85.9073264,20.0823561],[85.907396,20.082363],[85.9074706,20.0823423],[85.9079582,20.082029],[85.9083334,20.0818109],[85.908441,20.081765],[85.9085632,20.0817122],[85.9086854,20.0816743],[85.9088895,20.081618],[85.9090423,20.0815962],[85.9091837,20.0815824],[85.909734,20.0815285],[85.9102852,20.0815021],[85.910471,20.0815021],[85.9106103,20.081509],[85.9107484,20.0815354],[85.9108816,20.0815687],[85.9110026,20.081602],[85.9110698,20.0816135],[85.9111517,20.0816135],[85.9114511,20.0815939],[85.911661,20.0815606],[85.9120172,20.0814776],[85.9124386,20.0813805],[85.912678,20.0813097],[85.9128748,20.0812466],[85.9130896,20.0812019],[85.9133355,20.0811726],[85.9134798,20.081188],[85.9136848,20.0812527],[85.9138914,20.0813343],[85.9140521,20.0813775],[85.9142628,20.0814194],[85.9143314,20.0814452],[85.9143801,20.0814809],[85.9143999,20.0815367],[85.9143938,20.0816569],[85.9144045,20.0817557],[85.9144243,20.0818587],[85.9144929,20.082029],[85.9147488,20.0826858],[85.9149271,20.0832324],[85.9149502,20.0833102],[85.91496,20.0833703],[85.9149371,20.0834134],[85.9148387,20.0834842],[85.9147091,20.0835674],[85.9143763,20.0838538],[85.9142369,20.0839801],[85.9140303,20.0842065],[85.9138139,20.0844852],[85.913441,20.0849973],[85.9133387,20.0851449],[85.9132648,20.0852163],[85.9131794,20.0852767],[85.9130738,20.0853362],[85.9129451,20.0853808],[85.9125927,20.0854501],[85.9124007,20.0855096],[85.9122888,20.0855651],[85.9121918,20.0856354],[85.9121485,20.08568],[85.9121168,20.0857484],[85.9120989,20.0858039],[85.9120989,20.0858911],[85.9121116,20.086009],[85.9121358,20.086121],[85.9121432,20.086228],[85.9121316,20.0862815],[85.9121021,20.086337],[85.9120588,20.0863836],[85.9119913,20.0864252],[85.9118847,20.0864649],[85.9117245,20.0865047],[85.9111274,20.0866246],[85.9109893,20.0866629],[85.9108972,20.0867086],[85.9107946,20.0867716],[85.9107091,20.0868086],[85.910596,20.0868259],[85.9104158,20.0868346],[85.9100929,20.0868617],[85.9095679,20.0869375],[85.909364,20.0869654],[85.9092267,20.0870106],[85.9090399,20.0871117],[85.9087582,20.0872792],[85.9082011,20.0876361]]}},{"type":"Feature","properties":{"id":872839193,"highway":"residential"},"geometry":{"type":"LineString","coordinates":[[85.9035551,20.083599],[85.9036863,20.0833075]]}},{"type":"Feature","properties":{"id":872839194,"highway":"residential"},"geometry":{"type":"LineString","coordinates":[[85.903725,20.0832362],[85.9037633,20.083197],[85.9038034,20.0831658],[85.9038555,20.0831422],[85.9039087,20.0831362],[85.9044811,20.0831796]]}},{"type":"Feature","properties":{"id":872839195,"highway":"residential"},"geometry":{"type":"LineString","coordinates":[[85.9036863,20.0833075],[85.903725,20.0832362]]}},{"type":"Feature","properties":{"id":872839196,"highway":"residential"},"geometry":{"type":"LineString","coordinates":[[85.9081511,20.0875125],[85.9075483,20.0876412],[85.9067612,20.0878072],[85.9065947,20.0878373],[85.9065267,20.0878478],[85.9064658,20.0878478],[85.9063594,20.0878508],[85.9062809,20.0878561],[85.9061688,20.0878772],[85.9056933,20.0879433],[85.9053688,20.0879845],[85.9052743,20.0879938],[85.9052183,20.0879868],[85.9051934,20.0879564],[85.9050752,20.0874774]]}},{"type":"Feature","properties":{"id":872839197,"highway":"residential"},"geometry":{"type":"LineString","coordinates":[[85.9090406,20.0902833],[85.9079567,20.0907005],[85.9073724,20.0908881],[85.9071479,20.0909471],[85.9070024,20.0909724],[85.9069197,20.0909606],[85.9068174,20.0909016],[85.9066862,20.0908206],[85.9065533,20.090716],[85.9064437,20.090603],[85.9060934,20.0901744],[85.9057791,20.089724],[85.9056964,20.0895772],[85.9056084,20.0894473],[85.9055348,20.0893478],[85.9054299,20.0892622],[85.9053882,20.089234],[85.9053715,20.089198],[85.9053782,20.089165],[85.9054333,20.0890898],[85.9054533,20.0890146],[85.9054533,20.0889017],[85.9054116,20.0885443],[85.9053688,20.0879845]]}},{"type":"Feature","properties":{"id":872840467,"highway":"residential"},"geometry":{"type":"LineString","coordinates":[[85.9091083,20.0906334],[85.9088554,20.0907421],[85.908726,20.0907859],[85.9086434,20.0908348],[85.9085572,20.0909276],[85.9084979,20.0910322],[85.9084278,20.0911014],[85.9083096,20.0911402],[85.9081835,20.0911503],[85.9080883,20.091152],[85.9080344,20.0911436],[85.9079716,20.0911267],[85.9078979,20.0911284],[85.9076644,20.0911874]]}},{"type":"Feature","properties":{"id":872840468,"highway":"residential"},"geometry":{"type":"LineString","coordinates":[[85.9083096,20.0911402],[85.908302,20.0912154],[85.9083122,20.0912746],[85.9083725,20.0914444],[85.908392,20.0915167],[85.9083892,20.0915594],[85.9083669,20.0915899],[85.908327,20.0916116],[85.9079292,20.0916656]]}},{"type":"Feature","properties":{"id":872840470,"highway":"residential"},"geometry":{"type":"LineString","coordinates":[[85.9093325,20.0919462],[85.9097325,20.0920497],[85.9099385,20.0921279],[85.9100592,20.0921514],[85.9101778,20.0921572],[85.9109435,20.0920185],[85.911705,20.0918778],[85.9118631,20.0917781],[85.9119526,20.0917156],[85.9120733,20.0916667],[85.9121628,20.0916433],[85.9122127,20.091655],[85.9122606,20.0917019],[85.9123425,20.0919009],[85.9124244,20.0920998]]}},{"type":"Feature","properties":{"id":872840471,"highway":"residential"},"geometry":{"type":"LineString","coordinates":[[85.9127025,20.0937049],[85.9126435,20.0933111],[85.9125984,20.0932321],[85.9124963,20.0931813],[85.9124092,20.0931418],[85.9123701,20.0930769],[85.9122519,20.0923879],[85.9122631,20.0922743],[85.9122855,20.0921944],[85.9123415,20.0921208],[85.9124244,20.0920998],[85.9126019,20.0920977],[85.9126754,20.0921286],[85.9127121,20.092183],[85.9127546,20.0922448],[85.9128204,20.0922974],[85.9129054,20.0923246],[85.913004,20.0923265],[85.9134603,20.0922429],[85.9135976,20.0922375],[85.9136749,20.0922538],[85.913758,20.0922938],[85.9139096,20.092415],[85.9139847,20.0924636],[85.9140748,20.0925106],[85.9141466,20.0925435],[85.9141447,20.0925711],[85.9141391,20.0926467],[85.9142916,20.0936063]]}},{"type":"Feature","properties":{"id":872840472,"highway":"residential"},"geometry":{"type":"LineString","coordinates":[[85.9126754,20.0921286],[85.9127858,20.0919827],[85.9128795,20.0919098],[85.9129772,20.0918796],[85.9132945,20.0917803]]}},{"type":"Feature","properties":{"id":872840473,"highway":"residential"},"geometry":{"type":"LineString","coordinates":[[85.9135976,20.0922375],[85.9139158,20.0920872],[85.9141671,20.0919946],[85.9145634,20.0918875],[85.9148747,20.0918095]]}},{"type":"Feature","properties":{"id":872840474,"highway":"residential"},"geometry":{"type":"LineString","coordinates":[[85.9141466,20.0925435],[85.9146818,20.0924101],[85.9149815,20.0923651],[85.9154163,20.0922967],[85.9155762,20.09229],[85.9158886,20.0923143]]}},{"type":"Feature","properties":{"id":872844071,"highway":"residential"},"geometry":{"type":"LineString","coordinates":[[85.9116786,20.0809649],[85.9116896,20.0807448],[85.9116937,20.0805943],[85.9116813,20.080479],[85.9116729,20.0803637],[85.9116917,20.0803149],[85.9117478,20.0802875],[85.9122356,20.0802541]]}},{"type":"Feature","properties":{"id":872844072,"highway":"unclassified"},"geometry":{"type":"LineString","coordinates":[[85.9332704,20.0729029],[85.9328913,20.0729283],[85.932454,20.0729443],[85.9323299,20.0729443],[85.9321221,20.0729166],[85.931877,20.0728671],[85.9318051,20.0728492],[85.9317428,20.0728172],[85.9316677,20.0727622],[85.9315514,20.0726631],[85.9314319,20.0726034],[85.9313373,20.0725685],[85.9312861,20.0725607],[85.9312164,20.0725583],[85.9310566,20.0725947],[85.9309341,20.0726355],[85.9307278,20.0727141],[85.9306208,20.0727607],[85.9304596,20.0728671],[85.9302207,20.0730215],[85.93015,20.0730408],[85.9300587,20.0730408],[85.9299685,20.0730137],[85.9297339,20.0728856],[85.9296159,20.0728302],[85.9295373,20.0728096],[85.9294819,20.0728226],[85.9294379,20.0728671],[85.9293767,20.0729735],[85.9293414,20.0730216],[85.9293256,20.0730881],[85.929319,20.0731531],[85.929328,20.0733553],[85.9293251,20.0734696],[85.9293026,20.0735968],[85.9292725,20.0736775],[85.929221,20.073742],[85.9290835,20.0738399],[85.928932,20.0739448],[85.9288107,20.0740164],[85.9286689,20.0740699],[85.9285207,20.0741032],[85.9283177,20.0741385],[85.927723,20.0741833]]}},{"type":"Feature","properties":{"id":872844073,"highway":"unclassified"},"geometry":{"type":"LineString","coordinates":[[85.927671,20.0741861],[85.9276421,20.0741894],[85.9270097,20.0742519],[85.9268828,20.0742566],[85.9268264,20.0742593],[85.9267941,20.0742648],[85.9267759,20.074279],[85.926763,20.0743077],[85.9267571,20.0743476],[85.9267562,20.0744001],[85.9267519,20.0744794],[85.9267332,20.0745413],[85.92667,20.0746086],[85.9265004,20.0747034],[85.9262995,20.0748157],[85.9260531,20.0749314],[85.9259735,20.0749793],[85.9259237,20.0750249],[85.9258852,20.0750763],[85.925874,20.0751312],[85.925879,20.0752212],[85.9258914,20.0753626],[85.925918,20.0754936],[85.9259449,20.0755948],[85.9259459,20.0756538],[85.92593,20.075697],[85.925887,20.0757438],[85.9258282,20.0757841]]}},{"type":"Feature","properties":{"id":872844074,"highway":"unclassified"},"geometry":{"type":"LineString","coordinates":[[85.927723,20.0741833],[85.927671,20.0741861]]}},{"type":"Feature","properties":{"id":872844075,"highway":"unclassified"},"geometry":{"type":"LineString","coordinates":[[85.9258282,20.0757841],[85.9257493,20.0758338]]}},{"type":"Feature","properties":{"id":872844076,"highway":"unclassified"},"geometry":{"type":"LineString","coordinates":[[85.9257493,20.0758338],[85.9256406,20.0758629],[85.9255298,20.0758741],[85.9253771,20.075876],[85.9251236,20.0758769],[85.9250298,20.075891],[85.9249939,20.0759163],[85.9249599,20.0759735],[85.924937,20.0761019],[85.9249082,20.0763512],[85.924892,20.0764424],[85.9248712,20.0764902],[85.9248238,20.0765293],[85.9247533,20.0765521],[85.9245082,20.0766183],[85.9243903,20.076665],[85.9242921,20.0767225],[85.9242377,20.0767735],[85.924195,20.0768474],[85.9241661,20.0769255],[85.9241591,20.0770124],[85.9241556,20.0770938],[85.9241591,20.0771687],[85.9241973,20.0772893],[85.9242651,20.0774489],[85.9243098,20.0775751],[85.9243298,20.0777025],[85.9243609,20.0782528],[85.9243565,20.078981],[85.924358,20.0791772],[85.9243897,20.079456],[85.9244473,20.0796983],[85.9244747,20.0798079],[85.9245179,20.079904],[85.924845,20.0805523],[85.9250554,20.0810111],[85.9251001,20.0811708],[85.925139,20.0814193],[85.9252012,20.0816556],[85.9253729,20.0820626],[85.9255933,20.0825801],[85.9257708,20.0829666]]}},{"type":"Feature","properties":{"id":872844077,"highway":"unclassified"},"geometry":{"type":"LineString","coordinates":[[85.9258176,20.0830686],[85.9263995,20.0842924],[85.9268036,20.0850096],[85.9269254,20.085193],[85.9270587,20.0853509],[85.9271747,20.0854417],[85.9273139,20.0855162],[85.9274454,20.0856051],[85.9276503,20.0858448],[85.9278611,20.0860899],[85.9280645,20.0863279],[85.9284245,20.0866765]]}},{"type":"Feature","properties":{"id":872844078,"highway":"unclassified"},"geometry":{"type":"LineString","coordinates":[[85.9257708,20.0829666],[85.9258176,20.0830686]]}},{"type":"Feature","properties":{"id":872844079,"highway":"residential"},"geometry":{"type":"LineString","coordinates":[[85.9164854,20.0708007],[85.9165267,20.0709325],[85.9165557,20.0709788],[85.9166146,20.0710314],[85.9166784,20.0710905],[85.9167161,20.0711522],[85.9167925,20.0713292],[85.9168795,20.0715798],[85.9169211,20.0716706],[85.9169626,20.0717333],[85.9170612,20.071864],[85.9173386,20.0721655],[85.9176557,20.0725286],[85.9177746,20.0726739],[85.9179119,20.0728028],[85.9181332,20.0729989],[85.9182492,20.0730888],[85.9183208,20.0731279],[85.9183681,20.0731388],[85.9184812,20.0731497],[85.9187587,20.0731678],[85.918864,20.0731987],[85.9190032,20.0732459],[85.9191124,20.0732949],[85.9191878,20.0733476],[85.9194314,20.0736236],[85.9195449,20.0737808],[85.9196411,20.0738612],[85.9198243,20.0739599],[85.9199969,20.0740594],[85.9201796,20.0741901],[85.9202937,20.0742764],[85.9203478,20.074329],[85.9203903,20.0743989],[85.9204445,20.0744734],[85.9204908,20.0745188],[85.9205479,20.0745569],[85.9206136,20.0745851],[85.9207233,20.0746024],[85.9209369,20.0746215],[85.9210297,20.0746424],[85.9210626,20.0746723],[85.9210751,20.0747104],[85.9210558,20.0748448],[85.9210558,20.0749156],[85.9210712,20.0749728],[85.9211012,20.0750182],[85.9211466,20.0750527],[85.9212056,20.0750691],[85.9214154,20.0750818],[85.9215826,20.0750809],[85.9218098,20.0750491],[85.921976,20.0750191],[85.9220872,20.0750028],[85.922152,20.0750128],[85.9222506,20.0750455],[85.922442,20.0751317],[85.9225899,20.0751916],[85.9227049,20.0752098],[85.92305,20.0752425],[85.9237737,20.0753515],[85.9239291,20.0753911],[85.9241243,20.0754534],[85.9243268,20.0755315],[85.9245425,20.0756367],[85.9249091,20.075828],[85.9250298,20.075891]]}},{"type":"Feature","properties":{"id":872844080,"highway":"residential"},"geometry":{"type":"LineString","coordinates":[[85.9267759,20.074279],[85.9267114,20.074187],[85.9266609,20.0741344],[85.9266204,20.0741002],[85.9265791,20.0740654],[85.9264923,20.074034],[85.9263988,20.0740309],[85.9263154,20.0740466],[85.9262452,20.0740575],[85.9261968,20.0740466],[85.9261484,20.0740011],[85.9259198,20.0736672],[85.9258029,20.0735653],[85.9257362,20.0735355],[85.9256427,20.0735465],[85.9244476,20.0738741],[85.9237815,20.0739982],[85.923167,20.074083],[85.9229131,20.0741262],[85.922729,20.0741625],[85.9226266,20.0741886],[85.9225422,20.0742139],[85.9224991,20.0742384],[85.9224811,20.0742637],[85.9224748,20.0743008],[85.9224793,20.0743438],[85.9225583,20.0745497],[85.9225792,20.0746114],[85.9225792,20.0746622],[85.9225688,20.0747101],[85.9225324,20.0747678],[85.9224783,20.0748078],[85.9222744,20.07493],[85.922152,20.0750128]]}},{"type":"Feature","properties":{"id":872844081,"highway":"residential"},"geometry":{"type":"LineString","coordinates":[[85.923167,20.074083],[85.923159,20.0739448],[85.9231433,20.0738576],[85.9231108,20.0738112],[85.9230336,20.0737524],[85.922977,20.0736709],[85.9228565,20.0734468],[85.9227975,20.0733211],[85.9227432,20.073191]]}},{"type":"Feature","properties":{"id":872846799,"highway":"residential"},"geometry":{"type":"LineString","coordinates":[[85.9962907,19.9974251],[85.9962022,19.997662],[85.9961848,19.9977238],[85.9961808,19.9977666],[85.9961741,19.997841],[85.9961781,19.9979317],[85.9961969,19.99803],[85.9962451,19.9981888],[85.9963189,19.9983678],[85.9963833,19.9985379],[85.9964396,19.9986942],[85.9965234,19.9989771],[85.9966186,19.9992443],[85.9966917,19.9994213],[85.9967474,19.9995429],[85.9968473,19.9997194],[85.9969566,19.9999122],[85.9970525,20.0000584],[85.9971209,20.0001554],[85.9972255,20.0002682],[85.9972637,20.0003022],[85.997316,20.0003312],[85.9973884,20.0003766],[85.9974917,20.0004497],[85.9976258,20.000553],[85.9979316,20.0007988],[85.9983406,20.0011201],[85.9984915,20.0012424],[85.9985311,20.0012707],[85.9985673,20.0012928],[85.9986256,20.001323],[85.999264,20.0016255],[85.9998655,20.0019109],[86.0002571,20.0020974],[86.0003141,20.0021195],[86.0003483,20.0021283],[86.0003798,20.0021308],[86.0004281,20.0021295],[86.0004998,20.002122],[86.0006768,20.002088],[86.0009357,20.0020369],[86.0010416,20.0020155],[86.0011248,20.0020023],[86.0012354,20.0019865],[86.0014366,20.0019468],[86.0015043,20.0019298],[86.001621,20.0018983],[86.0016891,20.0018789],[86.0019381,20.0018082],[86.0020448,20.0017767],[86.0023917,20.0017115]]}},{"type":"Feature","properties":{"id":872848920,"highway":"primary"},"geometry":{"type":"LineString","coordinates":[[85.9374784,20.085066],[85.9375632,20.085063]]}},{"type":"Feature","properties":{"id":872848921,"highway":"primary"},"geometry":{"type":"LineString","coordinates":[[85.9375632,20.085063],[85.9376565,20.0850517],[85.9377369,20.0850421],[85.9383109,20.0850252],[85.9404575,20.0850472],[85.9406373,20.0850477],[85.9407065,20.0850462],[85.941119,20.0850373],[85.9417317,20.0850126],[85.9426151,20.0849609],[85.9429879,20.0849192],[85.9433691,20.084854]]}},{"type":"Feature","properties":{"id":872850981,"highway":"unclassified"},"geometry":{"type":"LineString","coordinates":[[85.9345715,20.1045222],[85.9345822,20.1042706],[85.9345855,20.1041933],[85.9345972,20.1041407],[85.9347419,20.1037372],[85.9347513,20.103678],[85.9347501,20.1035849],[85.934777,20.1030377],[85.93477,20.1029763],[85.9347508,20.1028831],[85.9347303,20.1027834],[85.9347279,20.1027351],[85.934749,20.1026211],[85.9347625,20.1025716],[85.9348092,20.1024335],[85.9348092,20.1023808],[85.9347812,20.1022602],[85.9347515,20.1022011],[85.9345704,20.1019505],[85.9345235,20.1018913],[85.9344199,20.1017708],[85.9343156,20.1016495],[85.9342594,20.1015986],[85.9339321,20.1013372],[85.9332199,20.1008132],[85.9324032,20.1002125],[85.9321189,20.0999921],[85.932072,20.0999455],[85.9320277,20.0998787],[85.9320103,20.0998032],[85.9320304,20.0986634],[85.9320304,20.0979065],[85.9320652,20.0964556],[85.9320773,20.0961055],[85.932076,20.0960475],[85.9320626,20.095977],[85.9320404,20.0959266],[85.9320009,20.0958788],[85.93197,20.0958498],[85.9319338,20.0958221],[85.9313691,20.0954801],[85.9310525,20.0952494],[85.9308888,20.0951094],[85.93078,20.0950118],[85.9305906,20.0948305],[85.9304745,20.0946928],[85.9301811,20.0942646],[85.9297607,20.0936093],[85.9294295,20.0930446],[85.9293611,20.0929424],[85.9291716,20.0927347],[85.9286901,20.0922515],[85.9283638,20.0918945],[85.9280253,20.0915146],[85.9278725,20.091378],[85.9277466,20.0912873],[85.9275058,20.0911381],[85.9267212,20.0907502],[85.926456,20.0905826],[85.9261615,20.0903657],[85.9259362,20.0901499],[85.9257279,20.0898977]]}},{"type":"Feature","properties":{"id":872850982,"highway":"residential"},"geometry":{"type":"LineString","coordinates":[[85.9275058,20.0911381],[85.9278547,20.0908234],[85.9279808,20.0907349],[85.9283442,20.0904736],[85.9286906,20.0901703]]}},{"type":"Feature","properties":{"id":872850984,"highway":"residential"},"geometry":{"type":"LineString","coordinates":[[85.9406373,20.0850477],[85.9405808,20.0840817],[85.9405576,20.0834008],[85.9405261,20.0829023],[85.9405288,20.0826753],[85.9405324,20.0825923],[85.9405433,20.0825453],[85.9405616,20.0825187],[85.9405935,20.0825025],[85.9406499,20.0824879],[85.9409551,20.0824323],[85.9412256,20.0823776],[85.9413896,20.0823203],[85.9414497,20.0822963],[85.9415845,20.082221],[85.9417522,20.0821055],[85.9418952,20.0819866],[85.9419608,20.0819438],[85.9420382,20.0819147],[85.9421675,20.0818805],[85.9423197,20.0818668],[85.9427004,20.0818608],[85.9429437,20.0818899],[85.9431978,20.0819361],[85.9432953,20.0819566],[85.9433727,20.0819592],[85.9434802,20.0819421],[85.9437909,20.0818961],[85.9438595,20.0818777],[85.9438919,20.0818565],[85.9438958,20.0818169],[85.9439272,20.0814311],[85.9439262,20.0812884],[85.9439134,20.0811457],[85.943884,20.0809348],[85.943788,20.0804956],[85.9437551,20.0803424],[85.9437417,20.0802586],[85.9437564,20.0802161],[85.9437857,20.0801862],[85.9438835,20.080153],[85.9445923,20.0799613],[85.946241,20.0795262],[85.9464124,20.0794805],[85.9474824,20.0791949],[85.9479632,20.0790482]]}},{"type":"Feature","properties":{"id":872850985,"highway":"unclassified"},"geometry":{"type":"LineString","coordinates":[[85.9489173,20.0807422],[85.9490622,20.0809984],[85.9491524,20.08112],[85.9493602,20.0814146],[85.9494436,20.0815223],[85.9494955,20.081573],[85.9495445,20.0816034],[85.9496024,20.0816264],[85.949824,20.0816807],[85.9499067,20.0816963],[85.9500004,20.0817139],[85.9501043,20.0817323],[85.9501847,20.0817618],[85.9502455,20.0817931],[85.9503259,20.0818446],[85.9505932,20.0820831],[85.9506677,20.0821539],[85.9507168,20.0821944],[85.9507608,20.0822119],[85.9507955,20.0822183],[85.9508403,20.0822366],[85.95087,20.0822604],[85.9511324,20.0825832],[85.95144,20.0829149]]}},{"type":"Feature","properties":{"id":872850986,"highway":"residential"},"geometry":{"type":"LineString","coordinates":[[85.9445923,20.0799613],[85.9433521,20.0759957],[85.9432675,20.0757472],[85.9432292,20.075648],[85.9432208,20.0755931],[85.9432284,20.0755653],[85.9432504,20.0755343],[85.943291,20.075508],[85.9437347,20.0753515],[85.9438053,20.0753392],[85.9438763,20.0753416],[85.9439494,20.0753452],[85.9440338,20.0753462],[85.9441087,20.0753452],[85.9441742,20.0753343],[85.9442639,20.0753016],[85.9447363,20.0750743],[85.9448653,20.0750122],[85.9450196,20.0749316],[85.9451098,20.074888],[85.9451617,20.0748675],[85.9452091,20.0748615],[85.9452528,20.0748649],[85.9453221,20.0748786],[85.9453904,20.0748837],[85.9454869,20.0748752],[85.9455662,20.0748529],[85.9459019,20.0747315]]}},{"type":"Feature","properties":{"id":872850987,"highway":"residential"},"geometry":{"type":"LineString","coordinates":[[85.9438053,20.0753392],[85.9438299,20.0750602],[85.9438326,20.0749327],[85.9438135,20.0748078],[85.9437018,20.0744771],[85.9435787,20.0740419],[85.943547,20.073902],[85.9435264,20.0738063],[85.9435264,20.0737657],[85.9435382,20.0737344],[85.9435597,20.0737151],[85.943598,20.0737031],[85.9440774,20.0736156]]}},{"type":"Feature","properties":{"id":872850988,"highway":"residential"},"geometry":{"type":"LineString","coordinates":[[85.9449717,20.0755509],[85.9447363,20.0750743],[85.9445318,20.0744384]]}},{"type":"Feature","properties":{"id":872855154,"highway":"unclassified"},"geometry":{"type":"LineString","coordinates":[[85.931644,20.0846255],[85.9315637,20.0847615]]}},{"type":"Feature","properties":{"id":872855155,"highway":"unclassified"},"geometry":{"type":"LineString","coordinates":[[85.9316836,20.084551],[85.931644,20.0846255]]}},{"type":"Feature","properties":{"id":872855156,"highway":"residential"},"geometry":{"type":"LineString","coordinates":[[85.9342198,20.0815614],[85.9344572,20.0817071],[85.9345882,20.0817629],[85.9347482,20.0818245],[85.9348899,20.081866],[85.9351108,20.0819375],[85.935286,20.0820119],[85.9354003,20.0820763],[85.9354381,20.082111],[85.9354704,20.082155],[85.9358391,20.0828933],[85.9362337,20.0837476],[85.936497,20.0842627],[85.9367136,20.0846863],[85.9367654,20.0847578],[85.9368217,20.0847907],[85.9368994,20.0847907],[85.9372575,20.0846805],[85.9373535,20.0846605],[85.9374403,20.0846662],[85.937515,20.0846977],[85.9375607,20.0847535],[85.9375987,20.0848122],[85.9376201,20.0848846],[85.9376565,20.0850517]]}},{"type":"Feature","properties":{"id":872855157,"highway":"residential"},"geometry":{"type":"LineString","coordinates":[[85.9354704,20.082155],[85.935559,20.0821457],[85.9369397,20.0820014]]}},{"type":"Feature","properties":{"id":872855158,"highway":"residential"},"geometry":{"type":"LineString","coordinates":[[85.935559,20.0821457],[85.9356477,20.0817052],[85.9356706,20.0816094],[85.9357117,20.0815478],[85.9357833,20.0815178],[85.9372261,20.0812889]]}},{"type":"Feature","properties":{"id":872855159,"highway":"residential"},"geometry":{"type":"LineString","coordinates":[[85.9362337,20.0837476],[85.9352781,20.0840031]]}},{"type":"Feature","properties":{"id":872855160,"highway":"residential"},"geometry":{"type":"LineString","coordinates":[[85.9336124,20.0798793],[85.933196,20.0800173],[85.9330789,20.0800457],[85.9329355,20.0800754],[85.9326086,20.0801126],[85.932295,20.0801483],[85.9316689,20.0802397]]}},{"type":"Feature","properties":{"id":872855161,"highway":"residential"},"geometry":{"type":"LineString","coordinates":[[85.9326086,20.0801126],[85.9327638,20.080516],[85.9328996,20.0807464],[85.9329932,20.0809022],[85.9330443,20.0809967],[85.9330761,20.0810978],[85.9330885,20.081189],[85.9330885,20.0814227],[85.9331026,20.081547],[85.9331449,20.0816563],[85.9331979,20.0817657],[85.9333143,20.0819398],[85.9335553,20.0821952]]}},{"type":"Feature","properties":{"id":872855162,"highway":"residential"},"geometry":{"type":"LineString","coordinates":[[85.9356531,20.0854522],[85.9357076,20.0862773],[85.9357161,20.0864262],[85.9357359,20.0865139],[85.9357642,20.0865738],[85.9358138,20.0866163],[85.9359709,20.0866495],[85.9360431,20.0866735],[85.9360841,20.0867107],[85.9360983,20.0867705],[85.9361153,20.0868543],[85.9361436,20.0869021],[85.9361804,20.0869234],[85.9362965,20.086942],[85.9368364,20.0870313],[85.9369456,20.0870436],[85.9370035,20.0870412],[85.9370508,20.0870165],[85.9370771,20.0869633],[85.9371126,20.0868534],[85.9371363,20.0868028],[85.9371758,20.086757],[85.9372284,20.0867422],[85.937327,20.0867299],[85.9373941,20.0867187],[85.937452,20.0866842],[85.9374901,20.0866088],[85.9375401,20.0865149],[85.9376033,20.0863519],[85.9376393,20.0862211],[85.937653,20.0861013],[85.9376666,20.0859499],[85.9376639,20.0858985],[85.9376466,20.08586],[85.9376184,20.0858232],[85.93755,20.0857365],[85.9375296,20.0856989],[85.9375182,20.0856539],[85.9375036,20.085546],[85.9374877,20.0854071],[85.937437,20.0850664]]}},{"type":"Feature","properties":{"id":872859077,"highway":"unclassified"},"geometry":{"type":"LineString","coordinates":[[85.9404575,20.0850472],[85.9405393,20.0858818],[85.9406031,20.0867902],[85.9406057,20.0868272]]}},{"type":"Feature","properties":{"id":872859079,"highway":"unclassified"},"geometry":{"type":"LineString","coordinates":[[85.9406057,20.0868272],[85.9406066,20.0869369]]}},{"type":"Feature","properties":{"id":872859081,"highway":"residential"},"geometry":{"type":"LineString","coordinates":[[85.9421697,20.0885029],[85.9408427,20.0891582]]}},{"type":"Feature","properties":{"id":872859082,"highway":"residential"},"geometry":{"type":"LineString","coordinates":[[85.9406872,20.0889543],[85.940371,20.0890872],[85.9402631,20.0891292],[85.9401908,20.0891416],[85.9401342,20.0891305],[85.940079,20.0891305],[85.9399869,20.0891576],[85.9394621,20.0893775]]}},{"type":"Feature","properties":{"id":872859083,"highway":"residential"},"geometry":{"type":"LineString","coordinates":[[85.9427901,20.0891384],[85.9412872,20.0897665],[85.9407056,20.0900654],[85.9405546,20.0901604],[85.9404858,20.0902432],[85.940454,20.090336],[85.9404629,20.0904222],[85.9405176,20.0905416],[85.9408405,20.0911084],[85.941377,20.0919005]]}},{"type":"Feature","properties":{"id":872859085,"highway":"residential"},"geometry":{"type":"LineString","coordinates":[[85.9265004,20.0747034],[85.9262452,20.0740575]]}},{"type":"Feature","properties":{"id":872859091,"highway":"residential"},"geometry":{"type":"LineString","coordinates":[[85.9332382,20.0781323],[85.9311151,20.0783658]]}},{"type":"Feature","properties":{"id":872859092,"highway":"residential"},"geometry":{"type":"LineString","coordinates":[[85.9300181,20.0849741],[85.930118,20.0845236]]}},{"type":"Feature","properties":{"id":872859093,"highway":"residential"},"geometry":{"type":"LineString","coordinates":[[85.930118,20.0845236],[85.930144,20.0844058]]}},{"type":"Feature","properties":{"id":872859094,"highway":"residential"},"geometry":{"type":"LineString","coordinates":[[85.930144,20.0844058],[85.9301509,20.0843552],[85.9303065,20.0837402]]}},{"type":"Feature","properties":{"id":872859095,"highway":"residential"},"geometry":{"type":"LineString","coordinates":[[85.9301509,20.0843552],[85.9298417,20.0844593],[85.9296732,20.0844568],[85.9294213,20.0844306],[85.9292486,20.0843734],[85.9291679,20.0843255],[85.9290929,20.0842537],[85.9287008,20.083807],[85.9286815,20.0837481],[85.9286809,20.083698],[85.9287192,20.0836422],[85.9288126,20.0835478],[85.9291283,20.0833842]]}},{"type":"Feature","properties":{"id":872868811,"highway":"residential"},"geometry":{"type":"LineString","coordinates":[[85.9500066,20.0927523],[85.950079,20.0933165],[85.9502329,20.0942806],[85.9502297,20.0943295],[85.9502098,20.0943715],[85.9501709,20.0944034],[85.9492743,20.0947677],[85.9491452,20.0948269],[85.9480868,20.0953195],[85.9479761,20.0953874],[85.9477687,20.0955621],[85.9477294,20.0956141],[85.9474324,20.0960002],[85.9474157,20.0960399],[85.9474038,20.0960978],[85.9474558,20.0962742]]}},{"type":"Feature","properties":{"id":872868815,"highway":"residential"},"geometry":{"type":"LineString","coordinates":[[85.936497,20.0842627],[85.9372496,20.0841192]]}},{"type":"Feature","properties":{"id":872868818,"highway":"residential"},"geometry":{"type":"LineString","coordinates":[[85.9323986,20.0792489],[85.9327867,20.0792248],[85.9329615,20.0792233],[85.9333012,20.0792358]]}},{"type":"Feature","properties":{"id":872868819,"highway":"residential"},"geometry":{"type":"LineString","coordinates":[[85.9241556,20.0770938],[85.9237836,20.0771692],[85.9235301,20.077237]]}},{"type":"Feature","properties":{"id":872874732,"highway":"primary"},"geometry":{"type":"LineString","coordinates":[[85.9478929,20.0839158],[85.9498561,20.0834896],[85.9508291,20.0832717],[85.9510504,20.0831813],[85.9512238,20.0830776],[85.9513349,20.0829922],[85.9513808,20.0829586],[85.95144,20.0829149],[85.9516391,20.0827679]]}},{"type":"Feature","properties":{"id":872874733,"highway":"primary"},"geometry":{"type":"LineString","coordinates":[[85.9476922,20.0839622],[85.9478929,20.0839158]]}},{"type":"Feature","properties":{"id":872880299,"highway":"unclassified"},"geometry":{"type":"LineString","coordinates":[[85.9513349,20.0829922],[85.9513737,20.0830586],[85.9513977,20.0831054],[85.9514091,20.083138],[85.9514135,20.0831818],[85.9514242,20.0833767],[85.9514444,20.0839325],[85.9514435,20.0842456],[85.9514371,20.0843996],[85.9514262,20.0844775],[85.951387,20.0846529],[85.951295,20.085055],[85.9512459,20.085285],[85.9512039,20.0854956],[85.9511875,20.0856205],[85.9511866,20.0856915],[85.9511975,20.0857591],[85.9512303,20.0859139],[85.9514298,20.0864067],[85.9515175,20.0866044],[85.9515889,20.0867651],[85.9516986,20.0870176],[85.9521067,20.0880326],[85.9525231,20.0889972],[85.9525527,20.0891084],[85.9525576,20.0892094],[85.9525653,20.0893295],[85.9525811,20.0893939],[85.9526022,20.0894335],[85.9526681,20.0895104],[85.9526995,20.0895288],[85.9527362,20.0895363],[85.9527747,20.0895376],[85.9528105,20.0895323],[85.9528349,20.0895199],[85.9528758,20.0894833],[85.9529064,20.089436],[85.9529417,20.0893627],[85.9529731,20.0892728],[85.9530235,20.0891129],[85.9530491,20.0890594],[85.9530783,20.0890217],[85.9531148,20.0889867],[85.9531762,20.0889475],[85.9534568,20.0888123],[85.953668,20.08873],[85.9537564,20.0887067],[85.9538975,20.0886833],[85.954018,20.08866],[85.9542263,20.0885982],[85.9545383,20.0885035],[85.9548108,20.0884642],[85.9551254,20.0884154],[85.9552913,20.0884066],[85.9553731,20.0884162],[85.9554533,20.0884391],[85.9555461,20.0884885],[85.9556712,20.0885565],[85.955749,20.0885964],[85.9558316,20.0886259],[85.9559103,20.0886377],[85.9559755,20.0886377],[85.9560801,20.088623],[85.9563169,20.0885631],[85.9566181,20.0884612],[85.9567274,20.0884398],[85.9570034,20.0884184],[85.9574243,20.0883957],[85.9574818,20.0884074],[85.9575441,20.0884329],[85.9578893,20.088649],[85.9579865,20.0886875],[85.9580671,20.0887013],[85.9581676,20.0887081],[85.9582485,20.088702],[85.9583229,20.0886795],[85.958422,20.0886252],[85.9586207,20.0884886],[85.9587458,20.0884148],[85.9588546,20.088363],[85.9589286,20.0883376],[85.9589717,20.088326],[85.9590269,20.088322],[85.9590785,20.0883328],[85.9591296,20.0883567],[85.9592409,20.0884341],[85.9594323,20.0885712],[85.9598038,20.0889015],[85.9599069,20.0889557],[85.9600018,20.088992],[85.9604137,20.0890738],[85.9605937,20.0891036],[85.9607148,20.0891206],[85.9608086,20.0891464],[85.9608942,20.0891784],[85.9609812,20.0892378],[85.9612829,20.0895369],[85.9613918,20.0896251],[85.9615252,20.0897097],[85.961755,20.0898382],[85.9618669,20.0899058],[85.961921,20.0899518],[85.9619553,20.0899957],[85.9620101,20.0900705],[85.9620845,20.090228],[85.9621532,20.0904069],[85.9622571,20.0906913],[85.9622866,20.0908225],[85.9622893,20.0909601],[85.9622601,20.091134],[85.9622309,20.0914166],[85.9622149,20.0918929],[85.9622177,20.092292],[85.9622251,20.0923514],[85.9622859,20.0925091],[85.9623075,20.0925653],[85.9623204,20.0926411],[85.9623215,20.0926982],[85.9622964,20.0931826],[85.9622959,20.0932387],[85.9623244,20.0936216],[85.9623609,20.0953721],[85.9623557,20.0954796],[85.962328,20.0958174],[85.9623108,20.0960267],[85.9622836,20.0961162],[85.9622349,20.0961887],[85.9617816,20.0966076],[85.9613524,20.0970742],[85.9613107,20.0971153],[85.9612533,20.097155],[85.9608572,20.0973827],[85.9608066,20.0974174],[85.9607595,20.0974632],[85.9604645,20.0978863],[85.9604325,20.0979322],[85.9599441,20.0988635],[85.9593272,20.1001983],[85.9593003,20.1002748],[85.9591637,20.1010459],[85.9591646,20.1011012],[85.9591809,20.1011604],[85.9593218,20.1014475],[85.959331,20.1014997],[85.959324,20.1015498],[85.9592935,20.1016439],[85.9592611,20.1016943],[85.9585182,20.1024173],[85.9584903,20.1024549],[85.958476,20.1024996],[85.9584474,20.1028377],[85.9584419,20.1029187],[85.9584369,20.1031575],[85.9584442,20.1032148],[85.9586353,20.1037091],[85.958663,20.1037487],[85.9586983,20.1037724],[85.9592652,20.1039762],[85.9593162,20.1040046],[85.9595499,20.1041677],[85.9595959,20.104214],[85.9604055,20.1050088],[85.9613677,20.1060462],[85.961423,20.1061036],[85.9615144,20.1062666],[85.9615388,20.1063191],[85.961886,20.1074518],[85.9619166,20.1075147],[85.9620014,20.1076928],[85.9620254,20.107726],[85.9621596,20.1079051],[85.9622057,20.1079546],[85.9627968,20.1085768],[85.9628531,20.1086427],[85.9632137,20.1090921],[85.9632557,20.1091458],[85.9635219,20.1095229],[85.9635639,20.1095909],[85.9636807,20.1098606],[85.9638226,20.1101427],[85.9638789,20.1102132],[85.9639379,20.1102661],[85.9644238,20.1106057],[85.9644905,20.1106414],[85.9650537,20.1109386],[85.9651074,20.1109815],[85.9651387,20.1110344],[85.9653493,20.1114955],[85.9653595,20.111533],[85.9655017,20.1121224],[85.9655285,20.112203],[85.9657806,20.1128805],[85.9658048,20.1129636],[85.9659259,20.1133351],[85.9661673,20.1139043],[85.9662219,20.113994],[85.9662907,20.1140705],[85.9669345,20.1147002],[85.9669697,20.1147433],[85.9670049,20.114789],[85.9675192,20.115486],[85.9675655,20.1155467],[85.9679282,20.1160428],[85.9679613,20.1160774],[85.9679943,20.1161041],[85.9688274,20.1166876],[85.9693908,20.1170021],[85.9697362,20.1172339],[85.9698375,20.1172963],[85.9699449,20.1173711],[85.9705657,20.1178987],[85.9713866,20.1184092],[85.9714723,20.1184528],[85.9717632,20.1185688],[85.9718152,20.1185955],[85.9718585,20.1186291],[85.9719115,20.118686],[85.9720144,20.1188537],[85.9721857,20.1191328],[85.9724078,20.1196521],[85.9724378,20.1197222],[85.9725988,20.119969],[85.9726365,20.1200287],[85.9727019,20.1201077],[85.972867,20.1202561],[85.9730094,20.1204013],[85.9730422,20.1204462],[85.9730692,20.120491],[85.9730891,20.1205306],[85.973103,20.1205684],[85.9731326,20.1206728],[85.9731666,20.1210751],[85.9731735,20.1211571],[85.9731757,20.1212873],[85.9731847,20.1214571],[85.9731996,20.121596],[85.9733766,20.1222407],[85.9734356,20.1226487],[85.9744871,20.1250111],[85.9749378,20.1258289]]}},{"type":"Feature","properties":{"id":872891394,"highway":"residential"},"geometry":{"type":"LineString","coordinates":[[85.9956097,20.0095328],[85.9955531,20.0093233],[85.995485,20.0091089],[85.9954114,20.0089352],[85.9953424,20.0087857],[85.9952744,20.0086577],[85.9952468,20.0086223],[85.9952173,20.0085834],[85.9952063,20.0085635],[85.9951989,20.0085307],[85.9952035,20.0084961],[85.9952192,20.0084546],[85.9952394,20.0084244],[85.995256,20.0084097],[85.99529,20.0083924],[85.9954179,20.0083509],[85.9955246,20.008312],[85.9956055,20.0082844],[85.9957076,20.0082455],[85.9957656,20.0082299],[85.995818,20.0082178],[85.9959109,20.0082109],[85.9960369,20.0081988],[85.9961316,20.0081815],[85.9962457,20.0081616],[85.9963855,20.0081322],[85.9964563,20.0081245],[85.9965262,20.0081262],[85.9966707,20.0081435],[85.9967994,20.008159],[85.9968477,20.008165],[85.9969429,20.0081685],[85.9970119,20.0081599],[85.9970791,20.0081487],[85.9971467,20.0081292],[85.9972317,20.0080934],[85.9973975,20.0080128],[85.9976319,20.0078998],[85.9978747,20.0077796],[85.9979014,20.0077597]]}},{"type":"Feature","properties":{"id":872895756,"highway":"residential"},"geometry":{"type":"LineString","coordinates":[[85.9933095,20.006297],[85.9933765,20.0062888],[85.9933966,20.0062831],[85.9934114,20.0062756],[85.9934201,20.0062655],[85.9934214,20.0062535],[85.9934161,20.006229],[85.9933189,20.0060343],[85.9933108,20.0060172],[85.9933048,20.0059983],[85.9933048,20.0059775],[85.9933128,20.0059511],[85.9933316,20.0059309],[85.9933631,20.005907],[85.9935147,20.0058125],[85.9936099,20.0057507],[85.9936414,20.0057362],[85.9936799,20.0057252],[85.9937822,20.005706],[85.9938781,20.0056984],[85.9939331,20.0056984],[85.9939954,20.005706],[85.9940705,20.0057227],[85.9942301,20.0057709],[85.9942623,20.0057835]]}},{"type":"Feature","properties":{"id":872897629,"highway":"residential"},"geometry":{"type":"LineString","coordinates":[[85.9323457,20.0001882],[85.9317906,20.0005153],[85.9314225,20.0007456],[85.9305763,20.0012774],[85.9299209,20.0016835],[85.9294528,20.0019639],[85.9292654,20.0020752],[85.9287843,20.0023629],[85.9287617,20.0023882],[85.9287598,20.0024213],[85.9287821,20.0024615],[85.9288322,20.0025191],[85.9289716,20.0026849],[85.9290682,20.0028158],[85.9290867,20.0028507],[85.9290923,20.0028787],[85.9290793,20.0029031],[85.9290254,20.0029345],[85.9287411,20.0031033],[85.9286796,20.0031544],[85.9285722,20.0032609],[85.9284865,20.0033479]]}},{"type":"Feature","properties":{"id":872897632,"highway":"residential"},"geometry":{"type":"LineString","coordinates":[[85.928596,19.9967371],[85.9287393,19.9971566],[85.9288202,19.9974414],[85.9289138,19.9978004],[85.9289634,19.9980351],[85.9290314,19.9983769],[85.9290553,19.9985409],[85.9290875,19.9988102],[85.9290853,19.9989467],[85.9291246,19.9992017],[85.9291911,19.9994743],[85.9292901,19.9999121],[85.9293106,20.0000019],[85.9293277,20.0000565],[85.9293601,20.000127],[85.9294523,20.0002698],[85.9295103,20.0003708],[85.9297014,20.0007445],[85.9297251,20.0007942],[85.9297288,20.0008252],[85.9297141,20.0008632],[85.9296737,20.0008943],[85.9292329,20.0011117],[85.9291663,20.0011431],[85.9290621,20.0011877],[85.928691,20.0013275],[85.9281345,20.0015553],[85.9280096,20.0016071],[85.9278277,20.0016986],[85.9277157,20.0017556],[85.9276128,20.001797],[85.9274842,20.0018367],[85.9271591,20.0018902],[85.9271077,20.001893],[85.927083,20.0018853],[85.9270666,20.0018596],[85.9270584,20.0017991],[85.9270091,20.0014247],[85.9269982,20.0013758],[85.9269889,20.0013521],[85.9269763,20.0013347],[85.9269571,20.0013257],[85.9269263,20.0013233],[85.9268914,20.001327],[85.9265012,20.0013591],[85.9261389,20.001387],[85.9257147,20.0014143],[85.9254922,20.001431],[85.9253744,20.0014476],[85.925286,20.0014697],[85.9251018,20.0015251],[85.9249869,20.0015722],[85.924897,20.001629],[85.9248425,20.001676],[85.9247983,20.0017051],[85.9247585,20.0017273],[85.9246671,20.0017605],[85.9243459,20.0018533],[85.9239451,20.0019751],[85.9238862,20.0019848],[85.923841,20.0019882],[85.9238023,20.0019848]]}},{"type":"Feature","properties":{"id":872897633,"highway":"residential"},"geometry":{"type":"LineString","coordinates":[[85.9291663,20.0011431],[85.9292832,20.0014924],[85.9293381,20.0016938],[85.9293669,20.001792],[85.929386,20.0018407],[85.929415,20.0018941],[85.9294528,20.0019639]]}},{"type":"Feature","properties":{"id":872903773,"highway":"primary"},"geometry":{"type":"LineString","coordinates":[[85.9224891,20.0910124],[85.9230755,20.0908116]]}},{"type":"Feature","properties":{"id":872903774,"highway":"primary"},"geometry":{"type":"LineString","coordinates":[[85.9230755,20.0908116],[85.9235176,20.0906619],[85.9237383,20.090599],[85.9239716,20.0905276],[85.9246615,20.0902878],[85.9251749,20.0901149],[85.9256312,20.0899476],[85.9257279,20.0898977],[85.9259068,20.0897821],[85.9260947,20.0896117],[85.9264877,20.0891197],[85.9269223,20.0885651]]}},{"type":"Feature","properties":{"id":872903775,"highway":"residential"},"geometry":{"type":"LineString","coordinates":[[85.927358,20.0731817],[85.9276745,20.0731943],[85.9277,20.0732069],[85.927716,20.0732308],[85.9277214,20.0732699],[85.9277107,20.0733039],[85.9276544,20.073411],[85.9276409,20.0734538],[85.9276356,20.0734979],[85.9276369,20.0735583],[85.9276421,20.0741894]]}},{"type":"Feature","properties":{"id":872903776,"highway":"residential"},"geometry":{"type":"LineString","coordinates":[[85.9345543,20.0801045],[85.9345382,20.0803867],[85.9345329,20.0804201],[85.9345208,20.0804478],[85.9344947,20.0804679],[85.9340194,20.0806042]]}},{"type":"Feature","properties":{"id":872903777,"highway":"residential"},"geometry":{"type":"LineString","coordinates":[[85.9343693,20.0792153],[85.9341386,20.0792014],[85.9341077,20.0792127],[85.934089,20.0792329],[85.9340702,20.0793576],[85.9340554,20.0793916],[85.9340326,20.0794042],[85.9337215,20.0794055],[85.9336746,20.0794092],[85.9336317,20.0794187],[85.9335785,20.0794344]]}},{"type":"Feature","properties":{"id":872909685,"highway":"residential"},"geometry":{"type":"LineString","coordinates":[[85.9234771,20.0025174],[85.9236071,20.0026324],[85.9236548,20.0026828],[85.9237353,20.002792],[85.9238888,20.0030147]]}},{"type":"Feature","properties":{"id":872909686,"highway":"residential"},"geometry":{"type":"LineString","coordinates":[[85.9238888,20.0030147],[85.9239096,20.0030511]]}},{"type":"Feature","properties":{"id":872909687,"highway":"residential"},"geometry":{"type":"LineString","coordinates":[[85.9239096,20.0030511],[85.9239121,20.0030836],[85.9239006,20.0031096],[85.9237234,20.0032961],[85.9235222,20.0035202],[85.9235073,20.0035482],[85.9235073,20.0035734],[85.9235133,20.0035944],[85.9235311,20.003621],[85.9236742,20.0037568],[85.9237129,20.0038072],[85.9237393,20.0038443],[85.9237641,20.0038794],[85.9238103,20.0038978],[85.923853,20.0038912],[85.9240199,20.003838],[85.9243938,20.0036942],[85.9245423,20.0036538],[85.9248478,20.003585],[85.9250931,20.0035284],[85.9253061,20.003486],[85.9254933,20.0034698],[85.9257515,20.0034678],[85.9262313,20.003488],[85.9263625,20.0035062],[85.9264744,20.0035365],[85.9266767,20.0036093],[85.9268101,20.0036437],[85.9269134,20.0036599],[85.9271769,20.0036932],[85.9272318,20.0037104],[85.9272834,20.0037468],[85.9274685,20.0039348],[85.9275074,20.0039728],[85.9275407,20.0039946],[85.9275954,20.0040096],[85.92766,20.0040076],[85.9277327,20.003995],[85.9277955,20.0039793],[85.9279027,20.0039445]]}},{"type":"Feature","properties":{"id":872930227,"highway":"residential"},"geometry":{"type":"LineString","coordinates":[[85.9916308,20.0244821],[85.9916367,20.0245711],[85.9916862,20.0247928],[85.9917153,20.0249084],[85.9917358,20.024971],[85.9917819,20.0250626],[85.9919187,20.0252713],[85.992052,20.025456],[85.9921187,20.0255395],[85.9922076,20.0256857],[85.9922828,20.0258463],[85.9923204,20.025925],[85.9923546,20.0260342],[85.992517,20.0264549]]}},{"type":"Feature","properties":{"id":872930228,"highway":"residential"},"geometry":{"type":"LineString","coordinates":[[85.9979994,20.0076768],[85.9980679,20.007618],[85.9981415,20.0075565],[85.9982394,20.0074841],[85.9983071,20.0074368],[85.9983882,20.0073927],[85.9985552,20.007319],[85.9988737,20.007198],[85.9989786,20.0071599],[85.9989994,20.0071503],[85.9990202,20.0071379],[85.999042,20.0071194],[85.9990556,20.0070911],[85.9990597,20.0070697],[85.9990603,20.0070457],[85.9990574,20.0070193],[85.999051,20.0069911],[85.9990078,20.0067746],[85.9989877,20.0067003],[85.9989555,20.006631],[85.9989139,20.0065667],[85.9988375,20.0064835],[85.9987061,20.0063449],[85.9984969,20.0061496],[85.9982367,20.0058874],[85.998179,20.0058408],[85.998116,20.0057992],[85.998002,20.0057299],[85.9978639,20.0056531],[85.9978142,20.0056152],[85.997778,20.0055787],[85.9977083,20.0054779],[85.9976815,20.0054237],[85.9976748,20.0053834],[85.9976788,20.0053418],[85.9976882,20.0053115],[85.997715,20.0052574],[85.997825,20.0050255],[85.9978437,20.0049776],[85.9978545,20.0049083],[85.9978578,20.0047816]]}},{"type":"Feature","properties":{"id":872930229,"highway":"residential"},"geometry":{"type":"LineString","coordinates":[[85.9979014,20.0077597],[85.9979994,20.0076768]]}},{"type":"Feature","properties":{"id":872931697,"highway":"residential"},"geometry":{"type":"LineString","coordinates":[[85.9314225,20.0007456],[85.9316983,20.0011169],[85.9317187,20.0011535],[85.9317422,20.0011956],[85.9317801,20.0012932],[85.931854,20.0015071]]}},{"type":"Feature","properties":{"id":872931698,"highway":"residential"},"geometry":{"type":"LineString","coordinates":[[85.9317187,20.0011535],[85.9323849,20.000981],[85.9325675,20.0009447],[85.9328146,20.0009124]]}},{"type":"Feature","properties":{"id":872933866,"highway":"residential"},"geometry":{"type":"LineString","coordinates":[[85.9970513,20.0089386],[85.9970037,20.0088206],[85.9969445,20.0086416],[85.9968724,20.0083663],[85.9968594,20.0082903],[85.9968477,20.008165]]}},{"type":"Feature","properties":{"id":872933867,"highway":"residential"},"geometry":{"type":"LineString","coordinates":[[85.9965534,20.0090851],[85.9965981,20.0090525],[85.996627,20.0090295],[85.9966602,20.0089956],[85.9966905,20.0089698],[85.9967338,20.0089427],[85.9970037,20.0088206]]}},{"type":"Feature","properties":{"id":872957226,"highway":"residential"},"geometry":{"type":"LineString","coordinates":[[85.932144,20.0160221],[85.9324692,20.016015],[85.9329997,20.0159918],[85.9335487,20.0159512],[85.9341183,20.0159049],[85.9342134,20.015895],[85.9342639,20.0158765],[85.9342859,20.0158476],[85.9342991,20.0158083],[85.9343013,20.0157547],[85.9342903,20.0156618],[85.9342419,20.0154492],[85.934209,20.0153357],[85.9341145,20.0151354],[85.934031,20.0149249],[85.9340245,20.0148733],[85.934031,20.0148114],[85.934064,20.0147082],[85.9341607,20.0144955],[85.9341914,20.0144481],[85.9342354,20.0144192],[85.9343013,20.0144088],[85.9345602,20.0143718],[85.9350064,20.0143139],[85.9353052,20.0142664],[85.9354063,20.0142417],[85.9355798,20.0141983],[85.9358324,20.0141508],[85.9360873,20.0141199],[85.936307,20.0140992],[85.9364761,20.014091],[85.9366365,20.0140972],[85.9368759,20.0141178],[85.9371499,20.0141512],[85.9373698,20.0141601],[85.9376583,20.0141556],[85.9378781,20.0141512]]}},{"type":"Feature","properties":{"id":872957227,"highway":"residential"},"geometry":{"type":"LineString","coordinates":[[85.9332241,20.0139965],[85.9333702,20.0140484],[85.9334743,20.0140791],[85.9336397,20.0141079],[85.9337397,20.0141079],[85.9338479,20.0141002],[85.9340132,20.0140676],[85.9342378,20.0140254],[85.9344503,20.0139778],[85.9348215,20.0138931],[85.9355167,20.0137416]]}},{"type":"Feature","properties":{"id":872957228,"highway":"residential"},"geometry":{"type":"LineString","coordinates":[[85.9345602,20.0143718],[85.9344503,20.0139778],[85.93432,20.01353]]}},{"type":"Feature","properties":{"id":872957230,"highway":"unclassified"},"geometry":{"type":"LineString","coordinates":[[85.9550435,20.008161],[85.9550987,20.0081122],[85.9551136,20.0080807],[85.9551191,20.0080371],[85.9551098,20.0079865],[85.9549835,20.0076897],[85.9549482,20.007571],[85.9549036,20.0073947],[85.9548869,20.0072813],[85.9548943,20.0071905],[85.9549018,20.0070875],[85.9548981,20.0070142],[85.9548925,20.0069409],[85.9548776,20.0068711],[85.9548405,20.0067768],[85.9546157,20.0063299],[85.9544243,20.0059145],[85.9541884,20.0054833],[85.9539339,20.0050556],[85.9537333,20.0046349],[85.9535252,20.0042317],[85.9533413,20.003921],[85.9531388,20.0035509],[85.9530017,20.0032866],[85.9528597,20.0030386],[85.9527018,20.0027625],[85.9526198,20.0025971],[85.9525419,20.0024093],[85.9524959,20.0022834],[85.9524759,20.0022026],[85.9524619,20.002103],[85.9524619,20.0019527],[85.9524799,20.0016239],[85.9524899,20.0015563],[85.9525059,20.0015018],[85.9525279,20.0014549],[85.9525678,20.0013966],[85.9526138,20.0013421],[85.9526698,20.0012933],[85.9527618,20.0012388],[85.9529617,20.0011561],[85.9530617,20.0011092],[85.9531457,20.0010547],[85.9533396,20.0008781],[85.9533576,20.0008461],[85.9533656,20.0008048],[85.9533476,20.0005756],[85.9533116,19.9999274],[85.9532877,19.9996319],[85.953284,19.9993945],[85.9532989,19.9991675],[85.9533063,19.9989842],[85.9532989,19.9987294],[85.9532822,19.9982283],[85.9532655,19.9976802],[85.9532394,19.9971897],[85.9532248,19.9967713],[85.9532101,19.9966312],[85.9532024,19.9965757],[85.9531796,19.9964736]]}},{"type":"Feature","properties":{"id":872957231,"highway":"unclassified"},"geometry":{"type":"LineString","coordinates":[[85.9549311,20.0082359],[85.9550435,20.008161]]}},{"type":"Feature","properties":{"id":872962592,"highway":"residential"},"geometry":{"type":"LineString","coordinates":[[85.9453706,20.0218875],[85.9453046,20.0214611],[85.9452966,20.0213934],[85.9453006,20.0213277],[85.9453166,20.0212695],[85.9453889,20.0211454]]}},{"type":"Feature","properties":{"id":872965451,"highway":"secondary"},"geometry":{"type":"LineString","coordinates":[[85.926191,20.0385499],[85.9267744,20.038534]]}},{"type":"Feature","properties":{"id":872965452,"highway":"secondary"},"geometry":{"type":"LineString","coordinates":[[85.9267744,20.038534],[85.9268381,20.0385313],[85.9269822,20.0385253],[85.9271212,20.0385126],[85.9273355,20.0384811],[85.9274639,20.0384622],[85.9277125,20.0384256],[85.9277898,20.0384119],[85.9280794,20.0383605],[85.9281927,20.0383414],[85.9283007,20.0383216],[85.9283786,20.0383075],[85.9286678,20.038251],[85.9290174,20.0381826],[85.929208,20.0381374],[85.9292694,20.0381229],[85.929551,20.0380562],[85.9297993,20.0380071],[85.9300252,20.0379701],[85.9301698,20.0379667],[85.930275,20.0379936],[85.9303456,20.0380347],[85.9304515,20.0381045],[85.9309066,20.0384668],[85.9313547,20.0388073],[85.9317497,20.0390898],[85.931804,20.0391276],[85.9321404,20.0393637],[85.9321712,20.0393849],[85.9323774,20.0395269],[85.9330643,20.0399852],[85.9337349,20.0404505],[85.9343023,20.0408452],[85.9350511,20.0413697],[85.9353555,20.0415647],[85.9354101,20.0415957],[85.935705,20.0417629],[85.9360966,20.0419709],[85.9366045,20.0422213],[85.9372579,20.0425544],[85.9376212,20.0427402],[85.9379757,20.0428945],[85.9383309,20.0430311],[85.9392033,20.0433262],[85.9399703,20.0435849],[85.940751,20.0438567],[85.9410895,20.0439663]]}},{"type":"Feature","properties":{"id":872965453,"highway":"residential"},"geometry":{"type":"LineString","coordinates":[[85.9274639,20.0384622],[85.9273236,20.0378935],[85.9272981,20.0377782],[85.9272773,20.0376564],[85.9272657,20.0375237],[85.9272703,20.037367],[85.9272889,20.0369014],[85.9272842,20.0366121],[85.9272819,20.036277],[85.9272914,20.0362005],[85.927309,20.0361191],[85.9273764,20.0359082],[85.9274037,20.0358494],[85.9274357,20.0358102],[85.9274726,20.035771],[85.9275127,20.0357424],[85.9276066,20.0356861],[85.9276819,20.0356459],[85.9277918,20.0355872],[85.9278732,20.0355326],[85.9279361,20.0354833],[85.9282745,20.0351307],[85.9283374,20.0350569],[85.9285328,20.0348278],[85.9287124,20.034641],[85.9287926,20.0345686],[85.9289337,20.0344496],[85.9289663,20.0343997],[85.9289749,20.0343573],[85.9289534,20.034143],[85.9289728,20.0340965],[85.9290244,20.034056],[85.9298636,20.0336396],[85.9301632,20.0335012],[85.9302445,20.0334637],[85.9303133,20.0334476],[85.9303607,20.0334597],[85.9303994,20.033492],[85.9310385,20.0341409],[85.9312443,20.0343527],[85.9312695,20.0343713],[85.9312931,20.0343726],[85.931318,20.0343622],[85.9313485,20.0343336],[85.9316753,20.033968],[85.9317251,20.033916],[85.9317666,20.03389],[85.9319702,20.0338145],[85.9320214,20.0338041],[85.932063,20.0338119],[85.932099,20.0338184],[85.9321322,20.0338184],[85.9321931,20.0338015],[85.9326957,20.0336311],[85.9333964,20.033397],[85.9340541,20.0331719],[85.9348516,20.0329091],[85.9355343,20.0326763],[85.9358624,20.0325618],[85.9359192,20.0325332],[85.9359787,20.0324929],[85.9363373,20.0322573],[85.9370154,20.031827],[85.9376484,20.0314317],[85.9379406,20.0312482],[85.9380576,20.0311662],[85.9381059,20.0311208],[85.9381747,20.03103],[85.938223,20.0309759],[85.9383047,20.0309096],[85.9387115,20.0306513],[85.9394278,20.0302253],[85.9394796,20.0302091],[85.9395348,20.0302091],[85.9395883,20.0302205],[85.939647,20.0302205],[85.9396884,20.0302107],[85.9399163,20.0301572],[85.9401303,20.0301151],[85.9402581,20.0300843],[85.9403599,20.0300599],[85.9405032,20.0300226],[85.9409381,20.0298978],[85.9410106,20.0298718],[85.9410849,20.0298296],[85.9412557,20.029721],[85.9412851,20.0296934],[85.9412954,20.029661],[85.9412937,20.0296204],[85.9412834,20.0295718],[85.9412454,20.0294356],[85.9412005,20.0293139],[85.9410797,20.0290577],[85.9409796,20.0288615],[85.940933,20.0288015],[85.940876,20.0287366],[85.9407914,20.0286669],[85.9407051,20.028615],[85.9405377,20.0285355],[85.9404721,20.0284934],[85.9403703,20.0284058],[85.9403288,20.0283588],[85.9402632,20.0282712],[85.9402287,20.0282031],[85.9401994,20.0281609],[85.9401113,20.0280717],[85.939956,20.0279193],[85.9397644,20.0277749],[85.9396367,20.0276582],[85.9393795,20.0273711],[85.9391931,20.0271684],[85.9391188,20.0270662],[85.9390325,20.0269414],[85.9388824,20.0267808],[85.9388202,20.0267111],[85.9386942,20.0265343],[85.9384974,20.0262343],[85.9384767,20.0262019],[85.9384439,20.026124],[85.9383317,20.0258597],[85.9382627,20.0256424],[85.9382161,20.025391],[85.9381971,20.0252061],[85.9381919,20.0248672],[85.9382005,20.0247504],[85.9382437,20.024499],[85.9382931,20.0242467],[85.938318,20.0241036],[85.9383582,20.0237809],[85.9383928,20.0233789],[85.9384246,20.0231773],[85.938459,20.0229631],[85.9384746,20.0227361],[85.9384872,20.0225603],[85.9384824,20.0223991],[85.9384439,20.0221791],[85.9384375,20.0221369],[85.9384471,20.0221053],[85.938476,20.0220857],[85.9385145,20.0220766],[85.9387119,20.0220465]]}},{"type":"Feature","properties":{"id":872967598,"highway":"residential"},"geometry":{"type":"LineString","coordinates":[[85.9313729,20.0167749],[85.9315299,20.0169625],[85.9315749,20.0170266],[85.9315994,20.0170749],[85.9316135,20.0171245],[85.9316161,20.0171716],[85.9316058,20.0172067],[85.9315595,20.0172986],[85.9315157,20.0173614],[85.9313202,20.0176261],[85.9312726,20.0177071],[85.9312481,20.0177676],[85.931243,20.0178087],[85.9312533,20.0178341],[85.9312816,20.0178619],[85.9313073,20.0178715],[85.9314347,20.017886],[85.9316061,20.0178994],[85.9316711,20.0179151],[85.9317343,20.0179447],[85.9318755,20.0180599],[85.9319275,20.0180949],[85.9319925,20.0181263],[85.9320947,20.0181612],[85.9325015,20.0182991]]}},{"type":"Feature","properties":{"id":872975523,"highway":"residential"},"geometry":{"type":"LineString","coordinates":[[85.9261308,20.029921],[85.9261221,20.0301604],[85.9261091,20.0303484],[85.9260941,20.0304434],[85.9260769,20.0305223],[85.9260166,20.0307103],[85.9259886,20.0307992],[85.9259305,20.0310297],[85.9259026,20.0311449],[85.9258574,20.03143],[85.9257433,20.0320203],[85.9257197,20.0321213],[85.9256939,20.0321759],[85.9256573,20.0322184],[85.925625,20.0322426],[85.9255841,20.0322608],[85.9253496,20.0323296],[85.9252291,20.03237],[85.9251269,20.0324085],[85.9249461,20.0325004],[85.9248241,20.0325677],[85.9247539,20.0326161],[85.9246833,20.0328008],[85.9245519,20.0333156],[85.9245296,20.0334973],[85.924526,20.0335628],[85.9245242,20.0336182],[85.9245278,20.0336593],[85.9245359,20.0336837],[85.9245627,20.0337106],[85.924606,20.0337225],[85.924661,20.033721],[85.9248836,20.0336711],[85.9249899,20.0336476],[85.9250552,20.0336367],[85.9251097,20.0336333],[85.925149,20.0336518],[85.9251642,20.0336736],[85.9251812,20.0337257],[85.9252439,20.0342911],[85.9252677,20.034399],[85.9252977,20.0344584],[85.9253332,20.0344956],[85.9253795,20.0345284],[85.925423,20.0345615],[85.9254582,20.0346023],[85.9254913,20.0346606],[85.9256218,20.0350147],[85.9256583,20.035159],[85.9256862,20.0353777],[85.9256872,20.0354446],[85.9256737,20.0354898],[85.9256477,20.0355185],[85.9256073,20.0355304],[85.9255005,20.0355358],[85.9253784,20.0355431],[85.9253264,20.035553],[85.9252899,20.0355738],[85.9252716,20.0356091],[85.9252706,20.0356497],[85.9252918,20.0357329],[85.9253736,20.0359389],[85.9254313,20.0360356],[85.925465,20.0361061],[85.9254842,20.0361911],[85.9254938,20.0363592],[85.9254861,20.0367388],[85.9254871,20.0368174],[85.9255063,20.0368888],[85.9255323,20.0370045],[85.9255342,20.0370831],[85.9255246,20.0371563],[85.9254832,20.0372639],[85.9254169,20.0374247],[85.9253755,20.0375476],[85.925363,20.0376281],[85.925363,20.0376913],[85.9253813,20.0378585],[85.9254332,20.0381577],[85.9254708,20.0385229]]}},{"type":"Feature","properties":{"id":872975524,"highway":"residential"},"geometry":{"type":"LineString","coordinates":[[85.926133,20.0298451],[85.9261308,20.029921]]}},{"type":"Feature","properties":{"id":872975526,"highway":"residential"},"geometry":{"type":"LineString","coordinates":[[85.9301632,20.0335012],[85.9296645,20.0324078],[85.9294745,20.0320231],[85.929417,20.0319067],[85.9293882,20.0318483],[85.9293641,20.0317803],[85.929356,20.0317299],[85.9293695,20.031677],[85.9294365,20.0316266],[85.9295814,20.0315585],[85.9307348,20.0311881],[85.9309387,20.0311099],[85.9311479,20.0309991],[85.9312874,20.0309058],[85.9313571,20.0308277],[85.931392,20.0307622],[85.9314,20.0306815],[85.9313866,20.0302455],[85.9313169,20.0297087],[85.9312525,20.0293736],[85.93116,20.0290261],[85.9311026,20.0288856],[85.9310628,20.0288575],[85.9309855,20.0288434],[85.9306067,20.028813],[85.9302857,20.0288039],[85.9300135,20.0287989],[85.9299412,20.0287919],[85.9298789,20.0287685],[85.929849,20.0287193],[85.929844,20.0286561],[85.9298241,20.028251],[85.929839,20.0279021],[85.9298548,20.0276205],[85.9298462,20.0275356],[85.9298225,20.0274992],[85.9297816,20.0274749],[85.9293749,20.0274042],[85.9292717,20.0273799],[85.9291598,20.0273395],[85.9290651,20.027291],[85.9290221,20.0272445],[85.9289984,20.0271818],[85.9288736,20.0266521],[85.9288392,20.026545],[85.9287993,20.0264591],[85.9287466,20.026361],[85.9287036,20.0262902],[85.9284454,20.0259547],[85.9283658,20.0258455],[85.9283227,20.0257687],[85.9282818,20.0256817],[85.9282517,20.0255847],[85.9281463,20.0251702],[85.9281097,20.0249762],[85.9280817,20.0247073],[85.9280786,20.0244706],[85.9280822,20.024021]]}},{"type":"Feature","properties":{"id":872975528,"highway":"residential"},"geometry":{"type":"LineString","coordinates":[[85.9276777,20.0302228],[85.9276977,20.0302494],[85.9277055,20.0302933],[85.9276968,20.0303607],[85.9277037,20.0304214],[85.9277204,20.0304685],[85.9277446,20.0305087],[85.9277836,20.0305401],[85.927856,20.0305768],[85.9279229,20.0305942],[85.9280307,20.0305977],[85.9282387,20.0306012],[85.9282796,20.0306099],[85.9283,20.0306378],[85.9283093,20.0306745],[85.9283093,20.0307129],[85.9282814,20.0310777],[85.9282814,20.0311161],[85.9283,20.0311545],[85.9283353,20.0311754],[85.9283855,20.0311894],[85.9284672,20.0312016],[85.9285081,20.031226],[85.9285285,20.031247],[85.9285545,20.0313325],[85.9285805,20.0313848],[85.9286363,20.0314302],[85.9287459,20.0314896],[85.9288202,20.0315489],[85.9289577,20.0316885],[85.929032,20.0317514],[85.9290858,20.0317863],[85.929162,20.0318107],[85.9292493,20.0318281],[85.9293882,20.0318483]]}},{"type":"Feature","properties":{"id":872975529,"highway":"residential"},"geometry":{"type":"LineString","coordinates":[[85.927625,20.0302049],[85.9276777,20.0302228]]}},{"type":"Feature","properties":{"id":872977304,"highway":"unclassified"},"geometry":{"type":"LineString","coordinates":[[85.9183401,20.0249537],[85.9186936,20.0248641],[85.9193277,20.0247102],[85.9194288,20.0246857],[85.9198807,20.0245903],[85.9199645,20.0245697],[85.9200129,20.0245546],[85.9200571,20.0245371],[85.9201213,20.024502],[85.9201591,20.0244718],[85.9202197,20.0244118],[85.9203899,20.0242149],[85.9204292,20.0241642],[85.9204538,20.0241134],[85.9204702,20.0240534],[85.9204825,20.0239285],[85.9204805,20.0236562],[85.9204682,20.0235047],[85.9204437,20.0232975],[85.9204274,20.0231499],[85.9204274,20.023029],[85.9204328,20.0224573],[85.9204291,20.0223753],[85.9204244,20.0223513],[85.9204158,20.0223272],[85.9203835,20.0222755],[85.9203759,20.0222524],[85.9203723,20.0222273],[85.9203684,20.0221561],[85.9203778,20.0216019],[85.9203767,20.0210386],[85.9203855,20.020676],[85.9203961,20.0205137],[85.9204208,20.0203051],[85.9204507,20.0201263],[85.9204983,20.0199756],[85.9205459,20.0198746],[85.9206058,20.019767],[85.9207675,20.019546],[85.9207803,20.0195286],[85.9209935,20.0192587],[85.9212733,20.0188893],[85.9215239,20.0185539],[85.9217838,20.0182135],[85.9218153,20.0181721],[85.9218336,20.0181481],[85.9220326,20.0178868],[85.9223181,20.0175162],[85.9225429,20.0172134],[85.9227123,20.0170039],[85.9227781,20.0169439],[85.9228549,20.0168775]]}},{"type":"Feature","properties":{"id":872977525,"highway":"residential"},"geometry":{"type":"LineString","coordinates":[[85.9967029,20.0230356],[85.9966676,20.0228889],[85.9966508,20.0227836],[85.9966408,20.0226904],[85.9966341,20.0226224],[85.9966374,20.0225694],[85.9966475,20.0224793],[85.9966542,20.0224327],[85.9966736,20.0223603],[85.9966991,20.0222588],[85.9967588,20.0220478],[85.9967668,20.0220138],[85.9967715,20.0219678],[85.9967709,20.0219325],[85.9967273,20.0217164],[85.9967191,20.0216824],[85.9966569,20.0214234],[85.996559,20.0210889],[85.9964946,20.0208558],[85.996455,20.0207172],[85.9964342,20.0206365],[85.9964302,20.0205823],[85.9964249,20.0205414],[85.9964255,20.0205055],[85.9964275,20.0204645],[85.9964302,20.0204217],[85.9964275,20.020394],[85.9964135,20.0203637],[85.996392,20.0203448],[85.9963551,20.0203209],[85.9962666,20.0202982],[85.9962069,20.0202837],[85.9961372,20.0202617],[85.9960802,20.0202377],[85.9959964,20.0201816],[85.9959018,20.020106],[85.9957932,20.0200229],[85.9957094,20.0199548],[85.9956416,20.0198874],[85.9955907,20.0198244],[85.9955531,20.019769],[85.9955344,20.0197148],[85.995525,20.0196694],[85.9955169,20.0195812],[85.9955015,20.0191723],[85.9954995,20.0189046],[85.9954975,20.01857],[85.9954968,20.0184547],[85.9954955,20.0184012],[85.9954881,20.0183558],[85.9954787,20.0183129],[85.9954224,20.018163],[85.9953909,20.0180735],[85.9953654,20.0179916],[85.9953359,20.0178738],[85.995067,20.0166912],[85.9949456,20.0162275],[85.9948504,20.0158715],[85.9948008,20.0156869],[85.9947921,20.0156346],[85.99479,20.0155993],[85.9947887,20.0155729],[85.9947934,20.0155294],[85.9948122,20.0154324],[85.994839,20.015249],[85.9948564,20.015084],[85.9948799,20.0148219],[85.9948779,20.014607],[85.9948799,20.0144961],[85.994897,20.0142463],[85.9948973,20.0142189],[85.9949007,20.0142],[85.9949084,20.0141852],[85.9949235,20.014177],[85.9949359,20.0141748],[85.9949671,20.0141716],[85.9950837,20.0141559],[85.9953258,20.0140948],[85.99547,20.0140608],[85.9955404,20.0140431],[85.9956014,20.0140204],[85.9956437,20.0139965],[85.995767,20.013919],[85.9958978,20.0138276],[85.9959467,20.0138043],[85.9959843,20.0137949],[85.9960245,20.0137936],[85.9960614,20.0137961],[85.9960996,20.013805],[85.9961573,20.0138245],[85.996221,20.013856],[85.9963303,20.0139253],[85.9964376,20.0140022],[85.9964886,20.0140425],[85.9965596,20.0141042],[85.9967574,20.0142731],[85.996907,20.0143745],[85.9969613,20.0144067],[85.9970069,20.0144262],[85.9970485,20.0144325],[85.997086,20.0144319],[85.9971891,20.0144146],[85.9976439,20.0142762],[85.9977063,20.0142674],[85.9977562,20.0142699],[85.9977992,20.0142737],[85.9978437,20.0142832],[85.9978816,20.0142955],[85.9979125,20.0143099],[85.9979504,20.0143355],[85.9980302,20.0144161],[85.9981146,20.0145119],[85.998169,20.0145749],[85.9982538,20.0146546],[85.9982876,20.014687],[85.9983088,20.0147088],[85.9983225,20.0147283],[85.9983544,20.0147967],[85.9983674,20.0148215],[85.9983792,20.0148389],[85.9984003,20.0148713],[85.9984505,20.014935],[85.9986735,20.0152601],[85.9987784,20.0154265],[85.998844,20.0155066],[85.9989309,20.015579],[85.9990408,20.0156622],[85.9991446,20.0157254],[85.9992331,20.015765],[85.9993556,20.0158024],[85.9994655,20.0158163],[85.9996032,20.0158302],[85.9997131,20.0158379],[85.9998487,20.0158375],[85.9999164,20.015835],[85.9999727,20.0158337],[86.0000066,20.0158277],[86.0000438,20.015817],[86.0000653,20.0158079],[86.0001608,20.015766],[86.0002279,20.0157408],[86.0002953,20.0157222],[86.0003624,20.0157069],[86.0004344,20.0156948],[86.0004854,20.0156884],[86.0005534,20.0156768],[86.0006135,20.0156617],[86.0006587,20.0156438],[86.0007171,20.0156132],[86.0007781,20.0155776],[86.0008576,20.0155267],[86.0009428,20.0154604],[86.0010232,20.0153818],[86.0010773,20.0153248],[86.0011166,20.0152786],[86.0011675,20.0152355],[86.0012085,20.0152154],[86.0012675,20.0151954],[86.0013152,20.0151848],[86.0019078,20.0151217]]}},{"type":"Feature","properties":{"id":872994991,"highway":"residential"},"geometry":{"type":"LineString","coordinates":[[85.9949084,20.0141852],[85.9948906,20.0140885],[85.9948826,20.0140141],[85.9948799,20.0139234],[85.9948866,20.0137369],[85.9949228,20.0135328],[85.9949644,20.0132568]]}},{"type":"Feature","properties":{"id":872994992,"highway":"residential"},"geometry":{"type":"LineString","coordinates":[[85.9943589,20.0137375],[85.9942053,20.0137747],[85.9941865,20.0137835],[85.9941765,20.0137942],[85.9941731,20.0138075],[85.9941725,20.013827],[85.9941892,20.0139587],[85.9941946,20.0139877],[85.9942201,20.0140885],[85.9942442,20.0141874],[85.9942925,20.0143172],[85.9943354,20.0143991],[85.9943917,20.0144917],[85.9944447,20.0145679],[85.9944561,20.0145812],[85.9944702,20.0145887],[85.9944876,20.0145919],[85.9945044,20.0145932],[85.9945312,20.0145887],[85.9948799,20.0144961]]}},{"type":"Feature","properties":{"id":872994994,"highway":"residential"},"geometry":{"type":"LineString","coordinates":[[85.9985518,20.0211059],[85.9987718,20.021063],[85.998865,20.0210549],[85.998922,20.0210467],[85.9989388,20.0210397],[85.9989488,20.0210297],[85.9989562,20.0210126],[85.9989642,20.0209774],[85.9989803,20.0208627],[85.9990034,20.0207695]]}},{"type":"Feature","properties":{"id":872994995,"highway":"residential"},"geometry":{"type":"LineString","coordinates":[[85.9964302,20.0204217],[85.9973234,20.0201545],[85.9973958,20.0201382],[85.9974615,20.0201281],[85.9975621,20.0201369],[85.9978022,20.0201999],[85.9978491,20.0202301],[85.9979014,20.020273],[85.9979631,20.0203259],[85.9980275,20.0203706],[85.9980731,20.0203864],[85.9990034,20.0207695],[85.9993646,20.0209182]]}},{"type":"Feature","properties":{"id":873309967,"highway":"residential"},"geometry":{"type":"LineString","coordinates":[[85.930275,20.0379936],[85.9304797,20.0378176],[85.9306024,20.0377235],[85.9306698,20.0376794],[85.9307373,20.0376429],[85.9308395,20.0376121],[85.931093,20.0375641],[85.9316776,20.0374796],[85.9320189,20.0374105],[85.9323378,20.0373529],[85.932671,20.0372934],[85.9331145,20.0372377],[85.9333945,20.0371935],[85.9336112,20.037159],[85.9338953,20.0370917],[85.9342817,20.0369938],[85.9346107,20.0369132],[85.9347559,20.036869],[85.9349869,20.0367883],[85.9350952,20.0367614],[85.9351606,20.0367576],[85.9354815,20.0367403],[85.9356062,20.0367269],[85.9359659,20.0366712],[85.9365383,20.0365867],[85.9371024,20.0365041],[85.9376128,20.0364196],[85.9379679,20.0363529],[85.9381147,20.0363173],[85.938297,20.0362484],[85.9383775,20.0362217],[85.9385693,20.0361794],[85.9389103,20.0361305],[85.9390356,20.0360963],[85.9391378,20.036054],[85.9393845,20.0359075]]}},{"type":"Feature","properties":{"id":873309971,"highway":"residential"},"geometry":{"type":"LineString","coordinates":[[85.9434211,20.0333748],[85.9434851,20.0333659],[85.9435272,20.0333626],[85.9436058,20.0333793],[85.9436807,20.0334006],[85.9438686,20.0334816],[85.943916,20.0335127],[85.9439538,20.0335617],[85.9439941,20.0336418],[85.9441101,20.0338664],[85.9442356,20.0340488]]}},{"type":"Feature","properties":{"id":873309972,"highway":"residential"},"geometry":{"type":"LineString","coordinates":[[85.9432933,20.0334038],[85.9434211,20.0333748]]}},{"type":"Feature","properties":{"id":873309973,"highway":"residential"},"geometry":{"type":"LineString","coordinates":[[85.9394789,20.0358536],[85.9396284,20.0357641],[85.9398226,20.0356585],[85.9402641,20.0354626],[85.9407976,20.0352398],[85.9411655,20.0350689],[85.9412867,20.0350038],[85.9413661,20.0349411],[85.9414264,20.0348665],[85.9414646,20.0347949],[85.9414804,20.0347173],[85.9414836,20.0346427],[85.9414646,20.0345323],[85.941436,20.0343145],[85.941434,20.0342663],[85.9414409,20.0342249],[85.9414586,20.0341888],[85.9416229,20.0339766],[85.9416551,20.0339444],[85.9416966,20.0339154],[85.9417219,20.0339026],[85.9418235,20.0338668],[85.9420141,20.0338161],[85.9422428,20.0337713],[85.9423266,20.0337546],[85.9424225,20.0337374],[85.9425588,20.0337234],[85.9425859,20.0337206],[85.9427431,20.033705],[85.9428876,20.0336907],[85.9429334,20.0336751],[85.942976,20.0336418],[85.9431015,20.0335061],[85.9431796,20.0334505],[85.9432933,20.0334038]]}},{"type":"Feature","properties":{"id":873309974,"highway":"residential"},"geometry":{"type":"LineString","coordinates":[[85.9393845,20.0359075],[85.9394789,20.0358536]]}},{"type":"Feature","properties":{"id":873310935,"highway":"secondary"},"geometry":{"type":"LineString","coordinates":[[85.9479656,20.0461259],[85.9491594,20.0464769],[85.9500105,20.0467178],[85.9507928,20.0469392],[85.9522188,20.0473187],[85.9529255,20.0475024],[85.9536853,20.0477091],[85.9545701,20.0479739],[85.9547877,20.0480432],[85.9553731,20.0482406],[85.9556136,20.0483156],[85.9559222,20.0484119],[85.9565018,20.048607],[85.9566388,20.0486546],[85.9567695,20.0486902],[85.9568955,20.0487043],[85.9570063,20.0487013],[85.9571597,20.048661],[85.9583053,20.048272],[85.95942,20.0479087],[85.9595874,20.0478623],[85.9597697,20.0478291],[85.9600122,20.0478101],[85.9601126,20.047806]]}},{"type":"Feature","properties":{"id":873310936,"highway":"secondary"},"geometry":{"type":"LineString","coordinates":[[85.947166,20.0458766],[85.9479656,20.0461259]]}},{"type":"Feature","properties":{"id":873310937,"highway":"secondary"},"geometry":{"type":"LineString","coordinates":[[85.9410895,20.0439663],[85.9412147,20.0440082]]}},{"type":"Feature","properties":{"id":873310938,"highway":"secondary"},"geometry":{"type":"LineString","coordinates":[[85.9412147,20.0440082],[85.9418963,20.044227],[85.9425495,20.0444415],[85.9432586,20.0446762],[85.943745,20.0448211],[85.9438344,20.0448477],[85.9442005,20.044962]]}},{"type":"Feature","properties":{"id":873313848,"highway":"residential"},"geometry":{"type":"LineString","coordinates":[[85.9323703,20.0429864],[85.9326104,20.0429928],[85.9328295,20.0430096],[85.9328965,20.0430138],[85.9329442,20.0430124],[85.9330157,20.0430026],[85.9334464,20.0428864],[85.9337921,20.0428024],[85.9339306,20.0427632],[85.9341214,20.0426946],[85.9342182,20.0426512],[85.9342883,20.0426036],[85.9343389,20.0425617],[85.9343911,20.0424903],[85.9345774,20.0421991],[85.9346087,20.0421557],[85.9346519,20.0421207],[85.9347219,20.0420941],[85.935002,20.0420269],[85.9351317,20.0419877],[85.9351958,20.0419639],[85.9352419,20.0419387],[85.9352703,20.0419093],[85.9353001,20.0418631],[85.9354101,20.0415957]]}},{"type":"Feature","properties":{"id":873313849,"highway":"residential"},"geometry":{"type":"LineString","coordinates":[[85.9299043,20.0431147],[85.9299842,20.0433119],[85.9300269,20.0434044],[85.9300752,20.0434725],[85.9301254,20.0435109],[85.9301978,20.043544],[85.9302981,20.0435545],[85.9304375,20.043537],[85.9306046,20.0434969],[85.9307347,20.0434637],[85.9308164,20.0434568],[85.9308981,20.0434585],[85.9310096,20.0434777],[85.9310783,20.0435039],[85.9311341,20.0435143],[85.9312325,20.0435213],[85.9313384,20.0435143],[85.9315984,20.0434829],[85.931669,20.0434899],[85.9317842,20.0435196],[85.9320706,20.0436088],[85.9320934,20.0436159]]}},{"type":"Feature","properties":{"id":873313850,"highway":"residential"},"geometry":{"type":"LineString","coordinates":[[85.9321432,20.0436318],[85.93224,20.0436616]]}},{"type":"Feature","properties":{"id":873313851,"highway":"residential"},"geometry":{"type":"LineString","coordinates":[[85.9320934,20.0436159],[85.9321432,20.0436318]]}},{"type":"Feature","properties":{"id":873313852,"highway":"residential"},"geometry":{"type":"LineString","coordinates":[[85.9305299,20.0421091],[85.9305499,20.0421692],[85.9305739,20.0422124],[85.9306179,20.042235],[85.9306678,20.0422462],[85.9308318,20.0422519],[85.9309197,20.0422481],[85.9310017,20.0422312],[85.9312196,20.0421711],[85.9312636,20.0421542],[85.9312896,20.0421279],[85.9312976,20.0420885],[85.9312856,20.0418424],[85.9312904,20.0418202],[85.9312996,20.0418011],[85.9313556,20.0417391],[85.9314395,20.0416678],[85.9314805,20.0416412],[85.9315215,20.0416227],[85.9315795,20.0416077],[85.9316811,20.041591],[85.9317711,20.0415794],[85.9318472,20.0415702],[85.9318846,20.0415628]]}},{"type":"Feature","properties":{"id":873313853,"highway":"residential"},"geometry":{"type":"LineString","coordinates":[[85.9319419,20.041546],[85.9323274,20.041439]]}},{"type":"Feature","properties":{"id":873313854,"highway":"residential"},"geometry":{"type":"LineString","coordinates":[[85.9318846,20.0415628],[85.9319419,20.041546]]}},{"type":"Feature","properties":{"id":873315172,"highway":"residential"},"geometry":{"type":"LineString","coordinates":[[85.9261896,20.0426162],[85.926399,20.0426767],[85.9265232,20.0427104],[85.9267331,20.0427757],[85.9270111,20.0428797],[85.9270897,20.0429205],[85.9271683,20.0429724],[85.9272,20.0430179],[85.9272117,20.0430745],[85.9272117,20.043142],[85.9272244,20.0432165],[85.9272686,20.0433689]]}},{"type":"Feature","properties":{"id":873315178,"highway":"residential"},"geometry":{"type":"LineString","coordinates":[[85.9442826,20.0449848],[85.9442516,20.0451619],[85.9442109,20.0454034],[85.94412,20.0459932],[85.9440305,20.0465925],[85.9440132,20.0466793],[85.9440055,20.0467229],[85.9439957,20.0467612],[85.9439866,20.0467835],[85.9438754,20.0470921],[85.9437258,20.0475333],[85.943666,20.0477344],[85.9436062,20.0479506],[85.9435305,20.0482363],[85.9434754,20.0484487],[85.9434172,20.04867]]}},{"type":"Feature","properties":{"id":873315180,"highway":"secondary"},"geometry":{"type":"LineString","coordinates":[[85.9442426,20.0449732],[85.9442826,20.0449848],[85.9446146,20.0450819],[85.9449291,20.04518],[85.9453407,20.0453084],[85.9453777,20.0453199],[85.9464418,20.0456528],[85.9471431,20.0458695],[85.947166,20.0458766]]}},{"type":"Feature","properties":{"id":873315181,"highway":"secondary"},"geometry":{"type":"LineString","coordinates":[[85.9442005,20.044962],[85.9442426,20.0449732]]}},{"type":"Feature","properties":{"id":873318099,"highway":"residential"},"geometry":{"type":"LineString","coordinates":[[85.9449291,20.04518],[85.9449295,20.0453834],[85.9449391,20.0454723],[85.9449471,20.0455491],[85.9449503,20.0456802],[85.9449455,20.0459484],[85.9449471,20.0460312],[85.9449551,20.0461367],[85.9449936,20.0464094],[85.9450401,20.0467559],[85.9450488,20.0467836],[85.9450632,20.0467972],[85.9450849,20.0468025],[85.9451348,20.0468056],[85.9452165,20.0467996],[85.9455202,20.0467696],[85.9456592,20.0467559],[85.9458596,20.0467468],[85.9459253,20.0467382],[85.9459998,20.04672],[85.9460743,20.0466976],[85.9460982,20.0466822],[85.9461041,20.0466598],[85.9461041,20.0466192],[85.9460609,20.0464121],[85.9460505,20.0463183],[85.9460256,20.0460691]]}},{"type":"Feature","properties":{"id":873318101,"highway":"residential"},"geometry":{"type":"LineString","coordinates":[[85.9454764,20.0462435],[85.9454614,20.0460979],[85.9454495,20.0460335],[85.9454287,20.0459621],[85.9454048,20.0458725],[85.9453914,20.0457927],[85.9453407,20.0453084]]}},{"type":"Feature","properties":{"id":873318102,"highway":"residential"},"geometry":{"type":"LineString","coordinates":[[85.9438754,20.0470921],[85.9439373,20.0470942],[85.9439922,20.0470909],[85.9440401,20.0470841],[85.9441046,20.0470785],[85.9442875,20.0470729],[85.9444668,20.0470628],[85.9445493,20.0470549],[85.9445983,20.0470448],[85.9446425,20.0470246],[85.9447501,20.0469572],[85.9447895,20.0469359],[85.9448254,20.0469191],[85.9450632,20.0467972]]}},{"type":"Feature","properties":{"id":873318106,"highway":"residential"},"geometry":{"type":"LineString","coordinates":[[85.9427431,20.033705],[85.9427813,20.0339011],[85.942792,20.0339348],[85.9428087,20.0339741],[85.9428256,20.0340145],[85.9428494,20.0340549],[85.9428876,20.0341122],[85.9430398,20.0343242],[85.9430885,20.0344008],[85.9431332,20.0344946],[85.9431794,20.0346024],[85.9432211,20.0347312],[85.943258,20.034853]]}},{"type":"Feature","properties":{"id":873320579,"highway":"residential"},"geometry":{"type":"LineString","coordinates":[[85.9526995,20.0895288],[85.95266,20.0896052],[85.9526257,20.0896632],[85.9525659,20.0897377],[85.9522374,20.0900425],[85.9516398,20.0906166],[85.9515306,20.090734],[85.9514609,20.0908167],[85.9514043,20.0909205],[85.9511781,20.0913837],[85.9511018,20.0915505],[85.951036,20.0916691],[85.9509558,20.0917765],[85.9509158,20.0918207],[85.9508045,20.0918963],[85.9507468,20.0919215],[85.9504934,20.0919731],[85.9504007,20.0919853],[85.9498322,20.0920739],[85.9497496,20.0920816],[85.9492448,20.0921532],[85.9491446,20.0921607],[85.9487405,20.0922187],[85.9486628,20.0922326],[85.9484227,20.0922855],[85.9483435,20.0923065],[85.9481541,20.0923794],[85.9474504,20.0926406],[85.9473082,20.0926848],[85.9465438,20.0930009],[85.9464566,20.0930336],[85.9452782,20.0934591]]}},{"type":"Feature","properties":{"id":873320580,"highway":"residential"},"geometry":{"type":"LineString","coordinates":[[85.95266,20.0896052],[85.9526928,20.0896952],[85.9527026,20.089755],[85.9526947,20.0898204],[85.9526457,20.0900082],[85.95258,20.0901436],[85.9524072,20.0903088],[85.9523697,20.0903559],[85.9523639,20.0904001],[85.9523678,20.0904397],[85.9523956,20.0904874],[85.9525865,20.0906682],[85.9526247,20.0907133],[85.9526345,20.0907603],[85.9526228,20.0908045],[85.9525943,20.0908293],[85.9524914,20.0908873],[85.9524257,20.0909269],[85.9523855,20.0909555],[85.9523159,20.0910199],[85.9520708,20.0912787],[85.951961,20.0913744],[85.9518296,20.0914932],[85.9517257,20.0916074],[85.9515669,20.0918025],[85.9514953,20.0919381],[85.9514524,20.0920782],[85.9514442,20.0922202],[85.9514773,20.0923619],[85.9516907,20.0928215]]}},{"type":"Feature","properties":{"id":873320581,"highway":"residential"},"geometry":{"type":"LineString","coordinates":[[85.9531613,20.0871553],[85.9533238,20.0873736],[85.953418,20.0875176],[85.9535032,20.0876648],[85.95356,20.0878376],[85.9536009,20.08794],[85.9537212,20.0882162],[85.953778,20.0883434],[85.9537995,20.0884106],[85.9538054,20.0884622],[85.9538005,20.0885202],[85.9537819,20.0885938],[85.9537564,20.0887067]]}},{"type":"Feature","properties":{"id":873320588,"highway":"residential"},"geometry":{"type":"LineString","coordinates":[[85.9515175,20.0866044],[85.9515498,20.086595]]}},{"type":"Feature","properties":{"id":873320589,"highway":"residential"},"geometry":{"type":"LineString","coordinates":[[85.9515498,20.086595],[85.9516233,20.0865738]]}},{"type":"Feature","properties":{"id":873320590,"highway":"residential"},"geometry":{"type":"LineString","coordinates":[[85.9516233,20.0865738],[85.9516444,20.0865761],[85.9516616,20.0865854],[85.9516784,20.0866046],[85.9517681,20.0867687],[85.9517804,20.0867901],[85.9518009,20.0868056],[85.9518279,20.0868127],[85.9518783,20.0868204]]}},{"type":"Feature","properties":{"id":873321073,"highway":"residential"},"geometry":{"type":"LineString","coordinates":[[85.9253795,20.0345284],[85.9254459,20.0344853],[85.9254924,20.0344703],[85.9255742,20.0344582],[85.9259799,20.0344296]]}},{"type":"Feature","properties":{"id":873321074,"highway":"residential"},"geometry":{"type":"LineString","coordinates":[[85.9277898,20.0384119],[85.9278793,20.0389199],[85.9278929,20.0389994],[85.9279056,20.0390935],[85.9279197,20.039172]]}},{"type":"Feature","properties":{"id":873321075,"highway":"unclassified"},"geometry":{"type":"LineString","coordinates":[[85.9279684,20.0391036],[85.9279442,20.0391347]]}},{"type":"Feature","properties":{"id":873321076,"highway":"unclassified"},"geometry":{"type":"LineString","coordinates":[[85.9279442,20.0391347],[85.9279197,20.039172],[85.9279147,20.0392178],[85.9279207,20.039699],[85.9279207,20.0401497],[85.9279103,20.0404221],[85.9278931,20.0406443],[85.9278603,20.0408616],[85.9278378,20.0410237],[85.9278309,20.0411145],[85.9278257,20.0414511],[85.9278188,20.0418652],[85.9278183,20.0418963],[85.9278242,20.0419593],[85.9278362,20.0420321],[85.927854,20.0420839],[85.9279151,20.0422211],[85.927936,20.0422771],[85.9279464,20.0423261],[85.9279479,20.0423835],[85.9279435,20.0424422],[85.92793,20.0425388],[85.9279107,20.0426354],[85.927854,20.0428286],[85.9278347,20.042914],[85.9278272,20.0429784],[85.9277944,20.0432458],[85.9277781,20.0432976],[85.9277587,20.0433354],[85.9277319,20.0433564],[85.9276857,20.0433718],[85.927635,20.043376],[85.92748,20.0433788],[85.9273906,20.043376],[85.9272686,20.0433689],[85.9271746,20.0433634],[85.9270434,20.0433536],[85.9269734,20.043355],[85.9269257,20.0433648],[85.926878,20.0433858],[85.9268423,20.0434124],[85.9266724,20.0435621],[85.9266307,20.0435901],[85.9265696,20.0436209],[85.926355,20.0436741],[85.926329,20.0436829],[85.9262969,20.0436937],[85.9260644,20.0437987],[85.925756,20.0439709],[85.9256442,20.0440521],[85.9255429,20.0441291],[85.9253805,20.0442943],[85.9251867,20.044521],[85.9249811,20.0447884],[85.9247144,20.0451342],[85.9245743,20.0453288],[85.9245356,20.0453903],[85.9245222,20.0454295],[85.9245192,20.0454897],[85.9245385,20.0457417],[85.9245534,20.0458243],[85.9245728,20.0459349],[85.9245773,20.0460427],[85.9245765,20.0461048],[85.9245728,20.0464024],[85.9245695,20.0465706],[85.9245669,20.0467006],[85.9245728,20.0467818],[85.9245892,20.0468602],[85.9246682,20.0471555],[85.924689,20.0472115],[85.9247144,20.0472605],[85.9247382,20.0472913],[85.9248053,20.0473557],[85.9251003,20.0475797],[85.9253104,20.0477393],[85.9253417,20.0477855],[85.9253656,20.0478471],[85.925382,20.0479464],[85.9254609,20.048421],[85.9254894,20.0486278],[85.9255161,20.0488213],[85.9255354,20.0489445],[85.9255488,20.0489725],[85.9255816,20.0489921],[85.9256204,20.0489977],[85.9256755,20.0489921],[85.9262522,20.0488955],[85.9266485,20.0488311],[85.9266903,20.0488297],[85.926726,20.0488465],[85.9267469,20.0488717],[85.9267603,20.0489123],[85.9268882,20.0495464],[85.9272133,20.0510561],[85.9272868,20.0514046],[85.9273176,20.0515511]]}},{"type":"Feature","properties":{"id":873321077,"highway":"residential"},"geometry":{"type":"LineString","coordinates":[[85.9268381,20.0385313],[85.9268443,20.0389879],[85.9268403,20.0390781],[85.9268243,20.039172],[85.9267943,20.0393504],[85.9267923,20.0393917],[85.9267963,20.0394199],[85.9268183,20.0394499],[85.9270442,20.0395983]]}},{"type":"Feature","properties":{"id":873321078,"highway":"residential"},"geometry":{"type":"LineString","coordinates":[[85.9273355,20.0384811],[85.9273651,20.0387788],[85.9273747,20.0388301],[85.9273923,20.0388647],[85.9274292,20.0388948],[85.9274902,20.0389265],[85.9275655,20.0389476],[85.9278929,20.0389994]]}},{"type":"Feature","properties":{"id":873321082,"highway":"residential"},"geometry":{"type":"LineString","coordinates":[[85.9276066,20.0356861],[85.9276003,20.0360704],[85.9275654,20.0365317],[85.9275507,20.0366367],[85.9275385,20.0367333],[85.927538,20.0367845],[85.9275504,20.0368313],[85.9277,20.0370725],[85.9278262,20.0372827],[85.9278403,20.0373199],[85.9278323,20.0373556],[85.9278043,20.037395],[85.9276984,20.0375509],[85.9276664,20.0376129],[85.9276484,20.0376749],[85.9276384,20.0377725],[85.9276424,20.0379003],[85.9276644,20.0380073],[85.9277898,20.0384119]]}},{"type":"Feature","properties":{"id":873321083,"highway":"residential"},"geometry":{"type":"LineString","coordinates":[[85.9276819,20.0356459],[85.9276657,20.0349244],[85.9276635,20.0348591],[85.9276603,20.0347604],[85.9276491,20.0345684],[85.9276291,20.0342781],[85.9276068,20.0339771],[85.9275855,20.033765],[85.9275778,20.0336792],[85.9275791,20.0335595],[85.9275701,20.0333879],[85.9275546,20.0331595],[85.9275465,20.033073],[85.9275392,20.0329963],[85.9275029,20.0327699],[85.9274265,20.0324806],[85.9273524,20.0321173],[85.9273362,20.0319671],[85.9273199,20.0316495],[85.9273153,20.0313275],[85.9272922,20.0306379],[85.9272717,20.0303018],[85.9272666,20.0302147],[85.9272666,20.0301869],[85.9272704,20.0301129],[85.9272731,20.0300791],[85.9272804,20.0300383],[85.9272998,20.0299809],[85.9274175,20.0296813],[85.9275859,20.029292],[85.9276112,20.0292332],[85.9276902,20.0289672],[85.9277811,20.0286653],[85.9278116,20.0285795],[85.9278886,20.0284107],[85.9279912,20.0281862],[85.9281003,20.0279104],[85.9282286,20.0275714],[85.9283663,20.0271856],[85.9285522,20.0266785],[85.9286222,20.0265282],[85.9286702,20.0264549],[85.9287466,20.026361]]}},{"type":"Feature","properties":{"id":873321084,"highway":"residential"},"geometry":{"type":"LineString","coordinates":[[85.9275465,20.033073],[85.9278475,20.0329436],[85.9280884,20.0328587],[85.9284779,20.0327415],[85.9285575,20.0327091],[85.9285941,20.0326788],[85.9286974,20.0325737],[85.928749,20.0325434],[85.9289104,20.0324706],[85.9289857,20.0324221],[85.9290976,20.0323291],[85.9292525,20.0321896],[85.9294745,20.0320231]]}},{"type":"Feature","properties":{"id":873321085,"highway":"residential"},"geometry":{"type":"LineString","coordinates":[[85.9276635,20.0348591],[85.9277618,20.0348844],[85.9278324,20.0348967],[85.9279443,20.0349061],[85.9280399,20.0349075],[85.9281149,20.0349171],[85.9281715,20.0349332],[85.9282225,20.034961],[85.9283374,20.0350569]]}},{"type":"Feature","properties":{"id":873323721,"highway":"residential"},"geometry":{"type":"LineString","coordinates":[[85.946644,20.0767595],[85.9468876,20.0767215],[85.9470001,20.0767194],[85.9470759,20.0767162],[85.947162,20.0767021],[85.9472653,20.0766752],[85.9476143,20.0765674]]}},{"type":"Feature","properties":{"id":873323722,"highway":"residential"},"geometry":{"type":"LineString","coordinates":[[85.9485841,20.0801227],[85.9493687,20.0797744]]}},{"type":"Feature","properties":{"id":873323723,"highway":"unclassified"},"geometry":{"type":"LineString","coordinates":[[85.9563466,20.0732263],[85.9563722,20.0732251],[85.9564031,20.0732322],[85.9564413,20.0732506],[85.9569924,20.0736557],[85.9575588,20.0740318],[85.9576675,20.0740985],[85.9577351,20.0741427],[85.9577762,20.0741837],[85.9579353,20.0743597],[85.9582785,20.074801],[85.9586708,20.075312],[85.9591215,20.0759202],[85.9595577,20.0764498],[85.9599141,20.0769156],[85.9599553,20.0769906],[85.9599686,20.077058],[85.9599659,20.0771229],[85.95995,20.0771841],[85.9598888,20.0772728],[85.959829,20.0773265],[85.9595045,20.0775438],[85.9591016,20.0778873],[85.9588051,20.0781583],[85.9585624,20.0783619],[85.9584202,20.0784683],[85.9583062,20.0785409],[85.9581882,20.0785847],[85.9578066,20.0786954],[85.9575306,20.0787847],[85.9574647,20.0788008],[85.9573911,20.0788137],[85.9573526,20.0788241],[85.9573209,20.0788466],[85.9573089,20.0788723],[85.9573089,20.0789037],[85.9573269,20.078939],[85.9575571,20.0792356],[85.957581,20.0792734],[85.9576384,20.0794148],[85.9576803,20.0795378],[85.9576914,20.0796029],[85.9576914,20.0796961],[85.9576799,20.0798626],[85.957648,20.0800999],[85.9576153,20.0802994],[85.9575977,20.0804065]]}},{"type":"Feature","properties":{"id":873323724,"highway":"unclassified"},"geometry":{"type":"LineString","coordinates":[[85.9562959,20.0732628],[85.9563466,20.0732263]]}},{"type":"Feature","properties":{"id":873323725,"highway":"residential"},"geometry":{"type":"LineString","coordinates":[[85.959829,20.0773265],[85.9598323,20.0774004],[85.959844,20.0774398],[85.9598632,20.0774978],[85.9599083,20.0776087],[85.9599422,20.0776609],[85.9601381,20.0778895],[85.960206,20.0779626],[85.9602487,20.0780073],[85.9602789,20.0780444],[85.9603073,20.0780868],[85.9604,20.0782388],[85.9604916,20.0783889],[85.9607642,20.0787504]]}},{"type":"Feature","properties":{"id":873323726,"highway":"residential"},"geometry":{"type":"LineString","coordinates":[[85.9575571,20.0792356],[85.9577896,20.0791436],[85.9579067,20.0791112],[85.958018,20.0790877],[85.9580939,20.0790652],[85.9584165,20.0789498],[85.9587473,20.0788066],[85.9589137,20.0787496],[85.9590155,20.0787099],[85.9591182,20.0786783],[85.9592056,20.0786576],[85.9593285,20.0786297],[85.9594681,20.0785713]]}},{"type":"Feature","properties":{"id":873323727,"highway":"residential"},"geometry":{"type":"LineString","coordinates":[[85.9562333,20.0732465],[85.9561627,20.073332],[85.9561275,20.0733686],[85.9559579,20.0735089],[85.9557457,20.0736421],[85.9553099,20.073865],[85.9551371,20.0739529],[85.9550593,20.0739772],[85.9548443,20.0740376],[85.9547828,20.074053],[85.9547531,20.0740692],[85.9547358,20.074099],[85.9547329,20.0741287],[85.9547377,20.0741684],[85.9549287,20.0744813],[85.9549815,20.0745534],[85.9550027,20.0746021],[85.9550094,20.0746454],[85.9549979,20.0747031],[85.9549441,20.0748014],[85.9548644,20.0749024],[85.95479,20.0749646],[85.9546888,20.0750377],[85.9545954,20.0750889],[85.954452,20.0751359],[85.9537881,20.0753448],[85.9531465,20.0755547],[85.953062,20.075585],[85.9529953,20.0756038],[85.9528963,20.0756184],[85.9524137,20.07568],[85.9521535,20.0757239],[85.9518488,20.0757897],[85.9516865,20.0758231],[85.9515619,20.0758576],[85.9513785,20.0759192],[85.9510026,20.0760508],[85.9506835,20.0761709],[85.9505389,20.0762169],[85.9504444,20.0762419],[85.950282,20.0762795]]}},{"type":"Feature","properties":{"id":873323728,"highway":"residential"},"geometry":{"type":"LineString","coordinates":[[85.9501441,20.0763286],[85.9500329,20.0763819],[85.949984,20.0764247],[85.9499707,20.0764665],[85.9499696,20.0765062],[85.9499762,20.0765626],[85.9500719,20.0769647],[85.9501175,20.0772216],[85.9501597,20.0774911],[85.9501786,20.0775934],[85.9501986,20.0776603],[85.950381,20.0780269],[85.9506345,20.0785679],[85.9507891,20.078947],[85.9508369,20.0790765],[85.9508703,20.0791893],[85.9509014,20.0793104],[85.950917,20.0794201],[85.950917,20.0795517],[85.9509047,20.0797251],[85.9508614,20.079983],[85.9507858,20.0804728],[85.9507735,20.0806065],[85.9507702,20.0807381],[85.9507795,20.0807995],[85.950808,20.080901],[85.9508269,20.0809668],[85.950828,20.0810065],[85.9508158,20.0810389],[85.9507891,20.0810775],[85.9507346,20.0811131],[85.9504043,20.0812854],[85.9502242,20.0813804],[85.9501508,20.081417],[85.9500885,20.0814431],[85.9500474,20.0814661],[85.9500074,20.0815151],[85.9499067,20.0816963]]}},{"type":"Feature","properties":{"id":873323729,"highway":"residential"},"geometry":{"type":"LineString","coordinates":[[85.950282,20.0762795],[85.9501441,20.0763286]]}},{"type":"Feature","properties":{"id":873324701,"highway":"residential"},"geometry":{"type":"LineString","coordinates":[[85.9250787,20.038523],[85.9250833,20.0387878],[85.92509,20.0389276],[85.9251011,20.0390632],[85.9251227,20.0392317],[85.9251522,20.0394138],[85.9251811,20.0396308]]}},{"type":"Feature","properties":{"id":873324706,"highway":"residential"},"geometry":{"type":"LineString","coordinates":[[85.9335891,20.0492302],[85.9338774,20.049128],[85.9340015,20.049084],[85.9340899,20.0490638],[85.9341497,20.0490526],[85.9342167,20.0490548],[85.9343003,20.0490773],[85.9343768,20.0490907],[85.9344414,20.049075],[85.9344892,20.0490458],[85.9346207,20.048947]]}},{"type":"Feature","properties":{"id":873324707,"highway":"residential"},"geometry":{"type":"LineString","coordinates":[[85.9338774,20.049128],[85.9336187,20.0483743]]}},{"type":"Feature","properties":{"id":873324708,"highway":"residential"},"geometry":{"type":"LineString","coordinates":[[85.9328462,20.0473086],[85.9340181,20.0471065],[85.9340627,20.0470988],[85.9341878,20.0470897],[85.9343026,20.0470753],[85.9344156,20.0470566],[85.9347171,20.0469903]]}},{"type":"Feature","properties":{"id":873324711,"highway":"residential"},"geometry":{"type":"LineString","coordinates":[[85.9439866,20.0467835],[85.9439413,20.0467848],[85.9438749,20.046784],[85.9438482,20.0467777],[85.9438298,20.0467636],[85.9438181,20.0467369],[85.9438147,20.0467039],[85.9437913,20.0462186],[85.9437746,20.0459406],[85.9437713,20.0457882],[85.9437562,20.0454113],[85.943745,20.0448211]]}},{"type":"Feature","properties":{"id":873325203,"highway":"primary"},"geometry":{"type":"LineString","coordinates":[[85.9517093,20.0827161],[85.9517343,20.0826976],[85.9517753,20.0826673],[85.9520935,20.0824325],[85.952504,20.08214],[85.9529397,20.0818946],[85.9530422,20.0818369],[85.9533764,20.0816749],[85.9537831,20.0815066],[85.954003,20.0814312],[85.9542382,20.0813574],[85.9545786,20.0812677],[85.955256,20.0811014],[85.9560722,20.0809112],[85.9565176,20.0807814],[85.9567463,20.0807147],[85.9571109,20.0805827],[85.9575977,20.0804065],[85.957819,20.0803229],[85.9585845,20.0799845],[85.9591505,20.0796742],[85.9592917,20.0795904],[85.9598412,20.0792737],[85.9604255,20.0789369],[85.9607642,20.0787504],[85.9627182,20.0776518],[85.9629259,20.0775461]]}},{"type":"Feature","properties":{"id":873325204,"highway":"primary"},"geometry":{"type":"LineString","coordinates":[[85.9516391,20.0827679],[85.9517093,20.0827161]]}},{"type":"Feature","properties":{"id":873325205,"highway":"residential"},"geometry":{"type":"LineString","coordinates":[[85.9507955,20.0822183],[85.9507984,20.0821736],[85.950807,20.0821481],[85.9508292,20.0821252],[85.9511169,20.0819498]]}},{"type":"Feature","properties":{"id":873325206,"highway":"residential"},"geometry":{"type":"LineString","coordinates":[[85.9529397,20.0818946],[85.9527936,20.0817529]]}},{"type":"Feature","properties":{"id":873325207,"highway":"residential"},"geometry":{"type":"LineString","coordinates":[[85.9527205,20.0816819],[85.9527002,20.0816689],[85.9526815,20.0816634],[85.9526586,20.0816664],[85.9526293,20.0816859],[85.9525007,20.0817796],[85.9524298,20.0818237],[85.9523301,20.0818748],[85.9522405,20.0819043],[85.9521647,20.0819279],[85.9520325,20.0819715],[85.9518691,20.0820021],[85.9517782,20.0820238],[85.9516928,20.0820582],[85.9515546,20.0821231]]}},{"type":"Feature","properties":{"id":873325208,"highway":"residential"},"geometry":{"type":"LineString","coordinates":[[85.9527936,20.0817529],[85.9527205,20.0816819]]}},{"type":"Feature","properties":{"id":873325209,"highway":"residential"},"geometry":{"type":"LineString","coordinates":[[85.9526815,20.0816634],[85.9529426,20.0814756],[85.9530098,20.0814344],[85.9532033,20.0813176]]}},{"type":"Feature","properties":{"id":873325210,"highway":"residential"},"geometry":{"type":"LineString","coordinates":[[85.9507795,20.0807995],[85.950534,20.0808922],[85.9504555,20.080924],[85.9503824,20.0809625],[85.9501442,20.0811008],[85.9501006,20.0811287],[85.9500577,20.0811561],[85.9500122,20.0811963],[85.9499988,20.0812273],[85.9499961,20.0812692],[85.9500086,20.0813111],[85.9500885,20.0814431]]}},{"type":"Feature","properties":{"id":873325211,"highway":"residential"},"geometry":{"type":"LineString","coordinates":[[85.954003,20.0814312],[85.9540727,20.081781],[85.9540894,20.0818677],[85.9541128,20.0819815],[85.9541372,20.0820693],[85.9541728,20.0821455],[85.9542544,20.0822585],[85.954303,20.0823121],[85.9543329,20.0823391],[85.9544249,20.0824089],[85.954459,20.0824536],[85.9544714,20.0824875],[85.9544714,20.0825322],[85.9544528,20.0825778],[85.9544207,20.0826069],[85.9543701,20.0826302],[85.9541583,20.082702]]}},{"type":"Feature","properties":{"id":873325212,"highway":"residential"},"geometry":{"type":"LineString","coordinates":[[85.9539713,20.0824837],[85.9542109,20.0823779],[85.9542457,20.0823561],[85.9542722,20.0823374],[85.954303,20.0823121]]}},{"type":"Feature","properties":{"id":873325215,"highway":"residential"},"geometry":{"type":"LineString","coordinates":[[85.955256,20.0811014],[85.9552901,20.0813163],[85.9552879,20.081403],[85.9552861,20.0815583],[85.9552888,20.081632],[85.9552932,20.0816923],[85.9553022,20.0817442],[85.9553271,20.0818506],[85.9553432,20.0819126],[85.9553459,20.0819487],[85.9553378,20.0819838],[85.9553138,20.0820056],[85.9551416,20.0820869],[85.9551006,20.0821145],[85.9550622,20.0821455],[85.9550221,20.082174],[85.9549819,20.0821883],[85.9547116,20.0822679]]}},{"type":"Feature","properties":{"id":873325216,"highway":"residential"},"geometry":{"type":"LineString","coordinates":[[85.9553459,20.0819487],[85.9555153,20.081916],[85.9555321,20.081915],[85.9555758,20.0819231],[85.9555916,20.0819241],[85.9557461,20.0818901]]}},{"type":"Feature","properties":{"id":873325217,"highway":"residential"},"geometry":{"type":"LineString","coordinates":[[85.9577204,20.0827132],[85.957979,20.0826426],[85.958003,20.0826326],[85.9580163,20.0826114],[85.9580156,20.082582],[85.9580063,20.0825427],[85.957995,20.0824771],[85.957997,20.0824415],[85.958003,20.0824059],[85.9580229,20.082371],[85.9580568,20.0823272],[85.9580788,20.0822948],[85.9580867,20.0822511],[85.9580861,20.0822186],[85.9580788,20.0821786],[85.9580648,20.0821212],[85.958038,20.0820488],[85.9579254,20.0818213],[85.9578949,20.081724],[85.9578835,20.081647],[85.9578878,20.0814264],[85.9578802,20.081363],[85.9578571,20.0812881],[85.9578286,20.0812379],[85.9577958,20.0811917],[85.9577455,20.0811396],[85.9576921,20.0810945],[85.9576236,20.0810483],[85.9574582,20.0809649],[85.9572804,20.0808591],[85.9572159,20.0807957],[85.9571584,20.0806983],[85.9571109,20.0805827]]}},{"type":"Feature","properties":{"id":873325218,"highway":"residential"},"geometry":{"type":"LineString","coordinates":[[85.9578878,20.0814264],[85.9581181,20.0814874],[85.9582846,20.0815273],[85.9583494,20.081537],[85.9584241,20.0815376],[85.9585096,20.0815343],[85.9585681,20.0815311],[85.9586175,20.0815311],[85.9586537,20.0815381],[85.9586795,20.0815532],[85.9587426,20.0816217],[85.9587754,20.0816605],[85.9588046,20.0816815],[85.9588322,20.0816885],[85.9588781,20.0816858],[85.9590315,20.0816533],[85.959141,20.0816258],[85.9592132,20.0816083],[85.9592714,20.0816046],[85.9593247,20.0816262],[85.9593742,20.081654],[85.9594122,20.0816876],[85.9594436,20.0817413],[85.9594608,20.0817803],[85.9594773,20.0818086],[85.9595009,20.0818233],[85.9595453,20.081826],[85.9600268,20.0817938]]}},{"type":"Feature","properties":{"id":873325762,"highway":"residential"},"geometry":{"type":"LineString","coordinates":[[85.9272704,20.0301129],[85.9273117,20.0301265],[85.9273579,20.0301405],[85.927625,20.0302049]]}},{"type":"Feature","properties":{"id":873327967,"highway":"residential"},"geometry":{"type":"LineString","coordinates":[[85.9591505,20.0796742],[85.9592207,20.0797968],[85.9592413,20.0798453],[85.9592453,20.0798836],[85.9592396,20.0799132],[85.9592218,20.0799569],[85.9591966,20.0800049],[85.9591828,20.0800361],[85.9591793,20.0800609],[85.9591793,20.0800917],[85.9591908,20.0801488],[85.9592155,20.0802496],[85.9592809,20.0805289],[85.9593695,20.0808797],[85.9594249,20.0810982],[85.9594272,20.08113],[85.9594226,20.0811567],[85.9594072,20.0811763],[85.9593826,20.0811857],[85.9592698,20.0811926],[85.9590899,20.0812038]]}},{"type":"Feature","properties":{"id":873327968,"highway":"residential"},"geometry":{"type":"LineString","coordinates":[[85.9592698,20.0811926],[85.9592714,20.0816046]]}},{"type":"Feature","properties":{"id":873327972,"highway":"tertiary"},"geometry":{"type":"LineString","coordinates":[[85.9641398,20.0788953],[85.9642072,20.0789921],[85.9643023,20.079137],[85.9644616,20.0794314],[85.9646459,20.0797901],[85.9647252,20.0799491],[85.964756,20.0800107],[85.9648974,20.0802346],[85.9650275,20.0803905],[85.965168,20.0806056],[85.9652358,20.0807989],[85.9652681,20.0809422],[85.9652749,20.0809725],[85.9653147,20.081177],[85.9653611,20.0813506],[85.9653658,20.081428],[85.9653653,20.0814892],[85.9653775,20.08155],[85.9654065,20.0816074],[85.9654561,20.081674],[85.9655301,20.0817675],[85.9656536,20.0818994],[85.9658302,20.0820458],[85.9659922,20.0821656],[85.9663089,20.0824103],[85.9665033,20.0825687],[85.9666276,20.0826697],[85.9666795,20.0827027],[85.9667296,20.0827306],[85.9667741,20.0827486],[85.9668371,20.0827683],[85.9668914,20.0827874],[85.9669254,20.0828043],[85.9669588,20.0828286],[85.9670496,20.0829093],[85.967191,20.0830642],[85.9674727,20.0834025],[85.9676306,20.083637],[85.9676815,20.0837258],[85.9677297,20.0838205],[85.9679241,20.0842796],[85.9680115,20.0844505],[85.9680757,20.0845505],[85.9681269,20.0846254],[85.9681552,20.084657],[85.9681755,20.0846719],[85.9682052,20.0846831],[85.9682479,20.0846863],[85.968291,20.0846826],[85.968567,20.0846128],[85.9686096,20.0846012],[85.9686973,20.0845676],[85.9688952,20.0844752],[85.9689129,20.0844664]]}},{"type":"Feature","properties":{"id":873327973,"highway":"residential"},"geometry":{"type":"LineString","coordinates":[[85.9682052,20.0846831],[85.9682079,20.0847928],[85.9682218,20.0848905],[85.9682511,20.0850727],[85.9682633,20.0851173],[85.9682861,20.0851893],[85.9683148,20.0852406],[85.9684393,20.0854243],[85.9684628,20.0854556],[85.9684844,20.0854747],[85.9685141,20.0854852],[85.9685598,20.0854817],[85.9686012,20.0854666],[85.9686444,20.0854527],[85.9686759,20.0854521],[85.9686976,20.0854597],[85.9687124,20.0854718],[85.968763,20.085549],[85.9687927,20.0856047],[85.9688007,20.085632],[85.9687995,20.0856563],[85.9687853,20.0857074],[85.9687797,20.0857469],[85.9687884,20.0857817],[85.9688094,20.0858391],[85.9688539,20.0859227],[85.9688946,20.0859824],[85.9689354,20.0860149],[85.9690232,20.0860586],[85.9690726,20.0860774],[85.9691033,20.0860821],[85.9691427,20.0860794],[85.9691828,20.0860606],[85.9693087,20.0859699],[85.9693996,20.0859161],[85.9694468,20.0858886],[85.9694912,20.0858691],[85.9695584,20.0858536],[85.9696164,20.0858422],[85.9696615,20.0858456],[85.9696915,20.0858651],[85.9697209,20.0859],[85.9698239,20.0860694]]}},{"type":"Feature","properties":{"id":873327974,"highway":"residential"},"geometry":{"type":"LineString","coordinates":[[85.9691427,20.0860794],[85.9690868,20.086164]]}},{"type":"Feature","properties":{"id":873327975,"highway":"residential"},"geometry":{"type":"LineString","coordinates":[[85.9690868,20.086164],[85.9690309,20.0862485]]}},{"type":"Feature","properties":{"id":873327976,"highway":"residential"},"geometry":{"type":"LineString","coordinates":[[85.9690309,20.0862485],[85.9689698,20.0863139],[85.9687458,20.0864855]]}},{"type":"Feature","properties":{"id":873327982,"highway":"residential"},"geometry":{"type":"LineString","coordinates":[[85.9619306,20.0811666],[85.9620378,20.0810472],[85.9620913,20.0810016],[85.9621415,20.0809953],[85.9622085,20.0810031],[85.9622905,20.0810189],[85.9623909,20.0810236],[85.962483,20.0810063],[85.9626269,20.0809403],[85.9628193,20.0808448],[85.9630289,20.0807512],[85.9631069,20.0807335],[85.9631965,20.0807335],[85.9633193,20.080743],[85.9633945,20.080758],[85.9634971,20.0807702],[85.9635997,20.0807865],[85.9636936,20.0807878],[85.9637789,20.0807797],[85.9638425,20.0807566],[85.9638757,20.0807213],[85.9640361,20.0805625],[85.9641069,20.0805028],[85.9641907,20.080439],[85.9642557,20.0803942],[85.9642875,20.0803522],[85.964302,20.0803047],[85.9643193,20.0802531],[85.9643598,20.0802151],[85.9644133,20.0801825],[85.964756,20.0800107]]}},{"type":"Feature","properties":{"id":873327983,"highway":"residential"},"geometry":{"type":"LineString","coordinates":[[85.9647313,20.0786751],[85.9647809,20.0786488],[85.9648175,20.0786508],[85.9648401,20.0786619],[85.964908,20.0787297],[85.9650674,20.078927],[85.9651094,20.0789927],[85.9651514,20.0790757],[85.9651859,20.0791465],[85.9652548,20.0792638],[85.9653076,20.0793448],[85.9654024,20.0794462],[85.9655093,20.0795171],[85.9655538,20.0795615],[85.9658052,20.0798658]]}},{"type":"Feature","properties":{"id":873327984,"highway":"residential"},"geometry":{"type":"LineString","coordinates":[[85.9647252,20.0799491],[85.9650302,20.0797542],[85.9651579,20.0796705],[85.9652534,20.0795981],[85.9653096,20.0795438],[85.9654024,20.0794462]]}},{"type":"Feature","properties":{"id":873327985,"highway":"residential"},"geometry":{"type":"LineString","coordinates":[[85.9652681,20.0809422],[85.9657542,20.0807281]]}},{"type":"Feature","properties":{"id":873330338,"highway":"unclassified"},"geometry":{"type":"LineString","coordinates":[[85.9623244,20.0936216],[85.9629455,20.0934743],[85.963219,20.0934038],[85.9633808,20.0933264],[85.9634477,20.0932855],[85.9634959,20.0932344],[85.963527,20.093173],[85.9635285,20.0931146],[85.9635084,20.0930414],[85.9635041,20.0930039],[85.9635106,20.0929797],[85.9635364,20.0929574],[85.9635903,20.0929382],[85.9636409,20.092919],[85.96367,20.0928997],[85.9636937,20.0928694],[85.9637045,20.092833],[85.9637002,20.0927824],[85.9635063,20.0920763],[85.9634503,20.0919074],[85.9633921,20.091783],[85.9633404,20.091692],[85.9632822,20.0915938],[85.9632456,20.091518],[85.9632424,20.0914623],[85.9632564,20.0914188],[85.9633135,20.0913703],[85.9639297,20.0909239],[85.9640257,20.0908501],[85.9640906,20.0908102],[85.9641692,20.090802],[85.9642478,20.0908044],[85.9643314,20.0907997],[85.9643925,20.0907809],[85.9644474,20.0907352],[85.9644886,20.0906567],[85.9646944,20.0901974],[85.9647452,20.0900544],[85.9647783,20.0899726],[85.9648063,20.0899209],[85.9648413,20.0898861],[85.9648934,20.0898513],[85.9649724,20.0898194],[85.9658201,20.0895957],[85.9670074,20.0893208],[85.9682413,20.0889881],[85.9686929,20.088858],[85.9689162,20.088783],[85.9690073,20.0887397],[85.9691134,20.0886905],[85.9692107,20.088653],[85.9693654,20.0886096],[85.969817,20.0885112],[85.9703262,20.0883356],[85.9703623,20.0883187],[85.9703969,20.0882927],[85.9704219,20.0882614],[85.9704323,20.0882341],[85.9704385,20.08821],[85.9704558,20.0881879],[85.9704912,20.0881716],[85.9705439,20.0881573],[85.9705709,20.0881429],[85.9706146,20.0880961],[85.9706686,20.0880167],[85.9706887,20.0879704],[85.9706984,20.0879177],[85.970697,20.0878624],[85.9707325,20.0877181],[85.9707758,20.0875946],[85.9708172,20.0875337],[85.9709001,20.087466],[85.9710748,20.0873882],[85.9715216,20.0872613],[85.9716243,20.0872274],[85.9716819,20.0871851],[85.9717053,20.0871242],[85.9717035,20.0870633],[85.9717287,20.0870007],[85.9717774,20.0869432],[85.9719449,20.0868569],[85.9725655,20.0865661]]}},{"type":"Feature","properties":{"id":873330339,"highway":"residential"},"geometry":{"type":"LineString","coordinates":[[85.9595369,20.0732936],[85.959517,20.0733553],[85.9595026,20.0734184],[85.9594981,20.073467],[85.9594992,20.073501],[85.9595037,20.0735255],[85.9595165,20.0735542],[85.9595404,20.0735871],[85.9596104,20.0736493],[85.9598495,20.0738226],[85.9599251,20.0738822],[85.9599507,20.0739052],[85.9599852,20.0739501],[85.9601609,20.0741934],[85.9602326,20.0742765],[85.9604589,20.0744953],[85.9606746,20.0746947],[85.960763,20.0747626],[85.9608164,20.0747945],[85.9608675,20.0748232],[85.9609126,20.0748556],[85.9609337,20.0748817],[85.9610983,20.0751308],[85.9611694,20.0752211],[85.9612473,20.0752937],[85.9612954,20.0753287],[85.9613407,20.0753501],[85.9613918,20.0753747],[85.961438,20.0753971],[85.9614758,20.0754191],[85.9615064,20.0754426],[85.9615319,20.0754661],[85.9615553,20.0754958],[85.9616209,20.075583],[85.9618055,20.0758577],[85.961855,20.0759178],[85.9619045,20.0759674],[85.9619562,20.0760139],[85.9620212,20.076064],[85.9621613,20.0761465],[85.9622064,20.0761705],[85.9622464,20.0761846],[85.9622775,20.0761878],[85.962357,20.0761872],[85.9624443,20.0761972],[85.9624794,20.0762076],[85.9625155,20.0762274],[85.9625555,20.0762556],[85.962591,20.0762857],[85.9626444,20.0763533]]}},{"type":"Feature","properties":{"id":873330340,"highway":"residential"},"geometry":{"type":"LineString","coordinates":[[85.9622464,20.0761846],[85.9622885,20.076276],[85.962298,20.0763099],[85.9623007,20.0763397],[85.9622968,20.0763632],[85.9622874,20.0763857],[85.9622713,20.0764024],[85.9622496,20.0764201],[85.9621934,20.0764525],[85.9619983,20.0765094],[85.9619332,20.0765324],[85.9616864,20.0766462]]}},{"type":"Feature","properties":{"id":873330348,"highway":"primary"},"geometry":{"type":"LineString","coordinates":[[85.9633242,20.0773637],[85.9634753,20.0772926],[85.9640772,20.0770277],[85.9663609,20.0760271],[85.9665643,20.0759422],[85.9670574,20.07573],[85.9676127,20.0754811],[85.9680421,20.0752958],[85.968627,20.0750493],[85.9691274,20.0748281],[85.9708964,20.0740745],[85.9721706,20.0734877],[85.9737058,20.0727493],[85.9741639,20.072529],[85.9741894,20.0725169],[85.975224,20.0720265],[85.9760542,20.0716238],[85.9765235,20.071415],[85.9770886,20.0711797],[85.9777437,20.0709267],[85.9780926,20.0707974],[85.9784907,20.0706513],[85.9785454,20.0706313]]}},{"type":"Feature","properties":{"id":873330349,"highway":"primary"},"geometry":{"type":"LineString","coordinates":[[85.9629259,20.0775461],[85.9633242,20.0773637]]}},{"type":"Feature","properties":{"id":873331559,"highway":"unclassified"},"geometry":{"type":"LineString","coordinates":[[85.9806828,20.0406922],[85.9807944,20.0406952]]}},{"type":"Feature","properties":{"id":873331560,"highway":"unclassified"},"geometry":{"type":"LineString","coordinates":[[85.9807944,20.0406952],[85.9808527,20.040705],[85.9808796,20.0407183],[85.9808995,20.0407369],[85.980908,20.0407595],[85.9809164,20.0407994],[85.9809391,20.0413008],[85.9809566,20.0416637],[85.9809646,20.0418287],[85.9809745,20.0419218],[85.9809986,20.0420322],[85.9810637,20.0423062],[85.9811713,20.0427437],[85.9812746,20.0431453],[85.9813737,20.0434858],[85.9814558,20.0437318],[85.981545,20.0439618],[85.9815945,20.0440775],[85.981678,20.0442996],[85.9818139,20.0446906],[85.981913,20.0449725],[85.9819357,20.0450257],[85.9819654,20.0450776],[85.9820801,20.0452864],[85.9821333,20.0453884],[85.9821639,20.0454492],[85.982291,20.0457971],[85.9824022,20.0461461],[85.982423,20.0462173],[85.9824474,20.0463275],[85.982478,20.046455],[85.982511,20.0465571],[85.9825427,20.0466375],[85.9826442,20.0468729],[85.9827016,20.0470279],[85.9827603,20.0471794],[85.9828018,20.047269],[85.9829277,20.0475055],[85.9829573,20.0475731],[85.9829785,20.0476544],[85.9830156,20.0478483],[85.9830773,20.0482031],[85.9830914,20.0482677],[85.9831109,20.0483357],[85.9831514,20.0484252],[85.9832309,20.0486059],[85.9832638,20.0486969],[85.9835177,20.049538],[85.9835425,20.0496378],[85.9835594,20.0497408],[85.9835706,20.0498931],[85.983573,20.0500384],[85.9835722,20.0502059],[85.9835828,20.0503203],[85.9836018,20.0504297],[85.9836242,20.0505044],[85.9836599,20.0505762],[85.9836992,20.0506278],[85.9837563,20.0506824],[85.9838304,20.0507439],[85.9839029,20.0508038],[85.9839341,20.0508463],[85.9839747,20.0509358],[85.9840153,20.0510483],[85.9841432,20.0514569]]}},{"type":"Feature","properties":{"id":873331561,"highway":"residential"},"geometry":{"type":"LineString","coordinates":[[85.9809566,20.0416637],[85.9813779,20.0416161],[85.9816143,20.041588],[85.9816936,20.0415733],[85.9817573,20.0415614],[85.9819373,20.041515],[85.9820202,20.0414984],[85.9821226,20.0414901],[85.9822479,20.0415001],[85.9823714,20.0415233],[85.9824455,20.0415233],[85.9825461,20.0415067],[85.9826008,20.0414852],[85.9826202,20.0414636],[85.9826343,20.0414238],[85.9826837,20.0411735],[85.9826979,20.0411437],[85.9827226,20.0411171],[85.9827702,20.0410873],[85.9828249,20.0410674],[85.9828779,20.0410558],[85.9830543,20.0410442],[85.9831729,20.0410351],[85.9833561,20.041021],[85.983522,20.0409978],[85.9841308,20.0408784],[85.9846443,20.040769],[85.9847784,20.0407425],[85.9848349,20.0407358],[85.9848843,20.0407425],[85.9849355,20.0407557],[85.984962,20.0407723],[85.9850061,20.040827],[85.9852108,20.041142],[85.9853484,20.0413459],[85.9855143,20.0415598],[85.9856767,20.0417388],[85.9857421,20.0417959],[85.985987,20.0419874],[85.9862701,20.0422108],[85.9865003,20.0424126],[85.9865525,20.0424691],[85.9866014,20.0425364],[85.9866718,20.0426718],[85.9867853,20.0428724],[85.9868466,20.0429652],[85.9870295,20.0431999],[85.9873134,20.0435626],[85.9874054,20.0436714],[85.9875053,20.0437728],[85.9876321,20.0439003],[85.987741,20.043997],[85.9879262,20.0441563]]}},{"type":"Feature","properties":{"id":873331562,"highway":"unclassified"},"geometry":{"type":"LineString","coordinates":[[85.9879822,20.0440724],[85.9879262,20.0441563],[85.9879007,20.0441986],[85.9877932,20.0443835],[85.9877455,20.0444719],[85.9877089,20.0445591],[85.9876575,20.0447038],[85.9876074,20.0448772],[85.987517,20.0452021],[85.9874424,20.0454248],[85.9873715,20.0456212],[85.9872579,20.0459185],[85.9872139,20.0460448],[85.9871846,20.0461539],[85.9871002,20.0464788],[85.9870721,20.0465672],[85.987011,20.0467325],[85.9869181,20.0469805],[85.9868912,20.0470758],[85.9868216,20.0473112],[85.9867409,20.0475419],[85.9866285,20.0478565],[85.9865796,20.0480035],[85.9865173,20.0482159],[85.9864476,20.0484673],[85.9864097,20.0485833],[85.9863278,20.0487807],[85.9862557,20.0489805],[85.9862264,20.0490769],[85.9862081,20.0491676],[85.9861848,20.0492997],[85.9861738,20.0493927],[85.9861648,20.0495395],[85.9861806,20.0498165],[85.9861898,20.0499816],[85.9862048,20.0501427],[85.9862331,20.0502993],[85.9862633,20.05043],[85.9863115,20.0506381],[85.9863784,20.0509137],[85.9864134,20.05109],[85.9864518,20.0513033],[85.9864705,20.0514371],[85.9864905,20.0516937],[85.9864991,20.0519949]]}},{"type":"Feature","properties":{"id":873331563,"highway":"unclassified"},"geometry":{"type":"LineString","coordinates":[[85.9880368,20.0439878],[85.9879822,20.0440724]]}},{"type":"Feature","properties":{"id":873331564,"highway":"residential"},"geometry":{"type":"LineString","coordinates":[[85.9837682,20.0394602],[85.9837514,20.0396062],[85.9837377,20.0396377],[85.983721,20.0396592],[85.9836875,20.0396778],[85.9836433,20.0396907],[85.9834589,20.0397279],[85.9833431,20.0397651],[85.9832416,20.0397986],[85.9832091,20.0398109],[85.9831679,20.0398381],[85.9831496,20.0398653],[85.983142,20.0399039],[85.9831481,20.0399454],[85.9831847,20.0400428],[85.9831923,20.04009],[85.9831923,20.0401344],[85.9831923,20.040226],[85.9831816,20.0406353],[85.9831729,20.0410351]]}},{"type":"Feature","properties":{"id":873331565,"highway":"residential"},"geometry":{"type":"LineString","coordinates":[[85.9827153,20.0396775],[85.982854,20.0397107],[85.9829036,20.039716],[85.9829588,20.0397147],[85.9830098,20.0397067],[85.9832094,20.0396615]]}},{"type":"Feature","properties":{"id":873331566,"highway":"residential"},"geometry":{"type":"LineString","coordinates":[[85.9829672,20.0392876],[85.9831413,20.0394539],[85.9831697,20.0395018],[85.9831895,20.0395616],[85.9832094,20.0396615],[85.9832416,20.0397986]]}},{"type":"Feature","properties":{"id":873332203,"highway":"residential"},"geometry":{"type":"LineString","coordinates":[[85.9517343,20.0826976],[85.9518504,20.0828357],[85.9519085,20.0829155],[85.9519413,20.0829715],[85.9519607,20.0830212],[85.9519667,20.0830667],[85.9519629,20.0831374],[85.9518549,20.0834503],[85.9517513,20.0837233]]}},{"type":"Feature","properties":{"id":873332204,"highway":"residential"},"geometry":{"type":"LineString","coordinates":[[85.964175,20.0817208],[85.964368,20.0817036],[85.9645253,20.0816787],[85.9648205,20.0815959],[85.9649913,20.0815507],[85.9651325,20.0815205],[85.9652448,20.0815024],[85.9653653,20.0814892]]}},{"type":"Feature","properties":{"id":873332206,"highway":"residential"},"geometry":{"type":"LineString","coordinates":[[85.9497382,20.080702],[85.9499241,20.080894],[85.9499835,20.0809638],[85.9501006,20.0811287]]}},{"type":"Feature","properties":{"id":873332211,"highway":"residential"},"geometry":{"type":"LineString","coordinates":[[85.9612954,20.0753287],[85.9609497,20.0755449]]}},{"type":"Feature","properties":{"id":873332213,"highway":"residential"},"geometry":{"type":"LineString","coordinates":[[85.9539443,20.0724807],[85.9542411,20.0722462]]}},{"type":"Feature","properties":{"id":873332214,"highway":"residential"},"geometry":{"type":"LineString","coordinates":[[85.9546233,20.073819],[85.9547358,20.074099]]}},{"type":"Feature","properties":{"id":873333429,"highway":"unclassified"},"geometry":{"type":"LineString","coordinates":[[85.9745903,20.0409778],[85.9746281,20.040981],[85.9746862,20.0409822],[85.9747554,20.0409798],[85.9748262,20.0409719],[85.9748786,20.0409586],[85.9749508,20.0409333],[85.975384,20.0407192],[85.9757931,20.0405104],[85.9759686,20.0404333],[85.976021,20.0404133],[85.9760776,20.0403987],[85.9761328,20.0403907],[85.9762192,20.0403907],[85.9763423,20.0404],[85.976617,20.0404372],[85.9773517,20.0405862],[85.9775499,20.0406248],[85.9776065,20.0406301],[85.9777622,20.0406447],[85.9778231,20.0406554],[85.9780411,20.0406966],[85.9781557,20.0407112],[85.97831,20.0407285],[85.9784176,20.0407365],[85.9785195,20.0407351],[85.9788013,20.0407099],[85.978889,20.0407032],[85.9789853,20.0407019],[85.9790532,20.0407085],[85.9791608,20.0407272],[85.9794892,20.0407963],[85.9796534,20.0408296],[85.9797044,20.0408309],[85.979761,20.0408242],[85.9798177,20.0408016],[85.9798771,20.0407644],[85.9799479,20.0407245],[85.9800144,20.0407006],[85.9800895,20.0406766],[85.9801716,20.040666],[85.980282,20.040662],[85.9803726,20.0406607],[85.9804688,20.0406713],[85.9806239,20.0406864],[85.9806828,20.0406922]]}},{"type":"Feature","properties":{"id":873333430,"highway":"unclassified"},"geometry":{"type":"LineString","coordinates":[[85.9745361,20.04097],[85.9745903,20.0409778]]}},{"type":"Feature","properties":{"id":873333432,"highway":"unclassified"},"geometry":{"type":"LineString","coordinates":[[85.9677184,20.0435297],[85.9676986,20.0435351],[85.9676877,20.0435408],[85.9676814,20.0435583],[85.9676809,20.0435898],[85.9676821,20.0436872],[85.9677196,20.0440638],[85.9677548,20.0444436],[85.9677968,20.0448479],[85.9678286,20.0451604],[85.967832,20.0452052],[85.9678286,20.0452458],[85.9678161,20.0452874],[85.9677946,20.0453269],[85.9677559,20.0453834],[85.9676935,20.0454527],[85.9674698,20.0456853],[85.9673051,20.0458581],[85.9669883,20.0461963],[85.9668171,20.0463729],[85.9667351,20.0464843],[85.9666828,20.0465675],[85.9666578,20.0466262],[85.9666363,20.046703],[85.9665999,20.0468865],[85.9665488,20.0471841],[85.966483,20.047566],[85.9664228,20.047917],[85.9663694,20.048173],[85.9663234,20.0483764]]}},{"type":"Feature","properties":{"id":873333433,"highway":"residential"},"geometry":{"type":"LineString","coordinates":[[85.9711079,20.0421022],[85.9712015,20.042158],[85.9712526,20.0421926],[85.9713057,20.0422377],[85.9713394,20.0422781],[85.9714049,20.0423856],[85.9714549,20.0424883],[85.9714754,20.0425469],[85.9714948,20.0426362],[85.9715091,20.0426967],[85.9715265,20.0427476],[85.9715408,20.0427764],[85.9715694,20.0428167],[85.9717043,20.0429905],[85.9717574,20.0430596],[85.9718055,20.0431287],[85.9719189,20.0433198],[85.9719925,20.0434523],[85.972111,20.0436865],[85.9722477,20.0439617]]}},{"type":"Feature","properties":{"id":873333434,"highway":"residential"},"geometry":{"type":"LineString","coordinates":[[85.9720079,20.0437331],[85.972111,20.0436865],[85.9724029,20.04355]]}},{"type":"Feature","properties":{"id":873334061,"highway":"residential"},"geometry":{"type":"LineString","coordinates":[[85.9721523,20.0397305],[85.9722152,20.040055],[85.9722205,20.0400828],[85.9722422,20.0401952],[85.9722517,20.0402788],[85.9722517,20.0404369],[85.9722565,20.0405071],[85.9722628,20.0405563],[85.9722835,20.0406413],[85.9723418,20.0408072],[85.9723915,20.0409248],[85.9725916,20.0413053]]}},{"type":"Feature","properties":{"id":873334062,"highway":"residential"},"geometry":{"type":"LineString","coordinates":[[85.9663273,20.0308299],[85.9663886,20.030981],[85.9664414,20.0311186],[85.9664839,20.0312297],[85.9665952,20.0315039],[85.9666702,20.0317044],[85.9666873,20.0317584],[85.9667052,20.0318337],[85.9667527,20.0320627],[85.9668034,20.0322868],[85.966911,20.0326754],[85.9669859,20.03294],[85.9670197,20.033061],[85.9670334,20.0331224],[85.967045,20.0332047],[85.9670576,20.0333296],[85.9670904,20.033632],[85.9671283,20.0338917],[85.9671748,20.0341504],[85.9671938,20.0342356],[85.9672244,20.0343526],[85.9672476,20.034427],[85.9672739,20.0344944],[85.9673067,20.0345717],[85.9673362,20.0346331],[85.9674892,20.0349315],[85.9676506,20.0352834],[85.9677931,20.0355887],[85.9678282,20.0356587],[85.967849,20.0357001],[85.9678635,20.0357355],[85.9678817,20.035784],[85.9678965,20.0358415],[85.9679081,20.035896],[85.9679534,20.0361389],[85.967964,20.0361894],[85.9679798,20.036237],[85.9680579,20.0364442],[85.9681434,20.0366345],[85.9681708,20.0366791],[85.9682003,20.0367109],[85.9682288,20.0367287],[85.9682647,20.0367426],[85.9683164,20.0367495],[85.9683863,20.0367504],[85.9684578,20.0367516],[85.9685176,20.0367596],[85.9685621,20.0367773],[85.9686014,20.0368126],[85.9686195,20.0368412],[85.9686441,20.03688],[85.9687433,20.0371049],[85.9687723,20.0371932],[85.9688253,20.0373971],[85.9688544,20.0374742],[85.9688988,20.0375433],[85.9689416,20.0375754],[85.9689928,20.0375898],[85.9690544,20.0375898],[85.9691364,20.0375786],[85.9693159,20.0375272],[85.9694589,20.0374829],[85.9696629,20.0374196],[85.969803,20.0373843],[85.9698543,20.0373811],[85.9699176,20.0373939],[85.9699774,20.0374228],[85.97008,20.0374935],[85.9702321,20.0375882],[85.9702799,20.0376075],[85.9703193,20.0376155],[85.9703688,20.0376187],[85.9704406,20.0376107],[85.9705893,20.0375802],[85.970786,20.0375423],[85.9710578,20.0375012]]}},{"type":"Feature","properties":{"id":873334063,"highway":"residential"},"geometry":{"type":"LineString","coordinates":[[85.9735353,20.039452],[85.9737855,20.0393525],[85.9738475,20.0393301],[85.9739202,20.0393101],[85.9741617,20.0392495],[85.9742206,20.0392449],[85.9742343,20.0392802],[85.9742891,20.0394899],[85.9743203,20.039661],[85.97437,20.0399842],[85.9744105,20.0402659],[85.9744675,20.040634],[85.9745053,20.0409604]]}},{"type":"Feature","properties":{"id":873335362,"highway":"residential"},"geometry":{"type":"LineString","coordinates":[[85.975224,20.0720265],[85.9753675,20.0722704],[85.9754624,20.0723752],[85.9756399,20.0725027],[85.9758313,20.0725722],[85.9760403,20.0726418],[85.9761696,20.072685],[85.9764016,20.0727497],[85.9765057,20.0727911],[85.9768462,20.0729808],[85.9770389,20.073082],[85.9773808,20.0732363],[85.9778005,20.073407],[85.9778854,20.0734427],[85.9779377,20.073472],[85.9781651,20.0736302]]}},{"type":"Feature","properties":{"id":873336236,"highway":"residential"},"geometry":{"type":"LineString","coordinates":[[85.971748,20.0351027],[85.9719039,20.0352096]]}},{"type":"Feature","properties":{"id":873336239,"highway":"residential"},"geometry":{"type":"LineString","coordinates":[[85.9719039,20.0352096],[85.9719283,20.0352285]]}},{"type":"Feature","properties":{"id":873336240,"highway":"residential"},"geometry":{"type":"LineString","coordinates":[[85.9719283,20.0352285],[85.9719666,20.0352598],[85.9719984,20.0352895],[85.9720497,20.0353474],[85.9722018,20.035569],[85.9722958,20.0357263],[85.9724531,20.036062],[85.9724677,20.0361095],[85.9724758,20.0361572],[85.9724762,20.0362096],[85.9724685,20.0362755],[85.9724548,20.0364393],[85.9724548,20.0364972],[85.9724577,20.0365365],[85.9724677,20.0365808],[85.9725552,20.0368099],[85.9726001,20.0369275],[85.9726275,20.0369918],[85.9726702,20.0370592],[85.9727403,20.0371427],[85.9728121,20.0372166],[85.9728816,20.0372713],[85.9731773,20.0375154]]}},{"type":"Feature","properties":{"id":873336243,"highway":"residential"},"geometry":{"type":"LineString","coordinates":[[85.9751841,20.0333152],[85.9752924,20.0331924],[85.9753861,20.0330833],[85.9754063,20.0330578],[85.9755055,20.0329331],[85.9755417,20.0328921],[85.9756099,20.032824],[85.9757835,20.0326459],[85.9758997,20.0325388],[85.9759402,20.0324967],[85.9760115,20.0324196],[85.9761064,20.0323255],[85.9761405,20.0322975],[85.976165,20.0322815],[85.9761884,20.0322745],[85.9762289,20.0322705],[85.9763003,20.0322655],[85.9763365,20.0322565],[85.9765229,20.0322034],[85.976622,20.0321784],[85.9768905,20.0320973],[85.9771505,20.0320162],[85.9776075,20.0318781],[85.977925,20.031779],[85.9779666,20.03176],[85.978058,20.0317054]]}},{"type":"Feature","properties":{"id":873336244,"highway":"residential"},"geometry":{"type":"LineString","coordinates":[[85.9754063,20.0330578],[85.9754572,20.0330859],[85.9754806,20.0330919],[85.9755136,20.0330929],[85.9755659,20.0330859],[85.9757715,20.0330339],[85.9758279,20.0330199],[85.9758735,20.0330137],[85.9760414,20.0330037]]}},{"type":"Feature","properties":{"id":873336245,"highway":"residential"},"geometry":{"type":"LineString","coordinates":[[85.9773219,20.0297555],[85.9773511,20.0296843],[85.9773726,20.0296578],[85.977419,20.0296361],[85.9774869,20.0296252],[85.9775531,20.0296236],[85.9776773,20.0296174],[85.9777534,20.0296018],[85.9778296,20.0295769],[85.9778776,20.0295583],[85.9780432,20.0294665]]}},{"type":"Feature","properties":{"id":873336246,"highway":"residential"},"geometry":{"type":"LineString","coordinates":[[85.9755347,20.0286755],[85.9756994,20.0285954],[85.9757335,20.0285824],[85.9757878,20.0285634],[85.9759148,20.0285195]]}},{"type":"Feature","properties":{"id":873336247,"highway":"residential"},"geometry":{"type":"LineString","coordinates":[[85.9750421,20.0318188],[85.9751111,20.0319542],[85.9751469,20.032018],[85.9752049,20.0321281],[85.9752296,20.0321792],[85.9752481,20.0322058],[85.9752617,20.0322186],[85.9752851,20.0322279],[85.975316,20.032229],[85.9753703,20.0322174],[85.9755085,20.0321745],[85.9755468,20.0321707],[85.9755789,20.032178],[85.9756406,20.0322105]]}},{"type":"Feature","properties":{"id":873336249,"highway":"residential"},"geometry":{"type":"LineString","coordinates":[[85.9705909,20.036699],[85.970537,20.0364178],[85.970537,20.0363984],[85.9705439,20.0363812],[85.9705654,20.0363694],[85.970787,20.0362876]]}},{"type":"Feature","properties":{"id":873336250,"highway":"residential"},"geometry":{"type":"LineString","coordinates":[[85.9704113,20.0368208],[85.9704101,20.036742],[85.9704138,20.0367223],[85.9704323,20.0367084],[85.9704631,20.0367014],[85.9705909,20.036699],[85.9707285,20.0367026],[85.9708791,20.036705]]}},{"type":"Feature","properties":{"id":873337481,"highway":"residential"},"geometry":{"type":"LineString","coordinates":[[85.9896686,20.0362906],[85.9900105,20.0362568],[85.9900865,20.0362512],[85.9901464,20.0362568],[85.9901844,20.0362737],[85.9902284,20.0363207],[85.9903658,20.0365118]]}},{"type":"Feature","properties":{"id":873337482,"highway":"residential"},"geometry":{"type":"LineString","coordinates":[[85.9900701,20.0370124],[85.9900369,20.0369784],[85.9900209,20.0369377],[85.989949,20.0366157],[85.989949,20.0365835],[85.9899564,20.0365639],[85.9899788,20.0365513],[85.9900071,20.0365373],[85.9900905,20.0365177],[85.9901382,20.0365135],[85.9901963,20.0365205],[85.9903393,20.036549]]}},{"type":"Feature","properties":{"id":873337483,"highway":"residential"},"geometry":{"type":"LineString","coordinates":[[85.9894576,20.0381751],[85.9894223,20.0379831],[85.9894168,20.0379273],[85.9894223,20.0378889],[85.9894409,20.0378557],[85.9894874,20.0378173],[85.9897344,20.0376184],[85.9897734,20.0375904],[85.9898161,20.0375712],[85.9900709,20.0375051]]}},{"type":"Feature","properties":{"id":873337783,"highway":"unclassified"},"geometry":{"type":"LineString","coordinates":[[85.9907196,20.0761902],[85.990612,20.0761909],[85.9905496,20.0761924],[85.9904496,20.0761963],[85.9902748,20.0762139],[85.9893348,20.0763182],[85.9888371,20.0763982],[85.9888005,20.0764041]]}},{"type":"Feature","properties":{"id":873337785,"highway":"secondary"},"geometry":{"type":"LineString","coordinates":[[85.9914726,20.0814875],[85.9914589,20.0815138],[85.9911494,20.0821067],[85.9908825,20.0825687],[85.9904918,20.0833026],[85.9892917,20.0855562],[85.9888192,20.0864354],[85.9882627,20.0874761],[85.9877445,20.08844],[85.9867885,20.0902156],[85.9864627,20.0908029],[85.9862173,20.091249],[85.9860081,20.0916379],[85.9858848,20.0918832],[85.985766,20.092164],[85.9857048,20.0923315],[85.9856832,20.09255],[85.9856893,20.0926623],[85.9860389,20.0936101]]}},{"type":"Feature","properties":{"id":873337786,"highway":"secondary"},"geometry":{"type":"LineString","coordinates":[[85.9915212,20.0813921],[85.9914726,20.0814875]]}},{"type":"Feature","properties":{"id":873337789,"highway":"unclassified"},"geometry":{"type":"LineString","coordinates":[[85.9888005,20.0764041],[85.9887307,20.076425]]}},{"type":"Feature","properties":{"id":873337790,"highway":"unclassified"},"geometry":{"type":"LineString","coordinates":[[85.9887307,20.076425],[85.9887042,20.0764327],[85.9886523,20.0764269],[85.9886134,20.0764148],[85.98857,20.0763961],[85.9885174,20.0763783],[85.9884473,20.076364],[85.9883788,20.0763654],[85.988311,20.0763775],[85.988247,20.0763826],[85.988164,20.0763818],[85.9880893,20.0763847],[85.9880451,20.0763926],[85.9879834,20.0764283],[85.9878951,20.0765063],[85.9877351,20.0766587],[85.9876338,20.0767453],[85.9875075,20.0768372],[85.9869494,20.0771386]]}},{"type":"Feature","properties":{"id":873339722,"highway":"unclassified"},"geometry":{"type":"LineString","coordinates":[[85.9659292,20.026871],[85.9660053,20.0268239],[85.9660815,20.0267785],[85.9662227,20.0267034],[85.9664716,20.0265795],[85.9665942,20.0265027],[85.9666611,20.0264591],[85.9667465,20.0263893],[85.9667855,20.0263387],[85.9669007,20.0261467],[85.9669434,20.0260961],[85.9669824,20.0260664],[85.9671886,20.02596],[85.9672945,20.0259041],[85.9673539,20.0258692],[85.9675211,20.025747],[85.9676846,20.0256336],[85.967757,20.0255935],[85.9678037,20.0255727],[85.9678815,20.0255512]]}},{"type":"Feature","properties":{"id":873340706,"highway":"residential"},"geometry":{"type":"LineString","coordinates":[[85.9851928,20.0858546],[85.985456,20.0858285],[85.9855638,20.085812],[85.9856507,20.0857882],[85.9857651,20.0857242],[85.986138,20.0854814],[85.9863261,20.0853637],[85.9864068,20.0853218],[85.9864742,20.0853021],[85.9865331,20.0852995],[85.9865749,20.0853173],[85.986611,20.085369],[85.9868845,20.085996],[85.9870793,20.0864908],[85.9871176,20.0866252],[85.9872239,20.0871533],[85.9873243,20.0875857],[85.987401,20.0878296],[85.9874708,20.0879771],[85.9875619,20.0881461],[85.9877445,20.08844]]}},{"type":"Feature","properties":{"id":873340707,"highway":"residential"},"geometry":{"type":"LineString","coordinates":[[85.9903163,20.0885467],[85.9901118,20.0877367],[85.9901137,20.0876698],[85.990128,20.0876332],[85.9901479,20.087594],[85.9901565,20.0875521],[85.9901441,20.0874995],[85.990071,20.0872426],[85.9900321,20.0871392],[85.989995,20.087107],[85.9899608,20.0871008],[85.9899048,20.0871151],[85.9896786,20.0871726],[85.9882627,20.0874761]]}},{"type":"Feature","properties":{"id":873340708,"highway":"unclassified"},"geometry":{"type":"LineString","coordinates":[[85.9856832,20.09255],[85.986529,20.092111],[85.9869282,20.0919002],[85.9872906,20.0917378],[85.9877358,20.0915685],[85.9885949,20.0912851],[85.9887163,20.0912419],[85.988858,20.0911694],[85.9890199,20.0910709],[85.9891339,20.0909914],[85.9893344,20.0908929],[85.9897263,20.0907737],[85.990131,20.0906286],[85.9903702,20.0905353],[85.990602,20.0904679],[85.9908429,20.0903954],[85.9911483,20.0903539],[85.9915641,20.0903349],[85.9924103,20.0903764],[85.9926904,20.0903927],[85.9929128,20.0903793],[85.9932669,20.0903181],[85.9937386,20.0902062],[85.9941436,20.0900347],[85.9948504,20.0896767],[85.9957144,20.089271],[85.9961436,20.0891105],[85.9963443,20.0890277],[85.9965735,20.0888998],[85.9967496,20.0888124],[85.9968458,20.0887792],[85.9969927,20.0887409],[85.9970904,20.0887358],[85.9972165,20.0887445]]}},{"type":"Feature","properties":{"id":873340709,"highway":"residential"},"geometry":{"type":"LineString","coordinates":[[85.9842665,20.0818138],[85.9845022,20.0817515],[85.9846352,20.0817283],[85.9847947,20.0817194],[85.9848868,20.0817149],[85.9849685,20.0817087],[85.9850388,20.0816917],[85.985167,20.0816561]]}},{"type":"Feature","properties":{"id":873340710,"highway":"residential"},"geometry":{"type":"LineString","coordinates":[[85.9841442,20.0826924],[85.9843399,20.0826958],[85.9844631,20.0826964],[85.9845289,20.0826885],[85.9847674,20.0826153]]}},{"type":"Feature","properties":{"id":873340711,"highway":"residential"},"geometry":{"type":"LineString","coordinates":[[85.9911494,20.0821067],[85.9908432,20.0821773],[85.9901747,20.0823869],[85.9895299,20.0825884],[85.9893637,20.0826428],[85.9892431,20.0826741],[85.9891899,20.0826803],[85.9891348,20.0826794],[85.9890636,20.0826669],[85.9889591,20.0826259],[85.9888699,20.0826072],[85.9888129,20.0826027],[85.9887122,20.0826009],[85.9886344,20.082592],[85.9885774,20.0825608],[85.9885252,20.0824992],[85.9884805,20.0824591],[85.9884283,20.0824439],[85.9883637,20.0824591],[85.9882336,20.0825278],[85.9881501,20.0825545],[85.9880067,20.082584],[85.9877816,20.0826419],[85.9871397,20.0828185],[85.9868465,20.0828813],[85.9867127,20.0828991],[85.9866274,20.0828991],[85.9865789,20.0828813],[85.9865327,20.082829],[85.9865174,20.0827623],[85.9864949,20.0826778],[85.98647,20.0826367],[85.986438,20.08261],[85.9863824,20.0825978],[85.9862627,20.082615],[85.9861996,20.0826196],[85.9861299,20.082615],[85.986075,20.0826027],[85.9860061,20.0825865],[85.9859372,20.0825773],[85.9858757,20.0825842],[85.9857698,20.0826096],[85.9856225,20.0826448]]}},{"type":"Feature","properties":{"id":873340712,"highway":"residential"},"geometry":{"type":"LineString","coordinates":[[85.9857698,20.0826096],[85.9856707,20.0819892]]}},{"type":"Feature","properties":{"id":873340713,"highway":"residential"},"geometry":{"type":"LineString","coordinates":[[85.9887042,20.0764327],[85.9888543,20.0766091],[85.9889585,20.076728],[85.9890023,20.0768103],[85.9890153,20.076877],[85.9890177,20.0769526],[85.9889893,20.0770916],[85.9889455,20.0773059],[85.9887983,20.0779365],[85.9887108,20.0783365],[85.9886954,20.0783669],[85.9886607,20.0783936],[85.9885706,20.0784305],[85.9885382,20.0784451],[85.988503,20.0784672],[85.9881395,20.078695],[85.9874228,20.0792596],[85.9873795,20.0792943],[85.9873667,20.0793254],[85.9873706,20.0793673],[85.9874355,20.0795337]]}},{"type":"Feature","properties":{"id":873344024,"highway":"residential"},"geometry":{"type":"LineString","coordinates":[[85.9858186,20.0791265],[85.9857766,20.0791116],[85.9857511,20.0790904],[85.9856619,20.0789368],[85.9856478,20.0789168],[85.9856251,20.0789095],[85.9855947,20.0789162],[85.9852707,20.0790924],[85.985224,20.0791171],[85.9851806,20.0791331],[85.9851431,20.0791399],[85.9850898,20.079143],[85.9850497,20.0791492],[85.9850102,20.0791634],[85.9847084,20.0793172],[85.9846281,20.0793413],[85.9844837,20.0793806],[85.9843676,20.0794092],[85.984294,20.0794285],[85.9841945,20.0794741],[85.9841495,20.0794953],[85.9841127,20.0794991],[85.9840811,20.0794905],[85.9840616,20.0794636],[85.9839298,20.079191],[85.9838889,20.0791113],[85.9838491,20.0790528],[85.9837591,20.0789308],[85.9837244,20.0788828],[85.9837009,20.0788214],[85.983659,20.0787129],[85.9836385,20.0786726],[85.9835976,20.0786314],[85.9835363,20.0785757],[85.9834791,20.0785488],[85.9834086,20.0785392],[85.9833227,20.0785421],[85.9832747,20.0785507],[85.9832103,20.0785555],[85.9831643,20.0785565],[85.9831316,20.0785354],[85.9830417,20.0784087],[85.9829844,20.0783578],[85.9827064,20.0781216]]}},{"type":"Feature","properties":{"id":873344025,"highway":"residential"},"geometry":{"type":"LineString","coordinates":[[85.9864471,20.0787563],[85.9867264,20.079126]]}},{"type":"Feature","properties":{"id":873344027,"highway":"residential"},"geometry":{"type":"LineString","coordinates":[[85.9712646,20.0847795],[85.9713016,20.0847317],[85.9713489,20.0846938],[85.9714167,20.0846559],[85.9715195,20.0846108],[85.9716269,20.0845714],[85.971713,20.0845571],[85.9720901,20.0844827],[85.9724199,20.0844147],[85.9725281,20.0843833],[85.9726423,20.0843468],[85.9726995,20.0843239],[85.9727498,20.0842903],[85.9728889,20.0841395],[85.9730143,20.0840196],[85.9731078,20.0839401],[85.9731782,20.0838893],[85.9732884,20.0838313],[85.973569,20.0837277],[85.9738415,20.083626],[85.9738989,20.083599],[85.9739276,20.0835705],[85.9739358,20.0835428],[85.9739334,20.0835012],[85.973876,20.0833072],[85.9738588,20.0832463],[85.9738547,20.0832025],[85.9738579,20.0831462],[85.9738661,20.083087],[85.9738694,20.0830438],[85.9738653,20.0830107],[85.9738514,20.0829514]]}},{"type":"Feature","properties":{"id":873344028,"highway":"residential"},"geometry":{"type":"LineString","coordinates":[[85.9731576,20.084654],[85.9734688,20.0845109],[85.9740477,20.0842342],[85.9741658,20.0841777],[85.97453,20.0840479],[85.9746576,20.0840117],[85.9747499,20.0839983],[85.9748302,20.0840066],[85.9749017,20.0840293],[85.9749688,20.0840613],[85.975004,20.0841068],[85.9750852,20.0844909],[85.9751056,20.0845876],[85.9751339,20.0847046],[85.9751417,20.0847532],[85.9751381,20.0847824],[85.9751183,20.084815],[85.9750886,20.0848356],[85.974918,20.0849147],[85.9748395,20.084936],[85.9747538,20.0849572],[85.9746894,20.0849712],[85.9746512,20.0849885],[85.9746335,20.0850078],[85.974625,20.085033],[85.9746314,20.0850742],[85.9747509,20.0854364]]}},{"type":"Feature","properties":{"id":873344029,"highway":"residential"},"geometry":{"type":"LineString","coordinates":[[85.9740477,20.0842342],[85.974244,20.0846113]]}},{"type":"Feature","properties":{"id":873344030,"highway":"residential"},"geometry":{"type":"LineString","coordinates":[[85.9746961,20.0845832],[85.9750852,20.0844909]]}},{"type":"Feature","properties":{"id":873344031,"highway":"residential"},"geometry":{"type":"LineString","coordinates":[[85.9748302,20.0840066],[85.9747397,20.0836519],[85.9747287,20.0835723],[85.9747331,20.0835393],[85.9747507,20.0835124],[85.9748046,20.0834959],[85.9752679,20.0834095]]}},{"type":"Feature","properties":{"id":873349368,"highway":"tertiary"},"geometry":{"type":"LineString","coordinates":[[85.9689129,20.0844664],[85.9689565,20.0844456]]}},{"type":"Feature","properties":{"id":873349369,"highway":"unclassified"},"geometry":{"type":"LineString","coordinates":[[85.9715494,20.0849877],[85.9717212,20.0849273],[85.9718229,20.0848989],[85.9721926,20.0848265],[85.9728116,20.0847071],[85.9730854,20.0846555],[85.9731576,20.084654],[85.9732158,20.0846632],[85.9732666,20.0846802],[85.9735118,20.084808],[85.9741266,20.0851229],[85.9746172,20.0853693],[85.9747509,20.0854364],[85.9751269,20.0856573],[85.9756261,20.0859383],[85.9760746,20.0861847],[85.9766395,20.0865112],[85.9773708,20.0869316],[85.9775977,20.0870758],[85.9776529,20.0871411],[85.9777111,20.0872342],[85.9778399,20.0874723],[85.9780314,20.0878554],[85.9784325,20.0887539],[85.9784942,20.0889276],[85.9787761,20.0897203],[85.9788096,20.0898147],[85.9789144,20.0901758],[85.9789843,20.090371],[85.9790837,20.0906336],[85.979676,20.0918913],[85.979947,20.0924424],[85.9800397,20.092688],[85.9801026,20.0929182],[85.9801158,20.0930923],[85.9800893,20.0932509],[85.9800231,20.0933753],[85.9796945,20.0938623],[85.9796505,20.0939643],[85.9796338,20.0940466],[85.9796376,20.0942231],[85.9796491,20.094432],[85.9796108,20.0945725],[85.9794535,20.0948318],[85.9791467,20.0953001],[85.978905,20.0956098],[85.9786442,20.0958476],[85.9784811,20.0959581],[85.9783873,20.0960346],[85.9783355,20.0961783],[85.978296,20.0963174],[85.9782392,20.0964031],[85.9781282,20.0964889],[85.9780368,20.0965445],[85.977948,20.09657],[85.9778221,20.0965654],[85.9777333,20.0965074],[85.9776913,20.0963962],[85.9776617,20.0963174],[85.9776074,20.0962687],[85.9775407,20.096271],[85.9774124,20.0963498],[85.976936,20.0967949],[85.9767534,20.0970151],[85.9767016,20.0971704],[85.9766592,20.0973472],[85.9766196,20.097523],[85.9765766,20.097609],[85.9765287,20.0976634],[85.9764328,20.0977705],[85.9759979,20.09825],[85.9754428,20.0988796],[85.9754251,20.0988982],[85.9754003,20.0989092]]}},{"type":"Feature","properties":{"id":873349370,"highway":"residential"},"geometry":{"type":"LineString","coordinates":[[85.9688952,20.0844752],[85.9689817,20.084519],[85.969145,20.0846137],[85.9695119,20.0848633],[85.96986,20.0851083],[85.9699765,20.0851927],[85.970002,20.0852178],[85.9700041,20.0852389],[85.9699938,20.0852544],[85.9696714,20.08545]]}},{"type":"Feature","properties":{"id":873351030,"highway":"residential"},"geometry":{"type":"LineString","coordinates":[[85.9996636,20.0203347],[85.9998353,20.0203927]]}},{"type":"Feature","properties":{"id":873351031,"highway":"residential"},"geometry":{"type":"LineString","coordinates":[[85.9996276,20.020322],[85.9996636,20.0203347]]}},{"type":"Feature","properties":{"id":873354714,"highway":"residential"},"geometry":{"type":"LineString","coordinates":[[85.9980275,20.0203706],[85.9972751,20.0211193],[85.9972547,20.0211393],[85.9972349,20.0211639],[85.9972215,20.0211875],[85.9972094,20.0212143],[85.997204,20.0212395],[85.9971993,20.0212684],[85.9971946,20.02131],[85.9971967,20.0213444],[85.9971993,20.0213806]]}},{"type":"Feature","properties":{"id":873355169,"highway":"secondary"},"geometry":{"type":"LineString","coordinates":[[85.991412,20.0757151],[85.9913763,20.0757379],[85.9911664,20.0758867],[85.9907196,20.0761902],[85.9906603,20.0762555],[85.9906299,20.0763159],[85.9906104,20.0764431],[85.9906263,20.0765903],[85.9907105,20.0768428],[85.9911512,20.0779053],[85.9912719,20.0781962],[85.991582,20.078944],[85.9916304,20.0790682],[85.9918975,20.0797532],[85.9919516,20.0799353],[85.9919811,20.0801199],[85.9919897,20.0802048],[85.9919866,20.0802879],[85.9919776,20.0803859],[85.9919549,20.0804839],[85.9917083,20.0810209],[85.9915212,20.0813921]]}},{"type":"Feature","properties":{"id":873355170,"highway":"secondary"},"geometry":{"type":"LineString","coordinates":[[85.9915301,20.0756336],[85.991412,20.0757151]]}},{"type":"Feature","properties":{"id":873355171,"highway":"secondary"},"geometry":{"type":"LineString","coordinates":[[85.9932252,20.0745303],[85.9915301,20.0756336]]}},{"type":"Feature","properties":{"id":873355172,"highway":"secondary"},"geometry":{"type":"LineString","coordinates":[[85.99335,20.0744507],[85.9932252,20.0745303]]}},{"type":"Feature","properties":{"id":873355758,"highway":"residential"},"geometry":{"type":"LineString","coordinates":[[85.9967191,20.0216824],[85.9968748,20.0215677],[85.9969351,20.0215236],[85.9970029,20.0214782],[85.9970753,20.0214367],[85.9971993,20.0213806],[85.9975333,20.0212527]]}},{"type":"Feature","properties":{"id":873355761,"highway":"residential"},"geometry":{"type":"LineString","coordinates":[[85.9936199,20.0236619],[85.9937527,20.0238591],[85.9938344,20.0239869]]}},{"type":"Feature","properties":{"id":873362767,"highway":"residential"},"geometry":{"type":"LineString","coordinates":[[85.9488455,20.009577],[85.9488106,20.0095176],[85.9488017,20.0094962],[85.9488031,20.0094762],[85.9488149,20.0094602],[85.948867,20.0094297],[85.9489847,20.0093786],[85.9491026,20.009325],[85.9491667,20.0093069],[85.9492357,20.0093],[85.9493612,20.0093071],[85.9494868,20.009325],[85.9495876,20.0093518],[85.9496465,20.0093679],[85.9496884,20.0093715],[85.9497511,20.0093607],[85.9498158,20.0093393],[85.9499204,20.0092964],[85.9501771,20.0091785],[85.9504016,20.0090677],[85.9505328,20.0090015],[85.9506564,20.0089301],[85.9508504,20.0088139],[85.9511718,20.0086405],[85.9514438,20.0085012],[85.9515332,20.0084601],[85.9516587,20.0084082],[85.9519059,20.0083278],[85.9520524,20.0082742],[85.9523187,20.0081616],[85.9524252,20.0081134],[85.952564,20.0080365],[85.9526838,20.0079775],[85.9528112,20.0079257],[85.9529444,20.007881],[85.9530604,20.0078471],[85.9531269,20.0078417],[85.9532701,20.0078301],[85.9533234,20.0078194],[85.9533919,20.0077943],[85.9534318,20.0077872],[85.953466,20.0077979],[85.9534984,20.0078283],[85.9536391,20.0080392],[85.9539491,20.0085306],[85.9541327,20.0088121],[85.9543126,20.0090911],[85.9543728,20.0092051],[85.9543987,20.009261],[85.9544155,20.0093112],[85.9544246,20.0093642],[85.9544323,20.0094732],[85.9544419,20.0095338],[85.9544546,20.0095972]]}},{"type":"Feature","properties":{"id":873362768,"highway":"residential"},"geometry":{"type":"LineString","coordinates":[[85.953466,20.0077979],[85.9535052,20.0077609],[85.9535585,20.0077234],[85.9537658,20.0076072],[85.9538818,20.0075501],[85.9539521,20.007525],[85.9540396,20.0075125],[85.9541043,20.0075143],[85.9544828,20.0075643],[85.9545265,20.0075786],[85.9545558,20.0076055],[85.9545836,20.0076587],[85.9546121,20.0077288],[85.9548628,20.00832]]}},{"type":"Feature","properties":{"id":873362769,"highway":"residential"},"geometry":{"type":"LineString","coordinates":[[85.9540396,20.0075125],[85.9540447,20.0074178],[85.9540456,20.0073415],[85.9540357,20.0072581],[85.9540166,20.0071848],[85.9539048,20.006769],[85.9538189,20.0064432],[85.9537635,20.0062391]]}},{"type":"Feature","properties":{"id":873362773,"highway":"residential"},"geometry":{"type":"LineString","coordinates":[[85.9563057,20.0116272],[85.9560942,20.0113741],[85.9560835,20.0113426],[85.9560881,20.0113197],[85.9561034,20.0113039],[85.9563399,20.0110989],[85.956349,20.011076],[85.9563444,20.011053],[85.9563229,20.0110277],[85.9561695,20.0108577],[85.9558457,20.0105099],[85.955773,20.0104209],[85.9557334,20.0103505],[85.9556452,20.0101746],[85.9555351,20.0099034],[85.9553412,20.0094543],[85.9551848,20.0090837],[85.9549834,20.0086436],[85.9549522,20.0085695],[85.9549341,20.0085387],[85.9549078,20.0085217],[85.9548816,20.0085186],[85.9548308,20.0085149]]}},{"type":"Feature","properties":{"id":873362774,"highway":"unclassified"},"geometry":{"type":"LineString","coordinates":[[85.9545755,20.012711],[85.9546284,20.0127345]]}},{"type":"Feature","properties":{"id":873362776,"highway":"residential"},"geometry":{"type":"LineString","coordinates":[[85.9524344,20.02519],[85.9527096,20.0252539],[85.9527851,20.0252661],[85.9528553,20.0252661],[85.9529229,20.0252515],[85.9530685,20.0251977],[85.9535495,20.0250389]]}},{"type":"Feature","properties":{"id":873362777,"highway":"residential"},"geometry":{"type":"LineString","coordinates":[[85.9534673,20.0246278],[85.9535495,20.0250389],[85.9535808,20.0251408],[85.9536316,20.0252906],[85.9536678,20.0253746],[85.9537403,20.0255131],[85.9538925,20.0258014],[85.9539191,20.025874],[85.9539263,20.0259603],[85.9539215,20.0260828],[85.9539287,20.0261555],[85.9539457,20.0262417],[85.9539819,20.0263393],[85.9540592,20.0265323],[85.9540882,20.0265845],[85.9541269,20.0266185],[85.9541848,20.0266458],[85.9543145,20.026684]]}},{"type":"Feature","properties":{"id":873362778,"highway":"unclassified"},"geometry":{"type":"LineString","coordinates":[[85.9567895,20.0276063],[85.9568561,20.027589],[85.9569065,20.0275689],[85.9569616,20.0275364],[85.9571532,20.0274133]]}},{"type":"Feature","properties":{"id":873362780,"highway":"unclassified"},"geometry":{"type":"LineString","coordinates":[[85.9571532,20.0274133],[85.9571942,20.027387]]}},{"type":"Feature","properties":{"id":873362781,"highway":"residential"},"geometry":{"type":"LineString","coordinates":[[85.9576052,20.0249509],[85.9575577,20.0249425]]}},{"type":"Feature","properties":{"id":873362782,"highway":"residential"},"geometry":{"type":"LineString","coordinates":[[85.9575577,20.0249425],[85.957538,20.0249419],[85.9574683,20.0249398],[85.9573799,20.0249425],[85.9572018,20.0249524],[85.9571105,20.024949],[85.9568231,20.0249202],[85.9567625,20.0249202],[85.9566615,20.0249413],[85.956565,20.0249772],[85.9557344,20.0252851],[85.9556423,20.0253189],[85.9555952,20.0253589],[85.9555683,20.0254011],[85.9555525,20.0254539],[85.9555548,20.0255572],[85.9555817,20.0258504],[85.9555728,20.0259305],[85.9555458,20.0260697],[85.9555368,20.0261478],[85.9555458,20.026211],[85.955566,20.0262785],[85.9556621,20.0265089]]}},{"type":"Feature","properties":{"id":873369688,"highway":"residential"},"geometry":{"type":"LineString","coordinates":[[85.9543156,20.02323],[85.9544203,20.0233629],[85.9544571,20.0234248],[85.9545482,20.0235978],[85.9545695,20.0236178],[85.9546083,20.0236215],[85.9546471,20.0236051],[85.9546839,20.0236087],[85.9547033,20.0236233],[85.9548467,20.0239474],[85.9548486,20.0239838],[85.9548331,20.0240112],[85.9547982,20.0240403],[85.9547847,20.0240731],[85.9547885,20.0241131],[85.9548525,20.0244737],[85.9548719,20.0245574],[85.9549012,20.0246221],[85.9549339,20.024674],[85.9550055,20.024735],[85.9551484,20.02485],[85.9552052,20.0248943],[85.9552977,20.0249457],[85.9553841,20.0249761],[85.9554634,20.0249897],[85.955566,20.0250066],[85.955607,20.0250281],[85.9556381,20.025059],[85.9557344,20.0252851]]}},{"type":"Feature","properties":{"id":873369689,"highway":"residential"},"geometry":{"type":"LineString","coordinates":[[85.9585735,20.0115657],[85.9585794,20.0115965],[85.958665,20.0120469],[85.9587118,20.0122643],[85.9587197,20.0123669],[85.9587118,20.0124647],[85.958678,20.0125624],[85.9586156,20.0126699],[85.9585324,20.0127725],[85.9584154,20.0128824],[85.958236,20.0130119],[85.9579994,20.0131536],[85.9574949,20.0134639],[85.9571803,20.013674],[85.9570207,20.0137753],[85.9569238,20.0138573],[85.9568404,20.013941],[85.9567532,20.0140521],[85.956728,20.0141031],[85.9567144,20.0141614],[85.9567125,20.014227],[85.9567327,20.0144144],[85.9567435,20.0145147],[85.9568269,20.014979],[85.9569102,20.015387],[85.9569412,20.0155217],[85.9569722,20.0156091],[85.9570575,20.0158021],[85.9570924,20.0159169],[85.9571079,20.0160079],[85.957104,20.0161044],[85.9570788,20.0163102],[85.9570749,20.0164086],[85.9570866,20.0164869],[85.9571253,20.0166271],[85.9571602,20.0167655],[85.9572145,20.0170914],[85.9572377,20.0173081],[85.9572591,20.0174538],[85.9572978,20.0176122],[85.9574122,20.018042],[85.9575033,20.0184517],[85.9575536,20.0187521],[85.957573,20.0188287],[85.9576428,20.0190272],[85.9576874,20.0191947],[85.9577126,20.0193367],[85.9577145,20.0194387],[85.9576932,20.0197829],[85.9576777,20.0202909],[85.9576641,20.02085],[85.9576447,20.0212324],[85.9576195,20.0217459],[85.9576133,20.0219077],[85.9576021,20.0221975],[85.9575959,20.0225609]]}},{"type":"Feature","properties":{"id":873369690,"highway":"unclassified"},"geometry":{"type":"LineString","coordinates":[[85.9548943,20.0071905],[85.9554541,20.0070292],[85.9555064,20.0070292],[85.9555453,20.0070581],[85.9555681,20.0070947],[85.9558666,20.0078853],[85.9561896,20.0088364],[85.956395,20.0094863],[85.9564392,20.0095865],[85.9565225,20.0097356],[85.9565797,20.009826],[85.9566525,20.0098993],[85.9567331,20.009953],[85.9568267,20.0099945],[85.9574013,20.0102438],[85.9579968,20.0105223],[85.9580722,20.0105638],[85.9581476,20.0106249],[85.9582334,20.0107153],[85.9582906,20.0107959],[85.9583556,20.0109303],[85.9583963,20.0110474],[85.9584663,20.011283],[85.9585038,20.0114636],[85.9585159,20.011504],[85.9585353,20.0115411],[85.9585474,20.0115531],[85.9585735,20.0115657],[85.9586152,20.0115558],[85.9586304,20.0115382],[85.9586362,20.0115162],[85.9586409,20.0114404],[85.9586456,20.0113755],[85.9586573,20.0113349],[85.9586807,20.0112975],[85.9587146,20.0112711],[85.9587555,20.0112502],[85.9588269,20.0112239],[85.9589123,20.0111964],[85.9590175,20.0111711],[85.9591965,20.0111371],[85.9593567,20.0111173],[85.9595883,20.0110964],[85.9596526,20.0110832],[85.9597411,20.0110584],[85.9598667,20.0110127],[85.9600597,20.0109537],[85.9602323,20.0108948],[85.9604049,20.0108284],[85.9605399,20.0107606],[85.9606842,20.0106736],[85.9607203,20.0106535],[85.9609918,20.0105026],[85.9614108,20.0102534],[85.9617105,20.0100646],[85.9620563,20.0098267],[85.9623727,20.0096226],[85.9626657,20.0094171],[85.9628247,20.0093198],[85.9631527,20.0091266],[85.9633671,20.0090102],[85.9634575,20.008954],[85.9635974,20.0088499],[85.963768,20.008728],[85.9639998,20.0085649],[85.9641505,20.0084517]]}},{"type":"Feature","properties":{"id":873369691,"highway":"residential"},"geometry":{"type":"LineString","coordinates":[[85.9559578,20.0219142],[85.9561284,20.0221309],[85.9561574,20.0221837],[85.9561904,20.0222511],[85.9562136,20.022293],[85.9562543,20.022344],[85.9563338,20.0224259],[85.9564404,20.0225297],[85.9565257,20.022588],[85.9566923,20.0226808],[85.9567718,20.0227191],[85.9568474,20.0227318],[85.9569307,20.0227245],[85.95714,20.0226918],[85.9575949,20.022619]]}},{"type":"Feature","properties":{"id":873369692,"highway":"residential"},"geometry":{"type":"LineString","coordinates":[[85.9542789,20.0172909],[85.9547378,20.0172419],[85.9548962,20.0172305]]}},{"type":"Feature","properties":{"id":873369693,"highway":"residential"},"geometry":{"type":"LineString","coordinates":[[85.9550993,20.0172246],[85.9551884,20.0172301],[85.9552427,20.0172465],[85.9552873,20.0172829],[85.9553183,20.0173284],[85.9554501,20.0175488],[85.9554888,20.0175943],[85.9555237,20.0176252],[85.9555799,20.0176507],[85.9557388,20.0177035],[85.955795,20.017729],[85.955859,20.0177873],[85.9558978,20.0178419],[85.9559268,20.0179057],[85.955952,20.0180022],[85.9559947,20.0181661],[85.9560218,20.0182298],[85.9561749,20.0185503],[85.9562117,20.0186122],[85.9562408,20.0186432],[85.9562737,20.0186668],[85.9563435,20.0186814],[85.9564269,20.0186942],[85.9564676,20.0187142],[85.9564947,20.0187524],[85.9565354,20.0188999],[85.9565548,20.0189491],[85.9565858,20.0189673],[85.9566304,20.0189728],[85.9567311,20.01896],[85.9570432,20.0189072],[85.9571516,20.0188791],[85.9572732,20.0188384],[85.9575536,20.0187521]]}},{"type":"Feature","properties":{"id":873369694,"highway":"residential"},"geometry":{"type":"LineString","coordinates":[[85.9548962,20.0172305],[85.9550993,20.0172246]]}},{"type":"Feature","properties":{"id":873369695,"highway":"residential"},"geometry":{"type":"LineString","coordinates":[[85.9540657,20.0183523],[85.9544944,20.0183429],[85.9545716,20.0183448],[85.9546175,20.0183586],[85.9546571,20.018386],[85.954678,20.0184213],[85.9546968,20.018482],[85.9547489,20.0188015],[85.954776,20.0189308],[85.9548115,20.019068],[85.9548636,20.0192424],[85.9549429,20.0194698],[85.9549915,20.0196121],[85.9550908,20.0199026]]}},{"type":"Feature","properties":{"id":873369697,"highway":"residential"},"geometry":{"type":"LineString","coordinates":[[85.9565548,20.0189491],[85.9560828,20.0190917],[85.956014,20.0191172],[85.9559806,20.0191505],[85.9559681,20.0192014],[85.9559681,20.01927],[85.9559743,20.0194424],[85.9559681,20.0194953],[85.955941,20.0195736],[85.9558784,20.0197833],[85.9558701,20.0198714],[85.9558701,20.0199282],[85.9558826,20.019985],[85.9559139,20.0200281],[85.9559535,20.0200673],[85.9559859,20.0201054],[85.956015,20.0201709],[85.956046,20.0202856],[85.956077,20.0203657],[85.9562044,20.0206587]]}},{"type":"Feature","properties":{"id":873369698,"highway":"residential"},"geometry":{"type":"LineString","coordinates":[[85.9472519,20.0221252],[85.9476526,20.0220288],[85.947793,20.0219899],[85.9481836,20.0218732],[85.9482862,20.0218411],[85.9483582,20.0218124],[85.9484302,20.0217718],[85.9485814,20.0216602],[85.9487884,20.0214893],[85.9489,20.0214031],[85.948972,20.0213591],[85.9493752,20.0211511],[85.949494,20.0211037],[85.9497316,20.0210175],[85.9502806,20.020823],[85.9505668,20.0207249],[85.9506424,20.0207012],[85.9508063,20.0206623],[85.9514597,20.020505],[85.9517351,20.0204543],[85.9519079,20.0204272],[85.9521851,20.0203934],[85.9522589,20.0203833],[85.9523057,20.0203731],[85.9523543,20.0203494],[85.9524047,20.0202987],[85.9524497,20.0202243],[85.9524695,20.0201702],[85.9524785,20.0201127],[85.9524623,20.0200196],[85.9524317,20.0198319],[85.9524059,20.0196149],[85.9524043,20.0195155],[85.9524198,20.0194244],[85.9524469,20.0193626],[85.9525069,20.0192788],[85.9525748,20.0192115],[85.9528595,20.0189821],[85.9532334,20.0186982],[85.9535124,20.0184961],[85.9536286,20.0184233],[85.9537276,20.0183732],[85.9537996,20.0183392],[85.9538888,20.0183067],[85.9539867,20.0182827]]}},{"type":"Feature","properties":{"id":873369699,"highway":"residential"},"geometry":{"type":"LineString","coordinates":[[85.9539867,20.0182827],[85.9540248,20.0182768]]}},{"type":"Feature","properties":{"id":873369700,"highway":"residential"},"geometry":{"type":"LineString","coordinates":[[85.9540248,20.0182768],[85.9540629,20.0182709]]}},{"type":"Feature","properties":{"id":873369702,"highway":"residential"},"geometry":{"type":"LineString","coordinates":[[85.9585794,20.0115965],[85.9577851,20.0119051],[85.9577336,20.0119376],[85.9576831,20.011995],[85.9576368,20.0120325],[85.9575799,20.0120662],[85.957521,20.0120899],[85.9573198,20.0121569],[85.9572539,20.0121615],[85.9571979,20.0121455],[85.9570686,20.0120882],[85.9570125,20.0120882],[85.9569613,20.0121203],[85.9569159,20.0121942],[85.9568915,20.0122836],[85.956855,20.0125104],[85.956833,20.0126204],[85.9568062,20.0126846],[85.9567501,20.0127579],[85.9566745,20.0128175],[85.9562648,20.0130947],[85.9561478,20.0131818],[85.9560064,20.0133009],[85.9559551,20.0133628],[85.9558064,20.0135621],[85.9557332,20.0136629],[85.9556747,20.0137248],[85.9555991,20.0137775],[85.9554138,20.01386],[85.9553187,20.0139196],[85.9552528,20.0139739],[85.9552092,20.0140113],[85.9551636,20.0140359],[85.9550932,20.014048]]}},{"type":"Feature","properties":{"id":873369703,"highway":"residential"},"geometry":{"type":"LineString","coordinates":[[85.9549117,20.0140479],[85.9548394,20.0140462]]}},{"type":"Feature","properties":{"id":873369704,"highway":"residential"},"geometry":{"type":"LineString","coordinates":[[85.9550932,20.014048],[85.9549117,20.0140479]]}},{"type":"Feature","properties":{"id":873369705,"highway":"residential"},"geometry":{"type":"LineString","coordinates":[[85.9556747,20.0137248],[85.9557871,20.0139707],[85.9558162,20.0140168],[85.9558507,20.0140493],[85.9558998,20.0140732],[85.9559979,20.0140954],[85.9560579,20.0141261],[85.9560888,20.0141483],[85.9561161,20.0141927],[85.9561288,20.0142423],[85.9561433,20.014302],[85.9561742,20.014355],[85.9562106,20.0143908],[85.9562742,20.0144284],[85.9563596,20.014454],[85.9564432,20.0144609],[85.9565087,20.0144575],[85.9567327,20.0144144]]}},{"type":"Feature","properties":{"id":873371403,"highway":"residential"},"geometry":{"type":"LineString","coordinates":[[85.9474139,20.0775182],[85.9471534,20.0776467]]}},{"type":"Feature","properties":{"id":873371404,"highway":"unclassified"},"geometry":{"type":"LineString","coordinates":[[85.9488549,20.080634],[85.9489173,20.0807422]]}},{"type":"Feature","properties":{"id":873371405,"highway":"unclassified"},"geometry":{"type":"LineString","coordinates":[[85.9459019,20.0747315],[85.9459283,20.0748135],[85.9460402,20.075306],[85.9460972,20.0756469],[85.9461373,20.0757827],[85.9462407,20.0760136],[85.9464127,20.0763644],[85.946644,20.0767595],[85.9468801,20.0772207],[85.9471154,20.0775764],[85.9471534,20.0776467],[85.9473475,20.0780065],[85.9479632,20.0790482],[85.9483593,20.079701],[85.9485841,20.0801227],[85.9486877,20.080317],[85.9488549,20.080634]]}},{"type":"Feature","properties":{"id":873371406,"highway":"residential"},"geometry":{"type":"LineString","coordinates":[[85.9456185,20.074284],[85.945672,20.0743943],[85.9457131,20.0744636],[85.9457859,20.0745608],[85.9458545,20.074647],[85.9459019,20.0747315]]}},{"type":"Feature","properties":{"id":873375291,"highway":"unclassified"},"geometry":{"type":"LineString","coordinates":[[85.9642063,20.0084066],[85.9643979,20.0082375],[85.9645583,20.008106],[85.9646253,20.0080608],[85.9647434,20.0079868],[85.9651473,20.0077429],[85.9653019,20.0076635],[85.9654039,20.007621],[85.9654666,20.0076018],[85.9655308,20.0075963],[85.9655803,20.0076032],[85.9656489,20.007621],[85.9657801,20.0076635],[85.9658253,20.0076731],[85.9658865,20.0076744],[85.9660717,20.0076635],[85.9662496,20.0076511],[85.9663393,20.0076471],[85.9664158,20.0076539],[85.966489,20.0076673],[85.9667132,20.0077237],[85.9670442,20.0078128],[85.9673052,20.0078868],[85.9674247,20.0079142],[85.9675662,20.0079443],[85.9677674,20.007984],[85.9678376,20.007997],[85.9680954,20.0080443],[85.9681931,20.0080567],[85.968285,20.0080608],[85.9683726,20.0080553],[85.9684681,20.0080417],[85.9688037,20.0079594],[85.9690517,20.0078929],[85.9695461,20.0077447],[85.9696732,20.0077039],[85.9698369,20.0076399]]}},{"type":"Feature","properties":{"id":873375292,"highway":"unclassified"},"geometry":{"type":"LineString","coordinates":[[85.9641505,20.0084517],[85.9642063,20.0084066]]}},{"type":"Feature","properties":{"id":873375294,"highway":"residential"},"geometry":{"type":"LineString","coordinates":[[85.9662369,20.0072465],[85.9662662,20.0072372],[85.9663035,20.0072308],[85.9663825,20.0072223],[85.9664289,20.0072187],[85.9667309,20.0072169]]}},{"type":"Feature","properties":{"id":873376455,"highway":"residential"},"geometry":{"type":"LineString","coordinates":[[85.9985907,20.0020426],[85.9985425,20.0017527],[85.9985384,20.0015889],[85.9985371,20.0014011],[85.9985472,20.0013438],[85.9985673,20.0012928]]}},{"type":"Feature","properties":{"id":873378331,"highway":"residential"},"geometry":{"type":"LineString","coordinates":[[85.9849707,20.0753703],[85.9850479,20.075315],[85.9850947,20.075271],[85.9852323,20.0751324]]}},{"type":"Feature","properties":{"id":873378332,"highway":"residential"},"geometry":{"type":"LineString","coordinates":[[85.983109,20.0733707],[85.9831613,20.0734853],[85.9831747,20.0735382],[85.9831747,20.0736364],[85.9831654,20.0736616],[85.9831452,20.0736843],[85.9830777,20.073731]]}},{"type":"Feature","properties":{"id":873378333,"highway":"residential"},"geometry":{"type":"LineString","coordinates":[[85.9822377,20.072213],[85.9823376,20.0723008],[85.9823667,20.0723374],[85.9823879,20.0723713],[85.982407,20.0724012],[85.9824254,20.0724245],[85.9824502,20.0724364],[85.9824877,20.0724338],[85.98263,20.0724005],[85.9827121,20.0723799]]}},{"type":"Feature","properties":{"id":873378336,"highway":"residential"},"geometry":{"type":"LineString","coordinates":[[85.988615,20.0787401],[85.9886454,20.0786019],[85.9886954,20.0783669]]}},{"type":"Feature","properties":{"id":873378337,"highway":"residential"},"geometry":{"type":"LineString","coordinates":[[85.988621,20.0780741],[85.9883796,20.0781887],[85.9883594,20.0782126],[85.9883501,20.0782517],[85.9883501,20.0782769],[85.9883648,20.0782995],[85.988503,20.0784672]]}},{"type":"Feature","properties":{"id":873378341,"highway":"residential"},"geometry":{"type":"LineString","coordinates":[[85.9588849,20.0790445],[85.9587473,20.0788066]]}},{"type":"Feature","properties":{"id":873378342,"highway":"residential"},"geometry":{"type":"LineString","coordinates":[[85.9589717,20.0793792],[85.959053,20.0795511],[85.9590734,20.0795862],[85.9591505,20.0796742]]}},{"type":"Feature","properties":{"id":873378343,"highway":"residential"},"geometry":{"type":"LineString","coordinates":[[85.9594278,20.0789929],[85.9594897,20.0790938],[85.9595083,20.079107],[85.9595504,20.0791124],[85.9596683,20.0791201],[85.9597045,20.0791322],[85.9597313,20.0791618],[85.9598412,20.0792737]]}},{"type":"Feature","properties":{"id":873378344,"highway":"residential"},"geometry":{"type":"LineString","coordinates":[[85.9588189,20.0820581],[85.9588337,20.0819145],[85.958831,20.0818818],[85.9588122,20.0817899],[85.9588122,20.0817659],[85.9588322,20.0816885]]}},{"type":"Feature","properties":{"id":873378345,"highway":"residential"},"geometry":{"type":"LineString","coordinates":[[85.9582704,20.0827698],[85.9582034,20.0825998],[85.95819,20.0825834],[85.9581645,20.0825746],[85.958135,20.0825783],[85.9580163,20.0826114]]}},{"type":"Feature","properties":{"id":873378346,"highway":"tertiary"},"geometry":{"type":"LineString","coordinates":[[85.9640895,20.0788128],[85.9641398,20.0788953]]}},{"type":"Feature","properties":{"id":873378347,"highway":"tertiary"},"geometry":{"type":"LineString","coordinates":[[85.9627182,20.0776518],[85.9628435,20.0777831],[85.9629427,20.0778683],[85.96307,20.0779589],[85.9632587,20.0780916],[85.9635292,20.0782744],[85.9637385,20.0784467],[85.9639289,20.0786244],[85.9640895,20.0788128]]}},{"type":"Feature","properties":{"id":873378348,"highway":"residential"},"geometry":{"type":"LineString","coordinates":[[85.9684266,20.0861693],[85.9685929,20.0863406],[85.9687458,20.0864855],[85.9688142,20.086556],[85.9688276,20.0865761],[85.9688209,20.0865963],[85.9688021,20.0866177],[85.9686278,20.0867663],[85.968609,20.0867928],[85.9685634,20.0868621],[85.9685339,20.0868898],[85.9684904,20.0869155],[85.9682763,20.0870335]]}},{"type":"Feature","properties":{"id":873378349,"highway":"unclassified"},"geometry":{"type":"LineString","coordinates":[[85.9784942,20.0889276],[85.9783368,20.0889902],[85.9782551,20.089025],[85.9781906,20.0890411],[85.9781127,20.0890473],[85.9779987,20.0890393],[85.9778231,20.0890197],[85.9776683,20.0890125],[85.97756,20.0890125],[85.9774478,20.0890252],[85.9774176,20.0890286],[85.977258,20.0890562],[85.9771099,20.0890928],[85.9769731,20.0891383],[85.9768127,20.0892087],[85.9767139,20.0892533],[85.9766275,20.0892845],[85.9765696,20.0893024],[85.976485,20.089306],[85.9763958,20.0893104],[85.976279,20.0893345],[85.9760235,20.0894121],[85.9757662,20.0894843],[85.9755307,20.0895503],[85.9754148,20.0895949],[85.9753132,20.0896449],[85.9751641,20.0897403],[85.9748372,20.0899574]]}},{"type":"Feature","properties":{"id":873378602,"highway":"residential"},"geometry":{"type":"LineString","coordinates":[[85.9604996,20.0175808],[85.9605506,20.0177843],[85.9605541,20.0178372],[85.9605471,20.0178769],[85.9605172,20.0179282],[85.9604256,20.0180175],[85.9604063,20.018049],[85.9603957,20.0180936],[85.9603939,20.0181615],[85.960401,20.0182359],[85.9604404,20.018389],[85.9604978,20.0185717],[85.9606076,20.0188695],[85.9606228,20.0189108],[85.960677,20.0190439],[85.9607066,20.0191166],[85.960732,20.0191788],[85.9607689,20.0192516],[85.96082,20.0193276],[85.9608798,20.0194087],[85.9609291,20.0194931],[85.960968,20.0195803],[85.9610571,20.0197961]]}},{"type":"Feature","properties":{"id":873378608,"highway":"residential"},"geometry":{"type":"LineString","coordinates":[[85.9605996,20.0204701],[85.9606539,20.0204697],[85.960719,20.0204598],[85.960791,20.0204408],[85.9609708,20.0203787],[85.9610218,20.0203523],[85.9610641,20.0203175],[85.9611032,20.0202725],[85.9611134,20.0202324],[85.9611169,20.0201835],[85.9611097,20.0201319],[85.9610972,20.0200828],[85.9610747,20.0200156],[85.9609935,20.0198183]]}},{"type":"Feature","properties":{"id":873378613,"highway":"unclassified"},"geometry":{"type":"LineString","coordinates":[[85.966258,20.0186536],[85.9663055,20.0186592]]}},{"type":"Feature","properties":{"id":873378615,"highway":"residential"},"geometry":{"type":"LineString","coordinates":[[85.9575959,20.0225609],[85.9575954,20.0225899]]}},{"type":"Feature","properties":{"id":873378616,"highway":"residential"},"geometry":{"type":"LineString","coordinates":[[85.9575954,20.0225899],[85.9575949,20.022619],[85.9575944,20.0228174],[85.9575918,20.023358],[85.9576079,20.0238523],[85.9576151,20.0242057],[85.9576157,20.0243558],[85.9576106,20.0245157],[85.9576016,20.0246417],[85.9575865,20.0247384],[85.9575725,20.0248177],[85.957538,20.0249419]]}},{"type":"Feature","properties":{"id":873378617,"highway":"unclassified"},"geometry":{"type":"LineString","coordinates":[[85.9577022,20.0225539],[85.9577032,20.0222416],[85.9577071,20.0220948],[85.9577203,20.0219827],[85.9577321,20.0219383],[85.9577491,20.0219099],[85.9577793,20.0218742],[85.9578594,20.0217866],[85.9578895,20.0217496],[85.9579158,20.0217065],[85.9579853,20.0215943],[85.9580116,20.0215647],[85.9580483,20.0215388],[85.958131,20.0214981],[85.9583514,20.0214019],[85.9584,20.0213761],[85.9584472,20.021344],[85.9587084,20.0211221],[85.958753,20.0210777],[85.9588134,20.0210062],[85.9589406,20.020836],[85.9590089,20.0207559],[85.9590509,20.0207127],[85.9591296,20.0206449],[85.9592005,20.0205907],[85.9592569,20.0205562],[85.9592858,20.0205475],[85.9593106,20.0205417],[85.9593352,20.0205376],[85.9593894,20.0205352],[85.9595534,20.0205414],[85.9597394,20.0205527],[85.960123,20.0205759],[85.9602345,20.0205722],[85.9603644,20.0205623],[85.960434,20.02055],[85.960493,20.0205315],[85.9605783,20.020493],[85.9605996,20.0204701],[85.9606069,20.0204395],[85.9606011,20.0204073],[85.9605692,20.020333],[85.9605114,20.0201788],[85.960481,20.0200531],[85.960481,20.0200132],[85.9604977,20.0199932],[85.9605342,20.019976],[85.9609935,20.0198183],[85.9610571,20.0197961],[85.9611224,20.0197804],[85.9612191,20.0197675],[85.9614249,20.0197547],[85.9615538,20.0197401],[85.9617532,20.019709],[85.9618672,20.0196975],[85.9619386,20.0196961],[85.9620116,20.0196961],[85.9620587,20.019699],[85.9621271,20.019709],[85.9623262,20.0197532],[85.962498,20.0197832],[85.9626241,20.0197947],[85.9627366,20.0197932],[85.9629327,20.0197732],[85.9630695,20.0197604],[85.96315,20.0197561],[85.9632397,20.019769],[85.963378,20.0197875],[85.9634403,20.0197861],[85.9635422,20.0197661],[85.9636911,20.019719],[85.9640924,20.0195847],[85.9644328,20.0194719],[85.9647338,20.0193905],[85.9648645,20.0193434],[85.9649618,20.0193034],[85.9650302,20.019272],[85.9650773,20.0192406],[85.9652126,20.0191277],[85.9653737,20.0190035],[85.9656002,20.0188507],[85.9658038,20.0187336],[85.9658768,20.0186993],[85.9659589,20.0186722],[85.9660425,20.0186565],[85.9661002,20.0186507],[85.9661808,20.0186493],[85.966258,20.0186536]]}},{"type":"Feature","properties":{"id":873378618,"highway":"unclassified"},"geometry":{"type":"LineString","coordinates":[[85.9577021,20.0225906],[85.9577022,20.0225539]]}},{"type":"Feature","properties":{"id":873380444,"highway":"residential"},"geometry":{"type":"LineString","coordinates":[[85.9956382,20.071662],[85.9961158,20.071471],[85.9961829,20.0714611],[85.9962882,20.0714622]]}},{"type":"Feature","properties":{"id":873380446,"highway":"residential"},"geometry":{"type":"LineString","coordinates":[[85.9955621,20.0723523],[85.9957038,20.0726592],[85.9957442,20.0727467],[85.9957741,20.0727816],[85.9958185,20.0727904],[85.9958711,20.072771],[85.9959258,20.0727545],[85.995965,20.0727545],[85.9959929,20.072769],[85.9960104,20.0727991],[85.9960455,20.0729135]]}},{"type":"Feature","properties":{"id":873380447,"highway":"residential"},"geometry":{"type":"LineString","coordinates":[[85.9957038,20.0726592],[85.99614,20.0724895]]}},{"type":"Feature","properties":{"id":873380449,"highway":"residential"},"geometry":{"type":"LineString","coordinates":[[85.9967538,20.0708967],[85.997,20.0712075],[85.9970619,20.0712856],[85.9971252,20.0713764],[85.9971596,20.0714505],[85.9973816,20.0721633],[85.997495,20.0725275]]}},{"type":"Feature","properties":{"id":873380452,"highway":"residential"},"geometry":{"type":"LineString","coordinates":[[85.9976629,20.0720605],[85.9977504,20.0723476],[85.9977637,20.0723866],[85.9977792,20.0724081],[85.9977984,20.0724181],[85.9978181,20.0724186],[85.9978703,20.0724081],[85.9981312,20.0723094]]}},{"type":"Feature","properties":{"id":873381312,"highway":"unclassified"},"geometry":{"type":"LineString","coordinates":[[85.9678815,20.0255512],[85.9679571,20.0255415]]}},{"type":"Feature","properties":{"id":873381313,"highway":"unclassified"},"geometry":{"type":"LineString","coordinates":[[85.9679571,20.0255415],[85.9680524,20.0255236],[85.9681061,20.0255103],[85.9682047,20.0254783],[85.9684855,20.0253699],[85.9688264,20.0252491],[85.9692597,20.0251119],[85.9696224,20.0250142],[85.9697126,20.024993],[85.969796,20.0249771],[85.9698371,20.0249737],[85.9699587,20.0249672],[85.9700783,20.0249672],[85.9701077,20.0249728],[85.9701273,20.0249875],[85.9701548,20.0250197],[85.9703283,20.0252813],[85.9703445,20.0253044],[85.9703574,20.0253198],[85.9703742,20.0253346],[85.9703952,20.0253423],[85.9704181,20.0253445],[85.9704589,20.0253425],[85.9704842,20.0253511],[85.9705052,20.0253651],[85.9705177,20.0253816],[85.9706519,20.025582],[85.9706776,20.0256095],[85.9707081,20.0256221],[85.9707338,20.025621],[85.9707961,20.0255992],[85.9708303,20.0255957],[85.9708719,20.0256049],[85.9709305,20.0256382],[85.9710056,20.0256814],[85.9710821,20.0257255],[85.9711041,20.0257312],[85.9711285,20.0257335],[85.9711517,20.0257301],[85.9711737,20.0257255],[85.9712129,20.025706],[85.9712625,20.0256762],[85.9712882,20.0256668],[85.9713079,20.0256638],[85.9713271,20.025673],[85.9713472,20.0256895],[85.9713659,20.0257091],[85.9713783,20.0257272],[85.9713864,20.0257443],[85.9713965,20.0257705],[85.9714045,20.0258029],[85.9714272,20.0259],[85.9714397,20.025947],[85.9714647,20.0260078],[85.9715272,20.0261187],[85.9716044,20.0262372],[85.9716737,20.0263236],[85.9717566,20.0264153],[85.9718962,20.0265412],[85.9721904,20.0268112],[85.9725163,20.0271195],[85.9727956,20.027398],[85.9730954,20.0276999],[85.9732805,20.0278802],[85.9733305,20.0279208],[85.9734452,20.0280029],[85.973645,20.0281384],[85.973737,20.0282067],[85.9738074,20.0282664],[85.9739107,20.0283785],[85.9740551,20.0285662],[85.9743008,20.0288936],[85.9744859,20.0291593],[85.9745206,20.0292139],[85.9747232,20.0295327],[85.9748674,20.0297759],[85.974922,20.0298839],[85.9749883,20.0300285],[85.9750735,20.030262],[85.975109,20.0303933],[85.9751226,20.0304856],[85.9751256,20.0305712],[85.9751114,20.030698],[85.9751138,20.0308181],[85.9751422,20.0310628],[85.9751456,20.0311779],[85.9751368,20.0313639],[85.9750917,20.0317297],[85.9750884,20.0317566],[85.9750749,20.0317911],[85.9750421,20.0318188],[85.9750077,20.0318388],[85.9747863,20.0319251],[85.9747404,20.0319544],[85.9747142,20.0319867],[85.9746847,20.0320437],[85.9746256,20.0321962],[85.974601,20.0322332],[85.9745666,20.0322609],[85.9745059,20.032284],[85.9742747,20.0323657],[85.9742206,20.0323919],[85.9741698,20.0324319],[85.9741173,20.0324905],[85.9740599,20.0325798],[85.973937,20.0328078],[85.973896,20.0328556],[85.9737894,20.032968],[85.9735631,20.033176],[85.9732549,20.0334687],[85.9731303,20.0336158],[85.9730754,20.0336888],[85.9730145,20.0337833],[85.9729368,20.0339236],[85.9728819,20.0340023],[85.9727296,20.0341984],[85.9725041,20.0344574],[85.972405,20.0345634],[85.9723334,20.0346378],[85.9722679,20.034695],[85.9721735,20.0347709],[85.9720607,20.0348539],[85.9719906,20.0349083],[85.971849,20.0350214],[85.971748,20.0351027],[85.9716195,20.0351922],[85.9714244,20.0353201],[85.9711259,20.035508],[85.9709898,20.0355989],[85.9709242,20.0356513],[85.9708783,20.0357083],[85.9708472,20.035773],[85.9708242,20.0358454],[85.9707996,20.0359902],[85.9707816,20.0361658],[85.9707816,20.0362459],[85.970787,20.0362876],[85.970798,20.0363722],[85.9708791,20.036705],[85.9709275,20.0369037],[85.9710472,20.0374474],[85.9710578,20.0375012],[85.9710948,20.0376893],[85.9711292,20.0378757],[85.9711653,20.038022],[85.9712489,20.038307],[85.9712975,20.0384564],[85.9713374,20.0385612],[85.9714522,20.0388045],[85.9714998,20.0389001],[85.9715555,20.038994],[85.9716129,20.0390803],[85.9716442,20.0391234],[85.9717315,20.0392434],[85.9718458,20.0394007],[85.971995,20.0396056],[85.9720715,20.0396877],[85.9721055,20.0397117],[85.9721523,20.0397305],[85.9721897,20.0397301],[85.9722445,20.0397108],[85.9722782,20.0396944],[85.9726222,20.0394896],[85.9730256,20.0392529],[85.973119,20.0392183],[85.9731853,20.0392039],[85.9732592,20.0391997],[85.9733116,20.0392023],[85.9733767,20.0392143],[85.9734036,20.0392249],[85.9734236,20.0392403],[85.9734472,20.0392673],[85.9734644,20.0392914],[85.9735112,20.0393925],[85.9735353,20.039452],[85.9735791,20.0395601],[85.9736018,20.0396292],[85.9736159,20.0396944],[85.9736428,20.0398433],[85.9737037,20.0403008],[85.973715,20.0404205],[85.9737277,20.0404843],[85.9737603,20.0405429],[85.973824,20.0406054],[85.9738792,20.0406466],[85.9739712,20.0407051],[85.9740901,20.0407596],[85.9742858,20.040854],[85.9744592,20.0409414],[85.9745053,20.0409604],[85.9745361,20.04097]]}},{"type":"Feature","properties":{"id":873381314,"highway":"unclassified"},"geometry":{"type":"LineString","coordinates":[[85.9524027,20.0252145],[85.9523644,20.0252331]]}},{"type":"Feature","properties":{"id":873381315,"highway":"unclassified"},"geometry":{"type":"LineString","coordinates":[[85.9523644,20.0252331],[85.9523332,20.025248]]}},{"type":"Feature","properties":{"id":873381317,"highway":"unclassified"},"geometry":{"type":"LineString","coordinates":[[85.9548897,20.0266001],[85.9550306,20.0265803]]}},{"type":"Feature","properties":{"id":873383842,"highway":"residential"},"geometry":{"type":"LineString","coordinates":[[85.9576525,20.0249633],[85.9576052,20.0249509]]}},{"type":"Feature","properties":{"id":873383843,"highway":"unclassified"},"geometry":{"type":"LineString","coordinates":[[85.9546284,20.0127345],[85.9546571,20.0127661]]}},{"type":"Feature","properties":{"id":873383844,"highway":"unclassified"},"geometry":{"type":"LineString","coordinates":[[85.9546571,20.0127661],[85.9546746,20.0128001],[85.9546883,20.0128599],[85.9547482,20.0132197],[85.9548438,20.0138564],[85.9548488,20.0139193],[85.9548472,20.0139822],[85.9548394,20.0140462],[85.9547792,20.0145417],[85.9547002,20.0149992],[85.9545917,20.0156056],[85.9545174,20.0160757],[85.9544814,20.0163296],[85.9544454,20.0165377],[85.9544127,20.0166898],[85.9543023,20.0171913],[85.9542848,20.0172661],[85.9542789,20.0172909],[85.9541467,20.0178548],[85.954088,20.01811],[85.9540734,20.0181786],[85.9540629,20.0182709],[85.9540657,20.0183523],[85.9540692,20.0183922],[85.9541818,20.0189057],[85.9542899,20.0193347],[85.9543962,20.0197976],[85.9545709,20.0205099],[85.9546051,20.0206689],[85.9546087,20.0207146],[85.9545997,20.0207637],[85.9545763,20.0208195],[85.9543836,20.0211545],[85.9543458,20.0212087],[85.9542666,20.0213203],[85.9541999,20.021388],[85.953982,20.0216198],[85.9536741,20.0219396],[85.9536003,20.022031],[85.9534166,20.0222881],[85.9532527,20.0225318],[85.9531573,20.0226976],[85.9531123,20.0227974],[85.953006,20.0230986],[85.9529124,20.0234099],[85.9527773,20.0238718],[85.9526927,20.0241933],[85.9525809,20.0245789],[85.9524788,20.0249044],[85.9524588,20.0249877],[85.952447,20.0250836],[85.9524416,20.0251587],[85.9524344,20.02519],[85.9524027,20.0252145]]}},{"type":"Feature","properties":{"id":873386315,"highway":"unclassified"},"geometry":{"type":"LineString","coordinates":[[85.9663055,20.0186592],[85.9663981,20.0186736],[85.9665258,20.0187007],[85.9667188,20.0187536],[85.9669788,20.0188435],[85.9671338,20.0189021],[85.9672022,20.0189349],[85.9672706,20.0189806],[85.9673633,20.0190549],[85.9674606,20.0191463],[85.9675487,20.0192477],[85.9676034,20.019322],[85.9676475,20.0194076],[85.9677828,20.0196961],[85.9678223,20.0197675],[85.9678558,20.0198104],[85.9679059,20.0198589],[85.9679865,20.0199203],[85.9680716,20.0199689],[85.9681415,20.0199932],[85.9682509,20.020016],[85.9683543,20.0200232],[85.968457,20.020016],[85.9685449,20.020002],[85.9686104,20.0199838],[85.9686745,20.0199572],[85.968752,20.0199124],[85.9689278,20.0197976],[85.9690351,20.019715],[85.9691558,20.0196114],[85.9692035,20.0195596],[85.9692735,20.0194616],[85.9693376,20.0193692],[85.9693942,20.0192978],[85.9694464,20.0192474],[85.9695149,20.0191942],[85.9695984,20.0191396],[85.9696803,20.0190976],[85.9697653,20.0190696],[85.9698726,20.0190472],[85.969959,20.019036],[85.9700857,20.0190276],[85.9701885,20.019029],[85.970256,20.0190383],[85.9703139,20.0190565],[85.970351,20.0190739],[85.9706206,20.019239],[85.9707373,20.0193074],[85.9707678,20.0193196],[85.9707963,20.0193197],[85.9708297,20.0193102],[85.970854,20.019293],[85.9709672,20.0191966],[85.9710757,20.0190851],[85.9712149,20.0189286],[85.971302,20.0188307],[85.971415,20.0187183],[85.9715249,20.0186138],[85.9715834,20.0185573],[85.9716411,20.0185061],[85.9718016,20.0183693],[85.9719162,20.018273],[85.972052,20.0181694],[85.972157,20.0180959],[85.9723187,20.0179964],[85.9723937,20.0179524],[85.9724532,20.0179105],[85.9725177,20.0178591],[85.9726068,20.0177793],[85.9727247,20.0176671],[85.9727477,20.0176438],[85.9728293,20.0175612],[85.9729094,20.0174803],[85.9730039,20.0173712],[85.9731774,20.0171749],[85.9734501,20.0168869],[85.9735089,20.0168221],[85.9735407,20.0167796],[85.9735547,20.0167582],[85.9735726,20.0167309],[85.973624,20.0166282],[85.9736981,20.0164541],[85.9738227,20.0161147],[85.9738351,20.0160663],[85.9738445,20.0159706],[85.9738449,20.0159019],[85.9738298,20.0157592],[85.9738236,20.0156854],[85.9738276,20.0155924]]}},{"type":"Feature","properties":{"id":873386318,"highway":"unclassified"},"geometry":{"type":"LineString","coordinates":[[85.9361293,20.0189331],[85.9361813,20.0185821],[85.9361907,20.018491],[85.9361884,20.0184399],[85.9361718,20.0183666],[85.9361364,20.0183133],[85.9360725,20.0182644],[85.9359567,20.0181933],[85.9359283,20.0181533],[85.9359212,20.0181045],[85.9359307,20.0180156],[85.9359259,20.0179534],[85.9358999,20.0179068],[85.9358526,20.0178401],[85.9358314,20.017789],[85.9358148,20.0177135],[85.9357983,20.017578],[85.9357935,20.0174291],[85.9358006,20.0172403],[85.9358172,20.0170804],[85.9358314,20.0170137],[85.9358621,20.0169604],[85.935907,20.0169249],[85.9363137,20.0167005],[85.9363941,20.0166649],[85.9364886,20.0166361],[85.9365738,20.0166272],[85.9366754,20.0166272],[85.9368078,20.0166383],[85.9369717,20.0166696],[85.9374819,20.0168175],[85.9376431,20.0168532],[85.9377569,20.0168745],[85.9378613,20.0168817],[85.9380623,20.0168835],[85.9385023,20.0168603],[85.9386939,20.0168407],[85.9390144,20.0168193],[85.9391472,20.0168229],[85.9392572,20.0168371],[85.9393653,20.0168621],[85.939737,20.016969],[85.9399513,20.0170171],[85.9401296,20.0170438],[85.9403117,20.0170599],[85.9404274,20.0170545],[85.9405165,20.0170438],[85.9410248,20.0169726],[85.9414553,20.0169031],[85.9416962,20.0168585],[85.9418062,20.0168336],[85.9418972,20.0167997],[85.9420433,20.0167373],[85.9424454,20.0165431],[85.9427899,20.0163967],[85.9428228,20.0163827],[85.9432742,20.0161956],[85.9434506,20.0161207],[85.9435852,20.0160512],[85.943919,20.0158516],[85.9441713,20.0156984],[85.9444216,20.0155327],[85.9446909,20.0153366],[85.9448484,20.0152351],[85.945002,20.0151477],[85.9451329,20.0150854],[85.9455179,20.0149036],[85.9456347,20.0148359],[85.9458479,20.0146719],[85.946121,20.0144403],[85.9462139,20.0143743],[85.9463163,20.0143102],[85.9464472,20.0142353],[85.9465954,20.0141762],[85.9468493,20.014118],[85.9471632,20.0140522],[85.9475371,20.0139564],[85.9481729,20.0138136],[85.9485428,20.0137629],[85.9489146,20.0137216],[85.9491506,20.0137122],[85.9492925,20.013699],[85.9494225,20.0136746],[85.9498843,20.0135844],[85.9504621,20.0135093],[85.950774,20.0134698],[85.9511379,20.0134191],[85.9515678,20.0133722],[85.9516877,20.0133571],[85.9518297,20.0133271],[85.9524735,20.0131542],[85.9527094,20.013081],[85.9532132,20.0129138],[85.9532852,20.0128969],[85.9534471,20.0128649],[85.9544638,20.0127407],[85.954526,20.0127334],[85.9545755,20.012711],[85.9545881,20.0126669],[85.9545794,20.0125637],[85.9545496,20.012117],[85.9545064,20.0116521],[85.954487,20.0114435],[85.9544825,20.0113665],[85.9544885,20.011148],[85.9544885,20.0108078],[85.9544766,20.0106117],[85.9544587,20.0102519],[85.9544423,20.0099382],[85.9544368,20.0097631],[85.9544384,20.0096647],[85.9544546,20.0095972],[85.9544848,20.0095203],[85.9545079,20.0094528],[85.9545878,20.0091944],[85.9546213,20.0091176],[85.9547532,20.0087685],[85.954807,20.0086052],[85.9548308,20.0085149],[85.9548405,20.0084711],[85.954851,20.008389],[85.9548628,20.00832],[85.9548917,20.008273],[85.9549311,20.0082359]]}},{"type":"Feature","properties":{"id":873419928,"highway":"tertiary"},"geometry":{"type":"LineString","coordinates":[[85.9151778,20.0059378],[85.9151776,20.0059913]]}},{"type":"Feature","properties":{"id":873419930,"highway":"tertiary"},"geometry":{"type":"LineString","coordinates":[[85.9161091,20.0044561],[85.9160301,20.0044851]]}},{"type":"Feature","properties":{"id":873419931,"highway":"tertiary"},"geometry":{"type":"LineString","coordinates":[[85.9160301,20.0044851],[85.9157917,20.0045529],[85.9157382,20.0045759],[85.9156898,20.0046088],[85.9156703,20.0046418],[85.9156579,20.0046891],[85.9156526,20.0047372],[85.9156473,20.0047926],[85.9156271,20.0048774],[85.9155994,20.0049368],[85.9155531,20.0049853],[85.9154827,20.0050343],[85.9153007,20.0051402],[85.915262,20.0051703],[85.915237,20.0051974],[85.9152208,20.0052318],[85.9152127,20.0052757],[85.9151866,20.0055713],[85.915177,20.0057763],[85.9151778,20.0059378]]}},{"type":"Feature","properties":{"id":873445911,"highway":"residential"},"geometry":{"type":"LineString","coordinates":[[85.9181585,20.0076669],[85.9182657,20.007531],[85.9183022,20.0074953],[85.9183353,20.0074735],[85.9183899,20.0074548],[85.9188204,20.0073708],[85.9189715,20.0073391],[85.9190573,20.0073135],[85.9191973,20.0072571],[85.9192488,20.0072329],[85.9192788,20.0072088],[85.9192931,20.0071859],[85.9192988,20.0071591],[85.919296,20.0071336],[85.9191773,20.0066352],[85.9191473,20.0064808],[85.9191487,20.0064593],[85.9191573,20.0064378],[85.9191745,20.0064244],[85.9192102,20.0064136],[85.9194403,20.0063612],[85.9194632,20.0063478],[85.9194747,20.006333],[85.9194804,20.0063129],[85.9194789,20.0062793],[85.9193513,20.0057771],[85.9193405,20.0057529],[85.9193176,20.0057436],[85.9192834,20.0057411],[85.9186857,20.0057693],[85.9186178,20.0057693],[85.9185781,20.00576],[85.9185499,20.0057475],[85.9185317,20.0057148],[85.9185201,20.0056604],[85.9184821,20.0052699],[85.9184754,20.0052061],[85.9184672,20.0051594],[85.9184384,20.005056],[85.9184084,20.0049423],[85.9184055,20.0049169],[85.9184053,20.0048927],[85.9184109,20.0048576],[85.91842,20.004838],[85.9184332,20.004821],[85.9184674,20.0048044],[85.9184917,20.0047978],[85.9185173,20.004795],[85.9185681,20.0047945],[85.9185922,20.0047904],[85.9185998,20.0047725]]}},{"type":"Feature","properties":{"id":873445912,"highway":"residential"},"geometry":{"type":"LineString","coordinates":[[85.9186044,20.0047523],[85.9186088,20.0047262],[85.9186307,20.0045689]]}},{"type":"Feature","properties":{"id":873445913,"highway":"residential"},"geometry":{"type":"LineString","coordinates":[[85.9185998,20.0047725],[85.9186044,20.0047523]]}},{"type":"Feature","properties":{"id":873445914,"highway":"residential"},"geometry":{"type":"LineString","coordinates":[[85.9195655,20.0048447],[85.9195583,20.004868],[85.919537,20.0048697],[85.9194747,20.0048635],[85.91939,20.0048559],[85.9188683,20.0048134],[85.9185922,20.0047904]]}},{"type":"Feature","properties":{"id":873466415,"highway":"residential"},"geometry":{"type":"LineString","coordinates":[[85.9202648,20.0024305],[85.92041,20.0031104],[85.9204629,20.0033871],[85.9205015,20.0035469],[85.9205404,20.0036746],[85.9205958,20.0038411],[85.9206841,20.0041276]]}},{"type":"Feature","properties":{"id":873466419,"highway":"residential"},"geometry":{"type":"LineString","coordinates":[[85.9194747,20.0048635],[85.919467,20.00515],[85.9194648,20.005262],[85.9194609,20.005357],[85.9194566,20.005429],[85.9194478,20.0054819],[85.919431,20.0055272],[85.9194273,20.0055639],[85.9194273,20.0055994],[85.9194273,20.0056302],[85.9194143,20.0056721],[85.9193865,20.0057123],[85.9193405,20.0057529]]}},{"type":"Feature","properties":{"id":873466420,"highway":"tertiary"},"geometry":{"type":"LineString","coordinates":[[85.9117067,20.011205],[85.9116684,20.0111686],[85.9116323,20.0111178],[85.9116028,20.0110577],[85.9115766,20.0109853],[85.9115602,20.0109175],[85.9115454,20.0108112],[85.9115319,20.010556],[85.9115204,20.0103911],[85.9115178,20.0103538],[85.9115108,20.0101995],[85.9115072,20.0099409],[85.9114949,20.0097701],[85.9114861,20.0096988],[85.9113784,20.0092461],[85.9112587,20.0087671],[85.9112165,20.0086144],[85.9111304,20.0083329],[85.9111259,20.0082962],[85.9111813,20.0082889]]}},{"type":"Feature","properties":{"id":873466421,"highway":"residential"},"geometry":{"type":"LineString","coordinates":[[85.911562,20.0071459],[85.9116163,20.0071391],[85.9116686,20.0071301],[85.9117101,20.0071161],[85.9119296,20.0069989],[85.9119743,20.0069779],[85.9120223,20.0069629],[85.912067,20.0069559],[85.9121991,20.0069479],[85.9122918,20.0069339],[85.9123696,20.0069179],[85.9124857,20.0068848],[85.9129172,20.0067407],[85.913012,20.0067076],[85.9131165,20.0066606],[85.9133061,20.0065645],[85.913406,20.0065183],[85.9134731,20.0064993],[85.9135136,20.0064933],[85.9135449,20.0064941]]}},{"type":"Feature","properties":{"id":873466423,"highway":"residential"},"geometry":{"type":"LineString","coordinates":[[85.91359,20.006503],[85.9136316,20.0065056],[85.9136831,20.0065023],[85.9137431,20.0064932],[85.9137811,20.0064836],[85.9139174,20.0064492],[85.914083,20.006412],[85.9141722,20.0063895],[85.9143102,20.0063481],[85.9144095,20.0063143],[85.9146698,20.0062201],[85.9151646,20.0060354]]}},{"type":"Feature","properties":{"id":873466424,"highway":"residential"},"geometry":{"type":"LineString","coordinates":[[85.9135449,20.0064941],[85.91359,20.006503]]}},{"type":"Feature","properties":{"id":873569899,"highway":"residential"},"geometry":{"type":"LineString","coordinates":[[85.9110451,20.0034464],[85.9110663,20.0033946],[85.9110923,20.0033457],[85.9111243,20.0033025],[85.9112183,20.0031879],[85.9112942,20.0031052],[85.9116381,20.0027877],[85.9117381,20.0026957],[85.9117901,20.0026374],[85.91185,20.0025529],[85.9118976,20.0025003],[85.9121205,20.0023065],[85.9123342,20.002132],[85.9125924,20.0019365]]}},{"type":"Feature","properties":{"id":873569900,"highway":"residential"},"geometry":{"type":"LineString","coordinates":[[85.9095669,20.0007239],[85.9097329,20.0007068],[85.9099905,20.0006743],[85.9101372,20.0006652],[85.9103228,20.0006704],[85.9104142,20.0006834],[85.9105429,20.0007107],[85.9107686,20.0007836],[85.9108739,20.0008304],[85.911004,20.0009124],[85.9111522,20.0010074],[85.9112366,20.0010451],[85.9113931,20.0010959],[85.9115094,20.0011245],[85.9115703,20.001131],[85.911634,20.001131],[85.9117116,20.0011219],[85.9118168,20.0010919],[85.9119248,20.0010438],[85.9120245,20.0009892],[85.9122405,20.0008747],[85.9123125,20.000846],[85.9124039,20.0008213],[85.9124717,20.0008122],[85.9125451,20.0008109],[85.9126573,20.0008239],[85.9127293,20.0008291],[85.9127736,20.0008291],[85.9127957,20.0008148],[85.9128137,20.0007823],[85.9128179,20.0007524],[85.9128137,20.0006274],[85.9128207,20.0005741],[85.9128276,20.0005494],[85.9128511,20.0005012],[85.9128761,20.000444],[85.9128885,20.0003919],[85.9128996,20.0003139],[85.9129356,19.9999261],[85.9129536,19.9998116],[85.9129577,19.9997687],[85.9129522,19.9997375],[85.9129342,19.9997193],[85.9128968,19.9996958],[85.9128774,19.9996711],[85.9128664,19.9996308],[85.9128609,19.9995821],[85.912847,19.9994603],[85.9128387,19.9994161],[85.9128165,19.9993432],[85.9127542,19.9991923],[85.9127417,19.9991494],[85.9127376,19.9991051],[85.9127562,19.9986303]]}},{"type":"Feature","properties":{"id":874009155,"highway":"residential"},"geometry":{"type":"LineString","coordinates":[[85.9993385,20.0775319],[85.9993616,20.0777478],[85.9993808,20.077844],[85.9993999,20.077884],[85.999427,20.0779275],[85.9994727,20.0779802],[85.9995054,20.0780213],[85.9995221,20.078059],[85.9995955,20.0784108]]}},{"type":"Feature","properties":{"id":874009160,"highway":"unclassified"},"geometry":{"type":"LineString","coordinates":[[85.9972165,20.0887445],[85.9973342,20.0887582]]}},{"type":"Feature","properties":{"id":874469063,"highway":"residential"},"geometry":{"type":"LineString","coordinates":[[85.9055091,20.0072972],[85.9055301,20.0073212],[85.905571,20.0073677],[85.9057543,20.0075688],[85.9059002,20.0077344],[85.9059554,20.007798],[85.9059972,20.0078559],[85.90605,20.0079634],[85.9060616,20.0080008],[85.9060698,20.0080275],[85.9061536,20.0083563],[85.9061772,20.0084608],[85.9061863,20.0085122],[85.906193,20.0085637],[85.9062097,20.0087557],[85.9062218,20.0088583]]}},{"type":"Feature","properties":{"id":874469064,"highway":"residential"},"geometry":{"type":"LineString","coordinates":[[85.9054453,20.0072218],[85.9052856,20.007018],[85.9050793,20.0067742],[85.9050115,20.0066853],[85.9048972,20.0065263],[85.9047849,20.0063761]]}},{"type":"Feature","properties":{"id":874469065,"highway":"residential"},"geometry":{"type":"LineString","coordinates":[[85.9055091,20.0072972],[85.9054453,20.0072218]]}},{"type":"Feature","properties":{"id":874469066,"highway":"residential"},"geometry":{"type":"LineString","coordinates":[[85.9016606,20.0051348],[85.9017037,20.0051439],[85.9017543,20.005147],[85.9018127,20.0051465],[85.9020606,20.0051281],[85.9021914,20.0051085],[85.9022405,20.0050944],[85.9022807,20.0050767],[85.9023527,20.0050235],[85.9024163,20.0049857],[85.9024541,20.0049673],[85.9025006,20.0049489],[85.9025605,20.0049386],[85.9027022,20.0049294],[85.9027727,20.0049221],[85.9028358,20.0049084],[85.9030095,20.0048639],[85.9031096,20.0048413],[85.903172,20.0048273],[85.9034714,20.0047594]]}},{"type":"Feature","properties":{"id":874469068,"highway":"residential"},"geometry":{"type":"LineString","coordinates":[[85.9022807,20.0050767],[85.9023119,20.0056272],[85.9023214,20.0057985],[85.9023309,20.005886],[85.9023423,20.0059484],[85.9023613,20.0060055],[85.9023955,20.0060787],[85.9024544,20.0061661],[85.9024886,20.0062268],[85.9025152,20.0062839],[85.9025341,20.0063428],[85.9025949,20.0065463],[85.9027754,20.0070537]]}},{"type":"Feature","properties":{"id":874469069,"highway":"residential"},"geometry":{"type":"LineString","coordinates":[[85.9010931,20.00312],[85.9011971,20.0031162],[85.9012658,20.0031191],[85.9014099,20.0031325],[85.9014545,20.0031273],[85.901488,20.0031098],[85.9015047,20.0030906],[85.9015172,20.0030479],[85.9015436,20.0030243],[85.9015966,20.003009],[85.9023247,20.0028983]]}},{"type":"Feature","properties":{"id":874469070,"highway":"residential"},"geometry":{"type":"LineString","coordinates":[[85.90605,20.0079634],[85.9064218,20.0078146],[85.9065098,20.0077856],[85.9065956,20.0077753],[85.9068794,20.0077794],[85.9069784,20.0077732],[85.9070994,20.0077588],[85.9071962,20.0077381],[85.9073106,20.0076947],[85.9077285,20.0075396],[85.9080189,20.0074156],[85.9084982,20.0071884]]}},{"type":"Feature","properties":{"id":874472375,"highway":"residential"},"geometry":{"type":"LineString","coordinates":[[85.9195655,20.0048447],[85.9195702,20.0048247]]}},{"type":"Feature","properties":{"id":874472376,"highway":"residential"},"geometry":{"type":"LineString","coordinates":[[85.9195702,20.0048247],[85.919646,20.0044536]]}},{"type":"Feature","properties":{"id":874474216,"highway":"residential"},"geometry":{"type":"LineString","coordinates":[[85.9943059,20.0974511],[85.9944968,20.0978336],[85.994733,20.0983072],[85.9948124,20.0985094],[85.9948142,20.0985558],[85.9948036,20.0985873],[85.9947754,20.0986138],[85.994726,20.0986387],[85.9946166,20.0986884],[85.9938152,20.0990836],[85.9934236,20.0992767],[85.9927513,20.0996048],[85.9924283,20.0997573],[85.9923554,20.0997884],[85.9922661,20.0997972],[85.9922007,20.0997938],[85.9921072,20.0997755],[85.991816,20.0996844],[85.991576,20.0996082],[85.9911556,20.0994391],[85.9909291,20.099357],[85.9908057,20.0993369],[85.989765,20.0995233],[85.9882898,20.0998456],[85.9881664,20.099896],[85.988102,20.0999564],[85.9873851,20.1012078],[85.9872596,20.101387],[85.9872047,20.1014315],[85.9871293,20.1014696],[85.9870364,20.1014884],[85.9869705,20.1014812],[85.9868893,20.1014639],[85.9858543,20.1010898],[85.9857559,20.1010806],[85.9856749,20.1010846],[85.9855663,20.1011201],[85.9854196,20.1012039],[85.98454,20.1017849],[85.9839446,20.1022232],[85.9836227,20.1023995],[85.9834991,20.1024563],[85.9834375,20.1024688],[85.9833731,20.1024682],[85.9832836,20.1024554],[85.982879,20.102367],[85.9826221,20.1022947]]}},{"type":"Feature","properties":{"id":874474217,"highway":"residential"},"geometry":{"type":"LineString","coordinates":[[85.9944968,20.0978336],[85.9950363,20.0975647]]}},{"type":"Feature","properties":{"id":874474219,"highway":"residential"},"geometry":{"type":"LineString","coordinates":[[85.9860976,20.094522],[85.9864122,20.0944755],[85.9867823,20.0943394],[85.986954,20.0942135],[85.9870669,20.0941138],[85.9871604,20.0939771],[85.9872305,20.0938641],[85.9872929,20.0938026],[85.9873402,20.0937382],[85.9873569,20.0936638],[85.9873782,20.0936337],[85.9874422,20.0935836],[85.987478,20.0935723],[85.9874967,20.0935635],[85.9875126,20.0935509],[85.987522,20.0935344],[85.9875261,20.0935024],[85.9874142,20.093149],[85.9874142,20.0931095],[85.9874245,20.0930754],[85.9874472,20.0930455],[85.9874994,20.0930167],[85.9876947,20.0929325]]}},{"type":"Feature","properties":{"id":874476588,"highway":"residential"},"geometry":{"type":"LineString","coordinates":[[85.9085962,20.0038599],[85.9085442,20.0034912],[85.9085336,20.0033851],[85.9085336,20.0033478],[85.9085439,20.0033267],[85.9086199,20.0032684],[85.9086406,20.0032424],[85.9086475,20.0032148],[85.9086423,20.0031451],[85.9086009,20.0028077],[85.9086026,20.0027607],[85.9086216,20.0027169],[85.9086579,20.0026488],[85.9086682,20.0026147],[85.9086682,20.0025791],[85.9086561,20.0025245],[85.9085992,20.0023114]]}},{"type":"Feature","properties":{"id":874476591,"highway":"residential"},"geometry":{"type":"LineString","coordinates":[[85.9128511,20.0005012],[85.9129685,20.0004666],[85.9130242,20.0004508],[85.9130744,20.0004264],[85.9131059,20.0003932],[85.9131282,20.0003391],[85.9131319,20.0002728],[85.9131208,20.0001506],[85.9131165,20.0001036],[85.9131245,20.0000703],[85.9131449,20.0000337],[85.9131617,19.9999848],[85.9131654,19.9999377],[85.9131494,19.9997706]]}},{"type":"Feature","properties":{"id":874477029,"highway":"residential"},"geometry":{"type":"LineString","coordinates":[[85.9845389,20.0925342],[85.9845111,20.0928067],[85.9844918,20.0929634],[85.9844805,20.0931158],[85.9844392,20.0932311],[85.9844041,20.0932822],[85.9843512,20.0933203],[85.984288,20.0933404],[85.9840625,20.0933773],[85.9838851,20.0934631],[85.9838301,20.0935167],[85.9837336,20.0936023],[85.9836593,20.0936499],[85.9835308,20.0937012],[85.9833455,20.0937556],[85.9831571,20.0937967],[85.9830658,20.0938026],[85.9829379,20.0937671],[85.9828409,20.0937115],[85.9827556,20.0936092],[85.9826646,20.0934452],[85.9826029,20.093303],[85.9824262,20.0929501],[85.9823618,20.0928849],[85.9823138,20.0928429],[85.9822548,20.0928278],[85.9821955,20.0928278],[85.9821314,20.092853],[85.9818363,20.0929588],[85.9815145,20.0930444],[85.9810399,20.0930982],[85.9809727,20.0931099],[85.9805846,20.0932483],[85.9805313,20.0932539],[85.9804819,20.0932544],[85.9803821,20.0932502],[85.9800893,20.0932509]]}},{"type":"Feature","properties":{"id":874477031,"highway":"residential"},"geometry":{"type":"LineString","coordinates":[[85.9774965,20.0982187],[85.9775877,20.0980928],[85.9777952,20.0979287],[85.9778452,20.0979014],[85.9779104,20.097881],[85.9779578,20.0978812],[85.9780007,20.0979064],[85.9780355,20.0979444],[85.9783333,20.098259],[85.9786337,20.0984555],[85.9792345,20.098929],[85.9792868,20.0989598],[85.9793442,20.0989841],[85.9793774,20.0989874],[85.9809963,20.0988596],[85.982142,20.0987392]]}},{"type":"Feature","properties":{"id":874477033,"highway":"unclassified"},"geometry":{"type":"LineString","coordinates":[[85.9754003,20.0989092],[85.9753434,20.0989184]]}},{"type":"Feature","properties":{"id":874477035,"highway":"tertiary"},"geometry":{"type":"LineString","coordinates":[[85.9689565,20.0844456],[85.9695049,20.0841681],[85.9697244,20.0840401],[85.9698938,20.0839345],[85.9699708,20.0838995],[85.970023,20.0838833],[85.9700804,20.0838801],[85.970155,20.0838795],[85.9702365,20.0838795],[85.9703043,20.0838817],[85.9703496,20.0838909],[85.9703749,20.0839097],[85.9704064,20.0839388],[85.9704489,20.0840024],[85.9706137,20.0843324],[85.9707284,20.08455],[85.9707768,20.084607],[85.9708325,20.0846509],[85.9708948,20.0846786],[85.9710563,20.0847241],[85.9712646,20.0847795],[85.9713228,20.0848049],[85.9713933,20.084858],[85.9715494,20.0849877],[85.9717211,20.0852118],[85.9720244,20.0856429],[85.972158,20.0858608],[85.9721925,20.0859255],[85.9722195,20.0859864],[85.9722458,20.0860472],[85.9723786,20.0862836],[85.972504,20.0864876],[85.9725655,20.0865661],[85.972659,20.0866339],[85.9727377,20.0866878],[85.9729148,20.0867971],[85.9729828,20.0868433],[85.9730336,20.0868895],[85.9732796,20.0872021],[85.9734927,20.0874424],[85.9737584,20.0877912],[85.9740281,20.0881808],[85.9741142,20.0883371],[85.9743806,20.0888114],[85.9744465,20.0889453],[85.9745397,20.0891913],[85.9745918,20.0894089],[85.9746384,20.0895493],[85.9748304,20.0898994],[85.9748384,20.0899334],[85.9748372,20.0899574],[85.9748116,20.08998],[85.9747204,20.090031],[85.9744713,20.0901271],[85.9743198,20.0901838],[85.9742239,20.0902316],[85.9740475,20.090345],[85.9738853,20.0904884],[85.9737658,20.0906085],[85.9736541,20.0906847],[85.973565,20.0907285],[85.9734416,20.0907633],[85.9732208,20.0907813],[85.9730974,20.0907994],[85.9730467,20.0908161],[85.9730234,20.090847],[85.9730124,20.090914],[85.9730563,20.09142],[85.9730988,20.0916712],[85.973092,20.091751],[85.9730673,20.0917986],[85.9730028,20.0918398],[85.9728959,20.0918592],[85.9723392,20.0918952],[85.9721513,20.0919287],[85.9720581,20.0919583],[85.9720211,20.0920008],[85.9720087,20.0920588],[85.9720608,20.0925133],[85.9720595,20.0925867],[85.9720375,20.0926511],[85.9718305,20.0930516],[85.9714438,20.0937753],[85.9711915,20.094244],[85.9711051,20.094414],[85.9710777,20.0945029],[85.9710736,20.0945788],[85.9710845,20.094651],[85.9712655,20.0953656],[85.9713006,20.0955486],[85.9716093,20.0964734],[85.9718472,20.0971312],[85.9722928,20.0979437],[85.9725934,20.0985513],[85.9726905,20.0987504],[85.9727174,20.0987808],[85.9728153,20.098837],[85.9728461,20.0988638],[85.972878,20.0989263],[85.9729507,20.0991166],[85.9731352,20.0995689],[85.9731889,20.0997653],[85.9731956,20.0998509],[85.9731882,20.0999366],[85.9730762,20.1006116],[85.9729829,20.103311],[85.9728944,20.1040505],[85.9728885,20.1041139],[85.9728883,20.1041875],[85.9728967,20.1042558],[85.9729264,20.1043393],[85.9729791,20.1044153],[85.9731889,20.1046215],[85.9732254,20.1046743],[85.9734785,20.105367],[85.9735292,20.1056567],[85.9735401,20.1056796],[85.9735597,20.1057116],[85.9735919,20.1057231],[85.9736246,20.1057252],[85.9743324,20.1056566]]}},{"type":"Feature","properties":{"id":874479631,"highway":"unclassified"},"geometry":{"type":"LineString","coordinates":[[85.9098693,20.0038121],[85.9099378,20.0037825]]}},{"type":"Feature","properties":{"id":874479632,"highway":"residential"},"geometry":{"type":"LineString","coordinates":[[85.9086359,20.0006391],[85.9092352,20.0006522],[85.9094418,20.0006624],[85.9095102,20.0006756],[85.9095428,20.0006946],[85.9095669,20.0007239],[85.9095785,20.0007588],[85.9095801,20.000804],[85.9095708,20.000988],[85.9095677,20.001096],[85.9095692,20.0011894],[85.909577,20.0013354],[85.9096205,20.001655],[85.9096624,20.0018827],[85.9096795,20.0020433],[85.9096842,20.0022112],[85.9096873,20.0025352],[85.9096935,20.0026199],[85.9097028,20.0026827],[85.9097277,20.0027571],[85.9097618,20.0028403],[85.9098442,20.0030023],[85.9099855,20.0032826],[85.9100803,20.0035001],[85.9101005,20.0035643],[85.9101114,20.0036139],[85.910128,20.0036789]]}},{"type":"Feature","properties":{"id":874479636,"highway":"unclassified"},"geometry":{"type":"LineString","coordinates":[[85.9099806,20.0037607],[85.9099378,20.0037825]]}},{"type":"Feature","properties":{"id":874482459,"highway":"secondary"},"geometry":{"type":"LineString","coordinates":[[85.9860389,20.0936101],[85.9860841,20.0937326]]}},{"type":"Feature","properties":{"id":874482462,"highway":"residential"},"geometry":{"type":"LineString","coordinates":[[85.9726544,20.0927918],[85.9724852,20.0921598],[85.972478,20.0921205],[85.972484,20.0920947],[85.9724984,20.0920744],[85.9725367,20.0920587],[85.9728178,20.0920115],[85.972856,20.0919958],[85.9728788,20.0919767],[85.9728907,20.0919565],[85.9728967,20.0919104],[85.9728959,20.0918592]]}},{"type":"Feature","properties":{"id":874484276,"highway":"unclassified"},"geometry":{"type":"LineString","coordinates":[[85.8998169,19.9913711],[85.89999,19.9919954],[85.9000469,19.9921468],[85.9000974,19.9922523],[85.9001303,19.9923382],[85.9001399,19.992403],[85.9001287,19.9924678],[85.9000719,19.9926131],[85.9000371,19.9926816],[85.9000151,19.9927338],[85.9000047,19.9927926],[85.9000036,19.9928927],[85.9000522,19.9932082],[85.9001344,19.9935869],[85.9001402,19.993668],[85.9001342,19.993874],[85.9000746,19.9944312],[85.9000315,19.9949234],[85.8999375,19.9958899],[85.8998711,19.9965206],[85.8998692,19.9966316],[85.8998774,19.996717],[85.8998923,19.9968179],[85.8999147,19.9969187],[85.900013,19.9972232],[85.9001352,19.9976097],[85.9002596,19.9979878],[85.9005775,19.9989175],[85.9007291,19.9994765],[85.9008699,20.0000791],[85.9009111,20.0002244],[85.9009731,20.0003136],[85.9010563,20.0003791],[85.90131,20.0005174],[85.9017413,20.0007649],[85.9018738,20.0008532],[85.9019604,20.0009198],[85.902031,20.0009804],[85.9021209,20.0010875],[85.9021611,20.0011782],[85.9021954,20.0012969],[85.9022201,20.0014126],[85.9022282,20.001482],[85.9022684,20.0019734],[85.9023247,20.0028983],[85.9023727,20.0036071],[85.9023737,20.0036842],[85.9023557,20.0037687],[85.9023097,20.0038711],[85.9019449,20.0045314],[85.9017139,20.0049829],[85.9016935,20.0050315],[85.9016756,20.0050825],[85.9016606,20.0051348],[85.9016398,20.0052272],[85.9016475,20.0056303],[85.9016499,20.0057989],[85.9016603,20.0059251],[85.9016973,20.0060502],[85.9017645,20.0061862],[85.9018328,20.0062787],[85.9023469,20.0068499],[85.9025885,20.0071483]]}},{"type":"Feature","properties":{"id":874497461,"highway":"residential"},"geometry":{"type":"LineString","coordinates":[[85.9182352,20.0246371],[85.917934,20.0247402],[85.9177446,20.0247936],[85.9175031,20.0248625],[85.9173918,20.0249026],[85.9173066,20.0249493],[85.9171879,20.02501],[85.9170999,20.025041],[85.9169764,20.0250596],[85.9169074,20.0250638],[85.9167138,20.0250638],[85.9166348,20.0250734],[85.9165711,20.0250973],[85.9165379,20.0251332],[85.9165277,20.0251811],[85.9165226,20.0252386],[85.9165277,20.0253367],[85.9165787,20.0255977],[85.9166985,20.0260047],[85.9167503,20.0261597],[85.9168586,20.0264113],[85.9169077,20.0264977],[85.9169457,20.0265373],[85.9169996,20.026565],[85.9170487,20.0265765],[85.9170957,20.0265746],[85.9171611,20.026563],[85.9176175,20.0264515]]}},{"type":"Feature","properties":{"id":874497462,"highway":"residential"},"geometry":{"type":"LineString","coordinates":[[85.9176175,20.0264515],[85.9179062,20.0264078],[85.9180088,20.02639],[85.9183012,20.0263311],[85.9183734,20.0263168],[85.9184247,20.0263026],[85.9184589,20.0262847],[85.9184779,20.0262633],[85.9184874,20.026224],[85.9184874,20.0260866],[85.9184665,20.0257655],[85.9184589,20.025678],[85.9184399,20.0255602],[85.9183772,20.0252584],[85.9183568,20.0251552],[85.9183478,20.0250821],[85.9183401,20.0249537]]}},{"type":"Feature","properties":{"id":874497463,"highway":"residential"},"geometry":{"type":"LineString","coordinates":[[85.9193277,20.0247102],[85.9194052,20.024811],[85.9194727,20.024884],[85.9195319,20.0249589],[85.9195912,20.0250376],[85.9196444,20.0250818],[85.9196995,20.025101],[85.9198079,20.0251067],[85.9198549,20.0251183],[85.9199142,20.0251394],[85.9199755,20.0251663],[85.9200348,20.0251759],[85.9201186,20.0251759],[85.9201738,20.0251644],[85.9202085,20.0251375],[85.9202228,20.0250991],[85.9202228,20.0250626],[85.9202106,20.0249992],[85.9200571,20.0245371]]}},{"type":"Feature","properties":{"id":874500208,"highway":"residential"},"geometry":{"type":"LineString","coordinates":[[85.9474038,20.0960978],[85.9468222,20.0960209],[85.9467501,20.0960043],[85.9466943,20.0959816],[85.9464424,20.0958563],[85.9463205,20.0957881],[85.9462541,20.0957288],[85.9459201,20.0949181],[85.9455593,20.0940709],[85.9452782,20.0934591],[85.9450997,20.093229],[85.9448831,20.0930595],[85.9444749,20.0927241],[85.9443462,20.0926166],[85.9442256,20.0924189],[85.9441213,20.0921982],[85.9440069,20.091676],[85.9439435,20.0914303],[85.9438167,20.0910679],[85.9434958,20.0902625],[85.943409,20.0900772],[85.9432169,20.0895139],[85.9431683,20.0893928],[85.9431183,20.0892915],[85.943042,20.0891779],[85.9426106,20.0886109],[85.9421542,20.0880451],[85.9417398,20.0875498],[85.9415702,20.0873509],[85.9414978,20.0872965],[85.9412721,20.0871768],[85.9406031,20.0867902]]}},{"type":"Feature","properties":{"id":874500209,"highway":"residential"},"geometry":{"type":"LineString","coordinates":[[85.9474504,20.0926406],[85.9475886,20.0927028],[85.9476422,20.0927204],[85.9486373,20.0928212],[85.948691,20.0928162],[85.948978,20.092728],[85.9490437,20.0927145],[85.9491751,20.0926986],[85.949395,20.0926948],[85.9495104,20.0926969],[85.9496069,20.0927045],[85.9500066,20.0927523],[85.9502292,20.0927347],[85.9503338,20.0927246],[85.9507173,20.0926716],[85.9507871,20.0926465],[85.9508407,20.0926112],[85.95094,20.0925412],[85.9514442,20.0922202]]}},{"type":"Feature","properties":{"id":874500983,"highway":"residential"},"geometry":{"type":"LineString","coordinates":[[85.9169764,20.0250596],[85.9168863,20.0247303],[85.9168263,20.0245039],[85.9167473,20.0242134]]}},{"type":"Feature","properties":{"id":874500984,"highway":"residential"},"geometry":{"type":"LineString","coordinates":[[85.9141322,20.0208401],[85.9141575,20.0208989],[85.9141739,20.0209479],[85.9141882,20.0209856],[85.9142153,20.0210467],[85.9143084,20.0212231],[85.914349,20.0212894],[85.9143861,20.0213408],[85.9144655,20.0214221],[85.914559,20.0215166],[85.9146198,20.0215943],[85.9146427,20.0216306],[85.9147182,20.0217499],[85.9147788,20.0218501],[85.9148018,20.021884],[85.9148362,20.0219086],[85.9149035,20.0219363],[85.9149297,20.0219625],[85.9149755,20.022032]]}},{"type":"Feature","properties":{"id":874500985,"highway":"residential"},"geometry":{"type":"LineString","coordinates":[[85.9146427,20.0216306],[85.9150434,20.0214702],[85.9150776,20.0214541],[85.9151065,20.0214356],[85.9151275,20.0214096],[85.9151367,20.0213825],[85.9151381,20.0213528],[85.9151236,20.021265],[85.9151223,20.0212379],[85.9151328,20.021207],[85.9151657,20.0211501],[85.9153169,20.0209202],[85.9153419,20.0208733],[85.9153577,20.0208239],[85.9153656,20.0207892],[85.9153656,20.0207472],[85.9153577,20.0206891],[85.9153012,20.0204383],[85.9152826,20.0203409]]}},{"type":"Feature","properties":{"id":874500991,"highway":"unclassified"},"geometry":{"type":"LineString","coordinates":[[85.91898,20.0177396],[85.9190671,20.0177566],[85.9193224,20.0177901],[85.9195485,20.0178226],[85.9197795,20.017861],[85.9200309,20.0179014],[85.9202762,20.0179283],[85.920589,20.0179551],[85.9207607,20.017959],[85.9208517,20.0179632],[85.9209346,20.0179498],[85.920993,20.0178779],[85.9210208,20.0177981],[85.921034,20.0177396],[85.9210389,20.0176641],[85.9210536,20.0174099],[85.9210635,20.0173544],[85.9210782,20.0173144],[85.9211078,20.0172743],[85.9211438,20.0172404],[85.9212078,20.0172019],[85.9213389,20.0171511],[85.9213783,20.0171264],[85.9214095,20.0170879],[85.921521,20.0169277],[85.9215505,20.0168969],[85.9215849,20.0168738],[85.921639,20.0168429],[85.9217194,20.0168137],[85.9218145,20.0167921],[85.9220145,20.0167644],[85.9221555,20.0167598],[85.9222621,20.0167628],[85.9223638,20.016769],[85.9224736,20.016789],[85.9226031,20.0168152],[85.9226933,20.0168352],[85.9227684,20.016859],[85.9228549,20.0168775],[85.9229507,20.0168801],[85.923082,20.0168706],[85.9235835,20.0168242],[85.9242973,20.0167454],[85.9246178,20.0167269],[85.9251583,20.0167083],[85.9262918,20.0166856],[85.9267685,20.0166815],[85.9269311,20.016667],[85.9271552,20.0166546],[85.9272848,20.0166484],[85.9274693,20.0166588],[85.9279372,20.0166939],[85.9280965,20.0167071],[85.9283854,20.016731],[85.9291411,20.016826],[85.929943,20.0169477],[85.9304666,20.0170206],[85.9306547,20.0170468],[85.9308393,20.0170716],[85.9309447,20.0170716],[85.9309996,20.0170571],[85.931048,20.0170365],[85.9311007,20.0170014],[85.9312084,20.0169118],[85.9313729,20.0167749],[85.9313885,20.016762],[85.9316191,20.0165518],[85.9318922,20.0163309],[85.9319984,20.0162186],[85.9320818,20.0161117],[85.9321158,20.0160647],[85.932144,20.0160221],[85.9322349,20.0158404],[85.9326085,20.0151384],[85.9329797,20.014452],[85.9331852,20.0140697],[85.9332241,20.0139965],[85.933247,20.0139104],[85.9332521,20.0138004],[85.9332572,20.0136833],[85.933275,20.013559],[85.9333336,20.013339],[85.9334532,20.0129828],[85.9335549,20.0127317],[85.9336822,20.0123994],[85.9337448,20.0122833],[85.9338009,20.0121845],[85.9338435,20.0120921],[85.9338828,20.0119814],[85.9339057,20.0119444],[85.9340007,20.0118429],[85.934017,20.0118121],[85.9340236,20.0117798],[85.9340219,20.0117352],[85.9340204,20.0113861]]}},{"type":"Feature","properties":{"id":874504381,"highway":"tertiary"},"geometry":{"type":"LineString","coordinates":[[85.9124397,20.0137594],[85.9124403,20.0138055]]}},{"type":"Feature","properties":{"id":874504382,"highway":"tertiary"},"geometry":{"type":"LineString","coordinates":[[85.9124403,20.0138055],[85.9124357,20.0140975],[85.912422,20.0143452],[85.9124129,20.014421],[85.9124022,20.0144597],[85.9123793,20.0145098],[85.9123413,20.0145499],[85.9123077,20.0145699],[85.912262,20.0145857],[85.9122118,20.0145914],[85.9120396,20.0146],[85.9119345,20.0146157],[85.9118492,20.0146444],[85.9117836,20.0146816],[85.9114977,20.0148591],[85.9114465,20.0148973],[85.9114165,20.0149321],[85.9113986,20.0149644],[85.91139,20.015005],[85.9113865,20.0150548],[85.9113883,20.0151559],[85.9113847,20.015214],[85.9113759,20.0153018],[85.9113318,20.0155258],[85.911323,20.0156003],[85.9113247,20.0156932],[85.9113317,20.0157895],[85.9113494,20.0160347],[85.9113477,20.0160762],[85.9113283,20.0161226],[85.9112824,20.0161873],[85.9111394,20.0163481],[85.9111077,20.0163929],[85.911083,20.0164493],[85.9110724,20.0165023],[85.9110671,20.0165736],[85.9110653,20.0167444],[85.9110565,20.0168008],[85.9110335,20.0168455],[85.9110133,20.0168772],[85.9109541,20.0169185],[85.9107124,20.0170429],[85.9101696,20.0172994]]}},{"type":"Feature","properties":{"id":874504384,"highway":"unclassified"},"geometry":{"type":"LineString","coordinates":[[85.9170885,20.0077142],[85.9171321,20.0077071]]}},{"type":"Feature","properties":{"id":874504385,"highway":"unclassified"},"geometry":{"type":"LineString","coordinates":[[85.9171321,20.0077071],[85.9172515,20.0076907],[85.9174085,20.007665],[85.9174862,20.0076464],[85.9176431,20.0075948],[85.9177877,20.0075526],[85.9178489,20.0075461],[85.9178975,20.0075562],[85.9181585,20.0076669],[85.9181853,20.0076857],[85.9181999,20.0077057],[85.9182065,20.0077354],[85.9182197,20.0078777],[85.9182439,20.0081727],[85.9182495,20.008351],[85.9182565,20.0084205],[85.9182712,20.0084837],[85.9183213,20.0086249],[85.9183384,20.0086835],[85.9183469,20.0087306],[85.9183482,20.0087857],[85.9183469,20.0090142],[85.9183506,20.009059],[85.9183763,20.0092198],[85.9184227,20.0094525],[85.9184271,20.009479],[85.918427,20.009509],[85.9184044,20.0095367],[85.9183775,20.0095539],[85.9183482,20.0095654],[85.9183091,20.0095758],[85.9182394,20.0095861],[85.9178947,20.0096137],[85.9178275,20.0096251],[85.9177884,20.0096458],[85.9177664,20.0096676],[85.9177615,20.0096963],[85.9177603,20.0097365],[85.9177786,20.0099341],[85.9177909,20.0100179],[85.9178153,20.0101201],[85.9178605,20.0102889],[85.917874,20.0103624],[85.9179057,20.0105347],[85.917918,20.0105726],[85.9179387,20.0105932],[85.9179693,20.0106093],[85.918006,20.0106196],[85.9180964,20.010638],[85.9182565,20.0106725],[85.9183249,20.0106885],[85.9184753,20.0107356],[85.9185694,20.0107735],[85.9187441,20.0108654],[85.9189055,20.010971],[85.9189763,20.0110101],[85.9190301,20.0110353],[85.9191108,20.0110618],[85.9192012,20.0110778],[85.9193137,20.0110985],[85.9193454,20.0111077],[85.9193919,20.0111318],[85.9194175,20.0111582],[85.9194347,20.0112007],[85.9194411,20.0112585],[85.919468,20.011498],[85.9194793,20.011776],[85.9194836,20.0118651],[85.9194878,20.0119356],[85.9194878,20.0120061],[85.919485,20.0121191],[85.9194808,20.0122189],[85.9194793,20.0123067],[85.9194864,20.0125421],[85.9194935,20.01261],[85.9195077,20.0126538],[85.9195246,20.0126804],[85.9195515,20.0127017],[85.9195841,20.0127177],[85.9196223,20.0127257],[85.9196676,20.0127297],[85.9200074,20.0127376],[85.9202038,20.0127484],[85.9202749,20.0127523],[85.9204133,20.0127561],[85.9205439,20.0127589],[85.92074,20.0127595],[85.9209771,20.0127603],[85.9212606,20.0127538],[85.9216693,20.0127523],[85.9219146,20.0127516],[85.921964,20.0127551],[85.9219924,20.0127694],[85.9220095,20.012798],[85.9220152,20.0128283],[85.9220266,20.0130621],[85.9220267,20.0131901],[85.9220366,20.0133303],[85.9220594,20.0134824],[85.9220673,20.0135288],[85.9220857,20.0136647],[85.9220907,20.0137448],[85.9221054,20.013962],[85.9221431,20.0144689],[85.9221662,20.0146342],[85.9221775,20.014704],[85.9222333,20.0149234],[85.9223137,20.01523],[85.9223497,20.0153948],[85.9224284,20.0157307],[85.9225137,20.0160203],[85.9226022,20.0163485],[85.9226826,20.0166828],[85.9226891,20.0167306],[85.9226908,20.0167783],[85.9226933,20.0168352]]}},{"type":"Feature","properties":{"id":874504386,"highway":"unclassified"},"geometry":{"type":"LineString","coordinates":[[85.9023371,20.0176177],[85.9024315,20.0176168]]}},{"type":"Feature","properties":{"id":874504387,"highway":"unclassified"},"geometry":{"type":"LineString","coordinates":[[85.9024315,20.0176168],[85.9024853,20.0176093]]}},{"type":"Feature","properties":{"id":874505318,"highway":"residential"},"geometry":{"type":"LineString","coordinates":[[85.9115204,20.0103911],[85.9113539,20.0104305],[85.9112524,20.0104589],[85.9111318,20.0105027],[85.9109755,20.0105633],[85.9109083,20.010598],[85.9108493,20.0106367],[85.9108109,20.0106766],[85.9107616,20.0107565],[85.9107424,20.0108093],[85.9107328,20.0108635],[85.9107328,20.0109047],[85.910752,20.0110206],[85.9107753,20.0112358],[85.9107835,20.0113827],[85.9107904,20.0114523],[85.9107986,20.0114999],[85.9108178,20.0115618],[85.9108534,20.0116726],[85.9108863,20.0117782],[85.9108987,20.0118542],[85.9109,20.0119509],[85.9108904,20.0121493],[85.9108699,20.0122949],[85.9108603,20.0123348],[85.9108383,20.012376],[85.9107478,20.0124868],[85.91073,20.0125242],[85.9107149,20.0125654],[85.9107067,20.0126144],[85.9106982,20.0127317],[85.9106957,20.0127664],[85.910682,20.0128167],[85.9106628,20.012863],[85.9105079,20.0131542],[85.9104599,20.0132586],[85.9104476,20.0133024],[85.9104393,20.0133655],[85.9104474,20.0135996],[85.9104665,20.0137756],[85.9104814,20.0138637],[85.9105027,20.0139418],[85.910548,20.0140512]]}},{"type":"Feature","properties":{"id":874505319,"highway":"residential"},"geometry":{"type":"LineString","coordinates":[[85.9107201,20.0144413],[85.9107376,20.014495]]}},{"type":"Feature","properties":{"id":874505320,"highway":"residential"},"geometry":{"type":"LineString","coordinates":[[85.9107376,20.014495],[85.9108281,20.0147845],[85.9108693,20.0149033],[85.91089,20.0149352],[85.910921,20.0149587],[85.9109608,20.0149712],[85.9109962,20.014974],[85.9113986,20.0149644]]}},{"type":"Feature","properties":{"id":874505321,"highway":"residential"},"geometry":{"type":"LineString","coordinates":[[85.910548,20.0140512],[85.9105822,20.0141212]]}},{"type":"Feature","properties":{"id":874505322,"highway":"residential"},"geometry":{"type":"LineString","coordinates":[[85.9105822,20.0141212],[85.910655,20.0142801],[85.9106963,20.0143726],[85.9107201,20.0144413]]}},{"type":"Feature","properties":{"id":874505323,"highway":"tertiary"},"geometry":{"type":"LineString","coordinates":[[85.9111813,20.0082889],[85.911233,20.0082864]]}},{"type":"Feature","properties":{"id":874505324,"highway":"tertiary"},"geometry":{"type":"LineString","coordinates":[[85.911233,20.0082864],[85.9113267,20.0082819],[85.9114159,20.0082855],[85.911509,20.0083015],[85.9115869,20.0083176],[85.9116533,20.0083176],[85.9117198,20.0083051],[85.9119686,20.0082266],[85.9120845,20.0081962],[85.912244,20.008157],[85.9123314,20.0081481],[85.9124605,20.0081552],[85.9127568,20.0081873],[85.9129543,20.0082052],[85.9131082,20.0082159],[85.9132544,20.0082141],[85.9135678,20.0082016],[85.9136741,20.0081909],[85.9138242,20.0081659],[85.9139267,20.008157],[85.9143882,20.0081481],[85.9146446,20.0081338],[85.9148354,20.0081196],[85.9150461,20.0081003],[85.9150838,20.0080882],[85.9150915,20.008053],[85.9150175,20.007314],[85.9149718,20.0065211],[85.9149639,20.0063849],[85.9149697,20.0063435],[85.9149823,20.0063099],[85.9149982,20.0062828],[85.9150487,20.0062289],[85.9151105,20.0061579],[85.9151427,20.0061054],[85.9151646,20.0060354],[85.9151776,20.0059913]]}},{"type":"Feature","properties":{"id":874505325,"highway":"tertiary"},"geometry":{"type":"LineString","coordinates":[[85.9117067,20.011205],[85.9117404,20.0112365]]}},{"type":"Feature","properties":{"id":874505326,"highway":"tertiary"},"geometry":{"type":"LineString","coordinates":[[85.9117404,20.0112365],[85.9118589,20.0113421],[85.9119914,20.0114428],[85.9121652,20.0115522],[85.9122341,20.0115831],[85.9122882,20.0116015],[85.912344,20.0116169],[85.912385,20.011637],[85.9124112,20.0116724],[85.9124292,20.0117279],[85.9125014,20.0120453],[85.9126063,20.0124258],[85.9126129,20.0124751],[85.912608,20.0125337],[85.9125571,20.0130421],[85.9125256,20.0132472],[85.9124555,20.0136108],[85.9124479,20.0136766],[85.9124425,20.013731],[85.9124397,20.0137594]]}},{"type":"Feature","properties":{"id":874507331,"highway":"residential"},"geometry":{"type":"LineString","coordinates":[[85.9461766,20.0957623],[85.9461272,20.0957834]]}},{"type":"Feature","properties":{"id":874507332,"highway":"residential"},"geometry":{"type":"LineString","coordinates":[[85.9462541,20.0957288],[85.9461766,20.0957623]]}},{"type":"Feature","properties":{"id":874509268,"highway":"residential"},"geometry":{"type":"LineString","coordinates":[[85.984138,20.098014],[85.9837993,20.0980817],[85.9837246,20.0981129],[85.983569,20.0982187],[85.9828601,20.099048],[85.9828287,20.099065],[85.9828038,20.0990724],[85.982767,20.0990716],[85.982701,20.0990534],[85.9825882,20.0990272],[85.982495,20.0990103],[85.9824073,20.0989952],[85.9823666,20.0989852],[85.9823289,20.0989675],[85.9823055,20.0989457],[85.982142,20.0987392],[85.9820217,20.0985462],[85.9817557,20.098199],[85.9816125,20.0979855],[85.9814662,20.0976949],[85.9812623,20.0972113],[85.9808707,20.0961381],[85.9808155,20.0959158],[85.9808117,20.0958408],[85.9808365,20.0957635],[85.9809512,20.095642],[85.9811229,20.0955486],[85.9814181,20.0954084],[85.9815198,20.0953722],[85.9818256,20.0952664],[85.9819181,20.0952004],[85.9819597,20.0951404],[85.9819668,20.0950711],[85.9819393,20.0947674],[85.9819544,20.0946377],[85.9819607,20.0945266],[85.9819222,20.0943645],[85.9819186,20.0943229],[85.9819215,20.0942855],[85.9819333,20.0942528],[85.9819547,20.094234],[85.9819919,20.0942196],[85.9825715,20.094126],[85.9826219,20.0941132],[85.9826541,20.0941029],[85.9827478,20.0940755],[85.9828701,20.0940251],[85.982915,20.0939958],[85.9829787,20.0939524],[85.9831571,20.0937967]]}},{"type":"Feature","properties":{"id":874509610,"highway":"unclassified"},"geometry":{"type":"LineString","coordinates":[[85.9024853,20.0176093],[85.9025583,20.0175953],[85.902648,20.0175788],[85.9027372,20.0175644],[85.9028427,20.0175581],[85.9029338,20.0175662],[85.9029926,20.0175894],[85.9030448,20.0176216],[85.903082,20.0176585],[85.9030999,20.0176956],[85.9031091,20.0177579],[85.9030919,20.0182082],[85.9030935,20.0182962],[85.903102,20.0183763],[85.9031148,20.0184223],[85.9031425,20.0184524],[85.9031745,20.0184684],[85.9032235,20.0184744],[85.9032853,20.0184724],[85.9034025,20.0184504],[85.9036369,20.0183883],[85.9039054,20.0183122],[85.9043521,20.0182077],[85.9044077,20.0181965],[85.9045191,20.0181801],[85.904713,20.0181561],[85.9049921,20.018138],[85.9053394,20.01813],[85.9055653,20.018126],[85.9056505,20.018134],[85.9057571,20.0181641],[85.9058679,20.0182081],[85.9059318,20.0182241],[85.9060213,20.0182261],[85.906245,20.0182141],[85.9064475,20.0182101],[85.9066158,20.0182241],[85.9071373,20.0182767],[85.9072082,20.0182902],[85.9072642,20.0183083],[85.9073323,20.018352]]}},{"type":"Feature","properties":{"id":874510502,"highway":"unclassified"},"geometry":{"type":"LineString","coordinates":[[85.95153,20.1023063],[85.9514777,20.1023195],[85.9514388,20.1023195],[85.9508206,20.1022351],[85.9507737,20.1022301],[85.950433,20.102181],[85.950374,20.1021684],[85.950091,20.1020966],[85.95002,20.1020739],[85.9491335,20.1017301],[85.9490758,20.1017011],[85.9485903,20.1014241],[85.9485447,20.1013951],[85.9482631,20.1011671],[85.9481344,20.1012377],[85.9480914,20.1012578],[85.9478889,20.1013107],[85.9478366,20.1013183],[85.947787,20.1013132],[85.9475912,20.1012817],[85.9475416,20.1012691],[85.9474933,20.101241],[85.9473766,20.1011294],[85.947331,20.1010727],[85.9471527,20.1008548],[85.9471218,20.1008006],[85.9469904,20.1005664],[85.9469676,20.1005156],[85.9467959,20.1000475],[85.9467745,20.0999918],[85.946576,20.0995916],[85.9465653,20.0995463],[85.9465653,20.0994997],[85.9465867,20.0992113],[85.9465867,20.0991506],[85.9465948,20.0986987],[85.9465908,20.0986432],[85.9464915,20.0982276],[85.9464808,20.0981647],[85.9463949,20.0976735],[85.9463882,20.097613],[85.9463856,20.0972062],[85.9463923,20.0971621],[85.9464234,20.0970066],[85.9464207,20.0969537],[85.9460865,20.0958012],[85.9459987,20.0955278],[85.9456844,20.0947871],[85.9456536,20.0947263],[85.9452565,20.0939992],[85.9450654,20.0936379],[85.9449457,20.0934584],[85.9448106,20.0933053],[85.9442067,20.0926759],[85.9440637,20.0925324],[85.9440038,20.0924693],[85.9439316,20.092375],[85.9439073,20.0923224],[85.9438314,20.0921432],[85.9437445,20.0918914],[85.9436942,20.0918294],[85.9436494,20.0917895],[85.9435841,20.0917533],[85.943529,20.0917275],[85.9434543,20.0917105],[85.9433513,20.0917009],[85.9432467,20.0916935],[85.9431964,20.0916809],[85.9431586,20.0916603],[85.9431114,20.0916256],[85.9430493,20.0915775],[85.9429793,20.0915273],[85.9429235,20.0914889],[85.9428204,20.0914335],[85.9426875,20.0913589],[85.9426042,20.0913065],[85.9425263,20.0912334],[85.942207,20.0908094],[85.941953,20.0904091],[85.9418515,20.0902776],[85.9418106,20.0902363],[85.9416777,20.0901317],[85.9415573,20.0900506],[85.9414313,20.0899509],[85.9413422,20.0898499],[85.9412872,20.0897665],[85.9411624,20.0895773],[85.9408427,20.0891582],[85.9406872,20.0889543],[85.9405905,20.0888275],[85.9400582,20.088196],[85.9400015,20.088072],[85.9399837,20.0879925],[85.9399837,20.0879408],[85.9399973,20.0878844],[85.9400201,20.0878494],[85.9400574,20.087812],[85.9401124,20.0877643],[85.9401936,20.0877135],[85.9403663,20.0876046],[85.9405136,20.0875012],[85.940555,20.0874488],[85.9405864,20.0873709],[85.9406024,20.0873025],[85.9406159,20.0872114],[85.9406066,20.0869369]]}},{"type":"Feature","properties":{"id":874512403,"highway":"residential"},"geometry":{"type":"LineString","coordinates":[[85.9218153,20.0181721],[85.9215537,20.0181338],[85.9215167,20.0181264],[85.9214291,20.0181088],[85.9213166,20.0180704],[85.9211286,20.0180012],[85.9210141,20.0179744],[85.9209346,20.0179498]]}},{"type":"Feature","properties":{"id":874512404,"highway":"unclassified"},"geometry":{"type":"LineString","coordinates":[[85.9019588,20.023502],[85.9018138,20.0236136]]}},{"type":"Feature","properties":{"id":874512406,"highway":"unclassified"},"geometry":{"type":"LineString","coordinates":[[85.901999,20.0234694],[85.9019588,20.023502]]}},{"type":"Feature","properties":{"id":874514617,"highway":"tertiary"},"geometry":{"type":"LineString","coordinates":[[85.9052285,20.0281777],[85.9051799,20.0282423]]}},{"type":"Feature","properties":{"id":874514620,"highway":"residential"},"geometry":{"type":"LineString","coordinates":[[85.9039809,20.0273635],[85.9042492,20.0271837],[85.9042832,20.0271601],[85.9042965,20.0271379],[85.9042979,20.0271046],[85.9042817,20.0270645],[85.9042743,20.0270317],[85.9042872,20.0270023],[85.9043222,20.0269833],[85.9044759,20.0269268],[85.9045213,20.0269044],[85.9045257,20.0268719],[85.9045237,20.0268403],[85.9044906,20.0266934],[85.9044869,20.0266433],[85.904474,20.0265292],[85.9044795,20.0264877],[85.9045035,20.0264635],[85.9045384,20.0264463],[85.9047021,20.0263875],[85.9047481,20.026365],[85.9050111,20.0262193],[85.9050373,20.0262047],[85.9050774,20.0261732],[85.9051179,20.0261317],[85.9051988,20.0260055]]}},{"type":"Feature","properties":{"id":874514623,"highway":"residential"},"geometry":{"type":"LineString","coordinates":[[85.9029575,20.026473],[85.9031363,20.0264779],[85.9031933,20.0264779],[85.9032411,20.0264675],[85.9032908,20.0264467],[85.9033349,20.0264191],[85.9034674,20.026305],[85.9035097,20.0262549],[85.9035943,20.0261616],[85.9036422,20.0261201],[85.9037507,20.0260475],[85.9037783,20.0260198],[85.9037948,20.0259835],[85.9037967,20.0259455],[85.9037912,20.0258971],[85.9038022,20.0258677],[85.9038224,20.0258453],[85.9038721,20.0258228],[85.9043026,20.025707],[85.9043375,20.0256949],[85.904367,20.0256793],[85.9043854,20.0256517],[85.9043854,20.0256206],[85.9043633,20.0255635],[85.9042327,20.025325]]}},{"type":"Feature","properties":{"id":874514625,"highway":"residential"},"geometry":{"type":"LineString","coordinates":[[85.9025176,20.0212651],[85.903395,20.0211626]]}},{"type":"Feature","properties":{"id":874514630,"highway":"residential"},"geometry":{"type":"LineString","coordinates":[[85.9032509,20.0226512],[85.9031737,20.0222476],[85.9031467,20.0220969],[85.9031436,20.0220506],[85.9031491,20.0220012],[85.9031626,20.0219238],[85.9031817,20.0218313],[85.9032145,20.0217272],[85.9032373,20.0216731],[85.9033151,20.021509],[85.9033357,20.0214537],[85.9033516,20.0213955],[85.9033723,20.021312],[85.9033834,20.021215],[85.903395,20.0211626],[85.9034152,20.0211374],[85.9034553,20.021102],[85.9035537,20.0210398],[85.9036162,20.0210029],[85.9036915,20.0209747],[85.903898,20.0208986],[85.9042105,20.0207913],[85.9045206,20.0206987],[85.9048156,20.0206276]]}},{"type":"Feature","properties":{"id":874514631,"highway":"residential"},"geometry":{"type":"LineString","coordinates":[[85.9048156,20.0206276],[85.9049958,20.0205892],[85.9051189,20.0205603],[85.9052147,20.0205362],[85.9053978,20.0204875]]}},{"type":"Feature","properties":{"id":874518060,"highway":"residential"},"geometry":{"type":"LineString","coordinates":[[85.9030448,20.0176216],[85.9036001,20.0175611],[85.9040277,20.0175016],[85.904099,20.0175016],[85.9041426,20.0175202],[85.9041782,20.0175797],[85.9042911,20.0178364],[85.9043267,20.017935],[85.9044077,20.0181965]]}},{"type":"Feature","properties":{"id":874518061,"highway":"tertiary"},"geometry":{"type":"LineString","coordinates":[[85.9028299,20.0173084],[85.9028462,20.0173479]]}},{"type":"Feature","properties":{"id":874518062,"highway":"tertiary"},"geometry":{"type":"LineString","coordinates":[[85.9028462,20.0173479],[85.9028509,20.0173726],[85.9028389,20.0173916],[85.9028049,20.0174111],[85.9027341,20.0174478],[85.9025903,20.017513],[85.9025348,20.0175378],[85.9025054,20.0175665],[85.9024853,20.0176093]]}},{"type":"Feature","properties":{"id":874518063,"highway":"residential"},"geometry":{"type":"LineString","coordinates":[[85.9028071,20.0172919],[85.9029951,20.0172166],[85.9034231,20.0170703],[85.9039648,20.0169052],[85.9045199,20.0167427],[85.9045783,20.0167236],[85.9046049,20.0167069],[85.9046182,20.016682],[85.9046241,20.0166348],[85.9046167,20.0165807],[85.9045975,20.0164657],[85.9045786,20.0163981],[85.9045537,20.0163389],[85.9044863,20.0161928],[85.9043694,20.0159046]]}},{"type":"Feature","properties":{"id":874518064,"highway":"residential"},"geometry":{"type":"LineString","coordinates":[[85.9026364,20.0150118],[85.9029631,20.0150086],[85.9029936,20.0150119],[85.9030184,20.0150184],[85.9030235,20.0150579],[85.9030362,20.0151907],[85.903052,20.0152534],[85.903079,20.0153146],[85.9031076,20.0153548],[85.9031457,20.0153772],[85.9032125,20.0153877],[85.9033681,20.0154026],[85.9034173,20.015413],[85.9034507,20.0154354],[85.9034697,20.0154683],[85.9035063,20.0155712],[85.9035269,20.0156205],[85.9035603,20.0156697],[85.9036127,20.015722],[85.9038367,20.0159342],[85.9038794,20.0159643],[85.9039243,20.0159729],[85.9039754,20.0159723],[85.904064,20.0159597],[85.9043694,20.0159046],[85.9045215,20.0158726],[85.9047317,20.015823]]}},{"type":"Feature","properties":{"id":874520922,"highway":"primary"},"geometry":{"type":"LineString","coordinates":[[85.8888369,20.1003272],[85.8889147,20.1003196],[85.8895058,20.1002602],[85.8897792,20.1002243],[85.8900395,20.1001712],[85.8902934,20.1001092],[85.8906014,20.100011],[85.8910597,20.0998398],[85.8914483,20.0996843],[85.8923162,20.099348],[85.894572,20.0984368],[85.8947091,20.0983959],[85.8948504,20.0983562],[85.8950842,20.0982917],[85.8957388,20.0981407],[85.8970608,20.0979521],[85.8979709,20.0978256],[85.8983094,20.097785],[85.8986208,20.0977152],[85.8987793,20.0976607],[85.8990327,20.0975303],[85.8993939,20.0973397],[85.9000763,20.096976],[85.9006412,20.0966669],[85.901194,20.0964108],[85.9014679,20.096322],[85.901849,20.0962137],[85.9020086,20.0961778],[85.9022492,20.0961236],[85.9035578,20.0958446],[85.9047914,20.0955742],[85.9049065,20.0955436],[85.9050592,20.0955008],[85.9052884,20.0954035],[85.9057994,20.095175],[85.9068347,20.0947416],[85.9071167,20.0946265],[85.9073547,20.0945675],[85.9078635,20.094435],[85.9093461,20.0940106],[85.9097741,20.0939229],[85.909919,20.09391],[85.9101747,20.093879],[85.9110808,20.0938597],[85.9127025,20.0937049],[85.913479,20.0936639],[85.9142916,20.0936063],[85.9147937,20.093553],[85.9155,20.0934081],[85.9158633,20.0933009]]}},{"type":"Feature","properties":{"id":874522040,"highway":"residential"},"geometry":{"type":"LineString","coordinates":[[85.9033872,20.0139774],[85.9033863,20.0140747],[85.9033826,20.0141515],[85.9033696,20.0142301],[85.9033399,20.0143156],[85.9032321,20.0145215],[85.903156,20.0146839],[85.9031021,20.0148148],[85.9030184,20.0150184]]}},{"type":"Feature","properties":{"id":874522046,"highway":"residential"},"geometry":{"type":"LineString","coordinates":[[85.9063693,20.013483],[85.9062671,20.01349],[85.9060677,20.0134924],[85.9056341,20.0135017],[85.9052528,20.0135135],[85.9049761,20.0135158],[85.9047668,20.0135064],[85.9045375,20.0135017],[85.9044079,20.0135041],[85.9042185,20.0135158],[85.9041964,20.0135186],[85.9040366,20.0135392],[85.9038746,20.0135743],[85.9036827,20.0136282],[85.903578,20.0136797],[85.9035132,20.0137383],[85.9034659,20.0138062],[85.9034315,20.0139004],[85.9034122,20.0139469],[85.9033872,20.0139774],[85.9033304,20.0139812],[85.9032229,20.013974],[85.9027124,20.0139409]]}},{"type":"Feature","properties":{"id":874526019,"highway":"residential"},"geometry":{"type":"LineString","coordinates":[[85.9041824,20.0096738],[85.9044199,20.009754],[85.9044536,20.009754],[85.9044745,20.0097374],[85.9044889,20.0097057],[85.9045929,20.0094508],[85.9046732,20.0092791],[85.9047549,20.0091308],[85.9048158,20.0090436],[85.9048615,20.009002],[85.904903,20.0089773],[85.9049681,20.0089473],[85.9054153,20.0087821],[85.905821,20.0086377],[85.9061863,20.0085122]]}},{"type":"Feature","properties":{"id":874526024,"highway":"residential"},"geometry":{"type":"LineString","coordinates":[[85.9036162,20.0210029],[85.9036546,20.0211166],[85.9036686,20.0211823],[85.9036764,20.021255],[85.9036866,20.0213061],[85.9037112,20.0213788],[85.9038429,20.0217008],[85.9038932,20.0218081],[85.9039436,20.02189],[85.9040249,20.022001],[85.904156,20.0221738]]}},{"type":"Feature","properties":{"id":874529217,"highway":"residential"},"geometry":{"type":"LineString","coordinates":[[85.9191811,20.0198258],[85.9194754,20.0199075],[85.9195339,20.0199169],[85.919584,20.0199169],[85.9196593,20.0198996],[85.9197027,20.0198981],[85.9197596,20.0199201],[85.9197947,20.0199279],[85.9198264,20.0199248],[85.9198532,20.0199138],[85.9200655,20.0197975],[85.920114,20.0197677],[85.9201441,20.0197504],[85.9201909,20.0197269],[85.9202645,20.019697],[85.9205373,20.0196029],[85.920673,20.0195609],[85.9207174,20.0195521],[85.9207675,20.019546]]}},{"type":"Feature","properties":{"id":874529219,"highway":"unclassified"},"geometry":{"type":"LineString","coordinates":[[85.9187206,20.0176528],[85.9186451,20.0176233],[85.9185526,20.0175978],[85.9184089,20.0175768],[85.9181963,20.0175589],[85.9178885,20.0175353],[85.9175371,20.0175156],[85.9173738,20.0175174],[85.9172427,20.0175299],[85.9171117,20.0175567],[85.9170072,20.0175799],[85.91688,20.0176191],[85.9167888,20.017653],[85.9166635,20.0177066],[85.9165413,20.0177654],[85.9165077,20.0177815],[85.9164166,20.0178404],[85.9162893,20.0179368],[85.9161355,20.0180474],[85.9160405,20.0181099],[85.9159323,20.0181616],[85.9158183,20.0182045],[85.9156759,20.0182473],[85.9155277,20.018283],[85.9154043,20.0183026],[85.9151157,20.0183348],[85.9149057,20.0183576]]}},{"type":"Feature","properties":{"id":874529220,"highway":"unclassified"},"geometry":{"type":"LineString","coordinates":[[85.91898,20.0177396],[85.9187206,20.0176528]]}},{"type":"Feature","properties":{"id":874529221,"highway":"residential"},"geometry":{"type":"LineString","coordinates":[[85.9165413,20.0177654],[85.9166363,20.0179945],[85.9166632,20.0180894],[85.9167282,20.0183823],[85.9168045,20.0188417],[85.9168224,20.0189155],[85.9168494,20.0189703],[85.9169032,20.0190293],[85.9170355,20.0191621]]}},{"type":"Feature","properties":{"id":874529222,"highway":"residential"},"geometry":{"type":"LineString","coordinates":[[85.9137766,20.0183377],[85.9137951,20.0185172],[85.9138219,20.0186947],[85.9138653,20.0188785],[85.9138938,20.0189523],[85.9139822,20.0191651],[85.9140416,20.0192868],[85.9140956,20.0193831],[85.9141251,20.019406],[85.9141612,20.0194087],[85.9142089,20.0193924],[85.9144171,20.019296]]}},{"type":"Feature","properties":{"id":874538262,"highway":"residential"},"geometry":{"type":"LineString","coordinates":[[85.918427,20.009509],[85.9184512,20.0095302],[85.918464,20.009564],[85.918508,20.0097533],[85.9185207,20.0097903],[85.9185381,20.0098196],[85.9185635,20.0098381],[85.9185948,20.0098468],[85.9186284,20.0098468],[85.9188403,20.0098175],[85.9188692,20.0098164],[85.9189005,20.0098262],[85.9189283,20.0098468],[85.9190154,20.0099613],[85.9190357,20.0099806],[85.919061,20.0099885],[85.9190906,20.0099854],[85.919161,20.0099662]]}},{"type":"Feature","properties":{"id":874538267,"highway":"residential"},"geometry":{"type":"LineString","coordinates":[[85.912385,20.011637],[85.9125319,20.0115825],[85.9125971,20.0115574],[85.9126439,20.0115338],[85.912679,20.0115103],[85.9128378,20.0114034],[85.9129231,20.0113437],[85.9129415,20.0113249],[85.9129538,20.0113044],[85.9129611,20.0112825],[85.9129649,20.0112623],[85.9129649,20.0112039],[85.9129465,20.0110563],[85.9129314,20.0110013],[85.912904,20.0109406],[85.9128405,20.0107976],[85.9128187,20.0107395],[85.9128003,20.0106672],[85.9127953,20.0106201],[85.9128087,20.0103798],[85.9128098,20.0103065],[85.9128051,20.0102525],[85.9127849,20.0101576]]}},{"type":"Feature","properties":{"id":874538268,"highway":"residential"},"geometry":{"type":"LineString","coordinates":[[85.9129649,20.0112623],[85.9130948,20.0112791],[85.913172,20.0112896],[85.9132057,20.0112943],[85.9132393,20.0112932],[85.9132684,20.0112821],[85.913291,20.0112619],[85.9133297,20.0112204],[85.9133534,20.0112012],[85.913377,20.0111911],[85.9134157,20.011187],[85.913462,20.0111881],[85.9137558,20.0112094],[85.9137792,20.0112102],[85.9138039,20.0112031],[85.9138239,20.0111899],[85.9138369,20.0111724],[85.9138444,20.0111524],[85.9138732,20.0110406],[85.9138824,20.0109944],[85.913888,20.0109551],[85.9138908,20.0109045],[85.9138889,20.0108626],[85.9138805,20.0108087],[85.9138102,20.0104395]]}},{"type":"Feature","properties":{"id":874538269,"highway":"tertiary"},"geometry":{"type":"LineString","coordinates":[[85.9093246,20.0172357],[85.9092684,20.0172411]]}},{"type":"Feature","properties":{"id":874538270,"highway":"tertiary"},"geometry":{"type":"LineString","coordinates":[[85.9092684,20.0172411],[85.9092075,20.0172526],[85.9091541,20.0172712],[85.9089439,20.0173514],[85.9086803,20.0174816],[85.9085081,20.0175747],[85.9083192,20.0176935],[85.9081364,20.0178266],[85.9077992,20.0180549],[85.9075666,20.0182031],[85.9073323,20.018352],[85.907236,20.0184264],[85.9071461,20.0185037],[85.9070212,20.0186254],[85.9069206,20.0187327],[85.9068185,20.0188587],[85.9066586,20.0190577],[85.9065611,20.0192152],[85.9065245,20.0192882],[85.9065047,20.0193497],[85.9064879,20.0194213],[85.9064758,20.0194843],[85.9064529,20.0197405],[85.9064392,20.0197992],[85.9064087,20.0198722],[85.9063752,20.0199209],[85.9063432,20.0199524],[85.9062731,20.0199982],[85.9060933,20.0200912],[85.9060248,20.0201198],[85.9059501,20.0201413],[85.9058526,20.0201585],[85.9057506,20.0201714],[85.9056622,20.0201771],[85.9055418,20.02018],[85.9052249,20.0201671],[85.9051274,20.0201671],[85.9050558,20.0201785],[85.9049842,20.0202057],[85.9049202,20.0202401],[85.9048669,20.0202802],[85.9048334,20.0203217],[85.9048136,20.0203632],[85.904806,20.0204047],[85.904806,20.0204519],[85.9048156,20.0206276],[85.9048197,20.0207039],[85.9048395,20.0209429],[85.9048715,20.0212135],[85.904908,20.0214597],[85.9049157,20.0215255],[85.9049096,20.0215985],[85.9048958,20.0216529],[85.9048745,20.0217102],[85.9048501,20.0217517],[85.9047374,20.0218848],[85.9047069,20.0219163],[85.9046734,20.0219378],[85.9046281,20.0219587],[85.9044338,20.0220276],[85.9043013,20.0220868],[85.904156,20.0221738],[85.9040717,20.0222349],[85.903999,20.0222996],[85.9039128,20.0223951],[85.9038305,20.0224724],[85.903716,20.0225365],[85.9036156,20.0225691],[85.9034728,20.0225996],[85.9032509,20.0226512],[85.9031328,20.0226926],[85.9030418,20.0227338],[85.9029453,20.0227888],[85.9025955,20.0230064],[85.9025444,20.0230405],[85.9024325,20.0231107],[85.9022992,20.0232025],[85.9021437,20.0233298],[85.901999,20.0234694]]}},{"type":"Feature","properties":{"id":874552020,"highway":"residential"},"geometry":{"type":"LineString","coordinates":[[85.9178489,20.0075461],[85.9178808,20.0078599],[85.9179257,20.0083335],[85.9179913,20.0090325]]}},{"type":"Feature","properties":{"id":874552027,"highway":"unclassified"},"geometry":{"type":"LineString","coordinates":[[85.9150838,20.0080882],[85.9152179,20.0080929],[85.9154366,20.0080838],[85.9155335,20.0080785],[85.9155886,20.0080695],[85.9156417,20.0080517],[85.9157341,20.0080042],[85.9159398,20.007904],[85.9159855,20.0078912],[85.9160371,20.0078789],[85.916374,20.0078353],[85.9165126,20.007811],[85.9167945,20.0077537],[85.9170615,20.0077171],[85.9170885,20.0077142]]}},{"type":"Feature","properties":{"id":874552230,"highway":"residential"},"geometry":{"type":"LineString","coordinates":[[85.9002698,20.0979129],[85.9003271,20.0979575],[85.9004352,20.0979781],[85.900741,20.0979802],[85.9011376,20.0980184],[85.9013527,20.0979867],[85.9016775,20.0978975]]}},{"type":"Feature","properties":{"id":874553669,"highway":"unclassified"},"geometry":{"type":"LineString","coordinates":[[85.8897407,20.0237436],[85.8899151,20.0236914],[85.8900042,20.0236455],[85.8900967,20.0235588],[85.8902428,20.0233665],[85.8907204,20.0227548],[85.8908269,20.0226457],[85.8910205,20.0224598],[85.8914276,20.0221083],[85.8915047,20.02204],[85.8919322,20.021715],[85.8920375,20.0216231],[85.8920902,20.0215615],[85.8921236,20.0214903],[85.8921442,20.0213755],[85.8921506,20.0212536],[85.8921737,20.021128],[85.8922136,20.0210446],[85.8923186,20.0209429],[85.8924604,20.0208297],[85.892657,20.0206835],[85.8928756,20.02057],[85.8930568,20.0204661],[85.8931571,20.0203804],[85.8932239,20.0202886],[85.8932522,20.0202125],[85.8932535,20.0201171],[85.8932329,20.0199106],[85.8932355,20.0198212],[85.8932522,20.0197656],[85.8932805,20.0197246],[85.8933524,20.0196654],[85.8935568,20.0195567],[85.8936494,20.0195108],[85.8937111,20.0194649],[85.8937651,20.0193985],[85.8938756,20.0192053],[85.8939148,20.0191245],[85.8939653,20.0190225],[85.8939939,20.0189371],[85.8940196,20.0188405],[85.894035,20.0187403],[85.8940298,20.0185787],[85.8940221,20.0183393],[85.893999,20.0181714],[85.8939296,20.0178731],[85.8938589,20.0176485],[85.8938152,20.0174842],[85.8938062,20.0173731],[85.8938152,20.0172487],[85.8938615,20.0171207],[85.8939502,20.0169419],[85.8942201,20.0165337],[85.8943679,20.0163368],[85.8944528,20.0162124],[85.8945427,20.0160615],[85.8946571,20.0159322],[85.8947652,20.0158382],[85.8948314,20.0157791],[85.8948711,20.0157286],[85.8949435,20.0156222],[85.8949799,20.0155958],[85.8950351,20.0155962],[85.8951333,20.0156073],[85.8952292,20.0156182],[85.8953161,20.0156205],[85.8953608,20.0156089],[85.8953922,20.0155887],[85.8954079,20.0155537],[85.8954104,20.0155063],[85.8954231,20.0141688],[85.8954319,20.0138141],[85.8954489,20.0137138],[85.8954679,20.0136451],[85.895572,20.0134397],[85.8956826,20.0132272],[85.8957417,20.0131305],[85.8958265,20.0130484],[85.8959808,20.0129349],[85.8961273,20.012854],[85.8966789,20.0126429],[85.8973767,20.0123443],[85.8981107,20.0121232],[85.8993426,20.0117879],[85.8995358,20.0117263],[85.8996168,20.0116712],[85.8996548,20.0115529],[85.8998376,20.0109469],[85.8999298,20.0107037],[85.90003,20.0104892],[85.9001154,20.0103375],[85.9001803,20.0102014],[85.9002508,20.0100218],[85.900288,20.009898],[85.9003269,20.0096015],[85.9003195,20.0094341],[85.9002991,20.0092248],[85.9002824,20.0090487],[85.9002991,20.0089492],[85.9003492,20.008862],[85.9004661,20.0087905],[85.9005685,20.0087316],[85.9006709,20.008664],[85.9007414,20.0085964],[85.9008009,20.0085405],[85.9008715,20.008495],[85.9009752,20.0084534],[85.9013183,20.0083572],[85.901559,20.0082545],[85.9017278,20.0081505],[85.9019007,20.0080296],[85.9020557,20.007884],[85.9021135,20.0078245],[85.9022175,20.0077176],[85.9023047,20.007611],[85.902344,20.0075443],[85.9024276,20.007361],[85.9024796,20.0072667],[85.9025279,20.0072039],[85.9025613,20.0071707],[85.9025885,20.0071483],[85.9026226,20.0071201],[85.9026914,20.0070834],[85.9027754,20.0070537],[85.9028419,20.0070328],[85.9029998,20.0069979],[85.9031335,20.0069857],[85.9036871,20.0069455],[85.9037451,20.0069347],[85.90378,20.0069176],[85.9038469,20.006874],[85.90391,20.0068443],[85.9039732,20.0068286],[85.9040475,20.0068129],[85.9041162,20.0067884],[85.9041905,20.0067553],[85.9042983,20.0066942],[85.9045695,20.0065301],[85.9046521,20.0064781],[85.90472,20.0064306],[85.9047849,20.0063761],[85.9049095,20.006277],[85.904954,20.0062491],[85.9050057,20.0062208],[85.9050637,20.0061984],[85.9052847,20.0061356],[85.9054222,20.006085],[85.9055299,20.0060378],[85.9056098,20.0060099],[85.9056897,20.0059925],[85.9060668,20.0059052],[85.9062228,20.0058633],[85.9063733,20.0058196],[85.9064643,20.005783],[85.9065591,20.0057359],[85.9066724,20.005659],[85.906847,20.0055194],[85.9068935,20.0054897],[85.9069511,20.0054723],[85.9070718,20.0054635],[85.9072279,20.0054478],[85.907278,20.0054286],[85.9073207,20.0053955],[85.9073709,20.0053309],[85.9074753,20.0051625],[85.9075055,20.0051261],[85.907555,20.0051079],[85.9076303,20.0050998],[85.9081531,20.0050937],[85.9082392,20.0050836],[85.9082908,20.0050634],[85.9083425,20.0050209],[85.9083812,20.0049764],[85.9084393,20.0048875],[85.9084716,20.0047985],[85.9084824,20.0047379],[85.9084393,20.0039978],[85.9084479,20.0039473],[85.9084694,20.0039089],[85.9085168,20.0038826],[85.9085962,20.0038599],[85.90867,20.0038528],[85.9096291,20.0038397],[85.9097322,20.0038333],[85.9098485,20.0038172],[85.9098693,20.0038121]]}},{"type":"Feature","properties":{"id":874553671,"highway":"unclassified"},"geometry":{"type":"LineString","coordinates":[[85.9111259,20.0082962],[85.9110991,20.0081665],[85.9110866,20.008076],[85.9110847,20.0079821],[85.911089,20.0079024],[85.9111039,20.0078105],[85.9111204,20.0077498],[85.9111382,20.0077137],[85.9111614,20.0076826],[85.9111961,20.0076577],[85.9113352,20.0075939],[85.9113733,20.0075644],[85.9114014,20.0075177],[85.9114246,20.0074275],[85.9114379,20.0073652],[85.9114627,20.0073123],[85.9115422,20.0071879],[85.911562,20.0071459],[85.911567,20.0071132],[85.9115521,20.0069218],[85.9115471,20.0068161],[85.911567,20.006466],[85.9115755,20.0063826],[85.9116106,20.0062042],[85.9116292,20.0061227],[85.9116292,20.0060839],[85.9116168,20.0060335],[85.9115714,20.0058978],[85.9115095,20.0055874],[85.9115033,20.0055137],[85.9115095,20.0054439],[85.9115384,20.0053702],[85.9116292,20.0052286],[85.9116601,20.0051724],[85.9116746,20.0050948],[85.9116725,20.0050328],[85.9116374,20.0048194],[85.91159,20.0045731],[85.911559,20.0044684],[85.911528,20.0043714],[85.9114868,20.0042589],[85.9112804,20.0038012],[85.9111318,20.0035336],[85.9110925,20.0034812],[85.9110451,20.0034464],[85.9109997,20.0034502],[85.9109419,20.0034735],[85.9108779,20.0035181],[85.9106529,20.0036926],[85.9106034,20.003712],[85.9105538,20.0037198],[85.910494,20.0037159],[85.910333,20.0036829],[85.9102504,20.0036732],[85.910128,20.0036789],[85.9099806,20.0037607]]}},{"type":"Feature","properties":{"id":874553676,"highway":"tertiary"},"geometry":{"type":"LineString","coordinates":[[85.9051799,20.0282423],[85.9049518,20.0285974],[85.904721,20.0289046],[85.9046021,20.0290004],[85.9044109,20.0290902],[85.9043301,20.0291258],[85.9038606,20.0293323],[85.9037969,20.0293701],[85.9037865,20.0294389],[85.9038182,20.0299107],[85.9038407,20.0300793],[85.9038769,20.030222],[85.9038972,20.030283],[85.9039255,20.0303476],[85.9039512,20.0304029],[85.9039689,20.0304224],[85.9039941,20.0304391],[85.9040339,20.0304456],[85.9041149,20.0304365],[85.9046799,20.0302765],[85.9048152,20.0302424],[85.9048795,20.0302362],[85.9049358,20.0302451],[85.9049701,20.0302726],[85.9050512,20.0303934],[85.9050878,20.0304346],[85.9051236,20.0304573],[85.9051638,20.0304717],[85.9052076,20.0304682],[85.9052843,20.030438],[85.9055072,20.0303158],[85.905554,20.0303007],[85.9055963,20.0303007],[85.9056351,20.0303186],[85.9057147,20.0304126],[85.9060245,20.0308941],[85.9061321,20.0310696],[85.9061717,20.031204],[85.9061802,20.031321],[85.9061646,20.0314872],[85.9061477,20.0315524],[85.9061009,20.0316056],[85.9059834,20.0316867],[85.9058113,20.0317812],[85.9057047,20.031843],[85.9056653,20.0318838],[85.905656,20.0319616],[85.9056745,20.0320246],[85.9058541,20.0323351],[85.9058929,20.0324022]]}},{"type":"Feature","properties":{"id":874553678,"highway":"unclassified"},"geometry":{"type":"LineString","coordinates":[[85.8939653,20.0190225],[85.8953116,20.0194356],[85.8956387,20.0195516],[85.8958678,20.0196314],[85.8959922,20.0196857],[85.8962371,20.0198024],[85.8963072,20.0198335],[85.8964393,20.0198732],[85.8967613,20.0199372],[85.8968965,20.0199556],[85.8969873,20.0199556],[85.8970936,20.0199411],[85.8974218,20.0198451],[85.897525,20.0198238],[85.8978047,20.0197782],[85.8980802,20.0197384],[85.8984166,20.0197287],[85.8985972,20.0197123],[85.8988604,20.0196667],[85.8993268,20.0195726],[85.8994909,20.0195581],[85.8998855,20.0195215],[85.9001088,20.0194943],[85.9002276,20.0194578],[85.9003398,20.0194098],[85.9003998,20.0193524],[85.9004252,20.0193138],[85.9004327,20.0192662],[85.9004304,20.0192102],[85.9003909,20.0189851],[85.900252,20.0180576],[85.9002341,20.0179035],[85.9002369,20.0178449],[85.9002542,20.0177998],[85.9002753,20.0177647],[85.9003088,20.017744],[85.9006905,20.017617],[85.9007845,20.0175851],[85.9008706,20.017575],[85.9009807,20.0175843],[85.9011173,20.0176045],[85.901215,20.0176154],[85.9012682,20.0176162],[85.9013176,20.0176131],[85.901418,20.0175973],[85.9015257,20.0175892],[85.9017627,20.0176031],[85.90202,20.0176185],[85.9023016,20.0176188],[85.9023371,20.0176177]]}},{"type":"Feature","properties":{"id":874566974,"highway":"residential"},"geometry":{"type":"LineString","coordinates":[[85.962328,20.0958174],[85.9632082,20.0952305],[85.96324,20.0951886],[85.9632592,20.0951347],[85.9633995,20.0943738],[85.9634219,20.0943199],[85.9634633,20.0942839],[85.9638652,20.0940922]]}},{"type":"Feature","properties":{"id":874568651,"highway":"residential"},"geometry":{"type":"LineString","coordinates":[[85.9601855,20.0958862],[85.9603252,20.0957876],[85.9603388,20.0957652],[85.9603357,20.0957351],[85.9601488,20.0954099],[85.960135,20.0953796],[85.9601275,20.0953486],[85.9600838,20.094963],[85.9600724,20.0949254],[85.9600501,20.0948762],[85.9599039,20.0946294],[85.9598838,20.094574],[85.9598798,20.0945286],[85.9599146,20.0944984],[85.9605754,20.0942055],[85.9606322,20.0941798],[85.961135,20.0939817],[85.9611948,20.0939614],[85.9617011,20.0937943],[85.9617441,20.0937807],[85.9623244,20.0936216]]}},{"type":"Feature","properties":{"id":874574517,"highway":"residential"},"geometry":{"type":"LineString","coordinates":[[85.9536853,20.0477091],[85.9536877,20.0476343],[85.9536842,20.0475713],[85.9536736,20.0474884],[85.9536577,20.0474088],[85.9535995,20.0472165],[85.9535236,20.0470026],[85.9534139,20.046742],[85.9533844,20.0466788],[85.9533532,20.0466326],[85.9532336,20.0464832],[85.9531696,20.0463969],[85.9531385,20.0463461],[85.9531057,20.0462783],[85.9530696,20.0461782],[85.9529466,20.0457423],[85.952822,20.0453818],[85.9526967,20.0450732],[85.952654,20.0449573],[85.9525474,20.0446481],[85.9524834,20.044442],[85.9524194,20.0442417],[85.9523493,20.0440942],[85.9522457,20.0438996],[85.952133,20.0437035],[85.9521025,20.043652],[85.9520918,20.0436105],[85.9521025,20.0435704],[85.9521315,20.043536],[85.9521634,20.0435074],[85.95236,20.0433657],[85.9524575,20.043307],[85.952565,20.0432412],[85.9526138,20.0432054],[85.952686,20.0431382],[85.9527079,20.0431142],[85.9527637,20.0430508],[85.9528039,20.0430204],[85.9528368,20.0430008],[85.9530227,20.0429349],[85.9534082,20.0428304],[85.9537525,20.0427474],[85.9538348,20.0427231],[85.9539551,20.042683],[85.9541136,20.0426258],[85.9542355,20.0425914],[85.9543052,20.0425822],[85.954333,20.0425785],[85.9543939,20.04258],[85.9544442,20.04259],[85.9545219,20.0426329],[85.954563,20.0426515],[85.9546087,20.042663],[85.9546559,20.042663],[85.9547321,20.0426544],[85.9548449,20.0426358],[85.9549485,20.0426114],[85.9550429,20.04258],[85.955273,20.0424898],[85.9553795,20.0424511],[85.9554269,20.042434],[85.9555147,20.0424096],[85.9555823,20.0423968],[85.9558245,20.0423653]]}},{"type":"Feature","properties":{"id":874574518,"highway":"residential"},"geometry":{"type":"LineString","coordinates":[[85.9531731,20.0344539],[85.9531628,20.0345372],[85.9531584,20.0346157],[85.9531672,20.0347108],[85.9531826,20.0348141],[85.9532046,20.0348926],[85.9532552,20.0350084],[85.9534004,20.0353225],[85.9534359,20.0354232],[85.9534432,20.0354541],[85.9534411,20.0354823],[85.9534255,20.035503],[85.953385,20.0355262],[85.9532914,20.0355527],[85.9532102,20.0355793],[85.9531714,20.0356041],[85.9531414,20.035634],[85.9531255,20.0356721],[85.9531273,20.0357119],[85.9531485,20.035813],[85.9532102,20.0360418],[85.9532226,20.0360982],[85.9532226,20.0361579],[85.9532102,20.0362258],[85.9531397,20.0364762],[85.9530285,20.036753],[85.9529826,20.0368492],[85.9529455,20.0369105],[85.9528944,20.0369785],[85.9528026,20.0370763],[85.9527108,20.0371659],[85.9525979,20.037267],[85.952485,20.0373532],[85.9523773,20.0374295],[85.9522137,20.0375303],[85.9520248,20.0376548],[85.951877,20.0377664],[85.9517399,20.0378723],[85.9516987,20.0379167],[85.9516728,20.0379611],[85.9516545,20.0380198],[85.9516454,20.0380856],[85.9516469,20.0381772],[85.9516561,20.0384706],[85.9516713,20.0387297],[85.9517063,20.0390775],[85.9517368,20.0394196],[85.9517492,20.0395106],[85.9517662,20.0396143],[85.9518441,20.040012],[85.9518936,20.0402221],[85.9519049,20.0402912],[85.9519064,20.040379],[85.9519021,20.0404801],[85.9518837,20.0405878],[85.9518412,20.0407461],[85.9518342,20.0407846],[85.9518313,20.0408365],[85.9518384,20.0409761],[85.9518894,20.0413485],[85.9519332,20.0415826],[85.9519531,20.0416557],[85.9519927,20.0417581],[85.9520493,20.0418459],[85.9521215,20.0419775],[85.9521612,20.0420693],[85.952198,20.0421677],[85.952215,20.0422515],[85.9522164,20.0423379],[85.9521937,20.0424536],[85.9521456,20.0426664]]}},{"type":"Feature","properties":{"id":874574519,"highway":"residential"},"geometry":{"type":"LineString","coordinates":[[85.9505865,20.0415923],[85.9506183,20.0416669],[85.9506536,20.0417332],[85.9507365,20.0418625],[85.9508089,20.041957],[85.9508654,20.0420184],[85.9509165,20.0420499],[85.9509801,20.0420714],[85.9510342,20.0420832],[85.951325,20.0421387],[85.9513957,20.0421595],[85.95144,20.0421814],[85.9514706,20.0422081],[85.9514959,20.0422448],[85.9515423,20.042333],[85.9515698,20.0423895],[85.9515972,20.042453],[85.9516183,20.0424876],[85.9516447,20.0425164],[85.9516869,20.0425501],[85.9517903,20.0426135],[85.9519074,20.0426799],[85.9519401,20.0426928],[85.951976,20.0426978],[85.9520193,20.0426938],[85.9521456,20.0426664],[85.9522714,20.0426274],[85.952301,20.0426195],[85.9523337,20.0426185],[85.9523537,20.0426274],[85.9523717,20.0426502],[85.9525542,20.0429327],[85.9525795,20.0429624],[85.9527079,20.0431142]]}},{"type":"Feature","properties":{"id":874574521,"highway":"residential"},"geometry":{"type":"LineString","coordinates":[[85.9539556,20.0418894],[85.9539837,20.0420409],[85.9539996,20.0421006],[85.9540203,20.0421546],[85.9540521,20.04222],[85.954112,20.0423303],[85.954143,20.0423773],[85.9541788,20.0424197],[85.9542257,20.042452],[85.9542599,20.0424818],[85.9542794,20.0425094],[85.9543052,20.0425822]]}},{"type":"Feature","properties":{"id":874574523,"highway":"residential"},"geometry":{"type":"LineString","coordinates":[[85.9528039,20.0430204],[85.9528805,20.0431749],[85.9529128,20.0432475],[85.9529474,20.043332],[85.9529771,20.0434105],[85.9530946,20.0436765]]}},{"type":"Feature","properties":{"id":874580173,"highway":"secondary"},"geometry":{"type":"LineString","coordinates":[[85.9664152,20.0483935],[85.967409,20.048587],[85.9691675,20.0489372],[85.9698325,20.0490655],[85.9708822,20.049268],[85.9711974,20.0493288],[85.9729175,20.0496753],[85.9735343,20.0497837],[85.974254,20.0498959],[85.975204,20.0500294],[85.9762137,20.0501836],[85.9764735,20.0502232],[85.9765221,20.0502306]]}},{"type":"Feature","properties":{"id":874580174,"highway":"secondary"},"geometry":{"type":"LineString","coordinates":[[85.966352,20.0483819],[85.9664152,20.0483935]]}},{"type":"Feature","properties":{"id":874580175,"highway":"secondary"},"geometry":{"type":"LineString","coordinates":[[85.9653206,20.0481897],[85.965739,20.0482647],[85.9663234,20.0483764],[85.966352,20.0483819]]}},{"type":"Feature","properties":{"id":874580176,"highway":"secondary"},"geometry":{"type":"LineString","coordinates":[[85.9650268,20.048137],[85.9653206,20.0481897]]}},{"type":"Feature","properties":{"id":874580177,"highway":"secondary"},"geometry":{"type":"LineString","coordinates":[[85.9601882,20.0478029],[85.9604178,20.0477935],[85.9614536,20.0478037],[85.9620841,20.0477999],[85.9621469,20.0478015],[85.9623287,20.047804],[85.9625905,20.0478188],[85.9631035,20.0478637],[85.9639182,20.0479627],[85.9642408,20.0480098],[85.9643855,20.0480309],[85.9647399,20.0480883],[85.9647772,20.0480944],[85.9649021,20.0481146],[85.9650268,20.048137]]}},{"type":"Feature","properties":{"id":874580178,"highway":"secondary"},"geometry":{"type":"LineString","coordinates":[[85.9601126,20.047806],[85.9601882,20.0478029]]}},{"type":"Feature","properties":{"id":874580181,"highway":"residential"},"geometry":{"type":"LineString","coordinates":[[85.966627,20.0431571],[85.9668428,20.0431101],[85.9670059,20.0430669],[85.9671433,20.0430289],[85.9673373,20.0429767],[85.9674438,20.0429457],[85.9674683,20.0429422],[85.9674915,20.0429457],[85.9675098,20.0429537],[85.9675367,20.042979],[85.9675893,20.0430903],[85.967643,20.0431822],[85.967687,20.0432683],[85.9677005,20.0433188],[85.9677029,20.0433647],[85.9677017,20.0434164],[85.9676891,20.0435265],[85.9676877,20.0435408]]}},{"type":"Feature","properties":{"id":874580182,"highway":"unclassified"},"geometry":{"type":"LineString","coordinates":[[85.9677184,20.0435297],[85.9677558,20.0435251]]}},{"type":"Feature","properties":{"id":874580185,"highway":"residential"},"geometry":{"type":"LineString","coordinates":[[85.9683126,20.043529],[85.9683802,20.0438144],[85.9683894,20.0438774],[85.9683934,20.0439651],[85.9684026,20.0442283],[85.9684076,20.0442788],[85.968426,20.0443493]]}},{"type":"Feature","properties":{"id":874585276,"highway":"residential"},"geometry":{"type":"LineString","coordinates":[[85.9535106,20.0308294],[85.9533031,20.0313453],[85.9531969,20.0316093],[85.9527731,20.0326703],[85.9526757,20.0329225],[85.9526586,20.0329921],[85.9526548,20.0330581]]}},{"type":"Feature","properties":{"id":874585277,"highway":"residential"},"geometry":{"type":"LineString","coordinates":[[85.9535354,20.0307676],[85.9535106,20.0308294]]}},{"type":"Feature","properties":{"id":874585278,"highway":"residential"},"geometry":{"type":"LineString","coordinates":[[85.952662,20.0330996],[85.9527897,20.0334667],[85.9529647,20.0339505],[85.9531024,20.0343357],[85.9531259,20.0343886],[85.9531731,20.0344539],[85.9532263,20.0344899],[85.9534232,20.0346065],[85.9540981,20.0350173],[85.9543479,20.0351827],[85.9546252,20.0353661],[85.9548096,20.0354883],[85.9554952,20.0359491],[85.9562173,20.0364472],[85.9570659,20.0370155],[85.9574805,20.0372991],[85.9581685,20.0377579],[85.9588905,20.0382114],[85.9593237,20.0384747],[85.9593619,20.0385],[85.9594024,20.0385349],[85.9594432,20.0385881],[85.959526,20.0387475],[85.9596484,20.0389971],[85.9598378,20.0393715],[85.9600127,20.0397088],[85.9600798,20.0398139],[85.9601798,20.0399584],[85.96031,20.0401339],[85.9605954,20.040538],[85.9608795,20.040926],[85.9611768,20.0413572],[85.9612754,20.0414969],[85.9613215,20.04155],[85.9613741,20.0416019],[85.9614113,20.0416328],[85.9614485,20.04166],[85.9614963,20.0416804],[85.9617016,20.041751]]}},{"type":"Feature","properties":{"id":874585279,"highway":"residential"},"geometry":{"type":"LineString","coordinates":[[85.9526548,20.0330581],[85.952662,20.0330996]]}},{"type":"Feature","properties":{"id":874585280,"highway":"unclassified"},"geometry":{"type":"LineString","coordinates":[[85.9615892,20.039612],[85.9615911,20.039675],[85.9615941,20.0397229],[85.961663,20.0401881],[85.9617581,20.0406825],[85.9618073,20.0408766],[85.961822,20.0409752],[85.9618253,20.041063],[85.9618138,20.0412017],[85.9617843,20.0414142],[85.9617318,20.0416277]]}},{"type":"Feature","properties":{"id":874585281,"highway":"unclassified"},"geometry":{"type":"LineString","coordinates":[[85.961591,20.0394989],[85.9615892,20.039612]]}},{"type":"Feature","properties":{"id":874585282,"highway":"unclassified"},"geometry":{"type":"LineString","coordinates":[[85.9617219,20.0416677],[85.9617016,20.041751],[85.9616628,20.0418893],[85.9615528,20.0424245],[85.9615186,20.0426296],[85.9615045,20.042802],[85.9615116,20.0429247],[85.9615275,20.0430706],[85.9615998,20.0434767],[85.9616157,20.0435994],[85.9616316,20.043805],[85.9616686,20.0442128],[85.9617022,20.0447267],[85.9617251,20.044919],[85.9617745,20.0452506],[85.9618504,20.045612],[85.9619775,20.0461723],[85.9621,20.0467009],[85.9621869,20.0469812],[85.9622197,20.0470983],[85.9622328,20.0471661],[85.9622328,20.0472292],[85.9622164,20.047391],[85.9621874,20.0475393],[85.9621469,20.0478015]]}},{"type":"Feature","properties":{"id":874585283,"highway":"unclassified"},"geometry":{"type":"LineString","coordinates":[[85.9617318,20.0416277],[85.9617219,20.0416677]]}},{"type":"Feature","properties":{"id":874591204,"highway":"residential"},"geometry":{"type":"LineString","coordinates":[[85.9615467,20.0391848],[85.9616042,20.0391583],[85.9616621,20.0391368],[85.9617459,20.0391225],[85.9618464,20.039111],[85.9618982,20.0390996],[85.9619988,20.039071],[85.9622121,20.0389937],[85.9623583,20.0389307],[85.9625061,20.038872],[85.9626051,20.038842],[85.9627042,20.0388205],[85.962758,20.0388064],[85.9627929,20.0387876],[85.9628103,20.038756]]}},{"type":"Feature","properties":{"id":874591205,"highway":"residential"},"geometry":{"type":"LineString","coordinates":[[85.9628073,20.0387079],[85.9628027,20.0386682],[85.9627864,20.0385256],[85.962775,20.0383825],[85.9627676,20.0382481],[85.9627628,20.0381425],[85.9627676,20.0380725],[85.9627872,20.0379519],[85.962819,20.0378223],[85.9628383,20.0377764],[85.9628749,20.0377071],[85.962936,20.0376111],[85.9629515,20.0375764],[85.962953,20.0375426],[85.9629398,20.0374516],[85.9629366,20.0374295],[85.9629384,20.0374038],[85.9629449,20.0373453],[85.9629449,20.0372914],[85.9629412,20.0372527],[85.962923,20.0371381],[85.962881,20.0369186],[85.9628433,20.0367877],[85.9627826,20.036612],[85.9627531,20.0365533],[85.9627269,20.0365195],[85.9626913,20.03649],[85.9626558,20.036467],[85.962614,20.0364416],[85.9624678,20.0363394],[85.9621896,20.0361377]]}},{"type":"Feature","properties":{"id":874591206,"highway":"residential"},"geometry":{"type":"LineString","coordinates":[[85.9628103,20.038756],[85.9628073,20.0387079]]}},{"type":"Feature","properties":{"id":874591207,"highway":"residential"},"geometry":{"type":"LineString","coordinates":[[85.9628027,20.0386682],[85.9634162,20.0385764],[85.9639042,20.0385097],[85.9641936,20.0384775],[85.9643684,20.0384664],[85.9645945,20.0384549],[85.9646919,20.0384537],[85.9647535,20.0384602],[85.9647819,20.0384683],[85.9648083,20.0384813],[85.9649501,20.0385847],[85.9650821,20.0386903],[85.9651615,20.0387615],[85.9652031,20.0388097],[85.9652373,20.0388671],[85.9652715,20.0389555],[85.9653391,20.0392444],[85.9653559,20.0393161],[85.9653599,20.0393386],[85.9654206,20.0396777],[85.9654451,20.0398201],[85.9654622,20.0398844],[85.9654842,20.0399441],[85.9655086,20.039997],[85.9655404,20.0400658],[85.9656651,20.0403161],[85.9658362,20.0406571],[85.9660293,20.0410498],[85.9662162,20.0414114],[85.9662774,20.0415125],[85.9663079,20.0415458],[85.9663519,20.0415837],[85.9664277,20.0416284],[85.9669874,20.041943],[85.9673541,20.0421543],[85.9674225,20.0422014],[85.9674641,20.0422427],[85.9674946,20.0422852],[85.9675154,20.0423208],[85.9675288,20.0423632],[85.9675741,20.0425642],[85.9676205,20.0428604],[85.9676352,20.0429247],[85.9676523,20.0429763],[85.9676865,20.0430487],[85.9677366,20.0431279],[85.9678406,20.0432565]]}},{"type":"Feature","properties":{"id":874591214,"highway":"residential"},"geometry":{"type":"LineString","coordinates":[[85.9671433,20.0430289],[85.9670493,20.0427488]]}},{"type":"Feature","properties":{"id":874591221,"highway":"residential"},"geometry":{"type":"LineString","coordinates":[[85.9562495,20.0321028],[85.9574178,20.0320132]]}},{"type":"Feature","properties":{"id":874595059,"highway":"residential"},"geometry":{"type":"LineString","coordinates":[[85.9665459,20.0052915],[85.9670687,20.0051378]]}},{"type":"Feature","properties":{"id":874596214,"highway":"residential"},"geometry":{"type":"LineString","coordinates":[[85.9656899,20.0315144],[85.9656375,20.0313322],[85.9656347,20.031291],[85.965646,20.0312631],[85.9656686,20.0312484],[85.9657054,20.0312414],[85.9660141,20.0312032],[85.9661062,20.0311881],[85.9661938,20.0311713],[85.9664414,20.0311186]]}},{"type":"Feature","properties":{"id":874596217,"highway":"residential"},"geometry":{"type":"LineString","coordinates":[[85.9647535,20.0384602],[85.9647579,20.0383094],[85.964758,20.038281],[85.964759,20.0380268],[85.9647843,20.0375579],[85.9647864,20.0375183],[85.9648023,20.0372368],[85.9648121,20.0371312],[85.9648182,20.0370922],[85.9648329,20.03706],[85.9648561,20.0370244],[85.9648916,20.0369923],[85.9649612,20.0369475],[85.9651812,20.0368327],[85.9652115,20.0368142],[85.9653303,20.0367328],[85.9654017,20.0366805],[85.9654525,20.0366432],[85.9655016,20.0366061],[85.9655967,20.0365341],[85.9658233,20.0363624],[85.9659246,20.0362772],[85.96599,20.0362306],[85.966028,20.0362068],[85.9660807,20.036183],[85.9661968,20.0361424],[85.9663477,20.0360978],[85.9666463,20.0360076],[85.9667824,20.0359719],[85.9669554,20.0359302],[85.9672255,20.0358668],[85.9675473,20.0357865],[85.967617,20.0357687],[85.9676769,20.0357459],[85.9677225,20.0357233],[85.9678282,20.0356587]]}},{"type":"Feature","properties":{"id":874596218,"highway":"residential"},"geometry":{"type":"LineString","coordinates":[[85.9652115,20.0368142],[85.9652457,20.0368707],[85.965263,20.0369144],[85.9652967,20.0369939],[85.9653122,20.0370196],[85.9653368,20.0370513],[85.9653723,20.0370864],[85.9654051,20.037118],[85.965427,20.0371454],[85.9654406,20.0371728],[85.9654534,20.0372182],[85.9654871,20.0373602],[85.9654938,20.0373917],[85.9655087,20.0374623],[85.9655478,20.0375909],[85.9655769,20.0376825],[85.9655869,20.0377138],[85.9656065,20.0377942],[85.9656126,20.0378562],[85.9656102,20.0379182],[85.9655796,20.0381708],[85.9655746,20.0382143],[85.9655686,20.0382672],[85.9655613,20.0383901],[85.9655588,20.0384831],[85.9655491,20.0385611],[85.9655368,20.0386323],[85.9655332,20.038684],[85.9655368,20.0387609],[85.9655503,20.0388849],[85.9655649,20.0389527],[85.9655821,20.0390147],[85.9656248,20.039118],[85.9656983,20.0393085],[85.9657083,20.039343],[85.9657206,20.0393914],[85.9657368,20.0395101],[85.9657645,20.0396919],[85.9657738,20.0397522],[85.9657685,20.0398036],[85.9657487,20.0398438],[85.9657102,20.0398807],[85.9655086,20.039997]]}},{"type":"Feature","properties":{"id":874596219,"highway":"residential"},"geometry":{"type":"LineString","coordinates":[[85.9653599,20.0393386],[85.9656983,20.0393085]]}},{"type":"Feature","properties":{"id":874596220,"highway":"residential"},"geometry":{"type":"LineString","coordinates":[[85.9657206,20.0393914],[85.965795,20.0393861],[85.9658401,20.0393956],[85.9658891,20.0394211],[85.9659455,20.0394519],[85.9659926,20.0394634],[85.9660402,20.0394619],[85.9660848,20.0394582],[85.966114,20.0394557],[85.9661976,20.0394418],[85.9662583,20.0394249],[85.9663894,20.0393864],[85.9666826,20.0392939],[85.9668134,20.039248],[85.9669222,20.0392101],[85.9670137,20.0391735],[85.9670907,20.0391359],[85.967134,20.03912],[85.9671719,20.0391111],[85.9673281,20.0390784],[85.9674009,20.0390645],[85.9674695,20.0390546],[85.9675212,20.0390546],[85.9675761,20.0390615],[85.9676425,20.0390774],[85.9676816,20.0390823],[85.967709,20.0390813],[85.9677449,20.0390754],[85.9680938,20.0389854]]}},{"type":"Feature","properties":{"id":874614252,"highway":"residential"},"geometry":{"type":"LineString","coordinates":[[85.9596545,20.0941691],[85.9597675,20.0943629],[85.9598798,20.0945286]]}},{"type":"Feature","properties":{"id":874615946,"highway":"residential"},"geometry":{"type":"LineString","coordinates":[[85.964758,20.038281],[85.965106,20.0382663],[85.9651403,20.0382617],[85.9651864,20.0382506],[85.9652207,20.0382322],[85.9652737,20.0381972],[85.9652982,20.0381871],[85.9653364,20.0381788],[85.9653756,20.0381816],[85.9655746,20.0382143]]}},{"type":"Feature","properties":{"id":874615947,"highway":"residential"},"geometry":{"type":"LineString","coordinates":[[85.9647843,20.0375579],[85.9648656,20.0375484],[85.9649463,20.0375313],[85.9650496,20.0374961],[85.9651722,20.037462],[85.9652597,20.0374406],[85.9654938,20.0373917]]}},{"type":"Feature","properties":{"id":874615948,"highway":"residential"},"geometry":{"type":"LineString","coordinates":[[85.9655769,20.0376825],[85.9658139,20.0376533],[85.9660543,20.0376237],[85.9661148,20.0376144],[85.9661833,20.0375972],[85.9662249,20.0375839],[85.9662641,20.0375714],[85.9663265,20.0375586],[85.9664179,20.0375514],[85.9665292,20.03756],[85.9665916,20.0375671],[85.9666876,20.0375614],[85.966904,20.0375414]]}},{"type":"Feature","properties":{"id":874615952,"highway":"residential"},"geometry":{"type":"LineString","coordinates":[[85.9629515,20.0375764],[85.9633292,20.0375142],[85.9633673,20.0375129],[85.9634015,20.0375179],[85.9634239,20.0375302],[85.9634528,20.0375624],[85.9635982,20.0378004]]}},{"type":"Feature","properties":{"id":874615956,"highway":"residential"},"geometry":{"type":"LineString","coordinates":[[85.9533031,20.0313453],[85.9535401,20.0313492],[85.9538186,20.0313473],[85.9538513,20.0313502],[85.9538756,20.0313611],[85.9538988,20.0313889],[85.9539083,20.0314216],[85.9539613,20.0316425],[85.9539771,20.031701],[85.9539971,20.0317595],[85.9540246,20.0318239],[85.9540478,20.0318765],[85.9540773,20.0319538],[85.954138,20.0321213],[85.9541554,20.0321739],[85.954242,20.0324799]]}},{"type":"Feature","properties":{"id":874615957,"highway":"residential"},"geometry":{"type":"LineString","coordinates":[[85.9534411,20.0354823],[85.9536185,20.035511],[85.9536784,20.0355156],[85.9537334,20.0355144],[85.9538715,20.0355041],[85.9539079,20.0355045],[85.9539303,20.0355118],[85.9539511,20.0355257],[85.9539717,20.0355523],[85.9539998,20.0355971],[85.9540898,20.035797]]}},{"type":"Feature","properties":{"id":874615958,"highway":"residential"},"geometry":{"type":"LineString","coordinates":[[85.9539717,20.0355523],[85.954337,20.0354469]]}},{"type":"Feature","properties":{"id":874615959,"highway":"residential"},"geometry":{"type":"LineString","coordinates":[[85.9537662,20.035202],[85.9538197,20.0353464],[85.9538478,20.0354283],[85.9538715,20.0355041]]}},{"type":"Feature","properties":{"id":874624801,"highway":"residential"},"geometry":{"type":"LineString","coordinates":[[85.9558245,20.0423653],[85.9558853,20.0423524]]}},{"type":"Feature","properties":{"id":874624802,"highway":"residential"},"geometry":{"type":"LineString","coordinates":[[85.9558853,20.0423524],[85.9560408,20.042318],[85.9564248,20.0421978],[85.9564872,20.0421835],[85.9566198,20.0421577],[85.9567843,20.0421291],[85.9568544,20.0421105],[85.956993,20.0420704],[85.9572566,20.0419788],[85.9573173,20.0419528],[85.957349,20.0419247],[85.9573649,20.0418816],[85.9573649,20.0418235],[85.957349,20.0417158],[85.9573455,20.0416743],[85.9573614,20.0416495],[85.9573879,20.0416362],[85.9574567,20.0416246],[85.9577002,20.0415931],[85.9578184,20.0415749],[85.9580373,20.0415334],[85.9582296,20.0414953],[85.958332,20.0414787],[85.9584784,20.0414588],[85.9586602,20.0414472],[85.9587061,20.0414356],[85.9587343,20.0414124],[85.9587467,20.0413826],[85.9587502,20.0413129],[85.9587502,20.0412897],[85.9587678,20.0412682],[85.9588014,20.0412665],[85.9589849,20.0412532],[85.9591667,20.0412267],[85.9593026,20.0412085],[85.9593484,20.0412101],[85.959389,20.04123],[85.9594102,20.0412632],[85.9594596,20.0415268],[85.959472,20.0415616],[85.9595002,20.0415848],[85.9595443,20.0416014],[85.9595973,20.0416064],[85.9598973,20.041618],[85.9600949,20.0416196],[85.9601867,20.0416213],[85.9602925,20.0416296],[85.9607249,20.0416926],[85.9608608,20.0417025],[85.9609384,20.0416992],[85.9610372,20.0416859],[85.9611802,20.0416611],[85.9612967,20.0416511],[85.9613657,20.041651],[85.9614485,20.04166]]}},{"type":"Feature","properties":{"id":874630084,"highway":"unclassified"},"geometry":{"type":"LineString","coordinates":[[85.9677558,20.0435251],[85.9677933,20.0435205],[85.9678139,20.0435162],[85.9678181,20.043498],[85.9678205,20.0433349],[85.9678283,20.0432883],[85.9678406,20.0432565],[85.9678722,20.0432341],[85.9679154,20.0432051],[85.9680265,20.0431411],[85.9681107,20.0431001],[85.9681724,20.0430771],[85.9683061,20.0430283],[85.9684114,20.0429958],[85.9689362,20.0428041],[85.9694397,20.0426281],[85.9697319,20.0425415],[85.9700543,20.0424565],[85.9703291,20.0423789],[85.9706039,20.0422879],[85.9708389,20.0421909],[85.9709803,20.0421476],[85.9710503,20.0421223],[85.9711079,20.0421022],[85.9712042,20.0420686],[85.9713487,20.0420238],[85.9715838,20.0419611],[85.9718284,20.0419089],[85.9721826,20.0418522],[85.9724557,20.0418149],[85.972883,20.0417597],[85.97318,20.0417194],[85.9733293,20.0417075],[85.9736882,20.041709],[85.9739106,20.0416955],[85.974125,20.0416702],[85.9743171,20.0416359],[85.9744172,20.0416075],[85.9744791,20.0415777],[85.9745427,20.0415314],[85.9745999,20.0414792],[85.9746396,20.0414285],[85.974657,20.0413912],[85.9746634,20.0413554],[85.9746618,20.0413106],[85.9746281,20.040981]]}},{"type":"Feature","properties":{"id":874630085,"highway":"residential"},"geometry":{"type":"LineString","coordinates":[[85.9678139,20.0435162],[85.967879,20.0435088],[85.9679672,20.0435005],[85.9680555,20.0434989],[85.9681949,20.0435171],[85.9683126,20.043529],[85.9683517,20.043533],[85.9684936,20.0435322],[85.9685733,20.0435239],[85.9686427,20.0435114],[85.9688699,20.0434421],[85.9692905,20.0433049],[85.9694661,20.0432411],[85.9696521,20.0431621],[85.9700328,20.042986],[85.9701597,20.0429222],[85.9702438,20.0428696],[85.9703442,20.0428044],[85.970415,20.0427628],[85.9704991,20.0427143],[85.9706216,20.0426463],[85.970691,20.042602],[85.9707382,20.0425604],[85.9708386,20.0424592],[85.9708932,20.0423829],[85.9710083,20.0422124],[85.9710319,20.042175],[85.9710446,20.0421486],[85.9710503,20.0421223],[85.9710459,20.0420872],[85.9710354,20.0420482],[85.9710113,20.0419857],[85.9709788,20.041915],[85.9709508,20.0418665],[85.9708018,20.0416904],[85.9707413,20.0416253],[85.9707044,20.0415754],[85.9706719,20.0415185],[85.9706188,20.0413882],[85.9705317,20.0411803],[85.9704889,20.0411026],[85.9704476,20.0410513],[85.9704077,20.0410153],[85.9703753,20.0409987],[85.9703413,20.0409903],[85.9703059,20.0409876],[85.9702484,20.0409987],[85.9701333,20.041025],[85.9697274,20.0411595],[85.9696714,20.0411719],[85.9696197,20.0411706],[85.9695828,20.0411581],[85.9695459,20.0411304],[85.9695149,20.0410874],[85.9694854,20.0410208],[85.9694648,20.0409487],[85.9694544,20.0408891],[85.969447,20.0408046],[85.9694411,20.0407699],[85.9694249,20.0407533],[85.9693865,20.0407505],[85.9693393,20.0407547],[85.9693009,20.0407394],[85.9692818,20.0407131],[85.9692065,20.0405009],[85.9691873,20.0404774],[85.9691637,20.0404718],[85.9691386,20.0404774],[85.9690663,20.0404954],[85.9688007,20.0405911]]}},{"type":"Feature","properties":{"id":874630086,"highway":"unclassified"},"geometry":{"type":"LineString","coordinates":[[85.9550306,20.0265803],[85.9551297,20.0265602],[85.9552693,20.026528],[85.9554422,20.0265026],[85.9555533,20.0264953],[85.9556621,20.0265089],[85.9557805,20.0265521],[85.9559472,20.0266224],[85.9560874,20.0266951],[85.956242,20.0267927],[85.9563749,20.0269039],[85.9565271,20.0270583],[85.9566406,20.0272035],[85.9567179,20.0273375],[85.9567614,20.0274282],[85.9567836,20.0275054],[85.9567905,20.0275554],[85.9567895,20.0276063],[85.9567711,20.0276557],[85.9567179,20.0277551],[85.956701,20.0278255],[85.956701,20.0279458],[85.9567228,20.0281682],[85.9567663,20.0284747],[85.9568267,20.028906],[85.9568632,20.0291381],[85.9568868,20.0292004],[85.9569224,20.0292404],[85.9569786,20.0292804],[85.95701,20.0293027],[85.9570431,20.0293583],[85.9570502,20.0294295],[85.9570478,20.0295318],[85.9570265,20.0296809],[85.9569437,20.0300345],[85.9569247,20.0301191],[85.9569224,20.030188],[85.9569389,20.0303059],[85.9570491,20.0307923],[85.9571043,20.0309555],[85.9571493,20.0310131],[85.9572085,20.0310554],[85.9572883,20.0310861],[85.9573332,20.0311245],[85.9573618,20.0311706],[85.9573762,20.0312417],[85.9574152,20.031583],[85.9574174,20.0316272],[85.957415,20.0316814],[85.9574056,20.0319327],[85.9574089,20.0319825],[85.9574178,20.0320132],[85.9574361,20.0320404],[85.9574745,20.0320683],[85.957727,20.0322008],[85.9578205,20.0322578],[85.9578598,20.0322963],[85.9578844,20.0323502],[85.9579293,20.0325242],[85.9579664,20.0326676],[85.9580648,20.0331266],[85.9581501,20.0334363],[85.9582206,20.0336843],[85.9582829,20.0339164],[85.9583069,20.0340387],[85.9583197,20.0341997],[85.958331,20.0345148],[85.9583437,20.0346917],[85.9583791,20.0349138],[85.9584414,20.0352703],[85.9585136,20.0356679],[85.9585377,20.0357943],[85.9585575,20.0358514],[85.9585802,20.0359006],[85.9586085,20.0359472],[85.9586665,20.0360163],[85.9587982,20.0361547],[85.9590317,20.0363568],[85.9592964,20.0365935],[85.9593672,20.0366826],[85.9594706,20.0368143],[85.9596985,20.0371401],[85.9598315,20.0373104],[85.9598981,20.0374154],[85.959942,20.0375205],[85.9600325,20.0377648],[85.9601404,20.038088],[85.9602676,20.0385094],[85.9602892,20.0385681],[85.9603369,20.0386716],[85.9604084,20.0387985],[85.9605163,20.0389628],[85.9605697,20.0390226],[85.9606398,20.0390743],[85.9607201,20.0391036],[85.9608349,20.0391267],[85.9609628,20.0391344],[85.961235,20.039136],[85.9614236,20.0391421],[85.9614918,20.0391572],[85.9615467,20.0391848],[85.9615719,20.0392173],[85.9615868,20.0392646],[85.9615892,20.0393177],[85.961591,20.0394989]]}},{"type":"Feature","properties":{"id":874630087,"highway":"unclassified"},"geometry":{"type":"LineString","coordinates":[[85.9427899,20.0163967],[85.9428737,20.0167502],[85.9429512,20.0171647],[85.9429746,20.0172823],[85.9430036,20.0173812],[85.9430895,20.017778],[85.9431186,20.0179601],[85.9431573,20.0183088],[85.9431767,20.018422],[85.9431989,20.0185209],[85.9432598,20.0187394],[85.9433886,20.0191076],[85.9434772,20.0193561],[85.943599,20.019641],[85.9436281,20.0197269],[85.9436807,20.0199142],[85.9437399,20.0201541],[85.9437719,20.0202462],[85.9438339,20.0203871],[85.9438739,20.0204397],[85.9439159,20.0204622],[85.9439798,20.0204791],[85.9440538,20.0204754],[85.9442897,20.0204453],[85.9443517,20.0204509],[85.9443937,20.0204754],[85.9444177,20.0205167],[85.9444277,20.0205787],[85.9444537,20.0207008],[85.9444797,20.0207759],[85.9444977,20.020806],[85.9445237,20.0208379],[85.9445756,20.020868],[85.9446496,20.020883],[85.9447156,20.0209055],[85.9447656,20.0209412],[85.9447896,20.0209769],[85.9448136,20.0210295],[85.9448455,20.0210652],[85.9448955,20.0210727],[85.9449455,20.0210727],[85.9449819,20.0210713],[85.9450395,20.021069],[85.9451235,20.0210746],[85.9452014,20.0210878],[85.9453134,20.0211178],[85.9453889,20.0211454],[85.9456473,20.0212399],[85.9457492,20.0212625],[85.9458472,20.0212737],[85.9459772,20.0212831],[85.9460691,20.0213],[85.9461571,20.0213245],[85.946449,20.0213902],[85.946529,20.0214146],[85.946593,20.0214466],[85.9466489,20.0214973],[85.9468449,20.0217095],[85.9472028,20.0220796],[85.9472519,20.0221252],[85.9473185,20.022187],[85.9474875,20.022334],[85.9475333,20.0223928],[85.9475584,20.0224614],[85.9475834,20.0226241],[85.9475959,20.0227371],[85.9476211,20.0228556],[85.9476626,20.0229622],[85.9477076,20.0230349],[85.9477526,20.0230789],[85.9477886,20.0230924],[85.9478318,20.0230891],[85.9478949,20.0230721],[85.9480947,20.0230078],[85.9483703,20.0229165],[85.9484459,20.0228979],[85.9485017,20.0228962],[85.9485594,20.0229046],[85.9486134,20.0229182],[85.9486638,20.0229368],[85.948707,20.0229672],[85.9487989,20.0230484],[85.9489573,20.0232092],[85.949087,20.0233276],[85.9494724,20.0236423],[85.9499045,20.0240027],[85.9500252,20.0240924],[85.9501369,20.0241634],[85.9503511,20.0242785],[85.9507203,20.0244646],[85.9512624,20.024759],[85.9515235,20.0249028],[85.9517108,20.0249925],[85.9518962,20.025072],[85.9522096,20.0251904],[85.9522828,20.0252215],[85.9523332,20.025248],[85.9523537,20.0252714],[85.952377,20.025306],[85.9524088,20.025367],[85.9525337,20.0256117],[85.9527786,20.0261058],[85.9530433,20.0266506],[85.9533261,20.0272326],[85.9534125,20.0274153],[85.9534557,20.0275151],[85.9535095,20.0276644],[85.9535375,20.0277151],[85.9535846,20.0277122],[85.9536223,20.0277021],[85.9537216,20.0276167],[85.9538152,20.0275483],[85.95407,20.0273358],[85.9541584,20.0272527],[85.9542078,20.0271818],[85.9542442,20.0270963],[85.9542624,20.0269986],[85.9542832,20.0267592],[85.9542922,20.02672],[85.9543145,20.026684],[85.9543526,20.0266633],[85.9544348,20.0266474],[85.9548897,20.0266001]]}},{"type":"Feature","properties":{"id":874962158,"highway":"primary"},"geometry":{"type":"LineString","coordinates":[[85.9159929,20.093265],[85.9183632,20.0923639],[85.9187328,20.092218],[85.9197791,20.09183],[85.9200366,20.091755],[85.9202639,20.0916843],[85.9211046,20.0914215],[85.9217988,20.091214],[85.9219798,20.0911691],[85.9224891,20.0910124]]}},{"type":"Feature","properties":{"id":874962159,"highway":"primary"},"geometry":{"type":"LineString","coordinates":[[85.9158633,20.0933009],[85.9159929,20.093265]]}},{"type":"Feature","properties":{"id":874962160,"highway":"unclassified"},"geometry":{"type":"LineString","coordinates":[[85.9126192,20.0980681],[85.9125656,20.0980002],[85.9125113,20.0979176],[85.9119217,20.0971915],[85.9114831,20.0967556],[85.911353,20.0966376],[85.9111965,20.0964338],[85.9109894,20.0961021],[85.9108407,20.0958353],[85.9108064,20.0957364],[85.9107809,20.0955955],[85.910737,20.0953582],[85.9106234,20.0950864],[85.909919,20.09391]]}},{"type":"Feature","properties":{"id":874962161,"highway":"unclassified"},"geometry":{"type":"LineString","coordinates":[[85.9127634,20.0982376],[85.9126192,20.0980681]]}},{"type":"Feature","properties":{"id":874969698,"highway":"unclassified"},"geometry":{"type":"LineString","coordinates":[[85.9230681,20.1115986],[85.9230523,20.1115694],[85.9230454,20.1115565],[85.922688,20.1107357],[85.9226546,20.1106591],[85.9226238,20.1106092],[85.9225298,20.1104826],[85.9220016,20.1097738],[85.9216452,20.1093322],[85.9213134,20.1088791],[85.9212318,20.1087201],[85.9211503,20.10854],[85.9210036,20.1081528],[85.9209669,20.1079823],[85.9209426,20.1078233],[85.9208939,20.1074938],[85.9207842,20.1070038],[85.9206236,20.1065507],[85.9204221,20.1061091],[85.9201144,20.1054834],[85.9197452,20.1047736],[85.919279,20.1035622],[85.9191958,20.1033327],[85.9190839,20.1031147],[85.9187561,20.1025052],[85.918049,20.1012574],[85.9180125,20.1011841],[85.9179773,20.1010951],[85.9178906,20.1007755],[85.9175902,20.099891],[85.9174334,20.099516],[85.9174161,20.0994856],[85.9173871,20.099452],[85.9173597,20.0994264],[85.9173238,20.0994023],[85.9172746,20.0993872],[85.9170567,20.0993832],[85.9168032,20.0993678],[85.9167528,20.0993651],[85.9166991,20.0993528],[85.916612,20.0993172],[85.916428,20.0991851],[85.9163335,20.0991278],[85.9162322,20.0990864],[85.916052,20.0990143],[85.915918,20.0989862],[85.9157608,20.0989695],[85.9155173,20.0989556],[85.9153607,20.0989623],[85.9152329,20.0989682],[85.915088,20.0989924],[85.9148842,20.0990424],[85.914277,20.0992774],[85.9142304,20.0992892],[85.9141879,20.0992912],[85.9141477,20.0992814],[85.9141139,20.0992677],[85.91408,20.0992509],[85.9139399,20.0991519],[85.9136441,20.098983],[85.9135147,20.0989012],[85.913388,20.0988114],[85.9133128,20.0987482],[85.91324,20.0986781],[85.9130859,20.098531],[85.9127634,20.0982376]]}},{"type":"Feature","properties":{"id":874977276,"highway":"residential"},"geometry":{"type":"LineString","coordinates":[[85.9535375,20.0277151],[85.9536064,20.0278993],[85.9536783,20.0281271],[85.9537927,20.0284962],[85.9538787,20.0287886],[85.9539121,20.0289432],[85.953921,20.0290541],[85.9539269,20.0292454],[85.9538944,20.0296226],[85.9538561,20.029861],[85.9537941,20.0300524],[85.9535697,20.0306828],[85.9535354,20.0307676]]}},{"type":"Feature","properties":{"id":874982607,"highway":"residential"},"geometry":{"type":"LineString","coordinates":[[85.9657063,20.0071085],[85.9657411,20.0071531],[85.9657576,20.0071715],[85.9658366,20.0072344],[85.9658762,20.0072529],[85.9659157,20.0072586],[85.9660206,20.0072544],[85.9661643,20.0072455],[85.9661999,20.0072444],[85.9662369,20.0072465],[85.966254,20.0072662],[85.9662835,20.0073343],[85.9663002,20.0073972],[85.9663393,20.0076471]]}},{"type":"Feature","properties":{"id":874985780,"highway":"residential"},"geometry":{"type":"LineString","coordinates":[[85.9155173,20.0989556],[85.9155737,20.0988178],[85.9156477,20.0986718],[85.9157588,20.0984903],[85.9158143,20.0983996],[85.9158919,20.0983088],[85.9161936,20.098052]]}},{"type":"Feature","properties":{"id":874988656,"highway":"residential"},"geometry":{"type":"LineString","coordinates":[[85.9192432,20.0938878],[85.9196762,20.0937434],[85.919693,20.0937332],[85.9197072,20.0937206],[85.9197159,20.0937046],[85.919718,20.0936881],[85.9196133,20.093457],[85.9196134,20.0934467],[85.919619,20.093437],[85.9196268,20.0934298],[85.9196377,20.0934232],[85.9198661,20.0933634],[85.9200542,20.093276],[85.9202422,20.0931351],[85.9203941,20.0929889],[85.9204097,20.0929662],[85.9204188,20.0929415],[85.9204214,20.0929143],[85.9204131,20.0928872],[85.920396,20.0928569],[85.9203171,20.0928296],[85.9202692,20.0926836],[85.9202058,20.0924508],[85.9201912,20.0923971],[85.9200366,20.091755]]}},{"type":"Feature","properties":{"id":874988657,"highway":"residential"},"geometry":{"type":"LineString","coordinates":[[85.9193264,20.0929111],[85.9196247,20.0927344],[85.9197628,20.0926196],[85.9198507,20.0925289],[85.9198972,20.0924979],[85.9199815,20.0924543],[85.9201912,20.0923971]]}},{"type":"Feature","properties":{"id":874988658,"highway":"residential"},"geometry":{"type":"LineString","coordinates":[[85.901665,20.097861],[85.9019359,20.097858],[85.9021998,20.0978704],[85.9030881,20.0979898],[85.9035657,20.0980452],[85.9041987,20.0980685],[85.9046571,20.0981135],[85.9048334,20.0981278],[85.9049572,20.0981083],[85.9050398,20.0980702],[85.9051213,20.0980203],[85.9051883,20.0980132]]}},{"type":"Feature","properties":{"id":874988660,"highway":"residential"},"geometry":{"type":"LineString","coordinates":[[85.9023659,20.1002123],[85.9028434,20.1000987],[85.9032326,20.1000037],[85.9037869,20.0998462],[85.9041892,20.0996803],[85.9043864,20.0995079],[85.9046481,20.0992811],[85.9051244,20.098945],[85.9051542,20.0988797],[85.9051699,20.098783],[85.9051903,20.0986616],[85.9052093,20.098538],[85.9052228,20.0984005],[85.9052343,20.0982816],[85.9052284,20.0981725],[85.9051883,20.0980132],[85.905186,20.0979526],[85.9051744,20.0978908],[85.9051243,20.0976956],[85.9051005,20.0976413],[85.9050809,20.0975578],[85.9050881,20.0974684],[85.9051218,20.0974029],[85.9051583,20.0973247],[85.9051779,20.0972354],[85.905204,20.0971561],[85.9052397,20.0971048],[85.9052891,20.0970494],[85.9053295,20.0970026],[85.905363,20.0969331],[85.9053591,20.0968526],[85.9052055,20.0964091],[85.9049065,20.0955436]]}},{"type":"Feature","properties":{"id":875005648,"highway":"residential"},"geometry":{"type":"LineString","coordinates":[[85.901194,20.0964108],[85.9015012,20.0972453],[85.901665,20.097861],[85.9016775,20.0978975],[85.9018523,20.0984078],[85.9021708,20.0993986],[85.9022462,20.0997317],[85.9022997,20.0999885]]}},{"type":"Feature","properties":{"id":876250772,"highway":"residential"},"geometry":{"type":"LineString","coordinates":[[85.9320404,20.0959266],[85.9321524,20.0960079],[85.9322087,20.0960507],[85.93227,20.0961012],[85.9323762,20.096264],[85.9324045,20.0963305],[85.9326098,20.0969421],[85.932631,20.0970086],[85.9326593,20.0970684],[85.9327215,20.0971747],[85.9331371,20.0978661],[85.9331619,20.0979193],[85.9331655,20.0979658],[85.9331548,20.098009],[85.933031,20.0982184],[85.9330239,20.0982616],[85.933038,20.0983148],[85.9331655,20.0985408],[85.9331831,20.0986039],[85.9332575,20.0993418],[85.9332539,20.0993983],[85.9332186,20.0994984],[85.9332132,20.099545],[85.9332213,20.0995828],[85.9332421,20.0996174],[85.9334203,20.0998237],[85.9334557,20.0998669],[85.9336786,20.1003854],[85.9337105,20.1004286],[85.9337494,20.1004552],[85.9338874,20.100515],[85.933937,20.1005516],[85.9339724,20.1005981],[85.9341847,20.1010402],[85.9343511,20.1014257],[85.9343652,20.1014855],[85.9344199,20.1017708]]}},{"type":"Feature","properties":{"id":876251426,"highway":"residential"},"geometry":{"type":"LineString","coordinates":[[85.9460865,20.0958012],[85.9461272,20.0957834]]}},{"type":"Feature","properties":{"id":1082235971,"highway":"residential"},"geometry":{"type":"LineString","coordinates":[[85.9000763,20.096976],[85.9001739,20.0971771]]}},{"type":"Feature","properties":{"id":1082298894,"highway":"residential"},"geometry":{"type":"LineString","coordinates":[[85.9020086,20.0961778],[85.9019733,20.0960886],[85.9019382,20.0960038],[85.9019295,20.0959231],[85.9019467,20.0958684],[85.9020132,20.0957913]]}},{"type":"Feature","properties":{"id":1491778580,"highway":"residential"},"geometry":{"type":"LineString","coordinates":[[85.9802788,20.0691372],[85.9801,20.0692128],[85.9799546,20.0693054],[85.9796933,20.0695207],[85.9793606,20.0698217],[85.9791018,20.0700486],[85.9789342,20.0701458],[85.9788356,20.0701528],[85.9787099,20.0701134],[85.9783574,20.0698726],[85.9773591,20.0691572],[85.9767281,20.0686965],[85.9764851,20.0684658],[85.9764306,20.0684046],[85.9763844,20.0683647]]}},{"type":"Feature","properties":{"id":1491778582,"highway":"primary"},"geometry":{"type":"LineString","coordinates":[[85.9823892,20.0694595],[85.9823492,20.0694714],[85.9821026,20.0695417],[85.9819589,20.0695878],[85.9818411,20.069624],[85.981544,20.0697154],[85.9812379,20.0697914],[85.9809514,20.0698572],[85.9809028,20.0698696],[85.9803492,20.0700186],[85.9797784,20.0701818],[85.9790253,20.0704246],[85.9785981,20.0705856],[85.9785454,20.0706313]]}},{"type":"Feature","properties":{"id":1491779870,"highway":"primary"},"geometry":{"type":"LineString","coordinates":[[85.9785454,20.0706313],[85.978622,20.0706398],[85.9790236,20.070494],[85.9798666,20.0702129],[85.9803219,20.0700923],[85.9809155,20.0699288],[85.9809837,20.0699121],[85.9814278,20.0698036],[85.981988,20.0696567]]}},{"type":"Feature","properties":{"id":1491779871,"highway":"primary"},"geometry":{"type":"LineString","coordinates":[[85.9824108,20.069522],[85.9825273,20.0694833]]}},{"type":"Feature","properties":{"id":1491779872,"highway":"primary"},"geometry":{"type":"LineString","coordinates":[[85.981988,20.0696567],[85.9820685,20.0696356],[85.9824108,20.069522]]}},{"type":"Feature","properties":{"id":1491779873,"highway":"primary"},"geometry":{"type":"LineString","coordinates":[[85.9825273,20.0694833],[85.9831423,20.0692792],[85.9840147,20.0689809],[85.9848777,20.0686563],[85.9855677,20.0683888]]}},{"type":"Feature","properties":{"id":1491779874,"highway":"primary"},"geometry":{"type":"LineString","coordinates":[[85.9855677,20.0683888],[85.9857874,20.0683036],[85.9866407,20.0679905]]}},{"type":"Feature","properties":{"id":1491779875,"highway":"primary"},"geometry":{"type":"LineString","coordinates":[[85.9866407,20.0679905],[85.986937,20.0678818]]}},{"type":"Feature","properties":{"id":1491779876,"highway":"primary"},"geometry":{"type":"LineString","coordinates":[[85.986937,20.0678818],[85.9871025,20.0678211],[85.9879231,20.0675172]]}},{"type":"Feature","properties":{"id":1491779877,"highway":"primary"},"geometry":{"type":"LineString","coordinates":[[85.9879231,20.0675172],[85.9879733,20.0674986],[85.9880122,20.0674842],[85.9881445,20.0674373]]}},{"type":"Feature","properties":{"id":1491779878,"highway":"unclassified"},"geometry":{"type":"LineString","coordinates":[[85.9879732,20.0674333],[85.9879733,20.0674986]]}},{"type":"Feature","properties":{"id":1491779879,"highway":"primary"},"geometry":{"type":"LineString","coordinates":[[85.9881445,20.0674373],[85.9894113,20.0669877],[85.9904959,20.0666071],[85.9908848,20.0664706],[85.9910886,20.0663991],[85.991801,20.0661694],[85.9930348,20.0657643],[85.9935562,20.0656232],[85.9940074,20.0655497]]}},{"type":"Feature","properties":{"id":1491779880,"highway":"primary"},"geometry":{"type":"LineString","coordinates":[[85.9940074,20.0655497],[85.9941012,20.0655345],[85.9947572,20.0654671]]}},{"type":"Feature","properties":{"id":1491779881,"highway":"unclassified"},"geometry":{"type":"LineString","coordinates":[[85.9948183,20.0653999],[85.9948259,20.06546]]}},{"type":"Feature","properties":{"id":1491779882,"highway":"primary"},"geometry":{"type":"LineString","coordinates":[[85.9947572,20.0654671],[85.9948259,20.06546],[85.9951162,20.0654302]]}},{"type":"Feature","properties":{"id":1491779883,"highway":"primary"},"geometry":{"type":"LineString","coordinates":[[85.9951162,20.0654302],[85.9953179,20.0654095],[85.9961078,20.065342]]}},{"type":"Feature","properties":{"id":1491779884,"highway":"primary"},"geometry":{"type":"LineString","coordinates":[[85.9961078,20.065342],[85.9967083,20.0652906],[85.9969851,20.0652647],[85.9975484,20.0652119]]}},{"type":"Feature","properties":{"id":1491779885,"highway":"primary"},"geometry":{"type":"LineString","coordinates":[[85.9975484,20.0652119],[85.9976117,20.065206],[85.9980151,20.0651354],[85.9984185,20.0650225],[85.9985367,20.0649735]]}},{"type":"Feature","properties":{"id":1491779890,"highway":"primary"},"geometry":{"type":"LineString","coordinates":[[85.9986408,20.0649258],[85.9986455,20.0649018],[85.9986455,20.0648852],[85.9986391,20.0648656],[85.9986251,20.0648454],[85.9986031,20.0648298],[85.9985856,20.0648298]]}},{"type":"Feature","properties":{"id":1491779891,"highway":"primary"},"geometry":{"type":"LineString","coordinates":[[85.9985131,20.0648754],[85.9985082,20.0649039],[85.9985044,20.0649301],[85.9985146,20.0649568],[85.9985367,20.0649735]]}},{"type":"Feature","properties":{"id":1491779892,"highway":"primary"},"geometry":{"type":"LineString","coordinates":[[85.9986408,20.0649258],[85.9987694,20.0647918]]}},{"type":"Feature","properties":{"id":1491779893,"highway":"primary"},"geometry":{"type":"LineString","coordinates":[[85.9985367,20.0649735],[85.998574,20.0649733],[85.9985956,20.0649633],[85.9986182,20.0649491],[85.9986408,20.0649258]]}},{"type":"Feature","properties":{"id":1491779895,"highway":"primary"},"geometry":{"type":"LineString","coordinates":[[86.0008119,20.0623553],[86.0007696,20.0624041],[86.0007029,20.0624742],[86.0005315,20.062667],[85.999898,20.0633796],[85.9989569,20.0644852],[85.9987989,20.0646448],[85.9987427,20.0646945],[85.9986911,20.0647486],[85.9985856,20.0648298]]}},{"type":"Feature","properties":{"id":1491779896,"highway":"primary"},"geometry":{"type":"LineString","coordinates":[[85.9985856,20.0648298],[85.9985666,20.0648358],[85.9985339,20.0648515],[85.9985131,20.0648754]]}},{"type":"Feature","properties":{"id":1491821497,"highway":"primary"},"geometry":{"type":"LineString","coordinates":[[85.943959,20.0847392],[85.94407,20.084717],[85.9443603,20.0846562],[85.9446571,20.084594],[85.9462397,20.0842625],[85.9476922,20.0839622]]}},{"type":"Feature","properties":{"id":1491821498,"highway":"primary"},"geometry":{"type":"LineString","coordinates":[[85.9433691,20.084854],[85.943472,20.0848364],[85.943959,20.0847392]]}}]}