{"type":"FeatureCollection","features":[{"type":"Feature","properties":{"id":323856329,"highway":"secondary"},"geometry":{"type":"LineString","coordinates":[[85.7595661,20.0466454],[85.7599156,20.0460424],[85.7600674,20.0457921],[85.7601551,20.0456713],[85.7603009,20.0455292],[85.7604138,20.045421],[85.76043,20.0453054],[85.760412,20.0452216],[85.7603714,20.0451392],[85.7603076,20.0450456],[85.7602985,20.0449988],[85.76031,20.0449514],[85.7603475,20.0448927],[85.7606134,20.0446528],[85.7606775,20.0445727],[85.7607549,20.0444533],[85.7611744,20.0436846],[85.7613871,20.0433205]]}},{"type":"Feature","properties":{"id":657833447,"highway":"secondary"},"geometry":{"type":"LineString","coordinates":[[85.7595661,20.0466454],[85.7594846,20.0467738],[85.7592083,20.0472091],[85.7591516,20.0472984],[85.7588042,20.0478528],[85.7584762,20.0484047],[85.7583546,20.0486053],[85.7579857,20.0492328],[85.7577217,20.0497111],[85.7575236,20.0500981],[85.7572803,20.0506275],[85.7571629,20.0509774],[85.7571332,20.0510603],[85.7569722,20.0514557],[85.7566817,20.0521974],[85.7564539,20.0527268],[85.7562478,20.0530937],[85.7560158,20.0534584],[85.7559465,20.0535483],[85.7557725,20.0537062],[85.7556415,20.0539049],[85.7555442,20.0540645],[85.7548018,20.0552625],[85.7546334,20.0555591],[85.7545013,20.0557909],[85.7543759,20.0560303],[85.7542731,20.0562487],[85.7542307,20.0563387],[85.7538203,20.0572372],[85.7535772,20.0577594],[85.7534456,20.0580043],[85.753362,20.0581104],[85.7532478,20.0582313],[85.7530833,20.0583476],[85.7524751,20.0586745],[85.7518408,20.0589929],[85.7515956,20.0591148],[85.7510357,20.0593932],[85.7506049,20.0596241],[85.7498587,20.0600297],[85.7498288,20.060046]]}},{"type":"Feature","properties":{"id":866143427,"highway":"unclassified"},"geometry":{"type":"LineString","coordinates":[[85.7012909,20.0674969],[85.7013848,20.0675622],[85.7014627,20.0676022],[85.7015713,20.0676404],[85.7017045,20.0676625],[85.7020337,20.0676745],[85.7023207,20.0676812],[85.7026622,20.0676577],[85.7028892,20.0676276],[85.7029509,20.0676185],[85.7030513,20.0676037],[85.703275,20.067595],[85.7034646,20.067598],[85.7035442,20.0676026],[85.7035987,20.0676275],[85.703639,20.0676763],[85.7036988,20.0678346],[85.7037309,20.0679107],[85.7037778,20.0679675],[85.7038334,20.0679985],[85.7039048,20.0680157],[85.7040624,20.0680248],[85.7046032,20.0680258],[85.7048612,20.0680515],[85.7050239,20.0680698],[85.7052973,20.0680994],[85.7056076,20.0681355],[85.7058224,20.0681671],[85.7058799,20.0681773],[85.706089,20.0682142],[85.7062835,20.0682569],[85.7064564,20.0683234],[85.7065972,20.0684174],[85.7067523,20.0685496],[85.7070244,20.0688304],[85.7075053,20.069394],[85.7076292,20.0695259],[85.7077177,20.069607],[85.7078228,20.0696713],[85.7079446,20.0696908],[85.7081324,20.0696825],[85.708256,20.0696842],[85.7084334,20.0696923],[85.7087649,20.0697337],[85.7099515,20.0698978],[85.71024,20.0699191],[85.7105988,20.0699401],[85.710885,20.0699769],[85.7111043,20.0700206],[85.7112696,20.0700798],[85.7114661,20.0701681],[85.7116918,20.0702332],[85.7118086,20.0702503],[85.7119008,20.0702489],[85.7119745,20.0702483],[85.7121131,20.0702555],[85.712225,20.0702629],[85.7123249,20.0702832],[85.7124493,20.0703189],[85.7125242,20.0703339],[85.7126241,20.0703419],[85.7127746,20.0703397],[85.7128916,20.0703307],[85.7132282,20.0702779],[85.7136522,20.0701903],[85.7137909,20.0701649],[85.7139386,20.0701374],[85.7143,20.0700964],[85.7145986,20.0700754],[85.715049,20.0700967],[85.7155021,20.0700782],[85.7159009,20.0700581],[85.7162703,20.0700291],[85.7164707,20.0699832],[85.7167135,20.069911],[85.7169342,20.069863],[85.7170438,20.069847],[85.7172339,20.0698192],[85.7175409,20.0698191],[85.7182033,20.0698568],[85.7185724,20.0698788],[85.7188278,20.0698843],[85.7190906,20.0698649],[85.7193803,20.0698303],[85.7197836,20.0698067],[85.720053,20.0697698],[85.7202929,20.069715],[85.7204883,20.0696639],[85.7206572,20.069604],[85.7207514,20.0695388],[85.720907,20.0693371],[85.7209894,20.0692739],[85.7211181,20.0691995],[85.7213173,20.0691189],[85.7216624,20.0690171],[85.7222476,20.0688572],[85.722524,20.0687788],[85.7226224,20.0687488],[85.7226822,20.068735],[85.7227511,20.0687257],[85.7228191,20.0687326],[85.7230085,20.0687627],[85.7234291,20.0688112],[85.7237989,20.0688358],[85.7238735,20.0688489],[85.7239169,20.0688651],[85.723935,20.0688897],[85.7239481,20.0689413],[85.7239399,20.0691423],[85.7239432,20.0692055],[85.7239596,20.0692409],[85.7239932,20.069274],[85.7240342,20.0692886],[85.7240817,20.0692909],[85.7241407,20.0692809],[85.7243342,20.0692386],[85.7244318,20.0692201],[85.7245392,20.0692039],[85.7246244,20.0691954],[85.7247277,20.0691985],[85.7254467,20.0693102],[85.7256337,20.0693325],[85.7257271,20.0693325],[85.7258485,20.0693287],[85.7259534,20.0693117],[85.7262261,20.0692603]]}},{"type":"Feature","properties":{"id":866144734,"highway":"residential"},"geometry":{"type":"LineString","coordinates":[[85.7168623,20.0690937],[85.7170438,20.069847]]}},{"type":"Feature","properties":{"id":866144735,"highway":"residential"},"geometry":{"type":"LineString","coordinates":[[85.7120665,20.0695284],[85.7106842,20.0694452],[85.7104492,20.0694405],[85.7103909,20.0694251],[85.7103562,20.0694031],[85.7103194,20.0693647],[85.7102857,20.0693042],[85.7102315,20.0691506],[85.7102008,20.0690671],[85.7101691,20.0690335],[85.7101334,20.0690152],[85.7100475,20.0690162],[85.7095593,20.0690987],[85.7090328,20.0691822],[85.7087063,20.0692242],[85.7084979,20.0692509],[85.7084514,20.0692723],[85.7084334,20.0693151],[85.7084334,20.0696923]]}},{"type":"Feature","properties":{"id":866144736,"highway":"residential"},"geometry":{"type":"LineString","coordinates":[[85.7138065,20.0690775],[85.7135476,20.0690978],[85.7133751,20.0691042],[85.7132345,20.0690843],[85.7131499,20.0690513],[85.7130734,20.0690033],[85.7129944,20.0689723],[85.7128451,20.0689525],[85.7126601,20.068933],[85.7124933,20.0689335],[85.7123353,20.0689479],[85.7121617,20.0689642],[85.7120316,20.0689706],[85.7119901,20.0689838],[85.7119619,20.0690187],[85.7119513,20.0690651],[85.7119601,20.0691877],[85.7120665,20.0695284],[85.7121214,20.0697042],[85.7122099,20.0700659],[85.7122224,20.0701605],[85.712225,20.0702629]]}},{"type":"Feature","properties":{"id":866144737,"highway":"residential"},"geometry":{"type":"LineString","coordinates":[[85.7083369,20.0670725],[85.7085233,20.0682543],[85.7086176,20.068852],[85.7087063,20.0692242]]}},{"type":"Feature","properties":{"id":866144738,"highway":"residential"},"geometry":{"type":"LineString","coordinates":[[85.7086176,20.068852],[85.7083124,20.0688795],[85.708087,20.0688692],[85.7079048,20.0688224],[85.707644,20.0687251],[85.7069996,20.0684982],[85.7068558,20.0684513],[85.7065972,20.0684174]]}},{"type":"Feature","properties":{"id":866144739,"highway":"residential"},"geometry":{"type":"LineString","coordinates":[[85.7085233,20.0682543],[85.7088653,20.0681338],[85.7090988,20.068051],[85.7092747,20.0679845],[85.7094667,20.0679284],[85.7096254,20.067907],[85.7104238,20.0679334]]}},{"type":"Feature","properties":{"id":866146420,"highway":"unclassified"},"geometry":{"type":"LineString","coordinates":[[85.7116918,20.0702332],[85.7117247,20.0707984],[85.7117291,20.0709492],[85.7117117,20.0710836],[85.7116831,20.0711623],[85.711632,20.0712708],[85.7115635,20.071363],[85.7113908,20.0715166],[85.7112027,20.0716673],[85.7110944,20.0717326],[85.7109503,20.0717911]]}},{"type":"Feature","properties":{"id":866146421,"highway":"residential"},"geometry":{"type":"LineString","coordinates":[[85.7078228,20.0696713],[85.7078672,20.0705738]]}},{"type":"Feature","properties":{"id":866146422,"highway":"residential"},"geometry":{"type":"LineString","coordinates":[[85.7154445,20.0652837],[85.7154453,20.065333],[85.7154509,20.0656978],[85.7154598,20.0662877],[85.7154509,20.066417],[85.7154152,20.0665869],[85.7153389,20.0670459],[85.7153297,20.0670916],[85.7153076,20.0671331],[85.715284,20.0671632],[85.7152094,20.0672455],[85.7151721,20.0672941],[85.7151385,20.0673535],[85.7151187,20.0674143],[85.7150963,20.067522],[85.7150688,20.0676307],[85.7149574,20.0679203],[85.7148322,20.0681611],[85.7146725,20.0684078],[85.7144951,20.0686106],[85.7143396,20.0687341],[85.7141008,20.0688467],[85.7139833,20.0689175],[85.7138587,20.0690234],[85.7138065,20.0690775],[85.7137504,20.0692184],[85.7137227,20.0693083],[85.7136817,20.0693933],[85.713612,20.0694461],[85.7135538,20.0694665],[85.7134145,20.0695076],[85.7131376,20.0695762],[85.7130411,20.0696172],[85.7129497,20.0696774],[85.7128429,20.0697728],[85.7126826,20.0698783],[85.7125713,20.0699455],[85.7122224,20.0701605]]}},{"type":"Feature","properties":{"id":866146423,"highway":"residential"},"geometry":{"type":"LineString","coordinates":[[85.713612,20.0694461],[85.7137909,20.0701649]]}},{"type":"Feature","properties":{"id":866146424,"highway":"residential"},"geometry":{"type":"LineString","coordinates":[[85.7068246,20.0653261],[85.7068086,20.0658224],[85.7067882,20.0659306],[85.7067577,20.0660397],[85.7066566,20.0661801],[85.7065614,20.066344],[85.7065108,20.0664828],[85.7064542,20.0667362],[85.7063775,20.0669643],[85.7062312,20.0673264],[85.7060607,20.06768],[85.7058799,20.0681773]]}},{"type":"Feature","properties":{"id":866149376,"highway":"residential"},"geometry":{"type":"LineString","coordinates":[[85.7005694,20.0638471],[85.7006404,20.064111],[85.7006616,20.0643264],[85.7006679,20.0644963],[85.7006771,20.0646509],[85.7006775,20.0647991],[85.7006557,20.0649387],[85.7005613,20.0651342],[85.7004642,20.0652596],[85.7004085,20.0653821],[85.7003823,20.0655006],[85.7003768,20.065645],[85.700378,20.0658131],[85.700333,20.0660258],[85.700262,20.0662435],[85.6999597,20.067267]]}},{"type":"Feature","properties":{"id":866149377,"highway":"residential"},"geometry":{"type":"LineString","coordinates":[[85.700754,20.0672674],[85.7009609,20.0669494]]}},{"type":"Feature","properties":{"id":866149378,"highway":"residential"},"geometry":{"type":"LineString","coordinates":[[85.7040704,20.0694299],[85.7042226,20.0693313],[85.7043845,20.0691925],[85.7044693,20.0690647],[85.7045836,20.0689011],[85.7047167,20.0687276],[85.7047884,20.0685753],[85.7048148,20.0684636],[85.7048463,20.0682927],[85.7048612,20.0680515]]}},{"type":"Feature","properties":{"id":866149379,"highway":"residential"},"geometry":{"type":"LineString","coordinates":[[85.7047167,20.0687276],[85.7048948,20.068866],[85.704989,20.0689423],[85.7050957,20.0690562],[85.7052176,20.0692333],[85.7052895,20.0693992],[85.705313,20.069489],[85.7053619,20.0697531],[85.7054043,20.0700738]]}},{"type":"Feature","properties":{"id":866149380,"highway":"residential"},"geometry":{"type":"LineString","coordinates":[[85.7020201,20.0658414],[85.7025726,20.0662133],[85.7026221,20.0662655],[85.7026505,20.0663407],[85.7026653,20.0664274],[85.7026548,20.0665184],[85.7025384,20.0668777],[85.7025063,20.0669546],[85.7024975,20.067005],[85.702508,20.0670512],[85.7025422,20.0670916],[85.7025981,20.0671181],[85.7030522,20.0672394]]}},{"type":"Feature","properties":{"id":866149381,"highway":"residential"},"geometry":{"type":"LineString","coordinates":[[85.7030522,20.0672394],[85.703829,20.0672252]]}},{"type":"Feature","properties":{"id":866149382,"highway":"residential"},"geometry":{"type":"LineString","coordinates":[[85.7022853,20.0685413],[85.7020521,20.068625],[85.7019061,20.0684076],[85.7018229,20.0682957],[85.7017576,20.068236],[85.7016966,20.068199],[85.7016274,20.0681569],[85.7014286,20.0680851],[85.7012302,20.0680311],[85.7010277,20.0679873],[85.7009443,20.0679766],[85.7008684,20.0679669],[85.7007468,20.0679539],[85.7006653,20.0679406],[85.7005922,20.0679128],[85.7004817,20.0678458],[85.7004029,20.0678038],[85.7003087,20.0677561],[85.7000169,20.0676293],[85.7000077,20.0676004],[85.700008,20.0675646],[85.7000193,20.067264]]}},{"type":"Feature","properties":{"id":866149383,"highway":"residential"},"geometry":{"type":"LineString","coordinates":[[85.7032497,20.0667959],[85.7031924,20.0668573],[85.7031431,20.0669456],[85.7030995,20.0670759],[85.7030522,20.0672394],[85.7029509,20.0676185],[85.7029156,20.0678229],[85.7028705,20.0679632],[85.7028198,20.0680282],[85.7027582,20.0680586],[85.7018229,20.0682957]]}},{"type":"Feature","properties":{"id":866149384,"highway":"residential"},"geometry":{"type":"LineString","coordinates":[[85.7009443,20.0679766],[85.7008892,20.067301]]}},{"type":"Feature","properties":{"id":866149385,"highway":"residential"},"geometry":{"type":"LineString","coordinates":[[85.7016966,20.068199],[85.7017045,20.0676625]]}},{"type":"Feature","properties":{"id":866149386,"highway":"residential"},"geometry":{"type":"LineString","coordinates":[[85.7006329,20.0694002],[85.7006613,20.0691511],[85.7006688,20.0690348],[85.70066,20.0689456],[85.7006376,20.0688651],[85.70058,20.0686574],[85.7005183,20.0684528],[85.7005006,20.0683943],[85.7004762,20.0682403],[85.7004662,20.068138],[85.7004712,20.0680582],[85.7004932,20.0680084],[85.7005922,20.0679128]]}},{"type":"Feature","properties":{"id":866149388,"highway":"residential"},"geometry":{"type":"LineString","coordinates":[[85.7014286,20.0680851],[85.7013979,20.0681576],[85.7013795,20.0682355],[85.7013705,20.0683778],[85.7013774,20.0684689],[85.7013907,20.0685396],[85.7014144,20.0686412],[85.7014526,20.0687016],[85.7015079,20.0687336],[85.7015904,20.0687417],[85.7016849,20.0687332],[85.7018132,20.0687041],[85.7020521,20.068625]]}},{"type":"Feature","properties":{"id":866149389,"highway":"residential"},"geometry":{"type":"LineString","coordinates":[[85.70058,20.0686574],[85.7013907,20.0685396]]}},{"type":"Feature","properties":{"id":866152866,"highway":"residential"},"geometry":{"type":"LineString","coordinates":[[85.7314707,20.0542926],[85.7295807,20.0541271],[85.7293297,20.0541156],[85.7291656,20.0541266],[85.7289681,20.0541862],[85.7286198,20.0542662],[85.7280878,20.0543655],[85.7278502,20.0544237],[85.727525,20.0545298],[85.7270065,20.05472],[85.7268325,20.054802],[85.7261484,20.0553034]]}},{"type":"Feature","properties":{"id":866152867,"highway":"residential"},"geometry":{"type":"LineString","coordinates":[[85.7374488,20.0568769],[85.7377609,20.0560499],[85.7379763,20.0554932],[85.7380374,20.0552972],[85.7381061,20.054959],[85.7381671,20.0545631],[85.7382215,20.0542093],[85.7382933,20.0537619],[85.7383918,20.0530953],[85.7384956,20.0524138],[85.7385761,20.0516675],[85.7385837,20.0514369],[85.738568,20.0512111],[85.7385201,20.0509942],[85.7384771,20.0508488],[85.7381651,20.0502066],[85.7381308,20.0501361],[85.7378992,20.0496876],[85.7376952,20.0492704],[85.7375457,20.0489857],[85.737327,20.0486813],[85.7371947,20.0484687],[85.7369569,20.0480922],[85.7367613,20.0478778],[85.7366309,20.0477607],[85.736464,20.0476598],[85.7363797,20.0476292],[85.7361514,20.0475949],[85.7356643,20.0475373],[85.7352343,20.0474588],[85.7350238,20.0474123],[85.7349497,20.0473882],[85.734778,20.0473088],[85.7347014,20.0472504],[85.7344376,20.0470322],[85.7342684,20.0469101],[85.7340579,20.0467918],[85.7338143,20.0467007],[85.733643,20.0466231],[85.7335666,20.046565],[85.7334965,20.0464583],[85.7334325,20.0463749],[85.7333148,20.0462993],[85.7330754,20.0462315],[85.7328277,20.0462082],[85.732706,20.046183],[85.7325883,20.0460977],[85.7324769,20.0459775],[85.73245,20.0458805],[85.7324236,20.0457727],[85.7323988,20.0457059],[85.7323541,20.0456732],[85.7322564,20.0456763],[85.7321471,20.0456716],[85.7321007,20.045639],[85.7320759,20.0455768],[85.7320676,20.0455161],[85.7320362,20.0454788],[85.7319815,20.0454648],[85.7317133,20.0455316],[85.7315958,20.0455379],[85.7314054,20.0455379],[85.7312729,20.0455285],[85.7310792,20.045485],[85.7306125,20.0453984],[85.7305164,20.0453797],[85.7304403,20.0453455],[85.730225,20.0451962],[85.7299916,20.0450407],[85.7297689,20.0449121],[85.729669,20.0448817],[85.7295766,20.0448658],[85.7294428,20.0448817],[85.7293244,20.0449251],[85.729049,20.0450407],[85.7288521,20.0451404],[85.7287864,20.0451895],[85.728649,20.0452922],[85.7284367,20.0455118],[85.7279776,20.0460188],[85.7277506,20.046254],[85.7275493,20.0464642],[85.7274342,20.0466183],[85.7273415,20.0467584],[85.7272339,20.0469476],[85.7271574,20.0471156],[85.727059,20.0473757],[85.7270176,20.0474802],[85.7269624,20.0475839],[85.7268373,20.0477394],[85.7266929,20.0478837],[85.7265429,20.0480004],[85.7264142,20.0480903],[85.7262651,20.0481706],[85.7259405,20.048308],[85.7255327,20.048504],[85.7251805,20.0486872],[85.7250719,20.0487607],[85.7249845,20.0488402],[85.7249192,20.0489205],[85.7248668,20.049019],[85.7248318,20.0491037],[85.7248052,20.0492065],[85.7247196,20.0495349],[85.7246781,20.0496969],[85.7245803,20.0499944],[85.7244582,20.0503307],[85.7243827,20.0504839],[85.7243425,20.0505595],[85.7242904,20.0506207],[85.724233,20.050683],[85.7241809,20.0507291],[85.7241273,20.0507866],[85.7240324,20.0509115]]}},{"type":"Feature","properties":{"id":866155310,"highway":"residential"},"geometry":{"type":"LineString","coordinates":[[85.7432855,20.0525219],[85.7428404,20.0517142]]}},{"type":"Feature","properties":{"id":866155311,"highway":"tertiary"},"geometry":{"type":"LineString","coordinates":[[85.7460527,20.0578701],[85.7459787,20.0578117],[85.7459275,20.057774],[85.7459069,20.0577496],[85.7459045,20.0577138],[85.7459118,20.0576763],[85.7459378,20.0576251],[85.7459988,20.0575385],[85.7461757,20.0572788],[85.7462847,20.0571002],[85.7463186,20.0570287],[85.7463384,20.0569591],[85.7463326,20.0569026],[85.7462905,20.0567676],[85.7462381,20.0565885],[85.7462413,20.0564977],[85.7462551,20.0564512],[85.74629,20.0563895],[85.7463939,20.056298],[85.7465501,20.0562038],[85.7471088,20.0559239],[85.74725,20.0558573],[85.7472942,20.0558321],[85.7473705,20.0557806],[85.7473906,20.055758],[85.7473986,20.055734],[85.7473971,20.0557077],[85.7473735,20.055678],[85.7473018,20.0556237],[85.7470939,20.0554656],[85.7469404,20.0553335],[85.7467424,20.0551559],[85.7464524,20.0548816],[85.7463336,20.0547728],[85.746193,20.0546761],[85.7460901,20.0546054],[85.7458812,20.0545096],[85.7456221,20.0544076],[85.7454975,20.0543633],[85.745484,20.0543585],[85.745312,20.0543097],[85.745115,20.0542557],[85.7449031,20.0542083],[85.7447645,20.0541674],[85.7446131,20.0541042],[85.7444438,20.0540251],[85.7441171,20.0538549],[85.7439567,20.0537675],[85.7437912,20.0536576],[85.7435921,20.0535041],[85.7433472,20.0532841],[85.7430838,20.0530135],[85.7429691,20.0528442],[85.7429636,20.0528361],[85.7428434,20.0526118],[85.7427603,20.0523934],[85.7425569,20.051842],[85.7424708,20.0516058],[85.7423963,20.0514859],[85.742338,20.0514124],[85.7422461,20.0513447],[85.7421485,20.0512913],[85.742053,20.0512509],[85.741943,20.051213],[85.7410598,20.0509774],[85.7407701,20.0508917],[85.7404483,20.0507708],[85.7403195,20.0506902],[85.7401532,20.0504936],[85.7396382,20.0496922],[85.7395036,20.0493974],[85.7393482,20.0490607],[85.7391944,20.0487601],[85.7390729,20.0485419],[85.7389329,20.0483395],[85.7387713,20.0481112],[85.7386643,20.0479717],[85.7385205,20.0478135],[85.7383671,20.0476724],[85.7382329,20.0475593],[85.7380262,20.0474182],[85.7377715,20.0472571],[85.7375116,20.0470869],[85.7370982,20.0468037],[85.7365015,20.0464213],[85.7357798,20.0460046],[85.7354339,20.0458142],[85.7350994,20.04563],[85.7349062,20.0455604],[85.7346952,20.0454823],[85.7345456,20.0454284],[85.7338068,20.0452036],[85.7335627,20.0451197],[85.733443,20.0450582],[85.7333585,20.0449922],[85.7331021,20.0445461],[85.7329511,20.0441804],[85.7329056,20.0440573],[85.7328695,20.0438155],[85.73285,20.0434041],[85.7328332,20.0432116],[85.7328177,20.0431289],[85.7326655,20.0423445],[85.7326266,20.0422024],[85.7325888,20.042116],[85.7325254,20.0420305],[85.7324151,20.0419326],[85.7322802,20.0418471],[85.7322004,20.041801],[85.7320328,20.0417444],[85.7318223,20.0416753],[85.7315474,20.041561],[85.7313951,20.0415053],[85.7312735,20.0414804],[85.7311386,20.0414784],[85.7309853,20.0414823],[85.7308779,20.0414928],[85.7308115,20.0415072],[85.7306477,20.0415745],[85.7303904,20.0416966],[85.7300285,20.0418701],[85.729416,20.042166],[85.7293492,20.0421932],[85.7290286,20.0423235],[85.7285718,20.0424896],[85.7283204,20.0425626],[85.7281078,20.0426192],[85.727651,20.0427123],[85.7270582,20.0427988],[85.7267659,20.0428256],[85.7265799,20.0428314],[85.7264051,20.0428314],[85.7262917,20.0428218],[85.7260617,20.0427863],[85.7258759,20.0427389],[85.7257327,20.04269],[85.7255528,20.0426021],[85.7253132,20.04247],[85.7249894,20.0423006],[85.724248,20.041936],[85.7237421,20.0417113],[85.7232417,20.0415471],[85.7227745,20.0414037],[85.7216579,20.0411204],[85.7190647,20.040491],[85.7180299,20.0402494],[85.7174294,20.0401295],[85.7171465,20.0400918],[85.7169862,20.040082],[85.7167862,20.0400787],[85.7166822,20.0400909],[85.7165551,20.0401064],[85.7159293,20.0401849],[85.7153877,20.0402239],[85.7151462,20.0402265],[85.7149187,20.040214],[85.7146668,20.0401762],[85.714409,20.0401129],[85.714016,20.0399597],[85.7135113,20.0397526],[85.7129842,20.0395276],[85.7125471,20.0393287],[85.7121009,20.0391311],[85.7112308,20.0387456],[85.7107485,20.0385303],[85.7105565,20.0384189],[85.7102627,20.0381914],[85.7098899,20.0378842],[85.7096534,20.0376638],[85.7088021,20.0368758],[85.7084042,20.0364819],[85.7082285,20.0362708],[85.7080331,20.0359582],[85.7078637,20.0356692],[85.7070745,20.0342758],[85.7066495,20.0335276],[85.7063154,20.0328796],[85.7060289,20.0321965],[85.7056532,20.0312812],[85.7056046,20.0311763],[85.7052871,20.0304919],[85.7050283,20.0300002],[85.7048607,20.029618],[85.7044445,20.0286047],[85.7041404,20.0278871],[85.7039578,20.0273797],[85.7038688,20.0271231],[85.7038259,20.0269037],[85.7038259,20.0266978],[85.7038577,20.0260412],[85.7038831,20.0255115],[85.7039054,20.0252086],[85.7039451,20.0249594],[85.7041833,20.0241461],[85.7043914,20.0233388],[85.7046587,20.0224241],[85.704829,20.0218502]]}},{"type":"Feature","properties":{"id":866155312,"highway":"residential"},"geometry":{"type":"LineString","coordinates":[[85.7429636,20.0528361],[85.7429855,20.0527951]]}},{"type":"Feature","properties":{"id":866155313,"highway":"residential"},"geometry":{"type":"LineString","coordinates":[[85.7454825,20.0542434],[85.745485,20.0543185]]}},{"type":"Feature","properties":{"id":866155314,"highway":"residential"},"geometry":{"type":"LineString","coordinates":[[85.745485,20.0543185],[85.745484,20.0543585]]}},{"type":"Feature","properties":{"id":866155315,"highway":"residential"},"geometry":{"type":"LineString","coordinates":[[85.7429855,20.0527951],[85.7430073,20.0527542]]}},{"type":"Feature","properties":{"id":866155316,"highway":"residential"},"geometry":{"type":"LineString","coordinates":[[85.7430073,20.0527542],[85.7430372,20.0526985],[85.7430744,20.0526533],[85.7431287,20.0526122],[85.7432855,20.0525219],[85.7441189,20.0519707],[85.7442814,20.0518819],[85.74435,20.0518607],[85.7444051,20.051858],[85.744466,20.0518602],[85.744559,20.0518696],[85.7446635,20.051923],[85.7449387,20.0521397],[85.745113,20.0522771],[85.7451746,20.052341],[85.745231,20.0524266],[85.7453571,20.0528083],[85.7454576,20.0531643],[85.7454974,20.0533136],[85.7455089,20.0534288],[85.7455032,20.0535699],[85.7454825,20.0536669],[85.7454562,20.0537875],[85.745447,20.0538597],[85.7454447,20.0539351],[85.7454806,20.0541725],[85.7454825,20.0542434]]}},{"type":"Feature","properties":{"id":866155317,"highway":"residential"},"geometry":{"type":"LineString","coordinates":[[85.7450533,20.0589262],[85.7448127,20.0588963],[85.7447532,20.0588777],[85.7446976,20.0588396],[85.744638,20.0587874],[85.744584,20.0587128],[85.7445276,20.0586091],[85.7444601,20.0584629],[85.7444204,20.0584167],[85.7443783,20.0583876],[85.7443331,20.0583578],[85.7442958,20.0583279],[85.7442489,20.0582653],[85.7441925,20.0581765],[85.7441249,20.0580323],[85.7439797,20.0577736],[85.7439391,20.0577382],[85.7438945,20.0577224],[85.7438391,20.0577299],[85.7437866,20.057754],[85.7437188,20.0578017],[85.7432769,20.0581606],[85.743111,20.0582739],[85.7429334,20.0583405],[85.7427713,20.0583919],[85.7424483,20.0585254],[85.7423178,20.0586015],[85.7421166,20.0587531]]}},{"type":"Feature","properties":{"id":866159130,"highway":"unclassified"},"geometry":{"type":"LineString","coordinates":[[85.7262261,20.0692603],[85.7263382,20.0692307]]}},{"type":"Feature","properties":{"id":866159131,"highway":"unclassified"},"geometry":{"type":"LineString","coordinates":[[85.7263382,20.0692307],[85.7263895,20.0692056],[85.7264309,20.0691691],[85.7264615,20.0691322],[85.7265755,20.0689042],[85.7265913,20.0688571],[85.7265959,20.068825],[85.7265888,20.0687976],[85.7265663,20.0687645],[85.7264639,20.068632],[85.7259403,20.0679305],[85.725902,20.0678655],[85.7258969,20.0678314],[85.7259061,20.0678007],[85.7259342,20.0677719],[85.7259879,20.067746],[85.7260799,20.067726],[85.7267549,20.0675952],[85.7269294,20.0675731],[85.7273286,20.0675345],[85.7275302,20.067506],[85.7276624,20.0674682],[85.7277877,20.0674027],[85.7279259,20.0673199],[85.72866,20.066882],[85.7287233,20.0668232],[85.7287645,20.066754],[85.7287914,20.0666356],[85.7288061,20.0665116],[85.7288318,20.0663675],[85.7288714,20.0662592],[85.7289164,20.0661482],[85.7289684,20.0660678],[85.7290461,20.0659968],[85.729131,20.065934],[85.729211,20.0658961],[85.7293276,20.0658552],[85.7295339,20.0658379],[85.7296906,20.0658508],[85.7298406,20.0658991],[85.7299797,20.0659273],[85.7301245,20.065916],[85.7302894,20.0658697],[85.730547,20.0657516],[85.7307491,20.0656673],[85.731048,20.0655935],[85.7313196,20.0655439],[85.7314682,20.0654979],[85.7316141,20.0654181],[85.7316797,20.0653593],[85.7317623,20.0652483],[85.7318224,20.0651896],[85.7318887,20.065158],[85.7319347,20.0651484],[85.7319943,20.0651501],[85.7326858,20.0653011],[85.7339526,20.0655389],[85.734171,20.065567],[85.7344073,20.0655619],[85.7345992,20.0655327],[85.7351102,20.0653688],[85.7357502,20.0651559],[85.7358839,20.0651122],[85.735959,20.065104],[85.7360904,20.0651073],[85.7365812,20.0651803],[85.7369024,20.0652266],[85.7370708,20.0652655],[85.7373047,20.0653431],[85.7375411,20.0654572],[85.7377568,20.0655791],[85.7379018,20.0656821],[85.738099,20.065822],[85.7382685,20.0659406],[85.7383586,20.0659989],[85.7384235,20.0660342],[85.7384825,20.0660557],[85.7385342,20.0660571],[85.7388644,20.0659989],[85.7400727,20.0657825],[85.7401982,20.065763],[85.7403078,20.0657421],[85.7403912,20.0657368],[85.7404655,20.0657484],[85.7405564,20.065795],[85.7406509,20.0658519],[85.7410202,20.066138],[85.7411408,20.0662161],[85.7412876,20.0662974],[85.7413601,20.0663325],[85.7414074,20.0663644],[85.7414353,20.0664078],[85.7414869,20.0667579],[85.7415568,20.0670491],[85.7415969,20.0672136],[85.7415962,20.0672476],[85.7415809,20.0672931],[85.7415475,20.0673372],[85.7414945,20.0673881],[85.7414498,20.0674341],[85.7414335,20.0674883],[85.7414265,20.0676013],[85.7414223,20.0676684],[85.7414308,20.0677007],[85.7414596,20.0677307],[85.7414932,20.06775],[85.7416504,20.0677832],[85.7417718,20.0678102],[85.7418733,20.0678469],[85.7420156,20.0679048],[85.7421036,20.067937],[85.7421333,20.0679423],[85.7421969,20.0679498],[85.7424049,20.067953],[85.7426339,20.0679395],[85.7427773,20.0679371],[85.7429212,20.0679473],[85.7432106,20.067994],[85.743341,20.0680254],[85.7435457,20.0680953],[85.7437922,20.0682063],[85.7441077,20.068375],[85.7445758,20.0687208],[85.7449954,20.0689947]]}},{"type":"Feature","properties":{"id":866163381,"highway":"residential"},"geometry":{"type":"LineString","coordinates":[[85.7384825,20.0660557],[85.7383652,20.0662422],[85.7383203,20.0663241],[85.7382923,20.0664065],[85.7382621,20.0664797],[85.7382182,20.0665493],[85.7381796,20.0665891],[85.7380321,20.0666999],[85.7378801,20.0668058],[85.7378037,20.0668491],[85.7377515,20.0668775],[85.7377092,20.0669017],[85.737694,20.0669258],[85.7376903,20.0669507],[85.7376951,20.0670013],[85.7376945,20.0670304],[85.7376817,20.0670572],[85.7376629,20.0670748],[85.7375628,20.0671062],[85.7372752,20.0671814],[85.7372176,20.0671939],[85.7371854,20.0671962],[85.737149,20.0671831],[85.7371132,20.0671569],[85.7370817,20.0671506],[85.7369664,20.0671717],[85.7365472,20.0672775],[85.7364279,20.0673162],[85.7363569,20.06735],[85.7363088,20.0673674],[85.736228,20.0673787],[85.7361461,20.0673808],[85.7360696,20.0673798],[85.7359244,20.0673726],[85.7358304,20.0673582],[85.7350091,20.0672331]]}},{"type":"Feature","properties":{"id":866163382,"highway":"residential"},"geometry":{"type":"LineString","coordinates":[[85.72866,20.066882],[85.7287981,20.0673993],[85.728851,20.0675543],[85.7289039,20.0676656],[85.728978,20.0677431],[85.7290816,20.067767],[85.729564,20.0676875]]}},{"type":"Feature","properties":{"id":866163383,"highway":"residential"},"geometry":{"type":"LineString","coordinates":[[85.7303213,20.0653006],[85.7300735,20.0653322],[85.7299455,20.0653394],[85.7297579,20.0653385],[85.7295583,20.0653169],[85.7292427,20.0652539],[85.7291145,20.0652283],[85.7290364,20.0652214],[85.7289708,20.0652334],[85.7289165,20.0652634],[85.7288618,20.0653157],[85.7288174,20.0653695],[85.7288007,20.0653966],[85.7287931,20.065442],[85.7288128,20.0655093],[85.729131,20.065934]]}},{"type":"Feature","properties":{"id":866163384,"highway":"residential"},"geometry":{"type":"LineString","coordinates":[[85.7292427,20.0652539],[85.7293252,20.065484],[85.7293572,20.065631],[85.7293617,20.0657129],[85.7293503,20.0657807],[85.7293276,20.0658552]]}},{"type":"Feature","properties":{"id":866163385,"highway":"unclassified"},"geometry":{"type":"LineString","coordinates":[[85.7319943,20.0651501],[85.7317229,20.0648895],[85.7316042,20.0646665],[85.7314592,20.0643296],[85.7312497,20.0639588],[85.7308888,20.0633651],[85.7306367,20.0629548],[85.7304329,20.0625316],[85.7302214,20.0620302],[85.7300093,20.0614878],[85.7298097,20.0610184],[85.7295664,20.0604877],[85.729252,20.0598751],[85.7291191,20.059671],[85.7287521,20.0591173],[85.7284078,20.0585954],[85.7279789,20.0579589],[85.7273242,20.0569503],[85.7271698,20.0568028],[85.7270112,20.0566914],[85.7268556,20.056512],[85.7267476,20.0563312],[85.7266083,20.0560992],[85.7264446,20.0558293],[85.7262948,20.0555595],[85.7261484,20.0553034],[85.7260957,20.055245],[85.7259332,20.0551237],[85.7256665,20.054932],[85.7255367,20.054835],[85.7254339,20.0547611],[85.7252942,20.0547052],[85.7251834,20.0546621],[85.7250916,20.054595],[85.7250144,20.054525],[85.7249274,20.0544442],[85.7248465,20.0543766],[85.7246654,20.0542315],[85.7244083,20.0540335],[85.7241318,20.053844],[85.7239334,20.0536954],[85.7238528,20.0536322],[85.7237034,20.0535032],[85.7236269,20.0534186],[85.7235603,20.0533009],[85.7234919,20.0531281],[85.7234607,20.0530284],[85.7234275,20.0529224],[85.7233785,20.052715],[85.7233566,20.0525761],[85.7233733,20.0524183],[85.723437,20.052266],[85.7235072,20.0521597],[85.7236147,20.0520456],[85.7237595,20.0517584],[85.7238376,20.0513325],[85.7238772,20.0512079],[85.7240324,20.0509115]]}},{"type":"Feature","properties":{"id":866163387,"highway":"residential"},"geometry":{"type":"LineString","coordinates":[[85.7252942,20.0547052],[85.7251395,20.0549272],[85.7250273,20.0550518],[85.7248754,20.0552068],[85.7247423,20.0553163],[85.72469,20.0553423],[85.7246454,20.0553507],[85.7246119,20.0553502],[85.724581,20.0553379],[85.7245522,20.0553246],[85.724515,20.0553182],[85.724461,20.0553207],[85.7244132,20.0553299],[85.7243488,20.0553389],[85.7242889,20.0553363],[85.7242284,20.0553125],[85.7241335,20.0552357],[85.724044,20.0551327],[85.7240016,20.055032],[85.7239803,20.0549015],[85.723986,20.0548009],[85.7240092,20.0547079],[85.724077,20.0545401],[85.7241679,20.0542656],[85.7241795,20.0541556],[85.7241591,20.053997],[85.7241318,20.053844]]}},{"type":"Feature","properties":{"id":866167077,"highway":"residential"},"geometry":{"type":"LineString","coordinates":[[85.7234275,20.0529224],[85.7233036,20.0529579],[85.7231627,20.0530004],[85.7231319,20.0530133],[85.7231212,20.0530284],[85.7231232,20.053062],[85.723207,20.0533157],[85.7232802,20.0535287],[85.7232929,20.0535677],[85.723309,20.053608],[85.7233143,20.0536332],[85.723309,20.0536534],[85.7232553,20.0536886],[85.7230944,20.0537592],[85.7228994,20.0538428]]}},{"type":"Feature","properties":{"id":866167078,"highway":"residential"},"geometry":{"type":"LineString","coordinates":[[85.7236269,20.0534186],[85.7232802,20.0535287],[85.722924,20.0536375]]}},{"type":"Feature","properties":{"id":866167080,"highway":"residential"},"geometry":{"type":"LineString","coordinates":[[85.7234607,20.0530284],[85.7239426,20.0529145],[85.7241171,20.0528666],[85.724196,20.0528643],[85.7242376,20.0528758],[85.7242734,20.0529018],[85.7243141,20.0529515],[85.7244299,20.0532417],[85.7244323,20.0532641],[85.7244261,20.05328],[85.7243991,20.0532995],[85.7242689,20.0533658],[85.7242339,20.0533812],[85.7241778,20.053413],[85.7238528,20.0536322]]}},{"type":"Feature","properties":{"id":866167081,"highway":"residential"},"geometry":{"type":"LineString","coordinates":[[85.738281,20.0572094],[85.7383681,20.0575399],[85.7384,20.0577027],[85.738399,20.0578356],[85.7383568,20.05812],[85.7383409,20.0583262],[85.7383902,20.0587418],[85.7384007,20.0588729],[85.7384015,20.0589552],[85.7383928,20.0590997],[85.7383802,20.0592621],[85.7383723,20.0593066],[85.7383541,20.0593496],[85.738317,20.0593874],[85.7382578,20.0594097],[85.7380708,20.0594477],[85.7376163,20.059537],[85.7375602,20.0595581],[85.7375264,20.0595873],[85.7375081,20.0596156],[85.7375053,20.0596483],[85.7375035,20.0597084],[85.7374925,20.0597436],[85.7374642,20.0597728],[85.7374194,20.059784],[85.7373335,20.0597865],[85.7370784,20.0597771],[85.7369915,20.0597633],[85.7368891,20.0597427],[85.7367483,20.0596964],[85.7365216,20.0596079],[85.7362868,20.059521],[85.7359626,20.0593655],[85.7354724,20.0591428],[85.7350255,20.0588257],[85.7347679,20.0586799],[85.7346194,20.0586023],[85.7345189,20.0585681],[85.7344397,20.0585595],[85.7343189,20.0585595],[85.7341444,20.0585519],[85.7338227,20.0585157],[85.7337395,20.0584957],[85.7336938,20.0584718],[85.7335733,20.058369],[85.7327196,20.0572991],[85.7325028,20.0570399],[85.7324312,20.0569064],[85.7323965,20.056759],[85.7323715,20.0565596],[85.7323655,20.0564855],[85.7323536,20.0563376],[85.7323492,20.0562533],[85.7323398,20.0560128],[85.7323306,20.0557861],[85.7323185,20.0557314],[85.7322943,20.0556809],[85.7322621,20.0556293],[85.7322118,20.0554826],[85.732187,20.05538],[85.7321783,20.055277],[85.7322606,20.0546516]]}},{"type":"Feature","properties":{"id":866167082,"highway":"residential"},"geometry":{"type":"LineString","coordinates":[[85.7344397,20.0585595],[85.7345371,20.0579603]]}},{"type":"Feature","properties":{"id":866167083,"highway":"residential"},"geometry":{"type":"LineString","coordinates":[[85.7387259,20.0601286],[85.7384511,20.0595911],[85.7383839,20.05944],[85.7383541,20.0593496]]}},{"type":"Feature","properties":{"id":866167085,"highway":"residential"},"geometry":{"type":"LineString","coordinates":[[85.7391557,20.0753926],[85.7392479,20.0757727],[85.7393075,20.0760601],[85.7393711,20.0763419],[85.7394625,20.07662],[85.73958,20.0768868]]}},{"type":"Feature","properties":{"id":866488042,"highway":"tertiary"},"geometry":{"type":"LineString","coordinates":[[85.7473176,20.0615828],[85.7468686,20.0612636],[85.7463278,20.0608943],[85.7462633,20.0608534],[85.7453967,20.0603041],[85.7448072,20.0599393],[85.7447215,20.0598882],[85.7441215,20.059575],[85.7422273,20.0587975],[85.7421166,20.0587531],[85.7386696,20.0573693],[85.7383739,20.0572465],[85.738281,20.0572094],[85.7374488,20.0568769],[85.7333936,20.0551524],[85.7322606,20.0546516],[85.7320312,20.0545455],[85.7318494,20.0544697],[85.7314707,20.0542926],[85.7300724,20.0536585],[85.7289644,20.0531549],[85.7259733,20.0517678],[85.7240324,20.0509115],[85.7235911,20.0507215],[85.7227375,20.0503364],[85.721661,20.0498508],[85.721315,20.0496961],[85.7203777,20.0492641],[85.7190919,20.0486838],[85.7184483,20.0483769],[85.718205,20.0482472],[85.717557,20.0478654],[85.7152587,20.0465027],[85.7136237,20.0455273]]}},{"type":"Feature","properties":{"id":866497344,"highway":"residential"},"geometry":{"type":"LineString","coordinates":[[85.6983575,20.0357014],[85.6987103,20.0353721],[85.6987869,20.0353174],[85.6988812,20.0352599],[85.6990107,20.0351858],[85.6992041,20.0351069],[85.6993813,20.0350655],[85.6995553,20.0350112],[85.699767,20.0349306],[85.6998801,20.0348832],[85.6999675,20.0348432],[85.7000325,20.0347913],[85.7001736,20.0346459],[85.7003781,20.0344319],[85.7004831,20.0343227],[85.7005833,20.0342368],[85.7006651,20.0341818],[85.7009391,20.0340297],[85.7013716,20.0337667],[85.7014894,20.0336876],[85.7015953,20.0336085],[85.7017123,20.0335332],[85.7019531,20.0334247],[85.7023001,20.0332951],[85.7027852,20.0331106],[85.7032311,20.0329064],[85.7033634,20.0328273],[85.7035398,20.0327151],[85.7036504,20.032651],[85.7037996,20.0325795],[85.704284,20.0323737]]}},{"type":"Feature","properties":{"id":866500300,"highway":"tertiary"},"geometry":{"type":"LineString","coordinates":[[85.7078822,20.0420676],[85.7069198,20.0414503],[85.7039628,20.0395635],[85.7015554,20.0379386],[85.7003345,20.0371003],[85.6992662,20.0363391],[85.6983575,20.0357014],[85.6983076,20.0356672]]}},{"type":"Feature","properties":{"id":866500301,"highway":"tertiary"},"geometry":{"type":"LineString","coordinates":[[85.7079606,20.0421189],[85.7078822,20.0420676]]}},{"type":"Feature","properties":{"id":866500302,"highway":"tertiary"},"geometry":{"type":"LineString","coordinates":[[85.7136237,20.0455273],[85.7134365,20.0454156]]}},{"type":"Feature","properties":{"id":866500303,"highway":"tertiary"},"geometry":{"type":"LineString","coordinates":[[85.7134365,20.0454156],[85.712448,20.0448245],[85.7102247,20.0434993],[85.708756,20.0426347],[85.7086047,20.0425327],[85.7079606,20.0421189]]}},{"type":"Feature","properties":{"id":866503544,"highway":"unclassified"},"geometry":{"type":"LineString","coordinates":[[85.7143708,20.0176432],[85.7143992,20.0177148],[85.7144477,20.0178623],[85.7145308,20.0184134],[85.7145654,20.0186134],[85.7146401,20.0188582],[85.714805,20.0192463],[85.7149173,20.0194959],[85.7150254,20.019642],[85.7151866,20.0197631],[85.7154006,20.0198859],[85.7156346,20.0199868],[85.7167775,20.020355],[85.717135,20.0204811],[85.717802,20.0207113],[85.7181366,20.0208424],[85.7185923,20.0210876],[85.7188008,20.0212268],[85.7189053,20.0213367],[85.7189952,20.0214728],[85.7191056,20.0217134],[85.7192159,20.0222001],[85.719409,20.0232088],[85.7194049,20.023356],[85.7193851,20.0235095],[85.7193067,20.0240698],[85.7192882,20.0242019],[85.7192664,20.0242876],[85.7192398,20.0243447],[85.7192122,20.0243723],[85.7191724,20.0243893],[85.7190945,20.0243902],[85.7190166,20.0243839],[85.7184431,20.0243455],[85.7183699,20.0243473],[85.7183187,20.0243616],[85.7182845,20.0243795],[85.7182674,20.0244035],[85.718256,20.0244321],[85.7182531,20.0245355],[85.7182536,20.0246393],[85.7182686,20.0250699],[85.7182887,20.0256905],[85.7182757,20.0265002],[85.7182603,20.0269752],[85.7182094,20.0276647],[85.7181461,20.028606],[85.7180464,20.0303595],[85.717972,20.0316339],[85.7179122,20.0324653],[85.7178728,20.0330844],[85.7178455,20.0334358],[85.7178052,20.0339139],[85.7177693,20.0344261],[85.7177392,20.0347748],[85.7177081,20.0349165],[85.7175824,20.035424],[85.7174961,20.0357653],[85.7171941,20.0369491],[85.7170168,20.0376794],[85.7169945,20.0377759],[85.7169805,20.0378606],[85.7169782,20.0379819],[85.7169959,20.038215],[85.7170404,20.0387728],[85.7171465,20.0400918]]}},{"type":"Feature","properties":{"id":866503545,"highway":"residential"},"geometry":{"type":"LineString","coordinates":[[85.7171465,20.0400918],[85.7171993,20.0402259],[85.7172771,20.0405316],[85.717361,20.0408918],[85.7173893,20.0411005],[85.7174156,20.0412312],[85.7174282,20.0412807],[85.7174644,20.0414224],[85.7175478,20.0416408],[85.7175936,20.0417534],[85.7176899,20.0419694],[85.7177972,20.0421986]]}},{"type":"Feature","properties":{"id":866503546,"highway":"residential"},"geometry":{"type":"LineString","coordinates":[[85.7165551,20.0401064],[85.7165357,20.0397722],[85.7165457,20.0396763],[85.7166497,20.0391912],[85.7166683,20.0391203],[85.716675,20.0390487],[85.7166653,20.0389648],[85.7166351,20.0388771],[85.7165821,20.0387949],[85.7165134,20.0387434],[85.7164198,20.0387173],[85.7163091,20.0387091],[85.7160993,20.0387276],[85.7160389,20.0387298],[85.7159795,20.0387179],[85.7159299,20.0386906],[85.7158492,20.0386241]]}},{"type":"Feature","properties":{"id":866503547,"highway":"residential"},"geometry":{"type":"LineString","coordinates":[[85.7175936,20.0417534],[85.7174654,20.0417785],[85.7174233,20.0417774],[85.7173809,20.0417614],[85.7173522,20.0417346],[85.7172075,20.0415518],[85.7171184,20.0414221],[85.7170805,20.0413767],[85.717032,20.0413435],[85.7169799,20.0413137],[85.716889,20.0412905],[85.7168326,20.0412648],[85.7167858,20.0412175],[85.7167488,20.0411487],[85.7167044,20.041042],[85.7166654,20.0409111],[85.7166318,20.0407772],[85.7165841,20.0404636],[85.7165712,20.040343],[85.7165551,20.0401064]]}},{"type":"Feature","properties":{"id":866503548,"highway":"residential"},"geometry":{"type":"LineString","coordinates":[[85.7174282,20.0412807],[85.7171184,20.0414221]]}},{"type":"Feature","properties":{"id":866503549,"highway":"residential"},"geometry":{"type":"LineString","coordinates":[[85.7165841,20.0404636],[85.7169034,20.0405262],[85.717017,20.0405477],[85.717092,20.0405533],[85.7171636,20.0405545],[85.7172184,20.0405461],[85.7172771,20.0405316]]}},{"type":"Feature","properties":{"id":866503550,"highway":"residential"},"geometry":{"type":"LineString","coordinates":[[85.7168326,20.0412648],[85.7167394,20.0412754],[85.716673,20.0412962],[85.7165918,20.0413362],[85.7165205,20.0413878],[85.7163614,20.0415804]]}},{"type":"Feature","properties":{"id":866503551,"highway":"residential"},"geometry":{"type":"LineString","coordinates":[[85.7062813,20.0291291],[85.7060853,20.0292416],[85.7060558,20.0292616],[85.7060419,20.0292916],[85.7060378,20.0293247],[85.7060386,20.0293609],[85.7060476,20.0294079],[85.7060812,20.0295073],[85.7060837,20.0295504],[85.7060738,20.0295766],[85.7060476,20.0296051],[85.7059853,20.0296475],[85.7058654,20.0297058],[85.7050283,20.0300002]]}},{"type":"Feature","properties":{"id":866503552,"highway":"residential"},"geometry":{"type":"LineString","coordinates":[[85.7052871,20.0304919],[85.7064427,20.0300785]]}},{"type":"Feature","properties":{"id":866503553,"highway":"residential"},"geometry":{"type":"LineString","coordinates":[[85.7056046,20.0311763],[85.7067572,20.0308609],[85.7071707,20.0307786],[85.7074275,20.0307301],[85.7077448,20.0306677],[85.7078171,20.0306372],[85.7078717,20.030597],[85.7079086,20.0305291],[85.7079189,20.0304459],[85.707881,20.0303175],[85.7077787,20.0300133]]}},{"type":"Feature","properties":{"id":866503554,"highway":"residential"},"geometry":{"type":"LineString","coordinates":[[85.707881,20.0303175],[85.7076033,20.0303049],[85.7075686,20.0302974],[85.7075454,20.0302825],[85.7075249,20.0302574],[85.7075056,20.0302105],[85.7074789,20.0301465],[85.7074596,20.0301129],[85.707429,20.0300878],[85.7073898,20.0300766],[85.7073268,20.0300718],[85.7072478,20.0300734],[85.7071711,20.0300841],[85.7068772,20.0301569]]}},{"type":"Feature","properties":{"id":866506931,"highway":"unclassified"},"geometry":{"type":"LineString","coordinates":[[85.7105565,20.0384189],[85.7104099,20.0386767],[85.7103867,20.0387465],[85.71037,20.0388162],[85.7103717,20.0388796],[85.7103976,20.0389732],[85.7105431,20.039282],[85.7108896,20.0400309],[85.7112712,20.0409329],[85.7113867,20.0412517],[85.711567,20.0417119],[85.7116616,20.0419224],[85.7118398,20.0423188],[85.712151,20.0429841],[85.7124667,20.0436157]]}},{"type":"Feature","properties":{"id":866506932,"highway":"unclassified"},"geometry":{"type":"LineString","coordinates":[[85.7124667,20.0436157],[85.7126758,20.0440897]]}},{"type":"Feature","properties":{"id":866506933,"highway":"unclassified"},"geometry":{"type":"LineString","coordinates":[[85.7126758,20.0440897],[85.7127127,20.0441948],[85.7127352,20.0443066],[85.7127396,20.0443943],[85.7127215,20.0444897],[85.7126808,20.044557],[85.712448,20.0448245]]}},{"type":"Feature","properties":{"id":866506935,"highway":"residential"},"geometry":{"type":"LineString","coordinates":[[85.7116616,20.0419224],[85.7120994,20.0416501],[85.7122039,20.0415824],[85.7124521,20.0413922],[85.712591,20.0413021],[85.7126842,20.041244],[85.7127926,20.0411842],[85.7128625,20.0411514],[85.7129575,20.0411228],[85.7131716,20.0410874]]}},{"type":"Feature","properties":{"id":866506936,"highway":"residential"},"geometry":{"type":"LineString","coordinates":[[85.7118398,20.0423188],[85.7120875,20.0421764],[85.7122371,20.0420996],[85.7123928,20.0420486],[85.7125485,20.0420063],[85.7127115,20.0419811],[85.7129061,20.0419444],[85.7130639,20.0419005],[85.7132559,20.0418225]]}},{"type":"Feature","properties":{"id":866506938,"highway":"residential"},"geometry":{"type":"LineString","coordinates":[[85.7076121,20.0431709],[85.7077251,20.0431105]]}},{"type":"Feature","properties":{"id":866506939,"highway":"residential"},"geometry":{"type":"LineString","coordinates":[[85.7077251,20.0431105],[85.70803,20.0429475],[85.7082888,20.0428303],[85.708756,20.0426347]]}},{"type":"Feature","properties":{"id":866512597,"highway":"residential"},"geometry":{"type":"LineString","coordinates":[[85.7304104,20.0468908],[85.7303465,20.045674],[85.7303417,20.0455594],[85.7303569,20.0454941],[85.7303907,20.0454283],[85.7304403,20.0453455]]}},{"type":"Feature","properties":{"id":866512598,"highway":"residential"},"geometry":{"type":"LineString","coordinates":[[85.7322658,20.04336],[85.7314828,20.0434657],[85.7314015,20.0434862],[85.7313028,20.0435133],[85.7311437,20.0435661],[85.7309161,20.0436563],[85.730838,20.0436563],[85.730779,20.0436344],[85.7307516,20.0435944],[85.7307379,20.0435416],[85.730731,20.0434656],[85.7306871,20.0433948],[85.73062,20.0433445],[85.7305144,20.0433033],[85.7304031,20.043278],[85.7303373,20.0432807],[85.7302877,20.0432926],[85.7302382,20.0433159],[85.7302056,20.0433418],[85.7301617,20.0433897],[85.7301063,20.0434566],[85.7299678,20.0436511],[85.7298802,20.0437608],[85.7298181,20.0438701],[85.7297926,20.0439742],[85.7297893,20.0440961],[85.7298126,20.0442136],[85.7298433,20.0443906],[85.7298445,20.0445436],[85.7298397,20.0446737],[85.7298151,20.0447896],[85.7297689,20.0449121]]}},{"type":"Feature","properties":{"id":866512599,"highway":"residential"},"geometry":{"type":"LineString","coordinates":[[85.73285,20.0434041],[85.7330361,20.0434453],[85.733152,20.0434796],[85.7332102,20.0435289],[85.7335754,20.0443822],[85.7336747,20.0445721],[85.7337323,20.0446492],[85.733809,20.0447103],[85.733874,20.0447423],[85.7339432,20.0447543],[85.734087,20.0447583],[85.7341595,20.0447383],[85.7343323,20.0446575],[85.7344184,20.0446268],[85.734458,20.0446231],[85.7344927,20.0446379],[85.7345471,20.044677],[85.7346055,20.04477],[85.7347087,20.0450709],[85.7349062,20.0455604]]}},{"type":"Feature","properties":{"id":866512601,"highway":"residential"},"geometry":{"type":"LineString","coordinates":[[85.734778,20.0473088],[85.7338521,20.0471358],[85.7331676,20.0469907]]}},{"type":"Feature","properties":{"id":866516414,"highway":"residential"},"geometry":{"type":"LineString","coordinates":[[85.7349497,20.0473882],[85.7350648,20.047585],[85.7351549,20.0476884],[85.7353148,20.0478163],[85.7354358,20.0479009],[85.7355326,20.0479851],[85.7360824,20.0486791]]}},{"type":"Feature","properties":{"id":866516415,"highway":"residential"},"geometry":{"type":"LineString","coordinates":[[85.7354339,20.0458142],[85.7353298,20.0451585]]}},{"type":"Feature","properties":{"id":866516417,"highway":"residential"},"geometry":{"type":"LineString","coordinates":[[85.7293492,20.0421932],[85.7290703,20.0411144],[85.7290483,20.0409877],[85.7290238,20.0408212],[85.7290005,20.0406464],[85.7289888,20.0404763],[85.728983,20.0403372],[85.7289909,20.0402287],[85.7290236,20.0401083],[85.7290934,20.0399959],[85.7292432,20.0398461],[85.7295241,20.0396028],[85.7296462,20.0394765],[85.7297227,20.0393732],[85.7297418,20.0393204],[85.7297535,20.0392547],[85.729759,20.0391671],[85.7297665,20.0391285],[85.7297926,20.0390905],[85.7298351,20.0390596],[85.729894,20.0390254],[85.7299407,20.0389874],[85.7299914,20.0389333],[85.7300264,20.038885],[85.7300428,20.0388387],[85.7300463,20.0387852],[85.730043,20.0387076],[85.7300268,20.0385278],[85.7300097,20.038425],[85.729984,20.0383351],[85.7299165,20.0381954],[85.7298473,20.0380701],[85.7298037,20.0380356],[85.7297464,20.0380155],[85.7296601,20.0380099],[85.7295447,20.0380163],[85.7293559,20.0380494],[85.7291026,20.0381253]]}},{"type":"Feature","properties":{"id":866516418,"highway":"residential"},"geometry":{"type":"LineString","coordinates":[[85.7266173,20.0392771],[85.7269344,20.0390814],[85.7271271,20.0389978],[85.7272917,20.0389472],[85.7274178,20.0389245],[85.7275586,20.0389213],[85.7277837,20.0389433],[85.7280111,20.0389637],[85.7282211,20.0389589],[85.7284353,20.0389432],[85.7287194,20.038905],[85.7288638,20.0388889],[85.7289549,20.038896],[85.7290262,20.0389222],[85.7290875,20.0389587],[85.729166,20.0390125],[85.7292191,20.0390388],[85.7293009,20.0390564],[85.7294824,20.0390671],[85.7297926,20.0390905]]}},{"type":"Feature","properties":{"id":866519681,"highway":"tertiary"},"geometry":{"type":"LineString","coordinates":[[85.7611744,20.0436846],[85.7609324,20.043601],[85.7604827,20.0434803],[85.7602362,20.0434238],[85.7600471,20.0434012],[85.759868,20.0434007],[85.7596751,20.0434017],[85.7587927,20.0434525],[85.7586582,20.0434335],[85.7585084,20.0433768],[85.7583839,20.0432722],[85.7582544,20.0431511],[85.7581123,20.0430151],[85.7579749,20.0428837],[85.7578851,20.0427608],[85.7578326,20.0426594],[85.7578005,20.0425898],[85.7577484,20.0424918],[85.7576868,20.0424095],[85.7576432,20.0423742],[85.7575994,20.0423444],[85.7575334,20.0423101],[85.7572833,20.0422082],[85.7570834,20.042155],[85.7568629,20.0420913],[85.756541,20.0420163],[85.7562926,20.04194]]}},{"type":"Feature","properties":{"id":866519682,"highway":"residential"},"geometry":{"type":"LineString","coordinates":[[85.743289,20.0343236],[85.7430531,20.0345848],[85.7429812,20.0346686],[85.7429167,20.0347191],[85.7425044,20.0349498]]}},{"type":"Feature","properties":{"id":866519683,"highway":"residential"},"geometry":{"type":"LineString","coordinates":[[85.7419651,20.0347385],[85.7419763,20.0346047],[85.7419957,20.0345037],[85.7420178,20.0344512],[85.7420788,20.0343797],[85.74213,20.0342964],[85.7421757,20.0341676],[85.7421812,20.0341182],[85.7421798,20.0340623]]}},{"type":"Feature","properties":{"id":866519684,"highway":"residential"},"geometry":{"type":"LineString","coordinates":[[85.740908,20.0340406],[85.7408534,20.0342546],[85.740842,20.0343361],[85.7408441,20.0344708],[85.7408524,20.0346134],[85.7408823,20.0347598]]}},{"type":"Feature","properties":{"id":866519685,"highway":"residential"},"geometry":{"type":"LineString","coordinates":[[85.7395524,20.0322495],[85.740223,20.0321872]]}},{"type":"Feature","properties":{"id":866519686,"highway":"residential"},"geometry":{"type":"LineString","coordinates":[[85.7404593,20.0335086],[85.7398293,20.033659],[85.7397977,20.0336583],[85.7397723,20.0336403],[85.7397485,20.0336072],[85.7396933,20.0334567],[85.739651,20.0333387],[85.7396239,20.0332813],[85.7395994,20.033255],[85.7395789,20.0332437],[85.7395401,20.0332361],[85.7394933,20.0332363],[85.7392559,20.0332631],[85.7392188,20.0332692],[85.7391766,20.0332849],[85.7391358,20.0333142],[85.7390917,20.0333638],[85.7390348,20.0334431],[85.7390119,20.033477],[85.7389829,20.0335059],[85.7389464,20.0335294],[85.7388872,20.0335446],[85.737847,20.033578]]}},{"type":"Feature","properties":{"id":866519687,"highway":"residential"},"geometry":{"type":"LineString","coordinates":[[85.7376296,20.033201],[85.7384851,20.0331005],[85.7385994,20.0330918],[85.738709,20.0330936],[85.7388214,20.0331093],[85.7389273,20.033152],[85.7391766,20.0332849]]}},{"type":"Feature","properties":{"id":866519688,"highway":"residential"},"geometry":{"type":"LineString","coordinates":[[85.7402297,20.0317244],[85.7397469,20.0317605],[85.7396736,20.0317751],[85.7396343,20.0318038],[85.7396038,20.0318595],[85.739567,20.0319913],[85.7395421,20.0321043],[85.7395524,20.0322495],[85.7395605,20.0323258],[85.7396037,20.0324922],[85.7396193,20.0325768],[85.7396193,20.0326804],[85.7396239,20.0332813]]}},{"type":"Feature","properties":{"id":866519689,"highway":"residential"},"geometry":{"type":"LineString","coordinates":[[85.7447121,20.0374009],[85.7446557,20.0374167],[85.744609,20.0374325],[85.7445576,20.0374591],[85.7445014,20.0374975],[85.7443823,20.0375899],[85.7441174,20.0378526]]}},{"type":"Feature","properties":{"id":867153632,"highway":"tertiary"},"geometry":{"type":"LineString","coordinates":[[85.7048787,20.0216685],[85.7049103,20.0215439],[85.704936,20.0214268],[85.7049299,20.0213717],[85.704903,20.0212821],[85.7048504,20.0211696],[85.7046462,20.020878],[85.7043491,20.0204758],[85.7041693,20.0202525],[85.7039271,20.0198961],[85.7034594,20.0190844],[85.7031851,20.0185161],[85.7031449,20.0184303],[85.702813,20.0177219],[85.7026353,20.017247],[85.7025497,20.0169992],[85.7023345,20.0165006],[85.702159,20.0159904],[85.702015,20.0154854],[85.7019643,20.0153089],[85.701955,20.0151119],[85.701964,20.0148424],[85.7019629,20.0145592],[85.7019497,20.0143391],[85.7019233,20.0141624],[85.7018694,20.0139071],[85.7018188,20.0137593],[85.7017726,20.0136663],[85.701513,20.0132829],[85.701216,20.012843],[85.7010246,20.0125594],[85.7005604,20.0118835],[85.700029,20.0112241],[85.6995708,20.0106088]]}},{"type":"Feature","properties":{"id":867153633,"highway":"tertiary"},"geometry":{"type":"LineString","coordinates":[[85.704829,20.0218502],[85.7048787,20.0216685]]}},{"type":"Feature","properties":{"id":867167390,"highway":"residential"},"geometry":{"type":"LineString","coordinates":[[85.7031449,20.0184303],[85.7030366,20.018431],[85.7029256,20.0184169],[85.7027931,20.018364],[85.7026965,20.0182977],[85.7024889,20.0181088],[85.7023331,20.0179641],[85.7021501,20.0177313],[85.7020062,20.0175098],[85.7019051,20.0173073],[85.7018129,20.017068],[85.7017498,20.016842],[85.7015772,20.0160796],[85.7015086,20.0157324],[85.7015267,20.015641],[85.7015734,20.0155503],[85.7016499,20.015466],[85.7017757,20.0153225],[85.701955,20.0151119]]}},{"type":"Feature","properties":{"id":867167391,"highway":"residential"},"geometry":{"type":"LineString","coordinates":[[85.7020062,20.0175098],[85.7026353,20.017247]]}},{"type":"Feature","properties":{"id":867167392,"highway":"unclassified"},"geometry":{"type":"LineString","coordinates":[[85.7031449,20.0184303],[85.703319,20.0184114],[85.7034671,20.0183867],[85.703791,20.0183348],[85.7039109,20.0183196],[85.7040779,20.0182874],[85.7042291,20.0182481],[85.7045008,20.0181633],[85.7047307,20.0180725],[85.7048114,20.0180231],[85.7048725,20.0179507],[85.7049275,20.017852],[85.7049776,20.0177544],[85.7050289,20.0176843],[85.7051133,20.0176223],[85.7053887,20.017521],[85.7056805,20.017364]]}},{"type":"Feature","properties":{"id":867167393,"highway":"unclassified"},"geometry":{"type":"LineString","coordinates":[[85.7056805,20.017364],[85.7057596,20.0173192]]}},{"type":"Feature","properties":{"id":867167394,"highway":"unclassified"},"geometry":{"type":"LineString","coordinates":[[85.7057596,20.0173192],[85.7059651,20.0172032],[85.7060806,20.017122],[85.7062392,20.0169853],[85.7063865,20.0168191],[85.7067038,20.0164044],[85.7068065,20.0162577],[85.7068656,20.0161367],[85.7068888,20.0160128],[85.7068913,20.0158939],[85.7068892,20.0155388],[85.7069038,20.0154438],[85.7069493,20.0153725],[85.7070309,20.0153179],[85.707147,20.0152743],[85.7072837,20.0152386],[85.7075168,20.0151799],[85.7078062,20.0151253],[85.7080564,20.0150532],[85.7082613,20.0149661],[85.7084431,20.0148994],[85.7086056,20.0148655],[85.708768,20.014856],[85.7088835,20.0148698],[85.709019,20.0149416],[85.7091534,20.0150154],[85.7092796,20.0150422],[85.7093814,20.015035],[85.7097974,20.0148639],[85.710234,20.0146836]]}},{"type":"Feature","properties":{"id":867167395,"highway":"unclassified"},"geometry":{"type":"LineString","coordinates":[[85.710234,20.0146836],[85.7103184,20.014646]]}},{"type":"Feature","properties":{"id":867167396,"highway":"unclassified"},"geometry":{"type":"LineString","coordinates":[[85.7103184,20.014646],[85.7103991,20.0146149],[85.7108044,20.0145336],[85.7117807,20.0143278],[85.7122315,20.0142897],[85.7125575,20.0142549],[85.7128549,20.0142117],[85.7130906,20.014167],[85.7131915,20.014136],[85.7132804,20.0140913],[85.7133429,20.0140683],[85.713421,20.0140543],[85.7134986,20.0140553],[85.7135832,20.0140657],[85.7136432,20.0140946],[85.7136839,20.0141371],[85.7137213,20.0142024],[85.7137646,20.0143478],[85.7138532,20.0146023],[85.713947,20.0148326],[85.714062,20.0150332],[85.7141935,20.0152454],[85.7142504,20.0154006],[85.7143054,20.0156785],[85.7144073,20.0162047],[85.7144511,20.0164541],[85.7145033,20.0166768],[85.7145308,20.0168243],[85.7145176,20.0169314],[85.7144827,20.0170328],[85.7143346,20.0171994],[85.71428,20.0172655],[85.7142529,20.0173069],[85.7142444,20.017349],[85.7142513,20.0173964]]}},{"type":"Feature","properties":{"id":867167397,"highway":"unclassified"},"geometry":{"type":"LineString","coordinates":[[85.7142513,20.0173964],[85.7143708,20.0176432]]}},{"type":"Feature","properties":{"id":867169603,"highway":"residential"},"geometry":{"type":"LineString","coordinates":[[85.7048725,20.0179507],[85.7049562,20.0182374],[85.7049779,20.0183477],[85.7050005,20.0184674],[85.7050213,20.018595],[85.7050213,20.0186576],[85.7050098,20.0186971],[85.7049765,20.0187622],[85.7049263,20.0188126],[85.70458,20.0189893],[85.7044443,20.0190452],[85.704404,20.0190616],[85.7043724,20.0190636],[85.7043462,20.0190585],[85.7043206,20.0190411],[85.7041831,20.0187871],[85.7039109,20.0183196]]}},{"type":"Feature","properties":{"id":867169605,"highway":"unclassified"},"geometry":{"type":"LineString","coordinates":[[85.7192159,20.0222001],[85.7200117,20.0220426],[85.7201129,20.0220499],[85.7201899,20.0220714],[85.7202631,20.0221145],[85.720439,20.0222508],[85.7206252,20.022407],[85.7208102,20.0225338],[85.7209485,20.0226062],[85.7216628,20.0229056],[85.7219546,20.0230448],[85.7222136,20.0231683],[85.7227675,20.0233832],[85.7230661,20.0234945],[85.7233531,20.0235936],[85.7235071,20.0236164],[85.7237171,20.0236471],[85.7238733,20.023656],[85.7240453,20.0236461],[85.724194,20.0236243],[85.7242996,20.0236213],[85.7244103,20.0236293],[85.7248765,20.023673],[85.725354,20.0237014],[85.7254987,20.0236903],[85.7257552,20.0236545],[85.726102,20.0236]]}},{"type":"Feature","properties":{"id":867174982,"highway":"residential"},"geometry":{"type":"LineString","coordinates":[[85.7183604,20.0213681],[85.718618,20.0214865],[85.7187086,20.0215038],[85.718812,20.0215091],[85.7189952,20.0214728],[85.7194676,20.0211285]]}},{"type":"Feature","properties":{"id":867174983,"highway":"residential"},"geometry":{"type":"LineString","coordinates":[[85.7185923,20.0210876],[85.7187569,20.0209169],[85.7188068,20.0208712],[85.7189333,20.0207763],[85.7190764,20.0206722]]}},{"type":"Feature","properties":{"id":867174984,"highway":"residential"},"geometry":{"type":"LineString","coordinates":[[85.7150879,20.0088639],[85.7153448,20.0088313],[85.7155264,20.0087759],[85.7156656,20.0087154],[85.7159581,20.0085488],[85.7160791,20.0085002],[85.716145,20.0084779],[85.7162454,20.0084525]]}},{"type":"Feature","properties":{"id":867174987,"highway":"unclassified"},"geometry":{"type":"LineString","coordinates":[[85.7133429,20.0140683],[85.7132602,20.0136273],[85.7132062,20.0134401],[85.7131471,20.0132705],[85.713062,20.0130763],[85.7129291,20.0128213],[85.7127951,20.0126004],[85.7127142,20.0124203],[85.7126769,20.0123352],[85.7126727,20.0123042],[85.7126795,20.012266],[85.712704,20.012231],[85.7127556,20.0121944],[85.7128179,20.0121615],[85.712957,20.0120895],[85.713027,20.0120624],[85.7130856,20.0120525],[85.7131173,20.0120563],[85.7131683,20.0120745],[85.7132304,20.0120971],[85.7132785,20.0121098],[85.71335,20.012114],[85.7134009,20.0121155],[85.7134517,20.0121067],[85.7135207,20.0120843],[85.7138556,20.0118964],[85.7138845,20.0118611],[85.7139003,20.0117918],[85.7138988,20.0115883],[85.7139098,20.0115393],[85.7139401,20.0114989],[85.7139849,20.0114722],[85.7140942,20.011447],[85.7142811,20.0114049],[85.7145239,20.0113246]]}},{"type":"Feature","properties":{"id":867174988,"highway":"unclassified"},"geometry":{"type":"LineString","coordinates":[[85.7145239,20.0113246],[85.7147048,20.0112663]]}},{"type":"Feature","properties":{"id":867174989,"highway":"unclassified"},"geometry":{"type":"LineString","coordinates":[[85.7147048,20.0112663],[85.7149678,20.0111877],[85.7151348,20.0111618],[85.7156241,20.0110913],[85.7161568,20.0110098],[85.7163449,20.0109727],[85.716462,20.0109381],[85.7165659,20.0108874],[85.7166228,20.0108408],[85.7166566,20.0107992],[85.7166735,20.0107575],[85.7166703,20.0106931],[85.7166566,20.0105929],[85.7166481,20.0105354],[85.7166576,20.0104869],[85.7167072,20.0104322],[85.7167487,20.010399]]}},{"type":"Feature","properties":{"id":867174990,"highway":"unclassified"},"geometry":{"type":"LineString","coordinates":[[85.7169556,20.0102544],[85.7169954,20.0102087],[85.7170105,20.0101744],[85.7170137,20.0101364],[85.7169964,20.0099085],[85.7169789,20.0096346],[85.7169645,20.0093915],[85.7169572,20.00924],[85.716947,20.0090648],[85.7169092,20.008939],[85.7167861,20.0086652]]}},{"type":"Feature","properties":{"id":867174991,"highway":"unclassified"},"geometry":{"type":"LineString","coordinates":[[85.7167487,20.010399],[85.7169556,20.0102544]]}},{"type":"Feature","properties":{"id":867174992,"highway":"unclassified"},"geometry":{"type":"LineString","coordinates":[[85.7167243,20.0085161],[85.7166945,20.0084739],[85.7166544,20.0084407],[85.7166135,20.0084229],[85.7165702,20.0084133],[85.7165073,20.0084104],[85.7164106,20.0084259],[85.716306,20.0084488],[85.7162454,20.0084525],[85.7161927,20.0084392],[85.7161495,20.0084089],[85.7160371,20.0082072],[85.7156367,20.0074851],[85.7155546,20.0073218],[85.7154831,20.0071578],[85.7153753,20.0068747],[85.7152928,20.0066608],[85.7152402,20.0065447],[85.7150798,20.0063457],[85.7146773,20.0058216],[85.7143905,20.0053841],[85.7142656,20.0051765],[85.7141393,20.0049194],[85.7139828,20.0045906],[85.713842,20.0043385],[85.7137197,20.0041778],[85.7134461,20.003854],[85.7132593,20.0036228],[85.7130015,20.0032496],[85.7127977,20.0029665],[85.7127135,20.0028689],[85.7125583,20.0027119],[85.7122821,20.0024091],[85.7119042,20.0020206],[85.7117551,20.0019086],[85.7116483,20.0018506],[85.7114798,20.0017643],[85.7114242,20.001727],[85.7113889,20.0016864],[85.7113492,20.0016101],[85.7113028,20.0014436],[85.7110781,20.0005152],[85.7110293,20.0004069],[85.7109652,20.0003332],[85.7108633,20.0002421],[85.7107626,20.0001406],[85.7106517,19.9999695],[85.7105962,19.9998413],[85.710574,19.9997621],[85.7105664,19.9996762],[85.710574,19.9996211],[85.7105893,19.9995767],[85.71062,19.9995109]]}},{"type":"Feature","properties":{"id":867174993,"highway":"unclassified"},"geometry":{"type":"LineString","coordinates":[[85.7167861,20.0086652],[85.7167243,20.0085161]]}},{"type":"Feature","properties":{"id":867178941,"highway":"residential"},"geometry":{"type":"LineString","coordinates":[[85.7164602,20.0058101],[85.7165086,20.0060676],[85.7165003,20.0061387],[85.7164802,20.006181],[85.7164162,20.0062366],[85.7163547,20.0062789],[85.7163014,20.0063323],[85.7162683,20.0063979],[85.7162412,20.0064975],[85.7162279,20.0065835],[85.7162324,20.0066556],[85.7162604,20.0067374],[85.7164326,20.007138],[85.7164364,20.0071781],[85.7164137,20.0072138],[85.7163671,20.0072468],[85.7163291,20.0072807],[85.7163044,20.0073191],[85.7162902,20.0073655],[85.7162864,20.0074173],[85.71629,20.0075045],[85.7162883,20.0080188],[85.7162814,20.0080503],[85.7162633,20.0080786],[85.7162265,20.0081108],[85.7160371,20.0082072]]}},{"type":"Feature","properties":{"id":867178942,"highway":"residential"},"geometry":{"type":"LineString","coordinates":[[85.7162633,20.0080786],[85.7163222,20.0081638],[85.7163883,20.0082625],[85.7165073,20.0084104]]}},{"type":"Feature","properties":{"id":867198787,"highway":"unclassified"},"geometry":{"type":"LineString","coordinates":[[85.7152402,20.0065447],[85.7152824,20.006513]]}},{"type":"Feature","properties":{"id":867198793,"highway":"unclassified"},"geometry":{"type":"LineString","coordinates":[[85.7258317,19.9980131],[85.725398,19.9983498],[85.7247252,19.9988237],[85.7240935,19.9992625],[85.7236805,19.9995562],[85.7234181,19.9997134],[85.7229704,19.9999552],[85.7225562,20.0001389],[85.7216608,20.0005016],[85.7210249,20.0007394],[85.7204282,20.0009488],[85.7196929,20.0012083],[85.7183504,20.0017056],[85.7173054,20.0020602],[85.7168789,20.0021724],[85.7168023,20.002185],[85.7164771,20.002225],[85.7162852,20.0022065],[85.7161512,20.0021559],[85.7160235,20.0020915],[85.7157897,20.0019538],[85.7148118,20.0013304],[85.7145095,20.0011528],[85.7140896,20.0009043],[85.7138511,20.0007845],[85.7133714,20.000597],[85.7106751,19.9994413]]}},{"type":"Feature","properties":{"id":867198797,"highway":"residential"},"geometry":{"type":"LineString","coordinates":[[85.7209725,19.9997997],[85.7206312,19.9999705],[85.7204675,20.0000524],[85.7201183,20.0002404],[85.7199576,20.000339],[85.7197116,20.0005393],[85.7195608,20.0006564],[85.7191673,20.0009569],[85.7189754,20.0010771],[85.7182589,20.0014561],[85.7180998,20.001527],[85.7179752,20.0015593],[85.7177424,20.0016102],[85.7174423,20.0016749],[85.7172718,20.0017119],[85.7167942,20.0018954],[85.7167509,20.0019321],[85.7167319,20.0019688],[85.7167298,20.0020055],[85.7168023,20.002185],[85.7168518,20.0022564],[85.7169071,20.0023352],[85.7171375,20.0027045],[85.7172961,20.0030004],[85.717471,20.0034414],[85.7176045,20.0037801],[85.7176569,20.0039548],[85.7177081,20.0041753],[85.7177412,20.0043473],[85.717748,20.0044122],[85.7177434,20.0044926],[85.717724,20.0046437],[85.7177167,20.0047357],[85.7177138,20.0047982],[85.7177153,20.0048738],[85.7177591,20.0050477]]}},{"type":"Feature","properties":{"id":867201583,"highway":"unclassified"},"geometry":{"type":"LineString","coordinates":[[85.7216811,20.0034433],[85.7217646,20.0034173]]}},{"type":"Feature","properties":{"id":867201584,"highway":"unclassified"},"geometry":{"type":"LineString","coordinates":[[85.7217646,20.0034173],[85.7222205,20.0032755],[85.7223487,20.0032264],[85.7226212,20.0031069],[85.7227807,20.0030159],[85.7231002,20.0028273]]}},{"type":"Feature","properties":{"id":867201585,"highway":"unclassified"},"geometry":{"type":"LineString","coordinates":[[85.7231002,20.0028273],[85.7231995,20.0027687]]}},{"type":"Feature","properties":{"id":867201586,"highway":"unclassified"},"geometry":{"type":"LineString","coordinates":[[85.7231995,20.0027687],[85.7236819,20.0024555],[85.7240969,20.0022074],[85.7243476,20.0020816],[85.7245603,20.0019843],[85.7248414,20.0018665],[85.725395,20.0016595],[85.7262494,20.0013618],[85.7272571,20.0010647],[85.7277382,20.0008941],[85.7284135,20.0006288]]}},{"type":"Feature","properties":{"id":867201587,"highway":"unclassified"},"geometry":{"type":"LineString","coordinates":[[85.7153532,20.0064597],[85.7157696,20.0061465],[85.7158934,20.0060678],[85.715979,20.0060288],[85.7161016,20.0059783],[85.7161837,20.0059496],[85.7162942,20.0059081],[85.7163696,20.0058745],[85.7164602,20.0058101],[85.71656,20.0057213],[85.7166781,20.0056333],[85.7168008,20.0055517],[85.7169813,20.005455],[85.7172517,20.0053104],[85.7177591,20.0050477],[85.7183479,20.0047693],[85.7188635,20.0044944],[85.7195245,20.0041393],[85.7197543,20.0040287],[85.7199775,20.0039501],[85.720287,20.0038555],[85.7210857,20.0036128],[85.7216811,20.0034433]]}},{"type":"Feature","properties":{"id":867201588,"highway":"unclassified"},"geometry":{"type":"LineString","coordinates":[[85.7152824,20.006513],[85.7153532,20.0064597]]}},{"type":"Feature","properties":{"id":867233701,"highway":"unclassified"},"geometry":{"type":"LineString","coordinates":[[85.726102,20.0236],[85.726267,20.0235767]]}},{"type":"Feature","properties":{"id":867233702,"highway":"unclassified"},"geometry":{"type":"LineString","coordinates":[[85.726267,20.0235767],[85.7265588,20.0235704],[85.726818,20.0235853],[85.7272757,20.0236767],[85.7274611,20.0237089],[85.727665,20.0237496],[85.7278452,20.0237707],[85.7281583,20.023788],[85.7285029,20.0237978],[85.7287041,20.0238176],[85.728933,20.0238572],[85.7295446,20.0239597],[85.7306705,20.0242415],[85.7310625,20.0243947],[85.7313269,20.0244862],[85.7319175,20.0246703],[85.7322055,20.0247667],[85.7324949,20.0248223],[85.7326685,20.0248656],[85.7331328,20.0249855],[85.7333854,20.0250349],[85.7335932,20.0250559],[85.7339786,20.0250818],[85.7342916,20.0250868],[85.7346231,20.0250621],[85.7350835,20.0250126],[85.7353781,20.0249434],[85.7355741,20.0248668],[85.7357227,20.0247791],[85.7360305,20.0245678],[85.7361739,20.0244454],[85.7363751,20.0242205],[85.7369014,20.0236563]]}},{"type":"Feature","properties":{"id":867233703,"highway":"residential"},"geometry":{"type":"LineString","coordinates":[[85.7343646,20.0154972],[85.7341293,20.0154272],[85.7340401,20.0154051],[85.7339427,20.0153935],[85.7338473,20.0153938],[85.7336342,20.0154378],[85.7331929,20.0155531],[85.7327289,20.0156839],[85.7325555,20.0157328],[85.7324538,20.0157646],[85.7323996,20.0157965],[85.7323773,20.0158401],[85.7323802,20.0159166],[85.7324245,20.016048],[85.7326076,20.016417],[85.7326553,20.01654],[85.7326806,20.0166024],[85.7327946,20.0167397],[85.7328214,20.0167649],[85.7328536,20.0167649],[85.7328831,20.0167473],[85.732993,20.0166704],[85.7330453,20.0166477],[85.7331084,20.0166301],[85.7332331,20.0166087]]}},{"type":"Feature","properties":{"id":867233704,"highway":"residential"},"geometry":{"type":"LineString","coordinates":[[85.7317525,20.0168465],[85.7318661,20.0167799],[85.7319743,20.0167184],[85.7321002,20.0166489],[85.73227,20.0165641],[85.7326076,20.016417]]}},{"type":"Feature","properties":{"id":867233705,"highway":"residential"},"geometry":{"type":"LineString","coordinates":[[85.7327289,20.0156839],[85.7324877,20.0150262],[85.7324169,20.0147373],[85.7324003,20.0146157],[85.7323868,20.0144616],[85.7323778,20.0143598],[85.7323657,20.0142665],[85.7323341,20.0141859],[85.7322499,20.0140756],[85.7321566,20.0139413],[85.7320874,20.0138523],[85.7320603,20.0137886],[85.7320257,20.0136699],[85.7320091,20.0135412],[85.7319844,20.0134029],[85.7319234,20.013062],[85.7319184,20.0126782],[85.731901,20.0122912],[85.7318951,20.0121597],[85.7318483,20.0119224],[85.7317992,20.0117159],[85.7317852,20.0115797],[85.7318132,20.011472],[85.7319699,20.0111161],[85.7320307,20.0108503],[85.7320658,20.0106833],[85.7321406,20.0104262],[85.7322704,20.0101364]]}},{"type":"Feature","properties":{"id":867233706,"highway":"residential"},"geometry":{"type":"LineString","coordinates":[[85.7336342,20.0154378],[85.7335415,20.0150537],[85.7335067,20.0149706],[85.7334427,20.0148371]]}},{"type":"Feature","properties":{"id":867233711,"highway":"residential"},"geometry":{"type":"LineString","coordinates":[[85.731901,20.0122912],[85.7320773,20.0123038],[85.7322545,20.0122865],[85.7323473,20.0122606],[85.7325286,20.0121781],[85.7326507,20.0121184],[85.7327251,20.0120556],[85.7327819,20.0119762],[85.7328574,20.0118628]]}},{"type":"Feature","properties":{"id":867245442,"highway":"residential"},"geometry":{"type":"LineString","coordinates":[[85.7432771,20.0155557],[85.7438915,20.0154933],[85.7441389,20.0154682],[85.744395,20.0154553],[85.7451434,20.0154329],[85.7456334,20.0154183],[85.7464944,20.0153729],[85.7467561,20.0153638],[85.7468354,20.0153553],[85.7469124,20.0153373],[85.746975,20.0153041],[85.7470305,20.015281],[85.74708,20.0152638],[85.7471501,20.0152588],[85.7476363,20.0153053],[85.7481736,20.01532],[85.7482634,20.0152957],[85.7483183,20.015261],[85.7483464,20.0152262],[85.7483621,20.0151861],[85.7483663,20.0150401],[85.7483549,20.0148628],[85.7483496,20.0147017],[85.7483496,20.0146105],[85.7483623,20.0145648],[85.7483828,20.0145377],[85.7484174,20.0145049]]}},{"type":"Feature","properties":{"id":867245443,"highway":"residential"},"geometry":{"type":"LineString","coordinates":[[85.7438915,20.0154933],[85.7437568,20.0146682],[85.7437522,20.0145735],[85.7437643,20.0145382],[85.7438139,20.0144901],[85.7438907,20.0144647],[85.7441108,20.0144344],[85.7442713,20.0144123]]}},{"type":"Feature","properties":{"id":867245444,"highway":"residential"},"geometry":{"type":"LineString","coordinates":[[85.7438915,20.0154933],[85.7440429,20.0164021]]}},{"type":"Feature","properties":{"id":867562292,"highway":"tertiary"},"geometry":{"type":"LineString","coordinates":[[85.7407983,19.9976326],[85.7408345,19.9980199],[85.7408703,19.9982089],[85.7409194,19.9984054],[85.7410351,19.9987242],[85.7412163,19.999141],[85.7413804,19.9995566],[85.7414698,19.9997558],[85.7417392,20.0003278],[85.7418353,20.0005248],[85.7420211,20.0008632],[85.742183,20.0011536],[85.7422558,20.0013354],[85.7423278,20.0015472],[85.7424329,20.0019254],[85.7424943,20.002106],[85.7426291,20.0023237]]}},{"type":"Feature","properties":{"id":867562295,"highway":"tertiary"},"geometry":{"type":"LineString","coordinates":[[85.7426291,20.0023237],[85.742722,20.0024542]]}},{"type":"Feature","properties":{"id":867572959,"highway":"tertiary"},"geometry":{"type":"LineString","coordinates":[[85.7311546,20.0072977],[85.7309457,20.0069456]]}},{"type":"Feature","properties":{"id":867572960,"highway":"tertiary"},"geometry":{"type":"LineString","coordinates":[[85.7309457,20.0069456],[85.7308703,20.0067999],[85.7307755,20.0065086],[85.7307132,20.006317],[85.7306707,20.0061614],[85.7306566,20.0059885],[85.7306552,20.0056719],[85.7306679,20.0053606],[85.7306736,20.0052076],[85.7306523,20.0050573],[85.7305872,20.0048831],[85.7305037,20.0046969],[85.7300762,20.003924],[85.7297251,20.0031684],[85.7294646,20.002647],[85.7292509,20.0021695],[85.7290668,20.0018023],[85.7286606,20.0010813],[85.7284135,20.0006288],[85.7283718,20.0005506],[85.7282996,20.000379],[85.7280972,19.999799],[85.7279981,19.9996141],[85.7277008,19.9991432],[85.7276187,19.9990594],[85.7275012,19.9989716],[85.7271728,19.9987774],[85.7264844,19.9983635],[85.7260489,19.9981634],[85.7259266,19.998094]]}},{"type":"Feature","properties":{"id":867596740,"highway":"secondary"},"geometry":{"type":"LineString","coordinates":[[85.7485868,20.0609712],[85.7485232,20.0610141],[85.7481324,20.0612775],[85.7478453,20.0614031],[85.7475531,20.0615107],[85.7473176,20.0615828],[85.7471331,20.0616724],[85.7469928,20.0617605],[85.7469123,20.0618111],[85.7467941,20.0618954],[85.7466969,20.0619858],[85.7466,20.0621115],[85.7464912,20.0622896],[85.7463797,20.0624916],[85.7461452,20.0628932],[85.74593,20.0632671],[85.7458608,20.0634372],[85.7458227,20.0635903],[85.7458041,20.0638155],[85.7457857,20.0641437],[85.74576,20.0643528],[85.745689,20.0648163],[85.7456697,20.0649581],[85.7455537,20.0657301],[85.7453942,20.0667933],[85.7453829,20.0668688],[85.745326,20.0672271],[85.7452818,20.0675056],[85.7451938,20.06805],[85.7450553,20.0686719],[85.7449954,20.0689947],[85.7449369,20.0692014],[85.744853,20.0694974],[85.7446877,20.0701068],[85.7445028,20.0708001],[85.7444284,20.0710662],[85.744404,20.0711533],[85.7442355,20.071756],[85.7439419,20.0726841],[85.7436704,20.0735648],[85.7433957,20.0743832],[85.743241,20.0748132],[85.743039,20.0752491],[85.7427138,20.0758955],[85.7426096,20.0761327],[85.7425401,20.0762691],[85.7424738,20.0763521],[85.7423413,20.0764618],[85.7420571,20.0765775],[85.7417414,20.0766635],[85.7415078,20.0767495],[85.7412931,20.0768177],[85.7410387,20.0768841],[85.740848,20.0769126],[85.7405891,20.0769392],[85.7402008,20.0769215],[85.73958,20.0768868],[85.7393357,20.0768888],[85.7388969,20.0769126],[85.7384297,20.0769096],[85.7383806,20.0769088],[85.7373247,20.0768918],[85.7364502,20.0768977],[85.7363695,20.0768985],[85.736185,20.0769003],[85.7355347,20.0769066],[85.7351937,20.0769096],[85.7347328,20.0769303],[85.7344486,20.0769689],[85.7341582,20.0770015],[85.7337004,20.0770638],[85.7331922,20.0770689],[85.7331075,20.0770544],[85.7329902,20.0770141],[85.7329092,20.0769753],[85.7327995,20.0769338],[85.7327248,20.0769331],[85.7326554,20.0769541],[85.7323823,20.0771199],[85.7322491,20.0771857],[85.7321437,20.0772188],[85.7309412,20.0774463],[85.7302056,20.077642],[85.7298741,20.0777339],[85.729631,20.0777843],[85.7293816,20.0778288],[85.7290533,20.0778644],[85.7287323,20.0778868],[85.728586,20.077897],[85.7280209,20.0779355],[85.7276073,20.0779741],[85.727159,20.0780215],[85.7267676,20.0780601],[85.7262403,20.0780838],[85.7258047,20.0780986],[85.7252648,20.0781046],[85.7247723,20.0780927],[85.7240967,20.078063],[85.7233138,20.0780126],[85.7227644,20.07798],[85.7220031,20.0779255],[85.7218963,20.0779178],[85.720946,20.0778822],[85.7204977,20.0778703],[85.7197021,20.0778762],[85.7190865,20.0778822],[85.7186003,20.0778911],[85.7180889,20.0779207],[85.7176784,20.0779415],[85.7174069,20.0779474],[85.7171512,20.0779682],[85.7168955,20.0780097],[85.7166051,20.0780779],[85.716141,20.0781876],[85.7154875,20.0783388],[85.7149729,20.0784545],[85.714695,20.0785256],[85.7144583,20.0786057],[85.7142815,20.0786828],[85.7136582,20.0790024],[85.7134764,20.079089],[85.7131386,20.0792758],[85.7128229,20.0794211],[85.7127742,20.0794437],[85.7124788,20.0795812],[85.7122105,20.079701],[85.7120337,20.0797799],[85.7115372,20.0800273],[85.7111509,20.0802065],[85.7108529,20.0803255],[85.7106382,20.0804085],[85.7104899,20.080447],[85.7102783,20.0804619],[85.7099469,20.0804441],[85.7095859,20.0804141],[85.7092334,20.0803848],[85.7087282,20.0803521],[85.7081631,20.0803314],[85.7080422,20.0803249],[85.7077211,20.0803077],[85.7074816,20.0802974],[85.7072083,20.0802856],[85.7069161,20.0802869],[85.7061679,20.0802602],[85.7057196,20.0802306],[85.7054007,20.0802128],[85.7051702,20.0802069],[85.7049177,20.0802276],[85.7046209,20.0802424],[85.7044378,20.0802543],[85.7043273,20.080278],[85.7041221,20.0803403],[85.7038664,20.0804648],[85.7034907,20.0806665],[85.7030298,20.0809511],[85.7028552,20.0810441],[85.7026793,20.0811379],[85.70202,20.0815633],[85.7018301,20.0816983],[85.701638,20.0818699],[85.7014443,20.0820928],[85.7010446,20.0825301],[85.7006966,20.0828782],[85.700339,20.0831644],[85.7002178,20.0832476],[85.7000653,20.0833143],[85.6998917,20.0833736],[85.6996738,20.0834121],[85.6994244,20.0834447],[85.6992145,20.0834683],[85.6990014,20.0834922],[85.6989261,20.0835019],[85.6983024,20.083593],[85.6978175,20.0836553],[85.6975523,20.0837027],[85.6974197,20.0837383],[85.6972808,20.0838006],[85.6971345,20.0838873],[85.69697,20.0839852],[85.6964052,20.0843376],[85.695971,20.0845974],[85.6954984,20.084836],[85.6952844,20.0849417],[85.6950705,20.0850474],[85.6948912,20.0851385],[85.6947031,20.0852261],[85.6943808,20.0853538],[85.6941243,20.0854367],[85.6939769,20.0854835],[85.6936176,20.0855725],[85.6932572,20.0856472],[85.6932116,20.0856567],[85.6927848,20.0857502],[85.692522,20.085799],[85.6923035,20.0858405],[85.6921172,20.0858564],[85.6920279,20.0858579],[85.6918223,20.0858612],[85.6916834,20.0858583],[85.6913648,20.0858653],[85.6909367,20.0858788],[85.6906289,20.0858998],[85.6899078,20.0859599],[85.6889834,20.086027],[85.6884035,20.0860655],[85.687988,20.086086],[85.6875634,20.0860896],[85.6871696,20.0860866],[85.686771,20.086054],[85.6864502,20.0860461],[85.6861848,20.0860507],[85.6858081,20.0860688],[85.6856599,20.086088],[85.6854434,20.086116],[85.6851035,20.0861882],[85.6847964,20.086276],[85.684624,20.0863406],[85.684536,20.0863736],[85.6842814,20.086499],[85.6841351,20.086601],[85.6840124,20.0867037],[85.6839886,20.0867272],[85.6837419,20.0869712],[85.6836276,20.0870843],[85.6830236,20.0876818],[85.682858,20.0878373],[85.6828089,20.0878834],[85.6826921,20.0879931],[85.6825658,20.0880969],[85.682532,20.0881192],[85.682389,20.0882134],[85.6823412,20.0882393],[85.6822154,20.0883074],[85.6821143,20.0883518],[85.6819785,20.0883874],[85.6818524,20.0884052],[85.6817317,20.0884132],[85.6815575,20.0884247],[85.6813882,20.0884372],[85.6812501,20.0884508],[85.6811647,20.0884612],[85.681088,20.0884706],[85.6809999,20.0884824],[85.6807368,20.088515],[85.6805526,20.0885507],[85.6804571,20.0885588],[85.6804159,20.0885623],[85.680258,20.0885624],[85.6801065,20.0885535],[85.6796803,20.0885149],[85.679299,20.0884812],[85.6790638,20.0884549],[85.6790173,20.0884497],[85.6786669,20.0884201],[85.6783201,20.0883938],[85.6781176,20.0883727],[85.6779471,20.0883489],[85.6777829,20.0883162],[85.6775209,20.0882392],[85.6773594,20.0881923],[85.6771689,20.0881621]]}},{"type":"Feature","properties":{"id":867596741,"highway":"secondary"},"geometry":{"type":"LineString","coordinates":[[85.7493767,20.0603462],[85.7492566,20.0604412],[85.7485868,20.0609712]]}},{"type":"Feature","properties":{"id":867596742,"highway":"secondary"},"geometry":{"type":"LineString","coordinates":[[85.7498288,20.060046],[85.7497823,20.060076],[85.7497514,20.0600959]]}},{"type":"Feature","properties":{"id":867596743,"highway":"secondary"},"geometry":{"type":"LineString","coordinates":[[85.7497514,20.0600959],[85.7497309,20.0601096],[85.7494658,20.0602867],[85.7493767,20.0603462]]}},{"type":"Feature","properties":{"id":867600106,"highway":"unclassified"},"geometry":{"type":"LineString","coordinates":[[85.7497309,20.0601096],[85.7498209,20.060199],[85.7500749,20.0604512],[85.7505392,20.0608696],[85.7516509,20.0618714],[85.7520745,20.0622739],[85.7521444,20.0623353],[85.7524441,20.0625986],[85.7526454,20.0627542],[85.7529226,20.0629047],[85.7534558,20.0631359],[85.7537861,20.0632635],[85.7541659,20.0633449],[85.7545158,20.0633762],[85.7549127,20.0633769],[85.7553265,20.0633266],[85.7556213,20.0632719],[85.7557829,20.0632553],[85.7559888,20.0632386],[85.7563618,20.0631721],[85.7571667,20.0629961],[85.7577513,20.0628783],[85.7580685,20.0628203],[85.7585556,20.0627299],[85.7588517,20.0626775],[85.7590548,20.062629],[85.7594583,20.06249],[85.7600875,20.0622406],[85.7602983,20.0621714],[85.760487,20.0621285],[85.7605809,20.0621154],[85.7606718,20.0621091],[85.7607653,20.0621173],[85.760838,20.0621316],[85.7609014,20.0621595],[85.7609848,20.062215],[85.7611,20.0623074],[85.7613052,20.0624932],[85.761424,20.0626443],[85.7614683,20.0627195],[85.7614969,20.0627767],[85.7615211,20.0628666],[85.7615313,20.0629586],[85.7615338,20.063119],[85.7615299,20.0632233]]}},{"type":"Feature","properties":{"id":867604644,"highway":"residential"},"geometry":{"type":"LineString","coordinates":[[85.761528,20.0647094],[85.7622943,20.0642507],[85.7623318,20.0642414]]}},{"type":"Feature","properties":{"id":867604645,"highway":"residential"},"geometry":{"type":"LineString","coordinates":[[85.7623318,20.0642414],[85.7624001,20.0642193]]}},{"type":"Feature","properties":{"id":867604646,"highway":"residential"},"geometry":{"type":"LineString","coordinates":[[85.7624001,20.0642193],[85.7624745,20.0642103],[85.7626723,20.0641836],[85.7628188,20.0641813],[85.7630242,20.0642086],[85.7631965,20.0642707],[85.7634107,20.064409],[85.7635699,20.0645119],[85.7637627,20.0646244],[85.7639381,20.0647564],[85.7641402,20.064918],[85.7642551,20.0649927],[85.7643473,20.065048],[85.7644345,20.0650857],[85.7645983,20.0651244],[85.7648463,20.065152],[85.7651088,20.0651578],[85.7652336,20.0651556],[85.7654108,20.0651332],[85.7655062,20.0651257],[85.7655596,20.0651417],[85.7656004,20.0651876],[85.7656277,20.0652644],[85.7656456,20.0653608],[85.7656413,20.0654699],[85.7656272,20.0656587],[85.7656328,20.065793],[85.7656513,20.0659405],[85.7657077,20.0661416]]}},{"type":"Feature","properties":{"id":867604647,"highway":"residential"},"geometry":{"type":"LineString","coordinates":[[85.7621145,20.0687434],[85.762062,20.0688527],[85.7620579,20.0688955],[85.7620647,20.0689458],[85.7620891,20.0689956],[85.7621068,20.069037],[85.7621054,20.0690734],[85.7620912,20.0691027],[85.7620586,20.0691314],[85.7618692,20.0692054]]}},{"type":"Feature","properties":{"id":867604648,"highway":"unclassified"},"geometry":{"type":"LineString","coordinates":[[85.7615134,20.0633805],[85.7614443,20.0639766],[85.7614294,20.0641885],[85.7614261,20.0644391],[85.761463,20.0645918],[85.761528,20.0647094],[85.7615825,20.0648475],[85.7617421,20.0654828],[85.7618841,20.065956],[85.7619153,20.0661088],[85.7619179,20.0662415],[85.7618712,20.0663701],[85.7617912,20.066556],[85.7617048,20.0667496],[85.761661,20.0668859],[85.7616566,20.0670305],[85.7616699,20.0672119],[85.761748,20.0676545],[85.7617861,20.0681055],[85.7617954,20.0682351],[85.7618377,20.0683693],[85.7618951,20.0685165],[85.7619247,20.0685814],[85.7619619,20.0686303],[85.7620065,20.0686784],[85.7620723,20.0687223],[85.7621145,20.0687434],[85.76282,20.0690964],[85.7629599,20.0691702],[85.763087,20.0692298],[85.7632139,20.0692596],[85.763424,20.0692774],[85.7635691,20.0692675],[85.7637606,20.0692359],[85.7638408,20.0692276],[85.7639128,20.0692346],[85.7639457,20.0692498],[85.7639638,20.0692624]]}},{"type":"Feature","properties":{"id":867604649,"highway":"unclassified"},"geometry":{"type":"LineString","coordinates":[[85.7615299,20.0632233],[85.7615134,20.0633805]]}},{"type":"Feature","properties":{"id":867604650,"highway":"unclassified"},"geometry":{"type":"LineString","coordinates":[[85.7639638,20.0692624],[85.7640172,20.069298]]}},{"type":"Feature","properties":{"id":867604651,"highway":"unclassified"},"geometry":{"type":"LineString","coordinates":[[85.7640172,20.069298],[85.7640371,20.0693239],[85.764052,20.0693647],[85.7640178,20.0700048],[85.7639375,20.0707989],[85.7639122,20.0710461],[85.7639195,20.0711483],[85.7639391,20.0712149],[85.7639794,20.071278],[85.7641468,20.0714617],[85.7642568,20.0715776],[85.7643167,20.0716809],[85.7643717,20.0718175],[85.7644365,20.0719828],[85.7644756,20.0720747],[85.7645355,20.07217],[85.7647616,20.0724202],[85.764954,20.0726839],[85.7649845,20.072703],[85.7650251,20.0727107],[85.7651369,20.0726706],[85.7651796,20.0726706],[85.7652162,20.072682],[85.7652426,20.0727145],[85.7654805,20.073083],[85.7655354,20.0731402],[85.7656106,20.0732109],[85.7656492,20.0732567],[85.7656959,20.0733293],[85.7659561,20.0736997],[85.7659846,20.0737722],[85.7659988,20.073839],[85.7660679,20.0741369],[85.7660964,20.0742171],[85.7661309,20.0742782],[85.7667143,20.0749464],[85.7668688,20.075164],[85.7669156,20.0752557],[85.7671737,20.0757884],[85.7675087,20.0765028],[85.7675503,20.076559],[85.7677274,20.0767411],[85.7677728,20.0768096],[85.7679816,20.0772523],[85.7680419,20.0773906],[85.7682585,20.0777903],[85.7682931,20.0778291],[85.76835,20.0778576],[85.7684547,20.0778807],[85.768746,20.0778779],[85.7688182,20.0778898],[85.769039,20.07795],[85.7692457,20.0779426],[85.7693181,20.0779245],[85.7699111,20.0776435],[85.7705471,20.0774267],[85.7711468,20.0772521],[85.7713175,20.0771809],[85.7715993,20.0770184],[85.7717479,20.0769379],[85.7717946,20.0769187],[85.7718255,20.0769059],[85.771914,20.0768851],[85.7722188,20.0768509],[85.7723333,20.0768514],[85.7726271,20.0768526],[85.7727179,20.0768432],[85.7728317,20.0768166],[85.7731341,20.0766508],[85.7731719,20.0766427],[85.7732286,20.0766456],[85.7732792,20.0766816],[85.7734108,20.0769112],[85.7734512,20.0769314],[85.7735054,20.0769359],[85.7744836,20.0765901],[85.7750731,20.0764241],[85.7754406,20.0763651],[85.7756091,20.0763563],[85.7763036,20.0763932],[85.7776348,20.076591],[85.7780086,20.0766299],[85.7781312,20.0766271],[85.7785803,20.0765887],[85.7786505,20.0766073],[85.778684,20.0766412],[85.7788349,20.0768162],[85.7788974,20.0768765],[85.7789749,20.0769097],[85.7794144,20.0769799],[85.7799313,20.0770092],[85.7800696,20.0769933],[85.7802786,20.0769629],[85.7812039,20.0768285],[85.781582,20.076747],[85.7816321,20.0767399],[85.7817652,20.0767188],[85.7818263,20.0767021],[85.7820037,20.0766024],[85.7821104,20.0765708],[85.7824051,20.0764953],[85.7824753,20.0764581],[85.7825369,20.0763979],[85.7828268,20.0760336],[85.7828669,20.0759932],[85.7829441,20.0759578],[85.7831296,20.0758931],[85.7836196,20.0757221],[85.7837886,20.0756662],[85.7838737,20.0756549],[85.7842065,20.0756634],[85.7842645,20.0756781],[85.7843808,20.0757186],[85.784588,20.0757909],[85.7849499,20.0758825],[85.7850417,20.0758889],[85.7851542,20.0758841],[85.7854504,20.0758464],[85.7855452,20.0758129],[85.7859018,20.07559],[85.7861978,20.075421],[85.7862258,20.0753954],[85.7862766,20.0753247],[85.7862982,20.0752858],[85.7863256,20.0752349],[85.7863573,20.0751911],[85.7864569,20.0751053],[85.7869136,20.0747732],[85.7875176,20.0743147],[85.7876117,20.0742005],[85.787888,20.0736075],[85.7879347,20.073545],[85.7879872,20.0734991],[85.7889158,20.0730106],[85.7891462,20.0728894],[85.7897545,20.072556],[85.790042,20.0724055],[85.7903612,20.0722845],[85.7904203,20.0722564],[85.7905975,20.0721528],[85.7908822,20.0720013],[85.7909374,20.0719757],[85.7912648,20.071873],[85.7912874,20.071864]]}},{"type":"Feature","properties":{"id":867604652,"highway":"residential"},"geometry":{"type":"LineString","coordinates":[[85.7510357,20.0593932],[85.7509613,20.0583039],[85.7508513,20.0576118],[85.7507682,20.0569893],[85.7506917,20.0564475],[85.7506492,20.0562565],[85.7505765,20.0560367],[85.7504712,20.0558158],[85.7502865,20.0554526],[85.7501557,20.0552353],[85.750038,20.0550397]]}},{"type":"Feature","properties":{"id":867604653,"highway":"residential"},"geometry":{"type":"LineString","coordinates":[[85.7489733,20.0546606],[85.7491516,20.0548036],[85.7492322,20.054875],[85.7492833,20.0549753],[85.7493322,20.0551641],[85.7493821,20.055386],[85.7494253,20.0554852],[85.7494684,20.0555353],[85.7495491,20.0555833],[85.7496728,20.0556153],[85.7497898,20.0556185],[85.7499485,20.0555855],[85.7502865,20.0554526]]}},{"type":"Feature","properties":{"id":867604654,"highway":"residential"},"geometry":{"type":"LineString","coordinates":[[85.7501557,20.0552353],[85.7497427,20.0554202]]}},{"type":"Feature","properties":{"id":867607277,"highway":"unclassified"},"geometry":{"type":"LineString","coordinates":[[85.7485232,20.0610141],[85.7485875,20.061161],[85.7486122,20.0613139],[85.7486012,20.0615057],[85.7485702,20.0616347],[85.7485109,20.0617616],[85.7482977,20.0621664],[85.7482691,20.0622957],[85.7482684,20.0624145],[85.7482965,20.0625777],[85.748337,20.0626723],[85.7484584,20.0628755],[85.7485365,20.063128],[85.7485529,20.0635395],[85.7485701,20.0637901],[85.7486155,20.0639674],[85.7487208,20.0641895],[85.7488373,20.0643856],[85.7489405,20.0645041],[85.7489944,20.0646055],[85.7490052,20.0647242],[85.7489488,20.0650744],[85.7488526,20.0654909],[85.7488328,20.0656081],[85.7488372,20.0657636],[85.7488985,20.0659276],[85.7490307,20.0661533],[85.749122,20.0663256],[85.7492167,20.0666185],[85.7492908,20.0669794],[85.7493612,20.0675933],[85.7494507,20.0680343],[85.7495947,20.0685387],[85.749622,20.0687573],[85.7496346,20.0688932],[85.749651,20.0689788],[85.749685,20.0691032]]}},{"type":"Feature","properties":{"id":867607278,"highway":"unclassified"},"geometry":{"type":"LineString","coordinates":[[85.7498508,20.0693405],[85.7499187,20.0694806],[85.74997,20.0696166],[85.7500011,20.0698268],[85.7500345,20.0699878],[85.7500958,20.0701583],[85.7501548,20.0702785],[85.7502205,20.0703727],[85.7503452,20.0704741],[85.7504364,20.0705304],[85.7505097,20.0705738],[85.7505705,20.0706221],[85.7506035,20.0706841],[85.7506116,20.0707395],[85.7506172,20.0707998],[85.7506191,20.0709259],[85.7507142,20.0715477],[85.7507932,20.0719161],[85.7510415,20.0729976],[85.7513897,20.0742359],[85.7515986,20.0747352],[85.751645,20.0748877],[85.7517008,20.0752192],[85.7518476,20.0761553],[85.7518369,20.0763468],[85.751818,20.0764602],[85.7517293,20.0767996],[85.7517107,20.0769035],[85.751692,20.0771127],[85.7516458,20.077355],[85.7516277,20.0773999],[85.7515829,20.0774599],[85.7514935,20.0775107],[85.7514389,20.0775574],[85.7514077,20.0776216],[85.7513433,20.0778685],[85.7513165,20.0780448],[85.7512575,20.0789266],[85.7511395,20.0795816],[85.7511308,20.0797034],[85.7511502,20.080413],[85.7511288,20.0805491],[85.7510107,20.0809371],[85.7509619,20.0810271],[85.7508337,20.0812092],[85.7507161,20.0814202],[85.7507063,20.081449],[85.7506327,20.0816229],[85.750629,20.0816549],[85.7506385,20.0816858],[85.7506622,20.0817027],[85.7507194,20.0817186],[85.7507401,20.0817326],[85.7507509,20.0817517],[85.7508108,20.0818822],[85.7508321,20.0819154],[85.7508887,20.0819586],[85.751117,20.08207],[85.7511657,20.0820866],[85.7512217,20.0820926],[85.7521876,20.0820816],[85.7522814,20.0820966],[85.7523592,20.0821265],[85.7524017,20.082173],[85.7524389,20.0822428],[85.752453,20.0823309],[85.7524619,20.082434],[85.7524743,20.0824921],[85.7525026,20.0825653],[85.7527043,20.0829143],[85.7527521,20.0829708],[85.7528441,20.0830473],[85.7530777,20.0832101],[85.7531556,20.0832733],[85.7532157,20.0833514],[85.7534104,20.0835791],[85.7534829,20.0836273],[85.7535643,20.0836672],[85.7537785,20.0838051],[85.7538439,20.0838716],[85.7538758,20.0839414],[85.753982,20.0842622],[85.7540067,20.0842921],[85.754051,20.0843253],[85.7541465,20.0843519],[85.754957,20.0844599],[85.7551428,20.0844599],[85.7555994,20.084445],[85.7557675,20.0844683],[85.756654,20.0846162],[85.756946,20.0846594],[85.7570522,20.0846511],[85.7572009,20.0846278],[85.7573725,20.0845896],[85.7574751,20.0845896],[85.7575636,20.0846012],[85.7585369,20.0847824],[85.7586519,20.084789],[85.7595279,20.0848455],[85.7597508,20.0848422],[85.7604321,20.0848106],[85.7605578,20.0848223],[85.7606675,20.0848455],[85.7607843,20.0848871],[85.7611948,20.0850583],[85.7612922,20.0851364],[85.7613718,20.0852095],[85.7615505,20.085379],[85.7616461,20.0854455],[85.7617204,20.0854937],[85.7623079,20.0859042],[85.7623663,20.0859291],[85.7624796,20.085964],[85.7626123,20.0859856],[85.762929,20.0860172],[85.7630423,20.0860255],[85.7638156,20.0860621],[85.7639199,20.086074],[85.7648379,20.0861788],[85.7650714,20.0861854],[85.7652395,20.0861569],[85.765333,20.0861225],[85.7653614,20.0860767],[85.7654448,20.0858514],[85.7654712,20.0858018],[85.7655077,20.0857811],[85.7655466,20.0857727],[85.7656422,20.0857894],[85.7666986,20.0860686],[85.7679384,20.0863419],[85.7682367,20.0863908],[85.7684066,20.0864093],[85.7699214,20.086456],[85.7713035,20.0864784],[85.7721,20.0864913],[85.7723393,20.0864951],[85.7723822,20.0864914],[85.7724336,20.0864763],[85.7725207,20.086446],[85.7725644,20.0864408],[85.7726197,20.0864478],[85.7734338,20.0866518],[85.7735354,20.0866772],[85.7739612,20.0867992],[85.7749154,20.0870727],[85.7751374,20.0871363],[85.7759443,20.087362],[85.7762923,20.0874598],[85.7764036,20.0874887],[85.7765006,20.0874937],[85.7776837,20.0874135],[85.7785857,20.0873259],[85.7790541,20.0872804],[85.7791122,20.0872603],[85.7791408,20.0872278],[85.779146,20.0871777],[85.7790121,20.0864154],[85.7790264,20.0863702],[85.7790642,20.0863434],[85.7795525,20.0862412],[85.7796193,20.0862158],[85.7799529,20.0860186],[85.7800493,20.0859438],[85.7801316,20.0858623],[85.7801761,20.085797],[85.7802057,20.0857608],[85.7802394,20.0857336],[85.7812127,20.0853906],[85.7816954,20.0852426],[85.7830856,20.084925],[85.783665,20.0848299],[85.7837551,20.084827],[85.7838372,20.0848421],[85.7839199,20.0848746],[85.7839748,20.0849503],[85.7840795,20.085073],[85.7841861,20.0851761],[85.7843131,20.0852601],[85.7844015,20.0853072],[85.7845737,20.0853555],[85.7846627,20.0853886],[85.7847412,20.0854232],[85.7848547,20.0854922],[85.784927,20.085555],[85.7854129,20.0861168],[85.7856751,20.0863989],[85.7857519,20.0865265],[85.785823,20.0867199],[85.7859795,20.0872148],[85.7860065,20.0873827],[85.7860006,20.0877653],[85.7859826,20.0880061],[85.7860132,20.088526],[85.7860153,20.088758],[85.7860022,20.0888569],[85.7859403,20.0891886],[85.7859484,20.0894876],[85.7859803,20.0896758],[85.7860462,20.0899355],[85.7861547,20.0902658],[85.786311,20.0906194],[85.7864288,20.0908951],[85.7866183,20.0912522],[85.7867556,20.0914529],[85.7872095,20.0919198],[85.787252,20.0919406],[85.7872908,20.0919463],[85.7874619,20.0919319],[85.7882399,20.0917772],[85.7890216,20.0915704],[85.7894815,20.0914488],[85.7898472,20.0913196],[85.7899565,20.0912587],[85.7900698,20.0911577],[85.7903384,20.090727],[85.7904303,20.0905249],[85.7905091,20.0902383],[85.7905336,20.0899619],[85.7905293,20.0896535],[85.7905509,20.0895278],[85.7906101,20.0893763],[85.7906676,20.0892842],[85.7909657,20.0889892],[85.7913878,20.0885715],[85.7919306,20.0881425],[85.7923027,20.0878973],[85.792653,20.0877315],[85.7930915,20.0875277],[85.7932677,20.0874801],[85.7939701,20.0872791],[85.7942296,20.0872451],[85.7946837,20.0872389],[85.7949945,20.0872398],[85.7956461,20.0872154],[85.7957316,20.0871964],[85.7958015,20.0871774],[85.7963954,20.086954],[85.7965151,20.0868898],[85.7965788,20.0868533],[85.7966117,20.0868244],[85.7966503,20.0867905],[85.7967265,20.0867233],[85.7967996,20.0866722],[85.7969908,20.0865759],[85.7974323,20.0863948],[85.7974805,20.086351],[85.7975209,20.086297],[85.7975567,20.0862357],[85.7977049,20.0857684]]}},{"type":"Feature","properties":{"id":867607279,"highway":"unclassified"},"geometry":{"type":"LineString","coordinates":[[85.749685,20.0691032],[85.7498508,20.0693405]]}},{"type":"Feature","properties":{"id":867610346,"highway":"residential"},"geometry":{"type":"LineString","coordinates":[[85.7390506,20.0321231],[85.739151,20.0319279],[85.739186,20.0318928],[85.7392491,20.0318621],[85.7396343,20.0318038]]}},{"type":"Feature","properties":{"id":867610347,"highway":"residential"},"geometry":{"type":"LineString","coordinates":[[85.7394966,20.0302848],[85.7399356,20.0300983],[85.740064,20.0300391],[85.7401881,20.029979],[85.7402943,20.0299345]]}},{"type":"Feature","properties":{"id":867610348,"highway":"tertiary"},"geometry":{"type":"LineString","coordinates":[[85.736731,20.0234489],[85.7367604,20.0233973]]}},{"type":"Feature","properties":{"id":867610349,"highway":"tertiary"},"geometry":{"type":"LineString","coordinates":[[85.7367604,20.0233973],[85.7367903,20.0233626],[85.7370904,20.0231209],[85.7371204,20.02308],[85.7371347,20.0230362],[85.737129,20.0229929],[85.7371093,20.022939],[85.7370512,20.022855],[85.7368076,20.022555],[85.7366012,20.0223473],[85.7364312,20.0222025],[85.7359252,20.0218642],[85.7357294,20.0216931],[85.7356047,20.0215429],[85.7354879,20.0213861],[85.7351482,20.0208797],[85.7350033,20.0206327],[85.734837,20.0202799],[85.734542,20.0195038],[85.7344892,20.0193177],[85.7344577,20.0191058],[85.7344577,20.0188897],[85.7344857,20.0187545],[85.7345096,20.0186099],[85.7345256,20.0184314],[85.7345436,20.0180501],[85.7345116,20.0176894],[85.7344619,20.0174018],[85.7343822,20.0171524],[85.7343239,20.0169696],[85.7343044,20.0168224],[85.7343264,20.0166582],[85.7343671,20.0164623],[85.7344119,20.016308],[85.7344631,20.0160928],[85.7344558,20.0158906],[85.7344294,20.0157189],[85.7344077,20.015599],[85.7343646,20.0154972],[85.7342395,20.0152015],[85.7339948,20.0146505],[85.733463,20.013446],[85.733018,20.012447],[85.7329496,20.012274],[85.7329185,20.0121895],[85.7328841,20.0120246],[85.7328574,20.0118628],[85.7328285,20.0116364],[85.7328029,20.0114949],[85.7326836,20.0111308],[85.7325833,20.0108723],[85.7323195,20.0103178],[85.7322704,20.0101364],[85.7322649,20.0099807],[85.7322541,20.0097983],[85.7322458,20.0096085],[85.7322937,20.0093268],[85.7322867,20.0092043],[85.7322512,20.0091126],[85.7322012,20.0090324],[85.731966,20.0086954],[85.7315873,20.0080604],[85.7312843,20.007505],[85.731198,20.0073693],[85.7311546,20.0072977]]}},{"type":"Feature","properties":{"id":867610537,"highway":"residential"},"geometry":{"type":"LineString","coordinates":[[85.749622,20.0687573],[85.749542,20.0690071],[85.7494982,20.0690604],[85.7493654,20.0690992],[85.7490935,20.0691332],[85.7485182,20.0692234],[85.7483363,20.0692454],[85.7480758,20.0692357],[85.7479327,20.069203],[85.7478083,20.0691152],[85.7476881,20.0689947],[85.7475545,20.0689344],[85.7474222,20.0688873],[85.7473222,20.0688224],[85.7472352,20.0687056],[85.7470229,20.0683752],[85.7468501,20.0680163],[85.7466459,20.0677231],[85.7463757,20.0673195],[85.7462164,20.067121],[85.746043,20.0669948],[85.7458204,20.0669031],[85.7455476,20.0668034],[85.7453942,20.0667933]]}},{"type":"Feature","properties":{"id":867610539,"highway":"residential"},"geometry":{"type":"LineString","coordinates":[[85.7458041,20.0638155],[85.7460702,20.0638881],[85.7461973,20.0639219],[85.7462954,20.0639383],[85.7464294,20.0639276],[85.746537,20.063902],[85.7466752,20.063828],[85.7470725,20.0636037],[85.7474636,20.0633189],[85.7476344,20.0631493],[85.7477116,20.0630838],[85.7477783,20.0630273],[85.7479194,20.0629201],[85.748337,20.0626723]]}},{"type":"Feature","properties":{"id":867610540,"highway":"residential"},"geometry":{"type":"LineString","coordinates":[[85.7469928,20.0617605],[85.7471081,20.0619111],[85.7471671,20.0620003],[85.7472308,20.062144],[85.7473312,20.062461]]}},{"type":"Feature","properties":{"id":867610541,"highway":"residential"},"geometry":{"type":"LineString","coordinates":[[85.7505392,20.0608696],[85.7505282,20.0611626],[85.7505137,20.0612617],[85.7505005,20.0613287],[85.7504812,20.0613839],[85.7503821,20.0615139],[85.7503073,20.0616609],[85.7502097,20.061961],[85.750151,20.0622751],[85.7501072,20.0625108]]}},{"type":"Feature","properties":{"id":867610542,"highway":"residential"},"geometry":{"type":"LineString","coordinates":[[85.7501072,20.0625108],[85.7500741,20.062772]]}},{"type":"Feature","properties":{"id":867610543,"highway":"residential"},"geometry":{"type":"LineString","coordinates":[[85.7500741,20.062772],[85.7500593,20.0629093],[85.7500319,20.063533],[85.7500466,20.0637372],[85.7500903,20.0640141]]}},{"type":"Feature","properties":{"id":867610544,"highway":"residential"},"geometry":{"type":"LineString","coordinates":[[85.7520745,20.0622739],[85.7518838,20.0622892],[85.7517819,20.0623031],[85.7516478,20.0623308],[85.7514508,20.0623887],[85.7513429,20.0624077],[85.7511001,20.062433],[85.7510023,20.0624373],[85.7508955,20.0624256],[85.7507729,20.062395],[85.750602,20.06232],[85.7504896,20.0622313],[85.7502097,20.061961]]}},{"type":"Feature","properties":{"id":867610545,"highway":"residential"},"geometry":{"type":"LineString","coordinates":[[85.7505097,20.0705738],[85.7506622,20.0705147],[85.7507211,20.0704878],[85.7507439,20.0704527],[85.7507497,20.0703943],[85.7507452,20.0695811],[85.7507685,20.0693701],[85.7507793,20.0690755],[85.7507861,20.068971],[85.7507983,20.0688728],[85.7508336,20.0687542],[85.7509368,20.0683845],[85.7509727,20.0682663],[85.7510231,20.0681298],[85.7510969,20.0679382],[85.7512153,20.0676366]]}},{"type":"Feature","properties":{"id":867616041,"highway":"residential"},"geometry":{"type":"LineString","coordinates":[[85.7470252,20.0603793],[85.7469563,20.0604677],[85.7468815,20.0605251],[85.7468097,20.060557],[85.746702,20.0605899],[85.7465729,20.0606172],[85.7464855,20.0606418],[85.7463933,20.0606985],[85.7462633,20.0608534]]}},{"type":"Feature","properties":{"id":867616042,"highway":"residential"},"geometry":{"type":"LineString","coordinates":[[85.7456221,20.0544076],[85.7455474,20.0545976],[85.7455211,20.0546708],[85.7455232,20.0547307],[85.7455545,20.0547867],[85.7457488,20.0549768],[85.7458399,20.0550614],[85.7458824,20.0551317],[85.7459046,20.0552002],[85.7459306,20.0553062],[85.7459475,20.0554174],[85.7459373,20.0554985],[85.7458866,20.0556527],[85.7458717,20.0557107],[85.7458554,20.0558102],[85.7458609,20.0559363],[85.7459092,20.0561832],[85.7459484,20.0563545],[85.7459615,20.0564171],[85.7459854,20.0564513],[85.7460218,20.0564777],[85.7460666,20.0564856],[85.7461164,20.0564836],[85.74629,20.0563895]]}},{"type":"Feature","properties":{"id":867616043,"highway":"residential"},"geometry":{"type":"LineString","coordinates":[[85.7459854,20.0564513],[85.7456196,20.0565895]]}},{"type":"Feature","properties":{"id":867616044,"highway":"unclassified"},"geometry":{"type":"LineString","coordinates":[[85.7481324,20.0612775],[85.7485875,20.061161],[85.7487643,20.0610268]]}},{"type":"Feature","properties":{"id":867616045,"highway":"unclassified"},"geometry":{"type":"LineString","coordinates":[[85.7487643,20.0610268],[85.7494089,20.0604907]]}},{"type":"Feature","properties":{"id":867616046,"highway":"unclassified"},"geometry":{"type":"LineString","coordinates":[[85.7494089,20.0604907],[85.7498209,20.060199]]}},{"type":"Feature","properties":{"id":867616047,"highway":"residential"},"geometry":{"type":"LineString","coordinates":[[85.7542731,20.0562487],[85.7540577,20.0557852],[85.7540202,20.0557549],[85.7539773,20.0557297],[85.753929,20.0557348],[85.7538807,20.0557448],[85.7538126,20.0557747],[85.7536995,20.0558353],[85.7535554,20.055911],[85.753493,20.05594],[85.7534476,20.0559508],[85.7534063,20.0559513],[85.7533766,20.0559425],[85.7533562,20.0559239],[85.7533128,20.0558741],[85.753283,20.0558525],[85.7532433,20.0558372],[85.7532109,20.0558296],[85.753173,20.0558351],[85.7526554,20.0560576],[85.7524456,20.0561556],[85.7520705,20.0563529],[85.7519541,20.0564401],[85.7519179,20.0564888],[85.7518429,20.0566921],[85.7517323,20.056992],[85.7516985,20.0571664],[85.7516838,20.0572635],[85.7516911,20.0573388],[85.7517009,20.0573797],[85.751726,20.0574278],[85.7517935,20.0574421],[85.7519225,20.0574131],[85.7520325,20.0573901],[85.7521139,20.0573761],[85.7521723,20.0573825],[85.7522035,20.0574207],[85.7522293,20.0574909],[85.7522943,20.0580017],[85.7524751,20.0586745]]}},{"type":"Feature","properties":{"id":867623494,"highway":"unclassified"},"geometry":{"type":"LineString","coordinates":[[85.7861405,20.0632772],[85.7856812,20.0634933],[85.785463,20.0635804],[85.7852371,20.0636518],[85.7849321,20.0637235],[85.784729,20.0637878],[85.7845602,20.0638576],[85.7843796,20.0639154],[85.7839238,20.0640745],[85.7837614,20.0641322],[85.7833759,20.0642825],[85.7831713,20.0643334],[85.7829399,20.0643839],[85.7828017,20.064413],[85.7826648,20.0644612],[85.7824595,20.0645708],[85.7821967,20.0647298],[85.7820135,20.064814],[85.7818485,20.0648664],[85.7817182,20.0648934],[85.7815967,20.0649019],[85.7814812,20.0649237],[85.7813923,20.0649501],[85.7813229,20.0649771],[85.7812416,20.065028],[85.7811434,20.065086],[85.781068,20.0651371],[85.7809808,20.0651684],[85.7807916,20.0652191],[85.7804033,20.0653204],[85.7801925,20.0653609],[85.7800553,20.065395],[85.7798974,20.0654521],[85.779771,20.0654806],[85.7796239,20.0654889],[85.7794347,20.0654935],[85.7792553,20.0654898],[85.7788591,20.065478],[85.7785512,20.0654504],[85.7784203,20.0654237],[85.7782977,20.0653834],[85.7782017,20.065356],[85.7781136,20.0653384],[85.7780131,20.0653282]]}},{"type":"Feature","properties":{"id":867623495,"highway":"unclassified"},"geometry":{"type":"LineString","coordinates":[[85.7629224,20.0500395],[85.7628909,20.0500348],[85.7628533,20.0500187],[85.7628096,20.0499818],[85.7627636,20.0499401],[85.7626499,20.0498139],[85.7625518,20.0497039],[85.7618587,20.0489224],[85.7616269,20.0486208],[85.7614336,20.0483693],[85.7612187,20.0480314],[85.7611521,20.047857],[85.7611655,20.0477584],[85.7612428,20.0476023],[85.761313,20.0474998],[85.7614442,20.0473545],[85.7616379,20.0472257],[85.7616852,20.0471965]]}},{"type":"Feature","properties":{"id":867623496,"highway":"unclassified"},"geometry":{"type":"LineString","coordinates":[[85.7629955,20.0500078],[85.7629224,20.0500395]]}},{"type":"Feature","properties":{"id":867623497,"highway":"residential"},"geometry":{"type":"LineString","coordinates":[[85.7633926,20.0500095],[85.7634144,20.0499191],[85.7634161,20.0498317],[85.7633704,20.0496854],[85.7632604,20.0494693],[85.7632356,20.0494144],[85.7632224,20.0493389],[85.7632094,20.0491785],[85.7631956,20.0489568],[85.7631254,20.0478325]]}},{"type":"Feature","properties":{"id":867623498,"highway":"residential"},"geometry":{"type":"LineString","coordinates":[[85.7641919,20.050441],[85.7642339,20.0503055],[85.7642666,20.0501401],[85.7643076,20.0497084]]}},{"type":"Feature","properties":{"id":867626089,"highway":"residential"},"geometry":{"type":"LineString","coordinates":[[85.749542,20.0690071],[85.74959,20.0691067],[85.749621,20.0691499]]}},{"type":"Feature","properties":{"id":867626090,"highway":"residential"},"geometry":{"type":"LineString","coordinates":[[85.749621,20.0691499],[85.7497508,20.0693283]]}},{"type":"Feature","properties":{"id":867626091,"highway":"residential"},"geometry":{"type":"LineString","coordinates":[[85.7497508,20.0693283],[85.7497649,20.0693663],[85.7497573,20.0694078],[85.7497348,20.0694678],[85.7495571,20.0698722],[85.7495204,20.0699791],[85.7495026,20.07004],[85.749495,20.0701036],[85.7494988,20.0701636],[85.7495195,20.0702228],[85.7495486,20.0702793],[85.7495956,20.0703102],[85.7498861,20.070418]]}},{"type":"Feature","properties":{"id":867633378,"highway":"secondary"},"geometry":{"type":"LineString","coordinates":[[85.7614382,20.0432286],[85.7617326,20.0427242],[85.7618984,20.0425169],[85.7620582,20.0424028],[85.7622075,20.0423497],[85.762272,20.0423267],[85.7626738,20.0422201],[85.76291,20.042128],[85.7630927,20.0420102],[85.7633621,20.0417478],[85.7637266,20.0413129],[85.7642032,20.0407581],[85.7652862,20.0396081],[85.7657542,20.0391317],[85.7659201,20.0389628],[85.766278,20.0385985],[85.7665954,20.0382754],[85.766827,20.0380389],[85.7681546,20.036657],[85.7683937,20.0363658],[85.7689397,20.0355029],[85.7692061,20.0350451],[85.7694257,20.0347199],[85.7697417,20.0343291],[85.7701069,20.0339141],[85.771448,20.0323634]]}},{"type":"Feature","properties":{"id":867633379,"highway":"secondary"},"geometry":{"type":"LineString","coordinates":[[85.7613871,20.0433205],[85.7614382,20.0432286]]}},{"type":"Feature","properties":{"id":867641339,"highway":"tertiary"},"geometry":{"type":"LineString","coordinates":[[85.7561566,20.041899],[85.75574,20.0417566],[85.7554125,20.0416649],[85.7546597,20.0414315],[85.7538613,20.041189],[85.7536391,20.0410921],[85.7533417,20.0409361],[85.7527967,20.0406468],[85.7523843,20.0404456],[85.7518781,20.0401909],[85.7515432,20.0400561],[85.751381,20.0399842],[85.7512104,20.0399053],[85.7511376,20.0398556],[85.7509935,20.0397302],[85.7509357,20.0396872],[85.7508869,20.0396724],[85.7508268,20.0396755],[85.7506301,20.0397081],[85.7504817,20.0397256],[85.7503094,20.039726],[85.7502139,20.0397172],[85.7501147,20.0396935],[85.7499649,20.0396387],[85.7498461,20.0395894],[85.7497439,20.0395668],[85.7496009,20.0395615],[85.7494932,20.039572],[85.7493148,20.0395912],[85.7491439,20.0395737],[85.7490065,20.0395353],[85.7488597,20.0394638],[85.7487315,20.0393626],[85.7484901,20.0391619],[85.7483229,20.0390607],[85.7481204,20.0389804],[85.7480164,20.0389455],[85.7478343,20.0389211],[85.7477024,20.0389123],[85.7475371,20.0388687],[85.7464467,20.0383933],[85.7463725,20.0383236],[85.7463415,20.0382587],[85.7463415,20.0381598],[85.7463397,20.0380576],[85.7463259,20.0379798],[85.7462845,20.0379149],[85.7462258,20.0378663],[85.7460998,20.0378258],[85.745941,20.0378014],[85.7457477,20.0377739],[85.7453542,20.037649],[85.7448036,20.0374577],[85.7447121,20.0374009],[85.7446362,20.0373085],[85.7445758,20.0372128],[85.7445171,20.0371253],[85.7444515,20.0370604],[85.7443393,20.0370036],[85.7441189,20.0369149],[85.7437655,20.036819],[85.7434942,20.0367266],[85.7433816,20.036651],[85.7432394,20.0364947],[85.7431294,20.036331],[85.7428666,20.0357539],[85.7425044,20.0349498],[85.742438,20.0349004],[85.7423327,20.0348432],[85.7421569,20.0347833],[85.7419651,20.0347385],[85.7418578,20.034717],[85.7415574,20.0346299],[85.7412611,20.0344855],[85.7411005,20.0343892],[85.7410326,20.0343281],[85.7409759,20.0342656],[85.7409385,20.0341616],[85.740908,20.0340406],[85.7408762,20.0339665],[85.7408236,20.0339053],[85.7407197,20.0338182],[85.7405979,20.0337089],[85.7405203,20.0336283],[85.7404593,20.0335086],[85.7404314,20.0334427],[85.7403768,20.0331918],[85.740332,20.0329362],[85.7402684,20.0325655],[85.740223,20.0321872],[85.7402005,20.031932],[85.7402075,20.0318211],[85.7402297,20.0317244],[85.7402573,20.031622],[85.7403492,20.0314842],[85.7404125,20.0313304],[85.740473,20.0311126],[85.7404872,20.0309054],[85.7404737,20.0306703],[85.7404468,20.0304855],[85.7403871,20.0302634],[85.7402943,20.0299345],[85.7402228,20.0296812],[85.7401816,20.029493],[85.7401439,20.0293911],[85.740059,20.0292396],[85.7398631,20.0290066],[85.7396918,20.0287871],[85.7395721,20.0285999],[85.7394212,20.0283556],[85.7392377,20.0280879],[85.73902,20.0278069],[85.7388863,20.027648],[85.738713,20.0274157],[85.7384445,20.0269936],[85.738279,20.0267339],[85.7381739,20.0265797],[85.7380977,20.0264452],[85.7380724,20.0263255],[85.7380758,20.026199],[85.7380809,20.0260256],[85.7380892,20.0259282],[85.7381032,20.0258086],[85.7381236,20.025689],[85.7381732,20.0255802],[85.7382172,20.0255238],[85.7383261,20.0254111],[85.7383571,20.0253613],[85.7383621,20.0252994],[85.7383577,20.0252498],[85.7383398,20.0251896],[85.7383257,20.0251539],[85.7382959,20.0251],[85.7382006,20.0249923],[85.7377553,20.0245486],[85.7372941,20.0240658],[85.7369014,20.0236563],[85.7367564,20.0235226],[85.7367352,20.023486],[85.736731,20.0234489]]}},{"type":"Feature","properties":{"id":867641340,"highway":"tertiary"},"geometry":{"type":"LineString","coordinates":[[85.7562926,20.04194],[85.7561566,20.041899]]}},{"type":"Feature","properties":{"id":867641341,"highway":"residential"},"geometry":{"type":"LineString","coordinates":[[85.7462258,20.0378663],[85.7463362,20.0376662],[85.7464173,20.0375444],[85.7464911,20.0374482],[85.7465957,20.0373244],[85.7466379,20.0372744]]}},{"type":"Feature","properties":{"id":867641342,"highway":"residential"},"geometry":{"type":"LineString","coordinates":[[85.7463397,20.0380576],[85.746898,20.0381997],[85.7470358,20.0382305],[85.7471259,20.038229],[85.7472178,20.0381982],[85.747303,20.0381874],[85.7474326,20.0381997],[85.7475473,20.0382228],[85.7476474,20.0382382],[85.7477441,20.038229],[85.7478408,20.0382043],[85.7479212,20.038152],[85.7479983,20.0381042],[85.7480884,20.0380796],[85.7481901,20.0380934]]}},{"type":"Feature","properties":{"id":867641343,"highway":"residential"},"geometry":{"type":"LineString","coordinates":[[85.7463725,20.0383236],[85.7459687,20.0382091],[85.7458231,20.0381893],[85.7457563,20.038214],[85.7457208,20.0382571],[85.7455635,20.0384801],[85.7455504,20.0385183],[85.7455438,20.03857],[85.7455582,20.0386304],[85.7456068,20.0386723],[85.7457943,20.0387856]]}},{"type":"Feature","properties":{"id":867643509,"highway":"unclassified"},"geometry":{"type":"LineString","coordinates":[[85.7782469,20.0505504],[85.777927,20.0506621]]}},{"type":"Feature","properties":{"id":867643510,"highway":"unclassified"},"geometry":{"type":"LineString","coordinates":[[85.7616852,20.0471965],[85.7617721,20.047143]]}},{"type":"Feature","properties":{"id":867643511,"highway":"unclassified"},"geometry":{"type":"LineString","coordinates":[[85.7617721,20.047143],[85.7618193,20.047114],[85.7621231,20.0469244],[85.7625056,20.0467309],[85.7625764,20.0466723],[85.7626075,20.0465806],[85.762616,20.0464902],[85.7625792,20.0462561],[85.7625594,20.0461657],[85.7625127,20.0460593],[85.7624453,20.0459334],[85.7623942,20.0457752],[85.7623603,20.0454327],[85.7623665,20.0453431],[85.7623835,20.0452606],[85.7624104,20.0452088],[85.7624472,20.0451729],[85.7625123,20.045121],[85.7626581,20.0450505],[85.7632759,20.0448712],[85.7633448,20.0448468],[85.763394,20.0448254],[85.7634296,20.0447775],[85.7634414,20.0447236],[85.7634314,20.0446611],[85.7634141,20.0445781],[85.7633831,20.0445071],[85.7633275,20.0444266],[85.7632346,20.0443128],[85.7630661,20.044122],[85.7629622,20.0439893],[85.7629255,20.0438857],[85.7629098,20.0437673],[85.7628916,20.0436814],[85.7628568,20.0435876],[85.7627985,20.0435034],[85.7627067,20.0433927],[85.7626457,20.0432909],[85.7625966,20.0432175],[85.7625572,20.0431637],[85.762272,20.0423267]]}},{"type":"Feature","properties":{"id":867643512,"highway":"residential"},"geometry":{"type":"LineString","coordinates":[[85.7633831,20.0445071],[85.7637798,20.044381],[85.7639191,20.044354],[85.764055,20.044354],[85.7641819,20.0443615],[85.7643308,20.0443841],[85.7644488,20.0444207],[85.7645777,20.0444958],[85.7646876,20.0445728],[85.7647456,20.04463],[85.7648065,20.0447455],[85.7648715,20.0449173],[85.7648966,20.0450542],[85.7648979,20.0453452],[85.7648792,20.045514],[85.7648278,20.046062]]}},{"type":"Feature","properties":{"id":867643513,"highway":"residential"},"geometry":{"type":"LineString","coordinates":[[85.7625594,20.0461657],[85.7634611,20.0460375],[85.7636576,20.0460095]]}},{"type":"Feature","properties":{"id":867643514,"highway":"residential"},"geometry":{"type":"LineString","coordinates":[[85.7634611,20.0460375],[85.7635489,20.0462825],[85.7636785,20.0468199]]}},{"type":"Feature","properties":{"id":867654297,"highway":"residential"},"geometry":{"type":"LineString","coordinates":[[85.7606081,20.0480903],[85.7611655,20.0477584]]}},{"type":"Feature","properties":{"id":867654298,"highway":"residential"},"geometry":{"type":"LineString","coordinates":[[85.7604138,20.045421],[85.7606101,20.0453824],[85.7607255,20.0453761],[85.7608193,20.0453786],[85.7609051,20.0453887],[85.7609561,20.0453862],[85.7610017,20.045361],[85.7610486,20.0452992],[85.761062,20.0452098]]}},{"type":"Feature","properties":{"id":867654299,"highway":"residential"},"geometry":{"type":"LineString","coordinates":[[85.7620533,20.0448947],[85.7620962,20.0450244],[85.7621297,20.0450887],[85.7621847,20.0451403],[85.7622535,20.0451665],[85.7624104,20.0452088]]}},{"type":"Feature","properties":{"id":867654300,"highway":"residential"},"geometry":{"type":"LineString","coordinates":[[85.7631956,20.0489568],[85.7639666,20.0488038]]}},{"type":"Feature","properties":{"id":867654301,"highway":"tertiary"},"geometry":{"type":"LineString","coordinates":[[85.7567198,20.0281527],[85.7566707,20.0280178],[85.7565657,20.0276234],[85.7564651,20.0273029],[85.7563114,20.0268497],[85.7562393,20.0266322],[85.7560122,20.0262695],[85.7555821,20.0256611],[85.7554679,20.0254927],[85.7553208,20.0252295],[85.7551621,20.0249426],[85.7549383,20.024529],[85.7547989,20.0242755],[85.7546839,20.0240071],[85.7544172,20.0235371],[85.7541822,20.0230648],[85.7540969,20.0228831],[85.754026,20.0226656],[85.7539576,20.0224778],[85.7538773,20.022292],[85.7537731,20.0221731],[85.7532645,20.0217016],[85.7531773,20.0215726],[85.7531165,20.0214567],[85.7528501,20.020903],[85.7527371,20.0206394],[85.7525591,20.0201723],[85.7523587,20.0195972],[85.7522848,20.0193457],[85.752195,20.0191026],[85.7520703,20.018837],[85.7520344,20.0187572],[85.7519864,20.0186973],[85.7519188,20.0186427],[85.751879,20.0186198],[85.7518354,20.0185946],[85.7516931,20.0185553],[85.7515919,20.0185387],[85.7514851,20.0185062],[85.7513911,20.0184737],[85.7513504,20.0184431],[85.7513248,20.0184089],[85.7512951,20.0183346],[85.7512618,20.0181998],[85.7511216,20.0176543],[85.7509455,20.0170409],[85.7509122,20.0169384],[85.7508716,20.0168444],[85.750816,20.016741],[85.7507544,20.016657],[85.7505198,20.0163664],[85.7504834,20.0163011],[85.7504548,20.0162292],[85.7503685,20.0158321],[85.7503614,20.0157117],[85.7503617,20.0156277],[85.7503918,20.0154544],[85.7504037,20.0153153],[85.7503884,20.0151748],[85.7503206,20.014982],[85.7502656,20.0148167],[85.7501961,20.0146079],[85.7501332,20.0144366],[85.7500859,20.0143735],[85.750032,20.0143488],[85.7498952,20.0143377],[85.7495026,20.0143888],[85.7492049,20.0144385],[85.7487377,20.0145166],[85.7485452,20.0145431],[85.748475,20.0145367],[85.7484174,20.0145049],[85.7483895,20.0144628],[85.7483632,20.0143888],[85.7483431,20.0142903],[85.748327,20.0141999],[85.7483057,20.0140836],[85.7482844,20.0139742],[85.748259,20.0138674],[85.7482366,20.0137987],[85.7482082,20.0137317],[85.7481615,20.0136855],[85.7480852,20.013632],[85.7479801,20.0135855],[85.7477911,20.0135085],[85.7476272,20.0134486],[85.7474206,20.0133783],[85.7472952,20.0133383],[85.747148,20.0132841],[85.7468789,20.0131435],[85.7467323,20.0130483],[85.746603,20.0129412],[85.7460965,20.0124543],[85.7458944,20.0122657],[85.7457564,20.0121314],[85.7456485,20.0119794],[85.7455745,20.0118172],[85.7455122,20.0115855],[85.7454838,20.0114503],[85.7454608,20.0112113],[85.7454663,20.0109562],[85.7454297,20.0107064],[85.7453817,20.0105459],[85.7453199,20.0103745],[85.7449199,20.0096666],[85.7448578,20.0094934],[85.7447885,20.0091747],[85.744695,20.0085017],[85.7446828,20.0081078],[85.7446706,20.0079241],[85.7446486,20.0077851],[85.7445789,20.0075061],[85.7445276,20.0073694],[85.7443479,20.0070375],[85.7443271,20.0069824],[85.7443308,20.0069388]]}},{"type":"Feature","properties":{"id":867654306,"highway":"residential"},"geometry":{"type":"LineString","coordinates":[[85.7592163,20.0353303],[85.7591906,20.035379],[85.7591418,20.0354713],[85.7591056,20.0355473],[85.7590971,20.035604],[85.7591111,20.0356669],[85.7593965,20.0361644]]}},{"type":"Feature","properties":{"id":867654307,"highway":"unclassified"},"geometry":{"type":"LineString","coordinates":[[85.767208,20.0352611],[85.7670365,20.0346535],[85.7669461,20.0342443],[85.766944,20.0341435],[85.7669503,20.0340407],[85.7669692,20.0338767],[85.7669482,20.033766],[85.7668787,20.0335782],[85.7667104,20.0331394],[85.7665724,20.032626],[85.7665462,20.0324645],[85.7665039,20.0323345],[85.7664201,20.0321588],[85.7662706,20.0319575],[85.7660952,20.0317223],[85.765955,20.0315818],[85.7658057,20.031452],[85.765755,20.031341],[85.7657147,20.0311927],[85.765686,20.0310211],[85.765634,20.030907],[85.7655744,20.030846],[85.7654894,20.0308207],[85.7653361,20.0308069],[85.7651415,20.0308308],[85.7650012,20.0308589],[85.7649372,20.0308717],[85.7646518,20.0309451],[85.7637154,20.03133],[85.7635745,20.0313556],[85.7634147,20.0313409],[85.7632403,20.0312694],[85.7630888,20.0311648],[85.7628452,20.0309212],[85.7625606,20.0306223],[85.7622778,20.0303655],[85.7619195,20.0301101],[85.7616334,20.0299398],[85.7614113,20.0298497],[85.7612016,20.0297787],[85.7610378,20.0297562],[85.7608052,20.0297607],[85.7605854,20.0298056],[85.7603187,20.0298957],[85.7601475,20.0299468],[85.7600096,20.0299633],[85.7598602,20.0299491],[85.7597297,20.0298825],[85.7596336,20.0297972],[85.7595352,20.029662],[85.7594491,20.0295289],[85.7593324,20.0294095],[85.7592001,20.0293165],[85.7588,20.0291461],[85.7585505,20.0290541],[85.7584317,20.0290334],[85.7583347,20.0290165],[85.7580438,20.0289778],[85.7578057,20.0289702],[85.7570744,20.0290675]]}},{"type":"Feature","properties":{"id":867664961,"highway":"residential"},"geometry":{"type":"LineString","coordinates":[[85.7628452,20.0309212],[85.7608635,20.0314948],[85.7602019,20.03168],[85.7595861,20.0318419],[85.7592564,20.0319429],[85.7592069,20.0319652],[85.7591696,20.0320098],[85.7591575,20.0320524],[85.7591645,20.0320951],[85.7593752,20.0323939],[85.7594544,20.032551],[85.7595142,20.0326991],[85.7596656,20.0331646],[85.7596914,20.0332438],[85.7597713,20.0334321],[85.7600112,20.0338784],[85.7600367,20.0339474],[85.7600301,20.0339879],[85.7600067,20.0340161],[85.7599382,20.0340417],[85.7597331,20.0341172],[85.7587452,20.0344851]]}},{"type":"Feature","properties":{"id":867664962,"highway":"residential"},"geometry":{"type":"LineString","coordinates":[[85.7600067,20.0340161],[85.760436,20.0339629],[85.7609676,20.033848],[85.7610238,20.0338133],[85.761046,20.0337709],[85.7610503,20.0337117],[85.760839,20.0332009],[85.7607893,20.0330602],[85.7607434,20.0329929],[85.7606942,20.0329676],[85.7606137,20.0329678],[85.7604091,20.0330081],[85.7598048,20.0331327],[85.7596656,20.0331646]]}},{"type":"Feature","properties":{"id":867664963,"highway":"residential"},"geometry":{"type":"LineString","coordinates":[[85.7596914,20.0332438],[85.7589102,20.0333224],[85.7588152,20.0333134],[85.7587318,20.0332527],[85.75868,20.0331739],[85.7585517,20.0329755],[85.7584799,20.0328392],[85.7584289,20.0326285],[85.758378,20.0325243],[85.7583011,20.0324622],[85.7581653,20.0323996],[85.7580633,20.0323679],[85.7579662,20.0323432]]}},{"type":"Feature","properties":{"id":867664964,"highway":"residential"},"geometry":{"type":"LineString","coordinates":[[85.7592564,20.0319429],[85.7591955,20.0318623],[85.7591359,20.0318085],[85.7590903,20.0317722],[85.7590073,20.0317426],[85.7589447,20.0317382],[85.7588823,20.0317338],[85.758587,20.0317576],[85.7583609,20.0317778],[85.7583156,20.0317778],[85.7582467,20.0317639],[85.7581866,20.0317475],[85.7580935,20.0317479],[85.7580127,20.0317643],[85.7577662,20.0318465]]}},{"type":"Feature","properties":{"id":867664966,"highway":"residential"},"geometry":{"type":"LineString","coordinates":[[85.7603187,20.0298957],[85.7603437,20.030377],[85.760327,20.0304254],[85.7602938,20.030468],[85.7602413,20.0304911],[85.7601258,20.0305082],[85.7599474,20.030545],[85.7596053,20.0306488],[85.7589155,20.0308503],[85.7586658,20.0309355],[85.7584546,20.0310075],[85.7583759,20.0310595],[85.7583526,20.0311294],[85.7583569,20.031232],[85.7583904,20.0313443],[85.758587,20.0317576]]}},{"type":"Feature","properties":{"id":867664967,"highway":"residential"},"geometry":{"type":"LineString","coordinates":[[85.7567724,20.0282967],[85.7564714,20.0281249],[85.7563279,20.0280413],[85.7562407,20.0280071],[85.7561645,20.0280003],[85.7560409,20.0280259],[85.7555213,20.02825],[85.7554485,20.0283089],[85.7554208,20.028354],[85.7554164,20.0284266],[85.7554558,20.0286224]]}},{"type":"Feature","properties":{"id":867664968,"highway":"tertiary"},"geometry":{"type":"LineString","coordinates":[[85.7567498,20.0282349],[85.7567724,20.0282967],[85.7568897,20.0286261],[85.7570359,20.0289656],[85.7570744,20.0290675],[85.7571065,20.0292893],[85.7571101,20.0295078],[85.7571385,20.0298655],[85.7571745,20.0303192],[85.7571745,20.0307727],[85.7572281,20.0310902],[85.7573247,20.0313422],[85.7574427,20.0315035],[85.7576084,20.0316602],[85.7577662,20.0318465],[85.7578677,20.0320245],[85.7579662,20.0323432],[85.7582527,20.0333934],[85.7587452,20.0344851],[85.7587986,20.0346034],[85.7589975,20.0351472],[85.7590465,20.0352314],[85.7590861,20.0352745],[85.7591351,20.0353058],[85.7592163,20.0353303],[85.7593018,20.0353273],[85.7594532,20.0352799],[85.7596099,20.0352279],[85.759704,20.0352215],[85.7598024,20.0352446],[85.7598903,20.0352886],[85.7599685,20.0353568],[85.760043,20.0354317],[85.7600917,20.0355263],[85.7601279,20.0356286],[85.760169,20.0357796],[85.7602013,20.0358794],[85.7602315,20.0359235],[85.760269,20.0359489],[85.7603253,20.0359519],[85.76044,20.0359091],[85.7605981,20.0358453],[85.7607506,20.0358169],[85.7609704,20.0357954],[85.7611784,20.035783],[85.7613371,20.0357606],[85.7615595,20.0356634],[85.7618751,20.0355389],[85.7621201,20.0354629],[85.7624781,20.0353522],[85.7626806,20.0353285],[85.7629633,20.0353096],[85.7634397,20.0353439],[85.763726,20.0353675],[85.7643897,20.0354464],[85.7647268,20.0355064],[85.7649733,20.0355287],[85.7654257,20.0354957],[85.7659123,20.035451],[85.7665729,20.0353694],[85.7669937,20.0352989],[85.767208,20.0352611],[85.7673652,20.0352415],[85.7674483,20.0352513],[85.7675392,20.0352867],[85.7675885,20.0353209],[85.76785,20.0357375],[85.7680554,20.0360116],[85.7681268,20.0361003],[85.7682229,20.0362138],[85.7683164,20.0363041],[85.7683937,20.0363658]]}},{"type":"Feature","properties":{"id":867664969,"highway":"tertiary"},"geometry":{"type":"LineString","coordinates":[[85.7567198,20.0281527],[85.7567498,20.0282349]]}},{"type":"Feature","properties":{"id":867667511,"highway":"residential"},"geometry":{"type":"LineString","coordinates":[[85.7622075,20.0423497],[85.7619746,20.041758],[85.7614239,20.0403991],[85.7613834,20.0402368],[85.7613553,20.040124],[85.7613295,20.0399527],[85.761293,20.0397758],[85.7612596,20.0396745],[85.7612186,20.0395674],[85.761193,20.0394772],[85.7611904,20.0394057],[85.7612153,20.0393503],[85.7612651,20.0392875],[85.7613373,20.0391938],[85.7613504,20.0391445],[85.7613543,20.0390792],[85.7613358,20.0390226],[85.7613074,20.0389685],[85.7611956,20.0388353],[85.7611379,20.03877],[85.7611209,20.0387244],[85.7611445,20.0386764],[85.761193,20.0386234],[85.7612166,20.0385655],[85.7612114,20.0385002],[85.7611838,20.0384176],[85.7610687,20.0380018],[85.7608844,20.0373829],[85.7608275,20.0372047],[85.7607809,20.0371543],[85.7607005,20.0371106],[85.7606116,20.0370973],[85.7605226,20.0371185],[85.7604396,20.0371545],[85.7603856,20.0371545],[85.7603284,20.0371391],[85.7602597,20.0370838],[85.7601143,20.0368089],[85.7599671,20.0363773],[85.7599573,20.0362775],[85.7599655,20.0361946],[85.7599998,20.0361285],[85.7600783,20.0360563],[85.760269,20.0359489]]}},{"type":"Feature","properties":{"id":867667512,"highway":"residential"},"geometry":{"type":"LineString","coordinates":[[85.7619746,20.041758],[85.7626077,20.041373],[85.7626369,20.0413367],[85.762651,20.0412874],[85.7626415,20.0412396],[85.7625228,20.0408724]]}},{"type":"Feature","properties":{"id":867667513,"highway":"residential"},"geometry":{"type":"LineString","coordinates":[[85.7613834,20.0402368],[85.760656,20.0404793],[85.7598225,20.0407568],[85.7597817,20.0407833],[85.7597739,20.0408098],[85.7597794,20.0408518],[85.7597942,20.0409153],[85.7597942,20.0409511],[85.7597747,20.0409777],[85.759716,20.0410135],[85.7595977,20.0410677],[85.7592828,20.0412299],[85.7588865,20.0413848],[85.7587383,20.0414189],[85.7584455,20.0414564],[85.7582712,20.0415114],[85.7581739,20.0415855],[85.758113,20.041677],[85.7580542,20.0417933],[85.7580124,20.041927],[85.7579497,20.0421339]]}},{"type":"Feature","properties":{"id":867667514,"highway":"residential"},"geometry":{"type":"LineString","coordinates":[[85.7579101,20.0422549],[85.7578005,20.0425898]]}},{"type":"Feature","properties":{"id":867667515,"highway":"residential"},"geometry":{"type":"LineString","coordinates":[[85.7579497,20.0421339],[85.7579101,20.0422549]]}},{"type":"Feature","properties":{"id":867667516,"highway":"residential"},"geometry":{"type":"LineString","coordinates":[[85.7599103,20.0387127],[85.7601074,20.0391111],[85.760169,20.0392185],[85.760213,20.039273],[85.7602781,20.039316],[85.7603819,20.039321],[85.7607127,20.0392416],[85.7609818,20.0391441],[85.7613074,20.0389685]]}},{"type":"Feature","properties":{"id":867667517,"highway":"residential"},"geometry":{"type":"LineString","coordinates":[[85.766827,20.0380389],[85.7665759,20.0377859],[85.766472,20.0375887],[85.766311,20.037156]]}},{"type":"Feature","properties":{"id":867970241,"highway":"tertiary"},"geometry":{"type":"LineString","coordinates":[[85.7462151,20.0579763],[85.7460527,20.0578701]]}},{"type":"Feature","properties":{"id":867970242,"highway":"tertiary"},"geometry":{"type":"LineString","coordinates":[[85.7494658,20.0602867],[85.7493184,20.0601902],[85.7491988,20.0601386],[85.7490377,20.0600996],[85.7488253,20.0600705],[85.7487093,20.0600222],[85.7486073,20.0599532],[85.7484692,20.0598481],[85.7483307,20.0597465],[85.7481048,20.0596052],[85.7479607,20.0595346],[85.7478349,20.0594862],[85.7477153,20.0594591],[85.7476314,20.0594476],[85.7474366,20.0594383],[85.7472857,20.059406],[85.7470691,20.0593153],[85.7468064,20.0591931],[85.746623,20.0590812],[85.7464603,20.0589478],[85.7463705,20.0588501],[85.746346,20.0587682],[85.7463516,20.0586685],[85.7463842,20.058588],[85.7464342,20.0585039],[85.7465051,20.0583735],[85.7465201,20.0583017],[85.7465077,20.0582156],[85.7464427,20.0581317],[85.7462151,20.0579763]]}},{"type":"Feature","properties":{"id":868478748,"highway":"residential"},"geometry":{"type":"LineString","coordinates":[[85.7488524,20.0097745],[85.7490568,20.009698],[85.749156,20.0096702],[85.7492583,20.0096603],[85.749329,20.0096891],[85.7494092,20.0097446],[85.7494972,20.0098194],[85.7496858,20.0100157],[85.7497682,20.0101126],[85.74982,20.0102319],[85.7498721,20.0104012],[85.749913,20.0105904],[85.7499701,20.0108898],[85.7500744,20.0115065],[85.7500709,20.0116684],[85.7500646,20.0118844],[85.7501033,20.0121682],[85.7501484,20.0124687],[85.7502222,20.0129919],[85.7503375,20.0136372],[85.7504017,20.0139967],[85.7504146,20.0140695],[85.7504141,20.0140971],[85.7504021,20.0141283],[85.7503618,20.0141565],[85.7503215,20.0141718],[85.750254,20.0141933],[85.750212,20.0142209],[85.7501644,20.014272],[85.7500859,20.0143735]]}},{"type":"Feature","properties":{"id":868479309,"highway":"residential"},"geometry":{"type":"LineString","coordinates":[[85.7451434,20.0154329],[85.7451412,20.0161504],[85.7451064,20.0162752],[85.7450533,20.0163232],[85.7449817,20.0163732],[85.7448754,20.0164058],[85.7444952,20.0164327]]}},{"type":"Feature","properties":{"id":868479310,"highway":"residential"},"geometry":{"type":"LineString","coordinates":[[85.7498473,20.0077189],[85.7497573,20.0077665],[85.7496942,20.0077956],[85.7496488,20.0078057]]}},{"type":"Feature","properties":{"id":868479311,"highway":"residential"},"geometry":{"type":"LineString","coordinates":[[85.7494987,20.0078069],[85.7494665,20.007824],[85.7494324,20.0078495],[85.7494015,20.0078709],[85.7493321,20.0079047],[85.7492324,20.007945],[85.7489533,20.0080435],[85.7484121,20.0082329],[85.7483366,20.0082629],[85.7483123,20.008281],[85.7482926,20.0083052],[85.748287,20.0083309],[85.74829,20.0083604],[85.7483599,20.0085515],[85.7484511,20.0087719],[85.7487535,20.0094309],[85.7488453,20.0096851],[85.7488524,20.0097353],[85.7488524,20.0097745],[85.7488414,20.009824],[85.7488099,20.0098772],[85.7487706,20.0099223],[85.7487124,20.009977],[85.7485653,20.0101048],[85.7485433,20.0101462],[85.7485315,20.0102083],[85.7485323,20.0102504],[85.7485751,20.0103624],[85.7487024,20.0106421],[85.7488056,20.0108449],[85.7489753,20.0111134],[85.7492783,20.0115327],[85.7493353,20.0116389],[85.7493664,20.01174],[85.749364,20.0118627],[85.7493493,20.0120255],[85.7493374,20.0121145],[85.7493151,20.0122133],[85.7492638,20.0123122],[85.7491546,20.0124024],[85.749098,20.0124543],[85.749077,20.0124964],[85.7490783,20.0125742],[85.7491236,20.0127802],[85.7491941,20.0131007],[85.7492191,20.0131526],[85.7492533,20.0131761],[85.7493111,20.0131823],[85.7494282,20.0131699],[85.7495838,20.0131395],[85.7502222,20.0129919]]}},{"type":"Feature","properties":{"id":868479312,"highway":"residential"},"geometry":{"type":"LineString","coordinates":[[85.7496488,20.0078057],[85.7494987,20.0078069]]}},{"type":"Feature","properties":{"id":868481955,"highway":"residential"},"geometry":{"type":"LineString","coordinates":[[85.7460965,20.0124543],[85.7463752,20.0122587],[85.7464203,20.0122283],[85.7464488,20.0122127],[85.7464678,20.0122102],[85.7464871,20.0122162],[85.7465282,20.0122456],[85.7465768,20.0122727],[85.7466138,20.0122867],[85.7466497,20.0122941],[85.7466898,20.0123001],[85.7467893,20.0123023],[85.7468161,20.0123008],[85.74685,20.0122918],[85.7468928,20.0122736],[85.7469477,20.0122555],[85.7472309,20.0121849]]}},{"type":"Feature","properties":{"id":868481956,"highway":"residential"},"geometry":{"type":"LineString","coordinates":[[85.7503375,20.0136372],[85.7495842,20.0137559],[85.7493993,20.0138013],[85.7493266,20.0138348],[85.7492512,20.0139147],[85.7492115,20.0140203],[85.7492087,20.0141504],[85.7492049,20.0144385]]}},{"type":"Feature","properties":{"id":868481957,"highway":"residential"},"geometry":{"type":"LineString","coordinates":[[85.7563498,20.010048],[85.7564805,20.0105241],[85.7566715,20.0112212],[85.7568389,20.0118775],[85.7569176,20.0122748],[85.7569328,20.0129757],[85.7569382,20.0130605],[85.7569435,20.0131728],[85.7569771,20.0133577],[85.7569722,20.0133877],[85.7569575,20.0134116],[85.7569124,20.0134401],[85.7568599,20.0134724],[85.7568287,20.0135056],[85.7567833,20.0135764],[85.7566202,20.0137735],[85.7565517,20.0138385],[85.7564757,20.0139009],[85.756432,20.0139366],[85.756414,20.0139732],[85.7564092,20.0140143],[85.7564149,20.0141169],[85.7564187,20.0143676],[85.7564244,20.0144318],[85.7564472,20.0144818],[85.7564757,20.0145505],[85.7564899,20.0145996],[85.7564899,20.0146353],[85.7564814,20.0146754],[85.7564539,20.0147477],[85.7563897,20.0148618],[85.7562051,20.015058],[85.7560968,20.0151867],[85.7560549,20.0152747],[85.756027,20.0153684],[85.7560114,20.0154604],[85.7560089,20.0155675],[85.7559978,20.0156975],[85.7559744,20.0157873],[85.7558388,20.0161876],[85.7557369,20.0163842],[85.7555813,20.0165606],[85.7555116,20.0166059],[85.7553721,20.0166614],[85.7551897,20.0166916],[85.7545754,20.0166716],[85.7544625,20.0166786],[85.7543422,20.0167029],[85.7542214,20.0167332],[85.7539318,20.0168398],[85.7538363,20.0168923],[85.7538151,20.0169139],[85.7538036,20.0169479],[85.7538054,20.0169877],[85.7538283,20.0170424],[85.7538945,20.0171634],[85.7539104,20.0172049],[85.7539069,20.0172364],[85.7538751,20.0172753],[85.7538354,20.0172986],[85.7537498,20.0173234],[85.7536122,20.0173525],[85.7534862,20.0173879],[85.7529029,20.0175974],[85.7526757,20.0176667],[85.7523699,20.0177555],[85.7521983,20.0178117],[85.7521231,20.0178587],[85.7520647,20.0179198],[85.7520215,20.0179827],[85.751986,20.0180523],[85.7519554,20.0181536],[85.7519275,20.0183239],[85.751879,20.0186198]]}},{"type":"Feature","properties":{"id":868481958,"highway":"residential"},"geometry":{"type":"LineString","coordinates":[[85.7514851,20.0185062],[85.7515053,20.0184731],[85.7515274,20.0184484],[85.7515815,20.0184184],[85.7519275,20.0183239]]}},{"type":"Feature","properties":{"id":868481961,"highway":"residential"},"geometry":{"type":"LineString","coordinates":[[85.7564805,20.0105241],[85.7570887,20.0104268],[85.7571515,20.0104167]]}},{"type":"Feature","properties":{"id":868481962,"highway":"residential"},"geometry":{"type":"LineString","coordinates":[[85.7579192,20.0111412],[85.7579172,20.0112485],[85.7579172,20.0113003],[85.7579312,20.0113587],[85.7580288,20.0115746],[85.7580633,20.0117026],[85.7580716,20.0117996],[85.7580658,20.0118942],[85.7580423,20.0120232],[85.7578021,20.0128994],[85.7577524,20.0130035],[85.7576976,20.0130574],[85.7576276,20.0130885],[85.7574989,20.0131029],[85.7573091,20.0131005],[85.7571422,20.0130921],[85.7569382,20.0130605]]}},{"type":"Feature","properties":{"id":868481963,"highway":"residential"},"geometry":{"type":"LineString","coordinates":[[85.7580633,20.0117026],[85.758547,20.0114156],[85.7587034,20.0113555],[85.7590279,20.0112593],[85.7593457,20.0111693],[85.7597288,20.0110568],[85.7600057,20.0109591],[85.7602713,20.0108529],[85.7603707,20.0108029],[85.7604518,20.0107543],[85.7605085,20.0107085],[85.7605623,20.0106683],[85.7606026,20.0106385],[85.7606326,20.0106195],[85.7606784,20.0105989],[85.7607438,20.0105719],[85.7608697,20.0105271],[85.7609002,20.0105059],[85.7609125,20.0104858],[85.7609137,20.010457],[85.7608715,20.0101964]]}},{"type":"Feature","properties":{"id":868482665,"highway":"residential"},"geometry":{"type":"LineString","coordinates":[[85.7566715,20.0112212],[85.7570304,20.0111319],[85.7572169,20.01108],[85.757308,20.0110632],[85.7573991,20.0110632],[85.7575379,20.0110856],[85.7576752,20.0111151],[85.7577976,20.0111333],[85.7579192,20.0111412],[85.7581235,20.0111194],[85.7583057,20.0111039],[85.7584665,20.0111108],[85.7586378,20.0111008],[85.7587678,20.011077],[85.7589367,20.0110204],[85.7598486,20.0106443]]}},{"type":"Feature","properties":{"id":868482666,"highway":"residential"},"geometry":{"type":"LineString","coordinates":[[85.7600057,20.0109591],[85.7598486,20.0106443],[85.7596152,20.010173]]}},{"type":"Feature","properties":{"id":868482667,"highway":"residential"},"geometry":{"type":"LineString","coordinates":[[85.7589367,20.0110204],[85.7588197,20.0105704],[85.7587306,20.0102756],[85.7586595,20.0101416],[85.7586177,20.0100686],[85.7585864,20.0099971],[85.7585415,20.0098679],[85.758464,20.0095707]]}},{"type":"Feature","properties":{"id":868482668,"highway":"residential"},"geometry":{"type":"LineString","coordinates":[[85.7595518,20.0095665],[85.7594972,20.0095058],[85.7594517,20.0094896],[85.7593876,20.0094868],[85.7593278,20.0095091],[85.759265,20.0095518],[85.7590001,20.0097759],[85.7589118,20.0098169],[85.7587798,20.0098485],[85.7585415,20.0098679]]}},{"type":"Feature","properties":{"id":868482669,"highway":"residential"},"geometry":{"type":"LineString","coordinates":[[85.7587306,20.0102756],[85.7593646,20.0100666]]}},{"type":"Feature","properties":{"id":868482670,"highway":"residential"},"geometry":{"type":"LineString","coordinates":[[85.7562393,20.0266322],[85.7566918,20.026486],[85.7567577,20.0264613],[85.7567924,20.026441],[85.7568104,20.0264084],[85.756808,20.0263713],[85.7567637,20.026252],[85.7567409,20.0261845],[85.7567361,20.026135],[85.7567457,20.0260349],[85.7567565,20.0259482],[85.7567553,20.0258785],[85.7567469,20.0257997],[85.7566296,20.0252923],[85.7562747,20.0238717]]}},{"type":"Feature","properties":{"id":868482671,"highway":"tertiary"},"geometry":{"type":"LineString","coordinates":[[85.7443308,20.0069388],[85.7443846,20.006848]]}},{"type":"Feature","properties":{"id":868482672,"highway":"tertiary"},"geometry":{"type":"LineString","coordinates":[[85.7443846,20.006848],[85.7445765,20.0066149],[85.7447219,20.0064358],[85.7448112,20.0062988],[85.7450372,20.0058806],[85.745069,20.0057973],[85.7450792,20.0057354],[85.745069,20.005697],[85.7450429,20.0056533],[85.744977,20.0055978],[85.7448623,20.0055338],[85.744709,20.0054431],[85.7445989,20.005362],[85.7445262,20.0052948],[85.7443945,20.0051262],[85.744265,20.0049725],[85.7441189,20.0048116],[85.7439541,20.0046339],[85.7438174,20.0044728],[85.7436713,20.0042651],[85.7433626,20.0036766],[85.7431209,20.0032042],[85.7429433,20.0027735],[85.7428504,20.0026182],[85.742722,20.0024542]]}},{"type":"Feature","properties":{"id":868508434,"highway":"residential"},"geometry":{"type":"LineString","coordinates":[[85.7584317,20.0290334],[85.7583932,20.0289693],[85.7583511,20.0289328],[85.7583164,20.0289071],[85.758207,20.0288725],[85.7580408,20.028828],[85.7579135,20.0287855],[85.7576147,20.0286574],[85.7574936,20.0286055],[85.7567724,20.0282967]]}},{"type":"Feature","properties":{"id":868510768,"highway":"residential"},"geometry":{"type":"LineString","coordinates":[[85.7682135,20.0547609],[85.7679647,20.054928],[85.7677996,20.0550109],[85.7672676,20.0552512]]}},{"type":"Feature","properties":{"id":868510769,"highway":"residential"},"geometry":{"type":"LineString","coordinates":[[85.7779127,20.0653418],[85.777971,20.0654817],[85.7779958,20.0655769],[85.7780038,20.0657358],[85.778005,20.0660389],[85.7780049,20.0662677],[85.778033,20.0664952],[85.778093,20.0667167],[85.7781522,20.0668826],[85.7782509,20.0670269],[85.7784579,20.0672108],[85.778734,20.0674032],[85.7789393,20.0675129],[85.7793357,20.0676668],[85.7797269,20.0677808],[85.7798037,20.0678094],[85.7798429,20.067838],[85.7798611,20.0678622],[85.7798758,20.0678953],[85.779881,20.0679256],[85.7798822,20.0680059],[85.7798687,20.0681772],[85.7798576,20.0682234],[85.7798236,20.0683088],[85.7797978,20.0683484],[85.7797573,20.0683903],[85.7796964,20.0684294],[85.7796079,20.0684706],[85.7794072,20.0685377],[85.7788844,20.0686687],[85.778582,20.0687459],[85.7783497,20.068799],[85.7780291,20.0688494],[85.7775904,20.0689028],[85.777062,20.0689328],[85.7766877,20.0689591],[85.7766009,20.0689825],[85.7765575,20.0690295]]}},{"type":"Feature","properties":{"id":868510770,"highway":"unclassified"},"geometry":{"type":"LineString","coordinates":[[85.7779439,20.065347],[85.7779127,20.0653418],[85.7778641,20.0653338],[85.7778057,20.0653107],[85.7777186,20.0652487],[85.7776441,20.0651955],[85.7774833,20.0650818],[85.7773718,20.0650244],[85.7768297,20.0648048],[85.7763056,20.0645916],[85.7758394,20.0644188],[85.7752631,20.0642241],[85.7747377,20.0640485],[85.7743185,20.0638874],[85.7739738,20.0637396],[85.7738427,20.0636658],[85.7737325,20.0635847],[85.7736394,20.0635077],[85.7731822,20.0629332],[85.772917,20.0625785],[85.7727617,20.0623708],[85.7726598,20.0622125],[85.7725506,20.0620056],[85.7723515,20.0615681],[85.7722339,20.0612716],[85.7720927,20.0609695],[85.7720192,20.0608627],[85.7718905,20.0607059],[85.7714501,20.0601604],[85.771295,20.0599814],[85.7712643,20.0599378],[85.7712541,20.0599024]]}},{"type":"Feature","properties":{"id":868510771,"highway":"unclassified"},"geometry":{"type":"LineString","coordinates":[[85.7780131,20.0653282],[85.7779439,20.065347]]}},{"type":"Feature","properties":{"id":868510772,"highway":"unclassified"},"geometry":{"type":"LineString","coordinates":[[85.7712541,20.0599024],[85.771278,20.059849]]}},{"type":"Feature","properties":{"id":868510773,"highway":"unclassified"},"geometry":{"type":"LineString","coordinates":[[85.771278,20.059849],[85.7712771,20.0598166],[85.7712702,20.0597945],[85.7712195,20.0597487],[85.7711628,20.0596948],[85.7711282,20.0596519],[85.7710881,20.0595921],[85.7710527,20.0595094],[85.7710166,20.0593948],[85.7709922,20.0593202],[85.7709466,20.0592102],[85.7708805,20.0590654],[85.7708227,20.0588904],[85.7707645,20.0586502],[85.7707413,20.0585431],[85.7707146,20.0584713],[85.7706456,20.0583819],[85.7705295,20.0582955],[85.7704418,20.0581891],[85.7703558,20.0580318],[85.7702018,20.0576872],[85.7701376,20.0575788],[85.7700445,20.057415],[85.7699782,20.0572801],[85.7699488,20.0571888],[85.7699351,20.0570653],[85.7699075,20.0569236],[85.7698686,20.0568043],[85.7697862,20.0566531],[85.7695469,20.0564129],[85.7693073,20.0561562],[85.7691506,20.0560061],[85.769018,20.0558525],[85.7688517,20.055617],[85.7682135,20.0547609],[85.7678863,20.0543289],[85.7675748,20.0538795],[85.7674586,20.0537074],[85.7673904,20.0535759],[85.7673466,20.0534578],[85.7673036,20.0533266],[85.7672214,20.0531183],[85.7671067,20.0528927],[85.7670795,20.0528213],[85.7670727,20.0527652],[85.7670767,20.0526803],[85.7670788,20.0525691],[85.7670626,20.0524712],[85.7670373,20.052379],[85.7670009,20.0523029],[85.7669614,20.0522431],[85.7668977,20.0521632],[85.7665759,20.0518039],[85.7662188,20.0513866],[85.7661338,20.0513102],[85.7660507,20.051254],[85.7659316,20.0511876],[85.7658058,20.0511233],[85.7651862,20.0509299],[85.7648992,20.0508008],[85.7641919,20.050441],[85.7634898,20.0500401],[85.7633926,20.0500095],[85.7633142,20.0500003],[85.7631867,20.0500009],[85.7630499,20.049994],[85.7630237,20.049997],[85.7629955,20.0500078]]}},{"type":"Feature","properties":{"id":868520541,"highway":"residential"},"geometry":{"type":"LineString","coordinates":[[85.7724002,20.068004],[85.7725696,20.068037],[85.7726443,20.0680583],[85.7727708,20.0681292],[85.7728492,20.0681771],[85.7728786,20.0682176],[85.7728855,20.0682848],[85.7728835,20.0683493],[85.7728678,20.0684156],[85.7728384,20.0684579],[85.7727757,20.0685031],[85.7727031,20.068539],[85.7725884,20.0685859],[85.7725237,20.0686255],[85.7724825,20.068667],[85.772462,20.0687186],[85.7724522,20.0688235],[85.7724492,20.0689322],[85.77246,20.0690436],[85.7724796,20.0691072],[85.7725424,20.0691928],[85.7726296,20.0692711],[85.7726825,20.0693457],[85.7727051,20.0694202],[85.7727227,20.069563],[85.7727374,20.0696689],[85.7727678,20.069807],[85.772811,20.0699451],[85.772861,20.0700335],[85.7728894,20.0700685],[85.7729365,20.0700823],[85.7730296,20.0700842],[85.7730953,20.0700731],[85.7732031,20.0700317],[85.7733796,20.0699682],[85.7736629,20.0698954],[85.7737963,20.0698696],[85.7739718,20.0698521],[85.7741218,20.0698494],[85.7742021,20.0698687],[85.7742698,20.0699055],[85.7743482,20.06997],[85.774409,20.0700409],[85.7744718,20.0701109],[85.7746386,20.0702586],[85.7747259,20.0703162],[85.7748265,20.0703649],[85.7748981,20.0703849],[85.7749759,20.0703945],[85.7750396,20.070393],[85.7752429,20.0703634],[85.7757262,20.070302]]}},{"type":"Feature","properties":{"id":868520542,"highway":"residential"},"geometry":{"type":"LineString","coordinates":[[85.7765351,20.0692556],[85.776518,20.0693272],[85.7764746,20.0693952],[85.7761681,20.0697386],[85.7759498,20.0700018],[85.7757262,20.070302],[85.7755881,20.0705145],[85.7755302,20.0706356],[85.7754921,20.0707937],[85.7754842,20.0709741],[85.7755039,20.0712632],[85.7754955,20.0714584],[85.7754732,20.0715807],[85.775389,20.0718018],[85.7752495,20.0720478],[85.7751612,20.0721588],[85.7749989,20.0722848],[85.7748153,20.0724058],[85.774743,20.0724423],[85.7746847,20.0724622],[85.774637,20.0724589],[85.7745806,20.0724323],[85.7744707,20.0723151],[85.7744251,20.0722798],[85.7743963,20.0722641],[85.7743557,20.072258],[85.7743131,20.0722571],[85.7738825,20.0723775],[85.7732546,20.0725347]]}},{"type":"Feature","properties":{"id":868520543,"highway":"residential"},"geometry":{"type":"LineString","coordinates":[[85.7765575,20.0690295],[85.7765351,20.0692556]]}},{"type":"Feature","properties":{"id":868520545,"highway":"residential"},"geometry":{"type":"LineString","coordinates":[[85.7682724,20.0553012],[85.7679647,20.054928],[85.7670426,20.0538098],[85.7670113,20.0537555],[85.7670122,20.0537103],[85.7670367,20.053668],[85.767072,20.0536403],[85.7673466,20.0534578]]}},{"type":"Feature","properties":{"id":868520551,"highway":"residential"},"geometry":{"type":"LineString","coordinates":[[85.7712388,20.0570964],[85.7713235,20.0572399],[85.7716439,20.0577825],[85.7716519,20.0578181],[85.7716421,20.0578473],[85.7716207,20.0578691],[85.7715706,20.0578932],[85.7715162,20.057906],[85.7714284,20.057914],[85.7712964,20.0579536],[85.771164,20.0580106],[85.7706456,20.0583819]]}},{"type":"Feature","properties":{"id":868520552,"highway":"residential"},"geometry":{"type":"LineString","coordinates":[[85.7712702,20.0597945],[85.7712888,20.0597316],[85.7713034,20.0596817],[85.7713261,20.0596422],[85.771372,20.0596005],[85.7714732,20.0595182],[85.77156,20.0594354],[85.7716087,20.0593341],[85.771614,20.0592426],[85.7715554,20.0588761],[85.7715455,20.0587937],[85.7715469,20.0587166],[85.7715879,20.0586461],[85.7716361,20.0585849],[85.7716587,20.0585331],[85.7716559,20.0584692],[85.7716247,20.0583536],[85.7714284,20.057914]]}},{"type":"Feature","properties":{"id":868520553,"highway":"residential"},"geometry":{"type":"LineString","coordinates":[[85.7713235,20.0572399],[85.7708752,20.0575063],[85.770839,20.057513],[85.7707931,20.0574931],[85.770756,20.0574602],[85.7707183,20.0574347],[85.7706732,20.0574293],[85.7706166,20.0574548],[85.7705043,20.0575364],[85.770386,20.0576017],[85.7702018,20.0576872]]}},{"type":"Feature","properties":{"id":868526248,"highway":"residential"},"geometry":{"type":"LineString","coordinates":[[85.7817182,20.0648934],[85.7817426,20.0652845],[85.7817217,20.0655954],[85.7817015,20.0657443],[85.7816903,20.0658595],[85.7816913,20.0659663],[85.7817059,20.0660777],[85.7817637,20.0665448],[85.7819202,20.0676561],[85.7819265,20.0677795],[85.7819185,20.0678244],[85.7818973,20.0678872],[85.7818718,20.0679454]]}},{"type":"Feature","properties":{"id":868526249,"highway":"residential"},"geometry":{"type":"LineString","coordinates":[[85.7818414,20.0679981],[85.7818106,20.0680075],[85.7817798,20.068006],[85.7816889,20.0679973],[85.7812768,20.0679995],[85.780615,20.0679961],[85.7805449,20.0679956],[85.7805182,20.0680016],[85.7804835,20.0680175],[85.7804297,20.0680556],[85.7802626,20.0681339],[85.7801872,20.0681733],[85.7801339,20.0682083],[85.7800713,20.0682544],[85.7800285,20.0682929],[85.7800027,20.0683176],[85.7799799,20.0683295],[85.7799346,20.0683343],[85.7797978,20.0683484]]}},{"type":"Feature","properties":{"id":868526250,"highway":"residential"},"geometry":{"type":"LineString","coordinates":[[85.7818718,20.0679454],[85.7818414,20.0679981]]}},{"type":"Feature","properties":{"id":868526253,"highway":"tertiary"},"geometry":{"type":"LineString","coordinates":[[85.786343,20.0632601],[85.786198,20.0633308]]}},{"type":"Feature","properties":{"id":868526254,"highway":"tertiary"},"geometry":{"type":"LineString","coordinates":[[85.7864106,20.0632258],[85.786343,20.0632601]]}},{"type":"Feature","properties":{"id":868526255,"highway":"residential"},"geometry":{"type":"LineString","coordinates":[[85.7891176,20.0662714],[85.789241,20.066173]]}},{"type":"Feature","properties":{"id":868526256,"highway":"residential"},"geometry":{"type":"LineString","coordinates":[[85.7892933,20.0661313],[85.7895245,20.0659469],[85.7896548,20.0658244],[85.7899886,20.0655],[85.7901497,20.0653541],[85.7902284,20.0652262],[85.7902744,20.0650821],[85.7902936,20.0649434],[85.7902993,20.0647488],[85.7902632,20.0642951],[85.7902506,20.0638256],[85.790256,20.0635639],[85.7902501,20.0634783],[85.7902361,20.063395],[85.7901972,20.0632034],[85.7901834,20.0631166],[85.7901772,20.063037],[85.7901325,20.0625349],[85.7901102,20.0623978],[85.7900868,20.0622969],[85.7900496,20.0621938]]}},{"type":"Feature","properties":{"id":868526257,"highway":"residential"},"geometry":{"type":"LineString","coordinates":[[85.789241,20.066173],[85.7892933,20.0661313]]}},{"type":"Feature","properties":{"id":868538229,"highway":"residential"},"geometry":{"type":"LineString","coordinates":[[85.7837614,20.0641322],[85.7837177,20.0638995],[85.7837061,20.0637321],[85.7837036,20.0635681],[85.7837338,20.0624416]]}},{"type":"Feature","properties":{"id":868538230,"highway":"residential"},"geometry":{"type":"LineString","coordinates":[[85.7828017,20.064413],[85.7826713,20.0642311],[85.7826344,20.0641824],[85.7826002,20.064139],[85.7825693,20.0640699],[85.7825341,20.0638988],[85.7825041,20.0630824]]}},{"type":"Feature","properties":{"id":868538231,"highway":"residential"},"geometry":{"type":"LineString","coordinates":[[85.780776,20.055993],[85.7805093,20.0561017],[85.7804811,20.0561132]]}},{"type":"Feature","properties":{"id":868538232,"highway":"residential"},"geometry":{"type":"LineString","coordinates":[[85.7804811,20.0561132],[85.7804228,20.0561344]]}},{"type":"Feature","properties":{"id":868538233,"highway":"residential"},"geometry":{"type":"LineString","coordinates":[[85.7804228,20.0561344],[85.7800686,20.0562423],[85.7798131,20.056338],[85.7796245,20.0564235],[85.7795454,20.0564719],[85.7794967,20.0565393],[85.779458,20.0566033],[85.7794488,20.0566473],[85.7794571,20.0567035],[85.7794952,20.0568591],[85.7796051,20.0573084],[85.7797386,20.0577158],[85.779773,20.0578461],[85.7798017,20.0580433],[85.7798582,20.0589309],[85.7798959,20.0592],[85.7799759,20.0595819],[85.780106,20.0602576],[85.7801346,20.0603936],[85.7801898,20.0604827],[85.7802588,20.0605152],[85.7803538,20.0605281],[85.7804383,20.0605492],[85.7804914,20.0605847],[85.7805396,20.0606781],[85.78057,20.0607492],[85.7806972,20.0613031]]}},{"type":"Feature","properties":{"id":868538234,"highway":"residential"},"geometry":{"type":"LineString","coordinates":[[85.7805093,20.0561017],[85.7806743,20.0565236],[85.7807248,20.0566796],[85.7807495,20.0567852],[85.7808337,20.0573224],[85.7809782,20.0580383],[85.7810514,20.0585451],[85.7811811,20.0592537],[85.7813335,20.059975],[85.7813702,20.0600761],[85.7814063,20.0601482],[85.7814545,20.0602203],[85.7814784,20.0602531],[85.7814862,20.0602695],[85.7814848,20.0602953]]}},{"type":"Feature","properties":{"id":868538235,"highway":"residential"},"geometry":{"type":"LineString","coordinates":[[85.7814848,20.0602953],[85.7814645,20.0603362]]}},{"type":"Feature","properties":{"id":868538236,"highway":"residential"},"geometry":{"type":"LineString","coordinates":[[85.7814645,20.0603362],[85.7814599,20.0603525],[85.7814764,20.0603719],[85.7814936,20.0603868],[85.781803,20.0606027],[85.7827406,20.0611787],[85.7827838,20.0612076],[85.78281,20.061236],[85.782814,20.0612624],[85.7828037,20.0612836],[85.7827132,20.061406]]}},{"type":"Feature","properties":{"id":868538237,"highway":"residential"},"geometry":{"type":"LineString","coordinates":[[85.7814599,20.0603525],[85.7813874,20.0603893],[85.7812961,20.0604206],[85.781248,20.0604303],[85.7812004,20.0604303],[85.7811637,20.0604189],[85.7811281,20.0603958],[85.7810886,20.0603823],[85.7810393,20.060385],[85.7809655,20.060398],[85.7804914,20.0605847]]}},{"type":"Feature","properties":{"id":868538238,"highway":"residential"},"geometry":{"type":"LineString","coordinates":[[85.7742503,20.0526817],[85.7743434,20.0530306],[85.7743934,20.0532009],[85.7744234,20.0533164],[85.7744254,20.053384],[85.7744134,20.0534253],[85.7743664,20.0534742],[85.7743035,20.0535239],[85.7742875,20.0535643],[85.7742855,20.0536188],[85.7742875,20.0537437],[85.7742805,20.0538113],[85.7742555,20.0538573],[85.7740689,20.0540624],[85.7734149,20.054776]]}},{"type":"Feature","properties":{"id":868538239,"highway":"residential"},"geometry":{"type":"LineString","coordinates":[[85.776434,20.049714],[85.776416,20.0499117],[85.7764268,20.0500824],[85.7764484,20.0502329],[85.7764655,20.0503843],[85.7765154,20.0509465],[85.776496,20.0510269],[85.7764655,20.051097],[85.7764115,20.0511887],[85.776343,20.0512816],[85.7762793,20.0513549],[85.7760622,20.0515911]]}},{"type":"Feature","properties":{"id":868538240,"highway":"unclassified"},"geometry":{"type":"LineString","coordinates":[[85.777927,20.0506621],[85.777865,20.0506887]]}},{"type":"Feature","properties":{"id":868538241,"highway":"unclassified"},"geometry":{"type":"LineString","coordinates":[[85.777865,20.0506887],[85.7774553,20.0508925],[85.7773327,20.0509457],[85.7772166,20.050978],[85.7771433,20.0509876],[85.7770495,20.0509867],[85.7768832,20.0509745],[85.7766278,20.0509562],[85.7765154,20.0509465],[85.7763807,20.0509413],[85.7762722,20.0509487],[85.7760133,20.0510027],[85.7758176,20.0510556],[85.7757897,20.0510748],[85.7757712,20.0511115],[85.7757721,20.0511481],[85.7757888,20.0512005],[85.7758502,20.0513118],[85.7760235,20.051536],[85.7760622,20.0515911],[85.7760984,20.0516837],[85.7761614,20.0519763],[85.7761881,20.0521466],[85.7761933,20.052213],[85.7761847,20.0522674],[85.7761622,20.0522949],[85.7761269,20.0523055],[85.7757229,20.0523529],[85.7755718,20.0523826],[85.7754619,20.0524077],[85.7752257,20.0524936],[85.7749795,20.0525738],[85.7744784,20.0526764],[85.7743554,20.0526971],[85.774298,20.0526971],[85.7742503,20.0526817],[85.774219,20.0526523],[85.7741803,20.0525942],[85.7740984,20.0524266],[85.7739725,20.0521772],[85.7738907,20.0520499],[85.7738027,20.0519401],[85.7736177,20.0517445],[85.7735432,20.0516802],[85.7734859,20.0516494],[85.7734188,20.051634],[85.7733741,20.051634],[85.7733197,20.0516466],[85.7731886,20.0516886],[85.7731111,20.051711],[85.7730664,20.0517131],[85.7730232,20.0516998],[85.7729874,20.0516746],[85.7729388,20.051633],[85.7728391,20.051492],[85.7727331,20.0513562],[85.7726506,20.0512842],[85.7725364,20.051215],[85.7724067,20.0511493],[85.7722739,20.0510661],[85.77217,20.0509716],[85.7720445,20.0508354],[85.7719499,20.0507458],[85.7718473,20.0506944],[85.771691,20.0506485],[85.7713921,20.0505453],[85.7711201,20.0504469],[85.7704857,20.0501587],[85.7702584,20.050038],[85.7701252,20.0499471],[85.7700347,20.0498724],[85.7699481,20.049777],[85.7698923,20.0497066],[85.7698557,20.0496408],[85.7698234,20.0495918],[85.7698027,20.0495257],[85.7697828,20.0493616],[85.7697811,20.0492675],[85.7697878,20.0490793],[85.7697845,20.0490132],[85.7697704,20.048958],[85.7697304,20.048856],[85.7694683,20.0482685],[85.7692406,20.0477197],[85.7691629,20.0475653],[85.769085,20.0474401],[85.768984,20.0473421],[85.7689294,20.0473219],[85.7688474,20.0473211],[85.7687619,20.0473376],[85.7683545,20.0474787],[85.7682923,20.0474972],[85.7682365,20.0474972],[85.7681877,20.0474713],[85.7681524,20.0474358],[85.7681185,20.0473841],[85.7679597,20.0471196],[85.7679125,20.047062],[85.7678543,20.0470155],[85.7677403,20.046929],[85.7676239,20.0468515],[85.7675775,20.0468101],[85.7675185,20.0467436],[85.7674773,20.0466876],[85.767427,20.0465781],[85.7673565,20.0465005],[85.7673069,20.0464636],[85.7672039,20.0464067],[85.7670726,20.0463469],[85.7669412,20.0462811],[85.7668791,20.0462419],[85.766791,20.0461666],[85.7666266,20.0459841],[85.76657,20.0459316],[85.7665181,20.0459161],[85.7664544,20.0459095],[85.7663797,20.045928],[85.7663087,20.0459541],[85.7662381,20.0459762],[85.7661734,20.0459863],[85.7660862,20.0459835],[85.7659479,20.0459697],[85.7657626,20.0459699],[85.7654703,20.0459897],[85.765176,20.0460105],[85.7650198,20.0460264],[85.7648278,20.046062],[85.7646621,20.0460957],[85.7644743,20.0461215],[85.7637547,20.0461314],[85.763703,20.0461146],[85.7636734,20.0460759],[85.7636576,20.0460095],[85.7636615,20.0457069],[85.7636591,20.0456182],[85.7636521,20.0455488],[85.7636277,20.0454409],[85.7636088,20.0453567],[85.7636113,20.0452959],[85.7636245,20.0452331],[85.7636251,20.0451726],[85.7636188,20.0451199],[85.7635999,20.045047],[85.7635584,20.0449646],[85.7634296,20.0447775]]}},{"type":"Feature","properties":{"id":868538242,"highway":"residential"},"geometry":{"type":"LineString","coordinates":[[85.7761622,20.0522949],[85.776447,20.0523253],[85.7765261,20.0523618],[85.7765717,20.0524147],[85.7766333,20.0525592],[85.776814,20.0532288],[85.7768645,20.0534025],[85.7769168,20.0535285],[85.777051,20.0537692],[85.7771814,20.0539149],[85.7772941,20.0540182],[85.7774308,20.0540963],[85.7777822,20.0543067],[85.777978,20.0544377],[85.7781752,20.0545989],[85.7783616,20.0548099],[85.7786152,20.0551607],[85.7791774,20.0560637],[85.7794967,20.0565393]]}},{"type":"Feature","properties":{"id":868538243,"highway":"residential"},"geometry":{"type":"LineString","coordinates":[[85.7794567,20.054639],[85.7794279,20.0547323],[85.7793907,20.0547864],[85.7793257,20.0548475],[85.7792374,20.0548905],[85.7786152,20.0551607]]}},{"type":"Feature","properties":{"id":868538248,"highway":"residential"},"geometry":{"type":"LineString","coordinates":[[85.7764655,20.0503843],[85.7758709,20.050436]]}},{"type":"Feature","properties":{"id":868538249,"highway":"residential"},"geometry":{"type":"LineString","coordinates":[[85.77543,20.051638],[85.7755547,20.0519928],[85.7756028,20.05213],[85.7756556,20.0522321],[85.7757229,20.0523529]]}},{"type":"Feature","properties":{"id":868545060,"highway":"secondary"},"geometry":{"type":"LineString","coordinates":[[85.7715164,20.0322826],[85.7715517,20.0322417],[85.7722697,20.0314115],[85.7730087,20.0305577],[85.7736493,20.0298279],[85.7742099,20.0292106],[85.7748117,20.0286044],[85.7757508,20.0276694]]}},{"type":"Feature","properties":{"id":868545061,"highway":"secondary"},"geometry":{"type":"LineString","coordinates":[[85.771448,20.0323634],[85.7715164,20.0322826]]}},{"type":"Feature","properties":{"id":868545062,"highway":"secondary"},"geometry":{"type":"LineString","coordinates":[[85.7758004,20.0276197],[85.7758345,20.0275864],[85.7760936,20.0273333],[85.7762939,20.0271377],[85.7770098,20.0264195],[85.7776262,20.0257889]]}},{"type":"Feature","properties":{"id":868545063,"highway":"secondary"},"geometry":{"type":"LineString","coordinates":[[85.7757508,20.0276694],[85.7758004,20.0276197]]}},{"type":"Feature","properties":{"id":868545064,"highway":"tertiary"},"geometry":{"type":"LineString","coordinates":[[85.7711723,20.0359009],[85.771111,20.0349671],[85.7710846,20.034814],[85.771057,20.0347024],[85.7709965,20.0345929],[85.7709434,20.0345248],[85.7708743,20.0344593],[85.7707657,20.0343722],[85.7707297,20.0343452],[85.7701069,20.0339141]]}},{"type":"Feature","properties":{"id":868545065,"highway":"tertiary"},"geometry":{"type":"LineString","coordinates":[[85.7711795,20.0359855],[85.7711723,20.0359009]]}},{"type":"Feature","properties":{"id":868547759,"highway":"residential"},"geometry":{"type":"LineString","coordinates":[[85.7673192,20.0364971],[85.7680554,20.0360116]]}},{"type":"Feature","properties":{"id":868547761,"highway":"residential"},"geometry":{"type":"LineString","coordinates":[[85.7733844,20.0362639],[85.7732861,20.0363383],[85.7732199,20.0364076],[85.7730672,20.0367122],[85.7728152,20.0373445],[85.7727541,20.0374749],[85.7726596,20.0375935],[85.772574,20.0376512],[85.7724604,20.0376966],[85.772319,20.0377089],[85.7722222,20.0377316],[85.7721645,20.0377701],[85.7721217,20.0378452],[85.7720735,20.03815],[85.7720397,20.0385661],[85.7720381,20.0386626],[85.7720404,20.0387161],[85.7720474,20.0387589],[85.7720697,20.0387914],[85.7721106,20.0388066],[85.7721576,20.0388139],[85.7721792,20.0388276],[85.772193,20.0388479],[85.7723169,20.0391881],[85.7723292,20.0392305],[85.7723243,20.0392723],[85.7723119,20.0393124],[85.7722884,20.0393472],[85.7722569,20.0393704],[85.7721888,20.0393894],[85.7716257,20.0394855]]}},{"type":"Feature","properties":{"id":868547762,"highway":"unclassified"},"geometry":{"type":"LineString","coordinates":[[85.7942841,20.0400419],[85.7943945,20.0399512],[85.7944655,20.0398692],[85.7944869,20.0397989],[85.7945043,20.0396888],[85.7945086,20.0396205],[85.7944991,20.0395531],[85.7944801,20.0395117],[85.7944213,20.0394288],[85.7943426,20.0393338],[85.7942543,20.0392323],[85.7940623,20.0390274],[85.7938958,20.0388234],[85.7937029,20.0384696],[85.7935955,20.0382619],[85.7934772,20.0379987],[85.7933822,20.0378569],[85.7930171,20.0374178],[85.7927649,20.0370674],[85.7926646,20.0369398],[85.7925859,20.0368841],[85.7924997,20.0368416],[85.7923671,20.0368102],[85.7921468,20.036769],[85.7918904,20.0367156],[85.7916736,20.0366615],[85.7914943,20.0365977],[85.7913786,20.0365406],[85.7912788,20.036474],[85.7910383,20.0362742],[85.7908349,20.0361588],[85.790551,20.0360294],[85.7900755,20.0358583],[85.7898504,20.0357616],[85.7897318,20.0357031],[85.78963,20.0356333],[85.7895222,20.035532],[85.7893941,20.0353925],[85.7893246,20.0353295],[85.7890401,20.0351116],[85.7887581,20.0349432],[85.7886345,20.0348942],[85.7885673,20.0348848],[85.7885059,20.0348879],[85.7884263,20.0349277],[85.7883784,20.0349688],[85.7881126,20.035252],[85.7879767,20.0353723],[85.7879216,20.0353982],[85.7878438,20.0354139],[85.787748,20.0354162],[85.7875767,20.0354038],[85.7874893,20.0353914],[85.7874354,20.0353712],[85.7873767,20.035334],[85.7873324,20.0352947],[85.7872904,20.0352699],[85.7872186,20.0352654],[85.7870653,20.0352823],[85.7868617,20.0353025],[85.7864986,20.0353307],[85.7855395,20.0354458],[85.7847535,20.0355827],[85.784484,20.0356355]]}},{"type":"Feature","properties":{"id":868555511,"highway":"residential"},"geometry":{"type":"LineString","coordinates":[[85.7718082,20.0400209],[85.7724141,20.0398355],[85.7728954,20.0396716],[85.7729719,20.0396368],[85.7730133,20.0396048],[85.7730401,20.039561],[85.7730557,20.039496],[85.7730824,20.0393389],[85.7731742,20.0389486],[85.7733562,20.0383825],[85.7734546,20.0380764],[85.7735878,20.037804],[85.7737479,20.0375302],[85.7739009,20.0372856],[85.7740898,20.0369709],[85.7743084,20.0365087]]}},{"type":"Feature","properties":{"id":868555512,"highway":"residential"},"geometry":{"type":"LineString","coordinates":[[85.7731114,20.036004],[85.7739114,20.0358136]]}},{"type":"Feature","properties":{"id":868555513,"highway":"residential"},"geometry":{"type":"LineString","coordinates":[[85.7738329,20.033864],[85.7736719,20.0340461],[85.7736392,20.0340975],[85.77362,20.0341454],[85.7736104,20.0342031],[85.7735988,20.034297],[85.7735912,20.034353],[85.7735652,20.034408],[85.773514,20.0344715],[85.7726734,20.0354698]]}},{"type":"Feature","properties":{"id":868555514,"highway":"residential"},"geometry":{"type":"LineString","coordinates":[[85.7728152,20.0373445],[85.7729351,20.0377495],[85.7729902,20.0379194],[85.7730321,20.038015],[85.7730872,20.0381062],[85.7731279,20.0381624],[85.7731842,20.038231],[85.7733562,20.0383825]]}},{"type":"Feature","properties":{"id":868555516,"highway":"residential"},"geometry":{"type":"LineString","coordinates":[[85.7714257,20.0399743],[85.7717473,20.0398994]]}},{"type":"Feature","properties":{"id":868555517,"highway":"residential"},"geometry":{"type":"LineString","coordinates":[[85.771322,20.0399985],[85.7714257,20.0399743]]}},{"type":"Feature","properties":{"id":868555518,"highway":"residential"},"geometry":{"type":"LineString","coordinates":[[85.7686114,20.037315],[85.7687938,20.0374108],[85.7688957,20.0374915],[85.7690174,20.0376268],[85.7691371,20.0377838],[85.7691715,20.0378426],[85.7692224,20.0379596],[85.7692746,20.0381952],[85.7693008,20.0383818],[85.7693304,20.0385368],[85.7693652,20.0386603],[85.7694903,20.039089],[85.7695521,20.0392404],[85.7696963,20.0394883],[85.769819,20.0397087],[85.7699313,20.0398209],[85.7700268,20.0398797],[85.7702073,20.0399559],[85.770371,20.04003],[85.7705914,20.0401211],[85.7707014,20.04014],[85.7708214,20.0401283],[85.7709166,20.0400992],[85.771322,20.0399985]]}},{"type":"Feature","properties":{"id":868555519,"highway":"residential"},"geometry":{"type":"LineString","coordinates":[[85.7691715,20.0378426],[85.769596,20.0375398]]}},{"type":"Feature","properties":{"id":868555525,"highway":"residential"},"geometry":{"type":"LineString","coordinates":[[85.7685303,20.0460498],[85.7685405,20.0464284],[85.7685574,20.0466106],[85.7685819,20.0467573],[85.7686152,20.0468868],[85.7686474,20.0469649],[85.7686991,20.0470446],[85.7689294,20.0473219]]}},{"type":"Feature","properties":{"id":868555526,"highway":"residential"},"geometry":{"type":"LineString","coordinates":[[85.767427,20.0465781],[85.7685405,20.0464284]]}},{"type":"Feature","properties":{"id":868566628,"highway":"unclassified"},"geometry":{"type":"LineString","coordinates":[[85.7840802,20.0357239],[85.7827467,20.0360976],[85.7824833,20.0361714],[85.7822169,20.0362426],[85.7819694,20.0362897],[85.7817184,20.0363298],[85.7813388,20.0364426],[85.781243,20.0364555],[85.781185,20.0364504],[85.7811314,20.036437],[85.7810484,20.0364404],[85.7809484,20.0364605],[85.7807806,20.0365083],[85.780677,20.0365377],[85.7805357,20.0365576],[85.7801987,20.0365816],[85.7800264,20.0366017],[85.779765,20.0366463],[85.778306,20.0370085],[85.7779486,20.0370526],[85.777085,20.0370827],[85.7764423,20.0371078],[85.7763094,20.0371012],[85.7761485,20.0370932],[85.7759249,20.0370556],[85.7757399,20.0370094],[85.7743084,20.0365087],[85.7736598,20.0363432],[85.7733844,20.0362639],[85.773273,20.0362123],[85.7732007,20.0361489],[85.7731541,20.0360749],[85.7731114,20.036004],[85.7730259,20.0358617],[85.7728146,20.0355762],[85.7727368,20.0355034],[85.7726734,20.0354698],[85.7726136,20.0354615],[85.7725128,20.0354791],[85.7723887,20.0355193],[85.7722592,20.0355705],[85.7721244,20.0356065],[85.7719347,20.0356342],[85.7716904,20.03566],[85.7716177,20.0356813],[85.7715382,20.0357308],[85.7714005,20.0358828],[85.7713393,20.0359449],[85.7712892,20.0359832],[85.7712397,20.0360088],[85.7711842,20.0360331]]}},{"type":"Feature","properties":{"id":868566629,"highway":"unclassified"},"geometry":{"type":"LineString","coordinates":[[85.784484,20.0356355],[85.7840802,20.0357239]]}},{"type":"Feature","properties":{"id":868566630,"highway":"tertiary"},"geometry":{"type":"LineString","coordinates":[[85.7893456,20.0467784],[85.7891917,20.046854]]}},{"type":"Feature","properties":{"id":868566631,"highway":"tertiary"},"geometry":{"type":"LineString","coordinates":[[85.7891917,20.046854],[85.7891066,20.0468957],[85.7890417,20.0469276],[85.788451,20.0472039],[85.7876558,20.0475998],[85.7867048,20.048079],[85.7861013,20.0484082],[85.7859656,20.0484952],[85.7857826,20.0486503],[85.7856889,20.0487314],[85.7855336,20.0488179],[85.7850857,20.0490291],[85.7850387,20.0490604],[85.7849926,20.0491118],[85.7849609,20.0491655],[85.7849062,20.0492346],[85.7848507,20.0492876],[85.7847721,20.0493349],[85.7846772,20.0493887],[85.7843866,20.0495204],[85.7839721,20.0497043],[85.7838593,20.0497605],[85.7837259,20.0498472],[85.7835832,20.0499604],[85.783279,20.0502109],[85.7830337,20.0504477],[85.782955,20.0505087],[85.7828568,20.050573],[85.782685,20.0506878],[85.7825397,20.0507737],[85.7821645,20.0509535],[85.7819158,20.0510627],[85.7814543,20.0512281],[85.7813406,20.0512803],[85.7812193,20.0513627],[85.7811267,20.0514299],[85.7808843,20.0515796],[85.7804369,20.0518218],[85.7802238,20.0519409],[85.7800011,20.052049],[85.7797944,20.0521581],[85.779566,20.0522898],[85.7791182,20.0524139]]}},{"type":"Feature","properties":{"id":868566633,"highway":"tertiary"},"geometry":{"type":"LineString","coordinates":[[85.7911188,20.0413907],[85.7910277,20.0414482]]}},{"type":"Feature","properties":{"id":868566634,"highway":"tertiary"},"geometry":{"type":"LineString","coordinates":[[85.7910277,20.0414482],[85.790837,20.0415812],[85.7904681,20.0418689],[85.7903335,20.0419833],[85.7902152,20.0420465],[85.789641,20.042343],[85.7892802,20.0425729],[85.7891143,20.0427059],[85.7890667,20.0427582],[85.7890493,20.0428138],[85.7890528,20.0428737],[85.7890748,20.0429674],[85.7892048,20.0431996],[85.7893997,20.04352],[85.7896178,20.04386],[85.7897709,20.0440976],[85.7900261,20.0443983],[85.7902372,20.0446283],[85.7905667,20.0450512],[85.7910628,20.0456509],[85.7910967,20.0457036],[85.7911085,20.0457369],[85.7911162,20.0457942],[85.791112,20.045819],[85.7910891,20.0458509],[85.791053,20.0458828],[85.7909941,20.0459226],[85.7906781,20.046106],[85.7902648,20.0463245],[85.78988,20.0465292],[85.7893456,20.0467784]]}},{"type":"Feature","properties":{"id":868566635,"highway":"tertiary"},"geometry":{"type":"LineString","coordinates":[[85.7930477,20.040608],[85.7924095,20.0408156],[85.7919944,20.0409713],[85.7918504,20.0410267],[85.7915891,20.0411473],[85.7911188,20.0413907]]}},{"type":"Feature","properties":{"id":868566636,"highway":"tertiary"},"geometry":{"type":"LineString","coordinates":[[85.7931261,20.04058],[85.7930477,20.040608]]}},{"type":"Feature","properties":{"id":868566637,"highway":"tertiary"},"geometry":{"type":"LineString","coordinates":[[85.7942176,20.0400846],[85.7938635,20.0402776],[85.7933612,20.0404985],[85.7931261,20.04058]]}},{"type":"Feature","properties":{"id":868566638,"highway":"tertiary"},"geometry":{"type":"LineString","coordinates":[[85.7942841,20.0400419],[85.7942176,20.0400846]]}},{"type":"Feature","properties":{"id":868566639,"highway":"residential"},"geometry":{"type":"LineString","coordinates":[[85.7696963,20.0394883],[85.7707347,20.0392163]]}},{"type":"Feature","properties":{"id":868573016,"highway":"secondary"},"geometry":{"type":"LineString","coordinates":[[85.7777309,20.0256818],[85.7789377,20.0244721],[85.7794508,20.0239747]]}},{"type":"Feature","properties":{"id":868573017,"highway":"secondary"},"geometry":{"type":"LineString","coordinates":[[85.7776262,20.0257889],[85.7777309,20.0256818]]}},{"type":"Feature","properties":{"id":868573018,"highway":"secondary"},"geometry":{"type":"LineString","coordinates":[[85.7795884,20.0238292],[85.7799758,20.0234352],[85.7802753,20.0231436],[85.7805616,20.0228648],[85.7810864,20.0222861],[85.7817368,20.0215604],[85.7823657,20.0208433],[85.7832448,20.0198554],[85.7844313,20.0185123],[85.784868,20.0180672],[85.7853518,20.017624]]}},{"type":"Feature","properties":{"id":868573019,"highway":"secondary"},"geometry":{"type":"LineString","coordinates":[[85.7794508,20.0239747],[85.7795884,20.0238292]]}},{"type":"Feature","properties":{"id":868573020,"highway":"secondary"},"geometry":{"type":"LineString","coordinates":[[85.7853518,20.017624],[85.7854163,20.0175651]]}},{"type":"Feature","properties":{"id":868573021,"highway":"secondary"},"geometry":{"type":"LineString","coordinates":[[85.7854163,20.0175651],[85.7856284,20.0173941],[85.7863594,20.0168045],[85.787119,20.0162112],[85.7874806,20.0159252],[85.7876454,20.0157908],[85.7877238,20.0157139],[85.7877646,20.0156652],[85.7877944,20.0156179],[85.7878248,20.0155294],[85.7881108,20.0145589],[85.7890346,20.0114249],[85.7890841,20.0112569]]}},{"type":"Feature","properties":{"id":868573022,"highway":"secondary"},"geometry":{"type":"LineString","coordinates":[[85.7891192,20.0111408],[85.7891288,20.011108],[85.7893296,20.010424],[85.7894932,20.0099438],[85.7897568,20.0091312],[85.7902213,20.0075025],[85.7903609,20.0070595]]}},{"type":"Feature","properties":{"id":868573023,"highway":"secondary"},"geometry":{"type":"LineString","coordinates":[[85.7890841,20.0112569],[85.7891192,20.0111408]]}},{"type":"Feature","properties":{"id":868579487,"highway":"tertiary"},"geometry":{"type":"LineString","coordinates":[[85.7805616,20.0228648],[85.7809282,20.023127],[85.7809963,20.0231897],[85.7810985,20.0233085],[85.7812262,20.0233739],[85.7812993,20.023396],[85.7814039,20.0233975],[85.7818013,20.023364],[85.7826851,20.0233611],[85.7828313,20.0233552],[85.7830079,20.0233173],[85.7832078,20.0232416],[85.7835001,20.023087],[85.7836244,20.0230343],[85.7837728,20.023011],[85.7839476,20.0230022],[85.7841653,20.0230118],[85.7843813,20.0230736],[85.7846569,20.0231402],[85.7849091,20.0231988],[85.785116,20.0232241],[85.7853148,20.0232115],[85.7855222,20.0231885],[85.78578,20.0231382],[85.7860746,20.0230339],[85.7864686,20.0228724],[85.7867444,20.0227711],[85.7868591,20.022724],[85.786947,20.0227088],[85.7870589,20.0227115],[85.7874153,20.022775],[85.7876936,20.022832],[85.7879827,20.02293],[85.7882332,20.023062],[85.7883725,20.0231646],[85.7884309,20.023253],[85.7885773,20.0236343],[85.7886721,20.0238325],[85.7887187,20.0239328],[85.7887441,20.023998],[85.7887602,20.024068],[85.7887898,20.024169],[85.7888093,20.024231],[85.7888254,20.0242692],[85.7888617,20.0243058],[85.7889066,20.0243273],[85.7889743,20.0243312],[85.7890319,20.0243225],[85.789502,20.0241583],[85.7896731,20.024092],[85.7897746,20.0240599],[85.7898907,20.0240553],[85.7900899,20.0240599],[85.7902142,20.0240643],[85.7904834,20.0240737],[85.7907927,20.024092],[85.791136,20.0241104],[85.7912485,20.0241253],[85.7913768,20.0241518],[85.7916098,20.0242214],[85.7918897,20.0243104],[85.7925489,20.0245831],[85.7927644,20.0246733],[85.7929724,20.0247703],[85.7930997,20.0248455],[85.7933005,20.0250015],[85.7933713,20.0250525],[85.7934255,20.025082],[85.7934625,20.0250924],[85.793512,20.0250946],[85.7935624,20.0250864],[85.7935993,20.0250702],[85.7947422,20.0245309],[85.7947759,20.0245075]]}},{"type":"Feature","properties":{"id":868584101,"highway":"residential"},"geometry":{"type":"LineString","coordinates":[[85.7835001,20.023087],[85.7836412,20.0234606],[85.7837105,20.0237053],[85.7837969,20.0242905]]}},{"type":"Feature","properties":{"id":868584102,"highway":"residential"},"geometry":{"type":"LineString","coordinates":[[85.7802753,20.0231436],[85.7800469,20.0226827],[85.7799732,20.022598],[85.7799056,20.0225519],[85.7798418,20.0224705],[85.7796251,20.0219439]]}},{"type":"Feature","properties":{"id":868584103,"highway":"residential"},"geometry":{"type":"LineString","coordinates":[[85.7789377,20.0244721],[85.7788369,20.0236817],[85.7787958,20.0232471],[85.778785,20.0231331],[85.7787728,20.0229926],[85.7787484,20.0229051],[85.7787026,20.0228047],[85.7786339,20.0227044],[85.7785622,20.0226499],[85.7784462,20.0226226]]}},{"type":"Feature","properties":{"id":868584104,"highway":"residential"},"geometry":{"type":"LineString","coordinates":[[85.7788369,20.0236817],[85.778127,20.0236835],[85.7779332,20.0236835],[85.7777788,20.0236835],[85.7777148,20.0236989],[85.7776573,20.0237406],[85.7776031,20.0238208],[85.7775669,20.0238702],[85.7775078,20.0239072],[85.7774273,20.0239258],[85.7768147,20.0240631]]}},{"type":"Feature","properties":{"id":868584105,"highway":"residential"},"geometry":{"type":"LineString","coordinates":[[85.778127,20.0236835],[85.7781223,20.0235673],[85.7781286,20.023466],[85.7781466,20.0234193],[85.7781942,20.0233826],[85.7787958,20.0232471]]}},{"type":"Feature","properties":{"id":868584106,"highway":"residential"},"geometry":{"type":"LineString","coordinates":[[85.7777788,20.0236835],[85.777686,20.0231854]]}},{"type":"Feature","properties":{"id":868888522,"highway":"residential"},"geometry":{"type":"LineString","coordinates":[[85.7760936,20.0273333],[85.7753562,20.026653],[85.7752997,20.0265925],[85.7752461,20.0265048],[85.775192,20.0263619],[85.7750887,20.0260044],[85.7750617,20.0259075],[85.7750138,20.0258056],[85.7747385,20.025459],[85.7746394,20.0253516],[85.7745523,20.0252899],[85.7744628,20.0252688],[85.7737608,20.0252238],[85.773619,20.0251822],[85.7734506,20.0251272],[85.7732731,20.0250277],[85.7731705,20.0249159],[85.7730787,20.0246767],[85.7730317,20.0245118],[85.7729995,20.0244563],[85.7729351,20.0244513],[85.7712536,20.0246168],[85.7711752,20.0246201],[85.7711056,20.0246082],[85.7710539,20.0245834],[85.771018,20.0245487],[85.7709958,20.0244842],[85.7709711,20.024361],[85.7709448,20.0242708],[85.7709092,20.0242276],[85.7708422,20.024214],[85.7707593,20.0242226],[85.7706304,20.024251],[85.7704271,20.0242942],[85.7693026,20.0243909]]}},{"type":"Feature","properties":{"id":868888523,"highway":"residential"},"geometry":{"type":"LineString","coordinates":[[85.7709092,20.0242276],[85.7708844,20.0239489],[85.770882,20.0238524],[85.7709088,20.0238042],[85.7709394,20.0237801],[85.7711487,20.0237198],[85.7714591,20.0236507],[85.7717335,20.0236136],[85.7719684,20.0235894],[85.7722841,20.0235697],[85.7725269,20.0235557],[85.772657,20.0235411],[85.772756,20.023526],[85.7728093,20.0235228],[85.7728432,20.0235316],[85.7728635,20.0235602],[85.7728787,20.0236079],[85.7729137,20.0237608],[85.7729673,20.0240601],[85.7729995,20.0244563]]}},{"type":"Feature","properties":{"id":868888524,"highway":"residential"},"geometry":{"type":"LineString","coordinates":[[85.7693269,20.0238374],[85.7693015,20.0239724],[85.7692907,20.0240697],[85.7692926,20.024232],[85.7693026,20.0243909],[85.769428,20.0252595]]}},{"type":"Feature","properties":{"id":868888525,"highway":"residential"},"geometry":{"type":"LineString","coordinates":[[85.7672218,20.024972],[85.7673046,20.0249531],[85.7674152,20.0249423],[85.7674887,20.024919],[85.7675671,20.0248914],[85.7676122,20.0248545],[85.7676485,20.0248085],[85.7677382,20.0246745],[85.7678267,20.0245231],[85.7678638,20.024447],[85.7678788,20.0243644],[85.767891,20.0241949],[85.767909,20.0241056],[85.7679353,20.0240578],[85.7680042,20.0240362],[85.7681534,20.0240316],[85.7682698,20.0240208],[85.76836,20.0239885],[85.7684059,20.0239546],[85.7684321,20.023876],[85.7684545,20.0235642],[85.7684758,20.0235347],[85.7685162,20.0235416],[85.7688517,20.0236835],[85.7690469,20.0237479],[85.769163,20.0237876],[85.7693269,20.0238374],[85.7694415,20.023859],[85.7695966,20.0238847],[85.7697327,20.0238877],[85.769891,20.0238719],[85.7700356,20.0238372],[85.7701959,20.0237638],[85.7703162,20.0236954],[85.7704006,20.0236518],[85.7704977,20.023629],[85.7705811,20.023623],[85.7706402,20.023629],[85.7707119,20.0236627],[85.7707742,20.0237093],[85.7709088,20.0238042]]}},{"type":"Feature","properties":{"id":868888526,"highway":"residential"},"geometry":{"type":"LineString","coordinates":[[85.7732731,20.0250277],[85.7732285,20.0251047],[85.7731901,20.025164],[85.7731363,20.0252374],[85.77304,20.0253458],[85.7730002,20.0253629],[85.7717979,20.0255015],[85.7713794,20.0256225],[85.7697343,20.0261759]]}},{"type":"Feature","properties":{"id":868888528,"highway":"residential"},"geometry":{"type":"LineString","coordinates":[[85.7667248,20.0251534],[85.7671322,20.0250113]]}},{"type":"Feature","properties":{"id":868888529,"highway":"residential"},"geometry":{"type":"LineString","coordinates":[[85.7671322,20.0250113],[85.7672218,20.024972]]}},{"type":"Feature","properties":{"id":868888532,"highway":"residential"},"geometry":{"type":"LineString","coordinates":[[85.7696415,20.0227202],[85.7695423,20.0227361],[85.7694536,20.0227569],[85.7693808,20.0227876],[85.7693049,20.0228253],[85.7691899,20.0228996],[85.7691234,20.0229264],[85.7690464,20.0229482],[85.7688686,20.0229765],[85.7684473,20.0230235]]}},{"type":"Feature","properties":{"id":868897171,"highway":"residential"},"geometry":{"type":"LineString","coordinates":[[85.7814122,20.0110462],[85.7810473,20.0111499],[85.7809901,20.0111729],[85.7809527,20.0111974],[85.7809311,20.0112342],[85.7809197,20.0112758],[85.780918,20.0113388],[85.7809822,20.0115725],[85.7809953,20.0116221],[85.7809987,20.0116536],[85.780993,20.0116802],[85.7809799,20.0116994],[85.7809515,20.0117149],[85.7807247,20.0117686],[85.7796826,20.0121104]]}},{"type":"Feature","properties":{"id":868897175,"highway":"residential"},"geometry":{"type":"LineString","coordinates":[[85.778987,20.0002797],[85.7787592,20.0008819],[85.7786858,20.0011831],[85.7786735,20.0014775],[85.7787137,20.0019338],[85.7788168,20.0025283],[85.778983,20.0032392],[85.7790052,20.0033558],[85.7790119,20.0034519],[85.7789944,20.003524],[85.7789626,20.0035717],[85.7788844,20.0036379],[85.7785575,20.0038405],[85.7784181,20.0039033],[85.7782566,20.0039715],[85.7781278,20.004032],[85.7780808,20.0040666],[85.7780563,20.0041127],[85.778042,20.0041703],[85.7780512,20.0042164],[85.7780941,20.0043028],[85.7782505,20.0045199],[85.7784099,20.0047446],[85.7786111,20.0050732],[85.7788575,20.0055568],[85.7790625,20.0059434],[85.7793072,20.0063311],[85.7795348,20.0065972],[85.7797898,20.0068999],[85.7798825,20.0070697],[85.7800902,20.0075058],[85.7802862,20.0079194],[85.780371,20.0080603],[85.7804598,20.0081722],[85.78057,20.0082736],[85.7807378,20.0083878],[85.7808702,20.0084859],[85.7809583,20.0085865],[85.7810587,20.0087194],[85.7811668,20.0089227],[85.7812562,20.0091587],[85.7812974,20.0092953],[85.781307,20.0093649],[85.7813042,20.0094551],[85.7812658,20.009611],[85.7812245,20.0097885],[85.7812134,20.0099393],[85.7812261,20.0102094],[85.7812753,20.0105616],[85.7814122,20.0110462],[85.7814564,20.011172],[85.7814945,20.0112734],[85.7814993,20.011354],[85.7814905,20.0113998],[85.7814532,20.0115629],[85.7814414,20.0116656],[85.7814429,20.0117751],[85.7814562,20.0119346],[85.7814768,20.0120247],[85.7815167,20.0121065],[85.7815978,20.0121523],[85.7818,20.0122576],[85.7818812,20.0123353],[85.7819299,20.0124226],[85.7819638,20.0125086],[85.78198,20.012596],[85.7819609,20.0126709],[85.7818059,20.0129842],[85.7817616,20.0130688],[85.7817454,20.01317],[85.7817324,20.0136343],[85.7817497,20.0138182],[85.781858,20.0141209],[85.7819273,20.0142678],[85.7820096,20.0143848],[85.7821183,20.014527],[85.782267,20.0146842],[85.7824295,20.0148669],[85.7825767,20.014999],[85.7827011,20.0150739],[85.7828572,20.015137],[85.7830415,20.0151921],[85.783151,20.0151951],[85.783232,20.0151712],[85.7833829,20.0150727],[85.7835306,20.0149921],[85.7836894,20.0149235],[85.7837689,20.0149056],[85.7838642,20.0148921],[85.7840856,20.0149205]]}},{"type":"Feature","properties":{"id":868897176,"highway":"residential"},"geometry":{"type":"LineString","coordinates":[[85.7856284,20.0173941],[85.7852589,20.0169101],[85.785173,20.0167336],[85.7851345,20.0165779],[85.7851093,20.016418],[85.7850845,20.016144],[85.7850568,20.0159293],[85.7850266,20.0158681],[85.7849758,20.0158323],[85.784871,20.0158159],[85.7847122,20.0158159],[85.7845185,20.0157787],[85.7843501,20.0157197],[85.7842379,20.0156333],[85.7841281,20.0154981],[85.7840662,20.0153661],[85.7840392,20.0151314],[85.7840338,20.0150329],[85.7840506,20.0149763],[85.7840856,20.0149205],[85.7841479,20.0148561],[85.7843582,20.0146428],[85.7844931,20.0145405],[85.7845987,20.0144352],[85.7846883,20.0142706],[85.7847625,20.0140894],[85.7848406,20.013793],[85.7848735,20.0135413],[85.7849188,20.0133937],[85.7850298,20.013211],[85.7851978,20.012992],[85.7853477,20.0127828],[85.7854818,20.0126364],[85.7856067,20.0125643],[85.785868,20.0124461],[85.7862709,20.0122314],[85.7865414,20.0120841],[85.7867971,20.0119399],[85.7869474,20.0118099],[85.7873332,20.0113687],[85.7873595,20.0112872],[85.7873641,20.011208],[85.787349,20.0111177],[85.7872984,20.0110055],[85.7872409,20.0109262],[85.7871347,20.0108226],[85.7870559,20.0107242],[85.7869515,20.0105509],[85.7868556,20.0103507],[85.7866861,20.0100064],[85.7865869,20.0098047],[85.7860321,20.0087667]]}},{"type":"Feature","properties":{"id":868897177,"highway":"residential"},"geometry":{"type":"LineString","coordinates":[[85.7881108,20.0145589],[85.7879139,20.0146241],[85.7877809,20.0146778],[85.7876866,20.0147302],[85.7876165,20.014792],[85.7875722,20.0148618],[85.7875494,20.0149316],[85.787505,20.0151586],[85.7874822,20.0152432],[85.787445,20.0152997],[85.7873635,20.0153426],[85.7868478,20.0154908],[85.786568,20.015535],[85.7864454,20.0155469],[85.7862906,20.0155458],[85.7854237,20.0155447],[85.7853308,20.0155641],[85.7852712,20.01559],[85.7851921,20.0156417],[85.7850923,20.0157278],[85.7849758,20.0158323]]}},{"type":"Feature","properties":{"id":868897178,"highway":"residential"},"geometry":{"type":"LineString","coordinates":[[85.7866861,20.0100064],[85.786544,20.0100081],[85.7864796,20.010003],[85.7863945,20.0099798],[85.7863109,20.0099514],[85.7862231,20.0099167],[85.786156,20.0099231],[85.7860682,20.0099605],[85.7860024,20.0100017],[85.7859667,20.0100365],[85.7859503,20.010079],[85.7859462,20.0101434],[85.7859229,20.0101975],[85.7858721,20.0102426],[85.7858036,20.0102748],[85.7856747,20.0103058],[85.7854415,20.0103504],[85.7852733,20.0103947],[85.7849714,20.010512],[85.7846783,20.0106449],[85.784026,20.0108616],[85.783845,20.0109295],[85.7837118,20.0110041],[85.7835988,20.0110745],[85.7835415,20.0111052],[85.7834788,20.0111251],[85.7833094,20.0111691],[85.7832706,20.011174],[85.7832379,20.0111691],[85.7831965,20.0111492],[85.7831426,20.01114],[85.7830659,20.0111475],[85.7829547,20.0111848],[85.7827959,20.0112462],[85.7826715,20.0112876],[85.7825991,20.0112967],[85.7825488,20.0112967],[85.7824791,20.011286],[85.7824103,20.0112752],[85.7822973,20.011276],[85.7820838,20.0112959],[85.7819515,20.0113142],[85.7819082,20.0113224],[85.7818526,20.0113465],[85.7817759,20.0113747],[85.7816945,20.0113892],[85.7814905,20.0113998]]}},{"type":"Feature","properties":{"id":868897181,"highway":"residential"},"geometry":{"type":"LineString","coordinates":[[85.7810473,20.0111499],[85.7807466,20.0104139]]}},{"type":"Feature","properties":{"id":868897184,"highway":"residential"},"geometry":{"type":"LineString","coordinates":[[85.7868219,20.0136873],[85.7863876,20.0138303],[85.7861242,20.0139241],[85.7859541,20.0139603],[85.7858169,20.0139859],[85.7856397,20.0139966],[85.7854138,20.0140047],[85.7852723,20.0139885],[85.7851365,20.013959],[85.7850079,20.0139402],[85.7849507,20.0139415],[85.7848678,20.0139832],[85.7847625,20.0140894]]}},{"type":"Feature","properties":{"id":868897185,"highway":"residential"},"geometry":{"type":"LineString","coordinates":[[85.782267,20.0146842],[85.7830416,20.0143833]]}},{"type":"Feature","properties":{"id":868897186,"highway":"residential"},"geometry":{"type":"LineString","coordinates":[[85.781858,20.0141209],[85.7821471,20.0140972],[85.782303,20.0140842],[85.7824338,20.0140681],[85.7826,20.0140358]]}},{"type":"Feature","properties":{"id":868903815,"highway":"residential"},"geometry":{"type":"LineString","coordinates":[[85.7817324,20.0136343],[85.7815562,20.0136269],[85.7814513,20.0136083],[85.7813686,20.0135805],[85.7812958,20.0135724],[85.7812353,20.0135851],[85.7811427,20.0136315],[85.780986,20.0137359],[85.780907,20.0137776],[85.780812,20.0137857],[85.7805701,20.0137568]]}},{"type":"Feature","properties":{"id":868903816,"highway":"residential"},"geometry":{"type":"LineString","coordinates":[[85.7824295,20.0148669],[85.7825257,20.0158291]]}},{"type":"Feature","properties":{"id":868903818,"highway":"residential"},"geometry":{"type":"LineString","coordinates":[[85.7867988,20.0078951],[85.7876356,20.0076062],[85.7877039,20.0075674],[85.7877529,20.0075317],[85.7877743,20.007525],[85.7878128,20.0075245],[85.7878519,20.00754],[85.7878893,20.0075617],[85.7879474,20.007617],[85.787987,20.0076486],[85.7880652,20.0076719],[85.7885047,20.0075966],[85.7885819,20.0075975],[85.7886275,20.0076114],[85.7886572,20.0076356],[85.7886809,20.0076617],[85.7887096,20.00771],[85.7888858,20.0080644]]}},{"type":"Feature","properties":{"id":868903819,"highway":"residential"},"geometry":{"type":"LineString","coordinates":[[85.787859,20.0100583],[85.7884821,20.0097929],[85.7886369,20.0097126],[85.7887261,20.0096763],[85.7888227,20.0096504],[85.7888678,20.0096504],[85.7889027,20.0096668],[85.7889193,20.0096944],[85.7889533,20.0098448],[85.7889708,20.0099019],[85.7889947,20.0099442],[85.789038,20.0099667],[85.7890904,20.0099753],[85.7891962,20.0099693],[85.7894932,20.0099438]]}},{"type":"Feature","properties":{"id":868903820,"highway":"residential"},"geometry":{"type":"LineString","coordinates":[[85.7844313,20.0185123],[85.7848603,20.0191613]]}},{"type":"Feature","properties":{"id":868903822,"highway":"unclassified"},"geometry":{"type":"LineString","coordinates":[[85.7856284,20.0173941],[85.7857722,20.01775],[85.7859114,20.0181078],[85.7859408,20.0181608],[85.7859658,20.0181865],[85.7859973,20.0182113],[85.7860527,20.0182361],[85.7861411,20.0182479],[85.786244,20.0182696],[85.7863012,20.0182961],[85.786335,20.0183154],[85.7863891,20.0183646],[85.7864623,20.0184447],[85.7865422,20.0185416],[85.7865994,20.0186614],[85.7866538,20.0188596],[85.786691,20.0190924],[85.7867287,20.0192641],[85.7867875,20.0194278],[85.7868635,20.0195404],[85.786997,20.0197082],[85.7871423,20.0199327],[85.7872321,20.020132],[85.7872702,20.020245],[85.787284,20.0203233]]}},{"type":"Feature","properties":{"id":868903823,"highway":"residential"},"geometry":{"type":"LineString","coordinates":[[85.7865994,20.0186614],[85.7876206,20.0178388],[85.787709,20.0177743],[85.787779,20.0177427],[85.7878845,20.0177283],[85.7880024,20.0177292],[85.7880551,20.0177409],[85.788104,20.0177788],[85.7881539,20.01784],[85.7882277,20.01794],[85.788292,20.0179977],[85.7883409,20.0180283],[85.788384,20.0180328],[85.7884454,20.0180229],[85.7886081,20.01795],[85.7886503,20.017922],[85.7886999,20.0178753],[85.788743,20.0178403],[85.788796,20.0178217],[85.7890377,20.0177556],[85.7896023,20.0175891]]}},{"type":"Feature","properties":{"id":868903824,"highway":"unclassified"},"geometry":{"type":"LineString","coordinates":[[85.787284,20.0203233],[85.7872902,20.0204102]]}},{"type":"Feature","properties":{"id":868903825,"highway":"unclassified"},"geometry":{"type":"LineString","coordinates":[[85.7872902,20.0204102],[85.7873225,20.0204463],[85.7873683,20.0204832],[85.7874437,20.0205536],[85.7874992,20.0206122],[85.7875424,20.0206727],[85.7876487,20.0208729],[85.7880772,20.0214736],[85.7881901,20.0216293],[85.7882756,20.0217052],[85.7883282,20.0217464],[85.7884254,20.0218076],[85.7884741,20.0218284],[85.7885066,20.0218346],[85.7885509,20.0218318],[85.7886106,20.0218097],[85.7886955,20.0217674],[85.7887523,20.0217452],[85.7888062,20.0217396],[85.7888475,20.0217459],[85.7889073,20.0217674],[85.789029,20.0218395],[85.7892897,20.0219845],[85.7894174,20.022018],[85.7895887,20.0220627],[85.7897302,20.0221064],[85.7897985,20.0221473],[85.7899173,20.0222273],[85.7900104,20.022285],[85.7900797,20.0223175],[85.7901866,20.0223296],[85.7904377,20.0223234],[85.7905984,20.0223194],[85.7907271,20.0223231],[85.7908231,20.0223454],[85.7909004,20.0223743],[85.7910102,20.0224301],[85.7910657,20.0224552],[85.791133,20.0224729],[85.791327,20.0225305],[85.7914468,20.0225742],[85.791524,20.0225956],[85.7916329,20.0226077],[85.7921586,20.0226226],[85.7926171,20.0226248],[85.792703,20.022634],[85.79278,20.0226257],[85.7928647,20.022603],[85.792913,20.022598],[85.7929512,20.0226019],[85.7930016,20.0226266],[85.7930439,20.0226774],[85.793122,20.0228076],[85.7932084,20.0229381],[85.7932555,20.0229998],[85.7936631,20.023395],[85.7944895,20.0242408],[85.7947422,20.0245309],[85.7949942,20.0248231],[85.7952982,20.0251919],[85.7955491,20.025497],[85.7957586,20.0257784],[85.7959284,20.0260599],[85.7961217,20.0264717],[85.7964434,20.0273479],[85.7966987,20.0279552],[85.7968463,20.0283088],[85.7969792,20.0286071],[85.7971058,20.0288162],[85.7972929,20.0290275],[85.7973935,20.0291042],[85.7975024,20.029181],[85.7978197,20.0293678],[85.7981607,20.0295442],[85.7984897,20.0297248],[85.7991455,20.0300796],[85.7997232,20.030351],[85.8004773,20.0306457],[85.8014314,20.0309738],[85.8022625,20.031263],[85.8027348,20.031412],[85.8029254,20.0314888],[85.8030414,20.0315477],[85.8031906,20.03165],[85.8033764,20.0318068],[85.803477,20.0319103],[85.8035682,20.0320482],[85.8036293,20.0321738],[85.8036782,20.032275],[85.8038649,20.0326551],[85.8038985,20.0327222],[85.8041849,20.0333116],[85.8043448,20.0336575],[85.8044253,20.0338599],[85.8044667,20.0340112],[85.8044837,20.0341612],[85.8044738,20.0342369],[85.8044489,20.0343771],[85.8043758,20.034646],[85.804119,20.0355666],[85.8038318,20.0366113],[85.8035797,20.0374587],[85.8035004,20.0377724],[85.8034862,20.0378836],[85.8034815,20.0379787],[85.8035003,20.0382323]]}},{"type":"Feature","properties":{"id":868903828,"highway":"residential"},"geometry":{"type":"LineString","coordinates":[[85.7691234,20.0229264],[85.7691636,20.0226787],[85.7691859,20.022567],[85.7692268,20.0224623],[85.7692658,20.0223663],[85.7692825,20.0222808],[85.7692732,20.0221168],[85.769223,20.0217491],[85.7692214,20.0216663],[85.7692407,20.0215954],[85.7692936,20.0215502],[85.7695341,20.0214885],[85.769717,20.0214598],[85.76998,20.0214523]]}},{"type":"Feature","properties":{"id":868910620,"highway":"unclassified"},"geometry":{"type":"LineString","coordinates":[[85.7929775,20.0017088],[85.7928242,20.0015962],[85.7927301,20.0015281],[85.7926783,20.001507],[85.79263,20.0015005],[85.7925774,20.0014973],[85.7925109,20.0015005],[85.7924609,20.001494],[85.7924169,20.0014689],[85.7923504,20.0014105],[85.7922555,20.0012994],[85.7919652,20.0009018],[85.7918598,20.0007917],[85.7916324,20.0005922],[85.7911601,20.0001862],[85.7910457,20.0000683],[85.7909909,20.00005],[85.790936,20.0000717],[85.790776,20.0002148],[85.7906892,20.000309],[85.7905816,20.0004422],[85.7904973,20.0005559],[85.7904325,20.000642],[85.7903568,20.0007041],[85.7902517,20.0007684],[85.789951,20.0009602],[85.7898312,20.0010543],[85.789764,20.0011163],[85.789676,20.0011944],[85.7895721,20.0012932],[85.789507,20.0013647],[85.7894418,20.0014202],[85.7893372,20.0014878],[85.7892218,20.0015535],[85.7890351,20.0016403],[85.7888667,20.0017149],[85.78879,20.0017615],[85.7886936,20.0018419],[85.7885774,20.0019236],[85.7884902,20.001967],[85.7882059,20.0020771],[85.7878586,20.0022167]]}},{"type":"Feature","properties":{"id":868910621,"highway":"unclassified"},"geometry":{"type":"LineString","coordinates":[[85.7876226,20.0023607],[85.7874277,20.0024891],[85.7873001,20.0025461],[85.7865648,20.0027741],[85.7860845,20.0029475],[85.7858741,20.0030056],[85.7856059,20.0030459],[85.7845516,20.0030853],[85.7845272,20.0030765],[85.7845177,20.0030436],[85.784467,20.0026374],[85.7844418,20.0025975],[85.7844025,20.002565],[85.7843545,20.002551],[85.7842838,20.0025545],[85.7839715,20.0025944]]}},{"type":"Feature","properties":{"id":868910622,"highway":"unclassified"},"geometry":{"type":"LineString","coordinates":[[85.7878586,20.0022167],[85.7876226,20.0023607]]}},{"type":"Feature","properties":{"id":868912899,"highway":"unclassified"},"geometry":{"type":"LineString","coordinates":[[85.7838638,20.0017214],[85.783938,20.0017295]]}},{"type":"Feature","properties":{"id":868912900,"highway":"unclassified"},"geometry":{"type":"LineString","coordinates":[[85.783938,20.0017295],[85.7839624,20.0017319]]}},{"type":"Feature","properties":{"id":868939021,"highway":"residential"},"geometry":{"type":"LineString","coordinates":[[85.7684758,20.0235347],[85.7684861,20.0233311],[85.7684473,20.0230235],[85.7683634,20.022611],[85.7682612,20.0221078],[85.7681663,20.0215376]]}},{"type":"Feature","properties":{"id":868939424,"highway":"tertiary"},"geometry":{"type":"LineString","coordinates":[[85.7936401,20.0720897],[85.7935417,20.0719489]]}},{"type":"Feature","properties":{"id":868939425,"highway":"tertiary"},"geometry":{"type":"LineString","coordinates":[[85.7935417,20.0719489],[85.7935203,20.0719189],[85.7930695,20.0712978],[85.7929743,20.0711635],[85.7927217,20.0708008],[85.7924981,20.0704889],[85.7923335,20.0702596],[85.7920876,20.0699163],[85.7916064,20.0692452],[85.7912357,20.0687164],[85.7909466,20.0682927],[85.790547,20.0677504],[85.7903065,20.0674519],[85.7901639,20.0672937],[85.7899488,20.0670898],[85.7896621,20.0668126],[85.7893598,20.0665127],[85.7891176,20.0662714],[85.7890295,20.0661837],[85.7886421,20.0657866],[85.7884667,20.065614],[85.7880317,20.0651775],[85.7878669,20.0650129],[85.7876362,20.0647825],[85.7873825,20.0645275],[85.786602,20.0637253],[85.786198,20.0633308],[85.7861405,20.0632772],[85.7855939,20.0627258],[85.7851678,20.0622936],[85.7848659,20.0619848],[85.7846472,20.0617602],[85.7843273,20.0614308],[85.7839407,20.0610448],[85.7835557,20.0606469],[85.7831739,20.060257],[85.7829863,20.0599985],[85.7828503,20.0597744],[85.7826591,20.0594254],[85.7825412,20.0592033],[85.7822878,20.0587266],[85.7820103,20.0582613],[85.7817119,20.0577188],[85.780776,20.055993],[85.7807271,20.0558908],[85.7803572,20.0551175],[85.780148,20.0546559],[85.7797817,20.0538439],[85.7794951,20.0532382],[85.7791182,20.0524139],[85.7786829,20.0514665],[85.7783818,20.0508011],[85.7782469,20.0505504],[85.777728,20.0497045],[85.7774055,20.0492178],[85.777215,20.0489302],[85.7771021,20.0487646],[85.776517,20.0478526],[85.7759613,20.0469971],[85.7758077,20.0467666],[85.7755351,20.0463577],[85.7753026,20.0459811],[85.7751866,20.0457273],[85.7751057,20.0454879],[85.7748901,20.0448167],[85.7747124,20.0443003],[85.7746099,20.044093],[85.7744813,20.0439136],[85.7743394,20.0437635],[85.7742983,20.04372],[85.7739281,20.0433354],[85.7735637,20.0429453],[85.7733884,20.0427517],[85.7732457,20.0425381],[85.7731087,20.0423031],[85.7728847,20.0418744],[85.7728131,20.0417648],[85.7727053,20.0416682],[85.7725999,20.0415056],[85.7722585,20.0408647],[85.7719052,20.040211],[85.7718082,20.0400209],[85.7717473,20.0398994],[85.771676,20.0396989],[85.7716257,20.0394855],[85.7715879,20.0393411],[85.7715624,20.0392305],[85.7715326,20.0391002],[85.771462,20.0385708],[85.7713805,20.0378569],[85.7713397,20.0374388],[85.7712817,20.0370645],[85.7712083,20.0362758],[85.7711842,20.0360331],[85.7711795,20.0359855]]}},{"type":"Feature","properties":{"id":868946197,"highway":"residential"},"geometry":{"type":"LineString","coordinates":[[85.7846618,20.0035449],[85.7845142,20.003575],[85.7844459,20.0036027],[85.7843681,20.0036443],[85.7842635,20.0036758],[85.7839893,20.0037341]]}},{"type":"Feature","properties":{"id":868946357,"highway":"tertiary"},"geometry":{"type":"LineString","coordinates":[[85.7910304,20.0619492],[85.7909986,20.0619642],[85.7909004,20.0620104],[85.7907684,20.062059],[85.7901411,20.0621914],[85.7900496,20.0621938],[85.7899616,20.0621834],[85.7898189,20.0621665],[85.7896838,20.0621625],[85.7893975,20.0621826],[85.7891907,20.0621946],[85.7890375,20.0622219],[85.7884641,20.0623781],[85.7883839,20.0623921],[85.7882933,20.0623899],[85.7881762,20.0623902],[85.788042,20.0624264],[85.7878506,20.0624946],[85.7876643,20.0625749],[85.7875156,20.0626496],[85.7871882,20.0628639],[85.7870224,20.062953],[85.786837,20.0630397],[85.7866202,20.0631323],[85.7864106,20.0632258]]}},{"type":"Feature","properties":{"id":868946358,"highway":"tertiary"},"geometry":{"type":"LineString","coordinates":[[85.7911504,20.0618978],[85.7910304,20.0619492]]}},{"type":"Feature","properties":{"id":868946359,"highway":"tertiary"},"geometry":{"type":"LineString","coordinates":[[85.7988998,20.0593534],[85.7986658,20.0593986],[85.7983428,20.0594658],[85.7980372,20.0595147],[85.7978747,20.0595311],[85.7976775,20.059532],[85.7974475,20.0595215],[85.7973801,20.0595282],[85.7972666,20.059557],[85.7968292,20.0596924],[85.7966168,20.0597931],[85.7963942,20.0599121],[85.7960604,20.0601311],[85.7958224,20.0602946],[85.795723,20.0603558],[85.795633,20.0603891],[85.7951725,20.0605348],[85.7949239,20.0606115],[85.7948576,20.0606354],[85.794772,20.0606775],[85.7947097,20.0607266],[85.7946611,20.0607728],[85.7946162,20.0608361],[85.7946079,20.0608762],[85.7946209,20.0609462],[85.7946896,20.0611168],[85.7947323,20.0612191],[85.7947701,20.0613047],[85.7947772,20.061367],[85.7947547,20.0614048],[85.7947145,20.0614237],[85.7945026,20.0614748],[85.7943783,20.0615193],[85.7941901,20.0616294],[85.7940622,20.0617139],[85.7939758,20.0617484],[85.7934668,20.0618663],[85.7931732,20.0619463],[85.7930548,20.0619708],[85.792921,20.0619841],[85.792805,20.0619852],[85.792663,20.0619597],[85.7925138,20.0619285],[85.7924167,20.0619207],[85.7923445,20.0619196],[85.792238,20.0619419],[85.7921445,20.0619808],[85.7920154,20.0620642],[85.7919385,20.0620975],[85.7918544,20.062122],[85.7917148,20.0621431],[85.791437,20.0621572],[85.7913809,20.0621454],[85.7913123,20.062102],[85.7912578,20.0620464],[85.7912333,20.0619957],[85.7912101,20.0619523],[85.7911842,20.0619163],[85.7911504,20.0618978]]}},{"type":"Feature","properties":{"id":868946360,"highway":"tertiary"},"geometry":{"type":"LineString","coordinates":[[85.7990519,20.0593071],[85.7988998,20.0593534]]}},{"type":"Feature","properties":{"id":868951813,"highway":"residential"},"geometry":{"type":"LineString","coordinates":[[85.7902506,20.0638256],[85.7895415,20.0638804]]}},{"type":"Feature","properties":{"id":868951814,"highway":"residential"},"geometry":{"type":"LineString","coordinates":[[85.7902632,20.0642951],[85.7895847,20.0643489]]}},{"type":"Feature","properties":{"id":868951823,"highway":"residential"},"geometry":{"type":"LineString","coordinates":[[85.7922525,20.0572775],[85.7922657,20.0576243],[85.792282,20.0577419],[85.7924712,20.0582765],[85.7925096,20.0583806],[85.7925573,20.0584615],[85.7926527,20.0585872],[85.7927958,20.0588488],[85.7928496,20.0589239],[85.7929773,20.0590424],[85.7930819,20.0591291],[85.793185,20.0591812],[85.7933635,20.0592505],[85.793445,20.0592939],[85.7935342,20.0593762],[85.7936111,20.0594774],[85.7936881,20.059567],[85.7939434,20.0597924],[85.7941988,20.0599962],[85.7944506,20.0602469],[85.794772,20.0606775]]}},{"type":"Feature","properties":{"id":868960595,"highway":"residential"},"geometry":{"type":"LineString","coordinates":[[85.8026131,20.0627403],[85.802181,20.062849],[85.8019196,20.0629532],[85.8018444,20.0629813],[85.8017442,20.0630013],[85.8016145,20.0630053],[85.8014824,20.0630074],[85.8013369,20.0630262],[85.800957,20.0631211],[85.8008326,20.0631493],[85.8004783,20.063216],[85.7997564,20.0633621],[85.7987037,20.0635877],[85.7979303,20.0637797],[85.7978383,20.0637965],[85.7977319,20.063801],[85.7976184,20.0637819],[85.7974618,20.0637516],[85.7973172,20.0637136],[85.7972563,20.0636865],[85.7972088,20.0636497],[85.797183,20.0635992],[85.7971799,20.0635314],[85.7971748,20.0631485],[85.79717,20.0629621],[85.7971437,20.0628745],[85.7970923,20.062787],[85.7969787,20.0626691],[85.79683,20.0625803],[85.7967213,20.0625275],[85.7966064,20.0624631],[85.7965271,20.0623903],[85.796462,20.0622982],[85.7963916,20.0621744],[85.7963444,20.0620999],[85.7963025,20.0620672],[85.7961324,20.0619869],[85.796046,20.0619509],[85.7959809,20.0619149],[85.7959319,20.0618647],[85.7957846,20.0615535],[85.7957267,20.0614157],[85.7956907,20.0613384],[85.7956328,20.0613033],[85.7955801,20.0612997],[85.7953755,20.0613299],[85.7950655,20.0613553],[85.7947547,20.0614048]]}},{"type":"Feature","properties":{"id":868970659,"highway":"unclassified"},"geometry":{"type":"LineString","coordinates":[[85.7944446,20.0755106],[85.7945766,20.0754855],[85.7948368,20.0753961],[85.7949922,20.0753168],[85.7950971,20.075252],[85.7952252,20.0751499],[85.7953457,20.0750669],[85.7954797,20.0749994],[85.7956049,20.074951],[85.795837,20.0749109],[85.7960662,20.0748908],[85.7964614,20.074889],[85.7967712,20.0748917],[85.7969275,20.0748799],[85.7969843,20.0748676],[85.7972162,20.0747702],[85.7972483,20.0747453],[85.7972577,20.0747212],[85.7972587,20.0746537],[85.7972629,20.074467],[85.7972739,20.0743753],[85.7973151,20.0740479],[85.7973405,20.0736363],[85.7973332,20.0733816],[85.7973502,20.0730803],[85.7973707,20.0729291],[85.7973925,20.0728154],[85.7975245,20.0723924],[85.7976395,20.071999],[85.7977339,20.0715158],[85.7977542,20.071416],[85.7977648,20.0713638],[85.7978794,20.0708006],[85.7979397,20.0704822]]}},{"type":"Feature","properties":{"id":868970661,"highway":"unclassified"},"geometry":{"type":"LineString","coordinates":[[85.7979397,20.0704822],[85.7979581,20.0703851]]}},{"type":"Feature","properties":{"id":868970662,"highway":"unclassified"},"geometry":{"type":"LineString","coordinates":[[85.7979581,20.0703851],[85.7979644,20.0703518]]}},{"type":"Feature","properties":{"id":869002732,"highway":"tertiary"},"geometry":{"type":"LineString","coordinates":[[85.8023747,20.038521],[85.8023335,20.0384863],[85.8022449,20.0384675],[85.8020138,20.0384516],[85.8017895,20.0384479],[85.8012313,20.0384585],[85.8009323,20.0384981],[85.8007448,20.0385246],[85.8004879,20.0385531],[85.8001436,20.038592],[85.8000533,20.0386022],[85.7999705,20.0386214],[85.7995915,20.038767],[85.7990997,20.0389363],[85.798933,20.038992],[85.7988221,20.0390286],[85.7987137,20.0390811],[85.7986562,20.0391304],[85.7985825,20.0392147],[85.7984793,20.0393594],[85.79842,20.039454],[85.7983506,20.0395359],[85.7982643,20.039617],[85.7981475,20.0397048],[85.7975509,20.0401005],[85.7972286,20.0403029],[85.7969312,20.0404745],[85.7967207,20.0405957],[85.7966725,20.0406135],[85.7966216,20.0406167],[85.7965401,20.0405982],[85.7964423,20.0405638],[85.796206,20.0404579],[85.7960761,20.0404154],[85.7959732,20.0403893],[85.7959073,20.0403775],[85.7958251,20.0403786],[85.7957603,20.0403881],[85.7956903,20.0404066],[85.7955993,20.0404442],[85.7954574,20.0405123],[85.795272,20.0406013],[85.7951544,20.040618],[85.7950427,20.0406088],[85.7949613,20.040576],[85.7949039,20.0405173],[85.7948539,20.0404376],[85.7944655,20.0398692]]}},{"type":"Feature","properties":{"id":869014529,"highway":"residential"},"geometry":{"type":"LineString","coordinates":[[85.7910383,20.0362742],[85.7929353,20.0352749],[85.7933103,20.0350943],[85.7934397,20.0350222],[85.7934824,20.0349919],[85.7935014,20.0349589],[85.7934938,20.0349197],[85.7933676,20.0346905],[85.7933334,20.0345906],[85.7933325,20.0345478],[85.7933429,20.0345068],[85.7933657,20.0344863],[85.7938336,20.0342982],[85.7942892,20.0341733],[85.7943889,20.0341519],[85.7944914,20.0341457],[85.7946091,20.0341466],[85.7946992,20.0341448],[85.7949118,20.0341145],[85.7953541,20.0340672],[85.7955506,20.034069],[85.79579,20.0340652],[85.7959281,20.0340533],[85.796098,20.0340041],[85.7962758,20.033928],[85.7966171,20.0337744],[85.796679,20.0337371],[85.7967022,20.033711],[85.7967139,20.0336804],[85.7967129,20.0336524],[85.7967012,20.0336208],[85.796552,20.0333777],[85.7964837,20.033245],[85.796444,20.0331257],[85.7964139,20.0330108],[85.7963852,20.0328785],[85.7963729,20.032809],[85.7963784,20.0327652],[85.7964017,20.0327266],[85.7964496,20.0326918],[85.7967087,20.0325747],[85.7970983,20.0323807],[85.7972148,20.0322991],[85.7973423,20.0322103],[85.7974699,20.0321245],[85.7975358,20.0320873],[85.797571,20.0320595],[85.7975809,20.0320274],[85.7975688,20.0319841],[85.7973968,20.0315212],[85.7973836,20.0314718],[85.7973824,20.0314452],[85.7973921,20.0314148],[85.797396,20.0313812],[85.7973921,20.0313449],[85.7973728,20.0311402],[85.7973722,20.0310906],[85.7973819,20.0310629],[85.7974091,20.0310271],[85.7974511,20.0309984],[85.7976077,20.0309013],[85.7976503,20.0308736],[85.7976719,20.0308389],[85.7976838,20.030792],[85.7976804,20.0307627],[85.797665,20.0307195],[85.7976064,20.0306029],[85.7975816,20.0305238],[85.7975795,20.0304773],[85.797588,20.0304347],[85.7976149,20.0303968],[85.7976552,20.0303649],[85.7978865,20.0301881],[85.7979176,20.0301556],[85.7979346,20.030115],[85.7979382,20.0300659],[85.7979502,20.0300001],[85.7979757,20.0299489],[85.7980068,20.0298897],[85.7980812,20.0297621],[85.7981607,20.0295442],[85.7981754,20.0295143]]}},{"type":"Feature","properties":{"id":869014530,"highway":"residential"},"geometry":{"type":"LineString","coordinates":[[85.7942543,20.0392323],[85.7953072,20.0387296]]}},{"type":"Feature","properties":{"id":869014532,"highway":"residential"},"geometry":{"type":"LineString","coordinates":[[85.7975509,20.0401005],[85.79757,20.0401248]]}},{"type":"Feature","properties":{"id":869014533,"highway":"residential"},"geometry":{"type":"LineString","coordinates":[[85.79757,20.0401248],[85.7976008,20.0401642]]}},{"type":"Feature","properties":{"id":869014534,"highway":"residential"},"geometry":{"type":"LineString","coordinates":[[85.7976008,20.0401642],[85.7979151,20.0405657],[85.7979986,20.0407036],[85.7980442,20.0408132],[85.7980802,20.0409274],[85.7981116,20.0410638],[85.7981239,20.0411494],[85.7981163,20.0412127],[85.7980945,20.0412715],[85.7980537,20.0413099],[85.7979436,20.0413821],[85.7975174,20.0415863]]}},{"type":"Feature","properties":{"id":869014539,"highway":"residential"},"geometry":{"type":"LineString","coordinates":[[85.7981754,20.0295143],[85.7982074,20.0294491]]}},{"type":"Feature","properties":{"id":869014540,"highway":"residential"},"geometry":{"type":"LineString","coordinates":[[85.7982074,20.0294491],[85.7982857,20.0292717],[85.7983587,20.0289758],[85.7983962,20.0288205],[85.7984274,20.0287281],[85.7984633,20.0286823],[85.7984966,20.0286502],[85.7985667,20.0286125],[85.7988426,20.0284849]]}},{"type":"Feature","properties":{"id":869019792,"highway":"residential"},"geometry":{"type":"LineString","coordinates":[[85.7967139,20.0336804],[85.79678,20.0337236],[85.7968289,20.0337656],[85.7969112,20.03387],[85.7972691,20.0345046]]}},{"type":"Feature","properties":{"id":869718790,"highway":"residential"},"geometry":{"type":"LineString","coordinates":[[85.7004304,20.0934497],[85.7007073,20.0936637],[85.7007582,20.0937071],[85.7008259,20.0937679],[85.7009569,20.0939357],[85.7010385,20.0940616],[85.7012574,20.0945124],[85.7012881,20.0945969],[85.7013003,20.094664],[85.7013698,20.0950309],[85.7013852,20.0950931],[85.7014098,20.095151],[85.7015577,20.0954779],[85.7016558,20.0957606],[85.7016847,20.0958153],[85.7017595,20.0959149],[85.7017818,20.0959578],[85.7020064,20.0969854],[85.7020775,20.0974708]]}},{"type":"Feature","properties":{"id":869956491,"highway":"residential"},"geometry":{"type":"LineString","coordinates":[[85.7934255,20.025082],[85.7937063,20.0257504],[85.7937583,20.0259316],[85.7937906,20.0260583],[85.7938457,20.0261386],[85.7939046,20.02616],[85.7939615,20.0261565],[85.7941249,20.0260476],[85.7942236,20.0259959],[85.7943376,20.0259477],[85.7946377,20.0258174],[85.7947991,20.0257568],[85.7948732,20.0257336],[85.7949681,20.0257461],[85.7950118,20.0257871],[85.7953302,20.0262673],[85.7954305,20.0263827],[85.7955673,20.0265158],[85.7957278,20.0266668]]}},{"type":"Feature","properties":{"id":869956492,"highway":"residential"},"geometry":{"type":"LineString","coordinates":[[85.7938457,20.0261386],[85.7936914,20.0262521],[85.7936269,20.0263127],[85.7935796,20.0263967],[85.7935414,20.0264882],[85.7935007,20.0266216],[85.7934823,20.0267427],[85.7934862,20.0268614],[85.7935296,20.0270381]]}},{"type":"Feature","properties":{"id":869956493,"highway":"residential"},"geometry":{"type":"LineString","coordinates":[[85.7929724,20.0247703],[85.7929824,20.025108],[85.7929873,20.0252729],[85.7930008,20.0253739],[85.7930051,20.0254375],[85.793,20.025494],[85.7929797,20.0255425],[85.7929382,20.0255854],[85.7926411,20.0258309]]}},{"type":"Feature","properties":{"id":869956494,"highway":"residential"},"geometry":{"type":"LineString","coordinates":[[85.7937063,20.0257504],[85.7933737,20.025818],[85.7931791,20.0258341],[85.7930094,20.0258402],[85.7926411,20.0258309],[85.7921658,20.0258188],[85.7905769,20.0258077],[85.790476,20.0258084],[85.7903858,20.0258195],[85.790325,20.0258527],[85.7902956,20.0258904],[85.7902446,20.0259365],[85.7901769,20.0259752],[85.7897946,20.0261281],[85.7891122,20.026351]]}},{"type":"Feature","properties":{"id":869956495,"highway":"residential"},"geometry":{"type":"LineString","coordinates":[[85.7907927,20.024092],[85.7908053,20.0245661]]}},{"type":"Feature","properties":{"id":869956498,"highway":"residential"},"geometry":{"type":"LineString","coordinates":[[85.7953302,20.0262673],[85.7946898,20.0264649],[85.7946335,20.0265074],[85.794603,20.0265625],[85.7945969,20.0266233],[85.7946629,20.0268139]]}},{"type":"Feature","properties":{"id":869956499,"highway":"residential"},"geometry":{"type":"LineString","coordinates":[[85.7904377,20.0223234],[85.7904291,20.0221527],[85.7904376,20.0221154],[85.790473,20.0220689],[85.7905395,20.0220476],[85.7906839,20.022025],[85.7907986,20.0219957],[85.7908411,20.0219651],[85.7908878,20.0219119],[85.7909076,20.0218654],[85.7909246,20.0215302]]}},{"type":"Feature","properties":{"id":869957676,"highway":"residential"},"geometry":{"type":"LineString","coordinates":[[85.7961934,20.0242341],[85.7962111,20.0243487],[85.7962558,20.024468],[85.7964405,20.0248639],[85.7965105,20.0250042],[85.7966232,20.02523],[85.7966902,20.0253729],[85.7967208,20.0254562],[85.7967265,20.025518],[85.7967095,20.0255831],[85.79668,20.0256375],[85.7966277,20.0256823],[85.7964279,20.0258104]]}},{"type":"Feature","properties":{"id":869957677,"highway":"residential"},"geometry":{"type":"LineString","coordinates":[[85.7974234,20.0276045],[85.7972442,20.0273371],[85.7972159,20.027276],[85.797213,20.0272108],[85.7972286,20.0271629],[85.7972343,20.027111],[85.7972159,20.0270405],[85.7970616,20.0267586]]}},{"type":"Feature","properties":{"id":869957678,"highway":"residential"},"geometry":{"type":"LineString","coordinates":[[85.798022,20.0272961],[85.798393,20.0279718]]}},{"type":"Feature","properties":{"id":869960428,"highway":"residential"},"geometry":{"type":"LineString","coordinates":[[85.7904264,20.0068517],[85.790636,20.0069558],[85.790735,20.0070016],[85.7908021,20.0070217],[85.7908767,20.0070174],[85.7909316,20.0069758],[85.7912291,20.0066714],[85.7912866,20.0066226],[85.7913303,20.0066021],[85.791381,20.0065929],[85.7914398,20.0065988],[85.7917302,20.0066381],[85.7918287,20.0066455],[85.7919426,20.0066372],[85.7921763,20.0065855],[85.7922912,20.0065669],[85.792439,20.0065611],[85.7925576,20.0065692],[85.7930196,20.0066392],[85.7932774,20.0066472],[85.7941317,20.0066679],[85.7944629,20.0066553],[85.7946756,20.0066484],[85.7948002,20.0066645],[85.794975,20.0066897],[85.7950557,20.0066943],[85.7951971,20.0067027],[85.7953691,20.0066829],[85.7954584,20.0066598],[85.7955194,20.0066624],[85.7955896,20.0066855],[85.7957711,20.0067851],[85.7958252,20.0068229],[85.7960839,20.0070085],[85.7963691,20.0072456],[85.7964566,20.0073441],[85.7964799,20.0073803],[85.7964787,20.0074242],[85.79639,20.0076315],[85.7963343,20.0076932],[85.7962199,20.00775],[85.7959362,20.0078594],[85.7956219,20.0079802]]}},{"type":"Feature","properties":{"id":869960431,"highway":"residential"},"geometry":{"type":"LineString","coordinates":[[85.7996505,20.0128659],[85.7994559,20.0123833],[85.7993843,20.0121798],[85.7993414,20.0119973],[85.7992065,20.0114288]]}},{"type":"Feature","properties":{"id":869960439,"highway":"tertiary"},"geometry":{"type":"LineString","coordinates":[[85.7997824,20.0180693],[85.7998984,20.0179416]]}},{"type":"Feature","properties":{"id":869960441,"highway":"tertiary"},"geometry":{"type":"LineString","coordinates":[[85.7947759,20.0245075],[85.794856,20.0244517]]}},{"type":"Feature","properties":{"id":869960442,"highway":"tertiary"},"geometry":{"type":"LineString","coordinates":[[85.794856,20.0244517],[85.7949484,20.0243898],[85.7950244,20.0243458],[85.7951191,20.0242933],[85.7952129,20.024246],[85.7952727,20.024219],[85.7953155,20.0242151],[85.7953507,20.0242201],[85.7954011,20.0242366],[85.7954865,20.0242708],[85.7955752,20.0242876],[85.7956828,20.0242886],[85.7959402,20.0242926],[85.7960631,20.0242858],[85.7961537,20.0242628],[85.7961934,20.0242341],[85.7962264,20.0241984],[85.7962645,20.0241419],[85.7962865,20.0240918],[85.7962967,20.0240465],[85.7962916,20.0238707],[85.7962721,20.0234757],[85.7962036,20.0230474],[85.7961303,20.0228465],[85.7960117,20.022595],[85.7959567,20.022448],[85.7958981,20.0222195],[85.795749,20.0218245],[85.7955793,20.0214844],[85.7955135,20.0212768],[85.7954938,20.0211606],[85.7954951,20.0210864],[85.7955098,20.0210301],[85.7955911,20.020927],[85.7959318,20.020691],[85.7963079,20.0203957],[85.7963961,20.0203264],[85.7968643,20.0199878],[85.7971248,20.0198333],[85.7974257,20.0196507],[85.7975221,20.0195973],[85.7976224,20.0195507],[85.7976899,20.0195329],[85.7978408,20.019516],[85.7980919,20.0194902],[85.7982428,20.0194684],[85.7983515,20.0194407],[85.7984622,20.0193891],[85.7986427,20.0192513],[85.7989047,20.0190336],[85.7991439,20.0188008],[85.7994483,20.0184497],[85.7997308,20.018128],[85.7997824,20.0180693]]}},{"type":"Feature","properties":{"id":869963319,"highway":"residential"},"geometry":{"type":"LineString","coordinates":[[85.7965105,20.0250042],[85.7975276,20.0246487]]}},{"type":"Feature","properties":{"id":869964696,"highway":"secondary"},"geometry":{"type":"LineString","coordinates":[[85.7903609,20.0070595],[85.7904068,20.0069139]]}},{"type":"Feature","properties":{"id":869970593,"highway":"residential"},"geometry":{"type":"LineString","coordinates":[[85.7951047,19.9988901],[85.795219,19.9990459],[85.7952459,19.999093],[85.7952645,19.9991514],[85.7952765,19.9992038],[85.7953053,19.9992562],[85.7953443,19.999305],[85.7956257,19.9995851],[85.7961397,20.0001999],[85.7962877,20.0004375],[85.7963657,20.000588],[85.7963873,20.0006775],[85.7963743,20.0007453],[85.796331,20.0007968],[85.7962964,20.0008389],[85.7962892,20.0008863],[85.7963094,20.000923],[85.7964956,20.0011494]]}},{"type":"Feature","properties":{"id":869970594,"highway":"residential"},"geometry":{"type":"LineString","coordinates":[[85.7961397,20.0001999],[85.7970357,20.0000428]]}},{"type":"Feature","properties":{"id":869988632,"highway":"tertiary"},"geometry":{"type":"LineString","coordinates":[[85.6992145,20.0834683],[85.7009021,20.0846298],[85.7009765,20.0847063],[85.7010225,20.0848326],[85.7010826,20.0855074],[85.7013027,20.0864792],[85.7013343,20.0865572],[85.7013798,20.0866177],[85.701479,20.0867073],[85.7022293,20.0872292],[85.7030398,20.0879239],[85.7030629,20.087971],[85.7030706,20.0880209],[85.7030681,20.0880635],[85.7030545,20.0880997],[85.7024134,20.089516],[85.702155,20.0904101],[85.7021462,20.0904718],[85.7021408,20.0905098],[85.7021479,20.0905796],[85.7021578,20.090615],[85.702895,20.0917476],[85.7032186,20.0922079],[85.7046136,20.094221],[85.7054167,20.0953973],[85.7060861,20.0963924],[85.7067578,20.0973422],[85.7078672,20.0990448],[85.7085445,20.10005],[85.7091339,20.1008698],[85.7098792,20.1019633],[85.7104966,20.1028663],[85.7106928,20.1031224],[85.7111719,20.1038376],[85.711651,20.1045357],[85.7118398,20.104772],[85.7120919,20.1050742],[85.7123004,20.1052764],[85.712494,20.1054268],[85.7127303,20.105583],[85.7130205,20.1057393],[85.7133472,20.105865],[85.7137442,20.1059809],[85.7140393,20.1060392],[85.7177166,20.1066169],[85.7181333,20.1066791],[85.718721,20.1068081],[85.7189843,20.1068813],[85.7192087,20.1069711],[85.7199876,20.1074023],[85.7214762,20.1083314],[85.7214943,20.1083442],[85.7215069,20.10836],[85.7215089,20.1083788],[85.7215037,20.1083974]]}},{"type":"Feature","properties":{"id":870284659,"highway":"residential"},"geometry":{"type":"LineString","coordinates":[[85.7845272,20.0030765],[85.7846618,20.0035449],[85.7848129,20.0040397]]}},{"type":"Feature","properties":{"id":870284660,"highway":"residential"},"geometry":{"type":"LineString","coordinates":[[85.7968854,20.0093486],[85.796312,20.0084806],[85.7960666,20.0080963],[85.7959362,20.0078594]]}},{"type":"Feature","properties":{"id":870704260,"highway":"unclassified"},"geometry":{"type":"LineString","coordinates":[[85.7278275,20.0865551],[85.7278512,20.0866651],[85.7278677,20.0867838],[85.7278701,20.0869291],[85.7277792,20.0874517],[85.727774,20.0875668],[85.7277819,20.0876155],[85.727805,20.0876901],[85.7279812,20.0881663],[85.7281855,20.0887187],[85.728311,20.088965],[85.7283418,20.0890411],[85.7284659,20.0895427],[85.7284633,20.0896209],[85.7284507,20.0897012],[85.7284197,20.0897558],[85.728381,20.0898003],[85.7281564,20.0899809],[85.7278803,20.0902422],[85.7275243,20.0906223],[85.7274685,20.0906729],[85.7273811,20.0907255],[85.7273578,20.0907483],[85.7273484,20.0907856],[85.7273505,20.0908404],[85.7273912,20.0910202],[85.7274047,20.0913105],[85.727402,20.0913716],[85.7273553,20.0918107],[85.7273413,20.0919313],[85.727353,20.091984],[85.727388,20.0920169],[85.7274907,20.0920497],[85.7280628,20.092109],[85.7281063,20.0921192],[85.728136,20.0921395],[85.7281378,20.0921702],[85.727918,20.0927668],[85.7278667,20.0929532],[85.7278387,20.0931265],[85.727785,20.0936549],[85.7277943,20.0937339],[85.7278387,20.0938128],[85.727918,20.0938852],[85.7280623,20.0939579],[85.7281725,20.0939776],[85.7286128,20.094052],[85.7286758,20.0940699],[85.7288629,20.0941341],[85.7289367,20.0941518],[85.7292499,20.0942183],[85.7292977,20.0942499],[85.7293331,20.094303],[85.7295809,20.0948598]]}},{"type":"Feature","properties":{"id":870704261,"highway":"unclassified"},"geometry":{"type":"LineString","coordinates":[[85.7295809,20.0948598],[85.7296574,20.0950392]]}},{"type":"Feature","properties":{"id":870713719,"highway":"residential"},"geometry":{"type":"LineString","coordinates":[[85.7298052,20.0862526],[85.7296507,20.0868765],[85.729479,20.0876549],[85.7292832,20.0888136],[85.7292144,20.0892833],[85.7292144,20.0893359],[85.7292284,20.0893995],[85.7292705,20.0896057],[85.7292961,20.0898206],[85.7292938,20.0899171],[85.7292728,20.0900421],[85.7292004,20.0903162],[85.7291537,20.0904061],[85.7290767,20.0904982],[85.7289973,20.0906254],[85.7289599,20.0906955],[85.7289249,20.0907833],[85.7289062,20.0908995],[85.7287661,20.0916911],[85.728747,20.0917436],[85.7287272,20.0917797],[85.7286907,20.0918337],[85.7286698,20.0918732],[85.7284108,20.0932726],[85.7283813,20.0934309],[85.7283883,20.0935055],[85.7284233,20.0935735],[85.7285284,20.0936656],[85.7286451,20.0937862],[85.7286778,20.0938607],[85.7286941,20.0939463],[85.7286758,20.0940699]]}},{"type":"Feature","properties":{"id":870770910,"highway":"residential"},"geometry":{"type":"LineString","coordinates":[[85.7492333,20.0729505],[85.7491494,20.072739],[85.7491064,20.0725526],[85.7491019,20.072442],[85.7491132,20.0724191],[85.749148,20.0724067],[85.7494915,20.0723561]]}},{"type":"Feature","properties":{"id":870770911,"highway":"residential"},"geometry":{"type":"LineString","coordinates":[[85.7493988,20.0719268],[85.7487248,20.0720576],[85.7486821,20.0720844],[85.7486658,20.0721245],[85.7486618,20.072176],[85.7485561,20.0729187],[85.748554,20.0729951],[85.7485914,20.0732832]]}},{"type":"Feature","properties":{"id":870770912,"highway":"residential"},"geometry":{"type":"LineString","coordinates":[[85.7493654,20.0690992],[85.7491583,20.0698257],[85.7491037,20.0700851],[85.7490881,20.0703416],[85.7491344,20.0708046],[85.7493407,20.0716576],[85.7493988,20.0719268],[85.7494915,20.0723561],[85.7495025,20.0724071],[85.7495693,20.0728344],[85.7495658,20.0728675],[85.7495324,20.0728952],[85.7493293,20.0729241],[85.7492823,20.0729334],[85.7492333,20.0729505],[85.7492094,20.0729884],[85.7491806,20.0731906],[85.7491609,20.0732336],[85.7491189,20.0732767],[85.7490655,20.0733091],[85.7489911,20.0733354],[85.7489154,20.0733442],[85.7488489,20.0733386],[85.7485914,20.0732832],[85.7480732,20.0732227],[85.7480247,20.0731894],[85.7479948,20.0731459],[85.7479155,20.0728247],[85.7478765,20.0727902],[85.7478178,20.0727766],[85.7473635,20.0727599],[85.7473117,20.0727435],[85.7472666,20.072721],[85.7471213,20.0725625],[85.7470939,20.072508],[85.7469566,20.0720735],[85.7469269,20.0720373],[85.7468587,20.0719983],[85.7460755,20.0716859],[85.7456622,20.0714854],[85.745566,20.0714414],[85.7453705,20.0713769],[85.7444284,20.0710662]]}},{"type":"Feature","properties":{"id":870770913,"highway":"residential"},"geometry":{"type":"LineString","coordinates":[[85.7460755,20.0716859],[85.7460609,20.0720953],[85.7460689,20.0722112],[85.7461977,20.0728511],[85.746254,20.0730123],[85.7464925,20.0738553],[85.7465064,20.0739256],[85.7465458,20.0744017]]}},{"type":"Feature","properties":{"id":870770916,"highway":"residential"},"geometry":{"type":"LineString","coordinates":[[85.742873,20.0793072],[85.742985,20.0791838],[85.7430531,20.0791229],[85.7438682,20.0786113],[85.7439308,20.0785767],[85.7441189,20.0784967],[85.7447774,20.0782411],[85.7449571,20.0781932],[85.7454627,20.0781315],[85.7462366,20.0781274],[85.7463416,20.0781379],[85.7464993,20.0781756],[85.7465741,20.0781833],[85.7473757,20.0781761],[85.7474845,20.0781997],[85.7475803,20.0782341],[85.7476852,20.0782952],[85.7480014,20.0785434],[85.7481945,20.0787349],[85.7482657,20.0788252],[85.7483001,20.0788878],[85.7485555,20.0793531],[85.7485646,20.0793698],[85.7487524,20.0796872],[85.74879,20.0797225],[85.7488407,20.0797433],[85.7493747,20.079793],[85.7494521,20.0798177],[85.7495235,20.0798558],[85.7496042,20.0799303],[85.7496483,20.0800047],[85.7497234,20.0802818],[85.7497234,20.0803775],[85.7497098,20.0804248],[85.7495621,20.0808501],[85.7495356,20.0809066],[85.7492195,20.0813851],[85.7491895,20.0814645],[85.7491821,20.0815325],[85.7492728,20.0818639],[85.7492816,20.0819362],[85.7492783,20.0824381],[85.74929,20.082495],[85.7493908,20.0827054],[85.7494161,20.0827242],[85.7494571,20.0827293],[85.7502039,20.0826318],[85.7502576,20.0826142],[85.7502833,20.0825792],[85.7502891,20.08253],[85.7503136,20.0822414],[85.7503826,20.081967],[85.7504321,20.0817974],[85.7504551,20.0817442],[85.7504793,20.0817205],[85.7505163,20.0817068],[85.7506385,20.0816858]]}},{"type":"Feature","properties":{"id":870772689,"highway":"residential"},"geometry":{"type":"LineString","coordinates":[[85.7461026,20.0766873],[85.746124,20.0771937],[85.7461374,20.0772416],[85.7461669,20.0773197],[85.7462179,20.0774456],[85.7462286,20.0775162],[85.7462367,20.0775993],[85.7462366,20.0777533],[85.7462366,20.0781274]]}},{"type":"Feature","properties":{"id":870772690,"highway":"residential"},"geometry":{"type":"LineString","coordinates":[[85.7462366,20.0777533],[85.7473199,20.0776853]]}},{"type":"Feature","properties":{"id":870772691,"highway":"residential"},"geometry":{"type":"LineString","coordinates":[[85.7471214,20.076341],[85.7471985,20.0765318],[85.7472405,20.0766151],[85.7473152,20.0767204],[85.7473456,20.0767993],[85.7473502,20.0768585],[85.7473012,20.077273],[85.7472895,20.077341],[85.7472849,20.07742],[85.7473199,20.0776853],[85.7473757,20.0781761]]}},{"type":"Feature","properties":{"id":870772692,"highway":"residential"},"geometry":{"type":"LineString","coordinates":[[85.7409579,20.0780024],[85.7422507,20.0780108],[85.7437971,20.0777622],[85.7444078,20.0776952],[85.7444722,20.0777103],[85.7445124,20.0777531],[85.7447774,20.0782411]]}},{"type":"Feature","properties":{"id":870772693,"highway":"residential"},"geometry":{"type":"LineString","coordinates":[[85.7490655,20.0733091],[85.7490815,20.0736552],[85.7491025,20.0737057],[85.7491446,20.0737495],[85.749224,20.0738592],[85.7492543,20.073925],[85.749259,20.0739886],[85.7492473,20.0747825],[85.7492543,20.0749316],[85.7492823,20.074993],[85.749322,20.0750194],[85.7493781,20.0750325],[85.7495462,20.0750479],[85.7496186,20.0750786],[85.7496583,20.0751334],[85.749698,20.0752365],[85.7497447,20.0760764],[85.7497587,20.0762212],[85.7497774,20.0763089],[85.7498241,20.0764186],[85.7498778,20.0765567],[85.7498941,20.0766532],[85.7499239,20.0770134],[85.7499141,20.077106],[85.7498739,20.0772143],[85.7498149,20.0772823],[85.7497317,20.0773176],[85.7493857,20.0773705],[85.749324,20.0774033],[85.7492784,20.0774537],[85.7491497,20.0776653],[85.7491336,20.0777211],[85.7491148,20.0778618],[85.7490183,20.0784613],[85.748978,20.0785797],[85.7489351,20.0787007],[85.7489137,20.0787584],[85.748827,20.0789926],[85.7488087,20.0790709],[85.7487965,20.0791702],[85.7487823,20.0792389],[85.7487518,20.079279],[85.7487091,20.0793038],[85.7485555,20.0793531]]}},{"type":"Feature","properties":{"id":870781473,"highway":"residential"},"geometry":{"type":"LineString","coordinates":[[85.7515034,20.0814456],[85.7507063,20.081449]]}},{"type":"Feature","properties":{"id":870781474,"highway":"residential"},"geometry":{"type":"LineString","coordinates":[[85.7651051,20.0831173],[85.7651099,20.0837456],[85.7651101,20.0837711],[85.7651101,20.0838654],[85.7651521,20.0840518],[85.7652712,20.0844071],[85.7652782,20.0844641],[85.7652806,20.0845431],[85.7652572,20.0848391],[85.7652619,20.084929],[85.7652778,20.0850778],[85.7653063,20.0853435],[85.7653389,20.0854444],[85.7654033,20.0856183],[85.7654712,20.0858018]]}},{"type":"Feature","properties":{"id":870781475,"highway":"residential"},"geometry":{"type":"LineString","coordinates":[[85.7660396,20.0850513],[85.7652778,20.0850778]]}},{"type":"Feature","properties":{"id":870781476,"highway":"residential"},"geometry":{"type":"LineString","coordinates":[[85.7643541,20.0837807],[85.7651099,20.0837456]]}},{"type":"Feature","properties":{"id":870781477,"highway":"residential"},"geometry":{"type":"LineString","coordinates":[[85.766054,20.0840044],[85.7655647,20.0840075],[85.7654209,20.0840193],[85.7651521,20.0840518]]}},{"type":"Feature","properties":{"id":870781480,"highway":"residential"},"geometry":{"type":"LineString","coordinates":[[85.7468287,20.0913144],[85.7472809,20.091333],[85.7473605,20.0913214],[85.7474826,20.0912798],[85.7476897,20.0912333],[85.7479799,20.0911785],[85.748056,20.0911502],[85.7481073,20.0911153],[85.7481586,20.0910804],[85.7482046,20.0910605],[85.7482737,20.0910505]]}},{"type":"Feature","properties":{"id":870781481,"highway":"residential"},"geometry":{"type":"LineString","coordinates":[[85.7482737,20.0910505],[85.7485462,20.0910339]]}},{"type":"Feature","properties":{"id":870781482,"highway":"residential"},"geometry":{"type":"LineString","coordinates":[[85.7485462,20.0910339],[85.74864,20.0910438],[85.7488364,20.0910621],[85.7489036,20.0910605],[85.7492947,20.0910139],[85.7494858,20.0909873],[85.7495991,20.0909574],[85.7499654,20.0908494],[85.7501176,20.0908361],[85.7501601,20.0908394],[85.7501954,20.0908677],[85.7502238,20.0909059],[85.7502521,20.0909757],[85.7503064,20.0911503],[85.7505458,20.0919197],[85.750765,20.0930922],[85.7507854,20.0933342],[85.7507666,20.0934075],[85.7507216,20.093473],[85.7505863,20.0935849],[85.7505283,20.0936167],[85.7498709,20.0935952],[85.7497556,20.093596],[85.749659,20.093611],[85.7490663,20.0937214],[85.7487275,20.0938125]]}},{"type":"Feature","properties":{"id":870781483,"highway":"residential"},"geometry":{"type":"LineString","coordinates":[[85.7476719,20.0918193],[85.7476897,20.0912333]]}},{"type":"Feature","properties":{"id":870783003,"highway":"residential"},"geometry":{"type":"LineString","coordinates":[[85.7477698,20.0804973],[85.7479039,20.0800601],[85.7479486,20.0799703],[85.7481072,20.0794491],[85.7481478,20.0792067],[85.7481824,20.079115],[85.7482759,20.0789203],[85.7483001,20.0788878],[85.7483511,20.0788286],[85.7483979,20.0787962],[85.7484528,20.0787695],[85.7485158,20.0787599],[85.7489137,20.0787584]]}},{"type":"Feature","properties":{"id":870793819,"highway":"residential"},"geometry":{"type":"LineString","coordinates":[[85.7639457,20.0692498],[85.7639605,20.068518],[85.7639283,20.0681653],[85.7638317,20.0678177],[85.7635522,20.0672138],[85.7631428,20.0662587],[85.7622943,20.0642507],[85.7618825,20.0633968],[85.7618392,20.063321],[85.7617423,20.0631529],[85.7616475,20.0630145],[85.7615211,20.0628666]]}},{"type":"Feature","properties":{"id":870832486,"highway":"residential"},"geometry":{"type":"LineString","coordinates":[[85.7475388,20.0940116],[85.7472344,20.0941113],[85.7471459,20.0941296],[85.746953,20.0941599]]}},{"type":"Feature","properties":{"id":870832487,"highway":"residential"},"geometry":{"type":"LineString","coordinates":[[85.7469876,20.0945395],[85.7470356,20.0948908],[85.7470289,20.0949237],[85.7470034,20.0949438],[85.7469685,20.0949476],[85.7466963,20.0949275],[85.746644,20.0949275],[85.746491,20.0949338]]}},{"type":"Feature","properties":{"id":870832488,"highway":"residential"},"geometry":{"type":"LineString","coordinates":[[85.7470765,20.0966408],[85.7470709,20.0963183]]}},{"type":"Feature","properties":{"id":870847721,"highway":"residential"},"geometry":{"type":"LineString","coordinates":[[85.7639119,20.098148],[85.7645965,20.0982263]]}},{"type":"Feature","properties":{"id":871784284,"highway":"residential"},"geometry":{"type":"LineString","coordinates":[[85.7634249,20.0958373],[85.7641359,20.0957634],[85.7642657,20.0957569],[85.7645338,20.0957618]]}},{"type":"Feature","properties":{"id":871784939,"highway":"residential"},"geometry":{"type":"LineString","coordinates":[[85.7646597,20.0929185],[85.7638967,20.092895],[85.7630975,20.0928046],[85.762863,20.0927544],[85.7626891,20.0926867],[85.7622277,20.0924953],[85.7617133,20.0922688],[85.7613705,20.0921723],[85.7613046,20.0921674],[85.7612106,20.0921669],[85.7610366,20.0922185],[85.7609647,20.0922701],[85.7609229,20.0923273],[85.7608925,20.0924042],[85.7608955,20.0924785],[85.760988,20.0928743],[85.7610235,20.092933],[85.7610635,20.092973],[85.76128,20.0930998],[85.761329,20.093137],[85.7613694,20.0931956],[85.7615116,20.0935559],[85.7617663,20.0943646],[85.7619879,20.0952047],[85.7620433,20.0954705],[85.7621017,20.0957904],[85.7621258,20.095866],[85.7622813,20.0962312],[85.7623135,20.0963346],[85.7624356,20.0969719],[85.7624557,20.0970752],[85.7625041,20.0971926],[85.7626366,20.0974111],[85.7626705,20.0975312],[85.7627398,20.097848],[85.7627598,20.0979102],[85.7628692,20.0981229],[85.7629462,20.0982169],[85.7629924,20.0982791],[85.7630186,20.0982979],[85.7630987,20.098308],[85.7631862,20.0983069],[85.7636793,20.0982508],[85.7638609,20.0982302],[85.7638995,20.0982071],[85.7639133,20.0981752],[85.7639119,20.098148],[85.7638933,20.0977991],[85.7639025,20.0977354],[85.7639195,20.0977022],[85.7640874,20.0974866],[85.7641028,20.097449],[85.7641105,20.0973926],[85.7640889,20.0971987],[85.7640689,20.0971538],[85.7640566,20.0971235],[85.7640184,20.0968518]]}},{"type":"Feature","properties":{"id":871784941,"highway":"residential"},"geometry":{"type":"LineString","coordinates":[[85.7630975,20.0928046],[85.7630808,20.0930092],[85.7630889,20.0931276],[85.7632579,20.094571],[85.7633946,20.0954854],[85.7634249,20.0958373],[85.7634483,20.09611],[85.7635409,20.0969251],[85.763626,20.0976742],[85.7636793,20.0982508]]}},{"type":"Feature","properties":{"id":871784942,"highway":"residential"},"geometry":{"type":"LineString","coordinates":[[85.7505283,20.0936167],[85.7505683,20.0939819],[85.7506458,20.0943613],[85.7506573,20.0944176]]}},{"type":"Feature","properties":{"id":871784943,"highway":"residential"},"geometry":{"type":"LineString","coordinates":[[85.7490663,20.0937214],[85.7491654,20.0948003]]}},{"type":"Feature","properties":{"id":871786637,"highway":"residential"},"geometry":{"type":"LineString","coordinates":[[85.7646597,20.0929185],[85.7646807,20.0932013],[85.7647623,20.0939789],[85.7647469,20.0940599],[85.7647099,20.0941843],[85.7647009,20.0942281],[85.7646298,20.094572],[85.7646237,20.0946704],[85.7646237,20.0947775],[85.7646891,20.0953134],[85.764713,20.0955095],[85.7647122,20.0955462],[85.7647007,20.0955703],[85.7646483,20.095631],[85.7645489,20.0957369],[85.7645338,20.0957618],[85.7645289,20.0958008],[85.7645559,20.0960373],[85.7645435,20.0960687],[85.7645028,20.096097],[85.7643453,20.0961435],[85.7643205,20.0961584],[85.7643064,20.0961917],[85.7643028,20.0962316],[85.7643418,20.0964293],[85.7643276,20.0964692],[85.7643011,20.0964958],[85.7641603,20.0965558],[85.764132,20.096579],[85.7641196,20.0966106],[85.7641698,20.0968314]]}},{"type":"Feature","properties":{"id":872825075,"highway":"residential"},"geometry":{"type":"LineString","coordinates":[[85.7854563,20.0737419],[85.7854983,20.0738087],[85.7859262,20.0743047],[85.7864569,20.0751053]]}},{"type":"Feature","properties":{"id":872825083,"highway":"residential"},"geometry":{"type":"LineString","coordinates":[[85.7735579,20.0777026],[85.7733057,20.0771828],[85.7732987,20.0771236],[85.7733174,20.0770578],[85.7734108,20.0769112]]}},{"type":"Feature","properties":{"id":872825084,"highway":"residential"},"geometry":{"type":"LineString","coordinates":[[85.7719232,20.0773286],[85.7717946,20.0769187]]}},{"type":"Feature","properties":{"id":872825089,"highway":"residential"},"geometry":{"type":"LineString","coordinates":[[85.7823217,20.076107],[85.7824753,20.0764581]]}},{"type":"Feature","properties":{"id":872825090,"highway":"residential"},"geometry":{"type":"LineString","coordinates":[[85.7819706,20.0770523],[85.7818263,20.0767021]]}},{"type":"Feature","properties":{"id":872825097,"highway":"residential"},"geometry":{"type":"LineString","coordinates":[[85.7873269,20.0764552],[85.7868462,20.0767169],[85.7868089,20.076619],[85.7867687,20.0765497],[85.7866453,20.0763683],[85.7866265,20.0763305],[85.7866137,20.0762817],[85.7865849,20.0761693],[85.7865392,20.0760169],[85.7864965,20.0758746],[85.7862766,20.0753247]]}},{"type":"Feature","properties":{"id":872825099,"highway":"residential"},"geometry":{"type":"LineString","coordinates":[[85.7864569,20.0751053],[85.786623,20.075402],[85.7866445,20.0754251],[85.7866861,20.0754381],[85.7867139,20.0754555],[85.7867277,20.0754844],[85.7867339,20.0755322],[85.7867185,20.0758447],[85.78672,20.0758722],[85.7867585,20.0760835],[85.7867724,20.0761298]]}},{"type":"Feature","properties":{"id":872825100,"highway":"residential"},"geometry":{"type":"LineString","coordinates":[[85.7869357,20.0760921],[85.7867724,20.0761298],[85.7865849,20.0761693]]}},{"type":"Feature","properties":{"id":872825104,"highway":"residential"},"geometry":{"type":"LineString","coordinates":[[85.7885602,20.0740809],[85.7893921,20.0740825]]}},{"type":"Feature","properties":{"id":872828784,"highway":"residential"},"geometry":{"type":"LineString","coordinates":[[85.7791408,20.0872278],[85.7792131,20.0875886],[85.7792444,20.0876565],[85.7792718,20.0876811],[85.779481,20.0877605],[85.7795213,20.0877913],[85.7795894,20.0879003],[85.7796053,20.0879638],[85.7796105,20.0880506],[85.7795999,20.0881055],[85.7795839,20.0881587],[85.7795485,20.0882035],[85.7795202,20.0882235],[85.7790053,20.0883265]]}},{"type":"Feature","properties":{"id":872828785,"highway":"residential"},"geometry":{"type":"LineString","coordinates":[[85.7839199,20.0848746],[85.7839643,20.0848054],[85.7839879,20.0847617],[85.7839917,20.0847226],[85.7839188,20.0845085],[85.7838921,20.0844045],[85.783884,20.0843193],[85.7838972,20.0842374],[85.7839329,20.08413],[85.7839922,20.0840359],[85.7840962,20.0839573],[85.7841959,20.0838997],[85.7848938,20.0837009],[85.7849534,20.0836873],[85.785022,20.0836821],[85.7853981,20.0837368]]}},{"type":"Feature","properties":{"id":872829854,"highway":"residential"},"geometry":{"type":"LineString","coordinates":[[85.779023,20.0885525],[85.7790159,20.088378],[85.7790053,20.0883265],[85.7789256,20.0881587],[85.778915,20.0881055],[85.7789168,20.0880689],[85.7789292,20.0880307],[85.7789646,20.0879592],[85.7789979,20.0879174],[85.7792718,20.0876811]]}},{"type":"Feature","properties":{"id":872829856,"highway":"residential"},"geometry":{"type":"LineString","coordinates":[[85.7782243,20.084523],[85.7782868,20.0845213],[85.7786189,20.084512],[85.778675,20.0845318],[85.778724,20.0845822],[85.7788221,20.0847357],[85.778909,20.0849272],[85.7789436,20.0849979],[85.7790147,20.0850819],[85.7790716,20.0851258],[85.7791652,20.0851582],[85.7793196,20.0851945],[85.7793949,20.0852289],[85.7795087,20.0853052],[85.77959,20.0854064],[85.7796347,20.0854866],[85.7797404,20.0856794],[85.7797872,20.0857271],[85.7798542,20.0857539],[85.7799356,20.0857615],[85.7802057,20.0857608]]}},{"type":"Feature","properties":{"id":872829857,"highway":"residential"},"geometry":{"type":"LineString","coordinates":[[85.780485,20.0832152],[85.7804001,20.0833643],[85.7803254,20.0834169],[85.7802413,20.0834476],[85.7798631,20.0835814],[85.7796856,20.0836516],[85.7794801,20.08377],[85.7791626,20.0839783],[85.7791025,20.0840361],[85.7789887,20.0841736],[85.778942,20.0842175],[85.7788525,20.0842996],[85.7786189,20.084512]]}},{"type":"Feature","properties":{"id":872829859,"highway":"residential"},"geometry":{"type":"LineString","coordinates":[[85.7787949,20.0856991],[85.7788498,20.0857563],[85.7788763,20.0858041],[85.7788986,20.0858728],[85.7790264,20.0863702]]}},{"type":"Feature","properties":{"id":872831291,"highway":"residential"},"geometry":{"type":"LineString","coordinates":[[85.7716948,20.084254],[85.7718376,20.0846024],[85.7719041,20.0848219],[85.7719342,20.0849721],[85.7719558,20.0852655],[85.7719625,20.0856304],[85.7719954,20.0859637],[85.7720113,20.085999],[85.7720467,20.0860364],[85.7723383,20.0862967],[85.7723772,20.0863544],[85.7724336,20.0864763]]}},{"type":"Feature","properties":{"id":872831292,"highway":"residential"},"geometry":{"type":"LineString","coordinates":[[85.7724336,20.0864763],[85.7725049,20.0866963],[85.7725223,20.0867851],[85.7725185,20.0868613],[85.7724302,20.0872495],[85.7723656,20.0875852],[85.7723624,20.0876589],[85.7724124,20.0880418],[85.772423,20.0880693],[85.7724779,20.0881384],[85.7724946,20.088171],[85.7724997,20.0882429],[85.7724977,20.0882753],[85.7724753,20.0883142],[85.7724589,20.0883539],[85.7724521,20.0883851],[85.7724544,20.0884661],[85.7727139,20.0891833],[85.7727235,20.089252],[85.7727048,20.0894429],[85.772722,20.0897229],[85.7727455,20.0898004],[85.7727743,20.0898658],[85.7734473,20.0908025],[85.7737275,20.0913189],[85.7737733,20.0913867],[85.7738496,20.0914737],[85.7739567,20.091555],[85.7740504,20.0915926],[85.7741237,20.0916082],[85.7745148,20.0916262],[85.7745672,20.0916392],[85.7745995,20.0916551],[85.7746288,20.0916855],[85.7747166,20.0919184],[85.7747838,20.0920834],[85.774825,20.0921509],[85.7751016,20.0924875],[85.7753223,20.0928101],[85.7756594,20.0933205],[85.7759638,20.0938689],[85.7760753,20.0941316],[85.7761141,20.0942919],[85.7761082,20.0943481],[85.7760805,20.0943971],[85.7760328,20.0944312],[85.7756615,20.0945827],[85.7755888,20.0946124],[85.7755574,20.0946547],[85.7755516,20.0946953],[85.7755702,20.0947437],[85.7756879,20.0949748],[85.7756981,20.095029],[85.7757142,20.095297],[85.7757186,20.095349],[85.7757457,20.0954771],[85.7758504,20.0959727],[85.775961,20.096351],[85.7759842,20.0964058],[85.7760247,20.0964779],[85.7761076,20.0966595]]}},{"type":"Feature","properties":{"id":872831296,"highway":"residential"},"geometry":{"type":"LineString","coordinates":[[85.7859403,20.0891886],[85.7856418,20.0891924],[85.7855245,20.0891868],[85.7852069,20.0891493],[85.7850775,20.089147],[85.7845769,20.0892011],[85.7845235,20.0891994],[85.784485,20.0891821],[85.7844557,20.089156],[85.7844249,20.0891083],[85.784351,20.0889376],[85.7843186,20.0889],[85.7842662,20.0888768],[85.7841769,20.088871],[85.7839443,20.0888812],[85.7839008,20.0888698],[85.7838653,20.0888559],[85.7833739,20.0885694],[85.7833221,20.0885451],[85.783234,20.0885198],[85.7831654,20.0885058],[85.7823164,20.0884482],[85.7822621,20.0884561],[85.7819569,20.0885816],[85.7818944,20.0885923],[85.7815084,20.0885885]]}},{"type":"Feature","properties":{"id":872839558,"highway":"residential"},"geometry":{"type":"LineString","coordinates":[[85.782703,20.0893369],[85.7827575,20.0897767],[85.7827514,20.0900554],[85.7827615,20.0901299],[85.7827859,20.0902463],[85.7828168,20.0904076],[85.7828291,20.0904553],[85.7828476,20.0904828],[85.7828923,20.0904959],[85.7829292,20.0904886],[85.7833221,20.0904235],[85.7834977,20.0903946],[85.7835855,20.0903599],[85.7836552,20.0903198],[85.7837519,20.090247],[85.7838277,20.0901766],[85.7838857,20.0901123],[85.7839259,20.0900546],[85.7839449,20.0900079],[85.7839551,20.0899512],[85.7839719,20.0892555],[85.7839634,20.0891425],[85.7839008,20.0888698]]}},{"type":"Feature","properties":{"id":872839559,"highway":"residential"},"geometry":{"type":"LineString","coordinates":[[85.7846847,20.0899462],[85.7845962,20.0897384],[85.784582,20.0896869],[85.7845235,20.0891994]]}},{"type":"Feature","properties":{"id":872844188,"highway":"residential"},"geometry":{"type":"LineString","coordinates":[[85.7730263,20.0857424],[85.7731309,20.0859565],[85.7731765,20.0859943],[85.7732409,20.0860144],[85.7732999,20.0860371],[85.7733509,20.0860774],[85.7733857,20.0861228],[85.7734528,20.0862815],[85.7734555,20.086347],[85.7734338,20.0866518]]}},{"type":"Feature","properties":{"id":872882147,"highway":"residential"},"geometry":{"type":"LineString","coordinates":[[85.7787311,20.0958848],[85.7780709,20.0960138],[85.7776948,20.0960618],[85.7776453,20.0960636],[85.7775849,20.0960568],[85.7775217,20.0960497],[85.7774803,20.096049],[85.7772018,20.0961177],[85.7767059,20.096238],[85.7766645,20.0962614],[85.7766464,20.0962878],[85.7766249,20.0965222],[85.7766027,20.0965535],[85.7765474,20.0965871],[85.7761599,20.0966409],[85.7761076,20.0966595],[85.7760365,20.0967395],[85.7759881,20.0968285],[85.7759312,20.0968656],[85.7758743,20.0968893],[85.7749807,20.0970961],[85.7749485,20.0971036],[85.7748739,20.0971319],[85.7748457,20.0971493],[85.7748269,20.0971689],[85.7747765,20.0972671]]}},{"type":"Feature","properties":{"id":872938222,"highway":"unclassified"},"geometry":{"type":"LineString","coordinates":[[85.7818305,20.0981443],[85.7810289,20.0981997],[85.7809047,20.0982088],[85.7806161,20.09823],[85.7805452,20.0982414],[85.7803221,20.0983211],[85.7802518,20.0983411],[85.7802143,20.0983404],[85.7801734,20.0983248],[85.7796793,20.0980106],[85.7796138,20.097982],[85.7795538,20.0979712],[85.7793148,20.0979795],[85.7788882,20.0979757],[85.7782571,20.0979701],[85.7777393,20.0979883],[85.7776564,20.0980028],[85.7775732,20.098026],[85.7773452,20.0980985],[85.777259,20.0981075],[85.7769237,20.098102],[85.7766058,20.0980967],[85.7764919,20.0980966],[85.776439,20.098112],[85.7763819,20.0981623],[85.7763316,20.0982089],[85.7762559,20.0982441],[85.7761776,20.0982648],[85.7760923,20.0982707],[85.7756618,20.0982449]]}},{"type":"Feature","properties":{"id":872938224,"highway":"residential"},"geometry":{"type":"LineString","coordinates":[[85.7759881,20.0968285],[85.7761009,20.0969836],[85.7761159,20.0970301],[85.7761512,20.0972609],[85.7761592,20.097302],[85.7762318,20.0974907],[85.7762939,20.0978487],[85.7763819,20.0981623]]}},{"type":"Feature","properties":{"id":872938225,"highway":"residential"},"geometry":{"type":"LineString","coordinates":[[85.7783148,20.0972029],[85.7781359,20.0967123],[85.7780465,20.0965348],[85.7780268,20.096487],[85.7780282,20.0964393],[85.7780424,20.0963859],[85.7781127,20.0961971],[85.7781154,20.0961732],[85.7781073,20.0961379],[85.7780709,20.0960138]]}},{"type":"Feature","properties":{"id":872938226,"highway":"residential"},"geometry":{"type":"LineString","coordinates":[[85.7765474,20.0965871],[85.7765648,20.0966434],[85.7765825,20.0966714],[85.7767986,20.0969278],[85.7768331,20.0969488],[85.7769022,20.096966],[85.7773372,20.0970538],[85.7773941,20.0970691],[85.7774572,20.0971092],[85.7776604,20.0973592],[85.7777011,20.0973974],[85.7777763,20.0974337],[85.7787114,20.0976895],[85.7787744,20.0977296],[85.7788394,20.0977849],[85.7788618,20.0978269],[85.7788882,20.0979757]]}},{"type":"Feature","properties":{"id":872938227,"highway":"residential"},"geometry":{"type":"LineString","coordinates":[[85.7749173,20.0966421],[85.7749807,20.0970961]]}},{"type":"Feature","properties":{"id":872946778,"highway":"unclassified"},"geometry":{"type":"LineString","coordinates":[[85.7819464,20.0981261],[85.7818305,20.0981443]]}},{"type":"Feature","properties":{"id":872946780,"highway":"residential"},"geometry":{"type":"LineString","coordinates":[[85.7875988,20.0986946],[85.7876095,20.0986535],[85.78761,20.0985948],[85.7875432,20.098237]]}},{"type":"Feature","properties":{"id":872946781,"highway":"residential"},"geometry":{"type":"LineString","coordinates":[[85.7875988,20.0986946],[85.7875955,20.0987408],[85.7875948,20.0987843],[85.7877435,20.0994236]]}},{"type":"Feature","properties":{"id":872946782,"highway":"residential"},"geometry":{"type":"LineString","coordinates":[[85.788376,20.0998004],[85.7888693,20.0994389]]}},{"type":"Feature","properties":{"id":872946783,"highway":"residential"},"geometry":{"type":"LineString","coordinates":[[85.7881308,20.0995303],[85.7881107,20.0994056],[85.7881134,20.0993779],[85.7881268,20.0993615],[85.7882582,20.0993263],[85.7882796,20.0993099],[85.7882836,20.0992847],[85.7882702,20.0992041],[85.7882783,20.0991764],[85.7883024,20.0991576],[85.7885656,20.0990127]]}},{"type":"Feature","properties":{"id":872949766,"highway":"unclassified"},"geometry":{"type":"LineString","coordinates":[[85.787252,20.0919406],[85.7872108,20.0919679],[85.7871856,20.0919823],[85.7864995,20.0922302],[85.7859705,20.092423],[85.7859492,20.0924396],[85.7859351,20.0924712],[85.785928,20.0925326],[85.785882,20.0927968],[85.7858643,20.0928334],[85.7858289,20.0928616],[85.7857511,20.0928849],[85.7844154,20.0930494],[85.7841394,20.0930776],[85.7840332,20.0930759],[85.7837785,20.093066],[85.7836741,20.0930809],[85.7836122,20.0931042],[85.7835768,20.0931274],[85.7835538,20.0931673],[85.7835467,20.0932321],[85.7835609,20.0933169],[85.7836706,20.0937289],[85.7837077,20.0938286],[85.7837785,20.0939515],[85.7838369,20.0940296],[85.7839005,20.0941144],[85.7843835,20.0951461],[85.7848554,20.0961633],[85.785188,20.0970456],[85.7854233,20.097657],[85.7854463,20.0977035],[85.7854976,20.0977666],[85.7857046,20.0979643],[85.7857718,20.0980391],[85.7858072,20.0980989],[85.7858444,20.0982102],[85.7858875,20.0988432]]}},{"type":"Feature","properties":{"id":873026350,"highway":"residential"},"geometry":{"type":"LineString","coordinates":[[85.7864287,20.0978331],[85.786548,20.0987515]]}},{"type":"Feature","properties":{"id":873026351,"highway":"residential"},"geometry":{"type":"LineString","coordinates":[[85.7892028,20.0934413],[85.789155,20.0929752],[85.7891493,20.0928973],[85.789157,20.0928727],[85.7891847,20.0928568],[85.7892941,20.0928452],[85.7893203,20.0928322],[85.7893311,20.0928105],[85.7892941,20.0925559],[85.7892417,20.0922421],[85.7890216,20.0915704]]}},{"type":"Feature","properties":{"id":873026354,"highway":"residential"},"geometry":{"type":"LineString","coordinates":[[85.7752398,20.0935103],[85.7756615,20.0945827]]}},{"type":"Feature","properties":{"id":873026356,"highway":"residential"},"geometry":{"type":"LineString","coordinates":[[85.776246,20.0953691],[85.7757457,20.0954771]]}},{"type":"Feature","properties":{"id":873340287,"highway":"residential"},"geometry":{"type":"LineString","coordinates":[[85.7747109,20.0721524],[85.7743557,20.072258]]}},{"type":"Feature","properties":{"id":873342899,"highway":"residential"},"geometry":{"type":"LineString","coordinates":[[85.7287323,20.0778868],[85.7287331,20.0777297],[85.7287365,20.0776585],[85.7287618,20.0774959],[85.7287645,20.0774253],[85.7285982,20.0767503],[85.7285141,20.0761008],[85.7283519,20.075601],[85.7283499,20.0755665],[85.7283691,20.0755354],[85.7284037,20.0755188],[85.7288058,20.0754712],[85.7288465,20.0754546],[85.7288995,20.0754197],[85.7289668,20.0753865],[85.7290163,20.0753732],[85.7292114,20.075347],[85.7295366,20.0753034],[85.7295953,20.0753],[85.7296446,20.0753102],[85.7296831,20.0753217],[85.7297524,20.0753319],[85.7297909,20.0753449],[85.7298202,20.0753681],[85.7298479,20.0754071],[85.7298602,20.0754462],[85.7298723,20.0756137],[85.7298437,20.0759865],[85.7298481,20.076045],[85.7298618,20.0761517],[85.729843,20.076856],[85.729826,20.0769323],[85.7298016,20.0769728],[85.7296974,20.077043],[85.7296754,20.077083],[85.7296711,20.0771231],[85.7298741,20.0777339]]}},{"type":"Feature","properties":{"id":873342900,"highway":"unclassified"},"geometry":{"type":"LineString","coordinates":[[85.7321437,20.0772188],[85.7321985,20.0774375],[85.7322046,20.0775176],[85.7322046,20.0776093],[85.7321924,20.0776895],[85.7319871,20.0783252],[85.7319221,20.0784532],[85.7315968,20.0791882],[85.7312492,20.0798946],[85.7309767,20.080555],[85.7309659,20.0805802],[85.7306638,20.0814296],[85.7306171,20.0815116],[85.730554,20.0816147],[85.7305073,20.0817217],[85.7304573,20.0818626],[85.7295152,20.0849464],[85.729429,20.085157],[85.7291902,20.0854317],[85.7278275,20.0865551],[85.7271998,20.0869783],[85.7261858,20.0877642],[85.7260303,20.0878398],[85.725939,20.0878533],[85.7256442,20.087849],[85.7254423,20.0878331],[85.724791,20.0877441],[85.7237707,20.087696],[85.7236617,20.0876849],[85.7235101,20.0876467],[85.7233988,20.0876115],[85.7231171,20.0875073],[85.7221139,20.0871043],[85.7216272,20.0868961],[85.7215027,20.0868347],[85.7212604,20.0866686],[85.7212128,20.0866155],[85.7208055,20.0859896],[85.7207407,20.0859201],[85.7206848,20.0858845],[85.7202745,20.0856629],[85.7201559,20.0856078],[85.7194907,20.0853861],[85.7190722,20.0852198],[85.7185355,20.0849182],[85.718466,20.0848973],[85.7183373,20.0848772],[85.7182192,20.0848873],[85.7181227,20.0849326],[85.7180851,20.0849679],[85.7179295,20.0853155],[85.7178613,20.0854415],[85.717804,20.085497],[85.7177194,20.0855458],[85.7167332,20.0857287],[85.7165113,20.0857573],[85.7158748,20.0858395],[85.7149169,20.0858947],[85.7147992,20.0859131],[85.7147027,20.0859298],[85.7144514,20.0859951],[85.7142979,20.0860053],[85.7141635,20.0860008],[85.7129671,20.0858496],[85.7121522,20.0856686],[85.7119354,20.0856156],[85.71188,20.0855944],[85.7118505,20.0855508],[85.7115475,20.0849141],[85.7114818,20.0848166],[85.711406,20.084721],[85.7111163,20.0844187],[85.7105479,20.0837502],[85.7104725,20.0836428],[85.7103057,20.0833499],[85.7102703,20.0832567],[85.7102208,20.0830679],[85.7101224,20.0826932],[85.7101023,20.0826149],[85.7100292,20.0824696],[85.7099805,20.0823968],[85.709936,20.0823428],[85.7093512,20.081844],[85.7092979,20.0817853],[85.7088864,20.0812812],[85.7088362,20.0812344],[85.7081388,20.0806953],[85.7078326,20.0805026],[85.7074816,20.0802974]]}},{"type":"Feature","properties":{"id":873344421,"highway":"residential"},"geometry":{"type":"LineString","coordinates":[[85.7235149,20.090259],[85.7235419,20.0898155],[85.7235339,20.0897694],[85.7235114,20.089703],[85.7233478,20.0893916],[85.7233255,20.0893485],[85.7233191,20.0893055],[85.7233252,20.0892587],[85.7234337,20.0888323],[85.7234712,20.0886308],[85.7234592,20.0881694],[85.7234715,20.0881089],[85.723549,20.0879399],[85.7236617,20.0876849]]}},{"type":"Feature","properties":{"id":873344423,"highway":"residential"},"geometry":{"type":"LineString","coordinates":[[85.7229124,20.0890318],[85.7229265,20.0888157],[85.7229071,20.0886495],[85.722898,20.0886127],[85.7228644,20.0885144],[85.7228518,20.0884712],[85.7228435,20.0884179]]}},{"type":"Feature","properties":{"id":873344424,"highway":"residential"},"geometry":{"type":"LineString","coordinates":[[85.7223104,20.0884712],[85.7227142,20.0884677],[85.7227761,20.0884577],[85.7228435,20.0884179],[85.7229495,20.0883348],[85.7230097,20.0882866],[85.7230929,20.0882434],[85.7234715,20.0881089]]}},{"type":"Feature","properties":{"id":873344425,"highway":"residential"},"geometry":{"type":"LineString","coordinates":[[85.722316,20.0883861],[85.7223104,20.0884712],[85.7222901,20.0887777],[85.7222963,20.0888323],[85.7223607,20.0892555],[85.722411,20.0896385],[85.7224533,20.0897982],[85.7224706,20.0898438],[85.7224952,20.0898715],[85.7225237,20.0898892],[85.7225521,20.0898992],[85.7226152,20.0898996],[85.7227362,20.0899005],[85.7227972,20.089915],[85.7230411,20.0900464],[85.7232191,20.0901423],[85.7232755,20.090166],[85.7235149,20.090259],[85.7236411,20.0903164],[85.7237157,20.0903431],[85.7237873,20.0903563],[85.7246247,20.0904396],[85.7246863,20.0904556],[85.7251021,20.0906059],[85.7251745,20.0906399],[85.7253757,20.0907772],[85.7255964,20.0910028],[85.7256199,20.0910374],[85.7256331,20.0910731],[85.7256386,20.0911146],[85.7256547,20.0912861],[85.7256669,20.0913275],[85.7257337,20.0914704],[85.7257618,20.0915172],[85.7259701,20.0917883],[85.7259964,20.0918223],[85.7260461,20.0918446],[85.7263984,20.0918695],[85.7264487,20.0918655],[85.7266239,20.0918503],[85.7267216,20.0918418],[85.7267725,20.0918439],[85.727353,20.091984]]}},{"type":"Feature","properties":{"id":873344426,"highway":"residential"},"geometry":{"type":"LineString","coordinates":[[85.7253757,20.0907772],[85.7253352,20.0908181],[85.7252917,20.0908351],[85.7252388,20.0908422],[85.724788,20.0908713],[85.7247293,20.0908768],[85.7243368,20.0909564]]}},{"type":"Feature","properties":{"id":873345843,"highway":"residential"},"geometry":{"type":"LineString","coordinates":[[85.7273912,20.0910202],[85.7280357,20.0910912],[85.7281456,20.0911033],[85.7281972,20.0911209],[85.7282415,20.0911462],[85.728271,20.0911852],[85.7282816,20.0912349],[85.7282764,20.0917344],[85.7282677,20.091794],[85.728136,20.0921395]]}},{"type":"Feature","properties":{"id":873345844,"highway":"residential"},"geometry":{"type":"LineString","coordinates":[[85.7273578,20.0907483],[85.7272752,20.0907439],[85.7267818,20.0907348],[85.7262534,20.0908381],[85.7262248,20.0908553],[85.7262073,20.0908886],[85.7261959,20.0911215]]}},{"type":"Feature","properties":{"id":873356872,"highway":"residential"},"geometry":{"type":"LineString","coordinates":[[85.7268118,20.0902049],[85.7271871,20.0901513],[85.7273588,20.0901486],[85.7275411,20.090156],[85.7276296,20.090164],[85.7278803,20.0902422]]}},{"type":"Feature","properties":{"id":873356873,"highway":"residential"},"geometry":{"type":"LineString","coordinates":[[85.7268027,20.0901308],[85.7268971,20.090025],[85.7269266,20.0899699],[85.7269514,20.0899105],[85.7270566,20.0894778],[85.7270725,20.0893923],[85.7270779,20.0892636],[85.7270663,20.0892087],[85.7270291,20.0890594],[85.7270227,20.0890144],[85.7270082,20.0886012]]}},{"type":"Feature","properties":{"id":873356874,"highway":"residential"},"geometry":{"type":"LineString","coordinates":[[85.7267818,20.0907348],[85.7268118,20.0902049],[85.7268027,20.0901308],[85.7267759,20.0900836],[85.7267368,20.0900566],[85.7264605,20.0899628]]}},{"type":"Feature","properties":{"id":873356875,"highway":"residential"},"geometry":{"type":"LineString","coordinates":[[85.7281855,20.0887187],[85.7273983,20.0885199],[85.727317,20.0885192],[85.7272572,20.0885329],[85.7271569,20.0885753],[85.727081,20.0885955],[85.7270082,20.0886012],[85.7269353,20.0885889],[85.7266794,20.0884897],[85.7266188,20.0884629],[85.7265544,20.0884201],[85.7264438,20.088303],[85.7263961,20.0882545],[85.7263311,20.0882135],[85.7262754,20.0881871],[85.726195,20.0881594],[85.7261239,20.0881266],[85.7260689,20.0880825],[85.72602,20.0880397],[85.7259053,20.0879805],[85.7256442,20.087849]]}},{"type":"Feature","properties":{"id":873356878,"highway":"residential"},"geometry":{"type":"LineString","coordinates":[[85.7281666,20.0905004],[85.7280357,20.0910912]]}},{"type":"Feature","properties":{"id":873362515,"highway":"residential"},"geometry":{"type":"LineString","coordinates":[[85.7420698,20.0813141],[85.741607,20.082088],[85.7410883,20.0830781],[85.7408991,20.0834394],[85.7405522,20.0842885],[85.7405341,20.0843247],[85.7404134,20.0844393],[85.7403892,20.0844708],[85.7403765,20.0845073],[85.7403798,20.0847152],[85.7403678,20.0847731],[85.7403484,20.0848316],[85.7402324,20.0850741],[85.7399869,20.0854431],[85.7399372,20.0855048],[85.7397669,20.0856547],[85.7393378,20.0859872],[85.739146,20.0861245],[85.7389636,20.086258],[85.7388388,20.0863461],[85.7384788,20.0865407],[85.7384057,20.0865703],[85.7383088,20.0866047],[85.7378324,20.0866931],[85.7377459,20.086724],[85.7372993,20.0869429],[85.7367535,20.0872369],[85.7366851,20.0872613],[85.7363477,20.0873604],[85.7362463,20.0873958],[85.7359153,20.0875375],[85.7355881,20.0877214],[85.7355373,20.0877433],[85.7352684,20.0878107],[85.7351485,20.0878408],[85.7350644,20.0878566],[85.7350044,20.0878567],[85.7347405,20.0878398],[85.7346216,20.0878599],[85.7345541,20.0878713],[85.7345071,20.0878751],[85.7344615,20.08787],[85.7341898,20.0878104],[85.7333237,20.0876122],[85.7332707,20.0875842],[85.7332223,20.0875476],[85.7329415,20.0871016],[85.7328794,20.0870317],[85.7328133,20.0869769],[85.7327503,20.0869379],[85.7326903,20.0869191],[85.7322031,20.0867666],[85.7319351,20.0866861],[85.7318008,20.0866457],[85.7317392,20.0866306],[85.7316346,20.0866051],[85.7311434,20.0864945],[85.7306572,20.0863576],[85.7303202,20.0862627],[85.7302588,20.0862553],[85.7298052,20.0862526],[85.7296271,20.0862163],[85.7295682,20.0862073],[85.7293492,20.0861771]]}},{"type":"Feature","properties":{"id":873362516,"highway":"residential"},"geometry":{"type":"LineString","coordinates":[[85.7316346,20.0866051],[85.7319131,20.0855125],[85.7319401,20.0854483],[85.7319894,20.0854088],[85.7320727,20.0853922],[85.7321489,20.0853916],[85.7326967,20.0855818],[85.732779,20.0856211],[85.7328712,20.0856839],[85.7330004,20.0858341],[85.7330664,20.0859351]]}},{"type":"Feature","properties":{"id":873362518,"highway":"residential"},"geometry":{"type":"LineString","coordinates":[[85.7341898,20.0878104],[85.7341708,20.0875712],[85.7341611,20.0875425],[85.7340807,20.0873863],[85.7340661,20.0873421],[85.7339841,20.0868321],[85.7338768,20.0867414],[85.7338218,20.0867263],[85.7337722,20.0867263],[85.7333135,20.0868119],[85.7328951,20.0868623],[85.7328535,20.0868762],[85.7327503,20.0869379]]}},{"type":"Feature","properties":{"id":873394571,"highway":"residential"},"geometry":{"type":"LineString","coordinates":[[85.731012,20.0875379],[85.7315864,20.0873318],[85.7316401,20.0873055],[85.7316681,20.0872682],[85.7316751,20.0872112],[85.7317392,20.0866306]]}},{"type":"Feature","properties":{"id":873394573,"highway":"residential"},"geometry":{"type":"LineString","coordinates":[[85.7359153,20.0875375],[85.7358566,20.0874054],[85.7357506,20.0871671],[85.7357061,20.0871092],[85.735387,20.0868167],[85.7353159,20.0867745],[85.7352394,20.0867464],[85.7347405,20.0866527],[85.7346822,20.0866501],[85.7346196,20.0866571],[85.7339841,20.0868321]]}},{"type":"Feature","properties":{"id":873394574,"highway":"residential"},"geometry":{"type":"LineString","coordinates":[[85.7349731,20.087548],[85.7352119,20.0875494],[85.735272,20.0875509],[85.7353505,20.0875451],[85.7354152,20.0875292],[85.7358566,20.0874054]]}},{"type":"Feature","properties":{"id":873394575,"highway":"residential"},"geometry":{"type":"LineString","coordinates":[[85.735272,20.0875509],[85.7352684,20.0878107]]}},{"type":"Feature","properties":{"id":873394576,"highway":"residential"},"geometry":{"type":"LineString","coordinates":[[85.734684,20.0874359],[85.73449,20.0874689],[85.7343698,20.0874894],[85.7343312,20.0875053],[85.7342989,20.087527],[85.7342665,20.0875444],[85.7341708,20.0875712]]}},{"type":"Feature","properties":{"id":873394577,"highway":"residential"},"geometry":{"type":"LineString","coordinates":[[85.73449,20.0874689],[85.7346216,20.0878599]]}},{"type":"Feature","properties":{"id":873394580,"highway":"residential"},"geometry":{"type":"LineString","coordinates":[[85.7355059,20.0886846],[85.7354866,20.0886352],[85.7354045,20.0884782],[85.7353198,20.0883738],[85.73523,20.0882951],[85.7351896,20.0882713],[85.7351118,20.0882354],[85.7350731,20.0882075],[85.7350562,20.0881805],[85.7350484,20.0881454],[85.7350644,20.0878566]]}},{"type":"Feature","properties":{"id":873394582,"highway":"residential"},"geometry":{"type":"LineString","coordinates":[[85.7413014,20.0787344],[85.7410077,20.0789269],[85.7409827,20.078935],[85.7409503,20.0789378],[85.7406708,20.0789297],[85.740636,20.0789281],[85.7406071,20.0789183],[85.7405501,20.0788864],[85.7403283,20.0787604],[85.7402766,20.0787356],[85.7400526,20.0786415],[85.7400251,20.0786289],[85.7400003,20.0786093],[85.7399762,20.0785842],[85.7398822,20.0784128],[85.7397133,20.0781166],[85.7395291,20.0777069],[85.7395174,20.0776618],[85.7395156,20.0776266],[85.7395181,20.0775274],[85.7395523,20.0771582],[85.73958,20.0768868]]}},{"type":"Feature","properties":{"id":873394586,"highway":"residential"},"geometry":{"type":"LineString","coordinates":[[85.7410397,20.0783211],[85.7405461,20.0784204],[85.7404902,20.0784248],[85.740146,20.0784169],[85.7400754,20.0784216],[85.7398822,20.0784128]]}},{"type":"Feature","properties":{"id":873394587,"highway":"residential"},"geometry":{"type":"LineString","coordinates":[[85.7400003,20.0786093],[85.7401371,20.0789317],[85.7401477,20.0789638],[85.7401476,20.0791687],[85.7401192,20.0792096],[85.7400692,20.0792199],[85.7400065,20.0792089],[85.739386,20.0788814],[85.7386447,20.0785371],[85.7384526,20.0784531],[85.7384097,20.0784027],[85.7384009,20.0783637],[85.7384169,20.0781419],[85.7384311,20.0781004],[85.7385704,20.077918],[85.7386375,20.0778643],[85.7389751,20.0776998],[85.739032,20.0776721],[85.7390982,20.0776588],[85.7395174,20.0776618]]}},{"type":"Feature","properties":{"id":873415910,"highway":"residential"},"geometry":{"type":"LineString","coordinates":[[85.7278677,20.0867838],[85.7284588,20.0866607],[85.728566,20.0866305],[85.7286636,20.0865946],[85.7288572,20.086511],[85.7291972,20.0863147],[85.7292714,20.0862563],[85.7293492,20.0861771],[85.7295314,20.0852261],[85.7295418,20.0851577],[85.729539,20.0850994],[85.7295152,20.0849464]]}},{"type":"Feature","properties":{"id":873415911,"highway":"residential"},"geometry":{"type":"LineString","coordinates":[[85.7319351,20.0866861],[85.7321361,20.0863962],[85.7321768,20.086358],[85.732254,20.086318],[85.732313,20.0862779],[85.7323638,20.086234],[85.7325894,20.0859514],[85.7326545,20.0859075],[85.7327358,20.0858789],[85.7328354,20.0858655],[85.7329716,20.0858922],[85.7330664,20.0859351],[85.7337196,20.086232],[85.7346822,20.0866501]]}},{"type":"Feature","properties":{"id":873415913,"highway":"residential"},"geometry":{"type":"LineString","coordinates":[[85.7402324,20.0850741],[85.7397723,20.0849029],[85.7395255,20.0848525],[85.7391257,20.0847926],[85.7390268,20.0847938],[85.7387151,20.0848267]]}},{"type":"Feature","properties":{"id":873415914,"highway":"residential"},"geometry":{"type":"LineString","coordinates":[[85.7226152,20.0898996],[85.72287,20.0904948],[85.7228948,20.090528],[85.7229302,20.0905463],[85.7229957,20.0905496],[85.7234275,20.0905546],[85.7234682,20.0905496],[85.7235071,20.0905164],[85.7236009,20.0904],[85.7236411,20.0903164]]}},{"type":"Feature","properties":{"id":873415915,"highway":"residential"},"geometry":{"type":"LineString","coordinates":[[85.7284659,20.0895427],[85.728732,20.0895623],[85.7287657,20.0895772],[85.7287869,20.0896138],[85.7287887,20.089672],[85.7286542,20.0904315],[85.7286329,20.0904797],[85.7286011,20.0905063],[85.7285586,20.0905229],[85.7285144,20.0905445],[85.7284896,20.0905711],[85.7284701,20.0906176],[85.7283215,20.091058],[85.728271,20.0911852]]}},{"type":"Feature","properties":{"id":873415922,"highway":"unclassified"},"geometry":{"type":"LineString","coordinates":[[85.7435027,20.0851122],[85.7435017,20.0849429]]}},{"type":"Feature","properties":{"id":873415923,"highway":"residential"},"geometry":{"type":"LineString","coordinates":[[85.7431422,20.0819574],[85.7432285,20.0819212],[85.7432723,20.0819091],[85.7433156,20.0819089],[85.7434116,20.0819296],[85.7436799,20.0820661],[85.7437278,20.0820773],[85.7437762,20.0820812],[85.7441189,20.0819962]]}},{"type":"Feature","properties":{"id":873415924,"highway":"residential"},"geometry":{"type":"LineString","coordinates":[[85.7434116,20.0819296],[85.7434639,20.0817532],[85.7434681,20.0817103],[85.7434658,20.0816774],[85.7433182,20.0812511],[85.7432777,20.0811828],[85.743264,20.0811422],[85.7432367,20.0808421],[85.7432228,20.0807814],[85.7431579,20.0805126],[85.7431358,20.0804704],[85.7431026,20.0804353],[85.7427885,20.0802039]]}},{"type":"Feature","properties":{"id":873415926,"highway":"unclassified"},"geometry":{"type":"LineString","coordinates":[[85.7435017,20.0849429],[85.7434953,20.083836],[85.7434148,20.0831912],[85.7433799,20.0830199],[85.743365,20.0829874],[85.7433393,20.082959],[85.7431932,20.0828349],[85.7431734,20.0828033],[85.7431559,20.0827612],[85.7431117,20.0825967],[85.7431166,20.0825674],[85.7431354,20.0825321],[85.7431984,20.0824351],[85.7432158,20.0823935],[85.7432199,20.0823507],[85.7431877,20.0820257],[85.743181,20.0819943],[85.7431676,20.0819691],[85.7431422,20.0819574],[85.7430609,20.0819552],[85.7430275,20.0819503],[85.7430022,20.081939],[85.7424706,20.0815684],[85.7421213,20.0813872],[85.7420875,20.081351],[85.7420698,20.0813141],[85.7420754,20.0812708],[85.7422132,20.0809797],[85.7423473,20.0807581],[85.7427298,20.0802777],[85.7427885,20.0802039],[85.7430296,20.0798895],[85.7430534,20.079808],[85.7430552,20.0797339],[85.742873,20.0793072],[85.7428086,20.0791208],[85.7427855,20.0790615],[85.7427447,20.0790222],[85.7426842,20.0789967],[85.7422239,20.0789193],[85.7414102,20.0787867],[85.7413544,20.0787654],[85.7413014,20.0787344],[85.7412546,20.0786806],[85.7411403,20.0785112],[85.7410397,20.0783211],[85.7409632,20.078078],[85.7409579,20.0780024],[85.7410387,20.0768841]]}},{"type":"Feature","properties":{"id":873415929,"highway":"residential"},"geometry":{"type":"LineString","coordinates":[[85.7219121,20.0897994],[85.722411,20.0896385]]}},{"type":"Feature","properties":{"id":873415930,"highway":"residential"},"geometry":{"type":"LineString","coordinates":[[85.7433393,20.082959],[85.7434586,20.0825299],[85.7434886,20.0824883],[85.7436495,20.0823669],[85.7436745,20.0823487],[85.7437045,20.0823204],[85.7437169,20.0822872],[85.7437278,20.0820773]]}},{"type":"Feature","properties":{"id":873424274,"highway":"residential"},"geometry":{"type":"LineString","coordinates":[[85.7256331,20.0910731],[85.7260728,20.0910795],[85.7261273,20.0910919],[85.7261959,20.0911215],[85.7262717,20.0911651],[85.7263114,20.0911864],[85.726364,20.0912044],[85.7270097,20.0913171]]}},{"type":"Feature","properties":{"id":873425772,"highway":"residential"},"geometry":{"type":"LineString","coordinates":[[85.7397133,20.0781166],[85.7402353,20.0780123],[85.7403019,20.0780008],[85.7403877,20.078001],[85.7409579,20.0780024]]}},{"type":"Feature","properties":{"id":873962583,"highway":"unclassified"},"geometry":{"type":"LineString","coordinates":[[85.7912874,20.071864],[85.7913909,20.0718175]]}},{"type":"Feature","properties":{"id":873962584,"highway":"unclassified"},"geometry":{"type":"LineString","coordinates":[[85.7913909,20.0718175],[85.7918621,20.0716046],[85.7919395,20.0715695],[85.7920808,20.0715124],[85.7927399,20.0712997],[85.7927908,20.0712765],[85.7929743,20.0711635]]}},{"type":"Feature","properties":{"id":873993790,"highway":"residential"},"geometry":{"type":"LineString","coordinates":[[85.7912648,20.071873],[85.7914985,20.0721887],[85.7920377,20.0729898],[85.7920712,20.0730364],[85.7920806,20.0730717],[85.7920779,20.073112],[85.7920484,20.0731611],[85.7915871,20.0736234],[85.7912665,20.073888],[85.7911874,20.0739383],[85.79095,20.0740681],[85.7908334,20.074121],[85.7895898,20.0745232],[85.7895644,20.0745271],[85.7895334,20.0745219],[85.7895182,20.0745023],[85.7894772,20.0743626],[85.7893921,20.0740825],[85.7893677,20.0740023],[85.7892937,20.0738084],[85.7892737,20.073739],[85.7892583,20.0736681],[85.7892537,20.0736015],[85.7892383,20.0734843],[85.7892244,20.0734365],[85.7891982,20.0733902],[85.7889158,20.0730106]]}},{"type":"Feature","properties":{"id":873993791,"highway":"residential"},"geometry":{"type":"LineString","coordinates":[[85.7930201,20.0735158],[85.794118,20.0730198]]}},{"type":"Feature","properties":{"id":873993792,"highway":"residential"},"geometry":{"type":"LineString","coordinates":[[85.7918311,20.0740928],[85.7920524,20.0739713],[85.7921387,20.0739294],[85.7926363,20.0737297],[85.7926994,20.0737196],[85.7927472,20.0737152],[85.7927765,20.0737239],[85.792798,20.0737528],[85.7929166,20.0739511],[85.7932212,20.0743608],[85.7932504,20.0743839],[85.7932859,20.0743926],[85.7933321,20.074381],[85.7939498,20.0741524],[85.794033,20.0741278],[85.7944422,20.0740364]]}},{"type":"Feature","properties":{"id":873993794,"highway":"tertiary"},"geometry":{"type":"LineString","coordinates":[[85.7945203,20.0781212],[85.7945149,20.077884]]}},{"type":"Feature","properties":{"id":873993795,"highway":"tertiary"},"geometry":{"type":"LineString","coordinates":[[85.7945149,20.077884],[85.7945029,20.0773547],[85.7944775,20.0766162],[85.7944606,20.0760519],[85.7944446,20.0755106],[85.7944427,20.0750532],[85.7944542,20.074478],[85.7944422,20.0740364],[85.7944113,20.0737354],[85.7943541,20.0735671],[85.794118,20.0730198],[85.7940554,20.0728747],[85.7938153,20.0723591],[85.7936401,20.0720897]]}},{"type":"Feature","properties":{"id":874007587,"highway":"residential"},"geometry":{"type":"LineString","coordinates":[[85.7946837,20.0872389],[85.7947439,20.0871835],[85.7948029,20.0871362],[85.7950794,20.0869642],[85.7951315,20.0868939],[85.7951462,20.0868003],[85.795149,20.0867104],[85.7951352,20.0866549],[85.795112,20.0865907],[85.7948755,20.0862256],[85.7948432,20.0861615],[85.794764,20.0859129],[85.7947579,20.0858779],[85.7947581,20.0858462],[85.7948384,20.085768],[85.7948699,20.0857431],[85.7950378,20.0856676],[85.795086,20.0856576],[85.7952199,20.0856475],[85.7953485,20.0856224],[85.7954074,20.0855989],[85.7955539,20.085515],[85.7955985,20.0854999],[85.7956485,20.0855033],[85.7959092,20.0856408],[85.7960307,20.0857113],[85.7960878,20.0857247],[85.7961539,20.085718],[85.7966217,20.0855385],[85.7966878,20.0854999],[85.7972293,20.0851852]]}},{"type":"Feature","properties":{"id":874013788,"highway":"residential"},"geometry":{"type":"LineString","coordinates":[[85.7943255,20.08598],[85.7946291,20.0858743],[85.7946862,20.0858576],[85.7947581,20.0858462]]}},{"type":"Feature","properties":{"id":874013789,"highway":"residential"},"geometry":{"type":"LineString","coordinates":[[85.7952418,20.085142],[85.7954074,20.0855989]]}},{"type":"Feature","properties":{"id":874013790,"highway":"residential"},"geometry":{"type":"LineString","coordinates":[[85.7948733,20.0850705],[85.795086,20.0856576]]}},{"type":"Feature","properties":{"id":874013792,"highway":"residential"},"geometry":{"type":"LineString","coordinates":[[85.7953794,20.0860445],[85.7956374,20.0860445],[85.7957167,20.0860328],[85.7958069,20.0860021],[85.795953,20.0859116],[85.795981,20.0858737],[85.7959984,20.0858378],[85.7959996,20.0858113],[85.7959913,20.0857858],[85.7959654,20.0857626],[85.7959313,20.0857305],[85.7959195,20.0857028],[85.7959092,20.0856408]]}},{"type":"Feature","properties":{"id":874013793,"highway":"residential"},"geometry":{"type":"LineString","coordinates":[[85.7966117,20.0868244],[85.7967619,20.0869626],[85.796794,20.0869961],[85.7968226,20.0870431],[85.796894,20.0871605],[85.7969262,20.0871957],[85.7969762,20.0872309],[85.7970922,20.0873064],[85.7971244,20.087345],[85.7971619,20.0873969],[85.797494,20.0878783],[85.7975315,20.0878984],[85.7975851,20.0879051],[85.7976708,20.0879001],[85.7977262,20.0879169],[85.7977601,20.0879504],[85.7980833,20.0884854],[85.7981369,20.0885628],[85.7984369,20.0889787],[85.7984691,20.089034],[85.7986101,20.0893577],[85.7986834,20.0895137],[85.7988166,20.0897673],[85.7988477,20.0898359],[85.798868,20.0899071],[85.7989465,20.0901893],[85.7989736,20.0902185],[85.7990087,20.0902325],[85.7990832,20.0902325],[85.7993853,20.0901921],[85.7994674,20.0901707],[85.7995364,20.0901402],[85.7998206,20.0900131],[85.7999302,20.0899711],[85.8002573,20.0898728]]}},{"type":"Feature","properties":{"id":874022056,"highway":"residential"},"geometry":{"type":"LineString","coordinates":[[85.7974805,20.086351],[85.7975087,20.0864428],[85.7975034,20.0864981],[85.7974819,20.0865585],[85.797448,20.0866608],[85.7974462,20.0867245],[85.7974605,20.0867748],[85.7976034,20.087018],[85.7976587,20.0870884],[85.7980195,20.0874255],[85.7980695,20.0874473],[85.7981373,20.0874507],[85.7984034,20.0874071],[85.7984766,20.0873853],[85.7985355,20.0873601],[85.7988252,20.0872308]]}},{"type":"Feature","properties":{"id":874030802,"highway":"residential"},"geometry":{"type":"LineString","coordinates":[[85.7984946,20.0730261],[85.7983587,20.0731157],[85.7983285,20.0731519],[85.7983106,20.0731905],[85.7983017,20.0732391],[85.7982981,20.0733464],[85.7982874,20.0733867],[85.7982517,20.0734303],[85.7980249,20.0736936],[85.7979963,20.073749],[85.7979892,20.0737976],[85.7980591,20.0739837]]}},{"type":"Feature","properties":{"id":874030803,"highway":"residential"},"geometry":{"type":"LineString","coordinates":[[85.7983883,20.0720949],[85.7981191,20.0722101],[85.7978829,20.0723112],[85.7977633,20.0723481],[85.7975245,20.0723924]]}},{"type":"Feature","properties":{"id":874030804,"highway":"residential"},"geometry":{"type":"LineString","coordinates":[[85.7977648,20.0713638],[85.797914,20.0713954],[85.7979731,20.0714275],[85.7980135,20.0714859],[85.7980337,20.071556],[85.7980415,20.0716129],[85.7980742,20.0720568],[85.7980866,20.0721182],[85.7981191,20.0722101]]}},{"type":"Feature","properties":{"id":874030805,"highway":"residential"},"geometry":{"type":"LineString","coordinates":[[85.7966892,20.0710448],[85.7965919,20.0706609],[85.7965703,20.0706138],[85.7965361,20.0705707],[85.7964808,20.0705264],[85.7964384,20.0704978],[85.7964117,20.070492],[85.7963843,20.0704896],[85.7963581,20.0704928],[85.7963353,20.070502],[85.7963095,20.0705057],[85.7962888,20.0705025],[85.796271,20.0704906]]}},{"type":"Feature","properties":{"id":874030806,"highway":"residential"},"geometry":{"type":"LineString","coordinates":[[85.796271,20.0704906],[85.7962345,20.070422]]}},{"type":"Feature","properties":{"id":874030807,"highway":"residential"},"geometry":{"type":"LineString","coordinates":[[85.7962345,20.070422],[85.7962215,20.0703882]]}},{"type":"Feature","properties":{"id":874504223,"highway":"residential"},"geometry":{"type":"LineString","coordinates":[[85.7900008,20.0975035],[85.7904607,20.0987732],[85.7905128,20.0990076],[85.7904976,20.0990607],[85.7904579,20.0991004],[85.7903742,20.0991448],[85.789173,20.0996046]]}},{"type":"Feature","properties":{"id":874516822,"highway":"unclassified"},"geometry":{"type":"LineString","coordinates":[[85.7995534,20.1009115],[85.7996635,20.1008203],[85.7997443,20.1007748],[85.8000215,20.1006818],[85.800161,20.1006416],[85.8002052,20.1006088],[85.8002216,20.1005724],[85.8002189,20.1005326],[85.8001207,20.1001404],[85.8000661,20.099973],[85.7999166,20.0996851],[85.7998417,20.0995535],[85.7997636,20.0993721],[85.7997108,20.0992033],[85.7996996,20.0991253],[85.7996996,20.09907],[85.799709,20.0990259],[85.7997304,20.0989944],[85.7997854,20.098965],[85.7999219,20.0989096],[85.8005786,20.0987671],[85.8006382,20.0987412],[85.8006809,20.0986977],[85.8008758,20.0984846],[85.801125,20.0982927],[85.8011974,20.0982404],[85.8012326,20.0981923],[85.8012463,20.0981246],[85.8012653,20.0980302]]}},{"type":"Feature","properties":{"id":874521390,"highway":"residential"},"geometry":{"type":"LineString","coordinates":[[85.6956505,20.0784414],[85.6957362,20.0784034],[85.6958569,20.0783602],[85.6960034,20.0783122],[85.6962577,20.0782245],[85.6965639,20.0781221],[85.696948,20.0779929],[85.6974384,20.077854],[85.697825,20.0777516],[85.6981546,20.0776761],[85.6984348,20.0776273],[85.6988241,20.0775762],[85.6995766,20.0774519],[85.6997557,20.0774372],[85.6999814,20.0774421],[85.7002357,20.0774641],[85.7007936,20.077581],[85.701035,20.077642],[85.7014242,20.0777321],[85.7015535,20.0777787],[85.7016997,20.0777887],[85.7017432,20.0777997],[85.7020195,20.077961],[85.7021838,20.0781062],[85.7022348,20.0781364],[85.7023166,20.0781617],[85.7023944,20.0781755],[85.70279,20.0781654],[85.7028827,20.0781808],[85.7029107,20.0781944],[85.7029272,20.0782201],[85.7029444,20.0782875],[85.7029509,20.0783128],[85.7029708,20.0783352],[85.703018,20.0783587],[85.7033318,20.0784426],[85.7033857,20.0784718],[85.7034887,20.0785351],[85.7036671,20.0786673],[85.7037349,20.0787274],[85.7037529,20.0787971],[85.7037824,20.0788701],[85.7038213,20.0789419],[85.7038358,20.0790028],[85.7038428,20.0790664],[85.7038335,20.0791365],[85.7037844,20.0794523],[85.7037588,20.0795181],[85.7035439,20.0798471],[85.7034786,20.0799173],[85.703147,20.0801739],[85.703112,20.0802265],[85.7030933,20.0803011],[85.7030886,20.0804085],[85.7030816,20.0806892],[85.7030559,20.0807638],[85.7030092,20.080834],[85.7028552,20.0810441]]}},{"type":"Feature","properties":{"id":874565668,"highway":"residential"},"geometry":{"type":"LineString","coordinates":[[85.7072083,20.0802856],[85.7070493,20.0798851],[85.7068884,20.079623],[85.7068347,20.0795719],[85.7067704,20.0795374],[85.70647,20.0794315],[85.7064271,20.0793963],[85.706408,20.0793589],[85.7063466,20.0788747],[85.7063305,20.0788419],[85.706297,20.0788231],[85.70544,20.0787916],[85.7053341,20.0787983],[85.7051369,20.0788268],[85.7050484,20.0788268],[85.7049942,20.0788187],[85.7047576,20.0787768],[85.7046492,20.0787609],[85.7045611,20.0787555],[85.7044373,20.0787509],[85.7040992,20.0787332],[85.7037349,20.0787274],[85.7034105,20.0788327],[85.7033526,20.078844],[85.703305,20.0788419],[85.7029813,20.0787683],[85.7029348,20.0787613],[85.7028344,20.0787685],[85.7027648,20.0787879],[85.7027216,20.0787923],[85.7024502,20.0787656],[85.7023915,20.0787404],[85.7022371,20.0786388],[85.7021945,20.0786152],[85.7019933,20.0785496],[85.7019585,20.0785245],[85.7018405,20.0784035],[85.7016796,20.0782977],[85.7016324,20.078234],[85.7016098,20.0781616],[85.7015838,20.078001],[85.7015575,20.0778379],[85.7015535,20.0777787]]}},{"type":"Feature","properties":{"id":874565670,"highway":"residential"},"geometry":{"type":"LineString","coordinates":[[85.7080422,20.0803249],[85.7080429,20.080122],[85.7080315,20.0800604],[85.7078677,20.0794912]]}},{"type":"Feature","properties":{"id":874567015,"highway":"residential"},"geometry":{"type":"LineString","coordinates":[[85.7020195,20.077961],[85.7020312,20.0778885],[85.7020462,20.0777959],[85.7020391,20.0772537],[85.7020498,20.0772187],[85.7020873,20.0771885],[85.7021229,20.07718],[85.7025947,20.0770961],[85.7026238,20.0770777],[85.7026504,20.0770414],[85.7027848,20.0768157],[85.7028211,20.0767699],[85.7029208,20.0766841],[85.7029559,20.0766486],[85.7029686,20.0766255],[85.7029738,20.0765802],[85.7029496,20.0764315],[85.7029315,20.0762043]]}},{"type":"Feature","properties":{"id":874573306,"highway":"unclassified"},"geometry":{"type":"LineString","coordinates":[[85.71188,20.0855944],[85.7113542,20.0855112],[85.7112186,20.0854765],[85.7110767,20.0854272],[85.7110026,20.0853939],[85.7105902,20.0851945],[85.7103273,20.0851189],[85.7102343,20.0851065],[85.7101197,20.0851144],[85.7095562,20.0851997],[85.7095083,20.0852046],[85.7091987,20.0852361],[85.7091322,20.0852512],[85.7090907,20.0852707],[85.7088534,20.0854389],[85.7088238,20.0854628],[85.70863,20.0857028],[85.7085984,20.0857324],[85.7085634,20.0857505],[85.708353,20.0858293],[85.7081996,20.0859178],[85.7079776,20.0860677],[85.7079575,20.0860897],[85.7079536,20.0861097],[85.7079638,20.0862264],[85.7079577,20.0862624],[85.7079482,20.0862821],[85.7079052,20.0863191],[85.7078941,20.0863402],[85.7079054,20.0864041],[85.707897,20.0864293],[85.7078768,20.0864554],[85.7076484,20.0866621],[85.7076101,20.0866967],[85.7071138,20.0869885],[85.7070477,20.0870214],[85.7057244,20.0875224],[85.7051235,20.0878348],[85.7048392,20.0879506],[85.7047074,20.0879891],[85.7045817,20.0880161],[85.7040368,20.0880709],[85.7039391,20.0880709],[85.7038522,20.0880564],[85.7033632,20.0879657],[85.7032782,20.0879717],[85.7032044,20.0879843],[85.7030706,20.0880209]]}},{"type":"Feature","properties":{"id":874573307,"highway":"residential"},"geometry":{"type":"LineString","coordinates":[[85.7102208,20.0830679],[85.7101824,20.0832345],[85.7100912,20.0834562],[85.7099495,20.0837792],[85.7099335,20.0838282],[85.7098764,20.0842802],[85.709866,20.0843271],[85.7098475,20.0843616],[85.7095449,20.0846987],[85.7095204,20.0847368],[85.7095095,20.084777],[85.7095562,20.0851997]]}},{"type":"Feature","properties":{"id":874573308,"highway":"residential"},"geometry":{"type":"LineString","coordinates":[[85.7082784,20.0853356],[85.708353,20.0858293]]}},{"type":"Feature","properties":{"id":874573309,"highway":"residential"},"geometry":{"type":"LineString","coordinates":[[85.707813,20.0856023],[85.707858,20.0857972],[85.7079575,20.0860897]]}},{"type":"Feature","properties":{"id":874573311,"highway":"residential"},"geometry":{"type":"LineString","coordinates":[[85.7073585,20.088382],[85.7073503,20.0882579],[85.7073503,20.0881118],[85.7073798,20.0877578],[85.7073865,20.0873196],[85.7073932,20.0872786],[85.70741,20.0872235],[85.7075542,20.0868925],[85.7075751,20.0868295],[85.7076101,20.0866967]]}},{"type":"Feature","properties":{"id":874575704,"highway":"residential"},"geometry":{"type":"LineString","coordinates":[[85.707451,20.085924],[85.7075435,20.0862699],[85.7076484,20.0866621]]}},{"type":"Feature","properties":{"id":874575705,"highway":"residential"},"geometry":{"type":"LineString","coordinates":[[85.7075435,20.0862699],[85.7077863,20.0862217],[85.707833,20.0862184],[85.7079638,20.0862264]]}},{"type":"Feature","properties":{"id":874575706,"highway":"residential"},"geometry":{"type":"LineString","coordinates":[[85.7078635,20.0850389],[85.707831,20.0848193],[85.7078269,20.0847716],[85.7078411,20.0847315],[85.7078981,20.0846838],[85.7080526,20.0846398],[85.7086583,20.0845749],[85.7087213,20.0845826],[85.7087803,20.0846169],[85.7089124,20.0846876],[85.7089734,20.0847067],[85.7090445,20.0847143],[85.7095204,20.0847368]]}},{"type":"Feature","properties":{"id":874579157,"highway":"residential"},"geometry":{"type":"LineString","coordinates":[[85.7147992,20.0859131],[85.7149197,20.0862492],[85.7149411,20.0862828],[85.7151315,20.0864692],[85.715149,20.086502],[85.7151684,20.0865436],[85.7152179,20.0868173],[85.7152334,20.0868447],[85.7152653,20.0868615],[85.7153071,20.0868632],[85.7160685,20.0868371],[85.716102,20.0868247],[85.7161602,20.0867766],[85.7161864,20.0867578],[85.7162202,20.0867446],[85.7169368,20.086701],[85.7188117,20.0865854],[85.718885,20.0865837],[85.7195572,20.0866631],[85.7196354,20.08668],[85.7203113,20.0869227],[85.7206194,20.0870473],[85.7206994,20.0870639],[85.7207904,20.0870704],[85.7209072,20.087056],[85.7216272,20.0868961]]}},{"type":"Feature","properties":{"id":874579161,"highway":"residential"},"geometry":{"type":"LineString","coordinates":[[85.7182628,20.087639],[85.7182416,20.087358],[85.7182297,20.0873056],[85.7181224,20.0869731],[85.7181018,20.0869446],[85.7180688,20.0869277],[85.7179214,20.0869417],[85.7178818,20.0869529],[85.7176672,20.0870855],[85.7175537,20.0871035],[85.7174572,20.0871041],[85.7169797,20.087089],[85.7169439,20.0870765],[85.7169314,20.0870487],[85.7169368,20.086701],[85.7169132,20.0864703],[85.7168931,20.0864059],[85.7168671,20.0863534],[85.7167016,20.0861593],[85.7166726,20.0861105],[85.7165113,20.0857573]]}},{"type":"Feature","properties":{"id":874579163,"highway":"residential"},"geometry":{"type":"LineString","coordinates":[[85.7176672,20.0870855],[85.7178542,20.0873968],[85.7178848,20.0874315],[85.7179263,20.0874619],[85.7180849,20.087553],[85.7182628,20.087639],[85.7184642,20.0877005],[85.7185328,20.0877057],[85.7186,20.0876965],[85.7187258,20.0876526],[85.718777,20.0876487],[85.718829,20.0876568],[85.7190935,20.0877344],[85.7192491,20.0877646],[85.7193564,20.0877646],[85.7194637,20.0877394],[85.7196246,20.0876638],[85.719896,20.0874962],[85.7199547,20.0874737],[85.7201879,20.0873968],[85.7202157,20.0873695],[85.7202358,20.0873357],[85.7203113,20.0869227]]}},{"type":"Feature","properties":{"id":874579164,"highway":"residential"},"geometry":{"type":"LineString","coordinates":[[85.7194907,20.0853861],[85.7194661,20.0854912],[85.7194661,20.0855332],[85.7194763,20.0855847],[85.7195393,20.0857642],[85.7195576,20.085831],[85.7195576,20.0858845],[85.7195572,20.0866631]]}},{"type":"Feature","properties":{"id":874584167,"highway":"residential"},"geometry":{"type":"LineString","coordinates":[[85.7212386,20.0897998],[85.721263,20.0896585],[85.7212548,20.0896146],[85.7212365,20.0895707],[85.7211512,20.0894924],[85.7210841,20.0894733],[85.7208778,20.0894432],[85.7208377,20.0894229],[85.7208115,20.0893969],[85.7207889,20.0893483],[85.7207744,20.0892881],[85.720762,20.089115],[85.7207068,20.0886599],[85.7207019,20.0885856],[85.7207029,20.0884801],[85.7207359,20.0880366],[85.7207351,20.0879258],[85.7206922,20.0874119],[85.7206994,20.0870639]]}},{"type":"Feature","properties":{"id":874584169,"highway":"residential"},"geometry":{"type":"LineString","coordinates":[[85.7215452,20.0885053],[85.7207029,20.0884801]]}},{"type":"Feature","properties":{"id":874588186,"highway":"residential"},"geometry":{"type":"LineString","coordinates":[[85.7095615,20.0749665],[85.7091956,20.0750319],[85.7087933,20.0751026],[85.7087248,20.0751066],[85.7085009,20.0751092],[85.708431,20.0751003],[85.7083817,20.0750845],[85.7083604,20.0750467],[85.7083442,20.0750075],[85.7082938,20.074768],[85.7082464,20.0746564],[85.7082113,20.0745882],[85.7081998,20.0745672],[85.708107,20.0743968],[85.7081106,20.0743669],[85.7081424,20.074347],[85.7086698,20.0742273],[85.7087636,20.074219],[85.7088379,20.0742273],[85.7089055,20.0742461],[85.7091086,20.0743287],[85.709167,20.0743387],[85.7092201,20.0743403],[85.7094119,20.074332]]}},{"type":"Feature","properties":{"id":874588187,"highway":"residential"},"geometry":{"type":"LineString","coordinates":[[85.7041847,20.0731981],[85.7043545,20.0731483],[85.7043917,20.0731333],[85.7044289,20.073115],[85.7044713,20.0731101],[85.7050907,20.0731433],[85.705142,20.0731483],[85.7051739,20.0731616],[85.7051916,20.0731844],[85.7051986,20.0732214],[85.7052022,20.073263],[85.7052199,20.0732962],[85.7052517,20.0733228],[85.7058534,20.0735971],[85.7059206,20.0736187],[85.706068,20.0736313],[85.7067881,20.0736944],[85.7068764,20.0737179],[85.7070104,20.073769],[85.7070551,20.0737926],[85.7070925,20.0738248],[85.7072429,20.073984],[85.7072718,20.0740091],[85.7075379,20.0741805],[85.7081998,20.0745672]]}},{"type":"Feature","properties":{"id":874588190,"highway":"unclassified"},"geometry":{"type":"LineString","coordinates":[[85.7108297,20.0718295],[85.7106611,20.0718708],[85.710472,20.0719044],[85.7102809,20.0719533],[85.7101746,20.0719898],[85.7101051,20.0720215],[85.7100162,20.0720685],[85.7099749,20.0721192],[85.7099503,20.0721685],[85.7099273,20.0722501],[85.709915,20.072351],[85.7098822,20.0726475],[85.7098683,20.0727283],[85.7098486,20.0727976],[85.7098052,20.0728831],[85.7097519,20.072957],[85.7096814,20.0730656],[85.7096388,20.0731326],[85.709615,20.0731819],[85.7096035,20.0732373],[85.7096109,20.073309],[85.7096248,20.0734252],[85.7096265,20.0734876],[85.709615,20.0735754],[85.7095928,20.0736655],[85.7095601,20.0737694],[85.7094395,20.0740918],[85.7094211,20.0742007],[85.7094119,20.074332],[85.7094248,20.0744253],[85.7095009,20.0747363],[85.7095615,20.0749665],[85.7095909,20.0750782],[85.7096282,20.0751353],[85.70968,20.0751712],[85.7097412,20.0751878],[85.7102602,20.0752058],[85.7105457,20.0752607],[85.7105938,20.0752774],[85.7106398,20.075317],[85.7107814,20.0754491],[85.7108297,20.0754795],[85.7117942,20.0758756],[85.7118505,20.0759107],[85.7120383,20.076072],[85.7120942,20.0761119],[85.712155,20.0761459],[85.7122877,20.0762109],[85.7126574,20.0763921],[85.7127251,20.0764422],[85.7131579,20.0769326],[85.713197,20.0769893],[85.7137817,20.077957],[85.7142815,20.0786828]]}},{"type":"Feature","properties":{"id":874588191,"highway":"unclassified"},"geometry":{"type":"LineString","coordinates":[[85.7109503,20.0717911],[85.7108297,20.0718295]]}},{"type":"Feature","properties":{"id":874593547,"highway":"residential"},"geometry":{"type":"LineString","coordinates":[[85.7025947,20.0770961],[85.7026788,20.0772718],[85.7027071,20.0773715],[85.7027084,20.0773978],[85.7027042,20.0775044]]}},{"type":"Feature","properties":{"id":874593548,"highway":"residential"},"geometry":{"type":"LineString","coordinates":[[85.7042332,20.0782969],[85.7040372,20.078133],[85.7038602,20.0779701],[85.703777,20.0779186],[85.7037222,20.0779003],[85.7036302,20.077892],[85.7035028,20.0778903],[85.7034497,20.0778787],[85.7033966,20.0778521],[85.703347,20.0778205],[85.7033028,20.0778039],[85.703111,20.0777954],[85.7030574,20.0777879],[85.7030292,20.0777765],[85.7029903,20.0777551],[85.7029581,20.077735],[85.7029179,20.0777098],[85.7028039,20.0776849],[85.7027724,20.0776772],[85.7027572,20.0776597],[85.7027526,20.0776372],[85.7027549,20.0775862],[85.7027549,20.0775467],[85.7027456,20.0775248],[85.7027265,20.0775105],[85.7027042,20.0775044],[85.7026731,20.0775102],[85.7026463,20.0775281],[85.702616,20.0775577],[85.7025447,20.0776531],[85.7025214,20.0776739],[85.7024805,20.0776926],[85.7023509,20.0777266],[85.7023136,20.0777452],[85.7021898,20.077856],[85.7021525,20.0778735],[85.7021163,20.0778823],[85.7020312,20.0778885]]}},{"type":"Feature","properties":{"id":874593549,"highway":"residential"},"geometry":{"type":"LineString","coordinates":[[85.7050631,20.0782126],[85.7049949,20.0785518],[85.7049887,20.0786111],[85.7049942,20.0788187]]}},{"type":"Feature","properties":{"id":874593550,"highway":"residential"},"geometry":{"type":"LineString","coordinates":[[85.7057315,20.0777301],[85.705544,20.0778499],[85.7051935,20.0781558],[85.7051576,20.0781853],[85.705097,20.0782062],[85.7050631,20.0782126],[85.7046734,20.0782857],[85.7046141,20.0782919],[85.7043212,20.0782768],[85.7042718,20.0782804],[85.7042332,20.0782969],[85.7042024,20.0783362],[85.7040992,20.0787332]]}},{"type":"Feature","properties":{"id":874624366,"highway":"residential"},"geometry":{"type":"LineString","coordinates":[[85.7155021,20.0700782],[85.715546,20.0700305],[85.7155908,20.0699867],[85.7156574,20.0699358],[85.7157588,20.0698659],[85.7160219,20.0697208],[85.7161596,20.0696358],[85.7163378,20.069504],[85.7168623,20.0690937],[85.7171288,20.0688851],[85.7173053,20.0687515],[85.7175073,20.0686319],[85.7179603,20.0684778]]}},{"type":"Feature","properties":{"id":874994602,"highway":"residential"},"geometry":{"type":"LineString","coordinates":[[85.7207029,20.0884801],[85.7202147,20.0884146]]}}]}