{"type":"FeatureCollection","features":[{"type":"Feature","properties":{"id":563844448,"highway":"unclassified"},"geometry":{"type":"LineString","coordinates":[[85.6265187,20.0834424],[85.6265345,20.0840114],[85.6265348,20.0848581],[85.6264928,20.085547],[85.6264217,20.0860614],[85.6263737,20.0868326],[85.6263349,20.0871319],[85.6262893,20.0872811],[85.6262725,20.0873712],[85.6261634,20.0880677],[85.6261117,20.0882781],[85.625977,20.0884697],[85.6258962,20.0888828],[85.6258759,20.0889867],[85.6256071,20.0900618],[85.6255799,20.0901704],[85.625363,20.0912451],[85.6253264,20.0914267],[85.6252817,20.0916673],[85.6252555,20.0918084],[85.6252517,20.0919107],[85.6252606,20.091963],[85.6253078,20.0922433],[85.6256791,20.0934738],[85.6256992,20.0936343],[85.6256977,20.0937509],[85.6257086,20.0938068]]}},{"type":"Feature","properties":{"id":563844540,"highway":"unclassified"},"geometry":{"type":"LineString","coordinates":[[85.625977,20.0884697],[85.62465,20.0887791],[85.6245821,20.0887919],[85.6235888,20.0889788],[85.6233309,20.0890177],[85.6232193,20.0890143],[85.623115,20.0889844],[85.6229943,20.088939],[85.6228462,20.0888539],[85.6225618,20.0886572],[85.6223066,20.0885251],[85.6220956,20.0884719],[85.6219721,20.0884589],[85.6217862,20.0884392],[85.621464,20.0884291],[85.6211704,20.0884201],[85.6209921,20.0884301],[85.6205428,20.0884554],[85.6200063,20.0884755],[85.6192341,20.0884806],[85.6189683,20.0884777],[85.6187877,20.0884445],[85.6186166,20.0883784],[85.6183964,20.0882764]]}},{"type":"Feature","properties":{"id":563844719,"highway":"unclassified"},"geometry":{"type":"LineString","coordinates":[[85.6241059,20.0862833],[85.6245539,20.0866252],[85.6246381,20.086731],[85.6246748,20.0868173],[85.6247087,20.0869374],[85.6247142,20.0870488],[85.6247221,20.0872105],[85.6247065,20.0874833],[85.6246831,20.0878911],[85.62465,20.0887791]]}},{"type":"Feature","properties":{"id":563845208,"highway":"unclassified"},"geometry":{"type":"LineString","coordinates":[[85.6246831,20.0878911],[85.6243663,20.0878772],[85.623858,20.0878818],[85.6235951,20.0878886],[85.6232956,20.0879116],[85.623096,20.087927],[85.622802,20.0879046],[85.6227475,20.0879002],[85.6226349,20.0878911],[85.6221207,20.0878585],[85.6220501,20.0878452],[85.6220039,20.087812],[85.6219703,20.0877389],[85.6219557,20.0876662],[85.6219336,20.0875712],[85.6219115,20.0874438],[85.6218831,20.0873474],[85.6217928,20.0870857],[85.6217885,20.08706],[85.6217881,20.0870262]]}},{"type":"Feature","properties":{"id":563845428,"highway":"unclassified"},"geometry":{"type":"LineString","coordinates":[[85.6217881,20.0870262],[85.621805,20.0869922],[85.6218376,20.0869607],[85.6218931,20.0869222],[85.6219486,20.0868837],[85.6220305,20.0868337],[85.6220929,20.0867867],[85.6221779,20.0867109],[85.6222307,20.0866441],[85.6222836,20.0865772]]}},{"type":"Feature","properties":{"id":563845988,"highway":"residential"},"geometry":{"type":"LineString","coordinates":[[85.6264928,20.085547],[85.6267704,20.0852211],[85.6269693,20.0850063],[85.6271345,20.0849026],[85.6273128,20.0848685],[85.6275519,20.0848824],[85.6283057,20.0848893],[85.6286278,20.0848632],[85.6290531,20.0848487]]}},{"type":"Feature","properties":{"id":563859470,"highway":"residential"},"geometry":{"type":"LineString","coordinates":[[85.6649861,20.1021188],[85.66448,20.1016685],[85.6640078,20.1011305],[85.6634685,20.1004621],[85.6633455,20.1003091],[85.6632019,20.1001306],[85.6629297,20.0997695],[85.6623947,20.0990774],[85.662137,20.0987512],[85.6619862,20.0983933],[85.6619131,20.098162],[85.6618898,20.0980997],[85.6618464,20.0979839],[85.6617603,20.0977918],[85.6616136,20.097614],[85.6613374,20.0972824],[85.6612477,20.0971475],[85.6611596,20.0969828],[85.6610757,20.0966987],[85.6610521,20.0966534],[85.6609956,20.096593],[85.6609474,20.0965415],[85.6609094,20.0964485],[85.6608929,20.0963832],[85.6608931,20.0963307],[85.6609256,20.0962145],[85.6609995,20.0959841],[85.6610132,20.0959034],[85.6610101,20.0958147],[85.6609233,20.0954725],[85.6607716,20.0949941],[85.6606637,20.0947332],[85.6605528,20.0944124],[85.660467,20.0942596],[85.6603361,20.0940765],[85.6598232,20.0935599]]}},{"type":"Feature","properties":{"id":563860109,"highway":"residential"},"geometry":{"type":"LineString","coordinates":[[85.6609474,20.0965415],[85.6607366,20.0965685],[85.6603778,20.0966745],[85.6603292,20.0966747],[85.6602675,20.0966507],[85.6600606,20.0965559],[85.6600297,20.0965287],[85.6600033,20.0964823],[85.6599546,20.0962853],[85.6599252,20.0962494],[85.6598946,20.0962312],[85.6597495,20.0962267]]}},{"type":"Feature","properties":{"id":564005260,"highway":"unclassified"},"geometry":{"type":"LineString","coordinates":[[85.5956519,20.0898005],[85.5953729,20.0897854],[85.5949598,20.089866],[85.5946755,20.0899315],[85.5943912,20.0900675],[85.5943,20.0902036],[85.5940157,20.0903849],[85.594182,20.0906469],[85.5941766,20.0909996],[85.5942732,20.0914631],[85.5944985,20.0919215],[85.5946273,20.0921885],[85.5948365,20.0928334],[85.5951637,20.0932717],[85.5953193,20.0934379],[85.5955929,20.0938309],[85.5959415,20.0941281],[85.5961508,20.0943246],[85.596655,20.0948964],[85.5968589,20.095045],[85.5971539,20.0950198],[85.5972451,20.0953574],[85.5975133,20.0958662],[85.5976045,20.09638],[85.5977225,20.096647],[85.5981517,20.0972415],[85.5983609,20.0977503],[85.5985486,20.0982037],[85.5987525,20.0983297],[85.5989724,20.0983045],[85.5991495,20.0982642],[85.5993587,20.0982138],[85.5995732,20.0981281],[85.5997342,20.0980878],[85.5999756,20.0980576],[85.6003725,20.0980475],[85.6005603,20.098113],[85.6008285,20.0981533],[85.6011128,20.0981886],[85.6015742,20.0982339],[85.6017997,20.0982434],[85.6019336,20.098249],[85.6021535,20.0986621],[85.6023735,20.0989291],[85.6023768,20.0992306],[85.6023788,20.0994128],[85.6024486,20.0995286],[85.6024974,20.099555],[85.6026256,20.0996243],[85.602926,20.099705],[85.6034303,20.0998964],[85.6036502,20.0999971],[85.6038487,20.1000979],[85.6040364,20.1001634],[85.6043154,20.100244],[85.6044978,20.1003145],[85.6046748,20.1003196],[85.6048935,20.1002567],[85.6049377,20.100244],[85.6053293,20.1001735],[85.6055385,20.1002389],[85.6058389,20.100385],[85.6061876,20.1004959],[85.606665,20.1006923],[85.607416,20.1009644],[85.607754,20.1010551],[85.6081134,20.101186],[85.6085962,20.1013271],[85.6093232,20.1015935],[85.6094256,20.101624],[85.6097459,20.1016746],[85.61005,20.1017099],[85.6106206,20.1017349],[85.6111749,20.1017913],[85.6113319,20.1018114],[85.6115777,20.1018774],[85.6119142,20.1019933],[85.6121336,20.1020946],[85.6122276,20.1021662],[85.612691,20.1026599],[85.6129261,20.1029103],[85.6132956,20.1033152],[85.6136787,20.1037139],[85.6138619,20.1039154],[85.6140987,20.104176],[85.6144117,20.1045258],[85.6147841,20.1049224],[85.6149619,20.1050554],[85.6150085,20.105097],[85.6151368,20.1052601]]}},{"type":"Feature","properties":{"id":602559801,"highway":"unclassified"},"geometry":{"type":"LineString","coordinates":[[85.5971539,20.0950198],[85.5977547,20.0948687],[85.5982321,20.0944556],[85.5984414,20.0938309],[85.5987579,20.0932616],[85.5989724,20.0927074],[85.5992246,20.0920928],[85.5995732,20.0913774],[85.5998468,20.0906519],[85.600099,20.0899265],[85.6003725,20.0891607],[85.6006998,20.0883445],[85.6010592,20.0875284],[85.6012684,20.0866971],[85.6014508,20.0858507],[85.6016117,20.084838],[85.6017566,20.0841175],[85.6021482,20.0834071],[85.6026685,20.0826363],[85.6031674,20.0819057],[85.6035697,20.0815379],[85.6043047,20.08115],[85.6050074,20.0806411],[85.6057262,20.0801222],[85.6061017,20.0796536],[85.6058067,20.0794067],[85.6053615,20.079044],[85.6048733,20.0786611],[85.60479,20.07865],[85.6043208,20.0782932],[85.603779,20.0778146],[85.6029904,20.0772654],[85.6026038,20.077008],[85.6020141,20.0766155],[85.6017351,20.0764449],[85.6014454,20.0762426],[85.6012953,20.0761142],[85.6011129,20.0758924],[85.6009921,20.0757841],[85.6006595,20.0754919],[85.6005013,20.0753281],[85.6003189,20.0751442],[85.6002599,20.0750183],[85.600225,20.0748696],[85.6002223,20.0746882],[85.6001446,20.0739526],[85.6001338,20.0737586],[85.6000882,20.0736327],[85.6000024,20.0734991],[85.5998656,20.0733379],[85.5995169,20.0729222],[85.5993748,20.072829],[85.5991468,20.0726905],[85.5990583,20.0726073],[85.5990127,20.0725317],[85.5989456,20.0724713],[85.5988839,20.0724234],[85.5985299,20.0722395],[85.5981865,20.072106],[85.5980095,20.0720707],[85.5964324,20.0720405]]}},{"type":"Feature","properties":{"id":602559979,"highway":"unclassified"},"geometry":{"type":"LineString","coordinates":[[85.6795704,20.069818],[85.6796638,20.0702934],[85.6797186,20.0705613],[85.6797835,20.0708043],[85.6798358,20.0709448],[85.6798865,20.0710652],[85.6799547,20.0711631],[85.680103,20.0712259],[85.6802828,20.0712695],[85.6805298,20.0712756],[85.6807656,20.0712431],[85.6813431,20.0711109],[85.6818929,20.0709647],[85.6824458,20.0708112],[85.6828048,20.070658],[85.6832526,20.0704192],[85.6835966,20.0702167],[85.6839278,20.0700047],[85.6841715,20.0699025],[85.6846042,20.0697765],[85.6849728,20.0696567],[85.6851974,20.0695543],[85.6854542,20.0694061],[85.6855823,20.0693378],[85.6857136,20.0692882],[85.6859187,20.069271],[85.6862637,20.0693282],[85.6867021,20.0693928],[85.6869644,20.0694038],[85.687201,20.069399],[85.6873021,20.069397],[85.6875653,20.0693565],[85.6878803,20.069288],[85.6881849,20.0691742],[85.6885768,20.0689089],[85.6887269,20.0688059]]}},{"type":"Feature","properties":{"id":602562664,"highway":"unclassified"},"geometry":{"type":"LineString","coordinates":[[85.6180224,20.0615174],[85.6176155,20.0616419],[85.6172358,20.0617401],[85.616807,20.0618242],[85.6159807,20.0620636],[85.6157505,20.0621127],[85.6155564,20.0621404],[85.6154188,20.0621356],[85.6152944,20.0621172],[85.6149487,20.0620688],[85.6147083,20.0620376],[85.6145058,20.0620099],[85.6141707,20.0619535],[85.613867,20.0619122],[85.6136798,20.0619111],[85.6134529,20.0619347],[85.6132754,20.0619555],[85.6129857,20.0619882],[85.6128839,20.0620153],[85.612832,20.0620517],[85.6128014,20.0620996],[85.6127893,20.0621697],[85.6127892,20.0622663],[85.6128393,20.0625799],[85.6128365,20.0627824],[85.6127958,20.0631323],[85.6127369,20.0634985],[85.6127145,20.0638363],[85.61271,20.0641876],[85.6127232,20.0645021],[85.6127288,20.0646973],[85.612733,20.0647511],[85.6127441,20.0648955],[85.6127591,20.065005],[85.6128092,20.0653712],[85.6128849,20.0658191],[85.6129365,20.0662044],[85.6129518,20.0663594],[85.6129527,20.0665125],[85.6129319,20.066691],[85.6129013,20.0668352],[85.6128856,20.0668904],[85.6128052,20.0671026],[85.6127511,20.0672306],[85.6127131,20.06734],[85.6126822,20.0674694],[85.6126642,20.0676526],[85.612659,20.067857],[85.6126333,20.0680741],[85.6125814,20.0682703],[85.6124987,20.0684696],[85.6123706,20.0686306],[85.6122252,20.0687595],[85.6120729,20.0688862],[85.6119069,20.0690075],[85.6117219,20.069146],[85.6116451,20.0692467],[85.6115391,20.0694028],[85.6114499,20.0695211],[85.6113167,20.0696197],[85.6111268,20.0697207],[85.6109563,20.0698268],[85.6108312,20.0699227],[85.6107659,20.0699964],[85.6107269,20.0700844],[85.6106794,20.0702062],[85.610595,20.0703526],[85.6105092,20.070454],[85.6103656,20.0706093],[85.6102279,20.0707236],[85.6100441,20.0708002],[85.6099222,20.0708411],[85.6098113,20.0709084],[85.6096594,20.0710387],[85.6093633,20.0712318],[85.6091246,20.0714006],[85.60902,20.0715165],[85.6088001,20.0717936],[85.608682,20.0718893],[85.608395,20.0720984],[85.6083441,20.072169],[85.6082931,20.0723629],[85.6082609,20.0724234],[85.6081483,20.0725796],[85.6080651,20.0726905],[85.6079793,20.0729348],[85.6079578,20.0730633],[85.6079766,20.0734009],[85.6079364,20.0734916],[85.6078291,20.0736125],[85.6076869,20.0737561],[85.6076494,20.0739199],[85.6076118,20.0742121],[85.6075287,20.0746933],[85.6074939,20.0748645],[85.6074375,20.0751417],[85.6073624,20.0753735],[85.607119,20.0755407],[85.6069601,20.0757186],[85.6070754,20.0759227],[85.607121,20.0762174],[85.6071049,20.0766558],[85.6070352,20.0772503],[85.606783,20.0778247],[85.6066436,20.0784343],[85.6063753,20.0790994],[85.6061017,20.0796536]]}},{"type":"Feature","properties":{"id":657835949,"highway":"secondary"},"geometry":{"type":"LineString","coordinates":[[85.6753564,20.0884144],[85.6755558,20.0883634],[85.6761133,20.0882383],[85.6763384,20.0882086],[85.6766593,20.088177]]}},{"type":"Feature","properties":{"id":699051160,"highway":"unclassified"},"geometry":{"type":"LineString","coordinates":[[85.6017351,20.0764449],[85.6024969,20.0763535],[85.6032479,20.0764492],[85.6037736,20.076293],[85.603897,20.0760511],[85.6047875,20.0758043],[85.6052917,20.0756229],[85.6055868,20.0752551],[85.60583,20.07478],[85.6059597,20.0746915],[85.6061822,20.0745396],[85.6067884,20.0743229],[85.6076869,20.0737561]]}},{"type":"Feature","properties":{"id":699055835,"highway":"residential"},"geometry":{"type":"LineString","coordinates":[[85.6074939,20.0748645],[85.607813,20.0749125],[85.6079954,20.0749276],[85.6092775,20.0744842]]}},{"type":"Feature","properties":{"id":699055836,"highway":"residential"},"geometry":{"type":"LineString","coordinates":[[85.6073624,20.0753735],[85.6078345,20.0750334],[85.6079954,20.0749276]]}},{"type":"Feature","properties":{"id":699055842,"highway":"tertiary"},"geometry":{"type":"LineString","coordinates":[[85.6229338,20.0659988],[85.6229906,20.0657869]]}},{"type":"Feature","properties":{"id":699076515,"highway":"unclassified"},"geometry":{"type":"LineString","coordinates":[[85.6183212,20.0614417],[85.6180224,20.0615174]]}},{"type":"Feature","properties":{"id":699076516,"highway":"unclassified"},"geometry":{"type":"LineString","coordinates":[[85.6190526,20.061212],[85.6187204,20.0613503],[85.6185998,20.0613849],[85.6183212,20.0614417]]}},{"type":"Feature","properties":{"id":699076517,"highway":"unclassified"},"geometry":{"type":"LineString","coordinates":[[85.6192472,20.0611374],[85.6190526,20.061212]]}},{"type":"Feature","properties":{"id":699076518,"highway":"unclassified"},"geometry":{"type":"LineString","coordinates":[[85.6473199,20.0551299],[85.6470295,20.0553067],[85.6466538,20.0554977],[85.6460933,20.0557757],[85.6457091,20.0559754],[85.6454973,20.0561108],[85.6449306,20.0565225],[85.6446645,20.056746],[85.6442787,20.0570026],[85.6438763,20.0573155],[85.6435921,20.057557],[85.6432901,20.0577895],[85.6431355,20.0578863],[85.6429826,20.0579653],[85.6429175,20.0579967],[85.6428605,20.0580242],[85.6426225,20.0581988],[85.6421613,20.0585151],[85.6419921,20.0586311],[85.6418771,20.0586993],[85.6417305,20.0587862],[85.6413928,20.0589618],[85.6411727,20.059052],[85.6409304,20.0590766],[85.640612,20.059087],[85.6402521,20.0591342],[85.6400658,20.0591678],[85.6395867,20.0592576],[85.6393356,20.0592992],[85.6391606,20.0593767],[85.6389913,20.0595197],[85.6388516,20.059639],[85.6387678,20.0596756],[85.6386508,20.0596614],[85.6385309,20.0596133],[85.6383598,20.0595302],[85.6382015,20.059461],[85.6378698,20.0593086],[85.6378107,20.0592815],[85.6375219,20.0591764],[85.6373336,20.0591492],[85.6371547,20.0591544],[85.6367541,20.0591539],[85.6364092,20.0591683],[85.6360472,20.0591649],[85.6358726,20.0591573],[85.6354265,20.059127],[85.634858,20.0590628],[85.6343336,20.0589841],[85.6338563,20.0589014],[85.6329535,20.0587496],[85.6326932,20.0587058],[85.6323908,20.0586659],[85.6321513,20.0586505],[85.6318035,20.0586531],[85.6300486,20.0587236],[85.6296068,20.0587425],[85.6288644,20.0587774],[85.6284524,20.0588249],[85.6279096,20.0589002],[85.6271959,20.0589971],[85.6268138,20.0590599]]}},{"type":"Feature","properties":{"id":800942765,"highway":"secondary"},"geometry":{"type":"LineString","coordinates":[[85.6712167,20.0897355],[85.6715125,20.0893603],[85.6718466,20.0889648],[85.6723663,20.0882637],[85.6725998,20.0879757],[85.6728945,20.087621],[85.6730463,20.087437]]}},{"type":"Feature","properties":{"id":800942766,"highway":"secondary"},"geometry":{"type":"LineString","coordinates":[[85.6730463,20.087437],[85.6731394,20.0873401],[85.6731906,20.0872916],[85.6732539,20.087266],[85.6733142,20.0872663],[85.6733953,20.0873093],[85.6735007,20.087399],[85.6739025,20.087788],[85.6743293,20.0880832],[85.6746121,20.0882304],[85.6748198,20.0883273],[85.675091,20.0884169],[85.6752381,20.0884292],[85.6753564,20.0884144]]}},{"type":"Feature","properties":{"id":864897891,"highway":"tertiary"},"geometry":{"type":"LineString","coordinates":[[85.6268138,20.0590599],[85.6267856,20.0590719],[85.6264673,20.0591167],[85.6261061,20.05918],[85.6257301,20.0592667],[85.6256262,20.0592906],[85.6254399,20.0593351],[85.6252381,20.0593797],[85.6250931,20.0594042],[85.6250081,20.0594192],[85.6249782,20.0596667],[85.6249686,20.05994],[85.6249514,20.0601838],[85.6249008,20.060368],[85.6248622,20.0605659],[85.6248481,20.0606584],[85.6248279,20.0607689],[85.6248032,20.0609445],[85.6247637,20.0611328],[85.6247171,20.0612802],[85.6246891,20.0614374],[85.6246976,20.0615931],[85.6247111,20.0616617],[85.6247372,20.0617949],[85.6247731,20.0619649],[85.6248074,20.0621924],[85.6248351,20.0623461],[85.6248478,20.0625142],[85.62484,20.0626171],[85.6248147,20.0627186],[85.6247765,20.0627968],[85.6245681,20.0630925],[85.6243953,20.0633857],[85.6242836,20.0635847],[85.6240789,20.0639455],[85.6239483,20.0641521],[85.6236726,20.0645735],[85.6233964,20.0649806],[85.6232895,20.0651365],[85.6232262,20.0652288],[85.62313,20.0654046],[85.6230622,20.0655692],[85.6230014,20.065754],[85.6229906,20.0657869]]}},{"type":"Feature","properties":{"id":864900305,"highway":"residential"},"geometry":{"type":"LineString","coordinates":[[85.609213,20.0644149],[85.6093937,20.0646484],[85.6095243,20.0648196],[85.6096262,20.0649204],[85.6106151,20.0656959],[85.6108252,20.0658429],[85.6110095,20.0659566],[85.6111567,20.0660148],[85.6113,20.0660474],[85.6113973,20.0660937],[85.6114984,20.0661577],[85.6115975,20.0662519],[85.6116979,20.0663403],[85.6118071,20.0664162],[85.6120706,20.0665536],[85.6122232,20.0666393],[85.6123705,20.0667143],[85.6125259,20.0667483],[85.6126282,20.0667487],[85.6127219,20.0667671],[85.6129013,20.0668352]]}},{"type":"Feature","properties":{"id":864900307,"highway":"residential"},"geometry":{"type":"LineString","coordinates":[[85.6109351,20.0602294],[85.6108868,20.0604713],[85.6107905,20.0608808],[85.6107838,20.060939],[85.6107903,20.0609838],[85.6108203,20.0610479],[85.6108681,20.0610934],[85.6109424,20.0611394],[85.6110366,20.0611685],[85.6115413,20.0612628],[85.6118521,20.0613292],[85.6120486,20.061392],[85.6122818,20.0614729],[85.6124711,20.0615496],[85.6125609,20.0615867],[85.6126116,20.0616026],[85.6126988,20.0616085],[85.6127912,20.0615849],[85.6128878,20.06154],[85.6130286,20.0614785],[85.6131742,20.0614007],[85.6132992,20.061316],[85.6134828,20.0612033],[85.6138192,20.0610201],[85.6139406,20.0609551],[85.6140038,20.0608973],[85.6140844,20.0607973],[85.6141942,20.0606859],[85.6142715,20.0605946],[85.6143149,20.0605376],[85.6143649,20.0604821],[85.6144264,20.0604313],[85.6144855,20.0603997],[85.6145633,20.0603743],[85.6146584,20.0603481]]}},{"type":"Feature","properties":{"id":864900308,"highway":"residential"},"geometry":{"type":"LineString","coordinates":[[85.6108868,20.0604713],[85.6119095,20.0606212]]}},{"type":"Feature","properties":{"id":864900310,"highway":"residential"},"geometry":{"type":"LineString","coordinates":[[85.6118521,20.0613292],[85.6118657,20.0614803],[85.6118986,20.0615842],[85.6119437,20.0617036],[85.6120223,20.0620373],[85.6120929,20.0623815],[85.6121382,20.0626099],[85.6121779,20.0628257],[85.6122991,20.0636699],[85.6123609,20.0639786],[85.6124531,20.0643322],[85.6125491,20.0646437],[85.6125951,20.0647511],[85.6126257,20.0648226],[85.6127591,20.065005]]}},{"type":"Feature","properties":{"id":864900311,"highway":"residential"},"geometry":{"type":"LineString","coordinates":[[85.6090295,20.0630006],[85.6093844,20.0629065],[85.609592,20.062851],[85.6098147,20.0628147],[85.6102014,20.0627719],[85.6103961,20.0627435],[85.610573,20.0627165],[85.6108051,20.0626519],[85.6109534,20.0626193],[85.611286,20.0625943],[85.6121382,20.0626099]]}},{"type":"Feature","properties":{"id":864900312,"highway":"residential"},"geometry":{"type":"LineString","coordinates":[[85.6115413,20.0612628],[85.6114413,20.0618277],[85.611416,20.0618923],[85.6113666,20.0619485],[85.6112883,20.0619926],[85.611164,20.0620435],[85.6109853,20.0621106],[85.610896,20.0621494],[85.6108316,20.0621799],[85.6107306,20.0622414],[85.6106452,20.0623129],[85.6105809,20.0624024],[85.610521,20.0625059],[85.6103961,20.0627435]]}},{"type":"Feature","properties":{"id":864900313,"highway":"residential"},"geometry":{"type":"LineString","coordinates":[[85.6115413,20.0612628],[85.6115663,20.0612059],[85.611598,20.061149],[85.6116601,20.061061],[85.6117629,20.0609086],[85.6118772,20.0606965],[85.6119095,20.0606212],[85.6119569,20.060511],[85.6120123,20.0603357],[85.6120558,20.0601832],[85.6120679,20.0601267],[85.6120626,20.0600737],[85.6120497,20.0600272],[85.6120154,20.0599785],[85.6119247,20.0599027],[85.6118242,20.059829],[85.6117625,20.0597918],[85.6116901,20.059766],[85.6115904,20.0597503],[85.6113596,20.0597421],[85.6110507,20.0597429],[85.6106167,20.059738],[85.6100943,20.0597533],[85.6095887,20.0597888],[85.609511,20.0597942],[85.6093725,20.0597919],[85.6093086,20.059782],[85.6092173,20.0597469],[85.6090875,20.0596415],[85.6090337,20.0595743],[85.6089974,20.059501],[85.6089369,20.0592912]]}},{"type":"Feature","properties":{"id":864900314,"highway":"residential"},"geometry":{"type":"LineString","coordinates":[[85.6091057,20.0623536],[85.609213,20.0622],[85.6092743,20.0621424],[85.6093716,20.0620846],[85.6095345,20.0620342],[85.609721,20.0619936],[85.6099725,20.0619493],[85.6102221,20.0619121],[85.610428,20.0619218],[85.6106021,20.0619496],[85.6107297,20.0619931],[85.6108035,20.062038],[85.610839,20.0620744],[85.610896,20.0621494]]}},{"type":"Feature","properties":{"id":864903720,"highway":"residential"},"geometry":{"type":"LineString","coordinates":[[85.6103909,20.0633768],[85.6103672,20.0631433],[85.6103471,20.0630577],[85.6103009,20.0629521],[85.6102014,20.0627719],[85.6102221,20.0619121],[85.610238,20.0612695],[85.6102484,20.0608494],[85.6102336,20.0607621],[85.6101951,20.0607159],[85.6101137,20.0606874],[85.6100231,20.0606826],[85.6093794,20.0607485],[85.6090366,20.0607578],[85.6088093,20.0607562],[85.6081853,20.0607982]]}},{"type":"Feature","properties":{"id":864903721,"highway":"residential"},"geometry":{"type":"LineString","coordinates":[[85.6125038,20.0603968],[85.6125005,20.0604673],[85.6124737,20.0610433],[85.612481,20.0611947],[85.6125052,20.0613061],[85.612544,20.0614866],[85.6125609,20.0615867],[85.6126754,20.0618776],[85.6127108,20.0619433],[85.6127549,20.0619923],[85.612832,20.0620517]]}},{"type":"Feature","properties":{"id":864903722,"highway":"residential"},"geometry":{"type":"LineString","coordinates":[[85.6134828,20.0612033],[85.6134576,20.0611389],[85.6134251,20.0610864],[85.6133427,20.0609911],[85.6132125,20.0608651],[85.6130996,20.0607611],[85.6129196,20.0605991],[85.6128016,20.0605296],[85.6126563,20.0604799],[85.6125969,20.0604538],[85.6125038,20.0603968],[85.6123459,20.0603001],[85.6122678,20.0602557],[85.6121733,20.060214],[85.6120558,20.0601832]]}},{"type":"Feature","properties":{"id":864903723,"highway":"residential"},"geometry":{"type":"LineString","coordinates":[[85.6092173,20.0597469],[85.6092924,20.0598325],[85.6093766,20.0599137],[85.6095618,20.0600137],[85.609671,20.0600727],[85.6098181,20.0601228],[85.6100407,20.0601695],[85.6101824,20.0602282],[85.6102597,20.0603008],[85.6104031,20.0605514],[85.6105448,20.0608693],[85.6106239,20.060992],[85.6107012,20.061056],[85.6108681,20.0610934]]}},{"type":"Feature","properties":{"id":864903724,"highway":"residential"},"geometry":{"type":"LineString","coordinates":[[85.610238,20.0612695],[85.6093652,20.0612397],[85.6088809,20.0612213],[85.6083783,20.061246],[85.6083448,20.0612348],[85.6083227,20.0612044],[85.608309,20.0611646],[85.6082522,20.0609662],[85.6081853,20.0607982],[85.6079202,20.0602773]]}},{"type":"Feature","properties":{"id":864903725,"highway":"residential"},"geometry":{"type":"LineString","coordinates":[[85.611286,20.0625943],[85.6115278,20.0631752]]}},{"type":"Feature","properties":{"id":864903726,"highway":"residential"},"geometry":{"type":"LineString","coordinates":[[85.612832,20.0620517],[85.6129277,20.0621468],[85.6129825,20.062219],[85.613169,20.0625796]]}},{"type":"Feature","properties":{"id":864907103,"highway":"tertiary"},"geometry":{"type":"LineString","coordinates":[[85.6194073,20.0366401],[85.619633,20.0367827],[85.6197229,20.0368657],[85.6198448,20.0370461],[85.6201127,20.0374726],[85.6202276,20.0376487],[85.6202998,20.0378048],[85.6203703,20.0380253],[85.6204257,20.0382053],[85.6204763,20.038344],[85.620517,20.0384248],[85.6205515,20.0384933],[85.6206156,20.0386197],[85.6207212,20.038763],[85.6208316,20.0388626],[85.621009,20.0390104],[85.6211806,20.0391169],[85.6213094,20.0392418],[85.6214737,20.0394156],[85.6215875,20.0395018],[85.6218037,20.0396466],[85.621951,20.0397293],[85.6220855,20.0398],[85.622174,20.0398302],[85.622566,20.0399514],[85.6227136,20.0399877],[85.6228143,20.039991],[85.6230666,20.0399478],[85.6231805,20.0399376],[85.6233283,20.0399412],[85.6234927,20.039953],[85.6236533,20.0399707],[85.6238432,20.0399979],[85.6239465,20.0399993],[85.624051,20.0399857],[85.624197,20.0399603],[85.6244047,20.0399244],[85.624566,20.039931],[85.624745,20.0399746],[85.6248985,20.0400201],[85.6251534,20.0401092],[85.6254825,20.0401906],[85.625948,20.0403182],[85.6261565,20.0403962],[85.6264102,20.0404782],[85.6265805,20.0405113],[85.6267225,20.0405196],[85.6270773,20.0405346],[85.6271624,20.0405559],[85.6272107,20.0405811],[85.6272524,20.0406228],[85.6272765,20.0406686],[85.6272954,20.0407717],[85.6273822,20.0415813],[85.6273839,20.0416654],[85.6273473,20.0418375],[85.6272829,20.0419476],[85.6271545,20.0421537],[85.6270444,20.0423576],[85.6269806,20.0425127],[85.6268115,20.0431159],[85.6267683,20.0432357],[85.6267039,20.0433896],[85.6266329,20.0435043],[85.6265505,20.0436086],[85.626505,20.0436594],[85.6264402,20.0437274],[85.6264135,20.0437545],[85.6263412,20.0438215],[85.6262871,20.0438932],[85.6262619,20.0439634],[85.6262503,20.0440515],[85.6262272,20.0442466],[85.6261822,20.0444862],[85.6261582,20.0446291],[85.6260832,20.045015],[85.6259535,20.0456522],[85.6258955,20.0459229],[85.6258835,20.0461144],[85.6259037,20.0463417],[85.6259225,20.0465055],[85.6259687,20.0467101],[85.6260229,20.046878],[85.6261506,20.0472024],[85.6262437,20.0474645],[85.6263995,20.0479028],[85.6265018,20.0482281],[85.626591,20.0485632],[85.6267326,20.0491842],[85.6268192,20.0497007],[85.6268906,20.0500688],[85.6269281,20.0502623],[85.6269566,20.0505194],[85.6269617,20.0506732],[85.6269615,20.0507779],[85.6269474,20.0509175],[85.6268545,20.051347],[85.6267369,20.0517682],[85.6266872,20.0519385],[85.6266471,20.0520575],[85.6266076,20.0521495],[85.6265627,20.0522212],[85.6265097,20.0523124],[85.6264687,20.0524182],[85.6264475,20.0525741],[85.6264375,20.052708],[85.6264049,20.0529435],[85.6263908,20.0530333],[85.6263052,20.0535775],[85.6262807,20.0538755],[85.6262807,20.0542379],[85.6262575,20.0548227],[85.6262533,20.0551155],[85.6262594,20.0553854],[85.6262836,20.0555793],[85.6263179,20.0557174],[85.6263524,20.0558255],[85.6263777,20.0559046],[85.6264352,20.0560861],[85.6265137,20.0564042],[85.626574,20.0567303],[85.6266076,20.0569791],[85.6266236,20.0572338],[85.6266338,20.0573729],[85.6266395,20.0575049],[85.626648,20.057735],[85.6266509,20.0578141],[85.6266652,20.0581842],[85.6267082,20.05851],[85.6268211,20.0590234],[85.6268205,20.0590441],[85.6268138,20.0590599]]}},{"type":"Feature","properties":{"id":864907104,"highway":"residential"},"geometry":{"type":"LineString","coordinates":[[85.6297159,20.0416586],[85.6296458,20.0421326],[85.6296128,20.0424447],[85.6296041,20.0426372],[85.629585,20.0434897],[85.6295523,20.0440548],[85.6294919,20.0448614],[85.6294857,20.0450238],[85.6294532,20.0458825],[85.629444,20.0461472],[85.6294282,20.0463243],[85.6293992,20.0464451],[85.6293542,20.046553],[85.6292686,20.0466984],[85.6291045,20.0469906],[85.6289471,20.0472289],[85.6287885,20.0474789],[85.6287284,20.047596],[85.6286888,20.0476949],[85.6286597,20.0477929],[85.6285366,20.0482497],[85.6284651,20.0484574],[85.6283969,20.0486206],[85.6282243,20.048974],[85.6281176,20.0491548],[85.6280186,20.0492861],[85.6277777,20.0495588],[85.6276693,20.0496798],[85.6274266,20.0498601],[85.6273348,20.0499541],[85.6272443,20.0500647],[85.6271753,20.0502145],[85.6269617,20.0506732]]}},{"type":"Feature","properties":{"id":864907105,"highway":"residential"},"geometry":{"type":"LineString","coordinates":[[85.6270287,20.0592799],[85.627114,20.0594509],[85.6271634,20.0595717],[85.627192,20.0596752],[85.627208,20.0598523],[85.6272391,20.0600705],[85.6273217,20.0605013],[85.6273802,20.0606738],[85.6274279,20.0607871],[85.6274708,20.0608692],[85.6275527,20.0610176],[85.6277348,20.0612226],[85.6278117,20.0613062],[85.6278576,20.0613729],[85.6278912,20.0614499],[85.6279062,20.0615374],[85.6279106,20.0617287],[85.627899,20.0619797],[85.6278788,20.0621072],[85.6278249,20.062267],[85.6277428,20.0624169],[85.6275646,20.0625907],[85.6274056,20.062726],[85.6272255,20.0628553],[85.6270718,20.0629219],[85.6268198,20.0630094],[85.6265113,20.0630977],[85.6260145,20.0632557],[85.6258408,20.063311],[85.625403,20.0634362],[85.6247948,20.0635705],[85.6245374,20.0635962],[85.6242836,20.0635847]]}},{"type":"Feature","properties":{"id":864907106,"highway":"residential"},"geometry":{"type":"LineString","coordinates":[[85.6421065,20.0514833],[85.6417864,20.051564],[85.6415254,20.0516442],[85.6412745,20.051704],[85.6405907,20.0517979],[85.640188,20.0518251],[85.6397462,20.0518263],[85.6390608,20.0518188],[85.6383644,20.0518984],[85.6365079,20.0522595],[85.6359625,20.0524101],[85.6354349,20.0526943],[85.6349334,20.0529824],[85.6345469,20.0532193],[85.6343167,20.0533828],[85.6338795,20.0537549],[85.6334436,20.0540639],[85.6332285,20.0541926],[85.6330023,20.0543098],[85.6327926,20.0543909],[85.6321279,20.0546123],[85.6318248,20.0547244],[85.6316306,20.0548098],[85.6314851,20.0549009],[85.6313062,20.0550233],[85.6311484,20.0551667],[85.6308869,20.0554176],[85.6305845,20.0556986],[85.6298605,20.0563187],[85.6295742,20.0565494],[85.6290453,20.0570481],[85.6287723,20.0573364],[85.6286192,20.057474],[85.6284499,20.0576141],[85.6282987,20.057726],[85.6282024,20.0578037],[85.6280649,20.0578934],[85.6278009,20.0580371],[85.6275544,20.0581509],[85.6272064,20.0583021],[85.6268536,20.0584595],[85.6267082,20.05851]]}},{"type":"Feature","properties":{"id":864909537,"highway":"residential"},"geometry":{"type":"LineString","coordinates":[[85.6254834,20.0947223],[85.6255424,20.0950196],[85.6255662,20.0953415],[85.6255552,20.0954166],[85.625494,20.0955574],[85.6254458,20.0956141],[85.6253814,20.0956796],[85.6253171,20.0957149],[85.6247618,20.0958698],[85.6247162,20.0959013],[85.6246872,20.0959273],[85.6243729,20.0963195],[85.6243154,20.0963685],[85.6242417,20.0964136],[85.6241924,20.0964313],[85.6239867,20.0964728],[85.6236326,20.0964606],[85.6229191,20.0963717]]}},{"type":"Feature","properties":{"id":864909539,"highway":"residential"},"geometry":{"type":"LineString","coordinates":[[85.624166,20.0953731],[85.6240725,20.0956343],[85.6240135,20.0958006],[85.6239941,20.0959118],[85.6239886,20.0960278],[85.6239867,20.0964728]]}},{"type":"Feature","properties":{"id":864910443,"highway":"residential"},"geometry":{"type":"LineString","coordinates":[[85.6268138,20.0590599],[85.6269582,20.0592171],[85.6270287,20.0592799],[85.6271303,20.0593237],[85.6273037,20.0593675],[85.6274238,20.0593919],[85.6275376,20.0594002],[85.6277046,20.0593974],[85.6279137,20.0593796],[85.6281579,20.059378],[85.6283732,20.0594088],[85.6285862,20.0594697],[85.6290442,20.0596195],[85.6296212,20.0597719],[85.6300611,20.0598915],[85.6304676,20.0599892],[85.630762,20.0600921],[85.6313147,20.060334],[85.6318399,20.0605192],[85.6319749,20.0605819],[85.6321954,20.0607071],[85.6324533,20.0608548],[85.6325751,20.0609134],[85.6329711,20.0610521],[85.633651,20.0613115],[85.6342378,20.061533],[85.634667,20.0616985],[85.6348055,20.0617519],[85.6349167,20.0617771],[85.6351363,20.0618141],[85.6353587,20.0618375],[85.6358748,20.061886],[85.6369013,20.0619726],[85.6372745,20.0619917],[85.6374396,20.0620096],[85.6377563,20.0620699],[85.6379181,20.0620985],[85.6380775,20.0621267],[85.6384814,20.0621397],[85.6386291,20.0621162],[85.6394439,20.0619764],[85.6396678,20.0619397],[85.6398194,20.061918],[85.6399071,20.061918],[85.639968,20.0619364],[85.6400702,20.0619927],[85.6402624,20.0621436],[85.6408633,20.0626743]]}},{"type":"Feature","properties":{"id":864910444,"highway":"residential"},"geometry":{"type":"LineString","coordinates":[[85.6274708,20.0608692],[85.6272335,20.0608895],[85.62704,20.060901],[85.6268197,20.0608997],[85.6258487,20.0608635],[85.6255109,20.0608589],[85.6252343,20.0608794],[85.6248032,20.0609445],[85.6240102,20.0611784],[85.6238383,20.0612222],[85.6236848,20.061239],[85.6235038,20.0612327],[85.6233277,20.0612069],[85.6232036,20.0611819],[85.623135,20.0611759],[85.6230672,20.06117],[85.6228231,20.061181],[85.6226031,20.0612211],[85.6224984,20.0612534],[85.6224035,20.0612826],[85.6222683,20.061345],[85.6221966,20.0614025],[85.6221611,20.061445],[85.6221325,20.0615069]]}},{"type":"Feature","properties":{"id":864910445,"highway":"residential"},"geometry":{"type":"LineString","coordinates":[[85.6279137,20.0593796],[85.6279717,20.0594614],[85.6280036,20.059515],[85.6280176,20.0595675],[85.6280186,20.0596304],[85.6280026,20.0596802],[85.6279417,20.0597704],[85.6279127,20.0598164],[85.6278957,20.0598633],[85.6278697,20.0602699]]}},{"type":"Feature","properties":{"id":864910446,"highway":"residential"},"geometry":{"type":"LineString","coordinates":[[85.6247731,20.0619649],[85.6244128,20.0620154],[85.6242609,20.0620245],[85.6240821,20.0620167],[85.6237275,20.0619935]]}},{"type":"Feature","properties":{"id":864910447,"highway":"residential"},"geometry":{"type":"LineString","coordinates":[[85.6247111,20.0616617],[85.6256101,20.0616445],[85.6259331,20.0616171],[85.6261552,20.0615834],[85.6277348,20.0612226]]}},{"type":"Feature","properties":{"id":864912428,"highway":"residential"},"geometry":{"type":"LineString","coordinates":[[85.6253264,20.0914267],[85.625929,20.0915848],[85.625958,20.0915924],[85.6260323,20.0916107],[85.6262429,20.0916472],[85.6262942,20.0916506],[85.6268428,20.0916373],[85.6268853,20.0916522],[85.62691,20.0916788],[85.6269387,20.091746],[85.6269777,20.0918371],[85.6269888,20.091879],[85.6269965,20.0921246],[85.6269883,20.0923053],[85.6269693,20.0923795],[85.6268263,20.0926767],[85.6267601,20.0927624],[85.6264835,20.0930171],[85.6263953,20.0930748],[85.6263009,20.0931264],[85.6257758,20.0934198],[85.6256791,20.0934738]]}},{"type":"Feature","properties":{"id":864912429,"highway":"residential"},"geometry":{"type":"LineString","coordinates":[[85.6259294,20.0921875],[85.625929,20.0915848]]}},{"type":"Feature","properties":{"id":864913034,"highway":"unclassified"},"geometry":{"type":"LineString","coordinates":[[85.6253223,20.0942724],[85.6253766,20.0942781],[85.625434,20.0943011],[85.6260042,20.0947405],[85.6260428,20.0947864],[85.6261262,20.094899],[85.626179,20.0949391],[85.6262217,20.0949563],[85.6262725,20.0949524],[85.6263193,20.0949219],[85.6263884,20.0948532]]}},{"type":"Feature","properties":{"id":864913035,"highway":"unclassified"},"geometry":{"type":"LineString","coordinates":[[85.6263884,20.0948532],[85.6265124,20.0946985]]}},{"type":"Feature","properties":{"id":864913036,"highway":"unclassified"},"geometry":{"type":"LineString","coordinates":[[85.6265124,20.0946985],[85.6265429,20.0946413],[85.6265551,20.0945916],[85.6265388,20.094542],[85.626488,20.0944886],[85.6257315,20.0938467],[85.6257086,20.0938068]]}},{"type":"Feature","properties":{"id":864913037,"highway":"unclassified"},"geometry":{"type":"LineString","coordinates":[[85.6253223,20.0942724],[85.6252617,20.0942917],[85.6252152,20.0943246],[85.6246519,20.0948989],[85.6243461,20.0952169],[85.624166,20.0953731],[85.6236807,20.0957516],[85.6234047,20.0959669],[85.6229191,20.0963717],[85.6224739,20.0967428],[85.6212054,20.0977382],[85.6208432,20.0980224],[85.6203971,20.0983584],[85.6201388,20.0985129],[85.6189602,20.0992163],[85.6180403,20.0997176],[85.6172248,20.1001634],[85.6169869,20.1002821]]}},{"type":"Feature","properties":{"id":864913101,"highway":"residential"},"geometry":{"type":"LineString","coordinates":[[85.6249008,20.060368],[85.6244881,20.0604451],[85.6241163,20.060483],[85.623899,20.0604995],[85.6236986,20.0605115],[85.6234862,20.0605043],[85.6233847,20.0604997],[85.623165,20.0604898],[85.6230001,20.0604828],[85.6228996,20.0604785],[85.6226542,20.0604959],[85.6223128,20.0605406]]}},{"type":"Feature","properties":{"id":864913102,"highway":"residential"},"geometry":{"type":"LineString","coordinates":[[85.6224984,20.0612534],[85.6223128,20.0605406],[85.6222565,20.0603247],[85.6221972,20.060149],[85.6220019,20.0597355]]}},{"type":"Feature","properties":{"id":864913103,"highway":"residential"},"geometry":{"type":"LineString","coordinates":[[85.6228996,20.0604785],[85.6228772,20.0601213],[85.6228602,20.0599381],[85.6228298,20.0597834],[85.6227851,20.0595627]]}},{"type":"Feature","properties":{"id":864913104,"highway":"residential"},"geometry":{"type":"LineString","coordinates":[[85.6233847,20.0604997],[85.6233716,20.0595937]]}},{"type":"Feature","properties":{"id":864913105,"highway":"residential"},"geometry":{"type":"LineString","coordinates":[[85.6266338,20.0573729],[85.6262145,20.0574399],[85.6254192,20.0575671],[85.6250239,20.0576617],[85.6247373,20.0577259],[85.6245258,20.0577751],[85.6243626,20.0578039],[85.6241782,20.0578233],[85.6239763,20.0578302],[85.6238347,20.057838],[85.6236475,20.0578593],[85.623579,20.0578723],[85.6234916,20.0578889],[85.6234209,20.0579108],[85.6233549,20.0579407],[85.623292,20.0579845],[85.6232283,20.0580516],[85.6231578,20.058129],[85.6230419,20.0582419],[85.6227311,20.058489],[85.6223979,20.0588357],[85.6222817,20.059004],[85.6221546,20.0592102],[85.6218895,20.0596479],[85.6216756,20.0599474]]}},{"type":"Feature","properties":{"id":864913106,"highway":"residential"},"geometry":{"type":"LineString","coordinates":[[85.6221546,20.0592102],[85.6227599,20.0590662],[85.6233538,20.0589139],[85.6234619,20.0588944],[85.6235677,20.0588929],[85.6236457,20.058902],[85.6237884,20.0589337],[85.6238794,20.0589795],[85.6239483,20.0590619],[85.6239978,20.0591588],[85.6241565,20.0595853]]}},{"type":"Feature","properties":{"id":864913107,"highway":"residential"},"geometry":{"type":"LineString","coordinates":[[85.6241782,20.0578233],[85.6237417,20.0584615],[85.62366,20.058595],[85.6236252,20.0586879],[85.6236178,20.0587544],[85.6236221,20.0588193],[85.6236457,20.058902]]}},{"type":"Feature","properties":{"id":864918763,"highway":"residential"},"geometry":{"type":"LineString","coordinates":[[85.6282987,20.057726],[85.6278436,20.0574747],[85.6276764,20.0573974],[85.6275223,20.0573614],[85.6272287,20.05735],[85.6271188,20.0573509],[85.6268981,20.0573465],[85.6267839,20.0573528],[85.6266338,20.0573729]]}},{"type":"Feature","properties":{"id":864918764,"highway":"residential"},"geometry":{"type":"LineString","coordinates":[[85.6262145,20.0574399],[85.6262104,20.0575729],[85.6261949,20.057651],[85.6261559,20.0577096],[85.6260857,20.0577572],[85.6259291,20.0577921],[85.6247648,20.0579991]]}},{"type":"Feature","properties":{"id":864918765,"highway":"residential"},"geometry":{"type":"LineString","coordinates":[[85.6247373,20.0577259],[85.6247648,20.0579991],[85.6248045,20.0583941],[85.6248398,20.0586391],[85.6249356,20.0590834],[85.6250081,20.0594192]]}},{"type":"Feature","properties":{"id":864918766,"highway":"residential"},"geometry":{"type":"LineString","coordinates":[[85.6266509,20.0578141],[85.6260503,20.0581196],[85.6259421,20.0581812],[85.6258425,20.0582511],[85.6257336,20.0583561],[85.6256708,20.0584151],[85.6256037,20.0584537],[85.6255194,20.0584883],[85.6254168,20.0585201],[85.6252871,20.0585583],[85.6252406,20.0585911],[85.6252261,20.0586293],[85.625228,20.0587038],[85.6252851,20.0589982]]}},{"type":"Feature","properties":{"id":864918767,"highway":"residential"},"geometry":{"type":"LineString","coordinates":[[85.6249356,20.0590834],[85.6252851,20.0589982],[85.6257752,20.0589071],[85.6260076,20.0588765],[85.6261028,20.058864]]}},{"type":"Feature","properties":{"id":864918768,"highway":"residential"},"geometry":{"type":"LineString","coordinates":[[85.6260503,20.0581196],[85.6260627,20.0581781],[85.6260683,20.0582379],[85.6260674,20.0583434],[85.6260502,20.0585156],[85.6260076,20.0588765]]}},{"type":"Feature","properties":{"id":864918769,"highway":"residential"},"geometry":{"type":"LineString","coordinates":[[85.623135,20.0611759],[85.6230001,20.0604828]]}},{"type":"Feature","properties":{"id":864918770,"highway":"residential"},"geometry":{"type":"LineString","coordinates":[[85.6263908,20.0530333],[85.6262474,20.0530951],[85.6261851,20.0531311],[85.6261377,20.0531699],[85.6261096,20.0532134],[85.6257229,20.054305],[85.6251132,20.0559363],[85.6250476,20.0561323],[85.6250049,20.0562947],[85.6249512,20.0565778],[85.6248564,20.0568517],[85.6247123,20.0573504],[85.6247067,20.0574184],[85.6247125,20.0575046],[85.6247373,20.0577259]]}},{"type":"Feature","properties":{"id":864918771,"highway":"residential"},"geometry":{"type":"LineString","coordinates":[[85.623579,20.0578723],[85.6236437,20.0577721],[85.6236899,20.0576904],[85.6237449,20.0575669],[85.6237727,20.0574686],[85.6237995,20.0573544],[85.6238116,20.0572497],[85.6238035,20.057131],[85.6237781,20.0569527],[85.6237556,20.0567857],[85.6237577,20.056743],[85.6237727,20.0567067],[85.6238088,20.05668],[85.6238655,20.0566608],[85.6244263,20.0565455],[85.6245185,20.0565163],[85.6245745,20.0564792],[85.624637,20.0564203],[85.6247209,20.0563645],[85.6247947,20.0563347],[85.6248681,20.0563176],[85.6250049,20.0562947]]}},{"type":"Feature","properties":{"id":864924899,"highway":"residential"},"geometry":{"type":"LineString","coordinates":[[85.6263524,20.0558255],[85.6264064,20.055788],[85.6264637,20.0557567],[85.6265956,20.0557065],[85.6267995,20.0556505],[85.6268942,20.0556316],[85.626962,20.055618],[85.6276664,20.0555369],[85.6279521,20.0555088],[85.6282081,20.0554833],[85.6283027,20.0554742],[85.6283522,20.0554674],[85.6283842,20.0554532],[85.6284149,20.0554266],[85.6284469,20.0554079],[85.6284856,20.0553931],[85.6285405,20.0553812],[85.6286413,20.0553483],[85.6287384,20.055308],[85.6288048,20.0552829],[85.6288664,20.055273],[85.6289198,20.0552768],[85.6289749,20.0553027],[85.6290234,20.0553491],[85.6290721,20.0554071],[85.6291214,20.0554691],[85.6291752,20.05551],[85.6292407,20.0555393],[85.6293447,20.055562],[85.6294585,20.0555936],[85.6296681,20.0556824],[85.6297613,20.0557332],[85.6298223,20.0557757],[85.6298711,20.0558355],[85.6298876,20.0558764],[85.629899,20.0559689],[85.6298955,20.0560377],[85.6298605,20.0563187]]}},{"type":"Feature","properties":{"id":864924900,"highway":"residential"},"geometry":{"type":"LineString","coordinates":[[85.626648,20.057735],[85.6272287,20.05735],[85.6277458,20.0569823],[85.6281128,20.0566823],[85.6282325,20.0565871],[85.6283051,20.0565302],[85.6283789,20.0564417],[85.6284091,20.0563781],[85.6284247,20.0562372],[85.6284291,20.0561617],[85.6284541,20.0560954],[85.6284964,20.0560607],[85.628743,20.0559403],[85.6288527,20.055873],[85.6289526,20.0557975],[85.6290059,20.0557311],[85.6291752,20.05551]]}},{"type":"Feature","properties":{"id":864924902,"highway":"unclassified"},"geometry":{"type":"LineString","coordinates":[[85.645659,20.0609403],[85.6447202,20.0609972],[85.644524,20.0610113],[85.6443683,20.0610423],[85.6442168,20.0610931],[85.6440293,20.0611587],[85.6438283,20.0612117],[85.6430811,20.0614105],[85.642828,20.0615025],[85.6425917,20.0616087],[85.6423991,20.0617153],[85.6422303,20.061826],[85.6417861,20.0621233],[85.6412822,20.0624418],[85.6408633,20.0626743],[85.6407777,20.0627481],[85.6407208,20.0628285],[85.640696,20.0629257],[85.6406839,20.0630185],[85.6406183,20.0639718],[85.6405993,20.064191],[85.6405899,20.0642493],[85.6405681,20.0643066],[85.6405273,20.0643733],[85.6404559,20.0644453],[85.6403394,20.064551],[85.640143,20.064719],[85.640044,20.0647708],[85.6399251,20.0648065],[85.6398065,20.0648241],[85.6393008,20.0648826],[85.6384011,20.064965],[85.6381243,20.0649999],[85.6373326,20.0651045],[85.636465,20.0652044],[85.6358573,20.0652583],[85.6353889,20.0652831],[85.6342631,20.065295],[85.634163,20.0652968],[85.6318213,20.0653386],[85.6312645,20.0653504],[85.6308049,20.0653637],[85.6306692,20.0653685],[85.6302387,20.065398],[85.6290782,20.065515],[85.628129,20.0656181],[85.6271297,20.0657135],[85.6267546,20.0657516],[85.6261954,20.0657974],[85.6260091,20.0658028],[85.6258447,20.0658076],[85.6241825,20.0657949],[85.6237797,20.0657938],[85.6234457,20.0657871],[85.6230014,20.065754]]}},{"type":"Feature","properties":{"id":864932874,"highway":"residential"},"geometry":{"type":"LineString","coordinates":[[85.6257289,20.0494392],[85.626096,20.0497025],[85.6262014,20.0497602],[85.6264983,20.0498926],[85.6268906,20.0500688]]}},{"type":"Feature","properties":{"id":864946815,"highway":"residential"},"geometry":{"type":"LineString","coordinates":[[85.615232,20.0336349],[85.6153822,20.0339441],[85.6156704,20.0345168],[85.6157362,20.0346195],[85.6158135,20.0346937],[85.6160298,20.0347891],[85.6162036,20.0348469],[85.6164748,20.0349091],[85.6168055,20.0349726],[85.6170682,20.0349978],[85.6176126,20.0350378],[85.617825,20.0350373],[85.6180229,20.0350232],[85.6181939,20.0349917],[85.6183053,20.0349852],[85.6184244,20.0349735],[85.6186875,20.0349557]]}},{"type":"Feature","properties":{"id":864946816,"highway":"residential"},"geometry":{"type":"LineString","coordinates":[[85.6160298,20.0347891],[85.6158414,20.0348433],[85.6156673,20.0348892],[85.6153072,20.0349848]]}},{"type":"Feature","properties":{"id":864946818,"highway":"residential"},"geometry":{"type":"LineString","coordinates":[[85.6359625,20.0524101],[85.6359441,20.0522825],[85.6359193,20.0521113],[85.6358708,20.0517758],[85.6358506,20.0515202],[85.6358472,20.0513183],[85.6358283,20.0511431],[85.6357853,20.0509545],[85.6357329,20.0507248],[85.635683,20.050457],[85.6356597,20.0502263],[85.6356286,20.0500015],[85.635587,20.0497043],[85.6355497,20.0494581],[85.6354594,20.0491927],[85.6353297,20.0488708],[85.6352857,20.0486206],[85.635256,20.0482507],[85.6352487,20.0481595],[85.6352255,20.0479223],[85.6351259,20.0474416],[85.6349754,20.0468303],[85.6348801,20.0465775],[85.6348573,20.0465171],[85.6348255,20.0464078],[85.6347971,20.0463104],[85.6346698,20.0456252],[85.6345602,20.045066],[85.6345336,20.0449413],[85.6345142,20.0448183],[85.6344911,20.0445224],[85.6344841,20.0444326],[85.6344699,20.0443412],[85.6344197,20.0440197],[85.634258,20.0433844],[85.6340789,20.0426791]]}},{"type":"Feature","properties":{"id":864946819,"highway":"residential"},"geometry":{"type":"LineString","coordinates":[[85.6262437,20.0474645],[85.6276587,20.0474065],[85.627774,20.0473897],[85.6281146,20.0473192],[85.6281974,20.047306],[85.6285831,20.0472766],[85.6289471,20.0472289],[85.6291391,20.0471617],[85.6295039,20.0469664],[85.6297301,20.0468449],[85.6299573,20.0467407],[85.6302236,20.0466801],[85.6305667,20.0466386],[85.6317988,20.0465011],[85.6321823,20.0464876],[85.6326101,20.0464928],[85.6328432,20.0464824],[85.6330955,20.046449],[85.6333341,20.0463974],[85.6334548,20.0463536],[85.633548,20.0462841],[85.633644,20.0462068],[85.6337564,20.0461785],[85.633921,20.046181],[85.634194,20.0461873],[85.6343356,20.0462103],[85.6345491,20.0462905],[85.6346973,20.0463538],[85.6348255,20.0464078]]}},{"type":"Feature","properties":{"id":864946820,"highway":"residential"},"geometry":{"type":"LineString","coordinates":[[85.6262807,20.0542379],[85.6266319,20.0538824],[85.6268486,20.0537382],[85.6271447,20.0535759],[85.6273806,20.0534058],[85.6274899,20.0533376],[85.6278058,20.0532203],[85.628081,20.0531078],[85.6283703,20.0530263],[85.6285171,20.0529729],[85.6286165,20.0528818],[85.6286828,20.0527505],[85.628742,20.0526149],[85.6287585,20.052497],[85.6287325,20.0523413],[85.6286686,20.0520789],[85.6286473,20.0518943],[85.6286283,20.0516986],[85.6285999,20.0515295],[85.6285218,20.0513605],[85.6284152,20.051296],[85.6283087,20.0512426],[85.6282282,20.0511692],[85.6282022,20.0511203],[85.6282258,20.051038],[85.6282945,20.0509335],[85.6286638,20.0501061],[85.6287041,20.0500016],[85.6287491,20.0498459],[85.6287893,20.049668],[85.6289124,20.0487939],[85.629,20.0483335],[85.6290142,20.0480444],[85.6290319,20.0476876],[85.629039,20.047528],[85.6291391,20.0471617]]}},{"type":"Feature","properties":{"id":864946822,"highway":"residential"},"geometry":{"type":"LineString","coordinates":[[85.6259535,20.0456522],[85.6263576,20.0455446],[85.6265826,20.0454701],[85.6267268,20.0454156],[85.6269285,20.0453543],[85.627218,20.0452885],[85.6276627,20.0452236],[85.6281643,20.0451594],[85.6294919,20.0448614]]}},{"type":"Feature","properties":{"id":864946823,"highway":"residential"},"geometry":{"type":"LineString","coordinates":[[85.6269285,20.0453543],[85.6267486,20.0448366],[85.6266861,20.0446345],[85.6266423,20.0443885],[85.6266148,20.044175],[85.6265669,20.0440003],[85.6265225,20.0439088],[85.6264758,20.043828],[85.6264135,20.0437545]]}},{"type":"Feature","properties":{"id":864946824,"highway":"residential"},"geometry":{"type":"LineString","coordinates":[[85.6266861,20.0446345],[85.6265367,20.0446665],[85.6264165,20.0446704],[85.6262857,20.0446548],[85.6261582,20.0446291]]}},{"type":"Feature","properties":{"id":864946825,"highway":"residential"},"geometry":{"type":"LineString","coordinates":[[85.6296041,20.0426372],[85.6304826,20.0426083],[85.630685,20.0425876],[85.6308852,20.0425463],[85.63107,20.0425008],[85.6312503,20.0424574],[85.6314351,20.0424409],[85.6315341,20.0424492],[85.6317035,20.0425008]]}},{"type":"Feature","properties":{"id":864946829,"highway":"residential"},"geometry":{"type":"LineString","coordinates":[[85.6285831,20.0472766],[85.6281264,20.0463115],[85.6280278,20.0460834],[85.6279227,20.0458402],[85.6276627,20.0452236]]}},{"type":"Feature","properties":{"id":865182882,"highway":"unclassified"},"geometry":{"type":"LineString","coordinates":[[85.6184948,20.007158],[85.6184067,20.0072068],[85.6179852,20.0074344],[85.6177897,20.0075132],[85.6173798,20.0076174],[85.6172516,20.0076371],[85.6171145,20.0076534],[85.6165675,20.0077092],[85.6160742,20.0077744],[85.6153792,20.0078973],[85.6147508,20.0080021],[85.613898,20.0081167],[85.6131881,20.0082211],[85.6123749,20.008362],[85.612017,20.0084283],[85.611144,20.0086497],[85.6110111,20.0086896],[85.6108719,20.0087445],[85.6106759,20.0088414],[85.6104683,20.0089578],[85.6102936,20.0090521],[85.610112,20.0091234],[85.6099253,20.0091737],[85.6096988,20.0092137],[85.6094909,20.0092565],[85.6093716,20.0092882],[85.6089328,20.0093948],[85.6086667,20.0094719],[85.6084345,20.0095544],[85.6078807,20.0097307]]}},{"type":"Feature","properties":{"id":865182883,"highway":"unclassified"},"geometry":{"type":"LineString","coordinates":[[85.6203074,20.0060879],[85.6184948,20.007158]]}},{"type":"Feature","properties":{"id":865184247,"highway":"unclassified"},"geometry":{"type":"LineString","coordinates":[[85.6240768,20.0072168],[85.6239549,20.0071561]]}},{"type":"Feature","properties":{"id":865184248,"highway":"unclassified"},"geometry":{"type":"LineString","coordinates":[[85.6239549,20.0071561],[85.6237618,20.0070671],[85.6236288,20.0070209],[85.6235459,20.007002],[85.623433,20.0069995],[85.6233006,20.0070174],[85.6226785,20.0071231],[85.6223473,20.007161],[85.6220247,20.0072035],[85.6218695,20.0072299],[85.6217118,20.0072643],[85.6215089,20.0073309],[85.6212804,20.0073952],[85.6211936,20.0074021],[85.6211154,20.0073769],[85.6210384,20.0073332],[85.6209528,20.0072368],[85.6207471,20.006945],[85.620706,20.0068525],[85.6206797,20.0067693],[85.6206504,20.0066018],[85.6206357,20.0063699],[85.620624,20.0062388],[85.620607,20.0061694],[85.6205865,20.0061292],[85.620556,20.0061017],[85.6205284,20.0060824],[85.6204874,20.0060659],[85.6204493,20.0060582],[85.6204071,20.0060587],[85.6203532,20.0060703],[85.6203074,20.0060879]]}},{"type":"Feature","properties":{"id":865184249,"highway":"unclassified"},"geometry":{"type":"LineString","coordinates":[[85.6276441,20.0069398],[85.627513,20.0069256],[85.627409,20.006933],[85.6272718,20.0069625],[85.6270974,20.0070189],[85.6269437,20.0070687],[85.6266573,20.0071362],[85.6264199,20.007176],[85.6247573,20.007395],[85.6246105,20.0073981],[85.6244928,20.0073857],[85.6244159,20.0073666],[85.6243531,20.0073489],[85.6242984,20.0073273],[85.6240768,20.0072168]]}},{"type":"Feature","properties":{"id":865184250,"highway":"unclassified"},"geometry":{"type":"LineString","coordinates":[[85.6284616,20.0071116],[85.6276441,20.0069398]]}},{"type":"Feature","properties":{"id":865184251,"highway":"residential"},"geometry":{"type":"LineString","coordinates":[[85.6304114,20.0067914],[85.6301422,20.0067918],[85.6300529,20.0067807],[85.629948,20.0067632],[85.6297805,20.0067144],[85.6296645,20.0066755],[85.629571,20.0066663],[85.6294744,20.0066691],[85.6284805,20.0067281],[85.6283836,20.0067429],[85.6283374,20.0067747],[85.6283158,20.0068268],[85.6283035,20.0069976]]}},{"type":"Feature","properties":{"id":865184252,"highway":"residential"},"geometry":{"type":"LineString","coordinates":[[85.6304578,20.0071315],[85.6304114,20.0067914],[85.6303439,20.0062978]]}},{"type":"Feature","properties":{"id":865191459,"highway":"unclassified"},"geometry":{"type":"LineString","coordinates":[[85.6316283,20.0070291],[85.6304578,20.0071315],[85.6301038,20.0071754],[85.6298125,20.0072053],[85.6296438,20.0072087],[85.6294799,20.0072053],[85.6289494,20.0071628],[85.6284616,20.0071116]]}},{"type":"Feature","properties":{"id":865191460,"highway":"unclassified"},"geometry":{"type":"LineString","coordinates":[[85.6324755,20.0069687],[85.6316283,20.0070291]]}},{"type":"Feature","properties":{"id":865207400,"highway":"unclassified"},"geometry":{"type":"LineString","coordinates":[[85.6473199,20.0551299],[85.6481404,20.0545258],[85.6484217,20.054316],[85.648603,20.0541927],[85.6488321,20.0540732],[85.6492184,20.0539134]]}},{"type":"Feature","properties":{"id":865207401,"highway":"unclassified"},"geometry":{"type":"LineString","coordinates":[[85.6492184,20.0539134],[85.6504632,20.0534248]]}},{"type":"Feature","properties":{"id":865207402,"highway":"unclassified"},"geometry":{"type":"LineString","coordinates":[[85.6504632,20.0534248],[85.6505396,20.0533891],[85.6509818,20.0531824],[85.6512619,20.0530219],[85.6515839,20.0528024],[85.652037,20.0524422],[85.6528912,20.0517636],[85.6531347,20.0515527],[85.6532872,20.0514207],[85.6534485,20.0513353],[85.6535919,20.0512686],[85.6539474,20.0511214],[85.6540998,20.0510727],[85.6542861,20.0510205],[85.6545408,20.0509394],[85.6547459,20.0508527],[85.6549117,20.0507652],[85.6552271,20.0505645],[85.6556262,20.0503341],[85.6559334,20.0501497],[85.6561303,20.0500046],[85.656314,20.0498471],[85.6564598,20.0497004],[85.6569816,20.0490891],[85.6571065,20.0489381],[85.6571694,20.0488194],[85.657174,20.0488107],[85.657218,20.0487095],[85.6572631,20.0486343],[85.6573411,20.0484937],[85.657427,20.0483786],[85.657505,20.0483069],[85.6576164,20.0482441],[85.6579013,20.0481349],[85.6581066,20.0480721],[85.6596487,20.0477223],[85.6603522,20.0475683],[85.6604779,20.0475264],[85.661471,20.047199],[85.6619071,20.0470391],[85.6620774,20.0469942],[85.6621999,20.0469912],[85.6623224,20.0470002],[85.6624545,20.0470047],[85.6626153,20.0469882],[85.6631571,20.0468477],[85.6651046,20.0463563],[85.6654609,20.0462311],[85.665915,20.0460433],[85.6662691,20.0458906],[85.6664041,20.0458153],[85.6665221,20.0457217],[85.6666207,20.0456262],[85.6668255,20.0453136],[85.6669365,20.0451556],[85.66709,20.0450363],[85.6672834,20.0449341],[85.6683063,20.044589],[85.6691551,20.0442541],[85.6695092,20.0441936],[85.6702716,20.0441417],[85.6703008,20.04414]]}},{"type":"Feature","properties":{"id":865207403,"highway":"unclassified"},"geometry":{"type":"LineString","coordinates":[[85.6449172,20.0198978],[85.6448965,20.0201146],[85.6448525,20.0203904],[85.6448129,20.0206049],[85.6447753,20.0207319],[85.6447458,20.0207937],[85.6447068,20.020864],[85.6445619,20.0211065],[85.6442437,20.0217177],[85.6441312,20.0219581],[85.6440673,20.0221734],[85.6439395,20.0228878],[85.6438822,20.0232211],[85.6438623,20.0235441],[85.6438161,20.0237615],[85.6437161,20.024073],[85.6436118,20.0244346],[85.6435885,20.0245668],[85.6435822,20.0246842],[85.6435709,20.0248202],[85.6435555,20.0249039],[85.643511,20.0249745],[85.6434136,20.0250356],[85.6432939,20.0250629],[85.6431264,20.025087],[85.6429088,20.0250812],[85.6427487,20.025042],[85.6424469,20.0250007],[85.642239,20.0249933],[85.642041,20.024997],[85.6418984,20.0250119],[85.6417915,20.0250677],[85.6416886,20.0251886],[85.6415849,20.0253109],[85.6415131,20.0254394],[85.6414807,20.0255743],[85.6414602,20.0257477],[85.6414533,20.0258698],[85.6414516,20.0260304],[85.6414636,20.0261637],[85.6414926,20.026313],[85.64152,20.0264431],[85.6415337,20.0266471],[85.6415411,20.0268622],[85.6415263,20.0275787],[85.6415314,20.0276852],[85.6415403,20.0277618],[85.641567,20.0278648],[85.6416231,20.0279558],[85.6417327,20.0281233],[85.6417976,20.0282514],[85.6418168,20.0283244],[85.6418295,20.0284226],[85.6418295,20.0285543],[85.6418282,20.0286144],[85.6418168,20.0287422],[85.6417677,20.0288622],[85.6416468,20.0290793],[85.6415259,20.0292795],[85.6413266,20.0295217],[85.6410807,20.0298313],[85.6409591,20.0299452],[85.6408603,20.03002],[85.6407519,20.0300753],[85.6405773,20.0301262],[85.6403981,20.0301573],[85.6402551,20.0301698],[85.6400771,20.0301554],[85.6399116,20.0301172],[85.6391845,20.0299597],[85.6389475,20.0299261],[85.6387487,20.0299365],[85.6386584,20.0299521],[85.6385767,20.029967],[85.6384943,20.0299666],[85.6383026,20.0299244],[85.6380989,20.0298473],[85.637928,20.0297793],[85.6375531,20.029563],[85.6374532,20.0295442],[85.6373693,20.0295462],[85.6372113,20.029595],[85.6370931,20.0296719],[85.6369784,20.029811],[85.6368805,20.02998],[85.6368022,20.0301287],[85.636754,20.0302537],[85.63665,20.0308794],[85.6366112,20.0311979],[85.6366058,20.0314387],[85.6366448,20.0316891],[85.6367004,20.0319018],[85.6368989,20.0323503],[85.637253,20.0329872],[85.637299,20.0331049],[85.6372971,20.0331892],[85.6372772,20.033277],[85.637047,20.0339387],[85.6369786,20.0340407],[85.6368241,20.0342012],[85.6367503,20.03436],[85.6367131,20.0346888],[85.6366909,20.0349957],[85.6366736,20.0352684],[85.6366789,20.035712],[85.6367272,20.0363117],[85.6368291,20.0368812],[85.6369042,20.0376271],[85.6369579,20.0378539],[85.6370008,20.0379497],[85.6376177,20.0389022],[85.6379449,20.0393256],[85.6384599,20.0397943],[85.6388837,20.0401168],[85.639109,20.040268],[85.6395328,20.0404495],[85.6404984,20.0409787],[85.6415616,20.0416722],[85.641927,20.0419074],[85.6423926,20.0422319],[85.643127,20.0426872],[85.6433973,20.0428743],[85.6435396,20.0429953],[85.6437137,20.0431701],[85.6438686,20.0433529],[85.6440186,20.0434713],[85.6443179,20.0436885],[85.6444456,20.0437823],[85.644545,20.0438643],[85.6446202,20.0439783],[85.6447476,20.0442334],[85.6448681,20.0444535],[85.6449968,20.0446273],[85.6451967,20.0448168],[85.6454396,20.0449756],[85.6456406,20.0451126],[85.6458626,20.0452385],[85.6460195,20.0454064],[85.6466085,20.0464066],[85.6468017,20.0466586],[85.6475366,20.0475356],[85.6478263,20.0478279],[85.6480838,20.0480497],[85.6484968,20.0483017],[85.6485912,20.0483407],[85.6486605,20.0483548],[85.6487823,20.0483682],[85.6490081,20.0483965],[85.6490732,20.0484212],[85.6491001,20.0484434],[85.6491304,20.0485003],[85.6491563,20.0485754],[85.6493437,20.0491916],[85.6493977,20.0493855],[85.6494789,20.0495648],[85.6495902,20.0497025],[85.6497845,20.0499368],[85.6499613,20.0501903],[85.6500549,20.050406],[85.6501658,20.0509552],[85.6504244,20.052153],[85.6505012,20.0525969],[85.6505368,20.0528855],[85.650544,20.0531084],[85.6505396,20.0533891],[85.6505155,20.0535166],[85.6504991,20.0535974],[85.6504913,20.0536932],[85.650504,20.0538224],[85.6507281,20.0545206],[85.6508438,20.0548345],[85.6508929,20.0550797],[85.6509325,20.055321],[85.6509609,20.0556224],[85.6509564,20.0557442],[85.6509242,20.0559158],[85.6507648,20.05665],[85.6507281,20.0568642],[85.6507238,20.0570862],[85.6507399,20.0573013],[85.6507614,20.0575042],[85.6507871,20.0577387],[85.6508053,20.0579323],[85.650872,20.0582693],[85.6509123,20.0586735],[85.6509203,20.0592233],[85.650921,20.0596444],[85.6509157,20.0596966],[85.6508913,20.0597691],[85.6507893,20.0599085],[85.6507517,20.0599891],[85.6507214,20.0600896],[85.6507098,20.0601707],[85.6507152,20.0602285],[85.6507357,20.0602728],[85.65079,20.0603155],[85.6509459,20.0603666],[85.6511091,20.0604205],[85.6512568,20.0604644],[85.6513931,20.0604817],[85.6515239,20.0604944],[85.6517742,20.0605354],[85.6519643,20.060582],[85.6521572,20.0606716],[85.6523975,20.0608437],[85.6529396,20.0612838],[85.6532556,20.0615613],[85.653656,20.0619519],[85.6542639,20.0625912],[85.6543434,20.0626772],[85.6543756,20.062745],[85.6543856,20.0628138],[85.6543878,20.0628973],[85.6543745,20.0630131],[85.6542874,20.0634293],[85.6542409,20.0636775],[85.6541673,20.0638876],[85.6541001,20.0640301],[85.6540573,20.0641455],[85.6540367,20.0642869],[85.6540189,20.0644261],[85.6540251,20.0645866],[85.6540559,20.0647524],[85.6541034,20.0650163],[85.6542085,20.0654508],[85.6542974,20.0657464],[85.6543742,20.0659478],[85.6544286,20.06605],[85.6544997,20.0661376],[85.6546618,20.0662847],[85.6547895,20.0663724],[85.6549395,20.0664339],[85.6553271,20.0665372],[85.6556981,20.0665915],[85.6558591,20.0666301],[85.6563045,20.0667333],[85.6564877,20.0667876],[85.6567199,20.0668804],[85.6568343,20.0669263],[85.6569287,20.0669482],[85.6570398,20.0669552],[85.6571608,20.0669581],[85.6572326,20.0669652],[85.6573133,20.0669919],[85.6579362,20.0673957],[85.6581129,20.0675336],[85.658784,20.0681905],[85.6591161,20.0685335],[85.6597144,20.069311],[85.6599698,20.0696907],[85.6601471,20.069955],[85.6607459,20.0707997],[85.6614987,20.071582],[85.6619074,20.0719937],[85.6620681,20.0721415],[85.6621664,20.0722124],[85.6622845,20.0722617],[85.6624468,20.0723079],[85.6627125,20.0723679],[85.6628059,20.0723987],[85.6628977,20.0724619],[85.6629404,20.0725266],[85.6629814,20.0726128],[85.6629912,20.0727129],[85.6629879,20.073081],[85.6629879,20.073215],[85.6630043,20.0733536],[85.6630453,20.0734599],[85.6635565,20.0744756],[85.663622,20.0746102],[85.6636915,20.0747293],[85.6637078,20.0748214],[85.6636833,20.0749251],[85.6636199,20.0750768],[85.6634258,20.0755778],[85.6633644,20.0757641],[85.6633317,20.0758908],[85.6633113,20.0760751],[85.6632864,20.076409],[85.6632868,20.0767702],[85.6633038,20.076997],[85.6633375,20.0772184],[85.6635165,20.0778909],[85.6639572,20.07931],[85.6640574,20.0795525],[85.6641432,20.0796997],[85.6642393,20.0798398],[85.6644169,20.0800513],[85.6646317,20.0802679],[85.6648157,20.08041],[85.6649683,20.0805296],[85.665153,20.0806385],[85.6653921,20.0807325],[85.6656313,20.0808016],[85.6659587,20.0808562],[85.6661798,20.0808708],[85.6664316,20.0808666],[85.6665596,20.0808716],[85.6666705,20.0808819],[85.6667518,20.0809119],[85.6668269,20.0809824],[85.6669367,20.0811298],[85.6670618,20.0812629],[85.6672473,20.0814284],[85.6674441,20.0815611],[85.6676102,20.0816727],[85.6677911,20.0817841],[85.6680366,20.0818984],[85.6688603,20.0822174],[85.6690461,20.0822972],[85.6692072,20.0823733],[85.6700671,20.0828517],[85.6701422,20.0828719],[85.6702183,20.0828721],[85.6703566,20.0828584],[85.6705391,20.0828265],[85.6713198,20.0826772]]}},{"type":"Feature","properties":{"id":865207404,"highway":"residential"},"geometry":{"type":"LineString","coordinates":[[85.6519445,20.0482525],[85.6522256,20.0489339],[85.6522391,20.0489722],[85.6522749,20.0490736],[85.6523583,20.0492769],[85.6524188,20.049373],[85.6524978,20.0494984],[85.6526347,20.0496973],[85.6530458,20.0502666],[85.6531134,20.0503724],[85.653206,20.0504901],[85.6533046,20.0505857],[85.6534765,20.0506889],[85.6536296,20.0507649],[85.6537158,20.0508111],[85.6537596,20.0508422],[85.6537973,20.0508885],[85.6538089,20.0509239],[85.6537999,20.0509661],[85.6537783,20.051006],[85.6537255,20.0510931],[85.6536683,20.0511794],[85.6535919,20.0512686]]}},{"type":"Feature","properties":{"id":865207405,"highway":"residential"},"geometry":{"type":"LineString","coordinates":[[85.6538089,20.0509239],[85.6539097,20.0507628],[85.6539438,20.0507113],[85.6539974,20.050635],[85.654028,20.0505859],[85.6540441,20.0505469],[85.6540464,20.0504935],[85.6540492,20.0504322],[85.65406,20.0503903],[85.6540869,20.0503564],[85.6541654,20.0503225],[85.6542287,20.050291],[85.6542594,20.0502649],[85.6542748,20.0502315],[85.6542767,20.0501874],[85.6542738,20.0501325],[85.6542748,20.0501018],[85.6542891,20.0500829],[85.6543764,20.0500406],[85.6544378,20.0499991],[85.6544953,20.0499487],[85.6545193,20.0499109],[85.6545375,20.0498694],[85.6545624,20.0498343],[85.6546094,20.0498046],[85.6548347,20.0497028],[85.6550085,20.0495905],[85.6551395,20.049509],[85.6552133,20.0494799],[85.6552597,20.0494861],[85.6553062,20.0494979],[85.6554166,20.049565],[85.6555816,20.0497016],[85.6559334,20.0501497],[85.6561791,20.0507779],[85.6562228,20.0509143],[85.6562695,20.05106],[85.6563554,20.0514158],[85.6563995,20.0515775],[85.6564674,20.0516889],[85.6565812,20.0517739],[85.6567304,20.0518049],[85.656886,20.0518013]]}},{"type":"Feature","properties":{"id":865207406,"highway":"residential"},"geometry":{"type":"LineString","coordinates":[[85.6522391,20.0489722],[85.6523013,20.0489693],[85.65237,20.0489746],[85.6524444,20.0489962],[85.6525466,20.0490328],[85.6527512,20.0491222],[85.6530702,20.0493313],[85.6532812,20.0494643],[85.6533815,20.0495198],[85.6534729,20.0495549],[85.6535745,20.0495682],[85.6536404,20.0495608],[85.6537353,20.0495501],[85.6538974,20.0495017],[85.6539836,20.0495029],[85.6540737,20.0495223],[85.6541637,20.049567],[85.6543425,20.0497325],[85.6545193,20.0499109]]}},{"type":"Feature","properties":{"id":865207407,"highway":"residential"},"geometry":{"type":"LineString","coordinates":[[85.6530458,20.0502666],[85.6535168,20.0497075],[85.6536404,20.0495608]]}},{"type":"Feature","properties":{"id":865207408,"highway":"residential"},"geometry":{"type":"LineString","coordinates":[[85.6505368,20.0528855],[85.6509108,20.0526927],[85.6511836,20.0525238],[85.6513909,20.0523681],[85.651632,20.0521626],[85.6518654,20.051951],[85.6519211,20.0519047],[85.6521943,20.0518137],[85.6524321,20.0517522],[85.6527581,20.0516662],[85.6531347,20.0515527]]}},{"type":"Feature","properties":{"id":865207409,"highway":"residential"},"geometry":{"type":"LineString","coordinates":[[85.6524188,20.049373],[85.6520914,20.0495064],[85.6515866,20.049712],[85.6514319,20.0497736],[85.6511809,20.049846],[85.6509404,20.0498705],[85.6506681,20.0498728],[85.650459,20.0498665],[85.6502448,20.0498499],[85.6500761,20.0498226],[85.6499652,20.0498007],[85.6499043,20.049763],[85.6498385,20.0496952],[85.6496958,20.0494979],[85.649614,20.0493939],[85.6495803,20.0493126],[85.6494744,20.0489177],[85.6494059,20.0486679],[85.6493585,20.0485096],[85.6492942,20.0483485]]}},{"type":"Feature","properties":{"id":865207410,"highway":"residential"},"geometry":{"type":"LineString","coordinates":[[85.6520914,20.0495064],[85.6521468,20.0497064],[85.6522166,20.0499625],[85.6523631,20.0506986],[85.6524093,20.0509757],[85.6524627,20.0511689],[85.652514,20.0512924],[85.6527581,20.0516662]]}},{"type":"Feature","properties":{"id":865209547,"highway":"residential"},"geometry":{"type":"LineString","coordinates":[[85.6456828,20.0612257],[85.6456426,20.0613],[85.6456106,20.0613776],[85.6455836,20.0614545],[85.6455625,20.0615614],[85.6455473,20.0616897],[85.6455287,20.0618153],[85.6455216,20.0619354],[85.6455142,20.0620578],[85.6455357,20.0622394],[85.6456966,20.0632269],[85.6458219,20.0641202],[85.6458555,20.0644638],[85.6458847,20.0646161],[85.6459091,20.0647439],[85.6459517,20.0649248],[85.6459749,20.0650271],[85.6459796,20.0651181],[85.6459694,20.0652423],[85.6459535,20.0654067],[85.6459358,20.0654557],[85.6459098,20.065475],[85.645826,20.0654907],[85.6454763,20.0655776],[85.6453003,20.0656233],[85.645156,20.0656655],[85.6450097,20.0657344],[85.644905,20.0658077],[85.6447709,20.0659092],[85.6446777,20.0659761],[85.6445795,20.0660222],[85.6445234,20.0660476],[85.6444855,20.066062],[85.6444081,20.0660739],[85.6443065,20.0660505],[85.6442193,20.0660173]]}},{"type":"Feature","properties":{"id":865209549,"highway":"unclassified"},"geometry":{"type":"LineString","coordinates":[[85.6710575,20.0899481],[85.6706505,20.089545],[85.6706193,20.0895011],[85.670596,20.0894572],[85.6705804,20.0894097],[85.6705765,20.0893439],[85.6705921,20.0892561],[85.6706115,20.0891354],[85.6706154,20.0890403],[85.6705921,20.088894],[85.6703351,20.0878251],[85.6703151,20.0877319],[85.6703117,20.087647],[85.6703156,20.0875665],[85.6703342,20.0874918],[85.6703623,20.0874056],[85.6704207,20.0872886],[85.6704597,20.0871789],[85.6704752,20.0870618],[85.6704791,20.0868863],[85.6704597,20.0866851],[85.670444,20.0865726],[85.6704129,20.086388],[85.6703779,20.0862314],[85.6703234,20.0861],[85.6702611,20.0859866],[85.6700119,20.0856209],[85.6697981,20.0853199],[85.6697782,20.0852735],[85.6697626,20.0852186],[85.6697587,20.0851734],[85.6697782,20.0851199],[85.6698211,20.0850394],[85.6698288,20.0849882],[85.6698133,20.0849224],[85.6697694,20.0848453],[85.6694278,20.0842312],[85.6693148,20.084052],[85.6692408,20.0839569],[85.6691396,20.0838728],[85.6688592,20.0837118],[85.6687307,20.083635],[85.668625,20.0835619],[85.6685399,20.0834851],[85.6684698,20.0834156],[85.6683413,20.0833278],[85.6681349,20.0832291],[85.6678273,20.083123],[85.6675392,20.0830535],[85.6673561,20.0830023],[85.6672016,20.0829372],[85.6669473,20.0828158],[85.6663996,20.0825869],[85.6661685,20.0824903],[85.6660244,20.0824099],[85.6658881,20.0823038],[85.6657343,20.0821419],[85.6655496,20.0819402],[85.6654347,20.0818277],[85.665279,20.0816935],[85.6650403,20.0815182],[85.6647158,20.0813119],[85.6644098,20.0810994],[85.6641566,20.0809086],[85.6637722,20.0805569],[85.6633428,20.080088],[85.6631481,20.0798442],[85.6630532,20.0797176],[85.6629784,20.0795722],[85.6628985,20.0793752],[85.6628236,20.0791736],[85.6627537,20.0789579],[85.6627115,20.0787432],[85.6626888,20.0785499],[85.6626588,20.0781514],[85.6626289,20.0778747],[85.6625925,20.0776741],[85.662524,20.0773964],[85.6624019,20.0769081],[85.6623493,20.0766508],[85.6623243,20.0764398],[85.6623293,20.0761959],[85.6623443,20.0759146],[85.6623595,20.075665],[85.6623698,20.0753252],[85.6623806,20.0751301],[85.6624032,20.0749743],[85.6624197,20.0748997],[85.6624414,20.0747958],[85.6624502,20.0746955],[85.6624509,20.0745829],[85.66244,20.0744791],[85.662429,20.0743753],[85.6623974,20.0742696],[85.6623319,20.0741181],[85.6622484,20.0739759],[85.6621555,20.0738516],[85.6618878,20.0734932],[85.6617366,20.0732936],[85.661621,20.0731448],[85.6614507,20.0729698],[85.6606773,20.0721752],[85.660604,20.072092],[85.6605503,20.0720201],[85.6604748,20.0718999],[85.6604022,20.0717666],[85.6603346,20.0716613],[85.6602446,20.0715591],[85.6601539,20.0714673],[85.6599214,20.0712461],[85.6596353,20.0709956],[85.6595221,20.0708934],[85.6593448,20.0706653],[85.6589335,20.0700845],[85.6586131,20.0696282],[85.6584865,20.069477],[85.6583082,20.0692864],[85.657923,20.0689186],[85.6575895,20.0686559],[85.656561,20.0679425],[85.6562856,20.067799],[85.6558446,20.0676656],[85.6550205,20.067413],[85.6546375,20.0672816],[85.6542874,20.0671229],[85.6541182,20.0670132],[85.6539731,20.066902],[85.6538112,20.0667336],[85.6536242,20.0664972],[85.6534425,20.0662187],[85.6533309,20.0659912],[85.6532313,20.0658215],[85.6530432,20.065558],[85.6527554,20.0651826],[85.6525249,20.0648019],[85.6523767,20.0644535],[85.6522853,20.064129],[85.6522241,20.0638138],[85.6520418,20.0625226],[85.6519914,20.0622693],[85.6519458,20.0621423],[85.6518877,20.0620687],[85.651794,20.0620248],[85.6516849,20.0620003],[85.6510802,20.0619423],[85.6506176,20.0619026],[85.6501071,20.0618269],[85.6498319,20.0617633],[85.6493327,20.0616096]]}},{"type":"Feature","properties":{"id":865209550,"highway":"unclassified"},"geometry":{"type":"LineString","coordinates":[[85.6456723,20.061208],[85.6456611,20.0609752]]}},{"type":"Feature","properties":{"id":865209551,"highway":"unclassified"},"geometry":{"type":"LineString","coordinates":[[85.6456611,20.0609752],[85.645659,20.0609403],[85.6456317,20.0604965],[85.6456623,20.0595678],[85.6456632,20.0594169],[85.6456494,20.0593701],[85.6456078,20.0593221],[85.6449944,20.0589232],[85.6448401,20.0588459],[85.6446929,20.0587939],[85.6445049,20.0587636],[85.6443438,20.0587519],[85.6441166,20.0587446],[85.6439593,20.0587446],[85.6436453,20.0587768],[85.6418496,20.059036],[85.6413164,20.0590883],[85.641241,20.0590795],[85.6411727,20.059052]]}},{"type":"Feature","properties":{"id":865209552,"highway":"unclassified"},"geometry":{"type":"LineString","coordinates":[[85.6493327,20.0616096],[85.6492043,20.0615843]]}},{"type":"Feature","properties":{"id":865209553,"highway":"unclassified"},"geometry":{"type":"LineString","coordinates":[[85.6492043,20.0615843],[85.6488634,20.0615066],[85.6486473,20.0614702],[85.6483472,20.0614453],[85.6478633,20.0614399],[85.6473109,20.0614358],[85.6459334,20.0614244],[85.6458611,20.0614068],[85.6457974,20.0613642],[85.6457321,20.0613093],[85.6456828,20.0612257],[85.6456723,20.061208]]}},{"type":"Feature","properties":{"id":865212931,"highway":"residential"},"geometry":{"type":"LineString","coordinates":[[85.639968,20.0619364],[85.6399201,20.0617447],[85.6398955,20.061592],[85.639892,20.0614333],[85.6399063,20.0612226],[85.6398859,20.0609898],[85.63982,20.0608278],[85.6397087,20.0606185],[85.6395243,20.0603915],[85.6393374,20.0602227],[85.6390492,20.0599959],[85.6388805,20.0598322],[85.6387678,20.0596756]]}},{"type":"Feature","properties":{"id":865212932,"highway":"unclassified"},"geometry":{"type":"LineString","coordinates":[[85.6273839,20.0416654],[85.6274688,20.0418491],[85.6275431,20.0419026],[85.6276567,20.041936],[85.627926,20.0419242],[85.6285609,20.0418704],[85.6290506,20.0417745],[85.6297159,20.0416586],[85.6302102,20.041574],[85.6307309,20.0414849],[85.631273,20.0413937],[85.6318329,20.0413543],[85.6321842,20.0413115],[85.6323193,20.0413041],[85.6324215,20.0413094],[85.6325487,20.0413318],[85.6327633,20.0413713],[85.6329121,20.0414054],[85.633012,20.0414385],[85.6331188,20.0414812],[85.6332119,20.0415292],[85.6333084,20.0415857],[85.6334208,20.0416924],[85.6336604,20.0418823],[85.6338024,20.0420092],[85.633883,20.042101],[85.6339318,20.0421959],[85.6339705,20.0423037],[85.6340789,20.0426791],[85.6342956,20.0427852],[85.6344114,20.0428984],[85.6345203,20.0430332],[85.6346337,20.0431311],[85.6347889,20.0432073],[85.6350366,20.0432943],[85.6351941,20.0433509],[85.6353168,20.0434466],[85.6354558,20.0435836],[85.6355507,20.0437533],[85.6355831,20.0439034],[85.6356503,20.0440557],[85.6357753,20.0442449],[85.6359051,20.0444481],[85.6359591,20.0445158],[85.6360449,20.0445548],[85.6361335,20.0445691],[85.6361847,20.0445912],[85.6362207,20.0446315],[85.6362664,20.0447083],[85.6363149,20.0447759],[85.6363744,20.044811],[85.6369587,20.0449541],[85.6371733,20.044984],[85.6372869,20.0449788],[85.6373824,20.044958],[85.6375001,20.0449593],[85.6376731,20.0449697],[85.6379016,20.0449788],[85.6380525,20.0449944],[85.6381716,20.045023],[85.6382242,20.0450686],[85.6382602,20.045131],[85.6385288,20.045715],[85.6386238,20.0459172],[85.6386479,20.0459686],[85.638706,20.0460597],[85.638832,20.0462184],[85.6390508,20.0464564],[85.6392203,20.0466882],[85.639398,20.0469443],[85.6395126,20.0470591],[85.6396223,20.0471106],[85.6397917,20.0471293],[85.6399662,20.0471106],[85.6401805,20.0470614],[85.640355,20.0470193],[85.6404621,20.0470169],[85.6405394,20.0470637],[85.6406017,20.0471597],[85.6406815,20.0474313],[85.6407139,20.0475273],[85.6407762,20.0475905],[85.6409506,20.0476959],[85.6410977,20.0477825],[85.6412173,20.0478878],[85.6413469,20.0480634],[85.6413992,20.0481782],[85.641419,20.0482824],[85.6414298,20.0483388],[85.6414477,20.0484165],[85.6414825,20.0485421],[85.6415343,20.0486962],[85.6416484,20.048932],[85.6417307,20.0491334],[85.6417805,20.0493511],[85.6417892,20.0497036],[85.6417916,20.0499043],[85.6417934,20.050062],[85.6417924,20.0501948],[85.6417975,20.0503076],[85.6418317,20.0504456],[85.6419125,20.0505785],[85.6420283,20.0507255],[85.6420553,20.0508466],[85.6420797,20.0510072],[85.6420807,20.0511893],[85.6421065,20.0514833],[85.6421501,20.0523537],[85.6421704,20.0531341],[85.6422044,20.0533056],[85.6422687,20.0533963],[85.6424082,20.0535424],[85.642714,20.0538146],[85.6427998,20.0539355],[85.6429016,20.0544017],[85.6430037,20.0550745],[85.6430412,20.0563847],[85.6430411,20.0566266],[85.6430205,20.0569604],[85.6429175,20.0579967]]}},{"type":"Feature","properties":{"id":865221214,"highway":"residential"},"geometry":{"type":"LineString","coordinates":[[85.6417916,20.0499043],[85.6418599,20.0499027],[85.6419412,20.0498918],[85.6426364,20.0497034],[85.6431621,20.0495452]]}},{"type":"Feature","properties":{"id":865221215,"highway":"residential"},"geometry":{"type":"LineString","coordinates":[[85.6426468,20.0485172],[85.6427208,20.0485848],[85.6428187,20.0486759],[85.6428947,20.0488027],[85.6430017,20.0490525],[85.6431126,20.0493389],[85.6431621,20.0495452],[85.643191,20.0497043],[85.6432407,20.0500743],[85.6432352,20.050176],[85.6432065,20.0502657],[85.6431321,20.0503655],[85.6430208,20.0504975],[85.642893,20.0506206],[85.6427803,20.0506913],[85.6426334,20.0507554],[85.6424544,20.0507947],[85.642269,20.0508224],[85.6420553,20.0508466]]}},{"type":"Feature","properties":{"id":865221216,"highway":"residential"},"geometry":{"type":"LineString","coordinates":[[85.6418317,20.0504456],[85.6415547,20.0503873],[85.6413995,20.0503372],[85.6413003,20.0502903],[85.6411856,20.0501948],[85.6410963,20.0501063],[85.6410295,20.0500353],[85.6408298,20.0498518],[85.6406699,20.0497043],[85.6405873,20.0496534],[85.6405431,20.049603],[85.6405203,20.04954],[85.6405002,20.0494078],[85.6404894,20.0493322],[85.6404626,20.0492931],[85.6404117,20.0492667],[85.640303,20.0492452],[85.6399825,20.0492011],[85.6398873,20.0491898],[85.6397545,20.0491948],[85.6394997,20.0492289],[85.639375,20.0492478],[85.6392618,20.0492763],[85.6391821,20.0493049],[85.6390973,20.0493476],[85.6390213,20.0493705],[85.6386562,20.0494229]]}},{"type":"Feature","properties":{"id":865221217,"highway":"residential"},"geometry":{"type":"LineString","coordinates":[[85.6390957,20.0592348],[85.6391627,20.0590097],[85.6394233,20.0581923]]}},{"type":"Feature","properties":{"id":865221218,"highway":"residential"},"geometry":{"type":"LineString","coordinates":[[85.6391551,20.0578151],[85.6384307,20.0579272],[85.6383761,20.0579498],[85.63832,20.0579874],[85.6382538,20.0580514]]}},{"type":"Feature","properties":{"id":865221219,"highway":"residential"},"geometry":{"type":"LineString","coordinates":[[85.6400658,20.0591678],[85.6400024,20.0589298],[85.639954,20.0587771],[85.6398905,20.0586559],[85.6398056,20.0585304],[85.6396794,20.05841],[85.6394819,20.0582502],[85.6394233,20.0581923],[85.6393707,20.0581404],[85.6392871,20.05804],[85.6391551,20.0578151],[85.6391309,20.0577671],[85.6391237,20.0577391],[85.6391326,20.0577106],[85.6391591,20.0576917],[85.6395919,20.057478],[85.6399942,20.0573319],[85.6400978,20.0572858],[85.6402088,20.057221],[85.6403476,20.0570842],[85.6404859,20.0569638],[85.6406502,20.0568742],[85.6408136,20.0568291],[85.6409279,20.0568015],[85.6410516,20.0567545],[85.6411865,20.0566794],[85.641286,20.0566105],[85.6413792,20.0565808],[85.6415146,20.0565659],[85.6417659,20.0565638],[85.6421381,20.0565312],[85.6423884,20.0564906],[85.6430412,20.0563847],[85.6438182,20.0562636]]}},{"type":"Feature","properties":{"id":865221220,"highway":"residential"},"geometry":{"type":"LineString","coordinates":[[85.6415146,20.0565659],[85.6414358,20.0559393]]}},{"type":"Feature","properties":{"id":865221221,"highway":"residential"},"geometry":{"type":"LineString","coordinates":[[85.6424348,20.0574851],[85.6424211,20.0571909],[85.6423884,20.0564906]]}},{"type":"Feature","properties":{"id":865221222,"highway":"residential"},"geometry":{"type":"LineString","coordinates":[[85.6379654,20.0576562],[85.6377792,20.0577364],[85.6376304,20.0577801],[85.6374672,20.0578155],[85.6373156,20.0578549],[85.6370975,20.0579604],[85.6368656,20.0580886],[85.6366787,20.0582321],[85.6365732,20.0583176],[85.636527,20.0583808],[85.6364718,20.0584993],[85.6363947,20.058698],[85.6363488,20.0588056],[85.6362884,20.0589123],[85.6362269,20.0589809],[85.6360472,20.0591649]]}},{"type":"Feature","properties":{"id":865221223,"highway":"residential"},"geometry":{"type":"LineString","coordinates":[[85.634667,20.0616985],[85.6347083,20.0616192],[85.6347488,20.0615143],[85.6347624,20.0614083],[85.6347639,20.0612755],[85.6347579,20.0610366],[85.6347624,20.0604854],[85.6348,20.0602904],[85.6348481,20.0601844],[85.6349619,20.0600606],[85.6350357,20.0600015],[85.63515,20.0599305],[85.6352768,20.0598807],[85.6353659,20.0598587],[85.6354252,20.0598266],[85.635463,20.0597911],[85.6355152,20.0597277],[85.6356132,20.0595993],[85.635786,20.0593766],[85.6358606,20.0592986],[85.6359181,20.0592513],[85.6360472,20.0591649]]}},{"type":"Feature","properties":{"id":865221224,"highway":"residential"},"geometry":{"type":"LineString","coordinates":[[85.6378698,20.0593086],[85.6377902,20.0594238],[85.6377455,20.0595167],[85.6377243,20.0597235],[85.6377091,20.0600781],[85.6377017,20.0604754],[85.6376776,20.0606097],[85.6376295,20.0607157],[85.637497,20.0608697],[85.6372443,20.0611256],[85.637163,20.061216],[85.6371073,20.0613291],[85.6371013,20.0613898],[85.6371179,20.0614944],[85.6372745,20.0619917]]}},{"type":"Feature","properties":{"id":865224939,"highway":"residential"},"geometry":{"type":"LineString","coordinates":[[85.6386291,20.0621162],[85.6385544,20.0623174],[85.6385076,20.0624003],[85.6384492,20.062476],[85.6383069,20.062622],[85.6378263,20.0631218],[85.6376513,20.0633201],[85.6375088,20.0635257],[85.6373922,20.0637146],[85.6372909,20.063876],[85.637193,20.0639594],[85.6369956,20.0640589],[85.6367355,20.0641856],[85.6365231,20.0642697],[85.6364064,20.0643374],[85.6362604,20.0644735],[85.6361036,20.0645578],[85.6359245,20.0646236],[85.6358363,20.0646578],[85.635742,20.0646724],[85.6356034,20.064668],[85.6354753,20.0646717],[85.6353951,20.0646854],[85.6353269,20.0647192],[85.6351889,20.0647666],[85.6350364,20.06481],[85.634903,20.0648472],[85.6347505,20.0648625],[85.634585,20.0648618],[85.6344319,20.0648792],[85.6343531,20.064907],[85.6342611,20.0649828],[85.6342171,20.0650605],[85.6341928,20.0651417],[85.634163,20.0652968]]}},{"type":"Feature","properties":{"id":865224940,"highway":"residential"},"geometry":{"type":"LineString","coordinates":[[85.6343531,20.064907],[85.6343732,20.0648153],[85.6343785,20.0647381],[85.6343736,20.0646468],[85.6343468,20.0644824],[85.6343412,20.0643887],[85.6343585,20.0642437],[85.6343909,20.0639587],[85.6344095,20.0636917],[85.6344155,20.063405],[85.6344024,20.0631478],[85.6343337,20.0625307],[85.6343513,20.0622788],[85.6344145,20.0620555],[85.6344656,20.0619636],[85.6345529,20.0618844],[85.634667,20.0616985]]}},{"type":"Feature","properties":{"id":865224941,"highway":"residential"},"geometry":{"type":"LineString","coordinates":[[85.6369013,20.0619726],[85.6369793,20.0623558],[85.63699,20.0624509],[85.6369812,20.062546],[85.636958,20.0626653],[85.636898,20.0628877],[85.6368361,20.0630792],[85.6367004,20.0634342],[85.6366731,20.0634826],[85.6366171,20.0635191],[85.6365292,20.0635455],[85.6363956,20.0635644],[85.6360221,20.0635763],[85.6357902,20.063578],[85.6355294,20.0635864],[85.6354897,20.0635946],[85.6354694,20.06362],[85.6354645,20.063661],[85.6354568,20.0637328],[85.6354458,20.0638609],[85.6353269,20.0647192]]}},{"type":"Feature","properties":{"id":865224942,"highway":"residential"},"geometry":{"type":"LineString","coordinates":[[85.6388805,20.0598322],[85.63876,20.0606642],[85.6387322,20.0608125],[85.638681,20.0609389],[85.6385836,20.0610759],[85.6384907,20.061174],[85.6384303,20.0612572],[85.6384066,20.0613549],[85.6384011,20.0615002],[85.6384283,20.0616149],[85.6384971,20.0617844],[85.6386291,20.0621162]]}},{"type":"Feature","properties":{"id":865230108,"highway":"residential"},"geometry":{"type":"LineString","coordinates":[[85.6410642,20.0629113],[85.641138,20.0630035],[85.6412675,20.0631862],[85.6413633,20.0632949],[85.6414936,20.0633826],[85.6417555,20.0635143],[85.6419312,20.0636297],[85.6420532,20.063725],[85.6422002,20.063905],[85.6422711,20.064013],[85.6423514,20.0641352],[85.6426589,20.064605],[85.6427338,20.0647707],[85.6428761,20.0650556],[85.6430874,20.0653723],[85.6431539,20.065443],[85.6432321,20.0654743],[85.6434506,20.0655314],[85.6436112,20.065549],[85.6438658,20.0655424],[85.6443435,20.0654954],[85.6444161,20.065489],[85.6447105,20.0655001],[85.6448293,20.065544],[85.6449106,20.0655863],[85.6449658,20.065646],[85.6450097,20.0657344]]}},{"type":"Feature","properties":{"id":865230109,"highway":"residential"},"geometry":{"type":"LineString","coordinates":[[85.6410642,20.0629113],[85.6409154,20.0627331]]}},{"type":"Feature","properties":{"id":865230110,"highway":"residential"},"geometry":{"type":"LineString","coordinates":[[85.6409154,20.0627331],[85.6408633,20.0626743]]}},{"type":"Feature","properties":{"id":865230111,"highway":"residential"},"geometry":{"type":"LineString","coordinates":[[85.6424767,20.0667907],[85.642756,20.0667788],[85.6429919,20.0667561],[85.6432414,20.0667059],[85.6433416,20.0666615],[85.6434463,20.0666151],[85.6436815,20.0664609],[85.6439373,20.0662681],[85.6441286,20.0661061],[85.6442193,20.0660173],[85.644297,20.0659113],[85.6443584,20.0657694],[85.6444161,20.065489]]}},{"type":"Feature","properties":{"id":865230112,"highway":"residential"},"geometry":{"type":"LineString","coordinates":[[85.6427338,20.0647707],[85.6427492,20.065151],[85.6427919,20.0654373],[85.642807,20.0654892],[85.6428657,20.0656908],[85.6430268,20.0661266]]}},{"type":"Feature","properties":{"id":865230113,"highway":"residential"},"geometry":{"type":"LineString","coordinates":[[85.641138,20.0630035],[85.6413319,20.0629529],[85.641594,20.0628407],[85.6419774,20.0626127],[85.6421489,20.0624726],[85.6422199,20.0624213],[85.6422751,20.0624114],[85.6423281,20.0624321],[85.6423681,20.0624688],[85.6424101,20.0625321],[85.6424546,20.0626068],[85.6425367,20.0626991],[85.6426554,20.0627843],[85.6428209,20.0628512],[85.6432137,20.0629952],[85.6432611,20.0630204],[85.6433258,20.0630547],[85.6434102,20.0631263],[85.6436472,20.0634146],[85.643704,20.0634845],[85.6437355,20.0635595],[85.6437464,20.0636027],[85.6437473,20.0637083],[85.6437362,20.0638551],[85.6437372,20.0639595],[85.6437669,20.0641129],[85.643846,20.0643225],[85.6439428,20.0645278],[85.6441462,20.0649854],[85.6443435,20.0654954]]}},{"type":"Feature","properties":{"id":865230114,"highway":"residential"},"geometry":{"type":"LineString","coordinates":[[85.6433258,20.0630547],[85.6434548,20.0628361],[85.6435963,20.0626506],[85.6438217,20.0624192],[85.6439685,20.0623076],[85.644124,20.0622403],[85.6444681,20.0621235],[85.6446935,20.0620596],[85.6452118,20.0619125],[85.6453299,20.0618568],[85.6454208,20.0617787],[85.645485,20.0616812],[85.6455625,20.0615614]]}},{"type":"Feature","properties":{"id":865230115,"highway":"residential"},"geometry":{"type":"LineString","coordinates":[[85.6426589,20.064605],[85.6431292,20.0646313],[85.6433161,20.0646386],[85.6435414,20.0646271],[85.643679,20.0646021],[85.6439428,20.0645278]]}},{"type":"Feature","properties":{"id":865230116,"highway":"residential"},"geometry":{"type":"LineString","coordinates":[[85.6458847,20.0646161],[85.646354,20.064582],[85.6465807,20.0645839],[85.6467304,20.0646029],[85.6471008,20.0647074],[85.6473052,20.0647797],[85.6474428,20.0648063],[85.6476492,20.0648101],[85.6478516,20.0648044],[85.6480722,20.0647644],[85.6482109,20.064716]]}},{"type":"Feature","properties":{"id":865241773,"highway":"residential"},"geometry":{"type":"LineString","coordinates":[[85.6446935,20.0620596],[85.6448781,20.0626888],[85.6449178,20.0628865],[85.6449348,20.0630455],[85.6449442,20.0632715],[85.6449141,20.0634358],[85.6448896,20.0635347],[85.6448859,20.0636231],[85.6448972,20.063775]]}},{"type":"Feature","properties":{"id":865241774,"highway":"residential"},"geometry":{"type":"LineString","coordinates":[[85.6479793,20.0600728],[85.6471872,20.0596574],[85.6469951,20.0595943],[85.6468314,20.0595712],[85.6465979,20.0595572],[85.6463545,20.0595582],[85.6456623,20.0595678]]}},{"type":"Feature","properties":{"id":865241775,"highway":"residential"},"geometry":{"type":"LineString","coordinates":[[85.645963,20.0578377],[85.6475416,20.0560775]]}},{"type":"Feature","properties":{"id":865241776,"highway":"residential"},"geometry":{"type":"LineString","coordinates":[[85.6488111,20.0572278],[85.6474514,20.0575904],[85.646866,20.0576543],[85.6463296,20.0577602],[85.6462593,20.0577705],[85.645963,20.0578377],[85.6457972,20.0578754],[85.6456014,20.0579423],[85.6454314,20.0580229],[85.6446559,20.0584486],[85.6441166,20.0587446]]}},{"type":"Feature","properties":{"id":865241777,"highway":"residential"},"geometry":{"type":"LineString","coordinates":[[85.6462593,20.0577705],[85.6459856,20.0583245],[85.6457609,20.0587931],[85.6457059,20.0589912],[85.645675,20.0591666],[85.6456494,20.0593701]]}},{"type":"Feature","properties":{"id":865241778,"highway":"residential"},"geometry":{"type":"LineString","coordinates":[[85.6463296,20.0577602],[85.6466216,20.0587089]]}},{"type":"Feature","properties":{"id":865241779,"highway":"residential"},"geometry":{"type":"LineString","coordinates":[[85.6474514,20.0575904],[85.6475255,20.0580032]]}},{"type":"Feature","properties":{"id":865247317,"highway":"residential"},"geometry":{"type":"LineString","coordinates":[[85.6562228,20.0509143],[85.6565931,20.0507708],[85.6567181,20.0507329],[85.657109,20.0506584]]}},{"type":"Feature","properties":{"id":865252877,"highway":"unclassified"},"geometry":{"type":"LineString","coordinates":[[85.6730302,20.0777972],[85.6725352,20.0771018],[85.6723611,20.0768259],[85.6722849,20.076693],[85.6722646,20.0766412],[85.6722088,20.0764988],[85.6721072,20.076257],[85.6720637,20.0761445],[85.6720383,20.0760832],[85.6720238,20.0760287],[85.6720165,20.075964],[85.6720274,20.0754972],[85.6720274,20.0751429],[85.6720494,20.0749092],[85.6720818,20.0747094],[85.6721059,20.0745734],[85.6721217,20.0744266],[85.6721217,20.074281],[85.6721072,20.0739846],[85.6721072,20.0738552],[85.6721145,20.07377],[85.6721507,20.0736099],[85.6722813,20.0731704],[85.6723248,20.0729898],[85.6723599,20.0728214],[85.6724049,20.0725537],[85.6724285,20.0724556],[85.6724757,20.0723437],[85.6725723,20.0721632],[85.6726959,20.0719848],[85.6727858,20.0718634],[85.672824,20.0717927],[85.6728476,20.0717156],[85.6728926,20.0714536],[85.6729663,20.0710344],[85.6729741,20.0709291],[85.6729838,20.0707983],[85.672978,20.0706799],[85.6729627,20.0705728],[85.6728025,20.0699156],[85.6727879,20.0698175],[85.6727931,20.0697398],[85.6728401,20.0695827],[85.6728965,20.0694426],[85.6729368,20.069365],[85.6729574,20.0693041],[85.6729628,20.0692725],[85.672972,20.0692176],[85.6729712,20.0691421],[85.6729703,20.0690629],[85.672959,20.0688351],[85.6729617,20.0687403],[85.6729634,20.0686785],[85.6729554,20.0684506],[85.6728961,20.0682196],[85.6728434,20.0679433],[85.6728121,20.0677342],[85.6727845,20.0675499],[85.6727323,20.0671265],[85.672709,20.0669992],[85.6726719,20.0669255],[85.6726168,20.0668803],[85.6725501,20.0668406],[85.6724821,20.066791],[85.6724309,20.066713],[85.67237,20.0665483],[85.6722336,20.0661179],[85.6721215,20.0657361],[85.6721051,20.0656802],[85.6720571,20.0654529],[85.6720525,20.0652934],[85.6720639,20.0652152]]}},{"type":"Feature","properties":{"id":865252879,"highway":"unclassified"},"geometry":{"type":"LineString","coordinates":[[85.6701043,20.0538217],[85.670085,20.0537313]]}},{"type":"Feature","properties":{"id":865252880,"highway":"unclassified"},"geometry":{"type":"LineString","coordinates":[[85.670085,20.0537313],[85.6700453,20.0535422],[85.6699911,20.053139],[85.6699751,20.0529834],[85.6699456,20.0526191],[85.6699332,20.0524966],[85.6699058,20.0523741],[85.6698894,20.0523222],[85.6698663,20.0522914],[85.6698413,20.0522712],[85.669809,20.0522587],[85.6697737,20.0522524],[85.669702,20.0522524],[85.6696369,20.0522587],[85.6695053,20.0522813],[85.6693082,20.0523142],[85.6687354,20.0523997],[85.6686019,20.0524064],[85.6685254,20.0524044],[85.6684764,20.0524023],[85.6684417,20.0523878],[85.6684229,20.0523619],[85.6684092,20.0523252],[85.6684062,20.052284],[85.6684113,20.0522181],[85.6684826,20.0519232],[85.6685733,20.0514638],[85.6686719,20.0507249],[85.6687225,20.050549],[85.6687877,20.0503049],[85.6689931,20.0497008],[85.6695286,20.0481923]]}},{"type":"Feature","properties":{"id":865252881,"highway":"unclassified"},"geometry":{"type":"LineString","coordinates":[[85.6702897,20.0546856],[85.6702302,20.0543823],[85.6701043,20.0538217]]}},{"type":"Feature","properties":{"id":865252882,"highway":"unclassified"},"geometry":{"type":"LineString","coordinates":[[85.6703081,20.0547796],[85.6702897,20.0546856]]}},{"type":"Feature","properties":{"id":865252883,"highway":"unclassified"},"geometry":{"type":"LineString","coordinates":[[85.6714461,20.0600723],[85.6714469,20.0598135],[85.671447,20.0595245],[85.6714356,20.0593339],[85.6714055,20.0591893],[85.6711712,20.0583118],[85.6709599,20.0573731],[85.6708999,20.0571258],[85.6705437,20.0557215],[85.6703081,20.0547796]]}},{"type":"Feature","properties":{"id":865252884,"highway":"unclassified"},"geometry":{"type":"LineString","coordinates":[[85.6714534,20.0601898],[85.6714461,20.0600723]]}},{"type":"Feature","properties":{"id":865252885,"highway":"unclassified"},"geometry":{"type":"LineString","coordinates":[[85.6720753,20.065137],[85.672098,20.0649806],[85.6721987,20.0645994],[85.6723581,20.0641186],[85.6724651,20.0638464],[85.6725264,20.0637334],[85.672602,20.0635701],[85.6726705,20.0633674],[85.6727235,20.0630692],[85.6727175,20.0628738],[85.6726855,20.062698],[85.672638,20.0625453],[85.6725973,20.0624729],[85.6725422,20.0623882],[85.6722361,20.0619305],[85.6717905,20.0611148],[85.6716046,20.060764],[85.6715061,20.0604751],[85.6714534,20.0601898]]}},{"type":"Feature","properties":{"id":865252886,"highway":"unclassified"},"geometry":{"type":"LineString","coordinates":[[85.6720639,20.0652152],[85.6720753,20.065137]]}},{"type":"Feature","properties":{"id":865252887,"highway":"residential"},"geometry":{"type":"LineString","coordinates":[[85.6730291,20.0692311],[85.6731056,20.0690608],[85.6731478,20.0689823],[85.6732022,20.0689006],[85.6734166,20.0686134],[85.673487,20.0684997],[85.6735477,20.0683807],[85.6735781,20.0682926],[85.6736038,20.0682085],[85.6736245,20.0681388],[85.6736442,20.0681105],[85.6736856,20.0680982],[85.6738754,20.0680699],[85.6740107,20.0680426],[85.6741038,20.0680311],[85.6742682,20.0680249],[85.6744177,20.068039],[85.6745558,20.0680611],[85.6747146,20.0681009],[85.674786,20.06811],[85.6748509,20.0681123],[85.6749709,20.0680887],[85.6750423,20.0680803],[85.6751243,20.0680887],[85.6752038,20.0681222],[85.6752671,20.068155],[85.6753263,20.0681733],[85.6754486,20.0681782],[85.6758095,20.068181],[85.6767453,20.0681883],[85.6768481,20.0681821],[85.6769771,20.068176],[85.6770477,20.0681874],[85.6770972,20.0682088],[85.6771361,20.0682423],[85.6771564,20.0682896],[85.6771507,20.0683315],[85.6771085,20.0684321],[85.6770882,20.0684923],[85.6770793,20.0686165],[85.6770558,20.0687575],[85.6769617,20.0692475],[85.676931,20.0694859]]}},{"type":"Feature","properties":{"id":865252888,"highway":"residential"},"geometry":{"type":"LineString","coordinates":[[85.6729628,20.0692725],[85.6725455,20.0694085],[85.6723695,20.0694658],[85.6721073,20.0695247],[85.6717137,20.0695681],[85.6708128,20.069617]]}},{"type":"Feature","properties":{"id":865257306,"highway":"residential"},"geometry":{"type":"LineString","coordinates":[[85.6684092,20.0523252],[85.6683596,20.0524764],[85.6683586,20.0525452],[85.668353,20.0526291],[85.6683295,20.0527359],[85.6681181,20.0532117],[85.6678906,20.0536849],[85.6675091,20.0544803],[85.6671923,20.0551873],[85.6671787,20.0552982],[85.6671828,20.0554945],[85.6671745,20.0559363]]}},{"type":"Feature","properties":{"id":865257310,"highway":"residential"},"geometry":{"type":"LineString","coordinates":[[85.6729741,20.0709291],[85.6721852,20.0710459],[85.6718921,20.0710735],[85.6711971,20.0710808],[85.6708028,20.0710849],[85.6701848,20.0710895]]}},{"type":"Feature","properties":{"id":865257311,"highway":"residential"},"geometry":{"type":"LineString","coordinates":[[85.6728025,20.0699156],[85.6726675,20.0700929],[85.6725401,20.0702015],[85.6724382,20.0702469],[85.6722734,20.0703024],[85.6721136,20.0703403],[85.6719385,20.0703508],[85.6716759,20.0703319],[85.6713502,20.0702787],[85.6711946,20.0702565],[85.6710762,20.0702629],[85.6709476,20.0702883],[85.6707751,20.0703598]]}},{"type":"Feature","properties":{"id":865257312,"highway":"residential"},"geometry":{"type":"LineString","coordinates":[[85.6725455,20.0694085],[85.6725002,20.0688708],[85.672487,20.0687509],[85.6724684,20.0686631]]}},{"type":"Feature","properties":{"id":865257313,"highway":"residential"},"geometry":{"type":"LineString","coordinates":[[85.6703911,20.068419],[85.6708718,20.0683774],[85.6714404,20.0683472],[85.6716401,20.0683723],[85.6718803,20.0684228],[85.6722036,20.0685568],[85.6723259,20.0686118],[85.6723975,20.0686448],[85.6724684,20.0686631],[85.6725381,20.0686643],[85.6726292,20.0686643],[85.6727086,20.0686704],[85.6728175,20.0686991],[85.6729617,20.0687403]]}},{"type":"Feature","properties":{"id":865257314,"highway":"residential"},"geometry":{"type":"LineString","coordinates":[[85.670684,20.0665727],[85.6712091,20.0667926],[85.6716857,20.0670481],[85.6722951,20.0674422],[85.6728121,20.0677342]]}},{"type":"Feature","properties":{"id":865257315,"highway":"unclassified"},"geometry":{"type":"LineString","coordinates":[[85.6795704,20.069818],[85.6795415,20.0695934],[85.6795197,20.0695351],[85.6794772,20.0694952],[85.6794228,20.0694799],[85.679363,20.0694789],[85.6792639,20.0694932],[85.6790843,20.0695208],[85.6789972,20.0695198],[85.6789254,20.0695075],[85.6787937,20.0694778],[85.678614,20.0694441],[85.6785368,20.069442],[85.6784736,20.0694553],[85.6783876,20.0694983],[85.6782527,20.0695514],[85.6781405,20.069575],[85.6780034,20.0695934],[85.6779206,20.0695976],[85.6778345,20.069602],[85.6776839,20.0696186],[85.6776145,20.0696119],[85.6775585,20.0696053],[85.6775039,20.0695901],[85.6774548,20.0695638],[85.6773582,20.0694956],[85.6772953,20.0694612],[85.6772342,20.0694506],[85.6771797,20.0694506],[85.6770716,20.0694673],[85.676931,20.0694859],[85.6767471,20.0694922],[85.6764799,20.0695105],[85.6762616,20.069518],[85.6759013,20.0695192],[85.6755527,20.0694702],[85.6754363,20.0694596],[85.6753245,20.069455],[85.6751998,20.0694639],[85.6750424,20.0694816],[85.674889,20.0695215],[85.6746777,20.0695873],[85.6745639,20.0696021],[85.6744431,20.069608],[85.6742867,20.0696023],[85.6742148,20.0695972],[85.6741441,20.0695767],[85.6740581,20.0695365],[85.674,20.0694897],[85.6739275,20.0694011],[85.6738374,20.0692418],[85.6736836,20.0690281],[85.6736317,20.0689753],[85.6735885,20.0689516],[85.6735541,20.0689434],[85.6735182,20.0689429],[85.6734828,20.0689557],[85.6734343,20.0689812],[85.6733579,20.0690257],[85.6730291,20.0692311],[85.6729628,20.0692725]]}},{"type":"Feature","properties":{"id":865257316,"highway":"residential"},"geometry":{"type":"LineString","coordinates":[[85.6755527,20.0694702],[85.6756422,20.0695774],[85.6757081,20.06965],[85.6758334,20.0697513],[85.6760749,20.0699192],[85.6761941,20.0700035],[85.676312,20.0701032],[85.6767292,20.0705482],[85.676823,20.0706325],[85.6769558,20.0707164],[85.6770625,20.0707818],[85.6771332,20.0708063],[85.677204,20.0708186],[85.6773074,20.0708094],[85.678016,20.0706908],[85.6781815,20.0706499],[85.6783317,20.0705875],[85.678434,20.0705415],[85.6785516,20.0705057],[85.6796638,20.0702934]]}},{"type":"Feature","properties":{"id":865257317,"highway":"residential"},"geometry":{"type":"LineString","coordinates":[[85.676312,20.0701032],[85.6764164,20.0700565],[85.6764966,20.0700404],[85.6765752,20.0700278],[85.6767498,20.0700214],[85.6772054,20.0700336],[85.6773893,20.0700347],[85.6774936,20.0700292],[85.6775428,20.0700083],[85.6775931,20.0699554],[85.6776224,20.0699059],[85.6776839,20.0696186]]}},{"type":"Feature","properties":{"id":865262823,"highway":"residential"},"geometry":{"type":"LineString","coordinates":[[85.6758095,20.068181],[85.6759013,20.0695192]]}},{"type":"Feature","properties":{"id":865271238,"highway":"unclassified"},"geometry":{"type":"LineString","coordinates":[[85.6913836,20.0682107],[85.6913027,20.0681383],[85.6912467,20.068103],[85.6911581,20.0680693],[85.6910381,20.0680399],[85.6908219,20.068009],[85.6905775,20.0680022],[85.6902972,20.0679824],[85.6901613,20.0679501],[85.6900436,20.0679072]]}},{"type":"Feature","properties":{"id":865271239,"highway":"unclassified"},"geometry":{"type":"LineString","coordinates":[[85.6914234,20.0681957],[85.6915315,20.0681684]]}},{"type":"Feature","properties":{"id":865271240,"highway":"unclassified"},"geometry":{"type":"LineString","coordinates":[[85.6888913,20.06871],[85.6889936,20.0687131],[85.6891205,20.068724],[85.6892022,20.0687519],[85.6894254,20.0688822],[85.6895081,20.0689189],[85.6896046,20.0689459],[85.6897233,20.0689341],[85.6900783,20.0688567],[85.6902715,20.0687808],[85.6904465,20.0687142],[85.6910243,20.0684944],[85.6911561,20.0684103],[85.6912884,20.0682643],[85.6913836,20.0682107],[85.6914051,20.0682018],[85.6914234,20.0681957]]}},{"type":"Feature","properties":{"id":865271241,"highway":"unclassified"},"geometry":{"type":"LineString","coordinates":[[85.6887269,20.0688059],[85.6888913,20.06871]]}},{"type":"Feature","properties":{"id":865271242,"highway":"unclassified"},"geometry":{"type":"LineString","coordinates":[[85.6915315,20.0681684],[85.6915718,20.0681648],[85.6917329,20.0681689],[85.692052,20.0681451],[85.6923515,20.0681032],[85.6924841,20.0680844],[85.6926637,20.0680599],[85.6928799,20.0680105],[85.6930573,20.0679207],[85.6931255,20.0678496],[85.6931984,20.0677627],[85.6933567,20.0675749],[85.6934972,20.0674314],[85.6936345,20.067229],[85.693731,20.0671143],[85.6938572,20.0670261],[85.6940744,20.0669239],[85.6943122,20.0668411],[85.6945958,20.0667648],[85.6948328,20.0667119],[85.6950578,20.066666],[85.6953731,20.0666312],[85.695669,20.0666565],[85.6959022,20.066677],[85.6967551,20.0667521],[85.6971534,20.0667579],[85.6974606,20.0667776],[85.6975857,20.0668041],[85.6978456,20.0668577],[85.6984871,20.0670056],[85.6992108,20.0671727],[85.6994326,20.0672276],[85.6996247,20.0672599],[85.6999597,20.067267],[85.7000193,20.067264],[85.700165,20.0672336],[85.7003214,20.0672253],[85.700505,20.0672252],[85.700754,20.0672674],[85.7008892,20.067301],[85.7010431,20.0673372],[85.7011523,20.0673957],[85.7012909,20.0674969]]}},{"type":"Feature","properties":{"id":865631239,"highway":"residential"},"geometry":{"type":"LineString","coordinates":[[85.6249512,20.0565778],[85.6251918,20.0565075],[85.6252889,20.0564587],[85.6263524,20.0558255]]}},{"type":"Feature","properties":{"id":865631240,"highway":"residential"},"geometry":{"type":"LineString","coordinates":[[85.6267082,20.05851],[85.626542,20.0585856],[85.6263436,20.058704],[85.6262317,20.0587784],[85.6261028,20.058864],[85.6259631,20.0589685],[85.6258935,20.0590496],[85.6257301,20.0592667]]}},{"type":"Feature","properties":{"id":865631241,"highway":"unclassified"},"geometry":{"type":"LineString","coordinates":[[85.6250081,20.0594192],[85.6249213,20.0594365],[85.6248298,20.0594541],[85.6243366,20.0595434],[85.6241565,20.0595853],[85.623945,20.0596249],[85.6237782,20.05962],[85.6233716,20.0595937],[85.6229996,20.0595717],[85.6227851,20.0595627],[85.6226427,20.0595567],[85.6224407,20.059565],[85.62226,20.0595979],[85.6221162,20.0596679],[85.6220019,20.0597355],[85.6219212,20.0597832],[85.6216756,20.0599474],[85.6213316,20.0602311],[85.6212128,20.0603502],[85.6211212,20.0604464],[85.620931,20.0605614],[85.6204473,20.0607545],[85.6199358,20.0609524],[85.6195935,20.061045],[85.619412,20.0610868],[85.6192844,20.061126],[85.6192472,20.0611374]]}},{"type":"Feature","properties":{"id":865631242,"highway":"unclassified"},"geometry":{"type":"LineString","coordinates":[[85.6230014,20.065754],[85.6228077,20.0657105],[85.6226914,20.0656781],[85.6225552,20.0655791],[85.6219738,20.0649204],[85.6211345,20.0639853],[85.6201916,20.0629085],[85.6195563,20.0621994],[85.6195022,20.0621155],[85.6194632,20.0620245],[85.6194266,20.0619106],[85.6192844,20.061126]]}},{"type":"Feature","properties":{"id":865632304,"highway":"residential"},"geometry":{"type":"LineString","coordinates":[[85.6256099,20.0428204],[85.6257143,20.0430424],[85.6257997,20.0431566],[85.6264135,20.0437545]]}},{"type":"Feature","properties":{"id":865632305,"highway":"residential"},"geometry":{"type":"LineString","coordinates":[[85.6391606,20.0593767],[85.6390957,20.0592348],[85.6389665,20.0590255],[85.6387604,20.058784],[85.6386215,20.058647],[85.6385265,20.0585012],[85.6382538,20.0580514],[85.6380889,20.0578487],[85.6380341,20.0577698],[85.6379654,20.0576562],[85.6379013,20.0575181],[85.6378202,20.0573136],[85.6376743,20.0570765],[85.6372608,20.05649],[85.6370394,20.0560945],[85.6369311,20.0559363],[85.6367579,20.0556786],[85.6366825,20.055522],[85.6366248,20.0553698],[85.6365833,20.0551808],[85.63658,20.0550619],[85.636557,20.0549489],[85.6364636,20.0546987],[85.6363318,20.0543064],[85.636225,20.0537429],[85.6359625,20.0524101]]}},{"type":"Feature","properties":{"id":866126994,"highway":"residential"},"geometry":{"type":"LineString","coordinates":[[85.6878395,20.0535822],[85.6876735,20.0531009],[85.6876415,20.0530186],[85.6875764,20.0529207],[85.6875136,20.052834],[85.6874616,20.0527139],[85.687387,20.0525026],[85.6872603,20.0520678],[85.6871348,20.0517042],[85.6869916,20.0513972],[85.6869087,20.0512794],[85.6867797,20.0511359],[85.6867205,20.0510803],[85.6865548,20.0509724],[85.6862517,20.0507901],[85.6862079,20.0507467],[85.68617,20.0506866],[85.6861381,20.0506144],[85.6861168,20.0504976],[85.6860892,20.0503281],[85.6860444,20.049996]]}},{"type":"Feature","properties":{"id":866126995,"highway":"tertiary"},"geometry":{"type":"LineString","coordinates":[[85.636176,19.9891325],[85.6361598,19.9896671],[85.6361348,19.990006],[85.6360779,19.9906695],[85.6360212,19.9917064],[85.6359894,19.992051],[85.6359975,19.992289],[85.6360187,19.9924297],[85.6360935,19.9927004],[85.6364612,19.9937817],[85.6367212,19.9946206],[85.6367904,19.9948485],[85.6368552,19.99505],[85.636905,19.9951504],[85.6369731,19.9952479],[85.6370618,19.9953261],[85.6372192,19.9954645],[85.6373713,19.9956266],[85.637474,19.9957648],[85.6375575,19.9959029],[85.6376566,19.9960975],[85.63769,19.9962188],[85.6377262,19.9964178],[85.6377723,19.9966362],[85.6378406,19.9968934],[85.637857,19.9971552],[85.6378162,19.997487],[85.6377567,19.9977342],[85.6372869,19.9987991],[85.6371962,19.998992],[85.6371879,19.99903],[85.637186,19.9990724],[85.6371872,19.9991217],[85.637195,19.9991613],[85.6372349,19.9992462],[85.6373053,19.9993473],[85.6373854,19.9994748],[85.6374406,19.9996099],[85.6374763,19.9997395],[85.6375256,19.9998984],[85.6376826,20.0002336],[85.637854,20.0005876],[85.637912,20.0007016],[85.6379493,20.000748],[85.6380026,20.0007855],[85.6380699,20.0008125],[85.6381326,20.0008194],[85.6382425,20.0007974],[85.6386508,20.0006817],[85.6388794,20.000611],[85.6392382,20.0005319],[85.6396082,20.0004752],[85.6400418,20.0004203],[85.6402724,20.0003663],[85.6405122,20.0002901],[85.6407657,20.0001989],[85.6410196,20.0001049],[85.64143,19.999972],[85.6423053,19.9996985],[85.642979,19.9994782],[85.6432372,19.9993888],[85.6433867,19.9993392],[85.6435267,19.9993164],[85.6436832,19.9993187],[85.643817,19.9993467],[85.6439261,19.9993798],[85.6440414,19.99944],[85.6441398,19.9995024],[85.6442857,19.9996633],[85.6444322,19.9998473],[85.6446201,20.0001275],[85.6448382,20.000518],[85.6450581,20.0009387],[85.6451637,20.0011756],[85.6452602,20.0015025],[85.6454231,20.0020965],[85.6454493,20.0022065],[85.6454571,20.0023066],[85.6454614,20.0024368],[85.645451,20.0025394],[85.6454216,20.0026305],[85.6453601,20.0027518],[85.6452365,20.0029524],[85.6449952,20.0032871],[85.6448797,20.0034314],[85.6448181,20.0035155],[85.6447972,20.0035832],[85.6447913,20.003676],[85.6447974,20.0038575],[85.6448041,20.004056],[85.6448123,20.0042372],[85.6448088,20.0043399],[85.6447925,20.0044371],[85.6447565,20.0045386],[85.6446461,20.0048378],[85.6445519,20.005026],[85.6444807,20.0051762],[85.6444359,20.0052841],[85.644393,20.0054555],[85.6443563,20.0059481],[85.6443547,20.006008],[85.6443661,20.0060907],[85.64439,20.0061487],[85.644452,20.0062066],[85.6446632,20.0063563],[85.6451255,20.0067062],[85.6455673,20.0070393],[85.6459659,20.0073412],[85.6461338,20.007505],[85.6462373,20.0076163],[85.6463018,20.0077103],[85.6464176,20.0078857],[85.6465207,20.0080899],[85.6466432,20.0084497],[85.6466811,20.0086338],[85.6466957,20.0088517],[85.6466896,20.0090782],[85.6466543,20.0093056],[85.646585,20.0095878],[85.6465003,20.0097898],[85.6464087,20.0099477],[85.6462997,20.0101184],[85.6461744,20.0102746],[85.6460239,20.0104325],[85.6457983,20.010609],[85.6455361,20.0107692],[85.6453894,20.0108377],[85.6452222,20.0108973],[85.6450272,20.0109609],[85.6448909,20.0110011],[85.6447893,20.0110787],[85.6446444,20.0112486],[85.6443213,20.0116311],[85.6442797,20.0117005],[85.6442603,20.0118105],[85.6442508,20.011962],[85.6442472,20.0120467],[85.6442451,20.0121391],[85.644243,20.0122918],[85.6442565,20.0123532],[85.6442896,20.0124233],[85.6443498,20.0124896],[85.644525,20.0126581],[85.6445965,20.0127331],[85.6446359,20.0127964],[85.6446857,20.0128743],[85.644725,20.0129601],[85.6447354,20.0130078],[85.6447313,20.0131119],[85.6446966,20.0132921],[85.6446494,20.0134864],[85.6446213,20.013595],[85.6446162,20.013645],[85.6446126,20.0137097],[85.6446205,20.0137677],[85.6446586,20.0138993],[85.6446887,20.0140241],[85.6447002,20.014101],[85.6447067,20.0142028],[85.6447045,20.014331],[85.6446931,20.0144342],[85.6446737,20.0145206],[85.644645,20.0145894],[85.6445653,20.014727],[85.6445274,20.0147863],[85.6445029,20.0148451],[85.644495,20.0149155],[85.6445044,20.0150391],[85.6445228,20.0151717],[85.6445764,20.0153552],[85.6449132,20.016024],[85.6449489,20.0160759],[85.6449989,20.0161182],[85.6450591,20.0161394],[85.6451257,20.0161369],[85.6451876,20.0161149],[85.6452753,20.0160509],[85.6455015,20.0159316],[85.6465353,20.0154029],[85.646862,20.0152601],[85.6470749,20.0151781],[85.6472419,20.0151471],[85.6473932,20.0151447],[85.6475132,20.0151739],[85.6475872,20.0152032],[85.6476353,20.0152194],[85.6476855,20.0152281],[85.647776,20.0152335],[85.6479386,20.0152256],[85.6481009,20.0152345],[85.6482714,20.0152754],[85.648372,20.0153162],[85.6484592,20.0153661],[85.6485611,20.0154417],[85.6486255,20.0155173],[85.6486819,20.0156257],[85.6487478,20.0157642],[85.6488234,20.0158994],[85.6488975,20.0159915],[85.6490322,20.0161344],[85.6492871,20.0163933],[85.6494792,20.0166096],[85.6496762,20.0168413],[85.649756,20.0169092],[85.6498541,20.0169624],[85.6499832,20.0170148],[85.6502907,20.0171279],[85.6505361,20.0171992],[85.6506172,20.0172423],[85.6507163,20.0173241],[85.6508033,20.0173876],[85.650883,20.0174391],[85.6509853,20.01748],[85.6510734,20.0174948],[85.6511816,20.0174983],[85.6512945,20.0174834],[85.6513757,20.0174869],[85.6514345,20.0175106],[85.6516174,20.0176237],[85.6517498,20.0177008],[85.6518348,20.0177315],[85.6519206,20.0177473],[85.6519775,20.0177456],[85.6520456,20.0177263],[85.6520867,20.0176947],[85.6521286,20.0176298],[85.6522836,20.0172885],[85.6524045,20.0170451],[85.6524669,20.0169266],[85.6525177,20.0168512],[85.6525776,20.0167971],[85.65267,20.0167638],[85.6528138,20.0167253],[85.6542104,20.0164691],[85.6542887,20.0164547],[85.6545958,20.0163807],[85.6546942,20.0163345],[85.6549101,20.0161807],[85.6550628,20.0160826],[85.6552646,20.0159618],[85.6554624,20.0158684],[85.6556311,20.0157948],[85.6558098,20.0157401],[85.6560197,20.0156844],[85.6561703,20.0156618],[85.6562858,20.0156637],[85.6564103,20.0156825],[85.6565177,20.0157165],[85.6566453,20.0157712],[85.6567748,20.0158608],[85.6568531,20.0159325],[85.6569706,20.0160873],[85.657054,20.016225],[85.6571313,20.0163967],[85.6572116,20.0166383],[85.6573432,20.017211],[85.6573813,20.0173364],[85.6574385,20.0174808],[85.6575189,20.0176393],[85.6576912,20.0178594],[85.6577866,20.0179655],[85.6578634,20.0180594],[85.6579308,20.0181589],[85.657982,20.0182802],[85.6580553,20.0184594],[85.6581159,20.0185711],[85.6581752,20.0186647],[85.658279,20.0187825],[85.658364,20.0188769],[85.6585686,20.0191635],[85.6586614,20.0192877],[85.6587451,20.0193685],[85.6588184,20.0194297],[85.6589022,20.0194559],[85.6590894,20.0194581],[85.6592802,20.0194446],[85.6595589,20.0194465],[85.6597696,20.0194567],[85.6600106,20.01948],[85.6602385,20.0194931],[85.6605072,20.0195292],[85.6606479,20.0195598],[85.6607375,20.0195871],[85.6608329,20.0196297],[85.6609713,20.0197149],[85.6610692,20.019796],[85.6611593,20.0199113],[85.6612419,20.020003],[85.6613258,20.0200513],[85.6614372,20.0200854],[85.6618115,20.0201065],[85.6626639,20.0201748],[85.6628205,20.0201951],[85.6630276,20.0202345],[85.6631788,20.0202862],[85.6636164,20.0204519],[85.6637638,20.0205229],[85.6638879,20.0205922],[85.6639942,20.020664],[85.6641015,20.0207561],[85.6642545,20.0209007],[85.6644038,20.0210541],[85.6647629,20.0214936],[85.6648544,20.0216303],[85.6650097,20.0219079],[85.6653601,20.0226571],[85.6657282,20.0234721],[85.6658546,20.0237485],[85.6659347,20.0239131],[85.6660286,20.0240366],[85.66617,20.0241966],[85.6665218,20.0245753],[85.6670901,20.0252021],[85.6678201,20.0259882],[85.6681189,20.0263281],[85.6682671,20.0265295],[85.6683342,20.0266361],[85.6683764,20.0267162],[85.6683954,20.0267753],[85.6684227,20.0269029],[85.6684194,20.0269869],[85.6684037,20.0270825],[85.6683631,20.0271875],[85.66833,20.0272669],[85.6683002,20.0273361],[85.6682944,20.0274084],[85.6683044,20.0274873],[85.6683302,20.0276008],[85.6683963,20.0278296],[85.6684978,20.0282264],[85.6685963,20.0286072],[85.6686222,20.0287322],[85.6687796,20.0295783],[85.6688378,20.0298779],[85.6688606,20.0300095],[85.6688851,20.0301708],[85.6689166,20.0304194],[85.6689996,20.0309391],[85.6692195,20.031553],[85.6692959,20.0317704],[85.6693378,20.0318924],[85.6694005,20.0320367],[85.6694541,20.0321187],[85.6695206,20.032194],[85.6696165,20.0322796],[85.6700432,20.0325689],[85.6702185,20.0327159],[85.6704674,20.0329303],[85.6706434,20.033053],[85.6707593,20.0331143],[85.6709509,20.0331887],[85.6716533,20.0334295],[85.6719891,20.0335572],[85.6722197,20.0336541],[85.6724429,20.0337862],[85.6725892,20.0339036],[85.6727517,20.0341184],[85.672904,20.0343453],[85.673071,20.0346296],[85.6731563,20.0348023],[85.6732082,20.0349773],[85.67321,20.035186],[85.6732096,20.0353464],[85.6732143,20.0354191],[85.6732277,20.0354755],[85.673257,20.0355248],[85.6733317,20.0355839],[85.6734857,20.0356363],[85.6736741,20.0356824],[85.6740665,20.0357527],[85.6744112,20.0358002],[85.6748023,20.0358605],[85.6750509,20.0358811],[85.6752014,20.035873],[85.675352,20.0358463],[85.6757317,20.0357184],[85.6767317,20.0353863],[85.6772717,20.0352085],[85.6773704,20.0351923],[85.6774908,20.0351913],[85.6775836,20.0352042],[85.6776822,20.0352344],[85.6778141,20.0352861],[85.6779483,20.0353593],[85.6782001,20.0355365],[85.6783452,20.0356929],[85.6785772,20.0359607],[85.6786574,20.0360697],[85.6787221,20.0361934],[85.6787992,20.0364707],[85.6788451,20.0366447],[85.6788746,20.0369128],[85.678891,20.0375259],[85.6789173,20.0380188],[85.6789418,20.0382641],[85.6789826,20.0385886],[85.6790194,20.038846],[85.6790664,20.0390361],[85.6791768,20.0394816],[85.6792279,20.0396659],[85.6796384,20.0405872],[85.6802314,20.0414828],[85.6802957,20.0415685],[85.6804026,20.0416886],[85.6804877,20.0417659],[85.6805475,20.0418203],[85.6807047,20.041934],[85.6809011,20.042025],[85.6811377,20.0421264],[85.6822072,20.042522],[85.6825283,20.0426733],[85.6828605,20.0428806],[85.683017,20.0429738],[85.6831628,20.0430819],[85.6837044,20.0435001],[85.683791,20.043569],[85.6840635,20.0437855],[85.6842164,20.0439144],[85.6846646,20.0443195],[85.6857351,20.0450731],[85.6859715,20.0452977],[85.6861123,20.0454923],[85.6862319,20.0457319],[85.6863301,20.0459166],[85.6863726,20.0461337],[85.686362,20.0463158],[85.6863222,20.046513],[85.6862345,20.0467974],[85.6861708,20.0470245],[85.6861522,20.0471368],[85.6861787,20.0472591],[85.6862823,20.0475061],[85.6864948,20.0482597],[85.6865108,20.0484618],[85.6865187,20.048619],[85.6864975,20.0487463],[85.6864656,20.0488511],[85.6863859,20.0489933],[85.6862212,20.0492129],[85.6861256,20.0493377],[85.6860884,20.0494425],[85.6860884,20.0495872],[85.6860836,20.0497115],[85.6860764,20.0498755],[85.6860444,20.049996],[85.6859731,20.05015],[85.6858626,20.0503743],[85.6858127,20.0506991],[85.6857771,20.0511108],[85.68577,20.0514791],[85.6857878,20.0517704],[85.6858474,20.0521062],[85.6859541,20.0523551],[85.6861197,20.052578],[85.6864178,20.052978],[85.6867879,20.0534517],[85.6871877,20.0538895],[85.6873789,20.0540981],[85.6876094,20.0543496],[85.6878192,20.0545032],[85.6880734,20.0546359],[85.6885566,20.0548576],[85.6889353,20.0550199],[85.6891871,20.0551459],[85.6894562,20.0552918],[85.6896204,20.0554005],[85.6898242,20.0555987],[85.6899047,20.0557365],[85.6899804,20.0559343],[85.6901156,20.0564614],[85.6903353,20.0577348],[85.6904199,20.0580727],[85.6906394,20.0588757],[85.6906832,20.0590901],[85.6906824,20.0592947],[85.6906354,20.0595093],[85.6904698,20.0597346],[85.6903127,20.0599246],[85.6898995,20.0604011],[85.689542,20.060812],[85.6893042,20.0610895],[85.6891418,20.0612977],[85.6890142,20.061466],[85.688938,20.0617001],[85.6888914,20.062011],[85.6888045,20.0625501],[85.6886988,20.0630015],[85.6886148,20.0633527],[85.6885911,20.0636841],[85.6886014,20.063897],[85.6886474,20.064149],[85.6887259,20.0644893],[85.6888378,20.0649697],[85.6889357,20.0653365],[85.689068,20.0658329],[85.6892782,20.0666828],[85.6893867,20.0670801]]}},{"type":"Feature","properties":{"id":866129336,"highway":"residential"},"geometry":{"type":"LineString","coordinates":[[85.6871877,20.0538895],[85.6877336,20.0536534],[85.6878395,20.0535822],[85.687933,20.0535277],[85.6880099,20.0535044],[85.6887084,20.0533167],[85.6889233,20.053259],[85.6893011,20.0531651],[85.6893583,20.0531444],[85.6893938,20.0531259],[85.6894233,20.0531045],[85.6899,20.0526501],[85.6899516,20.0526121],[85.6899836,20.0525974]]}},{"type":"Feature","properties":{"id":866129337,"highway":"residential"},"geometry":{"type":"LineString","coordinates":[[85.6899836,20.0525974],[85.6900607,20.0525776]]}},{"type":"Feature","properties":{"id":866129338,"highway":"residential"},"geometry":{"type":"LineString","coordinates":[[85.6900607,20.0525776],[85.690092,20.0525697]]}},{"type":"Feature","properties":{"id":866129340,"highway":"residential"},"geometry":{"type":"LineString","coordinates":[[85.6891125,20.0495424],[85.6890837,20.0495533]]}},{"type":"Feature","properties":{"id":866129341,"highway":"residential"},"geometry":{"type":"LineString","coordinates":[[85.6890837,20.0495533],[85.6889883,20.0495929]]}},{"type":"Feature","properties":{"id":866129342,"highway":"residential"},"geometry":{"type":"LineString","coordinates":[[85.6889883,20.0495929],[85.6889672,20.0496017],[85.6887168,20.0496959],[85.6878173,20.0499899],[85.6872976,20.0501664],[85.6872428,20.050185],[85.6870358,20.050263],[85.686914,20.0503276],[85.6867369,20.0504652],[85.6866171,20.0505694],[85.6865254,20.0506244],[85.6864375,20.0506627],[85.6862079,20.0507467]]}},{"type":"Feature","properties":{"id":866130868,"highway":"residential"},"geometry":{"type":"LineString","coordinates":[[85.6900334,20.0523602],[85.6903595,20.0520613],[85.6905103,20.0519049],[85.6906403,20.0517355],[85.6908157,20.0515404],[85.690983,20.0513976],[85.691152,20.0512781],[85.691514,20.051052],[85.6919261,20.0507974],[85.6922571,20.0506007],[85.6925194,20.0504666],[85.6928331,20.0503243],[85.6930875,20.0502397],[85.6933925,20.0501467],[85.6936686,20.0500584],[85.6939405,20.0499567],[85.6940866,20.0498712],[85.6941592,20.0498021],[85.6942609,20.0497043],[85.6944277,20.0495013],[85.6945804,20.0493233],[85.6947349,20.0492006],[85.6950661,20.0489362],[85.6954137,20.0486597],[85.6955756,20.0485595],[85.6959472,20.048359],[85.6963023,20.0481741],[85.697178,20.04773],[85.6980051,20.0472357],[85.6982983,20.0470508],[85.6991482,20.0466222],[85.6993137,20.0465501],[85.699507,20.046478],[85.6997388,20.0464123],[85.699869,20.0463672],[85.7000089,20.0463002],[85.7001611,20.046201],[85.7004312,20.0459743],[85.7006588,20.0458043],[85.7007713,20.045736],[85.7009098,20.0456703],[85.701074,20.0456015],[85.7011661,20.0455509],[85.7012696,20.0454709],[85.7013512,20.045404],[85.7014307,20.0453589],[85.7016431,20.0452944],[85.7020969,20.0451726],[85.7025923,20.045072],[85.7030129,20.044953],[85.7035009,20.0447748],[85.703844,20.0446334],[85.7041428,20.0445321],[85.7043501,20.0444699],[85.7044736,20.0444504],[85.7045774,20.0444506],[85.7047142,20.044477],[85.7052303,20.0446968],[85.705324,20.0447095],[85.7054259,20.0446885],[85.7056117,20.0445414],[85.7058478,20.0443499],[85.706484,20.0438678],[85.7066956,20.0437477],[85.7069748,20.0435736],[85.7073374,20.0433178],[85.7076121,20.0431709]]}},{"type":"Feature","properties":{"id":866130869,"highway":"residential"},"geometry":{"type":"LineString","coordinates":[[85.690168,20.0536581],[85.6894014,20.0537623],[85.6891101,20.0537843],[85.6889876,20.053784],[85.6889421,20.0537484],[85.6889062,20.0536987],[85.6887084,20.0533167]]}},{"type":"Feature","properties":{"id":866131903,"highway":"unclassified"},"geometry":{"type":"LineString","coordinates":[[85.6989261,20.0835019],[85.6986647,20.0832345],[85.6984495,20.0830263],[85.6981008,20.0827575],[85.6978784,20.0825955],[85.6977371,20.0824866],[85.6976243,20.0823831],[85.6975084,20.0822721],[85.6973587,20.0820942],[85.6972269,20.0819246],[85.6967686,20.081339],[85.6966824,20.081215],[85.6966113,20.0811029],[85.6965446,20.0809906],[85.6964613,20.0808128],[85.6963863,20.0806229],[85.6962897,20.0803287],[85.6961242,20.0798387],[85.6959533,20.0792787],[85.6959054,20.0791348],[85.6957236,20.0786128],[85.6956505,20.0784414],[85.6956028,20.0782945],[85.6955815,20.0782162],[85.6955603,20.0781255],[85.695544,20.0779674],[85.6955325,20.0778232],[85.695501,20.0775021],[85.6954792,20.0773475],[85.6954515,20.0771474],[85.6954376,20.0770407],[85.6954263,20.0768953],[85.6954286,20.0767413],[85.6954328,20.0766517],[85.6954414,20.0764958],[85.6954377,20.0764097],[85.6954191,20.0763222],[85.6953876,20.0762595],[85.6953615,20.0762159],[85.6953058,20.0761585],[85.6952034,20.0760837],[85.6951015,20.0760282],[85.6950217,20.0759866],[85.6949017,20.0759392],[85.6947817,20.0758918],[85.6947031,20.0758572],[85.6946041,20.0757986],[85.6945085,20.0757099],[85.6944513,20.0756429],[85.6943822,20.0755592],[85.6942557,20.0753916],[85.6941266,20.0752071],[85.6939992,20.0750113],[85.6938907,20.0748238],[85.6936699,20.0744118],[85.6936215,20.0743154],[85.6935817,20.0741772],[85.6935655,20.0740825],[85.693543,20.0739508],[85.6934901,20.0736571],[85.6934725,20.0735346],[85.6934612,20.0733726],[85.6934547,20.0732129],[85.6934547,20.0729279],[85.6934648,20.0728322],[85.6934848,20.0727257],[85.6935132,20.0726095],[85.6935491,20.0724898],[85.6935706,20.0723998],[85.6935925,20.0722849],[85.6936265,20.0720103],[85.693644,20.0719304],[85.6936605,20.0718631],[85.693675,20.0718079],[85.693692,20.0717335],[85.6937168,20.0716248],[85.6937311,20.0715215],[85.6937635,20.0713353],[85.6937898,20.0712261],[85.6938088,20.0711735],[85.69384,20.071098],[85.6938819,20.0710198],[85.6939237,20.0709531],[85.6939927,20.0708435],[85.6940373,20.0707491],[85.6940639,20.070676],[85.6940799,20.070623],[85.6940897,20.070543],[85.6940813,20.0704746],[85.6940593,20.0704006],[85.6939554,20.0701817],[85.6938229,20.0699148],[85.6936899,20.0696955],[85.6935369,20.0694536],[85.6934334,20.0693142],[85.6932872,20.0691614],[85.6930586,20.0689735],[85.6926953,20.0687014],[85.6926454,20.068664],[85.6925677,20.068613],[85.6924622,20.068568],[85.6923538,20.0685353],[85.6922607,20.068525],[85.6921593,20.0685246],[85.6920671,20.068544],[85.6919767,20.0685692],[85.6917466,20.0686589]]}},{"type":"Feature","properties":{"id":866131904,"highway":"residential"},"geometry":{"type":"LineString","coordinates":[[85.6919459,20.0690707],[85.6920987,20.0690728],[85.6926405,20.0690627],[85.6927711,20.06905],[85.6929014,20.0690211],[85.6930586,20.0689735]]}},{"type":"Feature","properties":{"id":866131905,"highway":"residential"},"geometry":{"type":"LineString","coordinates":[[85.6925677,20.068613],[85.6924841,20.0680844]]}},{"type":"Feature","properties":{"id":866131906,"highway":"residential"},"geometry":{"type":"LineString","coordinates":[[85.6931255,20.0678496],[85.6933594,20.0680285],[85.6934457,20.0681076],[85.6934932,20.0681661],[85.693534,20.0683004],[85.6935636,20.0684332],[85.6935769,20.0685494],[85.6935701,20.0686389],[85.6935111,20.0688518],[85.6934886,20.0689464],[85.6934806,20.0690332],[85.6934816,20.0691151],[85.6935369,20.0694536]]}},{"type":"Feature","properties":{"id":866131907,"highway":"residential"},"geometry":{"type":"LineString","coordinates":[[85.6999597,20.067267],[85.6998912,20.0675583],[85.6998696,20.0677185],[85.699844,20.0677674],[85.6997789,20.067796],[85.6995906,20.0677973],[85.6994715,20.0677934],[85.6993108,20.0677687],[85.6991958,20.0677635],[85.698103,20.0677544],[85.6980144,20.0677426],[85.6979423,20.0677023],[85.6978952,20.0676503],[85.6978565,20.0675618],[85.6977997,20.0674369],[85.6977413,20.0673209],[85.6977131,20.0673005],[85.6975862,20.0673574],[85.6975152,20.067358],[85.6974803,20.0673344],[85.6974512,20.0671845]]}},{"type":"Feature","properties":{"id":866131908,"highway":"residential"},"geometry":{"type":"LineString","coordinates":[[85.6926953,20.0687014],[85.6935701,20.0686389],[85.6937842,20.0686293],[85.6940133,20.0686199],[85.6942121,20.0685759],[85.6943853,20.0685081],[85.694574,20.0684323],[85.6948351,20.0683197],[85.6949887,20.0682584],[85.6951233,20.0682049],[85.6952678,20.0681726],[85.695445,20.0681693],[85.695666,20.0681817],[85.6959419,20.0681915],[85.6961345,20.0681777],[85.6962952,20.068133],[85.6966195,20.0680102],[85.696699,20.0679656],[85.696733,20.0679277],[85.6967558,20.0678783],[85.6967651,20.0678172],[85.6967506,20.0676262],[85.6967485,20.0675389],[85.6967537,20.0674923],[85.6967847,20.0674322],[85.6968311,20.0673905],[85.6968807,20.0673614],[85.6970448,20.0672897],[85.6970986,20.0672413],[85.6971369,20.0671649],[85.69715,20.0670796],[85.6971534,20.0667579]]}},{"type":"Feature","properties":{"id":866133949,"highway":"tertiary"},"geometry":{"type":"LineString","coordinates":[[85.6900673,20.0693128],[85.6900706,20.0691735]]}},{"type":"Feature","properties":{"id":866133950,"highway":"tertiary"},"geometry":{"type":"LineString","coordinates":[[85.6900706,20.0691735],[85.6900783,20.0688567],[85.6900436,20.0679072]]}},{"type":"Feature","properties":{"id":866133957,"highway":"residential"},"geometry":{"type":"LineString","coordinates":[[85.6941725,20.0644752],[85.694308,20.0648024],[85.6944619,20.0652677],[85.6945246,20.0654572],[85.6945653,20.0655804],[85.6947005,20.0660638],[85.6947596,20.0663093],[85.6948328,20.0667119],[85.6948306,20.0669098],[85.6948293,20.0670424],[85.6948373,20.0671487],[85.6948574,20.0673065],[85.6949163,20.0675786],[85.6949299,20.0676565],[85.6949329,20.067719],[85.6949118,20.0677632],[85.6948744,20.0678045],[85.6947868,20.0678389],[85.6941326,20.0680484],[85.6940027,20.0680864],[85.6939267,20.0681019],[85.6938093,20.068114],[85.6937083,20.0681181],[85.6936021,20.0681181],[85.6935597,20.0681257],[85.6935274,20.0681394],[85.6934932,20.0681661]]}},{"type":"Feature","properties":{"id":866133958,"highway":"residential"},"geometry":{"type":"LineString","coordinates":[[85.6947005,20.0660638],[85.6945466,20.066084],[85.6945059,20.0660812],[85.6944671,20.0660702],[85.6944466,20.0660362],[85.6944231,20.065959],[85.6943958,20.0658886],[85.6943623,20.0658596],[85.6943188,20.0658485],[85.6933696,20.065864],[85.6925522,20.0659175],[85.692517,20.0659199]]}},{"type":"Feature","properties":{"id":866133959,"highway":"residential"},"geometry":{"type":"LineString","coordinates":[[85.6947005,20.0660638],[85.6952648,20.0660754],[85.6956546,20.0661455],[85.6958406,20.0662201],[85.6959258,20.0662746],[85.6960292,20.06639]]}},{"type":"Feature","properties":{"id":866133960,"highway":"residential"},"geometry":{"type":"LineString","coordinates":[[85.692517,20.0659199],[85.6923867,20.0659251]]}},{"type":"Feature","properties":{"id":866133961,"highway":"residential"},"geometry":{"type":"LineString","coordinates":[[85.6923867,20.0659251],[85.6923532,20.0659261],[85.6911687,20.0659619]]}},{"type":"Feature","properties":{"id":866133962,"highway":"residential"},"geometry":{"type":"LineString","coordinates":[[85.6945246,20.0654572],[85.6943436,20.0654741],[85.6942082,20.0654761],[85.6937775,20.0654595],[85.6935706,20.0654526],[85.6933169,20.0654427],[85.6931467,20.0654405],[85.6930623,20.0654517],[85.6929913,20.0654699],[85.6928555,20.0655388],[85.6927609,20.0655892],[85.6926625,20.0656494],[85.6926118,20.0656865],[85.6925582,20.0657383],[85.6925395,20.0657789],[85.6925388,20.06583],[85.6925522,20.0659175]]}},{"type":"Feature","properties":{"id":866133963,"highway":"residential"},"geometry":{"type":"LineString","coordinates":[[85.6929831,20.0652728],[85.6927644,20.0653949],[85.6925637,20.0655302],[85.6923913,20.065674],[85.6923579,20.0657345],[85.6923488,20.0658033],[85.6923532,20.0659261],[85.6924131,20.0665028],[85.6924438,20.0669571],[85.6924402,20.0671312],[85.6924132,20.0672969],[85.6923502,20.0673612],[85.6922548,20.0674102],[85.6920784,20.0674744],[85.6914534,20.0676148]]}},{"type":"Feature","properties":{"id":866133964,"highway":"residential"},"geometry":{"type":"LineString","coordinates":[[85.6970404,20.0641122],[85.6972332,20.0647136],[85.6972488,20.0648724],[85.6972308,20.0650283],[85.6971974,20.0652541],[85.697203,20.0654258],[85.697234,20.0656038],[85.6973617,20.066205],[85.6973911,20.0663433],[85.6974328,20.0665748],[85.6974606,20.0667776]]}},{"type":"Feature","properties":{"id":866133965,"highway":"residential"},"geometry":{"type":"LineString","coordinates":[[85.6959022,20.066677],[85.6960292,20.06639],[85.6960731,20.0663139],[85.6961596,20.0662348],[85.6962611,20.0662124],[85.6973617,20.066205]]}},{"type":"Feature","properties":{"id":866136514,"highway":"residential"},"geometry":{"type":"LineString","coordinates":[[85.6767453,20.0675842],[85.677114,20.0676294],[85.6771512,20.067647],[85.6771699,20.0676693],[85.6771782,20.0677051],[85.6771559,20.0681095],[85.6771516,20.068195],[85.6771458,20.0682183],[85.6771361,20.0682423]]}},{"type":"Feature","properties":{"id":866136515,"highway":"residential"},"geometry":{"type":"LineString","coordinates":[[85.6776839,20.0696186],[85.6776792,20.069496],[85.67765,20.0692891],[85.6775949,20.0689852]]}},{"type":"Feature","properties":{"id":866136516,"highway":"residential"},"geometry":{"type":"LineString","coordinates":[[85.6771332,20.0708063],[85.677116,20.0710111],[85.6771135,20.0710989],[85.6771248,20.071175],[85.6771497,20.0712277],[85.6772308,20.0713481],[85.6773524,20.0714771],[85.6777178,20.0717876]]}},{"type":"Feature","properties":{"id":866136518,"highway":"unclassified"},"geometry":{"type":"LineString","coordinates":[[85.6713905,20.0835981],[85.6713195,20.0834978],[85.6712962,20.0834575],[85.6712884,20.08341],[85.6712923,20.0833698],[85.6713273,20.0833076],[85.6713507,20.0832486],[85.6713507,20.0831782],[85.671333,20.083083],[85.6713154,20.0829836],[85.6712978,20.0828718],[85.6712978,20.0827807],[85.6713198,20.0826772],[85.6713551,20.0825364],[85.6714616,20.0821631],[85.6717311,20.0813741],[85.6718459,20.081074],[85.6718959,20.0809614],[85.6719558,20.0808583],[85.6720107,20.080802],[85.6720706,20.0807551],[85.6721555,20.0807035],[85.6722354,20.0806379],[85.6723003,20.0805582],[85.6723402,20.0804691],[85.6725429,20.079811],[85.6725799,20.0796907],[85.6726298,20.0795031],[85.6726597,20.079339],[85.6726597,20.0791983],[85.6726493,20.0790131],[85.6726298,20.0787059],[85.6726348,20.0785793],[85.6726693,20.0784484],[85.67273,20.078305],[85.672808,20.0781656],[85.6729375,20.0779463],[85.6730302,20.0777972],[85.6731171,20.0776574],[85.6733346,20.077364],[85.6735257,20.0771568],[85.6736578,20.07704],[85.6737464,20.0769831],[85.673922,20.0769145],[85.6742162,20.0768004],[85.6746578,20.0766107],[85.6749947,20.076492],[85.6755034,20.0763612],[85.6756557,20.0763034],[85.6757788,20.0762334],[85.6761773,20.0759808],[85.6764397,20.0758317],[85.6767054,20.0757282],[85.6770315,20.0756508],[85.6772386,20.0756086],[85.6774992,20.0755635],[85.6777273,20.0755729],[85.6778683,20.0756027],[85.6779635,20.075643],[85.6780129,20.0756787],[85.6781318,20.0757981],[85.678188,20.0758393],[85.6782735,20.0758432],[85.6784028,20.0758158],[85.6785967,20.0757825],[85.6788969,20.0757511],[85.6790491,20.0757335],[85.6793431,20.0756591],[85.6795745,20.0755651],[85.6797204,20.0754809],[85.6798267,20.075385],[85.6800321,20.0751338],[85.6801141,20.0750521],[85.6802077,20.0750176],[85.6804519,20.0749531],[85.6812547,20.0747945],[85.6815774,20.0747505],[85.6818684,20.0747584],[85.6821009,20.0747898],[85.6822698,20.0747992],[85.682407,20.0747882],[85.6825575,20.0747537],[85.6827615,20.074694],[85.6832298,20.0745761],[85.6834188,20.0745353],[85.6836663,20.0745086],[85.6839456,20.0744929],[85.6841915,20.0744772],[85.6843102,20.0744442],[85.6844223,20.0743892],[85.6847082,20.0742196],[85.6847668,20.074163],[85.6847902,20.0741049],[85.684817,20.0739934],[85.6848538,20.0738677],[85.6848905,20.0738206],[85.6849792,20.0737735],[85.6850879,20.0737263],[85.6851882,20.0736651],[85.685443,20.0734425],[85.6857634,20.0731467],[85.6862961,20.0726293],[85.6863411,20.0725363],[85.6863501,20.0724535],[85.6863321,20.0723588],[85.6862583,20.0721424],[85.6861971,20.0719497],[85.6861989,20.0718652],[85.6862367,20.0717773],[85.6863141,20.0716995],[85.6864617,20.0716065],[85.6865931,20.0715389],[85.6870398,20.0713806],[85.6871048,20.0713527],[85.6871457,20.0713117],[85.6871754,20.0712558],[85.6872024,20.0711738],[85.6872349,20.0710551],[85.687325,20.0708012],[85.6873719,20.0706094],[85.6874049,20.0704432],[85.6874223,20.0702833],[85.6874183,20.0700754],[85.6873901,20.0699117],[85.6873518,20.0697436],[85.6872751,20.0695655],[85.687201,20.069399],[85.6871366,20.0691672],[85.6871125,20.0690514],[85.6870971,20.0689526],[85.6870896,20.068826],[85.6871091,20.0687095],[85.687154,20.0685854],[85.6871789,20.0684695],[85.6871806,20.0683687],[85.6871622,20.0682755],[85.6870187,20.0678573],[85.6869945,20.0677679],[85.6869851,20.0676967],[85.6869871,20.067612],[85.6870052,20.0674895],[85.6870159,20.0673938],[85.6870066,20.0672917],[85.6869617,20.0671802],[85.6869054,20.0670909],[85.6868269,20.0670027],[85.6860718,20.0662134],[85.6859873,20.0660887],[85.685927,20.065988],[85.6858707,20.0658608],[85.6858358,20.065706],[85.6858305,20.0655574],[85.6858425,20.0653848],[85.6858573,20.0651971],[85.6858408,20.0648344],[85.6857587,20.0641529],[85.6856584,20.0632249],[85.6856274,20.0628597],[85.6856374,20.0626149],[85.6856887,20.0624037],[85.6857772,20.0621541],[85.6858756,20.0619547],[85.6860585,20.0616366],[85.6862124,20.0614077],[85.6864007,20.0611777],[85.6865995,20.0609201],[85.6867992,20.0607289],[85.6871064,20.060506],[85.6873091,20.0603923],[85.6876069,20.0602415],[85.6878348,20.0601334],[85.6880946,20.0600723],[85.6882151,20.0599907],[85.688274,20.0599109],[85.6883008,20.0598197],[85.6883316,20.059695],[85.6883691,20.0595011],[85.6883425,20.0592189],[85.6882425,20.0586128],[85.6881621,20.0581407],[85.6881031,20.05776],[85.6879938,20.0574905],[85.6878974,20.057307],[85.6876747,20.0570023],[85.6875131,20.0567939],[85.6873804,20.0566175],[85.6873055,20.0565442],[85.6872218,20.05649],[85.6871236,20.0564656],[85.6869789,20.0564603],[85.6868189,20.056433],[85.6867106,20.0563788],[85.6866254,20.0563015],[85.6865014,20.0561641],[85.6862247,20.0558336],[85.6858815,20.0554666],[85.6858076,20.0553848],[85.6857151,20.0553215],[85.6856024,20.0553064],[85.6854522,20.0553265],[85.6852966,20.0553064],[85.6851733,20.055256],[85.6850713,20.0551804],[85.6849748,20.0550393],[85.6848729,20.0546915],[85.6847548,20.0540615],[85.6847012,20.0539456],[85.6846411,20.0538715],[85.6845724,20.0538096],[85.684168,20.0534984],[85.6839023,20.0532705],[85.6834109,20.0528028],[85.6833751,20.0527302],[85.6833675,20.0526767],[85.6833781,20.0526115],[85.683435,20.0524714],[85.6834693,20.0523487],[85.6834762,20.0522235],[85.683455,20.0520392],[85.6834174,20.0517813],[85.6834162,20.0515835],[85.6834735,20.0511981],[85.6835069,20.0508827],[85.6834978,20.0506274],[85.6834807,20.0503731],[85.6834719,20.0501398],[85.6834766,20.0499786],[85.6834987,20.0498532],[85.6835383,20.0497066],[85.6836055,20.049441],[85.6836415,20.0492094],[85.6836582,20.0490896],[85.6836645,20.048948],[85.6836613,20.0488618],[85.6836582,20.0487757],[85.6836722,20.0487086],[85.6837049,20.0486005],[85.6837437,20.0484619],[85.6837996,20.0483611],[85.6839473,20.0481436],[85.6841621,20.0477899],[85.6842164,20.0476922],[85.684252,20.0475275],[85.6842569,20.0474351],[85.6842417,20.0472142],[85.684229,20.0470966],[85.6842089,20.0469109],[85.6841341,20.0467264],[85.6839526,20.0465368],[85.6838291,20.0464112],[85.6836141,20.0461925],[85.6834253,20.0460091],[85.6832709,20.0458687],[85.6831198,20.0457759],[85.6828679,20.0456649],[85.6826684,20.0456376],[85.6824243,20.0456248],[85.6822907,20.0456103],[85.6821706,20.0455629],[85.6820175,20.0454738],[85.6819052,20.0453864],[85.6813957,20.045108],[85.6810993,20.0449369],[85.6810092,20.044912],[85.6809177,20.0448867],[85.6808232,20.0448676],[85.6806805,20.0448545],[85.68049,20.0448472],[85.680238,20.044824],[85.6800053,20.0447964],[85.6798359,20.0447603],[85.6797418,20.0447131],[85.6796989,20.0446619],[85.6796745,20.0445936],[85.6796383,20.0445116],[85.6795878,20.0444252],[85.6794282,20.0441593],[85.6793413,20.0440951],[85.6792435,20.0440457],[85.6791072,20.0439896],[85.6790122,20.0439313],[85.6789453,20.0438405],[85.678908,20.0437506],[85.6788815,20.0436194],[85.6788464,20.043106],[85.678819,20.0429888],[85.6787663,20.042895],[85.6782288,20.0421638],[85.6778083,20.04146]]}},{"type":"Feature","properties":{"id":866138907,"highway":"residential"},"geometry":{"type":"LineString","coordinates":[[85.6869789,20.0564603],[85.686432,20.0565895],[85.6863856,20.056615],[85.6863463,20.0566568],[85.6863215,20.056712],[85.6863121,20.0567896],[85.6863266,20.0568942],[85.6864134,20.0572161],[85.6864681,20.057363],[85.6865814,20.0576135],[85.6866801,20.0577926],[85.6868095,20.0579718],[85.6869219,20.0581274],[85.687163,20.0584666],[85.6873202,20.0587463],[85.6874266,20.0589979],[85.687492,20.0592648],[85.6875476,20.0595824],[85.6876069,20.0602415]]}},{"type":"Feature","properties":{"id":866138908,"highway":"residential"},"geometry":{"type":"LineString","coordinates":[[85.6858815,20.0554666],[85.6859019,20.0555426],[85.6859252,20.0556058],[85.6860041,20.0557708],[85.686104,20.0559596],[85.686432,20.0565895]]}},{"type":"Feature","properties":{"id":866138910,"highway":"residential"},"geometry":{"type":"LineString","coordinates":[[85.6852839,20.0570065],[85.6863266,20.0568942]]}},{"type":"Feature","properties":{"id":866138911,"highway":"residential"},"geometry":{"type":"LineString","coordinates":[[85.6834253,20.0460091],[85.6831127,20.0462821],[85.6829995,20.0463824],[85.6829519,20.0464634],[85.682939,20.0465407],[85.6829429,20.0466193],[85.6829532,20.0467002],[85.6829532,20.0467715],[85.6829365,20.0468573],[85.6829056,20.0468996],[85.6828515,20.0469359],[85.6823871,20.0472586],[85.6822675,20.0473782],[85.6822212,20.0474676],[85.6821684,20.0475921],[85.6821286,20.0476622],[85.6820642,20.0477142],[85.6819124,20.0478084],[85.6818314,20.0478822],[85.6816963,20.048055],[85.681623,20.0481698]]}},{"type":"Feature","properties":{"id":866149387,"highway":"residential"},"geometry":{"type":"LineString","coordinates":[[85.6991958,20.0677635],[85.6991972,20.0686834],[85.699176,20.0687665],[85.6991286,20.0688144],[85.6990589,20.0688531],[85.6989889,20.0688928],[85.6989379,20.0689247],[85.6989179,20.0689604],[85.6989109,20.0690027],[85.6988909,20.0691867]]}},{"type":"Feature","properties":{"id":866175335,"highway":"residential"},"geometry":{"type":"LineString","coordinates":[[85.6407139,20.0475273],[85.6405883,20.0475306],[85.6404563,20.0475501],[85.640339,20.0475743],[85.640196,20.0476225],[85.6401021,20.0476709],[85.6400285,20.0477025],[85.6398914,20.0477164],[85.6397302,20.0476961],[85.6394907,20.0476409]]}},{"type":"Feature","properties":{"id":866175336,"highway":"residential"},"geometry":{"type":"LineString","coordinates":[[85.6415343,20.0486962],[85.6410207,20.048797]]}},{"type":"Feature","properties":{"id":866175338,"highway":"residential"},"geometry":{"type":"LineString","coordinates":[[85.6414298,20.0483388],[85.6411175,20.0483247],[85.6408863,20.0482874],[85.6406675,20.0482407],[85.6404388,20.0482102],[85.6402,20.0482031],[85.6399784,20.048198],[85.6395596,20.0481499]]}},{"type":"Feature","properties":{"id":866176591,"highway":"residential"},"geometry":{"type":"LineString","coordinates":[[85.6522256,20.0489339],[85.6526518,20.0487597],[85.6529673,20.0486622],[85.6533555,20.0485549],[85.6536461,20.048425],[85.654144,20.0481069],[85.6543034,20.0479897],[85.6544019,20.0479258],[85.6544969,20.0478752],[85.654698,20.0478165],[85.6549021,20.0477928],[85.6550129,20.0478153],[85.6550932,20.047863],[85.655126,20.0479154],[85.6551424,20.0480155],[85.6551326,20.0484175],[85.6551391,20.0486132],[85.65515,20.048674],[85.6551702,20.0487866],[85.6551925,20.0488867],[85.6552201,20.048972],[85.6552228,20.049035],[85.6551912,20.0490795],[85.655132,20.0491314],[85.6550978,20.0491956],[85.6550926,20.04925],[85.6551228,20.0493265],[85.6552133,20.0494799]]}},{"type":"Feature","properties":{"id":866176593,"highway":"residential"},"geometry":{"type":"LineString","coordinates":[[85.6551912,20.0490795],[85.6542845,20.0493754],[85.6538974,20.0495017]]}},{"type":"Feature","properties":{"id":866176595,"highway":"residential"},"geometry":{"type":"LineString","coordinates":[[85.6522256,20.0489339],[85.6518764,20.0489865],[85.6509722,20.0490676],[85.6508192,20.0491032],[85.6507267,20.0491345],[85.6506103,20.0491884],[85.6505242,20.0492393],[85.6504151,20.0493186],[85.6503011,20.0494242],[85.6502077,20.0495159],[85.6501462,20.0496016],[85.6501048,20.0496945],[85.6500761,20.0498226]]}},{"type":"Feature","properties":{"id":866178296,"highway":"unclassified"},"geometry":{"type":"LineString","coordinates":[[85.6490732,20.0484212],[85.6491595,20.0483874]]}},{"type":"Feature","properties":{"id":866180885,"highway":"unclassified"},"geometry":{"type":"LineString","coordinates":[[85.6491595,20.0483874],[85.6492527,20.04836]]}},{"type":"Feature","properties":{"id":866180886,"highway":"unclassified"},"geometry":{"type":"LineString","coordinates":[[85.6492527,20.04836],[85.6492942,20.0483485],[85.6493041,20.0483294],[85.6493015,20.0482849],[85.6492731,20.0481387],[85.64926,20.0480971],[85.6492397,20.0480446],[85.6492173,20.0480007],[85.6491428,20.0479055],[85.6488294,20.0475709],[85.6439973,20.0422602],[85.6438963,20.0421491],[85.6434946,20.0418167],[85.6430734,20.0414877],[85.6417347,20.0404862],[85.6416618,20.0404268],[85.6416185,20.0403915],[85.6415874,20.0403436],[85.64078,20.0385418],[85.640762,20.0384794],[85.6407483,20.038407],[85.6406781,20.0376103],[85.6406055,20.0369511],[85.6405457,20.0364029],[85.6404921,20.0361087],[85.6400792,20.0341424],[85.6395772,20.0316166],[85.6395475,20.0314796],[85.6395043,20.0313843],[85.6388243,20.0302576],[85.6387429,20.0301088],[85.6387346,20.0300675],[85.6387346,20.030023],[85.6387487,20.0299365]]}},{"type":"Feature","properties":{"id":866180887,"highway":"residential"},"geometry":{"type":"LineString","coordinates":[[85.6508192,20.0491032],[85.6507159,20.0484182],[85.650689,20.048351],[85.6506255,20.0482823],[85.6505509,20.0482241],[85.6504763,20.0481852],[85.6503376,20.0481604],[85.6492731,20.0481387]]}},{"type":"Feature","properties":{"id":866180888,"highway":"residential"},"geometry":{"type":"LineString","coordinates":[[85.6418295,20.0285543],[85.6419909,20.0284538],[85.6420996,20.0283862],[85.6422106,20.0282689],[85.6422522,20.0281972],[85.6423938,20.0278204],[85.6424284,20.0277552],[85.642495,20.0276991],[85.6429807,20.0273576],[85.643064,20.0272807],[85.6432707,20.027089],[85.6433776,20.0269886],[85.643422,20.0269404],[85.6434414,20.0269],[85.6434414,20.0268426],[85.6434192,20.0267461],[85.6434026,20.0266783],[85.6434053,20.0266262],[85.6434261,20.0265232],[85.643477,20.0264219],[85.6435234,20.0263085],[85.6435397,20.026206],[85.6435351,20.0259967],[85.6434136,20.0250356]]}},{"type":"Feature","properties":{"id":866183193,"highway":"residential"},"geometry":{"type":"LineString","coordinates":[[85.6506701,20.0202718],[85.6506851,20.020385],[85.6507064,20.0204812],[85.6507638,20.020688],[85.651238,20.0222505],[85.6514258,20.0226688],[85.6516832,20.0233844],[85.6517744,20.0235306],[85.6522572,20.024095],[85.6528849,20.0249669],[85.6529812,20.0250626],[85.653123,20.0251499],[85.653186,20.0252061],[85.6532286,20.025292],[85.6533028,20.0256897],[85.6533706,20.026088],[85.6533781,20.0261748],[85.6533306,20.0263274],[85.6532676,20.0264846],[85.6532154,20.0265464],[85.6531377,20.0266263],[85.6530869,20.0266881],[85.6530705,20.0267372],[85.6530705,20.0268101],[85.6531053,20.0269693]]}},{"type":"Feature","properties":{"id":866200998,"highway":"unclassified"},"geometry":{"type":"LineString","coordinates":[[85.6704084,20.0441318],[85.6704446,20.0441293],[85.6719285,20.0440273],[85.6722558,20.0439769],[85.6727708,20.0438459],[85.673039,20.0437451],[85.6739516,20.0433346],[85.6744438,20.0430517],[85.6749009,20.0428101],[85.6753506,20.0426021],[85.6759006,20.0423493],[85.6767561,20.0419389],[85.6771889,20.0417816],[85.6776864,20.0415267],[85.6778083,20.04146],[85.677941,20.0413962]]}},{"type":"Feature","properties":{"id":866200999,"highway":"unclassified"},"geometry":{"type":"LineString","coordinates":[[85.6703008,20.04414],[85.6704084,20.0441318]]}},{"type":"Feature","properties":{"id":866201000,"highway":"unclassified"},"geometry":{"type":"LineString","coordinates":[[85.677941,20.0413962],[85.6792691,20.0407893]]}},{"type":"Feature","properties":{"id":866201001,"highway":"unclassified"},"geometry":{"type":"LineString","coordinates":[[85.6792691,20.0407893],[85.6796384,20.0405872]]}},{"type":"Feature","properties":{"id":866201002,"highway":"unclassified"},"geometry":{"type":"LineString","coordinates":[[85.669562,20.0481039],[85.6705606,20.0453125],[85.6705874,20.0451159],[85.6704898,20.0444416]]}},{"type":"Feature","properties":{"id":866201003,"highway":"unclassified"},"geometry":{"type":"LineString","coordinates":[[85.6695286,20.0481923],[85.669562,20.0481039]]}},{"type":"Feature","properties":{"id":866208337,"highway":"unclassified"},"geometry":{"type":"LineString","coordinates":[[85.6704584,20.044225],[85.6704446,20.0441293]]}},{"type":"Feature","properties":{"id":866208338,"highway":"unclassified"},"geometry":{"type":"LineString","coordinates":[[85.6704898,20.0444416],[85.6704584,20.044225]]}},{"type":"Feature","properties":{"id":866208339,"highway":"unclassified"},"geometry":{"type":"LineString","coordinates":[[85.6776864,20.0415267],[85.6777424,20.0414624],[85.6777881,20.0413996],[85.6778349,20.0413025],[85.6778445,20.0411994],[85.6778403,20.0408621],[85.6778169,20.0405607],[85.6778062,20.0404798],[85.6777817,20.0403937],[85.6777295,20.0402996],[85.6776346,20.0401404],[85.6776037,20.0400514],[85.6775984,20.0399603],[85.6775995,20.0398432],[85.6775887,20.0397522],[85.6775564,20.0396453],[85.6774994,20.0395138],[85.6773025,20.0391712],[85.6772702,20.0390787],[85.6772656,20.0389848],[85.6772702,20.0388432],[85.677241,20.0386856],[85.6772056,20.0385888],[85.6771225,20.0384833],[85.6770133,20.0383706],[85.6769425,20.0382911],[85.6768702,20.0382492],[85.6767453,20.0382215],[85.6756193,20.0381945],[85.6753601,20.038153],[85.6751244,20.0380452],[85.6749767,20.0379653],[85.6748963,20.0379094],[85.6748106,20.0378644],[85.6747024,20.0378426],[85.6745487,20.0378681],[85.6736076,20.0380048],[85.6733984,20.0380048],[85.6732911,20.0379796],[85.6730172,20.0378458],[85.672654,20.0376681],[85.6723925,20.0375383],[85.6721464,20.0374122],[85.6718814,20.0372696],[85.6718042,20.0372044],[85.6717579,20.037098],[85.6717347,20.0369457],[85.6717373,20.036704],[85.6717553,20.0363544],[85.6717166,20.0359825],[85.6716477,20.0356914],[85.671411,20.0351092],[85.6708,20.034337],[85.670503,20.0340823],[85.6701953,20.0338964],[85.6697026,20.0336902],[85.6690133,20.0333658],[85.6688398,20.0332841],[85.6678723,20.0328756],[85.6675203,20.0327026],[85.6670456,20.0323219],[85.6668583,20.0321688],[85.6667507,20.032086],[85.6666989,20.0320205],[85.6666675,20.031948],[85.6666583,20.0318884],[85.6666554,20.0313371],[85.6666221,20.0310905],[85.6666011,20.0308554],[85.6666118,20.0306126],[85.6666402,20.0303906],[85.6666838,20.0300499],[85.6667142,20.0296774],[85.6667593,20.0290652],[85.6667714,20.0288376],[85.6667411,20.0286029],[85.6667069,20.0284102],[85.666642,20.0282769],[85.6665548,20.0281629],[85.6664164,20.0280537],[85.6659648,20.0277676],[85.665798,20.0276913],[85.6656696,20.0276594],[85.6654413,20.0276252],[85.665319,20.0276148],[85.6651809,20.0276297],[85.665076,20.0276506],[85.664976,20.0276924],[85.6648807,20.0277237],[85.6647631,20.0277297],[85.6646012,20.0277237],[85.6645217,20.0277118],[85.6643994,20.027667],[85.6642851,20.0275909],[85.6641437,20.0275506],[85.664004,20.0275283],[85.6638594,20.0275253],[85.6637055,20.0275494],[85.663275,20.0276252],[85.6630665,20.0276458],[85.6629695,20.0276441],[85.6628257,20.0276226],[85.6626218,20.0275919],[85.6620571,20.0275322],[85.6619918,20.0275314],[85.6619007,20.0275511],[85.6617732,20.0276065],[85.6616854,20.027658],[85.6616169,20.0277417],[85.6615044,20.0278306],[85.6612977,20.0279228],[85.661109,20.0279956],[85.6608275,20.0280769],[85.6602377,20.0282178],[85.659414,20.0284771],[85.6591442,20.0285424],[85.6590176,20.0285528],[85.6589498,20.0285514],[85.6588889,20.0285342],[85.6588188,20.0285027],[85.6587731,20.0284906],[85.6587068,20.0284913],[85.6586428,20.0285063],[85.6585606,20.0285428],[85.6584085,20.0286136],[85.6583425,20.0286483],[85.6583072,20.0286795],[85.6582096,20.0287862],[85.6580897,20.0288912]]}},{"type":"Feature","properties":{"id":866208340,"highway":"unclassified"},"geometry":{"type":"LineString","coordinates":[[85.6324755,20.0069687],[85.6330508,20.0069091],[85.6332107,20.0068859],[85.6335988,20.0068007],[85.633849,20.0067354],[85.6342998,20.0066177],[85.6346852,20.0065238],[85.6349575,20.0064657],[85.6356901,20.0063199],[85.6365714,20.0061691],[85.637103,20.0060701],[85.637668,20.0059761],[85.6386241,20.0058178],[85.6388501,20.0057815],[85.638974,20.0057709],[85.6390324,20.0057737],[85.6390919,20.0057758],[85.6391576,20.0058085],[85.6392354,20.0058788],[85.6393322,20.0060122],[85.6394967,20.0062801],[85.6395835,20.0064441],[85.6396116,20.0065299],[85.6396297,20.006622],[85.6396815,20.007002],[85.6397243,20.0075079],[85.6398064,20.0079811],[85.6398559,20.0081441],[85.6400585,20.0086969],[85.6404052,20.0097725],[85.6404391,20.0099032],[85.6404613,20.0101828],[85.6404855,20.0104311],[85.640497,20.0106496],[85.6405083,20.0107607],[85.6405545,20.0109512],[85.6406671,20.0112466],[85.6407843,20.0115013],[85.6408826,20.0117707],[85.6409098,20.0118787],[85.6409215,20.0119682],[85.6409347,20.0121353],[85.6409573,20.0122255],[85.6409761,20.0122621],[85.6410143,20.0123061],[85.6410619,20.0123332],[85.6412577,20.0123926],[85.6413997,20.0124432],[85.6414583,20.0124755],[85.6415121,20.0125143],[85.6415753,20.0125722],[85.6416619,20.012667],[85.6417531,20.0127932],[85.6418437,20.0128804],[85.6420445,20.0130249],[85.6422825,20.0131916],[85.6424812,20.0133453],[85.6427447,20.0135817],[85.6429453,20.0138219],[85.6430985,20.0140587],[85.6433056,20.0143684],[85.6433449,20.0144392],[85.6433766,20.0145151],[85.6433883,20.0145834],[85.6433902,20.0146671],[85.6433894,20.0147706],[85.6433787,20.0148907],[85.6433523,20.0150083],[85.6433076,20.01514],[85.6430413,20.0156579],[85.6430143,20.0157441],[85.6430082,20.0158485],[85.6430257,20.0159753],[85.6430518,20.0160904],[85.6430685,20.0162706],[85.6430694,20.0164247],[85.6430666,20.0165008],[85.6430694,20.0165521],[85.6430854,20.0166141],[85.6431412,20.0167655],[85.6431747,20.0168683],[85.6431889,20.0169369],[85.6431889,20.0170074],[85.6431665,20.0170741],[85.643129,20.0171189],[85.6428319,20.0172666],[85.642778,20.0173063],[85.6427557,20.0173521],[85.6427507,20.0173786],[85.6427659,20.017474],[85.6429284,20.0178558],[85.6434166,20.0190804],[85.6435449,20.0193445],[85.6435922,20.0194133],[85.643648,20.0194545],[85.6438297,20.0195681],[85.6440926,20.0197025],[85.6443434,20.0198257],[85.6445553,20.0198808],[85.6447245,20.0199022],[85.6449172,20.0198978],[85.6451753,20.0198778],[85.6452716,20.0198767],[85.6453921,20.0198887]]}},{"type":"Feature","properties":{"id":866211907,"highway":"residential"},"geometry":{"type":"LineString","coordinates":[[85.6608744,20.0289054],[85.6612273,20.0295454],[85.6612855,20.029669],[85.6613321,20.0298106],[85.6615409,20.0306958],[85.6616609,20.0310965],[85.6616981,20.0311966],[85.661761,20.0313418],[85.661938,20.0317533],[85.6619811,20.0318899],[85.6619979,20.0319963],[85.6620069,20.0321344],[85.6620109,20.0323278],[85.6620127,20.0325291]]}},{"type":"Feature","properties":{"id":866211908,"highway":"residential"},"geometry":{"type":"LineString","coordinates":[[85.6619902,20.0326159],[85.6619777,20.0326455]]}},{"type":"Feature","properties":{"id":866211909,"highway":"residential"},"geometry":{"type":"LineString","coordinates":[[85.6620127,20.0325291],[85.6619902,20.0326159]]}},{"type":"Feature","properties":{"id":866211910,"highway":"residential"},"geometry":{"type":"LineString","coordinates":[[85.6616981,20.0311966],[85.6624091,20.0309136],[85.6625768,20.030848],[85.6627231,20.0307643],[85.6629137,20.0306416],[85.6634528,20.0303242],[85.6637686,20.0301313],[85.6639426,20.0300466],[85.664098,20.0299925],[85.6643312,20.0299499],[85.6646273,20.0299139],[85.6649595,20.0298499],[85.6652818,20.0297752],[85.6656398,20.0296417],[85.6660872,20.0294436],[85.6662743,20.0293544],[85.6667593,20.0290652]]}},{"type":"Feature","properties":{"id":866213857,"highway":"residential"},"geometry":{"type":"LineString","coordinates":[[85.6701953,20.0338964],[85.6693051,20.0343481],[85.6692521,20.0343958],[85.6692206,20.0344588],[85.6692096,20.0345342],[85.6692074,20.0348961],[85.6692049,20.0352963],[85.6692016,20.0357891],[85.6692391,20.036348],[85.6692227,20.0368303],[85.6690452,20.0379233],[85.6689801,20.0383859],[85.6688623,20.0397872],[85.6688568,20.039989],[85.6688696,20.0401764],[85.6689051,20.0403927],[85.6689506,20.0405772],[85.6691009,20.0409969],[85.6691191,20.041063],[85.6691227,20.0410959],[85.6691152,20.0411234]]}},{"type":"Feature","properties":{"id":866213858,"highway":"residential"},"geometry":{"type":"LineString","coordinates":[[85.669058,20.0411854],[85.6690188,20.0412225]]}},{"type":"Feature","properties":{"id":866213859,"highway":"residential"},"geometry":{"type":"LineString","coordinates":[[85.6691152,20.0411234],[85.669058,20.0411854]]}},{"type":"Feature","properties":{"id":866213860,"highway":"residential"},"geometry":{"type":"LineString","coordinates":[[85.6692074,20.0348961],[85.6694824,20.0348499],[85.6696692,20.0347841],[85.6699968,20.0346163]]}},{"type":"Feature","properties":{"id":866213861,"highway":"residential"},"geometry":{"type":"LineString","coordinates":[[85.6690133,20.0333658],[85.6689451,20.0335605],[85.6689164,20.0337389],[85.6689432,20.0338614],[85.6692521,20.0343958]]}},{"type":"Feature","properties":{"id":866221309,"highway":"unclassified"},"geometry":{"type":"LineString","coordinates":[[85.6698275,20.0153677],[85.6701574,20.0168177],[85.6702511,20.0172165],[85.6703694,20.0178738],[85.6708031,20.0195247],[85.6708504,20.0197049],[85.6709555,20.0200267],[85.6710557,20.0202413],[85.6716367,20.0214121],[85.6720414,20.0222309],[85.6721736,20.0225679],[85.6722377,20.0227316],[85.6722638,20.0228484],[85.6722477,20.0229688],[85.6721341,20.023157],[85.6717609,20.0238119],[85.6715051,20.0242072],[85.6708449,20.0250929],[85.6705167,20.0255034],[85.6704127,20.0256797],[85.6703105,20.025835],[85.6701805,20.0259677],[85.669991,20.0261544],[85.669926,20.0262801],[85.6698814,20.0265157],[85.6698665,20.0267356],[85.6698535,20.0268752],[85.6698591,20.0270096],[85.669902,20.0274996],[85.6698989,20.0276305],[85.6698711,20.0278293],[85.6698535,20.0279165],[85.6698391,20.0279854],[85.6698329,20.0281356],[85.6698298,20.0282045],[85.6698133,20.0282588],[85.6697833,20.0282995],[85.6696915,20.0283732],[85.6695607,20.0284462],[85.6695399,20.0284578]]}},{"type":"Feature","properties":{"id":866221310,"highway":"unclassified"},"geometry":{"type":"LineString","coordinates":[[85.6694624,20.0285008],[85.6694425,20.0285115],[85.6692261,20.0286236],[85.6689462,20.0287189],[85.6688728,20.0287289],[85.6687713,20.0287311],[85.6686222,20.0287322]]}},{"type":"Feature","properties":{"id":866221311,"highway":"unclassified"},"geometry":{"type":"LineString","coordinates":[[85.6695399,20.0284578],[85.6694624,20.0285008]]}},{"type":"Feature","properties":{"id":866221312,"highway":"residential"},"geometry":{"type":"LineString","coordinates":[[85.6706434,20.033053],[85.6704425,20.0327884],[85.6703227,20.0326861],[85.6700298,20.0324188],[85.6699498,20.0323244],[85.6698362,20.0321571],[85.6697705,20.0320504],[85.6697035,20.031937],[85.6697023,20.0319033],[85.6697191,20.0318764],[85.6697489,20.0318494],[85.6697824,20.0318225],[85.6697968,20.0317876],[85.6697968,20.0317461],[85.6697501,20.0315709],[85.6694605,20.0308481],[85.6692346,20.0303184]]}},{"type":"Feature","properties":{"id":866221313,"highway":"residential"},"geometry":{"type":"LineString","coordinates":[[85.6782001,20.0355365],[85.6783066,20.0354271],[85.6783237,20.0354099]]}},{"type":"Feature","properties":{"id":866221314,"highway":"residential"},"geometry":{"type":"LineString","coordinates":[[85.6783237,20.0354099],[85.6783912,20.0353453]]}},{"type":"Feature","properties":{"id":866221315,"highway":"residential"},"geometry":{"type":"LineString","coordinates":[[85.6783912,20.0353453],[85.6784139,20.0353284],[85.6785497,20.0352252],[85.6787324,20.0351672],[85.6789048,20.0351152],[85.6791524,20.0350814],[85.6794016,20.0350767],[85.6805652,20.035091],[85.6813477,20.0351009],[85.6851495,20.0351406]]}},{"type":"Feature","properties":{"id":866221316,"highway":"residential"},"geometry":{"type":"LineString","coordinates":[[85.6725991,20.0316964],[85.672116,20.032032],[85.6718978,20.0321964],[85.671662,20.0323857],[85.6715429,20.0324549],[85.6714589,20.0324892],[85.6712873,20.0325544],[85.671175,20.032611],[85.6708939,20.0328005],[85.6707843,20.0328631],[85.6707214,20.0328709],[85.6706575,20.0328606],[85.670589,20.032834],[85.6704425,20.0327884]]}},{"type":"Feature","properties":{"id":866221317,"highway":"unclassified"},"geometry":{"type":"LineString","coordinates":[[85.6504849,20.013888],[85.6504444,20.013847],[85.6503096,20.0137214],[85.6502146,20.0136154],[85.6499179,20.0132446],[85.6494087,20.0125182],[85.648327,20.0110355],[85.6479996,20.0105704],[85.6478704,20.0103511],[85.6477673,20.0101251],[85.647663,20.0097306],[85.6473601,20.0086078],[85.6470464,20.0075125],[85.6469183,20.0070802],[85.6461558,20.0042385],[85.6461461,20.0042025]]}},{"type":"Feature","properties":{"id":866221318,"highway":"residential"},"geometry":{"type":"LineString","coordinates":[[85.6699186,20.0292365],[85.6705401,20.0288473]]}},{"type":"Feature","properties":{"id":866221319,"highway":"residential"},"geometry":{"type":"LineString","coordinates":[[85.6562769,20.0488385],[85.65709,20.0487325],[85.657218,20.0487095]]}},{"type":"Feature","properties":{"id":866221321,"highway":"residential"},"geometry":{"type":"LineString","coordinates":[[85.6767644,20.0408537],[85.6778169,20.0405607]]}},{"type":"Feature","properties":{"id":866483393,"highway":"residential"},"geometry":{"type":"LineString","coordinates":[[85.6813477,20.0351009],[85.6812887,20.0353951],[85.6812619,20.0355351],[85.6812494,20.0356636],[85.6812561,20.0357931],[85.681283,20.035929],[85.6813207,20.0360323],[85.6813397,20.0361228],[85.6813676,20.036828],[85.6813676,20.0369299],[85.6813652,20.0369932],[85.6813556,20.0370351],[85.6813279,20.0370769],[85.6812183,20.0371244],[85.6810401,20.0371968],[85.6809293,20.0372545],[85.6808787,20.0372998],[85.6808282,20.0373914],[85.6808089,20.0374966],[85.6807903,20.0375926],[85.6807701,20.0376128]]}},{"type":"Feature","properties":{"id":866483394,"highway":"residential"},"geometry":{"type":"LineString","coordinates":[[85.6900172,20.0298919],[85.6898414,20.0300276],[85.6897072,20.0300941],[85.6895452,20.0301472],[85.6892807,20.0302096],[85.6891781,20.0302534],[85.6890902,20.0303182],[85.6890137,20.0304048],[85.6887996,20.0307123],[85.6883783,20.031344],[85.6882144,20.0315999],[85.6880451,20.0318117],[85.6878093,20.0320403],[85.6875712,20.0321871],[85.6872233,20.0323378],[85.6867555,20.0325568],[85.6862633,20.0327588],[85.6853514,20.0330319],[85.6851798,20.0330843],[85.6851226,20.0331147],[85.6850841,20.0331661],[85.6850555,20.0332584],[85.6850257,20.0333913],[85.6850238,20.0334883],[85.6851296,20.0342377],[85.6851527,20.0348097],[85.6851553,20.0349826],[85.685153,20.0350671],[85.6851495,20.0351406],[85.6852705,20.0367534],[85.6853386,20.0372047],[85.6853541,20.0374129],[85.6853712,20.0377886],[85.6854192,20.0380463],[85.6855138,20.0385427],[85.6856269,20.03908],[85.6857245,20.0394847],[85.6858497,20.0397547],[85.6859295,20.0399171],[85.6859555,20.0399719],[85.6859684,20.0400172],[85.6859657,20.040052],[85.6859481,20.0400833],[85.6859045,20.0401033],[85.6855864,20.0402635],[85.6843841,20.0409728]]}},{"type":"Feature","properties":{"id":866484926,"highway":"residential"},"geometry":{"type":"LineString","coordinates":[[85.6810092,20.044912],[85.6807069,20.0450316],[85.6804766,20.0451031],[85.6801916,20.0451774],[85.6799902,20.0452066],[85.6797801,20.0452158],[85.6794798,20.0451956],[85.6792781,20.0451952],[85.6789963,20.0452257],[85.6787337,20.0452378],[85.6785305,20.0452416],[85.6784158,20.0452613],[85.6782333,20.0453203],[85.6775273,20.0455798]]}},{"type":"Feature","properties":{"id":866484927,"highway":"residential"},"geometry":{"type":"LineString","coordinates":[[85.6816747,20.0462453],[85.6821862,20.0460924],[85.6823308,20.0460613],[85.6824507,20.0460402],[85.6825636,20.0460107],[85.6826718,20.0459461],[85.6827536,20.0458674],[85.6828679,20.0456649]]}},{"type":"Feature","properties":{"id":866484928,"highway":"residential"},"geometry":{"type":"LineString","coordinates":[[85.6832255,20.0472394],[85.6839065,20.0469343]]}},{"type":"Feature","properties":{"id":866484929,"highway":"residential"},"geometry":{"type":"LineString","coordinates":[[85.6836199,20.0473849],[85.6840881,20.0471763]]}},{"type":"Feature","properties":{"id":866484930,"highway":"residential"},"geometry":{"type":"LineString","coordinates":[[85.6838291,20.0464112],[85.6837984,20.0465243],[85.6837806,20.0466026],[85.6837732,20.0466787],[85.6837769,20.0467317],[85.6837933,20.0467771],[85.6839065,20.0469343],[85.6840881,20.0471763],[85.6842569,20.0474351]]}},{"type":"Feature","properties":{"id":866488040,"highway":"tertiary"},"geometry":{"type":"LineString","coordinates":[[85.6799481,20.02274],[85.6814899,20.0238802],[85.6834698,20.0253146],[85.6843453,20.0259415],[85.6856103,20.0268317],[85.6876474,20.028262],[85.6881553,20.0286074],[85.6900172,20.0298919],[85.6919807,20.0312465],[85.6927138,20.0317691],[85.6929396,20.0319331]]}},{"type":"Feature","properties":{"id":866488041,"highway":"tertiary"},"geometry":{"type":"LineString","coordinates":[[85.6981171,20.0355303],[85.6983076,20.0356672]]}},{"type":"Feature","properties":{"id":866488043,"highway":"tertiary"},"geometry":{"type":"LineString","coordinates":[[85.6929396,20.0319331],[85.6930033,20.0319763]]}},{"type":"Feature","properties":{"id":866488044,"highway":"tertiary"},"geometry":{"type":"LineString","coordinates":[[85.6930033,20.0319763],[85.6930307,20.0319951],[85.6936175,20.0323985],[85.6955856,20.0337693],[85.697297,20.0349613],[85.6981171,20.0355303]]}},{"type":"Feature","properties":{"id":866491709,"highway":"residential"},"geometry":{"type":"LineString","coordinates":[[85.6806986,20.0376841],[85.6806837,20.037699],[85.6805346,20.0377963],[85.6804563,20.0378452],[85.680411,20.0378637],[85.6803152,20.0378866],[85.6801809,20.0379026],[85.6800285,20.0378879],[85.6798585,20.037879],[85.6797034,20.0378984],[85.6795598,20.037981],[85.6794652,20.038065],[85.6794283,20.0381704],[85.6793937,20.0384249],[85.6793595,20.0386617],[85.6793332,20.0388405],[85.67933,20.0390019],[85.679362,20.0391288],[85.6794364,20.0392726],[85.679595,20.0395005],[85.6798304,20.039849],[85.6799162,20.0399608],[85.6800038,20.0400489],[85.6801031,20.0401716],[85.6801772,20.0402818],[85.680456,20.0410785],[85.6805239,20.0413246],[85.6805467,20.0414291],[85.680554,20.0415209],[85.6805343,20.0416235],[85.6804877,20.0417659]]}},{"type":"Feature","properties":{"id":866491710,"highway":"residential"},"geometry":{"type":"LineString","coordinates":[[85.6807701,20.0376128],[85.6806986,20.0376841]]}},{"type":"Feature","properties":{"id":866491711,"highway":"residential"},"geometry":{"type":"LineString","coordinates":[[85.683017,20.0429738],[85.6837139,20.0427685],[85.6840061,20.0426993],[85.6840759,20.0426688],[85.6841096,20.0426269],[85.6841313,20.0425681],[85.6841325,20.0424901],[85.6840172,20.0415839],[85.683985,20.0412776],[85.6839899,20.0412335],[85.6840112,20.0411662],[85.6840561,20.0410896],[85.684103,20.0410341],[85.6841646,20.040969],[85.6841809,20.0409531]]}},{"type":"Feature","properties":{"id":866491712,"highway":"residential"},"geometry":{"type":"LineString","coordinates":[[85.6842568,20.0408866],[85.6842755,20.04087]]}},{"type":"Feature","properties":{"id":866491713,"highway":"residential"},"geometry":{"type":"LineString","coordinates":[[85.6841809,20.0409531],[85.6842568,20.0408866]]}},{"type":"Feature","properties":{"id":866491714,"highway":"residential"},"geometry":{"type":"LineString","coordinates":[[85.6868605,20.0433274],[85.6868473,20.0433376]]}},{"type":"Feature","properties":{"id":866491715,"highway":"residential"},"geometry":{"type":"LineString","coordinates":[[85.6855641,20.0422815],[85.685559,20.0426056],[85.6855604,20.0427533],[85.6855878,20.0429735],[85.6856694,20.0435303]]}},{"type":"Feature","properties":{"id":866491716,"highway":"residential"},"geometry":{"type":"LineString","coordinates":[[85.6855878,20.0429735],[85.6845733,20.0432075],[85.6840991,20.0433584],[85.6840199,20.0433877],[85.68394,20.0434391],[85.683791,20.043569]]}},{"type":"Feature","properties":{"id":866491717,"highway":"residential"},"geometry":{"type":"LineString","coordinates":[[85.6868473,20.0433376],[85.6867644,20.0434014]]}},{"type":"Feature","properties":{"id":866491718,"highway":"residential"},"geometry":{"type":"LineString","coordinates":[[85.6867644,20.0434014],[85.6867546,20.0434089],[85.6866841,20.0434307],[85.6866103,20.0434356],[85.686445,20.0434454],[85.6857921,20.0435137],[85.6856694,20.0435303],[85.6855187,20.0435713],[85.6853214,20.0436313],[85.6848109,20.0437442],[85.6845773,20.0437968],[85.6842164,20.0439144]]}},{"type":"Feature","properties":{"id":866491719,"highway":"residential"},"geometry":{"type":"LineString","coordinates":[[85.6930307,20.0319951],[85.6930027,20.0322566],[85.6929601,20.0327852],[85.6927347,20.0347041],[85.6926779,20.0351486],[85.6926811,20.0353676],[85.6926969,20.0354748],[85.6927054,20.035532],[85.6927447,20.0356881],[85.6928038,20.0358693],[85.6928652,20.0360755],[85.6930028,20.0364994],[85.6930991,20.0367959],[85.6931799,20.0369968],[85.6933683,20.0374651],[85.6934761,20.0377578],[85.6935249,20.037848],[85.6936209,20.0379683],[85.6936984,20.0380569],[85.6938853,20.0382531],[85.6939426,20.0383338],[85.6939712,20.038386],[85.6939746,20.038473],[85.6939628,20.0385758],[85.6939055,20.0387546],[85.693828,20.0389556],[85.6936553,20.0394061],[85.693158,20.0405561],[85.6929972,20.040916],[85.6929592,20.041001],[85.6929026,20.0411141],[85.6928687,20.0411467],[85.6928178,20.041168],[85.6927265,20.0411885],[85.6925206,20.041215],[85.6921423,20.0412369],[85.6919632,20.041254],[85.6917937,20.0412875],[85.6915182,20.0413561],[85.6909234,20.0414998],[85.6907317,20.0415521],[85.6906128,20.041588],[85.6905234,20.0416459],[85.6904193,20.0417484],[85.6902424,20.0419807],[85.6900792,20.0421746],[85.6899675,20.0422929],[85.6898134,20.0424234],[85.6894416,20.0426794],[85.6889683,20.0429729],[85.6888459,20.0430368],[85.6887419,20.0430731],[85.6886228,20.0430787],[85.6884517,20.0430483],[85.6882931,20.0430406],[85.6881359,20.0430529],[85.6879408,20.0430873],[85.687385,20.0431899],[85.6872475,20.0432277],[85.6871539,20.0432622],[85.6870353,20.0433048],[85.6868947,20.0433645]]}},{"type":"Feature","properties":{"id":866491720,"highway":"residential"},"geometry":{"type":"LineString","coordinates":[[85.6928687,20.0411467],[85.6931619,20.0411453],[85.6934719,20.0411234],[85.693721,20.0410999],[85.693841,20.0410791],[85.6939075,20.0410581],[85.6939466,20.0410301],[85.6939647,20.0409699],[85.6939567,20.0408894],[85.69396,20.0408378],[85.6939727,20.0408145],[85.6939977,20.0408044],[85.6940694,20.0407822],[85.6950947,20.0405495]]}},{"type":"Feature","properties":{"id":866491722,"highway":"residential"},"geometry":{"type":"LineString","coordinates":[[85.6930028,20.0364994],[85.693444,20.0363588]]}},{"type":"Feature","properties":{"id":866495291,"highway":"residential"},"geometry":{"type":"LineString","coordinates":[[85.6899403,20.0243872],[85.6900362,20.0244851],[85.6900838,20.0245655],[85.690136,20.0247037],[85.6901694,20.0248298],[85.6902156,20.0249987],[85.6902571,20.0252059],[85.690285,20.0254039],[85.6903055,20.0255448],[85.6903356,20.0256353],[85.6903716,20.025696],[85.690431,20.0257559],[85.6906463,20.0258765],[85.6908212,20.0259759],[85.6910047,20.0260786],[85.6911141,20.0261549],[85.6912376,20.0262892],[85.6912906,20.0263721],[85.6913734,20.0265974],[85.6915037,20.0269598],[85.6916334,20.0273196],[85.6916393,20.0274134],[85.6916349,20.027496],[85.6915618,20.027692],[85.6914844,20.0277942],[85.6913711,20.0279048],[85.6912668,20.027993],[85.6909509,20.0281834],[85.6909017,20.0282492],[85.6908838,20.0282996],[85.6908868,20.0283654],[85.6909047,20.0284214],[85.6909879,20.0285943],[85.6916079,20.0296707],[85.6917503,20.0300123],[85.6918827,20.0304358],[85.6919961,20.0308681],[85.6920045,20.0309878],[85.6919985,20.0311127],[85.6919807,20.0312465]]}},{"type":"Feature","properties":{"id":866495292,"highway":"residential"},"geometry":{"type":"LineString","coordinates":[[85.6926969,20.0354748],[85.6931051,20.0353553],[85.6933112,20.035295],[85.6940935,20.0350487],[85.6942088,20.0350099],[85.6943003,20.0349755],[85.6943967,20.0349196],[85.6948467,20.0344724],[85.6955856,20.0337693]]}},{"type":"Feature","properties":{"id":866495293,"highway":"residential"},"geometry":{"type":"LineString","coordinates":[[85.6955524,20.0365306],[85.6951833,20.0365587],[85.6950243,20.0365835],[85.6948824,20.0366206],[85.6943995,20.0367701],[85.693716,20.0369662],[85.6935703,20.0370042],[85.693414,20.0370084],[85.6931799,20.0369968]]}},{"type":"Feature","properties":{"id":866495294,"highway":"residential"},"geometry":{"type":"LineString","coordinates":[[85.693716,20.0369662],[85.6935801,20.0366629],[85.693444,20.0363588],[85.6932559,20.0359288],[85.6931757,20.0356885],[85.6931051,20.0353553]]}},{"type":"Feature","properties":{"id":866495295,"highway":"residential"},"geometry":{"type":"LineString","coordinates":[[85.6943523,20.0365135],[85.694139,20.0365693],[85.6940765,20.0365768],[85.6939662,20.036581],[85.6938379,20.0365917],[85.6937472,20.0366111],[85.6935801,20.0366629]]}},{"type":"Feature","properties":{"id":866495296,"highway":"residential"},"geometry":{"type":"LineString","coordinates":[[85.6939727,20.0408145],[85.6939663,20.0407805],[85.693887,20.0403614]]}},{"type":"Feature","properties":{"id":866495298,"highway":"residential"},"geometry":{"type":"LineString","coordinates":[[85.6980051,20.0472357],[85.6981552,20.0467891],[85.6984533,20.0459423],[85.6985317,20.0456895],[85.6985623,20.0456091],[85.6986071,20.0455634],[85.6987761,20.0454971],[85.6989116,20.0454307],[85.6990239,20.045372],[85.6990875,20.0453317],[85.6991142,20.0452947],[85.6991211,20.0452599],[85.6991012,20.0447756]]}},{"type":"Feature","properties":{"id":866495299,"highway":"residential"},"geometry":{"type":"LineString","coordinates":[[85.6980865,20.0456012],[85.6981855,20.0455739],[85.6982866,20.0455658],[85.6984017,20.0455759],[85.6985623,20.0456091]]}},{"type":"Feature","properties":{"id":866497347,"highway":"residential"},"geometry":{"type":"LineString","coordinates":[[85.6779413,20.0431544],[85.6787663,20.042895]]}},{"type":"Feature","properties":{"id":866497349,"highway":"residential"},"geometry":{"type":"LineString","coordinates":[[85.6811377,20.0421264],[85.6813135,20.0419341],[85.6813987,20.0418493],[85.6817314,20.0415917]]}},{"type":"Feature","properties":{"id":866497350,"highway":"residential"},"geometry":{"type":"LineString","coordinates":[[85.6939663,20.0407805],[85.6936072,20.0408478],[85.69342,20.0408798],[85.6932862,20.0408955],[85.6929972,20.040916]]}},{"type":"Feature","properties":{"id":866500304,"highway":"unclassified"},"geometry":{"type":"LineString","coordinates":[[85.6830972,19.9858361],[85.6835923,19.986401],[85.683977,19.9868489],[85.6850284,19.9883813],[85.6851465,19.9886082],[85.6853128,19.9890115],[85.6853986,19.9893291],[85.6854747,19.9897225],[85.6855917,19.9900147],[85.6855917,19.9900852],[85.6855649,19.990176],[85.6854576,19.9903575],[85.6852859,19.9907507],[85.6852752,19.9908817],[85.6854522,19.9914564],[85.6855381,19.991648],[85.6858009,19.9919202],[85.6859458,19.9920664],[85.6860745,19.992263],[85.6862837,19.9928377],[85.6863563,19.9931749],[85.6864282,19.9933148],[85.6865251,19.9934376],[85.6869006,19.9937451],[85.6873566,19.9943752],[85.6880379,19.9952272],[85.6882632,19.9955599],[85.688864,19.9963362],[85.6890571,19.9966387],[85.689218,19.9970117],[85.6892945,19.9972715],[85.6893928,19.9976452],[85.6895314,19.998169],[85.689564,19.9982676],[85.6895869,19.9983423],[85.6896184,19.9984462],[85.6896379,19.9985768],[85.6896363,19.9987479],[85.6895962,19.9989865],[85.6895675,19.9991417],[85.6895539,19.999341],[85.6895557,19.9994903],[85.6895864,19.9996675],[85.6896287,19.9998303],[85.689674,19.9999021],[85.6897477,19.9999859],[85.6898524,20.0000737],[85.6900409,20.0001807],[85.6906281,20.0004909],[85.6912096,20.0008847],[85.6921494,20.0015854],[85.6924619,20.0018145],[85.6926419,20.0019956],[85.6933411,20.0027789],[85.6936729,20.0031525],[85.69381,20.0033844],[85.694246,20.0046495],[85.6943337,20.0048788],[85.6944571,20.0054019],[85.6947469,20.0062834],[85.6950643,20.0071799],[85.6951667,20.0075024],[85.6952691,20.0078248],[85.6953332,20.0079646],[85.6954246,20.0080998],[85.6955772,20.0082826],[85.6967932,20.0094113],[85.6973439,20.0099389],[85.6974859,20.0100778],[85.6976079,20.0102488],[85.697904,20.0108843],[85.6981124,20.0114272],[85.6982871,20.0121239],[85.6983905,20.0126488],[85.6984699,20.0129156],[85.6986121,20.0131698],[85.6992032,20.0137961],[85.6996086,20.0142426],[85.6997269,20.0143985],[85.6997992,20.0145444],[85.6998328,20.0146522],[85.6998769,20.0148793],[85.699951,20.0157614],[85.7001363,20.0169553],[85.7003695,20.0181172],[85.7004821,20.0183685],[85.7005885,20.0185792],[85.7007861,20.018904],[85.7011336,20.0193144],[85.7017832,20.0199729],[85.7021963,20.0203879],[85.7023407,20.0205557],[85.7024185,20.0206806],[85.7025078,20.0208376],[85.7025534,20.0209554],[85.7025933,20.0211766],[85.7026237,20.0223187],[85.7026275,20.0226952],[85.7026024,20.0228952],[85.7025614,20.0230523],[85.7025122,20.0231463],[85.7024073,20.0232526],[85.7020596,20.0235176],[85.7014709,20.0239175],[85.701065,20.0242074],[85.7007743,20.0244753],[85.7006235,20.0246364],[85.7005673,20.0247175],[85.7005207,20.0248142],[85.700496,20.0249018],[85.7004823,20.0250461],[85.7004788,20.0252161],[85.7005006,20.0253464],[85.700558,20.0254914],[85.7006499,20.0256727],[85.7007784,20.0259011],[85.7011224,20.026365],[85.7019246,20.0274332],[85.702602,20.0283191],[85.7027918,20.028606],[85.702967,20.0289887],[85.7031762,20.029533],[85.7039447,20.0313659],[85.704284,20.0323737],[85.7044397,20.0328521],[85.7046107,20.0332922],[85.7047366,20.0335866],[85.7049432,20.0339915],[85.7056365,20.0350881],[85.7061731,20.0358628],[85.7065231,20.036267],[85.7069943,20.0368017],[85.7074861,20.0374592],[85.7079208,20.0380692],[85.708999,20.0395483],[85.7091107,20.0397312],[85.7093278,20.0401689],[85.7096318,20.0409155],[85.7098544,20.0415172],[85.7099444,20.0418881],[85.7102247,20.0434993]]}},{"type":"Feature","properties":{"id":866506937,"highway":"residential"},"geometry":{"type":"LineString","coordinates":[[85.7013512,20.045404],[85.7011199,20.0448551],[85.7009923,20.0446371],[85.7008567,20.0444934],[85.7007657,20.0444405],[85.7006907,20.0444256],[85.7005463,20.0444338],[85.7003298,20.0444622],[85.6999228,20.0445409],[85.6997958,20.044568],[85.6994638,20.0447077],[85.6993469,20.0447443],[85.6991997,20.0447714],[85.6991012,20.0447756],[85.698885,20.0447849],[85.6988417,20.0447768],[85.6987941,20.0447483],[85.6987566,20.0446995],[85.6986967,20.0445673],[85.6986463,20.0444709],[85.6985669,20.0443945],[85.6984682,20.0443381],[85.6983558,20.0442835],[85.6981486,20.0442217],[85.697671,20.0441187],[85.6975098,20.044084],[85.6974577,20.0440579],[85.6974126,20.0440155],[85.6973709,20.0439557],[85.6973095,20.0438066],[85.6972621,20.0436718],[85.697203,20.0435728],[85.6971509,20.0435162],[85.6970675,20.0434455],[85.6969633,20.0433607],[85.6967572,20.0431964],[85.6967017,20.0431334],[85.6966611,20.0430507],[85.6965979,20.0428698],[85.6964861,20.0424763],[85.6964254,20.0423545],[85.6963952,20.0423188],[85.6963461,20.0422872],[85.6962744,20.0422702],[85.6961709,20.0422621],[85.6960708,20.0422572],[85.6959957,20.0422459],[85.695956,20.0422272],[85.6959223,20.0421924],[85.6958835,20.0421445],[85.6958308,20.0420262],[85.695749,20.0418341],[85.6952795,20.0409174],[85.6950947,20.0405495],[85.694987,20.0402099],[85.6949057,20.0399274],[85.6948292,20.0397157],[85.6947209,20.0394628],[85.6946083,20.0392298],[85.6944741,20.0389952],[85.69432,20.0387834],[85.6941418,20.0385594],[85.6939712,20.038386]]}},{"type":"Feature","properties":{"id":866534050,"highway":"unclassified"},"geometry":{"type":"LineString","coordinates":[[85.6504444,20.013847],[85.6505601,20.0137441],[85.6505994,20.0137139],[85.650625,20.013698],[85.6506537,20.0136873],[85.650691,20.0136831],[85.6507533,20.0136827],[85.6508321,20.0136842],[85.6509113,20.013682],[85.6509532,20.0136771],[85.6509954,20.0136661],[85.6510716,20.0136355],[85.6525845,20.0128381],[85.6527495,20.0127548],[85.6529319,20.0126635],[85.6530482,20.0126079],[85.6531413,20.0125633],[85.6532397,20.0125076],[85.6533047,20.0124572],[85.6533463,20.0124139],[85.6533827,20.0123589],[85.6534793,20.012228],[85.6538075,20.0117119],[85.6542849,20.0110264],[85.6546271,20.0105],[85.654784,20.0102543],[85.6548684,20.0101432],[85.6549572,20.0100703],[85.6552229,20.0098785],[85.6556122,20.0096049],[85.6558465,20.0094403],[85.6559309,20.0093649],[85.655972,20.0093124],[85.6559953,20.0092341],[85.6559942,20.0091042],[85.6560142,20.0086075],[85.6560552,20.0076692],[85.6560729,20.0075399],[85.6560899,20.007494],[85.6564144,20.0070482],[85.6570423,20.0061915],[85.6571735,20.0059924],[85.6573603,20.0057584],[85.6576485,20.0054001],[85.6577174,20.0053352],[85.6578298,20.0052515],[85.6579332,20.0051971],[85.6580545,20.0051727],[85.6581408,20.0051646],[85.6582309,20.0051663],[85.6583049,20.0051802],[85.6583857,20.005204],[85.6584462,20.0052295],[85.6585276,20.0052728],[85.659152,20.0057969],[85.6596359,20.0062185],[85.6597678,20.0062955],[85.6598818,20.0062918],[85.6601597,20.0061997],[85.6604495,20.0060757],[85.6608858,20.0058725],[85.6610835,20.0057546],[85.6615211,20.0054478],[85.6617021,20.0052787],[85.6617799,20.0051743],[85.6618159,20.0051061],[85.6618265,20.005047],[85.6618299,20.0049677],[85.661821,20.0048759],[85.6617612,20.0046691],[85.6616488,20.0042795],[85.6613314,20.0033743],[85.6609369,20.0022947],[85.6607088,20.0017282],[85.6606711,20.0015981],[85.6606551,20.0015124],[85.6606434,20.0013936]]}},{"type":"Feature","properties":{"id":866534051,"highway":"unclassified"},"geometry":{"type":"LineString","coordinates":[[85.650557,20.0139465],[85.6506287,20.0138491],[85.6506645,20.0138266],[85.6507286,20.0138078],[85.6508716,20.0137951],[85.6509918,20.0137792],[85.651062,20.0137585],[85.6512175,20.0136867],[85.6525629,20.0129669],[85.6526451,20.0129306],[85.6530376,20.0127341],[85.6532002,20.0126489],[85.6533722,20.0125349],[85.6534725,20.0124229],[85.653597,20.0122484],[85.6539378,20.0117269],[85.6542818,20.0112163],[85.6545888,20.0107434],[85.6547998,20.0104034],[85.6548745,20.0102826],[85.6549296,20.0102209],[85.6550262,20.0101604],[85.6552145,20.0100167],[85.6558592,20.0095735],[85.6559826,20.0094843],[85.6560385,20.0094268],[85.6560818,20.0093733],[85.6560987,20.0093207],[85.6561177,20.0090927],[85.6561514,20.0083273],[85.6561626,20.0079659],[85.6561846,20.0077029],[85.6562066,20.0075881],[85.6562457,20.0074951],[85.6565211,20.0071144],[85.6575637,20.0056675],[85.6577718,20.0054253],[85.6578589,20.0053607],[85.657951,20.0053129],[85.6580608,20.0052784],[85.6581443,20.0052704],[85.6582208,20.0052766],[85.6582937,20.0052949],[85.6584136,20.0053508],[85.6585839,20.0054815],[85.6592006,20.0059965],[85.6597347,20.0064176],[85.6599649,20.0065914],[85.6600919,20.0066466],[85.6601623,20.0066565],[85.6602149,20.006661],[85.6602706,20.0066557],[85.6603243,20.006629],[85.6604786,20.0064734],[85.6606857,20.006287],[85.6612402,20.0058386],[85.6616032,20.0055578],[85.6617636,20.0054193],[85.6618723,20.0052717],[85.6619365,20.0051722],[85.6619499,20.0051515],[85.661969,20.005082],[85.6619638,20.0049668],[85.6619448,20.0048192],[85.6616307,20.0037391],[85.6612174,20.0027017],[85.6609677,20.0020918],[85.6608402,20.0017936],[85.6607951,20.0016269],[85.660785,20.0015472],[85.6607886,20.0013931]]}},{"type":"Feature","properties":{"id":866534052,"highway":"unclassified"},"geometry":{"type":"LineString","coordinates":[[85.6454571,20.0023066],[85.6455326,20.0024429],[85.6455724,20.0025148],[85.64563,20.0026628],[85.6457249,20.0030491],[85.645802,20.0033982],[85.6466192,20.0064839],[85.6469003,20.0075185],[85.6470578,20.0080201],[85.6473254,20.0090244],[85.6475561,20.0099142],[85.6476538,20.0102202],[85.64776,20.0104317],[85.6479766,20.0107828],[85.6482101,20.0110967],[85.6489802,20.0121609],[85.6495677,20.0129749],[85.6498636,20.0134285],[85.6501283,20.0137397],[85.6503774,20.0139871],[85.650587,20.0141494],[85.6507965,20.0142904],[85.6509026,20.0143556],[85.6511362,20.0144513],[85.6516858,20.0146032],[85.6520615,20.0146651],[85.6531334,20.0148513],[85.6542865,20.0150237],[85.654413,20.0150474],[85.6556806,20.0152847],[85.6559892,20.0153579],[85.6562397,20.0154403],[85.6564591,20.0155321],[85.6579832,20.0164246],[85.6601293,20.017758],[85.6603575,20.0178907],[85.6613705,20.0184796],[85.6630037,20.0194527],[85.6634074,20.0196976],[85.6635898,20.0198374],[85.6638115,20.0200259],[85.663984,20.0202012],[85.6641903,20.0204477],[85.6647852,20.0212585],[85.6654854,20.0222156],[85.6665672,20.0236774],[85.6680077,20.025589],[85.6681997,20.0258879],[85.6684068,20.0262593],[85.668723,20.0269403],[85.6694425,20.0285115],[85.6694928,20.028603],[85.6698168,20.0293124],[85.6699945,20.0296886],[85.6700951,20.029875],[85.6702222,20.0300509],[85.6704321,20.0302698],[85.6707254,20.0305136],[85.6712737,20.03086],[85.6725991,20.0316964],[85.6745716,20.0329545],[85.6754328,20.0334865],[85.6767195,20.0342972],[85.6774445,20.0347387],[85.6777389,20.0349405],[85.6780467,20.0351864],[85.6783066,20.0354271],[85.678477,20.0355777],[85.6793454,20.0364217],[85.6806837,20.037699],[85.6819713,20.0388951],[85.6822807,20.0391893],[85.682537,20.0394358],[85.6833282,20.0401741],[85.6839552,20.0407654],[85.6841646,20.040969],[85.6842065,20.0410085],[85.6855641,20.0422815],[85.6861645,20.0428251],[85.6867546,20.0434089],[85.6868947,20.0435863],[85.6869546,20.0436644],[85.687058,20.0438562],[85.6872458,20.044353],[85.6876574,20.0456118],[85.6882508,20.047423],[85.6886267,20.0485546],[85.6889672,20.0496017],[85.6890094,20.049706],[85.6891765,20.0502496],[85.689595,20.051499],[85.6898208,20.0522036],[85.6899516,20.0526121],[85.6900768,20.0532064],[85.690168,20.0536581],[85.6904093,20.0549146],[85.6906032,20.0558689],[85.6907654,20.0566577],[85.6908539,20.0570945],[85.6909241,20.0574298],[85.6909487,20.0575902],[85.6909595,20.0577622],[85.6909472,20.0579977],[85.6908611,20.059252],[85.6908033,20.0601333],[85.690711,20.0615484],[85.690647,20.0625091],[85.690631,20.0627384],[85.6906221,20.0629513],[85.6906355,20.0632363],[85.6906509,20.0633845],[85.6907657,20.064183],[85.690876,20.0649975],[85.6910197,20.065983],[85.6911107,20.0665464],[85.6914051,20.0682018]]}},{"type":"Feature","properties":{"id":866536952,"highway":"residential"},"geometry":{"type":"LineString","coordinates":[[85.6525845,20.0128381],[85.6525928,20.0128509]]}},{"type":"Feature","properties":{"id":866536953,"highway":"residential"},"geometry":{"type":"LineString","coordinates":[[85.6516862,20.0037607],[85.6508046,20.0044889],[85.6507246,20.0045674],[85.6504528,20.0049024],[85.6502305,20.005176],[85.6501669,20.0052755],[85.6500734,20.0055358],[85.6500099,20.0057149],[85.6499711,20.0059172],[85.6499622,20.0060151],[85.6499834,20.0061029],[85.6500628,20.0063832],[85.6503911,20.0074991],[85.6504987,20.0078291],[85.6506716,20.0083216],[85.6507281,20.0085289],[85.6507436,20.0086669],[85.650755,20.0088721],[85.6507607,20.0091808],[85.650776,20.009449],[85.6508175,20.0101255],[85.6508363,20.0105169],[85.6508514,20.0106441],[85.6508863,20.0107892],[85.6509339,20.0109132],[85.6510005,20.0110084],[85.6510852,20.0110844],[85.6521107,20.0121014],[85.6524072,20.0124304],[85.6524582,20.0124792],[85.652501,20.0124954],[85.6525493,20.0124997],[85.6526067,20.0124929],[85.6526777,20.012468],[85.6527579,20.012427],[85.6528025,20.0124047],[85.6528371,20.0124004],[85.6528699,20.0124098],[85.6529073,20.0124415],[85.6530482,20.0126079]]}},{"type":"Feature","properties":{"id":866536954,"highway":"residential"},"geometry":{"type":"LineString","coordinates":[[85.6526342,20.0129153],[85.6526451,20.0129306],[85.6527269,20.0130301],[85.6542834,20.0147957],[85.6544166,20.0149446]]}},{"type":"Feature","properties":{"id":866536955,"highway":"residential"},"geometry":{"type":"LineString","coordinates":[[85.6525928,20.0128509],[85.6526342,20.0129153]]}},{"type":"Feature","properties":{"id":866558955,"highway":"residential"},"geometry":{"type":"LineString","coordinates":[[85.6542104,20.0164691],[85.6541989,20.0161236],[85.6542037,20.0159708],[85.654205,20.0158911],[85.6542272,20.0158335],[85.6542846,20.0157905],[85.6543459,20.0157207],[85.6543864,20.0156397],[85.6544098,20.0154926],[85.654419,20.0153639],[85.654413,20.0150474]]}},{"type":"Feature","properties":{"id":866558956,"highway":"residential"},"geometry":{"type":"LineString","coordinates":[[85.6519775,20.0177456],[85.6521058,20.0178159],[85.6521874,20.0178469],[85.6523109,20.0178749],[85.65328,20.0179911]]}},{"type":"Feature","properties":{"id":866565353,"highway":"residential"},"geometry":{"type":"LineString","coordinates":[[85.6409573,20.0122255],[85.6408547,20.012319],[85.6407982,20.0123522],[85.640718,20.012387],[85.64008,20.0126592],[85.6399014,20.0127097],[85.6397248,20.0127461],[85.6391112,20.0127888],[85.6363624,20.012755],[85.6362879,20.0127594],[85.6362444,20.0127852],[85.63622,20.0128148],[85.6362069,20.0128508],[85.6362071,20.0130288],[85.6362232,20.0131977],[85.6362651,20.0134034],[85.6363,20.0135244],[85.6363481,20.0136437],[85.6367148,20.0143098],[85.6368752,20.0146274],[85.6375533,20.0161271],[85.6377357,20.0166311],[85.6380098,20.0174619],[85.6381465,20.0178163],[85.6383042,20.0181313],[85.6384521,20.0183751],[85.638549,20.0184838],[85.6386428,20.0185434],[85.6388179,20.0185959],[85.6391056,20.0186329],[85.6395803,20.0186617],[85.6397212,20.01866],[85.6398259,20.0186538],[85.6398808,20.0186552],[85.6399181,20.0186627],[85.6399415,20.0186827],[85.6399664,20.018715],[85.6399833,20.0187631],[85.6400468,20.0196096],[85.6400573,20.0204421],[85.6400738,20.020478],[85.6401068,20.0205067],[85.6401658,20.0205269],[85.6402106,20.0205306],[85.6402624,20.0205269],[85.6406915,20.0204109],[85.6415894,20.0200849],[85.6419357,20.0199813],[85.6427789,20.0197727],[85.6430028,20.0196812],[85.6435922,20.0194133]]}},{"type":"Feature","properties":{"id":866565354,"highway":"residential"},"geometry":{"type":"LineString","coordinates":[[85.6427507,20.0173786],[85.6425211,20.0174785],[85.6423567,20.0175394],[85.6409849,20.017977],[85.6408057,20.018044],[85.6407475,20.0181013],[85.640678,20.0181906],[85.6405944,20.0182705],[85.6405192,20.0183145],[85.6402909,20.0183678],[85.6401517,20.0184015],[85.6400893,20.0184254],[85.6400375,20.0184701],[85.6400185,20.0185177],[85.6399664,20.018715]]}},{"type":"Feature","properties":{"id":866565355,"highway":"unclassified"},"geometry":{"type":"LineString","coordinates":[[85.6453921,20.0198887],[85.6454954,20.0199392]]}},{"type":"Feature","properties":{"id":866565356,"highway":"unclassified"},"geometry":{"type":"LineString","coordinates":[[85.6454954,20.0199392],[85.6455523,20.0199506],[85.6456251,20.0199583],[85.6456911,20.0199635],[85.6458335,20.0199748],[85.6466336,20.0202489],[85.6469572,20.0203352],[85.6482857,20.0204214],[85.6485747,20.0204097],[85.6487929,20.02037],[85.6491218,20.0202883],[85.6502241,20.0200834],[85.6502939,20.0200834],[85.6504021,20.0201137],[85.6504825,20.0201537],[85.6505575,20.020207],[85.6506042,20.0202499],[85.6506701,20.0202718],[85.6507573,20.0202661],[85.6510935,20.0201281],[85.6512294,20.0200818],[85.6513268,20.0200752],[85.6515132,20.0201063],[85.6517903,20.0201549],[85.651939,20.0201575],[85.652153,20.0201447],[85.652462,20.0201057],[85.6526936,20.0200446],[85.6528802,20.0199316],[85.6529713,20.0198137],[85.653067,20.0196959],[85.6532384,20.0194922],[85.6533282,20.0194127],[85.6534267,20.0193804],[85.6536687,20.0193155],[85.6538368,20.0192838],[85.6539676,20.0192749],[85.6541172,20.0192838],[85.6542701,20.0193105],[85.6544024,20.0193771],[85.6545017,20.0194792],[85.6548074,20.0199752],[85.6551556,20.0204919],[85.6554109,20.02101],[85.6555006,20.0211669],[85.6556472,20.0214231],[85.6558095,20.02162],[85.6559639,20.0217665],[85.656164,20.0218998],[85.6562712,20.0219753],[85.6563531,20.0220478],[85.656413,20.0221396],[85.6564398,20.0222388],[85.6564366,20.022338],[85.6564051,20.0224475],[85.6563389,20.0225201],[85.6562334,20.0225778],[85.6558662,20.0227318],[85.655685,20.022825],[85.6555385,20.0229257],[85.6554439,20.023053],[85.6553557,20.0233447],[85.6553049,20.0235753],[85.6552738,20.0238102],[85.6552392,20.0242131],[85.6552118,20.0243229],[85.655157,20.0244361],[85.6551467,20.0244765],[85.6551833,20.0245475],[85.6552973,20.0246789],[85.6560074,20.0257021],[85.6570155,20.027275],[85.6579044,20.0286065],[85.6580897,20.0288912],[85.6581121,20.0289256],[85.6598064,20.0315289],[85.6599062,20.0317022],[85.6600115,20.031822],[85.6601089,20.031885],[85.6610069,20.0322545],[85.6619777,20.0326455],[85.6620282,20.0326679],[85.6646298,20.0338205],[85.6672174,20.0349549],[85.6673468,20.0350176],[85.6674667,20.0350926],[85.667556,20.0351795],[85.6676571,20.0353254],[85.66776,20.035564],[85.6685356,20.037772],[85.6686078,20.0380311],[85.6686291,20.0381891],[85.6686484,20.0385478],[85.6686599,20.0386936],[85.6686573,20.0388001],[85.6686204,20.0389319],[85.6686011,20.0390347],[85.6685988,20.0391486],[85.6686261,20.0392962],[85.6686806,20.0394197],[85.6687039,20.0395671],[85.6687542,20.040683],[85.6687782,20.0408558],[85.6688078,20.0409437],[85.6688504,20.0410026],[85.6690188,20.0412225],[85.669038,20.0412657],[85.6690693,20.0413633],[85.6690902,20.0415069],[85.6690908,20.0417645],[85.6690631,20.0418993],[85.6689956,20.0420219],[85.6688849,20.0421369],[85.6685784,20.0424083],[85.6683214,20.0426769],[85.6682358,20.042791],[85.668193,20.0429005],[85.6681993,20.0430707],[85.6682951,20.0434554],[85.6683645,20.0436033],[85.6684616,20.0437355],[85.6685904,20.043856],[85.6687417,20.0439835],[85.668889,20.0440909],[85.6691551,20.0442541]]}},{"type":"Feature","properties":{"id":866565357,"highway":"residential"},"geometry":{"type":"LineString","coordinates":[[85.6533028,20.0256897],[85.6536704,20.0256386],[85.6538431,20.0256137],[85.6540599,20.0255547],[85.6542642,20.0254509],[85.6545201,20.0251886],[85.6551467,20.0244765]]}},{"type":"Feature","properties":{"id":866580776,"highway":"residential"},"geometry":{"type":"LineString","coordinates":[[85.6429088,20.0250812],[85.6430474,20.0256738],[85.6431273,20.0259128],[85.6432256,20.0261675],[85.6433014,20.0263235],[85.6434261,20.0265232]]}},{"type":"Feature","properties":{"id":866580778,"highway":"unclassified"},"geometry":{"type":"LineString","coordinates":[[85.6505293,20.0139224],[85.650557,20.0139465],[85.6508454,20.0141568],[85.6509562,20.014212],[85.6512656,20.0143359],[85.6519026,20.0145061],[85.6530111,20.014703],[85.6542794,20.0149238],[85.6544166,20.0149446],[85.6550509,20.0150409],[85.6555308,20.015118],[85.6558188,20.0151769],[85.6561752,20.0152757],[85.6564475,20.0153783],[85.6566435,20.0154648],[85.6568829,20.0155946],[85.6571986,20.0157961],[85.6577918,20.016152],[85.6585494,20.0166031],[85.6594333,20.0171259],[85.6605178,20.0177935],[85.6616448,20.0184775],[85.6629989,20.0192858],[85.6633526,20.0195035],[85.6635426,20.019622],[85.6636583,20.0197042],[85.6637785,20.0198026],[85.6639416,20.0199455],[85.6640655,20.0200713],[85.664193,20.0202245],[85.664398,20.0204976],[85.6648297,20.0210607],[85.6651886,20.0215619],[85.6658011,20.0223764],[85.6665431,20.0233755],[85.666994,20.0239939],[85.6676552,20.0248785],[85.6681824,20.0256043],[85.6684779,20.0260781],[85.6685815,20.0262742],[85.6688741,20.0269512],[85.6692397,20.0277943],[85.6695607,20.0284462],[85.6696287,20.0286056],[85.6699186,20.0292365],[85.6701902,20.0297689],[85.6702745,20.0299089],[85.6704327,20.0300884],[85.6707226,20.0303472],[85.6713012,20.0307212],[85.6722344,20.0313081],[85.6726806,20.0315838],[85.6736866,20.0322178],[85.6748301,20.0329507],[85.6757354,20.0335173],[85.6767545,20.0341662],[85.6778009,20.0348181],[85.6780315,20.0350046],[85.6781979,20.0351523],[85.6784139,20.0353284],[85.6788711,20.0358016],[85.6795939,20.0364679],[85.6800752,20.0369261],[85.6804905,20.0373164],[85.6807903,20.0375926],[85.6808603,20.0376601],[85.6812755,20.0380605],[85.6817018,20.0384604],[85.6821462,20.0388784],[85.6826867,20.0393986],[85.6833026,20.0399861],[85.6842291,20.0408278],[85.6842755,20.04087],[85.6843841,20.0409728],[85.6852527,20.0417947],[85.6862742,20.0427337],[85.6868605,20.0433274],[85.6868947,20.0433645],[85.6870097,20.0434925],[85.6870891,20.0435962],[85.6871583,20.0437243],[85.6872275,20.0438815],[85.6873402,20.0441514],[85.687506,20.0446499],[85.6878325,20.0456487],[85.6882975,20.0470553],[85.6887504,20.0484523],[85.6891125,20.0495424],[85.689164,20.0496974],[85.6895301,20.0508012],[85.6896496,20.0511878],[85.6899471,20.0520847],[85.6900334,20.0523602],[85.690092,20.0525697],[85.6901352,20.0527764],[85.6902912,20.0535072],[85.6903158,20.0536231],[85.6903535,20.0538003],[85.6905518,20.0548327],[85.6906031,20.0550998],[85.6906564,20.055377],[85.6907089,20.0556488],[85.6907927,20.0560931],[85.6909144,20.0567354],[85.6910549,20.0573822],[85.6910822,20.0575526],[85.6910768,20.0577487],[85.6910818,20.0578951],[85.6910643,20.0581526],[85.6910337,20.0586995],[85.6909874,20.0593704],[85.6909434,20.0601368],[85.6909287,20.0603469],[85.6908274,20.0619925],[85.6907911,20.0625211],[85.6907847,20.062668],[85.6907777,20.0629267],[85.6907955,20.0632889],[85.6908239,20.0635511],[85.6908758,20.0639686],[85.6910255,20.0649314],[85.6911058,20.0655146],[85.6911687,20.0659619],[85.6912713,20.0665938],[85.6913909,20.0672417],[85.6914534,20.0676148],[85.6914753,20.0677458],[85.6915169,20.0679288],[85.6915718,20.0681648],[85.6916379,20.0684219],[85.6917466,20.0686589],[85.6917717,20.0687166],[85.6919459,20.0690707],[85.6920028,20.0691805],[85.6920975,20.0693749],[85.6922607,20.06971],[85.692323,20.0698426],[85.6923889,20.0700215],[85.6924259,20.0701825],[85.6924488,20.0704585],[85.6924575,20.0707495],[85.6924534,20.0709624],[85.6924406,20.0711418],[85.69242,20.071305],[85.6923853,20.0714324],[85.692331,20.0716024],[85.6922903,20.0717151],[85.6920577,20.072266],[85.6917219,20.0730088],[85.6915895,20.0733634],[85.6911425,20.0743883],[85.6909492,20.0748458],[85.6907747,20.0752554],[85.6906434,20.0755936],[85.6905544,20.0757939],[85.6904513,20.0759713],[85.6901354,20.0764593],[85.690049,20.0765787],[85.6898552,20.0768404],[85.6895662,20.0771313],[85.689487,20.077199],[85.6894266,20.077237],[85.6892767,20.0773216],[85.6891411,20.0773948],[85.6889511,20.0774808],[85.6887848,20.0775469],[85.6886215,20.0776001],[85.6885194,20.0776278],[85.6883642,20.07767],[85.6876317,20.0778668],[85.6873485,20.0779398],[85.6869439,20.0780437],[85.6861597,20.0782598],[85.6856185,20.0784041],[85.6849473,20.0785855],[85.6842446,20.0787758],[85.6836873,20.078923],[85.6833084,20.0790289],[85.6828224,20.0791583],[85.6822685,20.0793077],[85.6814082,20.0795383],[85.6809603,20.0796592],[85.6806949,20.079729],[85.6804365,20.0797896],[85.6796189,20.0799971],[85.6790068,20.0801548],[85.6781207,20.0803792],[85.6776254,20.0805274],[85.6773039,20.080629],[85.6770269,20.0807386],[85.6768487,20.08082],[85.6766869,20.0809176],[85.6764946,20.0810643],[85.6763371,20.0811982],[85.6761794,20.0813614],[85.6759715,20.0816217],[85.6757633,20.081923],[85.675519,20.0822916],[85.6752179,20.0827299],[85.675056,20.082994],[85.6749373,20.0832026],[85.6748073,20.083493],[85.6747395,20.0836875],[85.6746943,20.0839018],[85.674659,20.0841238],[85.674659,20.0842915],[85.6746644,20.0844349],[85.67469,20.0846579],[85.6747206,20.0848095],[85.674867,20.0853693],[85.6749569,20.085642],[85.6750794,20.0859005],[85.6751936,20.0860849],[85.6752797,20.0862061],[85.6754744,20.0864804],[85.6756836,20.0867726],[85.6759402,20.0871038],[85.676209,20.0874456],[85.6764468,20.087745],[85.676627,20.0879424],[85.6767342,20.0880412],[85.6767904,20.0880952],[85.6768647,20.0881577]]}},{"type":"Feature","properties":{"id":866580779,"highway":"unclassified"},"geometry":{"type":"LineString","coordinates":[[85.6504849,20.013888],[85.6505293,20.0139224]]}},{"type":"Feature","properties":{"id":866623690,"highway":"residential"},"geometry":{"type":"LineString","coordinates":[[85.6528758,20.0257747],[85.6533028,20.0256897]]}},{"type":"Feature","properties":{"id":866821174,"highway":"tertiary"},"geometry":{"type":"LineString","coordinates":[[85.6564962,20.0071013],[85.6564399,20.0070653]]}},{"type":"Feature","properties":{"id":866821175,"highway":"tertiary"},"geometry":{"type":"LineString","coordinates":[[85.6564399,20.0070653],[85.6564144,20.0070482],[85.6544491,20.0057037],[85.6543017,20.0056032],[85.6538427,20.0053013],[85.6533671,20.0049805]]}},{"type":"Feature","properties":{"id":866821176,"highway":"tertiary"},"geometry":{"type":"LineString","coordinates":[[85.6614901,20.0104873],[85.6601226,20.0095675],[85.6587108,20.0085907],[85.6575144,20.007786],[85.6573433,20.0076709],[85.6570966,20.0075039],[85.6565211,20.0071144],[85.6564962,20.0071013]]}},{"type":"Feature","properties":{"id":866821177,"highway":"tertiary"},"geometry":{"type":"LineString","coordinates":[[85.6615913,20.0105509],[85.6614901,20.0104873]]}},{"type":"Feature","properties":{"id":866821178,"highway":"tertiary"},"geometry":{"type":"LineString","coordinates":[[85.674313,20.0186083],[85.6742216,20.0185434],[85.6734303,20.0179318],[85.6718119,20.0167902],[85.6704936,20.0158288],[85.6698275,20.0153677],[85.6691917,20.0149275],[85.668285,20.014379],[85.6673059,20.0138189],[85.6665699,20.0133946],[85.6663308,20.0132618],[85.6656495,20.0128835],[85.6651843,20.0126196],[85.6637742,20.0118123],[85.6621493,20.0108755],[85.6616292,20.010573],[85.6615913,20.0105509]]}},{"type":"Feature","properties":{"id":866821179,"highway":"tertiary"},"geometry":{"type":"LineString","coordinates":[[85.6744008,20.0186756],[85.674313,20.0186083]]}},{"type":"Feature","properties":{"id":866821180,"highway":"tertiary"},"geometry":{"type":"LineString","coordinates":[[85.6797808,20.0226152],[85.6786248,20.0217741],[85.6771639,20.0207064],[85.67676,20.0204053],[85.6765539,20.0202517],[85.6759849,20.0198375],[85.674947,20.0190533],[85.6744008,20.0186756]]}},{"type":"Feature","properties":{"id":866821181,"highway":"tertiary"},"geometry":{"type":"LineString","coordinates":[[85.6799481,20.02274],[85.6797808,20.0226152]]}},{"type":"Feature","properties":{"id":866821182,"highway":"tertiary"},"geometry":{"type":"LineString","coordinates":[[85.6533671,20.0049805],[85.6531942,20.0048638]]}},{"type":"Feature","properties":{"id":866821183,"highway":"tertiary"},"geometry":{"type":"LineString","coordinates":[[85.6531942,20.0048638],[85.6527561,20.0045683],[85.6518822,20.003933],[85.6516862,20.0037607],[85.6516165,20.0036635],[85.6515114,20.003454],[85.6513845,20.0031679],[85.6511763,20.00271],[85.6510498,20.0025008],[85.6509566,20.0023767],[85.6507807,20.0021436],[85.6506829,20.0020404],[85.6506648,20.0020213]]}},{"type":"Feature","properties":{"id":866821190,"highway":"tertiary"},"geometry":{"type":"LineString","coordinates":[[85.6506648,20.0020213],[85.6506105,20.0019698]]}},{"type":"Feature","properties":{"id":866821191,"highway":"tertiary"},"geometry":{"type":"LineString","coordinates":[[85.6506105,20.0019698],[85.6505612,20.0019195],[85.6504927,20.0018748],[85.6504504,20.0018589],[85.6503989,20.0018473],[85.6503344,20.00185],[85.6502547,20.0018583],[85.6499141,20.0019073],[85.6498461,20.0019101],[85.6498086,20.0019029],[85.6497623,20.001877],[85.6497277,20.0018401],[85.6497031,20.0017828],[85.6496455,20.001654],[85.6494008,20.001244],[85.6493651,20.0011731],[85.6490058,20.0005605],[85.6486184,19.9998932],[85.6485732,19.9997726],[85.6485413,19.9996368]]}},{"type":"Feature","properties":{"id":866824857,"highway":"tertiary"},"geometry":{"type":"LineString","coordinates":[[85.6526282,20.0034645],[85.6524604,20.0034925],[85.6520631,20.0035753],[85.6519118,20.0036266],[85.6516862,20.0037607]]}},{"type":"Feature","properties":{"id":866824858,"highway":"tertiary"},"geometry":{"type":"LineString","coordinates":[[85.6527424,20.0034485],[85.6526282,20.0034645]]}},{"type":"Feature","properties":{"id":866829907,"highway":"tertiary"},"geometry":{"type":"LineString","coordinates":[[85.6900436,20.0679072],[85.6900107,20.0678499],[85.6899468,20.0677949],[85.6897661,20.0676306],[85.6895771,20.0674097],[85.6894921,20.0672839],[85.6893867,20.0670801]]}},{"type":"Feature","properties":{"id":866829908,"highway":"residential"},"geometry":{"type":"LineString","coordinates":[[85.6461558,20.0042385],[85.6463896,20.0041523],[85.6472006,20.0038691],[85.6476432,20.0037115],[85.6488993,20.0032168],[85.6491647,20.0031121],[85.6493446,20.0030505],[85.6495947,20.0029597],[85.6496929,20.0029129],[85.649774,20.0028547],[85.6506829,20.0020404],[85.6508388,20.0019092],[85.6508702,20.0018744],[85.6508821,20.0018376],[85.6508828,20.0018015],[85.6508716,20.0017496],[85.6508479,20.0016754],[85.6507396,20.0014349],[85.6506133,20.0011307],[85.6505509,20.0009849],[85.6504518,20.0007706],[85.650369,20.0006343],[85.6502866,20.0005509],[85.6501656,20.0004694],[85.6494319,19.9999417],[85.6492355,19.9997869],[85.6490698,19.9996681],[85.6489723,19.9996188],[85.6488804,19.9995923],[85.6488186,19.9995801],[85.6485292,19.9995498]]}},{"type":"Feature","properties":{"id":866829911,"highway":"unclassified"},"geometry":{"type":"LineString","coordinates":[[85.6455326,20.0024429],[85.645579,20.0024345]]}},{"type":"Feature","properties":{"id":866829912,"highway":"unclassified"},"geometry":{"type":"LineString","coordinates":[[85.645579,20.0024345],[85.6456509,20.0024215]]}},{"type":"Feature","properties":{"id":866829913,"highway":"unclassified"},"geometry":{"type":"LineString","coordinates":[[85.6456509,20.0024215],[85.6456745,20.0024173]]}},{"type":"Feature","properties":{"id":866829914,"highway":"unclassified"},"geometry":{"type":"LineString","coordinates":[[85.6461461,20.0042025],[85.6461239,20.0041308]]}},{"type":"Feature","properties":{"id":866829915,"highway":"unclassified"},"geometry":{"type":"LineString","coordinates":[[85.6461239,20.0041308],[85.6459576,20.003596],[85.6459067,20.0033886],[85.6457091,20.0025835],[85.6456745,20.0024173],[85.6456644,20.0023688],[85.6456354,20.0022297],[85.6455087,20.0016488],[85.6453906,20.0012819],[85.645244,20.000886],[85.6450691,20.000525],[85.6447514,19.9999661],[85.6445724,19.9997231],[85.6444705,19.9995928],[85.644435,19.9995474]]}},{"type":"Feature","properties":{"id":866832117,"highway":"residential"},"geometry":{"type":"LineString","coordinates":[[85.6401537,20.0052758],[85.6402988,20.0052262],[85.6405757,20.0051719],[85.6409189,20.0051091],[85.6410686,20.0050867],[85.6411763,20.005076],[85.6412289,20.0050791],[85.6412767,20.0051004],[85.6413212,20.00513],[85.6414104,20.0051981],[85.641474,20.0052465],[85.6415345,20.0052578],[85.6416001,20.0052645],[85.6416879,20.0052578],[85.6423652,20.00507],[85.6431323,20.0048045],[85.643203,20.0047741],[85.6432373,20.0047362],[85.6432524,20.0046992],[85.6432656,20.0046451],[85.6432575,20.0045342],[85.6431912,20.0038877],[85.6432338,20.0034414],[85.6432118,20.0032923],[85.6431595,20.003167],[85.6430937,20.0030845],[85.6429806,20.0029735],[85.6427297,20.0027507],[85.6425238,20.0026151],[85.6422916,20.0024889],[85.6418828,20.0023248],[85.6417254,20.0022765],[85.6416194,20.0022632],[85.6414892,20.0022556],[85.6411223,20.0022474],[85.6409515,20.0022581],[85.6407798,20.0022843],[85.6406979,20.0023056],[85.6406108,20.0023383],[85.6404287,20.0024202],[85.6401428,20.0025258],[85.6400226,20.0025488],[85.639945,20.0025488],[85.6398779,20.0025389],[85.6398178,20.0025193],[85.6397551,20.0024865],[85.6396444,20.0024333],[85.639552,20.0023973],[85.6395085,20.0023858],[85.6394161,20.002376],[85.6393403,20.0023809],[85.6392279,20.0023924],[85.6389394,20.0024357],[85.6387948,20.0024554],[85.6386884,20.0024824],[85.6385394,20.0025283],[85.638319,20.0025766],[85.637804,20.0026552],[85.637756,20.0026765],[85.6377264,20.0027125],[85.6377238,20.0027559],[85.6377447,20.0028149],[85.6378057,20.0029049],[85.6379521,20.0031072],[85.6381874,20.0034912],[85.6382257,20.0035527],[85.6382641,20.0036534],[85.6382763,20.003705],[85.6382745,20.0037721],[85.6382588,20.0038466],[85.6382423,20.0038917],[85.6382275,20.0039449],[85.63821,20.0040464],[85.6382057,20.0040956],[85.6382039,20.0041823],[85.6381935,20.0042135],[85.6381639,20.0042421],[85.6381032,20.0042671],[85.6372851,20.0045229],[85.6366917,20.004743]]}},{"type":"Feature","properties":{"id":866832118,"highway":"residential"},"geometry":{"type":"LineString","coordinates":[[85.6368861,20.0053032],[85.6381967,20.004933]]}},{"type":"Feature","properties":{"id":866832119,"highway":"residential"},"geometry":{"type":"LineString","coordinates":[[85.6367233,20.0048341],[85.6360887,20.005036],[85.6353317,20.005334],[85.6347454,20.0055222],[85.6343446,20.0056213],[85.6336611,20.0058186],[85.6331269,20.0059842],[85.6328135,20.0060798],[85.6324319,20.0062021]]}},{"type":"Feature","properties":{"id":866832120,"highway":"residential"},"geometry":{"type":"LineString","coordinates":[[85.6364066,20.0042256],[85.6364839,20.0043284],[85.6365315,20.0044103],[85.6366108,20.0045625],[85.6366917,20.004743],[85.6367233,20.0048341],[85.6368861,20.0053032],[85.637103,20.0060701]]}},{"type":"Feature","properties":{"id":866832121,"highway":"residential"},"geometry":{"type":"LineString","coordinates":[[85.6328135,20.0060798],[85.6330508,20.0069091]]}},{"type":"Feature","properties":{"id":866832122,"highway":"residential"},"geometry":{"type":"LineString","coordinates":[[85.6336611,20.0058186],[85.633849,20.0067354]]}},{"type":"Feature","properties":{"id":866837459,"highway":"residential"},"geometry":{"type":"LineString","coordinates":[[85.6390919,20.0057758],[85.6399968,20.0053543],[85.6401036,20.0053051],[85.6401537,20.0052758],[85.6402433,20.0051377],[85.6403817,20.0049208],[85.6410134,20.0040339],[85.6410779,20.003984],[85.6411535,20.0039434],[85.6412984,20.0038972],[85.6414983,20.0038526],[85.6416465,20.003841],[85.6431912,20.0038877],[85.6432862,20.0038911]]}},{"type":"Feature","properties":{"id":866837460,"highway":"residential"},"geometry":{"type":"LineString","coordinates":[[85.6432862,20.0038911],[85.6440039,20.003917]]}},{"type":"Feature","properties":{"id":866837461,"highway":"residential"},"geometry":{"type":"LineString","coordinates":[[85.6440039,20.003917],[85.6446966,20.0038735],[85.6447974,20.0038575],[85.6450225,20.0037837],[85.6452119,20.0037002],[85.6453965,20.0036066],[85.6455162,20.0035265],[85.645624,20.0034613],[85.6457017,20.0034297],[85.645802,20.0033982],[85.6458214,20.003396]]}},{"type":"Feature","properties":{"id":866837462,"highway":"residential"},"geometry":{"type":"LineString","coordinates":[[85.6402988,20.0052262],[85.6402887,20.0057272],[85.6402782,20.0058751],[85.6402597,20.0059272],[85.6402196,20.0059619],[85.640099,20.0060303]]}},{"type":"Feature","properties":{"id":866837463,"highway":"residential"},"geometry":{"type":"LineString","coordinates":[[85.6402887,20.0057272],[85.6403224,20.0057605],[85.640382,20.0057726],[85.6404545,20.0057671],[85.6409362,20.00561],[85.6410733,20.0055812],[85.6412699,20.0055404],[85.6413829,20.0055149],[85.6414448,20.0054863],[85.641472,20.0054598],[85.6414948,20.0054179],[85.6415345,20.0052578]]}},{"type":"Feature","properties":{"id":866837464,"highway":"residential"},"geometry":{"type":"LineString","coordinates":[[85.6414948,20.0054179],[85.6416913,20.0055233],[85.6418183,20.0055635],[85.6419429,20.0055884],[85.6420436,20.0055943],[85.6424701,20.0055363]]}},{"type":"Feature","properties":{"id":866837465,"highway":"residential"},"geometry":{"type":"LineString","coordinates":[[85.6498086,20.0019029],[85.6496969,20.0019521],[85.6496423,20.0019781],[85.6495858,20.0020125],[85.649491,20.0020912],[85.649351,20.0022596],[85.6492814,20.0023281],[85.6491734,20.0024026],[85.648992,20.002494],[85.6487753,20.0025738],[85.6485558,20.0026526],[85.6471377,20.0031706],[85.6467301,20.0032829],[85.6463309,20.0033637],[85.6461185,20.0033929],[85.6460113,20.0033936],[85.6459067,20.0033886],[85.6458837,20.0033907]]}},{"type":"Feature","properties":{"id":866837466,"highway":"residential"},"geometry":{"type":"LineString","coordinates":[[85.6458214,20.003396],[85.6458837,20.0033907]]}},{"type":"Feature","properties":{"id":866840128,"highway":"residential"},"geometry":{"type":"LineString","coordinates":[[85.6544491,20.0057037],[85.6542853,20.0058575],[85.6541265,20.0060093],[85.6541126,20.0060603],[85.6541237,20.0061166],[85.6541627,20.0061742],[85.6542944,20.006325],[85.6544427,20.0064949]]}},{"type":"Feature","properties":{"id":866840129,"highway":"residential"},"geometry":{"type":"LineString","coordinates":[[85.6456644,20.0023688],[85.6459051,20.0022557],[85.645952,20.00222],[85.6459833,20.0021665],[85.6460101,20.0021192],[85.6460772,20.0020646],[85.6462425,20.0019806],[85.6469711,20.0015606]]}},{"type":"Feature","properties":{"id":866840130,"highway":"residential"},"geometry":{"type":"LineString","coordinates":[[85.6493446,20.0030505],[85.6494125,20.0033006],[85.6494433,20.0033804],[85.6494758,20.0034118],[85.6495424,20.0034352],[85.6496082,20.0034305],[85.6497872,20.0033609]]}},{"type":"Feature","properties":{"id":866860441,"highway":"residential"},"geometry":{"type":"LineString","coordinates":[[85.6673059,20.0138189],[85.667499,20.0134709],[85.6675441,20.0133994],[85.66757,20.0133307],[85.6675719,20.0132883],[85.6675517,20.0132305],[85.6675133,20.0131781],[85.6674115,20.0131059],[85.6671973,20.0129577],[85.6670791,20.0128503],[85.6669618,20.0127151],[85.6668167,20.0124826],[85.6665873,20.0121007],[85.6664609,20.0118638],[85.6663078,20.0114688],[85.6661289,20.0109726],[85.666096,20.010828],[85.6659797,20.0101757],[85.6658323,20.0098798],[85.6657699,20.0097288],[85.6657132,20.0095602],[85.6656614,20.0093936],[85.6655964,20.0092541],[85.665485,20.0091276],[85.6653086,20.0089924],[85.6651929,20.0089312],[85.665047,20.0088815],[85.6649473,20.0088861],[85.6647898,20.0089409],[85.6628466,20.0100076],[85.6624297,20.010206],[85.6621673,20.0103079],[85.6617512,20.0104606],[85.6617017,20.0104822],[85.6616666,20.0105145],[85.6616292,20.010573]]}},{"type":"Feature","properties":{"id":866860449,"highway":"residential"},"geometry":{"type":"LineString","coordinates":[[85.6743902,20.0227605],[85.6743396,20.0227784],[85.674289,20.0228143],[85.6742027,20.0228728],[85.6740699,20.022925],[85.6739447,20.0229413],[85.6738252,20.0229406],[85.6736867,20.0229242],[85.6735547,20.0228883],[85.6734237,20.0228237],[85.6733424,20.0227699],[85.6732495,20.0226904],[85.6731567,20.022574]]}},{"type":"Feature","properties":{"id":866864012,"highway":"residential"},"geometry":{"type":"LineString","coordinates":[[85.6742216,20.0185434],[85.673745,20.0190548],[85.6728066,20.020026],[85.6721148,20.0206483]]}},{"type":"Feature","properties":{"id":866864013,"highway":"residential"},"geometry":{"type":"LineString","coordinates":[[85.6708031,20.0195247],[85.6709373,20.0194804],[85.6710219,20.0194857],[85.6711103,20.0195457],[85.6715608,20.020148],[85.6717684,20.0203675],[85.6719084,20.0204937],[85.6721148,20.0206483],[85.6723093,20.0207815],[85.6724782,20.020892],[85.672646,20.0210469],[85.6727654,20.0211828],[85.6728307,20.0213136],[85.6729306,20.021561],[85.6729736,20.0217495],[85.6729794,20.0218745],[85.6729558,20.0219388],[85.6729227,20.0219876],[85.6728409,20.022057],[85.672636,20.0222344],[85.6725372,20.0223694],[85.6724754,20.0225394],[85.6724214,20.0226777],[85.6723608,20.0228298],[85.6723113,20.0229059],[85.6722477,20.0229688]]}},{"type":"Feature","properties":{"id":866868219,"highway":"residential"},"geometry":{"type":"LineString","coordinates":[[85.6573716,20.0197097],[85.657238,20.0198863],[85.657169,20.0199422],[85.6570865,20.0199844],[85.6569847,20.0200145],[85.6568028,20.0200974],[85.6567468,20.0201369],[85.6567174,20.0201896],[85.6567174,20.0202541],[85.6567328,20.0204133],[85.6567244,20.0204765],[85.6566865,20.0205476],[85.6566039,20.0206069],[85.6564904,20.0206674],[85.6562668,20.0207662],[85.6555006,20.0211669]]}},{"type":"Feature","properties":{"id":866868220,"highway":"residential"},"geometry":{"type":"LineString","coordinates":[[85.6569847,20.0200145],[85.657169,20.0201566],[85.657252,20.0202033],[85.6573681,20.0202487],[85.6576199,20.0202926],[85.6578461,20.0203294],[85.6580029,20.020345],[85.6580873,20.0203663],[85.6581748,20.0204173],[85.6582517,20.0205051],[85.658531,20.0207738],[85.6586917,20.0209293],[85.6588069,20.0210071],[85.6589627,20.0210543],[85.6591104,20.0210772],[85.659224,20.0211046],[85.6595421,20.0212724],[85.6599542,20.021526],[85.6600913,20.021573],[85.6602612,20.0215935],[85.6605943,20.0216446],[85.6608751,20.0216999],[85.6610863,20.021794],[85.6612649,20.0219331],[85.6619921,20.0228127]]}},{"type":"Feature","properties":{"id":866868221,"highway":"residential"},"geometry":{"type":"LineString","coordinates":[[85.658364,20.0188769],[85.6588014,20.0186605],[85.6603575,20.0178907]]}},{"type":"Feature","properties":{"id":866868222,"highway":"residential"},"geometry":{"type":"LineString","coordinates":[[85.6588014,20.0186605],[85.6590985,20.0190914],[85.6591737,20.0192115],[85.659217,20.0192962],[85.6592802,20.0194446]]}},{"type":"Feature","properties":{"id":866868225,"highway":"residential"},"geometry":{"type":"LineString","coordinates":[[85.6724214,20.0226777],[85.6726279,20.0228061]]}},{"type":"Feature","properties":{"id":866868226,"highway":"residential"},"geometry":{"type":"LineString","coordinates":[[85.6726279,20.0228061],[85.6727549,20.0228331]]}},{"type":"Feature","properties":{"id":866868227,"highway":"residential"},"geometry":{"type":"LineString","coordinates":[[85.6727549,20.0228331],[85.6728377,20.0228223],[85.672895,20.0228015],[85.6729575,20.0227722],[85.6730161,20.0227281],[85.6730838,20.0226657],[85.6731567,20.022574],[85.6733299,20.0223288],[85.6734919,20.022171],[85.6736318,20.0220615],[85.6736714,20.0220233],[85.6736962,20.0219893],[85.6737181,20.0219441],[85.6737399,20.0218928],[85.6737796,20.0218383],[85.6738178,20.0218038],[85.673858,20.021781],[85.673916,20.0217581],[85.6739919,20.0217334],[85.6740643,20.0217125],[85.6741702,20.0216887],[85.6743212,20.0216522],[85.6744651,20.021599],[85.6747197,20.0214613],[85.6748957,20.0213609],[85.6765539,20.0202517]]}},{"type":"Feature","properties":{"id":866879850,"highway":"residential"},"geometry":{"type":"LineString","coordinates":[[85.6843453,20.0259415],[85.6844804,20.0258914],[85.6845856,20.0258613],[85.6857741,20.0256271],[85.6870744,20.0254273],[85.6879383,20.025138],[85.6889296,20.024799],[85.689784,20.024507],[85.6898498,20.0244799],[85.6899129,20.0244361],[85.6899317,20.0244148],[85.6899403,20.0243872],[85.6899403,20.0243421],[85.6899036,20.0242576],[85.6898047,20.0240894],[85.689104,20.0225083],[85.6890378,20.0223553],[85.689015,20.0222857],[85.6890131,20.022225],[85.6890207,20.0221769],[85.6890511,20.0221394],[85.6891539,20.0220569],[85.6892149,20.0220228],[85.6893626,20.0219336],[85.6894937,20.0218724],[85.6895563,20.0218171],[85.6895673,20.0217739],[85.6895667,20.021712],[85.6895581,20.0216512],[85.689436,20.0212166],[85.6893535,20.0209792],[85.6890992,20.0204973],[85.6889988,20.0202585],[85.6889487,20.0199507],[85.6888727,20.0186882],[85.6887942,20.0174072],[85.6887996,20.0172601],[85.6888227,20.0170629],[85.6888372,20.0168822],[85.688829,20.0167049],[85.6887742,20.0164632],[85.6885116,20.0157231],[85.6884751,20.0155926],[85.6884751,20.0155455],[85.6884913,20.0154983],[85.6885474,20.0154249],[85.688602,20.0153666],[85.6886521,20.0153306],[85.6887643,20.0152751],[85.6890021,20.0152314]]}},{"type":"Feature","properties":{"id":866879851,"highway":"residential"},"geometry":{"type":"LineString","coordinates":[[85.6883635,20.0236973],[85.6889296,20.024799]]}},{"type":"Feature","properties":{"id":866879853,"highway":"residential"},"geometry":{"type":"LineString","coordinates":[[85.69145,20.0240787],[85.6911834,20.0238666],[85.6911086,20.0237708],[85.691073,20.0236763],[85.6910462,20.0235446],[85.6910155,20.023304],[85.6909705,20.0231541],[85.6908774,20.0229525],[85.6907084,20.0226449],[85.6905651,20.0223208],[85.6904321,20.0220644],[85.6903898,20.0220246],[85.6903501,20.0219989],[85.6902945,20.0219823],[85.6902345,20.0219798],[85.6901013,20.0219898],[85.6900236,20.0219898],[85.6899778,20.0219806],[85.6899213,20.0219492],[85.6898272,20.0218779],[85.6897296,20.0218409]]}},{"type":"Feature","properties":{"id":866879854,"highway":"residential"},"geometry":{"type":"LineString","coordinates":[[85.6906463,20.0258765],[85.6907538,20.0257152],[85.6909092,20.0255645],[85.6914053,20.0251332]]}},{"type":"Feature","properties":{"id":866879855,"highway":"residential"},"geometry":{"type":"LineString","coordinates":[[85.6896349,20.0218272],[85.6895563,20.0218171]]}},{"type":"Feature","properties":{"id":866879856,"highway":"residential"},"geometry":{"type":"LineString","coordinates":[[85.6897296,20.0218409],[85.6896349,20.0218272]]}},{"type":"Feature","properties":{"id":866879857,"highway":"residential"},"geometry":{"type":"LineString","coordinates":[[85.6887148,20.0086746],[85.6884526,20.0083372],[85.6883989,20.0083092],[85.6883349,20.008305],[85.6882649,20.008326],[85.6881665,20.008389],[85.6880071,20.0085178],[85.6876093,20.0088258],[85.6874111,20.0089518],[85.6870908,20.009082],[85.6870118,20.009138],[85.6869746,20.00918],[85.6869627,20.0092542],[85.6869393,20.0096059],[85.6869134,20.0098873],[85.68685,20.0102733],[85.6868217,20.0104613],[85.6867962,20.0106582],[85.6867817,20.0108377],[85.6867611,20.0109659],[85.6867174,20.0110626],[85.6866608,20.0111472],[85.6866273,20.0112318],[85.6866273,20.0113454],[85.6866688,20.0119576],[85.6867099,20.0123803],[85.686859,20.0133348],[85.6869739,20.0137603],[85.6870586,20.0139636]]}},{"type":"Feature","properties":{"id":866879858,"highway":"residential"},"geometry":{"type":"LineString","coordinates":[[85.6878113,20.0154649],[85.6877291,20.0155723],[85.6876497,20.0156519],[85.687536,20.0157264],[85.6873708,20.0158063],[85.6871882,20.0158428],[85.6871362,20.0158395],[85.6870991,20.0158188],[85.6870682,20.015779],[85.6870356,20.0156986],[85.6869849,20.0155347],[85.6868577,20.0150587],[85.6867571,20.0148154],[85.6863676,20.0138781],[85.6862579,20.0135915],[85.6861925,20.0133347],[85.6861765,20.0131885],[85.6861711,20.0126239],[85.686096,20.0115099],[85.6860303,20.0109581],[85.6860371,20.0107469],[85.6860575,20.0105164],[85.6860674,20.0103532],[85.6861073,20.0098946],[85.6861569,20.0090053]]}},{"type":"Feature","properties":{"id":866879859,"highway":"residential"},"geometry":{"type":"LineString","coordinates":[[85.6864131,20.0162307],[85.6867673,20.0161083],[85.6868632,20.0160673],[85.6869629,20.0160102],[85.6870571,20.0159249],[85.6871362,20.0158395]]}},{"type":"Feature","properties":{"id":866879860,"highway":"residential"},"geometry":{"type":"LineString","coordinates":[[85.6870897,20.0140381],[85.6872175,20.0142755],[85.687347,20.0145047],[85.6874856,20.014727],[85.6875412,20.014859],[85.68759,20.0150022],[85.6878113,20.0154649],[85.6878655,20.0155358],[85.6879252,20.0155829],[85.6879715,20.0156084],[85.6880325,20.0156232],[85.6881051,20.0156171],[85.6884913,20.0154983]]}},{"type":"Feature","properties":{"id":866879861,"highway":"residential"},"geometry":{"type":"LineString","coordinates":[[85.6870586,20.0139636],[85.6870897,20.0140381]]}},{"type":"Feature","properties":{"id":866884575,"highway":"residential"},"geometry":{"type":"LineString","coordinates":[[85.6878271,20.007645],[85.688099,20.0077567],[85.6882434,20.0078139],[85.6883257,20.0078488],[85.6883732,20.0078856],[85.6883969,20.007937],[85.688398,20.0079913],[85.6883349,20.008305]]}},{"type":"Feature","properties":{"id":866896321,"highway":"tertiary"},"geometry":{"type":"LineString","coordinates":[[85.6606776,20.0013918],[85.6606434,20.0013936],[85.6605103,20.001399],[85.6604154,20.0014029],[85.660345,20.0014077],[85.6602405,20.0014273],[85.6601255,20.001521],[85.6600608,20.0016229],[85.6599813,20.0017563],[85.6599214,20.0018108],[85.6597903,20.0018733],[85.659583,20.0019501],[85.6591802,20.0021136],[85.6587267,20.0022933],[85.6585867,20.0023728],[85.6583799,20.0025206],[85.6581324,20.0027061],[85.6579186,20.0028699],[85.6576465,20.0030378],[85.6572034,20.003317],[85.6571511,20.0033386],[85.6570961,20.0033473],[85.656999,20.0033555],[85.6568753,20.0033281],[85.6567099,20.0032809],[85.6566062,20.0032627],[85.6565364,20.0032529],[85.6564832,20.0032389],[85.6564468,20.0032115],[85.6564109,20.0031606],[85.6561735,20.0027933],[85.6560883,20.002724],[85.6559875,20.002701],[85.6558637,20.0027057],[85.6556498,20.0027497],[85.6551101,20.002935],[85.6548966,20.0030098],[85.6545001,20.0031341],[85.6542778,20.0031948],[85.6537368,20.0033024],[85.6527424,20.0034485]]}},{"type":"Feature","properties":{"id":866896322,"highway":"tertiary"},"geometry":{"type":"LineString","coordinates":[[85.6607426,20.0013886],[85.6606776,20.0013918]]}},{"type":"Feature","properties":{"id":866903607,"highway":"residential"},"geometry":{"type":"LineString","coordinates":[[85.6597347,20.0064176],[85.6591973,20.0067486],[85.658783,20.0069926],[85.6579407,20.0074968],[85.6575144,20.007786]]}},{"type":"Feature","properties":{"id":866903608,"highway":"residential"},"geometry":{"type":"LineString","coordinates":[[85.6619499,20.0051515],[85.6624841,20.0055266],[85.6628908,20.0058118],[85.6631255,20.0059744],[85.6631497,20.0060097],[85.6631657,20.0060488],[85.6631523,20.0060828],[85.6630804,20.0061328],[85.6629901,20.0061849],[85.6628848,20.0062257],[85.6627534,20.0062647],[85.6625908,20.0062826],[85.6623573,20.006307],[85.6621878,20.0063573],[85.6614776,20.0066286],[85.6613803,20.0066487],[85.6612973,20.0066546],[85.6611973,20.0066554],[85.6611017,20.0066437],[85.6609389,20.0066081],[85.660782,20.0065879],[85.6606289,20.0065978],[85.6603243,20.006629]]}},{"type":"Feature","properties":{"id":866903609,"highway":"unclassified"},"geometry":{"type":"LineString","coordinates":[[85.6618159,20.0051061],[85.6618333,20.0051156]]}},{"type":"Feature","properties":{"id":866903610,"highway":"unclassified"},"geometry":{"type":"LineString","coordinates":[[85.6618333,20.0051156],[85.6619142,20.00516]]}},{"type":"Feature","properties":{"id":866903611,"highway":"unclassified"},"geometry":{"type":"LineString","coordinates":[[85.6619142,20.00516],[85.6619365,20.0051722]]}},{"type":"Feature","properties":{"id":866909270,"highway":"residential"},"geometry":{"type":"LineString","coordinates":[[85.6548966,20.0030098],[85.6551256,20.0034798],[85.6554562,20.0040476],[85.6556097,20.004316],[85.6558074,20.0046449],[85.6560679,20.0049997],[85.6565221,20.0054203],[85.6571735,20.0059924]]}},{"type":"Feature","properties":{"id":866909271,"highway":"residential"},"geometry":{"type":"LineString","coordinates":[[85.6554562,20.0040476],[85.6564033,20.0037158],[85.6568805,20.0035486],[85.656955,20.0035111],[85.6570178,20.0034608],[85.6570961,20.0033473]]}},{"type":"Feature","properties":{"id":866909272,"highway":"residential"},"geometry":{"type":"LineString","coordinates":[[85.6564832,20.0032389],[85.6563346,20.0033515],[85.6563001,20.0034025],[85.6563041,20.0034628],[85.6563305,20.0035381],[85.6564033,20.0037158]]}},{"type":"Feature","properties":{"id":866909273,"highway":"residential"},"geometry":{"type":"LineString","coordinates":[[85.6551101,20.002935],[85.65479,20.0018591]]}},{"type":"Feature","properties":{"id":866909274,"highway":"residential"},"geometry":{"type":"LineString","coordinates":[[85.6590378,19.9990279],[85.6599366,20.0005616],[85.6600013,20.0007122],[85.6600494,20.0008713],[85.6601255,20.001521]]}},{"type":"Feature","properties":{"id":866909282,"highway":"residential"},"geometry":{"type":"LineString","coordinates":[[85.6629354,20.0007814],[85.6628479,20.0002647],[85.6628392,20.0001239],[85.6628475,19.999983],[85.6628696,19.9997278]]}},{"type":"Feature","properties":{"id":866909283,"highway":"residential"},"geometry":{"type":"LineString","coordinates":[[85.6670424,19.9994912],[85.6673593,20.0001143],[85.667451,20.0002649],[85.6675028,20.0003395],[85.6675479,20.0003788],[85.6676081,20.0004039],[85.6676808,20.0004173],[85.667787,20.0004086],[85.6685752,20.0002698]]}},{"type":"Feature","properties":{"id":866949275,"highway":"residential"},"geometry":{"type":"LineString","coordinates":[[85.6919807,20.0312465],[85.6919565,20.0313496],[85.6919438,20.0314264],[85.6919321,20.0315366],[85.6918799,20.0331616],[85.6918836,20.0332113],[85.6919,20.0332435],[85.6919357,20.0332582],[85.6919775,20.0332638],[85.6923776,20.0332547]]}},{"type":"Feature","properties":{"id":866962056,"highway":"unclassified"},"geometry":{"type":"LineString","coordinates":[[85.6550095,20.010138],[85.6549813,20.0101024]]}},{"type":"Feature","properties":{"id":866962057,"highway":"unclassified"},"geometry":{"type":"LineString","coordinates":[[85.6549813,20.0101024],[85.6549572,20.0100703]]}},{"type":"Feature","properties":{"id":866962058,"highway":"unclassified"},"geometry":{"type":"LineString","coordinates":[[85.6550262,20.0101604],[85.6550095,20.010138]]}},{"type":"Feature","properties":{"id":866962059,"highway":"residential"},"geometry":{"type":"LineString","coordinates":[[85.6744323,20.0227622],[85.6743902,20.0227605]]}},{"type":"Feature","properties":{"id":866962060,"highway":"residential"},"geometry":{"type":"LineString","coordinates":[[85.6778633,20.024096],[85.6771376,20.0237018],[85.6769384,20.023617],[85.6767472,20.0235376],[85.6762985,20.0233645],[85.6757922,20.0231946],[85.6754753,20.0231059],[85.675194,20.023052],[85.6749048,20.0229778],[85.6746507,20.0228743],[85.674464,20.0227784],[85.6744323,20.0227622]]}},{"type":"Feature","properties":{"id":867150421,"highway":"residential"},"geometry":{"type":"LineString","coordinates":[[85.689674,19.9999021],[85.6896591,20.000347],[85.6896542,20.0004449],[85.6896275,20.0006584],[85.6895787,20.0009186],[85.6894334,20.0014967],[85.6892529,20.0020394],[85.6892074,20.0022375],[85.6892001,20.0023036],[85.6891932,20.0023375],[85.6891885,20.0023485],[85.6891778,20.0023558],[85.6891562,20.0023606],[85.6891322,20.0023558],[85.6891134,20.0023438],[85.6890953,20.0023198],[85.6890866,20.0022914],[85.6889814,20.0017372],[85.6884751,19.9997278],[85.6882156,19.9987559],[85.6881501,19.9986445],[85.6880847,19.9985734],[85.6878307,19.9983853],[85.6876891,19.9982608],[85.6874163,19.9979974],[85.6871284,19.9977067],[85.6870675,19.9976122],[85.6870004,19.9974848],[85.6869699,19.9973746],[85.6869578,19.99726],[85.6869826,19.9970818]]}},{"type":"Feature","properties":{"id":867153630,"highway":"tertiary"},"geometry":{"type":"LineString","coordinates":[[85.6995708,20.0106088],[85.6993725,20.0103427]]}},{"type":"Feature","properties":{"id":867153631,"highway":"tertiary"},"geometry":{"type":"LineString","coordinates":[[85.6993725,20.0103427],[85.6992019,20.0101215],[85.6986584,20.0094197],[85.6981783,20.0088268],[85.6978618,20.0084718],[85.6975716,20.0081794],[85.6970757,20.0076816],[85.696919,20.007506],[85.6966641,20.0071335],[85.6965568,20.0069387],[85.696462,20.0067165],[85.6962445,20.0061056],[85.6961309,20.0057324],[85.6959259,20.0050863],[85.6957922,20.0046515],[85.6955398,20.0035364],[85.6954334,20.0031117],[85.6953144,20.002799],[85.6951732,20.0024806],[85.6950168,20.0021955],[85.6948173,20.0018774],[85.6946087,20.001647],[85.6943848,20.001444],[85.6941728,20.0012792],[85.693237,20.0006088],[85.6930806,20.0004946],[85.6929729,20.00039],[85.6928893,20.0002939],[85.6928329,20.0001906],[85.6927936,20.0000845]]}},{"type":"Feature","properties":{"id":867209240,"highway":"residential"},"geometry":{"type":"LineString","coordinates":[[85.6440979,20.095609],[85.6440929,20.0954958],[85.6440818,20.0954579],[85.6440599,20.0954155],[85.6437842,20.0949461],[85.6437546,20.0949187],[85.6436245,20.0948322],[85.6435677,20.0948052],[85.6435337,20.094796],[85.6434958,20.0948025],[85.6430626,20.0949943],[85.6419522,20.0954226]]}},{"type":"Feature","properties":{"id":867209243,"highway":"residential"},"geometry":{"type":"LineString","coordinates":[[85.642105,20.0964794],[85.6428522,20.0965612],[85.6429088,20.0965578],[85.6439263,20.0962993],[85.6439692,20.0962993],[85.643998,20.0963159],[85.6440151,20.0963392],[85.6440582,20.0965073],[85.6442559,20.0972787]]}},{"type":"Feature","properties":{"id":867209246,"highway":"residential"},"geometry":{"type":"LineString","coordinates":[[85.6423358,20.0976944],[85.6430009,20.0976368],[85.6431799,20.0976213],[85.6433869,20.0976097]]}},{"type":"Feature","properties":{"id":867210061,"highway":"residential"},"geometry":{"type":"LineString","coordinates":[[85.6434549,20.1039138],[85.6433998,20.1039114],[85.643274,20.103902],[85.6432295,20.1038872],[85.6432019,20.1038672],[85.6431778,20.1038298],[85.6431643,20.1037962],[85.6431104,20.1032373],[85.6430772,20.103101],[85.6430289,20.1029821],[85.6429978,20.102906],[85.6429834,20.1028489],[85.6429016,20.1023643],[85.6427622,20.1018656],[85.6427413,20.1018138],[85.6425905,20.1015533],[85.6425733,20.1015119],[85.6425444,20.1013777],[85.6425369,20.1013165],[85.6425429,20.1012011],[85.6425253,20.1010887],[85.642335,20.1002399],[85.6423062,20.1001782],[85.6421539,20.0999379],[85.6421129,20.0999084],[85.6420588,20.0998907],[85.6420259,20.0998765],[85.6419996,20.0998563],[85.6419857,20.0998082],[85.6419468,20.0995787],[85.6419347,20.0994377],[85.6419349,20.0994056],[85.6420253,20.098677],[85.6420541,20.0984454],[85.6420872,20.0983355],[85.6421154,20.0982704],[85.6421444,20.0982232],[85.6422364,20.0980978],[85.6422611,20.098048],[85.6422942,20.0979645],[85.642325,20.097807],[85.6423358,20.0976944],[85.6423351,20.0976279],[85.6423236,20.0975791],[85.6422083,20.0972831],[85.6420648,20.0969757],[85.6420487,20.096924],[85.6420393,20.0968437],[85.642038,20.0967886],[85.642046,20.0967162],[85.6420547,20.0966758],[85.6420648,20.0966293],[85.642105,20.0964794],[85.6420916,20.096264],[85.6419522,20.0954226],[85.6419525,20.0953931],[85.6420494,20.0950524],[85.6421989,20.0947928],[85.6422188,20.0947402],[85.642281,20.0944329],[85.6423032,20.094396],[85.6424028,20.0942688],[85.6425154,20.0940269],[85.642546,20.0939923],[85.6425859,20.0939733],[85.6426461,20.0939686],[85.6429872,20.0940268],[85.6430713,20.0940795],[85.6431437,20.0941299],[85.643209,20.0941935],[85.6434378,20.0945922],[85.6434608,20.0946521],[85.6434958,20.0948025]]}},{"type":"Feature","properties":{"id":867217890,"highway":"residential"},"geometry":{"type":"LineString","coordinates":[[85.642921,20.0996421],[85.6429555,20.0992744],[85.6429687,20.0990265],[85.6429853,20.0987145],[85.6429928,20.0986771],[85.6430151,20.098645],[85.6430419,20.0986236],[85.6431345,20.0985871]]}},{"type":"Feature","properties":{"id":867217891,"highway":"residential"},"geometry":{"type":"LineString","coordinates":[[85.6424779,20.0995838],[85.6425302,20.0988043]]}},{"type":"Feature","properties":{"id":867217892,"highway":"residential"},"geometry":{"type":"LineString","coordinates":[[85.6411797,20.10043],[85.6411314,20.1003947],[85.6411099,20.1003645],[85.6410402,20.100022],[85.6410406,20.0999923],[85.6411046,20.0995082],[85.6411421,20.0991304],[85.6411528,20.0987527],[85.6411421,20.0980626]]}},{"type":"Feature","properties":{"id":867217897,"highway":"residential"},"geometry":{"type":"LineString","coordinates":[[85.6450901,20.1004954],[85.6440294,20.1000587],[85.643878,20.100017],[85.6434435,20.099886],[85.6431765,20.0997773],[85.642921,20.0996421],[85.6427002,20.0995829],[85.6426304,20.0995757],[85.6425723,20.0995758],[85.6424779,20.0995838],[85.6419468,20.0995787],[85.6411046,20.0995082],[85.6407811,20.0995093],[85.6407402,20.0995017],[85.6407064,20.099483],[85.6402651,20.0990653],[85.6402102,20.099039],[85.6401635,20.0990203],[85.6400686,20.0990122],[85.6399448,20.0990459],[85.6399192,20.0990608],[85.6399029,20.0990801],[85.6398718,20.0991939],[85.6398576,20.0992261],[85.6398363,20.0992574],[85.6396879,20.0993719],[85.6396431,20.0993966],[85.6393772,20.099478],[85.6388984,20.0996191],[85.6387638,20.0996657],[85.6387131,20.0996969],[85.6385816,20.099812],[85.6385239,20.0998426],[85.6384702,20.0998667],[85.6382644,20.0999351],[85.6381917,20.0999616],[85.6377089,20.1001127],[85.6373177,20.1002254],[85.6371824,20.100267],[85.6371402,20.1002839],[85.6366159,20.100575],[85.6362392,20.1007965],[85.6361777,20.1008414],[85.6361411,20.1008742],[85.6359764,20.1010274],[85.6359215,20.1010593],[85.6358702,20.1010866],[85.6358151,20.1011101],[85.6357823,20.1011208],[85.6357395,20.1011265],[85.6356985,20.1011277]]}},{"type":"Feature","properties":{"id":867217898,"highway":"residential"},"geometry":{"type":"LineString","coordinates":[[85.6395177,20.0948953],[85.6393087,20.0949802],[85.6392671,20.0950029],[85.6390914,20.0951817],[85.6390793,20.0952145],[85.6390807,20.0952573],[85.6391477,20.0956024],[85.6391705,20.0956956],[85.6392379,20.0958899],[85.639463,20.096662],[85.6395757,20.0969442],[85.6396227,20.0970803],[85.6396393,20.0972158],[85.6396393,20.0972921],[85.6396312,20.0973647],[85.6395489,20.097574]]}},{"type":"Feature","properties":{"id":867217907,"highway":"residential"},"geometry":{"type":"LineString","coordinates":[[85.6397317,20.0952803],[85.6395045,20.0954629]]}},{"type":"Feature","properties":{"id":867230416,"highway":"residential"},"geometry":{"type":"LineString","coordinates":[[85.6890021,20.0152314],[85.689092,20.0152075]]}},{"type":"Feature","properties":{"id":867230417,"highway":"residential"},"geometry":{"type":"LineString","coordinates":[[85.689092,20.0152075],[85.6891832,20.0151797],[85.6900017,20.0149251]]}},{"type":"Feature","properties":{"id":867239586,"highway":"residential"},"geometry":{"type":"LineString","coordinates":[[85.6466148,20.0987278],[85.6463395,20.0983879]]}},{"type":"Feature","properties":{"id":867239587,"highway":"residential"},"geometry":{"type":"LineString","coordinates":[[85.6471251,20.0984382],[85.6470668,20.0982748],[85.6470461,20.0982486],[85.6470061,20.0982376],[85.6467769,20.0982329],[85.6467318,20.0982489],[85.6463395,20.0983879],[85.6458786,20.0985513],[85.6454605,20.0986116],[85.6453933,20.0986132],[85.6452288,20.0986009],[85.6450581,20.0985713],[85.6446075,20.0984404],[85.6439531,20.0982187],[85.6435293,20.0981129],[85.6432222,20.0980812],[85.6429446,20.0980525],[85.6422364,20.0980978],[85.6420165,20.0981067],[85.6417757,20.0981012],[85.6411421,20.0980626],[85.6403374,20.0979971],[85.6400863,20.0979845],[85.6400263,20.0979921],[85.639966,20.0980059],[85.6398976,20.0980323],[85.6393901,20.0983175],[85.639345,20.0983497],[85.6389407,20.0986733],[85.6384706,20.0990108],[85.6367755,20.100027],[85.6367129,20.1000793],[85.6356985,20.1011277],[85.635673,20.1011528],[85.6355113,20.1013555],[85.6354763,20.1014011],[85.6354384,20.1014518]]}},{"type":"Feature","properties":{"id":867239588,"highway":"residential"},"geometry":{"type":"LineString","coordinates":[[85.6446644,20.0965195],[85.644897,20.096492],[85.6449187,20.0964948],[85.6449367,20.0965044],[85.6449478,20.0965263],[85.6450281,20.0968909],[85.6450322,20.0969329],[85.6450302,20.0969826],[85.6450159,20.0971095],[85.6450037,20.0971582],[85.6449814,20.0972288],[85.6448811,20.097448]]}},{"type":"Feature","properties":{"id":867239590,"highway":"residential"},"geometry":{"type":"LineString","coordinates":[[85.6428807,20.0973199],[85.6430009,20.0976368]]}},{"type":"Feature","properties":{"id":867239591,"highway":"residential"},"geometry":{"type":"LineString","coordinates":[[85.6439692,20.0962993],[85.6441106,20.0961899],[85.6441884,20.096135],[85.6442716,20.0960735],[85.6443318,20.096012],[85.6443512,20.0959638],[85.6443601,20.0959057],[85.6443548,20.0958575],[85.6442452,20.0955823]]}},{"type":"Feature","properties":{"id":867239592,"highway":"residential"},"geometry":{"type":"LineString","coordinates":[[85.6420547,20.0966758],[85.6419959,20.0966421],[85.6415498,20.0963862]]}},{"type":"Feature","properties":{"id":867239593,"highway":"residential"},"geometry":{"type":"LineString","coordinates":[[85.6419959,20.0966421],[85.6417023,20.0969797],[85.6416638,20.0970289],[85.6416268,20.0970954],[85.6415806,20.0971967],[85.6415683,20.0972734],[85.6415775,20.0973414],[85.6416022,20.0974093],[85.6417717,20.0978448],[85.6417794,20.0978954],[85.6417824,20.0979562],[85.6417757,20.0981012]]}},{"type":"Feature","properties":{"id":867239595,"highway":"residential"},"geometry":{"type":"LineString","coordinates":[[85.6450781,20.1005141],[85.6450901,20.1004954],[85.645441,20.0999493],[85.645472,20.099886],[85.645485,20.0998516],[85.6456085,20.0995251],[85.64562,20.0994791],[85.6456375,20.0993218],[85.6456526,20.0992754],[85.6457544,20.0991035],[85.6458145,20.099002],[85.6458648,20.0988918],[85.6458722,20.0988497],[85.6458786,20.0985513],[85.6459057,20.0982792],[85.6460023,20.097919],[85.6459988,20.0978416],[85.6459872,20.0978019],[85.6459098,20.0976923],[85.6458628,20.0976495],[85.6457609,20.0975992],[85.6456764,20.0975752],[85.6451953,20.0975581],[85.645144,20.0975488],[85.6448811,20.097448],[85.6445888,20.0973498],[85.6443832,20.0973022],[85.6442559,20.0972787],[85.6441864,20.097278],[85.6438499,20.0973389],[85.6437707,20.0973673],[85.6437136,20.0973936],[85.6433869,20.0976097],[85.643348,20.0976416],[85.6433179,20.0976889],[85.6432222,20.0980812]]}},{"type":"Feature","properties":{"id":867253497,"highway":"residential"},"geometry":{"type":"LineString","coordinates":[[85.6391412,20.0944048],[85.6394219,20.0947263],[85.6394523,20.0947777],[85.6395177,20.0948953],[85.6397317,20.0952803],[85.6397688,20.095347],[85.6398117,20.0954075],[85.6400651,20.0956801],[85.6401283,20.0957591],[85.6401792,20.0958029],[85.64067,20.0961431],[85.6407358,20.0961783],[85.6408203,20.0962136],[85.6412709,20.0963345],[85.6414975,20.0963855],[85.6415498,20.0963862],[85.6416142,20.0963761],[85.6420916,20.096264],[85.6429454,20.0959769],[85.6429682,20.0959667],[85.6429815,20.0959478],[85.6429867,20.0959259],[85.6429768,20.0958257],[85.6429895,20.0958072],[85.6430084,20.0957962],[85.6433255,20.0957098],[85.6433813,20.0956966],[85.6440979,20.095609],[85.6442452,20.0955823],[85.6447363,20.0954931]]}},{"type":"Feature","properties":{"id":867268016,"highway":"residential"},"geometry":{"type":"LineString","coordinates":[[85.6420253,20.098677],[85.6423674,20.0987369],[85.6424116,20.0987495],[85.6425302,20.0988043],[85.6429687,20.0990265]]}},{"type":"Feature","properties":{"id":867269867,"highway":"residential"},"geometry":{"type":"LineString","coordinates":[[85.6400651,20.0956801],[85.6400056,20.0957508],[85.6399765,20.0957644],[85.6395387,20.0958433],[85.6393116,20.0958842],[85.6392379,20.0958899],[85.6391358,20.0959005],[85.639046,20.0959122],[85.6388651,20.0959467],[85.6387695,20.0959774],[85.6380339,20.0962637],[85.6380089,20.0962849],[85.6380149,20.0963124],[85.6380629,20.0963749],[85.6382185,20.0965562],[85.6383246,20.0966883],[85.6384166,20.096803],[85.6384546,20.0968422],[85.6384971,20.0968792],[85.6389856,20.0972062],[85.6395489,20.097574],[85.6397581,20.0977604],[85.6397849,20.0977893],[85.6398091,20.097827],[85.6398976,20.0980323],[85.6399673,20.0984907],[85.6400686,20.0990122]]}},{"type":"Feature","properties":{"id":867288493,"highway":"residential"},"geometry":{"type":"LineString","coordinates":[[85.6977563,20.092592],[85.6980953,20.0925944],[85.6987781,20.0925991],[85.6990047,20.0925966],[85.6992806,20.0925999],[85.6994,20.0926049],[85.6994603,20.09262],[85.6995448,20.0926591],[85.6999458,20.0929059],[85.7000652,20.0930105],[85.7001537,20.0931087],[85.7002476,20.0932346],[85.7002838,20.0932913],[85.7002935,20.0933259],[85.7002916,20.0934324]]}},{"type":"Feature","properties":{"id":867288494,"highway":"residential"},"geometry":{"type":"LineString","coordinates":[[85.6980953,20.0925944],[85.6982414,20.0926448],[85.6983123,20.092681],[85.6983955,20.0927504],[85.6984525,20.092817],[85.6986712,20.0931302],[85.6987082,20.0931888],[85.6987436,20.093251],[85.6987937,20.0933559],[85.6988253,20.0933971],[85.698873,20.0934217],[85.6989139,20.0934304],[85.699158,20.0934564],[85.6992474,20.0934637],[85.7002916,20.0934324],[85.7004304,20.0934497],[85.7005615,20.093466]]}},{"type":"Feature","properties":{"id":867292201,"highway":"residential"},"geometry":{"type":"LineString","coordinates":[[85.6802219,20.0977906],[85.6797016,20.0979115],[85.678468,20.0981835],[85.6767453,20.0986013],[85.6754476,20.0989138],[85.6743728,20.0991636],[85.6743426,20.0991901],[85.6743489,20.0992278],[85.6746121,20.0998334],[85.6746047,20.0998611],[85.674579,20.0998814],[85.6736183,20.1002386],[85.672701,20.1005307],[85.672406,20.1006415],[85.6719705,20.1008826],[85.67195,20.1009135],[85.6719411,20.1009521],[85.67195,20.1011503],[85.6719586,20.1012011],[85.6723002,20.1021073]]}},{"type":"Feature","properties":{"id":867292202,"highway":"residential"},"geometry":{"type":"LineString","coordinates":[[85.678468,20.0981835],[85.6780473,20.096461],[85.6780196,20.096432],[85.6779754,20.0964294],[85.6766904,20.0967394],[85.6755173,20.0970602],[85.675056,20.0971543],[85.6750197,20.0971743],[85.6749988,20.097206],[85.6750115,20.097291],[85.6754476,20.0989138]]}},{"type":"Feature","properties":{"id":868529362,"highway":"residential"},"geometry":{"type":"LineString","coordinates":[[85.6050987,20.008334],[85.6051896,20.0092702]]}},{"type":"Feature","properties":{"id":868529364,"highway":"residential"},"geometry":{"type":"LineString","coordinates":[[85.6035145,20.0085321],[85.6035955,20.0091449]]}},{"type":"Feature","properties":{"id":868534676,"highway":"residential"},"geometry":{"type":"LineString","coordinates":[[85.6039036,20.0096446],[85.6037904,20.009603],[85.6037444,20.0095947],[85.603663,20.0095797],[85.6036294,20.0095714],[85.6036099,20.0095531],[85.6036028,20.0095215],[85.6035851,20.0094168],[85.603578,20.0093552],[85.6035704,20.0091444]]}},{"type":"Feature","properties":{"id":868927216,"highway":"residential"},"geometry":{"type":"LineString","coordinates":[[85.6604111,20.0888374],[85.6612278,20.0887314],[85.6615351,20.0886916],[85.6621978,20.0886053],[85.6623116,20.088585],[85.6623463,20.0885898],[85.6623852,20.0886106],[85.6624054,20.0886371],[85.6624277,20.0886751],[85.6625291,20.0890731],[85.6625782,20.0892248],[85.6626254,20.0893376],[85.6626845,20.0894488],[85.6627421,20.0895392],[85.6627959,20.089599],[85.6628275,20.0896339],[85.6628519,20.089661],[85.6631738,20.089971],[85.6634202,20.0902211],[85.6637753,20.0906409],[85.663965,20.0908723],[85.6640187,20.0908975],[85.664071,20.0908975],[85.6641305,20.0908762],[85.6642574,20.0908326],[85.6644852,20.0907574],[85.6648561,20.0906324],[85.6650478,20.0905681],[85.6651562,20.0905449],[85.6652454,20.0905411],[85.6653253,20.0905492],[85.6653843,20.0905688],[85.6654423,20.0906111],[85.6654855,20.0906625],[85.6655681,20.0908062],[85.665781,20.0912259],[85.6659607,20.0915791],[85.6661768,20.0919748],[85.6662186,20.0922194],[85.6662248,20.0925179],[85.6661886,20.092853],[85.6661836,20.0929185],[85.6661384,20.0935081],[85.6661485,20.0938846],[85.6661973,20.0943544],[85.6662186,20.0945588],[85.6663323,20.0955027],[85.666473,20.0966621],[85.6665212,20.0970753],[85.6665532,20.0972291],[85.6669889,20.0989463]]}},{"type":"Feature","properties":{"id":868927218,"highway":"residential"},"geometry":{"type":"LineString","coordinates":[[85.6689837,20.0951063],[85.6685865,20.0951808],[85.667324,20.0954668],[85.6672291,20.0954789],[85.6663323,20.0955027],[85.6656576,20.0956343],[85.6650621,20.0958056]]}},{"type":"Feature","properties":{"id":869076618,"highway":"residential"},"geometry":{"type":"LineString","coordinates":[[85.6644078,20.0915056],[85.6644539,20.0920238],[85.6644516,20.092072],[85.6643961,20.092576]]}},{"type":"Feature","properties":{"id":869076619,"highway":"residential"},"geometry":{"type":"LineString","coordinates":[[85.6661836,20.0929185],[85.6657998,20.092813],[85.6657327,20.0928127],[85.6654661,20.0928364],[85.6653947,20.092853],[85.6650245,20.0929689],[85.6649534,20.0930046],[85.6647212,20.0931211],[85.6646759,20.0931352],[85.6645209,20.0931691],[85.6642145,20.093236],[85.6641475,20.0932587],[85.6637821,20.0934453],[85.6637172,20.0934663],[85.6636566,20.0934778],[85.663029,20.0935484]]}},{"type":"Feature","properties":{"id":869084487,"highway":"residential"},"geometry":{"type":"LineString","coordinates":[[85.665781,20.0912259],[85.665164,20.0913119],[85.6646729,20.09142],[85.6644078,20.0915056],[85.6643046,20.0915389],[85.6641944,20.0915896],[85.6639059,20.0917746],[85.6637909,20.0918253],[85.6636807,20.0918686],[85.6630497,20.0919927],[85.6629325,20.0920059],[85.6626422,20.0920201],[85.6623886,20.0920325],[85.6622124,20.0920412],[85.6621197,20.0920599],[85.6620341,20.0920984],[85.6619775,20.092157],[85.6619561,20.0922081],[85.6619429,20.0922747],[85.661941,20.0925862],[85.661939,20.0929034],[85.661947,20.0930552],[85.6619507,20.0931301],[85.6619475,20.0931888],[85.6619367,20.0932427],[85.66172,20.0936894],[85.6615537,20.094032],[85.6614765,20.0941514],[85.6613821,20.0942587],[85.6612319,20.0943897],[85.6606637,20.0947332],[85.6604701,20.0948633],[85.6599948,20.0950165],[85.6597245,20.0951153],[85.659408,20.0952059]]}},{"type":"Feature","properties":{"id":869084488,"highway":"residential"},"geometry":{"type":"LineString","coordinates":[[85.661941,20.0925862],[85.6607766,20.092381],[85.6606901,20.0923728],[85.6605625,20.092385],[85.6604932,20.0924054],[85.6604456,20.0924358],[85.6603938,20.0924912],[85.6602186,20.0928271],[85.6600911,20.0930715],[85.6598232,20.0935599],[85.6597888,20.0936239],[85.6595421,20.0940143],[85.6595116,20.0940915],[85.659407,20.0944782],[85.6593704,20.0946568],[85.659408,20.0952059],[85.6597084,20.0959567],[85.6597286,20.0960356],[85.6597495,20.0962267],[85.6597664,20.0964197]]}},{"type":"Feature","properties":{"id":869084490,"highway":"residential"},"geometry":{"type":"LineString","coordinates":[[85.6604701,20.0948633],[85.6603844,20.0951893],[85.6603625,20.0953102],[85.6603335,20.0956273],[85.6603219,20.0958086],[85.6603092,20.0960927]]}},{"type":"Feature","properties":{"id":869084491,"highway":"residential"},"geometry":{"type":"LineString","coordinates":[[85.6669462,20.0990151],[85.666387,20.0983346],[85.6656307,20.0974178],[85.6655682,20.0973215],[85.6655305,20.0972361],[85.6654543,20.0970249],[85.6654,20.0968837],[85.6651318,20.0960423],[85.6650621,20.0958056],[85.6649816,20.0955838],[85.6646544,20.0950649],[85.6645729,20.0949643],[85.6645251,20.0949344],[85.6644434,20.0949305],[85.6643057,20.0949442],[85.6642141,20.0949505],[85.6640536,20.0949518],[85.6624067,20.0951908],[85.6622912,20.0952204],[85.6622018,20.0952561],[85.6620699,20.0953268],[85.6619958,20.0953457],[85.6619143,20.0953505],[85.6618488,20.0953319],[85.6613982,20.0951606],[85.6607716,20.0949941]]}},{"type":"Feature","properties":{"id":869084492,"highway":"residential"},"geometry":{"type":"LineString","coordinates":[[85.6638173,20.0940975],[85.6639411,20.0944053],[85.6639739,20.0944926],[85.6640536,20.0949518]]}},{"type":"Feature","properties":{"id":869084496,"highway":"residential"},"geometry":{"type":"LineString","coordinates":[[85.6600911,20.0930715],[85.6608507,20.0934151],[85.6609315,20.0934475],[85.6614947,20.0935886],[85.6616288,20.093639],[85.66172,20.0936894],[85.6622862,20.0939201],[85.6623638,20.0939413],[85.662632,20.0939665],[85.662691,20.0939866],[85.6627884,20.0940259],[85.6628259,20.0940528],[85.6628416,20.0940879],[85.6628974,20.0943025]]}},{"type":"Feature","properties":{"id":869084497,"highway":"residential"},"geometry":{"type":"LineString","coordinates":[[85.6661384,20.0935081],[85.6653249,20.0935936],[85.6644658,20.0937793],[85.6643007,20.093815],[85.6642475,20.0938306],[85.664193,20.0938556],[85.664088,20.0939232],[85.6638173,20.0940975],[85.6636071,20.0941919],[85.6635552,20.0942073],[85.6635109,20.0942138],[85.6630352,20.0942105],[85.6629849,20.0942188],[85.6629521,20.0942354],[85.6628974,20.0943025],[85.6628197,20.09442],[85.6627875,20.0944502],[85.6626842,20.0945347],[85.6626695,20.094556],[85.6626655,20.094585],[85.6626642,20.094687]]}},{"type":"Feature","properties":{"id":869087635,"highway":"residential"},"geometry":{"type":"LineString","coordinates":[[85.6620699,20.0953268],[85.6622126,20.0958212],[85.662234,20.0958691],[85.6622743,20.095922],[85.6624433,20.0960455],[85.6628566,20.0962748],[85.6629138,20.0963245],[85.6629898,20.0964102],[85.663017,20.0964811],[85.6630337,20.096552],[85.6630471,20.096673],[85.663071,20.0969957],[85.6630713,20.0970485],[85.6630555,20.0971162],[85.6629967,20.0972969],[85.663081,20.0979863],[85.6630827,20.098028],[85.6630262,20.0983537],[85.6630182,20.0984454],[85.6630277,20.0985572],[85.6631094,20.0989844],[85.6631937,20.0993657],[85.6632143,20.0995463],[85.663222,20.0997349],[85.6632019,20.1001306]]}},{"type":"Feature","properties":{"id":869087636,"highway":"residential"},"geometry":{"type":"LineString","coordinates":[[85.6630555,20.0971162],[85.6636832,20.0966014],[85.6637438,20.0965501],[85.6639622,20.0963726],[85.6642143,20.0961835],[85.6643323,20.0961243],[85.6644096,20.0961033],[85.6645295,20.0960918],[85.6651318,20.0960423]]}},{"type":"Feature","properties":{"id":869087637,"highway":"residential"},"geometry":{"type":"LineString","coordinates":[[85.6629898,20.0964102],[85.6632724,20.0964604],[85.663437,20.0965053],[85.6636832,20.0966014]]}},{"type":"Feature","properties":{"id":869087638,"highway":"residential"},"geometry":{"type":"LineString","coordinates":[[85.6637438,20.0965501],[85.663843,20.0965979],[85.6638953,20.0966395],[85.6639493,20.0966903],[85.6639918,20.0967269],[85.6640401,20.0967679],[85.6642414,20.0968849],[85.6643034,20.0969065],[85.6643671,20.0969165],[85.6644344,20.0969115],[85.6648699,20.0968267],[85.6649673,20.096825],[85.6650593,20.096845],[85.6651585,20.0968799],[85.6654543,20.0970249]]}},{"type":"Feature","properties":{"id":869101522,"highway":"residential"},"geometry":{"type":"LineString","coordinates":[[85.663081,20.0979863],[85.6633877,20.0975457],[85.6635367,20.0973236],[85.6635484,20.0972916],[85.66356,20.0972096],[85.6635749,20.0971718],[85.6638484,20.0967282],[85.6638953,20.0966395]]}},{"type":"Feature","properties":{"id":869117397,"highway":"residential"},"geometry":{"type":"LineString","coordinates":[[85.6615102,20.0963297],[85.661304,20.0963999],[85.6612649,20.0964299],[85.66124,20.0964549],[85.6612169,20.0964917],[85.6611832,20.0965217],[85.6611387,20.0965434],[85.6609956,20.096593]]}},{"type":"Feature","properties":{"id":869117401,"highway":"residential"},"geometry":{"type":"LineString","coordinates":[[85.6635354,20.092312],[85.6642947,20.0924948],[85.6643357,20.0925075],[85.6643649,20.0925339],[85.6643961,20.092576],[85.6644312,20.0926234],[85.6644592,20.0926472],[85.6645197,20.0926553],[85.6646684,20.0926482],[85.6647108,20.0926629],[85.6647394,20.0926914],[85.6649534,20.0930046]]}},{"type":"Feature","properties":{"id":869117402,"highway":"residential"},"geometry":{"type":"LineString","coordinates":[[85.6645209,20.0931691],[85.6644669,20.0935584],[85.6644612,20.0936327],[85.6644658,20.0937793]]}},{"type":"Feature","properties":{"id":869117403,"highway":"residential"},"geometry":{"type":"LineString","coordinates":[[85.664088,20.0939232],[85.6642107,20.0941067],[85.6642597,20.0941563],[85.6642955,20.0942022],[85.6643124,20.09425],[85.6643124,20.0943101],[85.6643576,20.0945153],[85.664384,20.0945754],[85.6644236,20.0946373],[85.6645121,20.0947505],[85.6645347,20.0948054],[85.6645385,20.0948567],[85.6645251,20.0949344]]}},{"type":"Feature","properties":{"id":869126361,"highway":"residential"},"geometry":{"type":"LineString","coordinates":[[85.6644516,20.092072],[85.6644932,20.0921054],[85.6645277,20.0921254],[85.664585,20.0921454],[85.664726,20.0921762],[85.6647818,20.0922009],[85.6648211,20.0922271],[85.6648752,20.092264],[85.6649048,20.0922794],[85.664951,20.0922886],[85.6654321,20.0922182],[85.6654893,20.0921983],[85.6656629,20.0920771],[85.6657043,20.0920624],[85.6661768,20.0919748]]}},{"type":"Feature","properties":{"id":869126362,"highway":"residential"},"geometry":{"type":"LineString","coordinates":[[85.6612702,20.0986928],[85.6615137,20.098429],[85.6615957,20.0983474],[85.6618898,20.0980997]]}},{"type":"Feature","properties":{"id":869135983,"highway":"residential"},"geometry":{"type":"LineString","coordinates":[[85.6617603,20.0977918],[85.6629109,20.097312],[85.6629967,20.0972969]]}},{"type":"Feature","properties":{"id":869996555,"highway":"tertiary"},"geometry":{"type":"LineString","coordinates":[[85.6710575,20.0899481],[85.6716603,20.0905335],[85.6718883,20.0907388],[85.6720144,20.0908157],[85.6721377,20.0908686],[85.6722692,20.0908963],[85.6724569,20.0908938],[85.6728043,20.0908875],[85.6731127,20.0908912],[85.6735124,20.0909202],[85.6739013,20.0909492],[85.6742701,20.0910109],[85.6744297,20.0910348],[85.6745692,20.0910386],[85.6749554,20.0910474],[85.6751257,20.0910726],[85.6752625,20.0911293],[85.6754395,20.0912313],[85.6757171,20.091419],[85.6760068,20.0916092],[85.6764829,20.0919807],[85.6767117,20.0921362],[85.6778136,20.0929844],[85.6783926,20.0933421],[85.6787594,20.0936215],[85.6789863,20.0937707],[85.6792323,20.0939258],[85.6794775,20.0940392],[85.6796395,20.0940862],[85.6799959,20.0941332],[85.6806886,20.0941935],[85.6820365,20.0941732],[85.6821441,20.0941682],[85.682242,20.0941493],[85.6828075,20.0939315],[85.6834551,20.0937215],[85.6836927,20.0936444],[85.6838997,20.0935883],[85.684036,20.0935688],[85.6842613,20.0935789],[85.6847709,20.0936595],[85.6854736,20.0938056],[85.6866523,20.0940305],[85.6880009,20.0944363],[85.6880756,20.0944772],[85.6881422,20.0945263],[85.6882271,20.0946081],[85.6887191,20.0952565],[85.6888425,20.0955034],[85.6890476,20.0962098],[85.6891032,20.0963511],[85.6891451,20.0964112],[85.6891994,20.0964585],[85.6892771,20.0964916],[85.6894875,20.0965317],[85.6898576,20.09657],[85.6903016,20.0965765],[85.6912994,20.0965765],[85.6915355,20.0965916],[85.6916425,20.0966179],[85.6917125,20.096647],[85.6917664,20.0966848],[85.6920631,20.0969357],[85.6921334,20.0969782],[85.6922173,20.0970105],[85.6923705,20.0970404],[85.6925652,20.0970487],[85.693354,20.0969946],[85.693503,20.0969716],[85.6935635,20.0969503],[85.6936299,20.0969147],[85.6937559,20.0968047],[85.6945395,20.0959392],[85.6948132,20.0955838],[85.6951243,20.0950044],[85.6955642,20.0941983],[85.6956742,20.0940308],[85.6957466,20.0939514],[85.6969991,20.0929248],[85.6970662,20.0928743],[85.6971841,20.0928029],[85.6973057,20.0927439],[85.6974457,20.0926931],[85.6975975,20.0926437],[85.6977563,20.092592],[85.6978252,20.0925696],[85.6979506,20.0925422],[85.6988831,20.0924353],[85.6990129,20.0924276],[85.6991549,20.0924293],[85.6991915,20.0924341],[85.699228,20.0924436],[85.6994835,20.0925355],[85.6997243,20.0926627],[85.7000441,20.0928724],[85.7000896,20.0929096],[85.7002152,20.0930379],[85.700435,20.0933384],[85.7005311,20.0934374],[85.7005615,20.093466],[85.7006032,20.0935053],[85.7008286,20.093691],[85.7009084,20.0937656],[85.7010516,20.0939282],[85.7011179,20.0940243],[85.7012571,20.0943196],[85.701355,20.0945601],[85.7013812,20.094649],[85.7013912,20.094715],[85.7014261,20.0949354],[85.7014466,20.0950195],[85.7014583,20.0950677],[85.7014874,20.0951361],[85.7016796,20.0954518],[85.7018834,20.09571],[85.7021061,20.0960299],[85.7022268,20.0962654],[85.7023273,20.0965198],[85.7024266,20.0968158],[85.7024494,20.0969669],[85.7024413,20.0970803],[85.7024011,20.0971999],[85.7023247,20.0972982],[85.7022147,20.0973788],[85.7020775,20.0974708],[85.7019331,20.0975677],[85.7016233,20.0978234],[85.7012853,20.0981722],[85.7008575,20.0986596],[85.7005008,20.0991029],[85.7002379,20.0995097],[85.6998329,20.1001483],[85.6995472,20.1006319],[85.6993166,20.1009789],[85.6992576,20.1010809],[85.6992293,20.1011555],[85.6991529,20.101377],[85.6991314,20.1014828],[85.6991237,20.1015614],[85.6991228,20.1016382],[85.6991342,20.101851],[85.6991801,20.1021593],[85.6993782,20.1033616],[85.6994855,20.1038955],[85.6995281,20.1040374],[85.6995864,20.1041778],[85.6996602,20.1042965],[85.7000644,20.1048833],[85.7003009,20.10518],[85.7004079,20.1052815],[85.7009327,20.1056703],[85.7010778,20.1058088],[85.7012182,20.1059557],[85.7014167,20.1062327],[85.7019209,20.1070739],[85.7019943,20.1071951],[85.7020819,20.1072977],[85.7021941,20.1074003],[85.7023011,20.1074728],[85.7024304,20.1075234],[85.7031279,20.1075978],[85.7038909,20.1075588],[85.7040404,20.1075588],[85.7042147,20.1075762],[85.7044521,20.1076312],[85.704597,20.1076819],[85.7049593,20.1078382],[85.7050888,20.1078759],[85.7052476,20.1079135],[85.7061264,20.1080221],[85.7068563,20.1081821],[85.7078809,20.1084995],[85.7089967,20.1089629],[85.710944,20.1099804],[85.7110597,20.1100155],[85.7111798,20.1100303],[85.7120566,20.1100678],[85.712992,20.1101486],[85.7138595,20.110338],[85.7139198,20.1103399],[85.7139614,20.1103342]]}},{"type":"Feature","properties":{"id":870022418,"highway":"tertiary"},"geometry":{"type":"LineString","coordinates":[[85.6179734,20.0887432],[85.6181223,20.0885487]]}},{"type":"Feature","properties":{"id":870022419,"highway":"tertiary"},"geometry":{"type":"LineString","coordinates":[[85.6181223,20.0885487],[85.6182712,20.0884008],[85.6183964,20.0882764],[85.6184863,20.0881957],[85.6186088,20.0880857],[85.6189843,20.0878157],[85.6191193,20.0877186],[85.6193045,20.0876203],[85.619472,20.0875521],[85.619567,20.0875203],[85.6197809,20.0874487],[85.6203818,20.0873067],[85.6207261,20.0872556],[85.6210034,20.0872107],[85.6210618,20.0871979],[85.6211196,20.0871592],[85.6211357,20.0871044],[85.6211233,20.0870138],[85.6210802,20.0868372],[85.621083,20.0867381],[85.6211051,20.0866652],[85.6211414,20.0866137],[85.6211919,20.0865459],[85.6212136,20.0864655],[85.6212255,20.0862773],[85.6212452,20.0861654],[85.6212665,20.0861186],[85.6213217,20.0860912],[85.6213821,20.0860927],[85.6215963,20.0861423],[85.621731,20.0861557],[85.621798,20.0861734],[85.6218579,20.0861893],[85.6219455,20.0862442],[85.6220341,20.0863247],[85.6221413,20.0864479],[85.6221945,20.0865089],[85.6222836,20.0865772],[85.6223544,20.0865979],[85.6224433,20.0866064],[85.6229157,20.0866298],[85.6230585,20.086622],[85.6232109,20.0865737],[85.6233948,20.0864879],[85.6236519,20.086394],[85.6239077,20.0863338],[85.6241059,20.0862833],[85.624366,20.0861911],[85.6244627,20.0861162],[85.6245439,20.086026],[85.6245847,20.0859282],[85.6246143,20.0857994],[85.6246115,20.085602],[85.6245629,20.085223],[85.6245554,20.0850622],[85.6245822,20.0848733],[85.6246389,20.0847675],[85.6247268,20.0846804],[85.6251915,20.0844204],[85.6254796,20.0842337],[85.6257677,20.084047],[85.626227,20.0837146],[85.6264351,20.0835444],[85.6265187,20.0834424],[85.6265611,20.0833523],[85.6266316,20.0831758],[85.626661,20.0830035],[85.6266797,20.0828378],[85.6266725,20.0827474],[85.6266462,20.0826523],[85.6263133,20.0820021],[85.6260951,20.0815309],[85.6258701,20.0810601],[85.62573,20.0806303],[85.6256781,20.0803532],[85.6256429,20.0801649],[85.6255862,20.07998],[85.6255102,20.0798362],[85.6253942,20.0797433],[85.6251191,20.0796667],[85.6248772,20.0796234],[85.6247552,20.0795671],[85.6246904,20.0795114],[85.6245218,20.0793564],[85.6242442,20.0790893],[85.6238698,20.078763],[85.6235329,20.0783953],[85.6230896,20.0779032],[85.6226793,20.0773906],[85.6223156,20.0769763],[85.6220694,20.0766156],[85.6219515,20.0763877],[85.6219027,20.0762672],[85.6218828,20.076151],[85.6219036,20.0760271],[85.6219741,20.075881],[85.6222143,20.0755852],[85.6223211,20.0753034],[85.6223905,20.0750755],[85.6224171,20.0748865],[85.6224143,20.0746461],[85.6224069,20.0744352],[85.6223737,20.0739645],[85.6223506,20.0736377],[85.6223617,20.0734026],[85.6224159,20.0730735],[85.6224733,20.0728118],[85.6225233,20.0724219],[85.6225542,20.0722364],[85.6225971,20.0720426],[85.622689,20.0717478],[85.6227491,20.071555],[85.6227873,20.0713726],[85.622847,20.0710263],[85.6228884,20.0707699],[85.6229596,20.0702984],[85.622954,20.0701088],[85.6228908,20.0698988],[85.6227299,20.069293],[85.6226609,20.0689266],[85.6226499,20.0688682],[85.6226411,20.0686063],[85.6226514,20.068433],[85.6227055,20.0682697],[85.6227894,20.068134],[85.6229028,20.068001],[85.6229721,20.0679154],[85.6230252,20.0678112],[85.6230427,20.067668],[85.6230471,20.0675083],[85.6230037,20.0673158],[85.6229186,20.067077],[85.6228686,20.066898],[85.6228451,20.0667316],[85.6228412,20.0665502],[85.6228621,20.0663569],[85.6229016,20.066137],[85.622921,20.0660602],[85.6229338,20.0659988]]}},{"type":"Feature","properties":{"id":870022420,"highway":"residential"},"geometry":{"type":"LineString","coordinates":[[85.6087999,20.0907919],[85.6092795,20.0903954],[85.6095228,20.0901967],[85.6097864,20.0900319],[85.6100875,20.0899005],[85.6103545,20.0898343],[85.6106656,20.0898168],[85.6110317,20.0898098],[85.6112194,20.0897745],[85.6114565,20.089731],[85.6116786,20.0897261],[85.6119245,20.0897594],[85.6121069,20.0897926],[85.6124444,20.0898707],[85.612678,20.0899151],[85.6129497,20.0899466],[85.6131252,20.0900019],[85.613269,20.0900645],[85.6134349,20.090102],[85.6137274,20.0901242],[85.613913,20.0901244],[85.6140677,20.0901546],[85.6142209,20.0901808],[85.6144146,20.0901808],[85.6147644,20.0901327],[85.6150281,20.0900818],[85.6152373,20.0900264],[85.6154304,20.0899307],[85.6157148,20.0896737],[85.615822,20.0896082],[85.6159975,20.0895284],[85.6167159,20.0891882],[85.6170549,20.0890481],[85.6172747,20.088975],[85.6175043,20.0889201],[85.6178723,20.0888749]]}},{"type":"Feature","properties":{"id":870022421,"highway":"unclassified"},"geometry":{"type":"LineString","coordinates":[[85.6061017,20.0796536],[85.6075703,20.0806778],[85.6090171,20.0817049],[85.6108361,20.0830745],[85.6116378,20.0836326],[85.6121689,20.0840105],[85.6129467,20.084605],[85.6134349,20.0849376],[85.6158694,20.0867088],[85.6167296,20.0872909],[85.6182712,20.0884008]]}},{"type":"Feature","properties":{"id":870022422,"highway":"residential"},"geometry":{"type":"LineString","coordinates":[[85.6228462,20.0888539],[85.6221413,20.0888273]]}},{"type":"Feature","properties":{"id":870022423,"highway":"residential"},"geometry":{"type":"LineString","coordinates":[[85.6199088,20.0881684],[85.619567,20.0875203]]}},{"type":"Feature","properties":{"id":870022424,"highway":"residential"},"geometry":{"type":"LineString","coordinates":[[85.6213217,20.0860912],[85.6211541,20.0860405],[85.6210461,20.0860123],[85.620913,20.0860158],[85.6207499,20.0860768],[85.6205983,20.0861548],[85.6203078,20.0863459],[85.6200386,20.0865751],[85.6193758,20.0870662],[85.6192387,20.0871789],[85.619082,20.0873506],[85.6186774,20.0877571],[85.6186085,20.0878372],[85.6185625,20.0879155],[85.6185213,20.0880255],[85.6184863,20.0881957]]}},{"type":"Feature","properties":{"id":870022425,"highway":"residential"},"geometry":{"type":"LineString","coordinates":[[85.6200386,20.0865751],[85.6202208,20.0866356],[85.6203871,20.0866688],[85.6206329,20.0866805],[85.6211051,20.0866652]]}},{"type":"Feature","properties":{"id":870022426,"highway":"residential"},"geometry":{"type":"LineString","coordinates":[[85.6217881,20.0870262],[85.6216421,20.0870774],[85.6215191,20.0871052],[85.6213555,20.0871329],[85.6211196,20.0871592]]}},{"type":"Feature","properties":{"id":870022427,"highway":"residential"},"geometry":{"type":"LineString","coordinates":[[85.6220039,20.087812],[85.6213391,20.0879949]]}},{"type":"Feature","properties":{"id":870022428,"highway":"residential"},"geometry":{"type":"LineString","coordinates":[[85.6227475,20.0879002],[85.6226753,20.0881088],[85.6226547,20.088165],[85.622622,20.0882126],[85.6225758,20.0882479],[85.6224685,20.0882854],[85.6219721,20.0884589]]}},{"type":"Feature","properties":{"id":870022429,"highway":"residential"},"geometry":{"type":"LineString","coordinates":[[85.6247221,20.0872105],[85.6238043,20.0873208]]}},{"type":"Feature","properties":{"id":870022430,"highway":"residential"},"geometry":{"type":"LineString","coordinates":[[85.6247065,20.0874833],[85.6243663,20.0878772]]}},{"type":"Feature","properties":{"id":870125516,"highway":"residential"},"geometry":{"type":"LineString","coordinates":[[85.6237024,20.0860866],[85.6235442,20.0860387],[85.623386,20.0859908],[85.6232249,20.0859707],[85.6230833,20.085968],[85.6221586,20.0859502],[85.622044,20.0859496],[85.6219965,20.0859556],[85.6219405,20.0859801],[85.6218901,20.086031],[85.621798,20.0861734]]}},{"type":"Feature","properties":{"id":870125517,"highway":"residential"},"geometry":{"type":"LineString","coordinates":[[85.6237024,20.0860866],[85.6238636,20.0861707],[85.6241059,20.0862833]]}},{"type":"Feature","properties":{"id":870125518,"highway":"residential"},"geometry":{"type":"LineString","coordinates":[[85.6237024,20.0860866],[85.6237921,20.0858802],[85.6238265,20.0857977],[85.6238575,20.0856927],[85.6238682,20.0855965],[85.6238668,20.0854961],[85.6238481,20.0853634],[85.6238118,20.0852594],[85.6236982,20.0850564]]}},{"type":"Feature","properties":{"id":870125519,"highway":"residential"},"geometry":{"type":"LineString","coordinates":[[85.6245821,20.0887919],[85.6246547,20.089243],[85.6247161,20.0896952],[85.6247699,20.090116],[85.6247908,20.0904588],[85.6248006,20.0906296],[85.6248347,20.0907574],[85.6249012,20.0908612],[85.6250731,20.0910282],[85.625363,20.0912451]]}},{"type":"Feature","properties":{"id":870125521,"highway":"residential"},"geometry":{"type":"LineString","coordinates":[[85.6269387,20.091746],[85.6270507,20.0915091],[85.6270766,20.0913516],[85.6270903,20.0911481],[85.6270659,20.0909284],[85.6270204,20.0907613],[85.6267601,20.0898602],[85.6266716,20.0896078],[85.6265492,20.089398],[85.6263458,20.0891414],[85.6262135,20.0890119],[85.6260734,20.0889281],[85.6258962,20.0888828]]}},{"type":"Feature","properties":{"id":870125522,"highway":"residential"},"geometry":{"type":"LineString","coordinates":[[85.6285018,20.0896889],[85.6277248,20.0897527],[85.6273311,20.0897897],[85.6267601,20.0898602],[85.6256071,20.0900618]]}},{"type":"Feature","properties":{"id":870125524,"highway":"residential"},"geometry":{"type":"LineString","coordinates":[[85.6285635,20.0890725],[85.6285849,20.0886614],[85.6286797,20.0876398],[85.6286376,20.0874328],[85.6285711,20.0873108],[85.6284919,20.0872331],[85.6283688,20.087215],[85.628249,20.0872578],[85.6281602,20.0873573],[85.6280851,20.0875425],[85.6278461,20.0881491],[85.6277544,20.0882588],[85.6276257,20.0883155],[85.6274872,20.0883344],[85.6261117,20.0882781]]}},{"type":"Feature","properties":{"id":870125525,"highway":"residential"},"geometry":{"type":"LineString","coordinates":[[85.6262725,20.0873712],[85.6255057,20.0874571],[85.6254136,20.0874518],[85.625317,20.0874115],[85.6251206,20.0872136],[85.6249823,20.087111],[85.6248342,20.0870488],[85.6247142,20.0870488]]}},{"type":"Feature","properties":{"id":870125527,"highway":"residential"},"geometry":{"type":"LineString","coordinates":[[85.6263349,20.0871319],[85.6268288,20.086941],[85.6272904,20.0867478]]}},{"type":"Feature","properties":{"id":870125528,"highway":"residential"},"geometry":{"type":"LineString","coordinates":[[85.6285786,20.0844746],[85.6288479,20.0844114],[85.6289065,20.0844059],[85.6289562,20.0844231],[85.6289895,20.0844741],[85.62904,20.0846207],[85.6290465,20.0847347],[85.6290531,20.0848487],[85.6290806,20.0850315],[85.6292009,20.0854536],[85.6292726,20.0856858],[85.6292687,20.0857818],[85.6292492,20.0858448],[85.629199,20.0859057],[85.629158,20.0859556],[85.6291057,20.0860321],[85.6290619,20.0861187],[85.6290292,20.0861974],[85.6289883,20.0862478],[85.6289541,20.086278],[85.6288844,20.0863107],[85.6287873,20.0863269],[85.6279242,20.0863435],[85.6277214,20.0863472],[85.6275379,20.0863334],[85.6273049,20.0862821],[85.6264217,20.0860614]]}},{"type":"Feature","properties":{"id":870125529,"highway":"residential"},"geometry":{"type":"LineString","coordinates":[[85.6300914,20.086152],[85.6300163,20.0864191],[85.6299005,20.0867576],[85.629835,20.086946],[85.6297623,20.0870937],[85.6296744,20.0871535],[85.629555,20.0871598],[85.6293968,20.0871205],[85.6292387,20.0870452],[85.629058,20.0869055],[85.6289152,20.0867719],[85.6288863,20.0867256],[85.6288697,20.0866908],[85.6288844,20.0863107]]}},{"type":"Feature","properties":{"id":870125530,"highway":"residential"},"geometry":{"type":"LineString","coordinates":[[85.6265611,20.0833523],[85.6266528,20.0833614],[85.626734,20.0833506],[85.6268084,20.083311],[85.6269628,20.0831718],[85.6270453,20.0830122],[85.627108,20.0829415],[85.6272056,20.0828635],[85.6279188,20.0825252],[85.6286818,20.0821745],[85.6293465,20.0819072],[85.6294598,20.0818798],[85.6295655,20.0818789],[85.6296556,20.0819166],[85.6297856,20.0820668],[85.6299144,20.0823136],[85.629968,20.0824648],[85.6300505,20.0827835],[85.630133,20.083121]]}},{"type":"Feature","properties":{"id":870125531,"highway":"residential"},"geometry":{"type":"LineString","coordinates":[[85.6278115,20.083573],[85.6272345,20.0834802],[85.6271197,20.0834617],[85.6270551,20.083437],[85.6270068,20.0833916],[85.626988,20.0833393],[85.6269628,20.0831718]]}},{"type":"Feature","properties":{"id":870313092,"highway":"residential"},"geometry":{"type":"LineString","coordinates":[[85.6188717,20.086425],[85.6191963,20.0869968],[85.6192198,20.0870636],[85.6192298,20.0871341],[85.6192387,20.0871789]]}},{"type":"Feature","properties":{"id":870313093,"highway":"residential"},"geometry":{"type":"LineString","coordinates":[[85.6154304,20.0899307],[85.6154278,20.090002],[85.6154211,20.0900877],[85.6154077,20.090162],[85.6153312,20.0904555],[85.6153245,20.090555],[85.6153272,20.0906696],[85.6153232,20.0911834],[85.615342,20.0912099],[85.6153661,20.0912263],[85.6154157,20.0912313],[85.6162271,20.0910965],[85.6163733,20.0910663],[85.6167515,20.0909315],[85.6168319,20.0908887],[85.6168909,20.0908421],[85.6169298,20.0907703],[85.6170546,20.0901343],[85.6170814,20.0899542],[85.6171122,20.0898698],[85.6171659,20.0897753],[85.6173697,20.0894945],[85.6174877,20.089337],[85.6176026,20.0892351]]}},{"type":"Feature","properties":{"id":873361029,"highway":"residential"},"geometry":{"type":"LineString","coordinates":[[85.6621778,20.0907738],[85.6622338,20.0910014],[85.6623699,20.0915538],[85.6623922,20.0916562],[85.6624141,20.0917722],[85.6624173,20.0918249],[85.6624157,20.0918702],[85.6624094,20.0919246],[85.6623886,20.0920325]]}},{"type":"Feature","properties":{"id":873361031,"highway":"residential"},"geometry":{"type":"LineString","coordinates":[[85.6627421,20.0895392],[85.6626553,20.089526],[85.6625413,20.0895128],[85.6623197,20.0895129],[85.6622333,20.0895178],[85.6621614,20.0895308],[85.6619787,20.0895888]]}},{"type":"Feature","properties":{"id":873361033,"highway":"residential"},"geometry":{"type":"LineString","coordinates":[[85.6606675,20.089956],[85.6609425,20.090146],[85.6611394,20.090281],[85.6613592,20.0904255],[85.6615079,20.0905431],[85.6615913,20.0906109],[85.6616661,20.0906591],[85.6617325,20.0906915],[85.6618434,20.0907273],[85.661987,20.0907551],[85.662088,20.0907697],[85.6621778,20.0907738],[85.6622429,20.0907537],[85.6623145,20.0907144],[85.6624013,20.0906646],[85.6624712,20.0906069],[85.6625512,20.090535],[85.6626288,20.0904725],[85.6626998,20.0904184],[85.6628412,20.0903454],[85.6629542,20.0902944],[85.6630374,20.0902609],[85.663107,20.0902395],[85.6631891,20.0902285],[85.6634202,20.0902211]]}},{"type":"Feature","properties":{"id":873361034,"highway":"residential"},"geometry":{"type":"LineString","coordinates":[[85.6602186,20.0928271],[85.6601857,20.0927193],[85.6601789,20.0926482],[85.6601875,20.0925633],[85.6601988,20.0924754],[85.6602294,20.0923317],[85.660381,20.0919218],[85.6604149,20.0918294],[85.6604433,20.0917143],[85.6604691,20.0915932],[85.6605345,20.0908578],[85.6605748,20.0903033],[85.6605971,20.0901676],[85.660621,20.0900686],[85.6606675,20.089956],[85.6607294,20.0898165],[85.6608031,20.0896744],[85.6608288,20.0896387],[85.6608653,20.0895881],[85.660935,20.0895248],[85.6610143,20.0894749],[85.6611209,20.0894332],[85.6613151,20.0893902],[85.6614031,20.0893707],[85.6617875,20.089309],[85.6620383,20.0892688],[85.6621317,20.0892536],[85.6621867,20.0892304],[85.6622264,20.0891831],[85.6622468,20.08912],[85.6622559,20.0890177],[85.6622613,20.088836],[85.6622667,20.0887315],[85.662282,20.0886622],[85.6623116,20.088585],[85.6623294,20.0885315],[85.6623306,20.0884468],[85.6623186,20.0883148],[85.6623182,20.0882186],[85.6623438,20.0881269],[85.6623638,20.0880347],[85.6623643,20.0878958],[85.6623613,20.0877941],[85.6623584,20.0876735],[85.6623412,20.0875234],[85.662315,20.087402],[85.6622887,20.0872805],[85.6622183,20.087069],[85.66215,20.0868486],[85.6621116,20.0867144],[85.6620895,20.0865886],[85.6620826,20.0864376],[85.6620806,20.0861096],[85.6620787,20.0860209],[85.6620659,20.0859453],[85.6620484,20.0858683],[85.6620291,20.0858156],[85.6619948,20.0857424],[85.6619671,20.085699],[85.6619283,20.0856504],[85.6618747,20.0855897],[85.6618174,20.085529],[85.6617613,20.0854507],[85.6617094,20.085369],[85.6616641,20.0852878],[85.6616087,20.0851924],[85.6615828,20.0851351],[85.6615569,20.0850535],[85.6615348,20.0849529],[85.661496,20.0846458],[85.6614535,20.0843907],[85.6614332,20.0843248],[85.6614184,20.0842953],[85.6614017,20.0842745],[85.6613574,20.0842276],[85.6613315,20.0842033],[85.6613112,20.0841738],[85.6612983,20.0841408],[85.6612595,20.0839951],[85.6612004,20.0837869],[85.661169,20.0837209],[85.6611468,20.0836914],[85.6611209,20.0836723],[85.6611006,20.0836654],[85.6610756,20.0836626],[85.6608927,20.0836747],[85.6608557,20.0836747],[85.6608336,20.0836678],[85.6608132,20.0836557],[85.6607966,20.0836314],[85.6607874,20.0836053],[85.6607597,20.0835082],[85.6607116,20.0833572],[85.6606599,20.0832375],[85.66061,20.0831455],[85.6605546,20.083057],[85.6605287,20.0830293],[85.660501,20.0830102],[85.6604604,20.0829894],[85.6604382,20.0829772],[85.6604253,20.0829633],[85.6604216,20.0829408],[85.6604216,20.0829026],[85.6604327,20.0828557],[85.6604474,20.0828141],[85.6604715,20.082769],[85.6605324,20.0826718],[85.6605564,20.0826423],[85.6605897,20.0826267],[85.6606137,20.0826128],[85.6606266,20.0825972],[85.6606322,20.0825764],[85.6606322,20.0825608],[85.6606285,20.0825399],[85.6606211,20.0825209],[85.6605989,20.0824705],[85.6605808,20.0824033],[85.6605724,20.0823325],[85.6605724,20.0822716],[85.6605892,20.0821793],[85.6605976,20.0821007],[85.6605955,20.0820221],[85.660585,20.0819356],[85.6605473,20.0816704],[85.6605432,20.0816193],[85.6605453,20.08158],[85.6605536,20.0815329],[85.6605704,20.0814778],[85.6605892,20.081411],[85.6606122,20.0812951],[85.6606268,20.081246],[85.6606457,20.0812146],[85.660677,20.0811851],[85.6608463,20.0810969]]}},{"type":"Feature","properties":{"id":873361035,"highway":"residential"},"geometry":{"type":"LineString","coordinates":[[85.6625512,20.090535],[85.6625546,20.0900947],[85.6625481,20.0900489],[85.6625342,20.0900111],[85.6625127,20.0899803],[85.6624815,20.0899647],[85.6624252,20.0899604],[85.6621749,20.0899597],[85.6620634,20.0899609],[85.661981,20.0899736],[85.6619107,20.089999],[85.6618589,20.0900397],[85.6618085,20.0901048],[85.6617518,20.0901817],[85.6617078,20.0902628],[85.6616607,20.0903883],[85.6615913,20.0906109]]}},{"type":"Feature","properties":{"id":873361037,"highway":"residential"},"geometry":{"type":"LineString","coordinates":[[85.6613151,20.0893902],[85.6612278,20.0887314]]}},{"type":"Feature","properties":{"id":873363107,"highway":"residential"},"geometry":{"type":"LineString","coordinates":[[85.6622338,20.0910014],[85.6619918,20.0910297],[85.6617959,20.0910553],[85.6616413,20.0910654],[85.6614818,20.0910521],[85.6613309,20.0910269],[85.661077,20.0909723],[85.6605345,20.0908578]]}},{"type":"Feature","properties":{"id":873363108,"highway":"residential"},"geometry":{"type":"LineString","coordinates":[[85.6614818,20.0910521],[85.6613303,20.0907789],[85.6612371,20.0906105],[85.6611726,20.0904801],[85.6611474,20.0904194],[85.6611358,20.0903629],[85.6611394,20.090281]]}},{"type":"Feature","properties":{"id":873363109,"highway":"residential"},"geometry":{"type":"LineString","coordinates":[[85.6608288,20.0896387],[85.6605881,20.08918],[85.6604111,20.0888374],[85.6603285,20.0886397],[85.6602877,20.0885048],[85.6602886,20.0884249],[85.6603127,20.0883639],[85.6603482,20.0883157],[85.6604003,20.0882816],[85.6604807,20.0882588],[85.6606838,20.088211],[85.6609436,20.0881334],[85.6616421,20.0879136]]}},{"type":"Feature","properties":{"id":873390221,"highway":"tertiary"},"geometry":{"type":"LineString","coordinates":[[85.6732539,20.087266],[85.6732213,20.0871127],[85.6731569,20.0868775],[85.6731085,20.0867113],[85.6730638,20.0865407],[85.6730242,20.0863557],[85.6728565,20.0854671],[85.6728217,20.0852282],[85.6728058,20.0849999],[85.6728048,20.0847522],[85.6728119,20.0846663],[85.6728168,20.0846348],[85.6728409,20.0844809],[85.6728926,20.0842891],[85.6730002,20.0838767],[85.6731295,20.0833593],[85.6732588,20.0829781],[85.6733763,20.0827144],[85.6734707,20.0825333],[85.6735941,20.082325],[85.6740765,20.0816052],[85.6742673,20.0813204],[85.6744122,20.0810433],[85.6745474,20.0806963],[85.6748864,20.0796691],[85.675072,20.0791487],[85.6753349,20.0785492],[85.6754583,20.0783476],[85.6756067,20.0781619],[85.6758081,20.0780178],[85.6760561,20.0779086],[85.6763488,20.0777883],[85.676861,20.0776608],[85.6773192,20.0775787],[85.6780807,20.0774779],[85.678436,20.0774495],[85.6791601,20.0773917],[85.6798943,20.0773101],[85.6806478,20.0771967],[85.6815607,20.0770424],[85.6820727,20.076929],[85.6830581,20.0766659],[85.6833044,20.0766114],[85.6834155,20.0765933],[85.6835218,20.0765887],[85.6836812,20.0766024],[85.6839565,20.0766477],[85.6842173,20.0766931],[85.6844685,20.0767203],[85.6846424,20.0767158],[85.6848066,20.0766886],[85.6848711,20.0766731],[85.6852607,20.0765797],[85.6857243,20.076439],[85.6860066,20.0763354],[85.6862971,20.0761799],[85.6867923,20.0758992],[85.6869718,20.0757873],[85.6871151,20.0756819],[85.6872705,20.0755538],[85.687419,20.0753932],[85.6879059,20.0748337],[85.6880579,20.0746213],[85.688341,20.0741445],[85.6886985,20.0735299],[85.688935,20.0731325],[85.689042,20.0729428],[85.6892665,20.0724936],[85.6893908,20.0722],[85.6895808,20.0716162],[85.6898083,20.0707952],[85.6900185,20.0701239],[85.6900452,20.0699666],[85.6900639,20.0697044],[85.6900673,20.0693128]]}},{"type":"Feature","properties":{"id":873390222,"highway":"unclassified"},"geometry":{"type":"LineString","coordinates":[[85.6715432,20.0838139],[85.671696,20.0840297],[85.671778,20.0841324],[85.6718357,20.0842009],[85.6718903,20.0842522],[85.671945,20.0842807],[85.6720057,20.0842978],[85.6721151,20.0843178],[85.6721776,20.0843349],[85.6722681,20.0843671],[85.6725551,20.0844804],[85.6726466,20.0845175],[85.6726988,20.0845454],[85.6727386,20.0845729],[85.6728168,20.0846348]]}},{"type":"Feature","properties":{"id":873390223,"highway":"unclassified"},"geometry":{"type":"LineString","coordinates":[[85.6713905,20.0835981],[85.6715432,20.0838139]]}},{"type":"Feature","properties":{"id":873397153,"highway":"secondary"},"geometry":{"type":"LineString","coordinates":[[85.6766593,20.088177],[85.6768369,20.0881594]]}},{"type":"Feature","properties":{"id":873397154,"highway":"secondary"},"geometry":{"type":"LineString","coordinates":[[85.6768369,20.0881594],[85.6768647,20.0881577],[85.6770042,20.088155],[85.6771689,20.0881621]]}},{"type":"Feature","properties":{"id":873406516,"highway":"residential"},"geometry":{"type":"LineString","coordinates":[[85.6713423,20.0791183],[85.6721023,20.0790151],[85.6721625,20.0790006],[85.6722142,20.0789812],[85.672252,20.0789553],[85.6722968,20.0788939],[85.6723381,20.0788131],[85.6723759,20.0787549],[85.6724276,20.0786967],[85.6724792,20.0786547],[85.6725323,20.0786214],[85.6726348,20.0785793]]}},{"type":"Feature","properties":{"id":873406517,"highway":"residential"},"geometry":{"type":"LineString","coordinates":[[85.6717733,20.0798744],[85.6719261,20.0798159],[85.6720195,20.079784],[85.6721071,20.0797681],[85.6722147,20.0797548],[85.6723094,20.0797575],[85.6724014,20.0797761],[85.6725429,20.079811]]}},{"type":"Feature","properties":{"id":873406518,"highway":"residential"},"geometry":{"type":"LineString","coordinates":[[85.6704498,20.0783547],[85.6704593,20.0781185],[85.6704668,20.0780012],[85.6704718,20.0779449],[85.6704893,20.0778933],[85.6705242,20.0778276],[85.6705342,20.07779],[85.6705342,20.0777431],[85.6705242,20.0776797],[85.6704968,20.077546],[85.6704918,20.0774896],[85.6704993,20.0774193],[85.6705167,20.0773747],[85.6705417,20.0773371],[85.6705717,20.0773019],[85.6706017,20.0772761],[85.6706467,20.0772503],[85.6707041,20.0772268],[85.6713812,20.0769757],[85.6722646,20.0766412]]}},{"type":"Feature","properties":{"id":873406520,"highway":"residential"},"geometry":{"type":"LineString","coordinates":[[85.6721072,20.0738552],[85.6720386,20.073694],[85.6719407,20.0734858],[85.6718591,20.0733251],[85.6717617,20.0731396],[85.6715115,20.0726945],[85.6714299,20.0725411],[85.6713904,20.0724496],[85.6713088,20.0722196],[85.6712255,20.0719817],[85.6711203,20.0716811],[85.671114,20.0716484],[85.6711166,20.0716187],[85.6711283,20.0715957],[85.6711454,20.0715782],[85.6712245,20.0715371],[85.6712818,20.0715067],[85.6713461,20.0714939],[85.6713907,20.0714894],[85.671443,20.071496],[85.6714831,20.071505],[85.6717474,20.0715953],[85.6718587,20.0716369],[85.6720168,20.071722],[85.6721773,20.0718159],[85.6723117,20.0719127],[85.6724491,20.0720368],[85.6725723,20.0721632]]}},{"type":"Feature","properties":{"id":873406522,"highway":"residential"},"geometry":{"type":"LineString","coordinates":[[85.6721059,20.0745734],[85.6732306,20.0738671],[85.6736626,20.0735835],[85.6737581,20.0735332],[85.6738384,20.0735009],[85.6739072,20.0734901],[85.6739875,20.0734866],[85.674278,20.0735368],[85.6745013,20.0735916],[85.6745761,20.073605],[85.6746335,20.0736086],[85.6746908,20.0736086],[85.6747306,20.0736033],[85.6747592,20.0735994],[85.6748399,20.0735727],[85.6751725,20.0734471],[85.6753669,20.0733731],[85.6755891,20.0732891],[85.6758299,20.0731886],[85.6759446,20.0731275],[85.6762619,20.0729301],[85.6766785,20.0726572],[85.6768276,20.0725495],[85.6769576,20.0724166],[85.6770665,20.0723],[85.6771754,20.0721833],[85.6772928,20.0720685],[85.6774698,20.0719427],[85.6777178,20.0717876],[85.6779743,20.071695],[85.6781249,20.0716524],[85.6782905,20.0716056],[85.6786636,20.0714928],[85.6790849,20.0713709],[85.6791281,20.0713605],[85.6794424,20.0712847],[85.6799547,20.0711631]]}},{"type":"Feature","properties":{"id":873406523,"highway":"residential"},"geometry":{"type":"LineString","coordinates":[[85.6747306,20.0736033],[85.6747709,20.0736657],[85.6748008,20.0736896],[85.6748381,20.0737084],[85.6748854,20.0737177],[85.6755591,20.0738563],[85.6760933,20.073976],[85.676777,20.0741049],[85.6770784,20.0741693],[85.677174,20.0741923],[85.6776794,20.0743253],[85.6780341,20.0744041],[85.6784505,20.0745145],[85.6790976,20.0746826],[85.6792914,20.0747288],[85.6797932,20.0748359],[85.6799182,20.0748737],[85.6799706,20.0748964],[85.6800149,20.0749267],[85.6800511,20.0749569],[85.6801141,20.0750521]]}},{"type":"Feature","properties":{"id":873417000,"highway":"residential"},"geometry":{"type":"LineString","coordinates":[[85.6711971,20.0710808],[85.6712818,20.0715067]]}},{"type":"Feature","properties":{"id":874041228,"highway":"residential"},"geometry":{"type":"LineString","coordinates":[[85.6920279,20.0858579],[85.6920551,20.0862976],[85.6920614,20.0863552],[85.6920713,20.0863992],[85.692086,20.0864246],[85.6921082,20.0864385],[85.6921427,20.08645],[85.6921919,20.086457],[85.6928223,20.0864362],[85.692921,20.086423],[85.6929931,20.0864048],[85.6930593,20.0863867],[85.6931335,20.0863543],[85.6931886,20.0863228],[85.6932269,20.08629],[85.6932478,20.0862491],[85.6932598,20.0861988],[85.6932621,20.0861413],[85.6932572,20.0856472]]}},{"type":"Feature","properties":{"id":874504904,"highway":"residential"},"geometry":{"type":"LineString","coordinates":[[85.6809627,20.0878532],[85.6811647,20.0884612]]}},{"type":"Feature","properties":{"id":874504905,"highway":"residential"},"geometry":{"type":"LineString","coordinates":[[85.6804571,20.0885588],[85.6804642,20.088058],[85.6804621,20.0880233],[85.6804642,20.0879906],[85.6804708,20.0879661],[85.6804816,20.0879436],[85.6804969,20.0879273],[85.6805186,20.087915],[85.680549,20.0879068],[85.6806992,20.087886],[85.6809114,20.0878601],[85.6809627,20.0878532],[85.6810035,20.0878476],[85.6810427,20.0878395],[85.6810688,20.0878292],[85.681097,20.0878068],[85.6811144,20.0877782],[85.6811188,20.0877455],[85.6810753,20.0875883],[85.6810688,20.0875597],[85.6810688,20.0875311],[85.6810775,20.0875045],[85.6810949,20.0874861],[85.6811405,20.0874718],[85.6811775,20.0874616],[85.6812058,20.0874494],[85.6812362,20.0874228],[85.6813049,20.087336],[85.6813858,20.087246],[85.6814127,20.0872243],[85.6814511,20.0871991],[85.6815361,20.0871548],[85.6816395,20.0871155],[85.6816867,20.0870994],[85.6817098,20.0870849],[85.681727,20.0870687],[85.6817405,20.0870416],[85.6817501,20.0870146],[85.6817578,20.0869948],[85.6817712,20.0869713],[85.6817885,20.0869497],[85.6818077,20.0869352],[85.6818288,20.0869226],[85.6818557,20.0869154],[85.6820343,20.0868847],[85.6822163,20.0868531],[85.6823493,20.0868216],[85.6825029,20.0867729],[85.6827013,20.0867221]]}},{"type":"Feature","properties":{"id":874504906,"highway":"residential"},"geometry":{"type":"LineString","coordinates":[[85.6820822,20.0864054],[85.682361,20.0863819],[85.6824893,20.0863766],[85.6825562,20.0863766],[85.6826092,20.0863819],[85.6826677,20.0863923],[85.6827291,20.0864054],[85.6827792,20.086408],[85.6828538,20.0863937],[85.6829673,20.0863594],[85.683032,20.0863407],[85.683107,20.0863074],[85.683154,20.0862743],[85.6831864,20.0862412],[85.6832216,20.0861805],[85.6832657,20.0861087],[85.683301,20.0860618],[85.6833538,20.0860094],[85.6834273,20.0859514],[85.6834626,20.0859266],[85.6834861,20.0858935],[85.6835037,20.0858493],[85.6835314,20.0857676],[85.6835592,20.0856664],[85.6835771,20.0855734],[85.6835849,20.0854935],[85.6835791,20.085405],[85.6835683,20.0853012],[85.6835272,20.0850408],[85.6835101,20.0849109],[85.683493,20.0848589],[85.6834577,20.0848172],[85.6834184,20.0847904],[85.6833714,20.0847637],[85.6832833,20.0847219],[85.683047,20.0846101]]}},{"type":"Feature","properties":{"id":874504907,"highway":"residential"},"geometry":{"type":"LineString","coordinates":[[85.6830236,20.0876818],[85.6828425,20.0874057],[85.682781,20.0872831],[85.6827293,20.0871467],[85.6827022,20.0870287],[85.6826995,20.0870008],[85.6826923,20.086927],[85.6826923,20.0868391],[85.6827013,20.0867221],[85.6827219,20.0866269],[85.6827458,20.0865267],[85.6827792,20.086408]]}},{"type":"Feature","properties":{"id":874514176,"highway":"residential"},"geometry":{"type":"LineString","coordinates":[[85.6806187,20.0874561],[85.6806992,20.087886]]}},{"type":"Feature","properties":{"id":874514177,"highway":"residential"},"geometry":{"type":"LineString","coordinates":[[85.682858,20.0878373],[85.6824524,20.087772],[85.6823679,20.0877594],[85.6822892,20.0877531],[85.6822412,20.087754],[85.6821874,20.087763],[85.682099,20.0877972]]}},{"type":"Feature","properties":{"id":874514178,"highway":"residential"},"geometry":{"type":"LineString","coordinates":[[85.6823412,20.0882393],[85.6823194,20.0881568],[85.6823073,20.0880964],[85.6822993,20.0880139],[85.6822932,20.0879755],[85.6822872,20.0879528],[85.6822792,20.0879389],[85.682267,20.0879265],[85.6822362,20.0879087],[85.6821858,20.0878883],[85.682159,20.0878685],[85.6821276,20.0878378],[85.682099,20.0877972],[85.6820841,20.0877598],[85.6820473,20.0876679],[85.6818986,20.0873051],[85.6818828,20.0872542],[85.6818828,20.0872335],[85.6818913,20.0872143],[85.6819116,20.0872],[85.6819421,20.087192],[85.6820575,20.0871777],[85.6821491,20.0871666],[85.6822508,20.0871442],[85.6823526,20.087114],[85.6824374,20.0870773],[85.6825171,20.0870439],[85.6825816,20.0870248],[85.6826358,20.087012],[85.6826995,20.0870008]]}},{"type":"Feature","properties":{"id":874514179,"highway":"residential"},"geometry":{"type":"LineString","coordinates":[[85.6829428,20.0869513],[85.6828538,20.0863937]]}},{"type":"Feature","properties":{"id":874514180,"highway":"residential"},"geometry":{"type":"LineString","coordinates":[[85.6839886,20.0867272],[85.6838567,20.0862946],[85.6838437,20.0862361],[85.6838385,20.0861849],[85.6838411,20.0861338],[85.6838619,20.086068],[85.6840053,20.0857505]]}},{"type":"Feature","properties":{"id":874514181,"highway":"residential"},"geometry":{"type":"LineString","coordinates":[[85.6835592,20.0856664],[85.6840053,20.0857505],[85.6840938,20.0857294],[85.6842653,20.0856592],[85.6843391,20.0856252],[85.6844722,20.0855568]]}},{"type":"Feature","properties":{"id":874514182,"highway":"residential"},"geometry":{"type":"LineString","coordinates":[[85.6836276,20.0870843],[85.6839026,20.0875164]]}},{"type":"Feature","properties":{"id":874514183,"highway":"residential"},"geometry":{"type":"LineString","coordinates":[[85.684624,20.0863406],[85.6846591,20.0861319],[85.6846643,20.0860491],[85.6846643,20.0859735],[85.6846513,20.0858906],[85.6846331,20.0858273],[85.6846072,20.0857785],[85.6845371,20.0856884],[85.6845008,20.0856372],[85.68448,20.0855933],[85.6844722,20.0855568],[85.6844748,20.0855202],[85.6844956,20.0854763],[85.684523,20.0854228],[85.6847118,20.0850608],[85.6847723,20.0849429],[85.6848123,20.0848682],[85.6848675,20.0848059],[85.6849315,20.0847458],[85.6849912,20.084681],[85.6850452,20.0846021],[85.6851103,20.0844935],[85.6851362,20.0844509],[85.6853679,20.0840696],[85.6856946,20.0836011],[85.6859851,20.0831997]]}},{"type":"Feature","properties":{"id":874514184,"highway":"residential"},"geometry":{"type":"LineString","coordinates":[[85.6856599,20.086088],[85.6857268,20.0859031],[85.6859241,20.0853575],[85.6859753,20.0851812],[85.6860137,20.0850089],[85.6860222,20.0848447],[85.6860094,20.0843759],[85.685971,20.0835186],[85.6859753,20.0833062],[85.6859851,20.0831997],[85.6859923,20.0831219],[85.6860179,20.0829777],[85.6860691,20.0828094],[85.6861544,20.0826171],[85.6862397,20.0824849],[85.6863336,20.0823928],[85.6865341,20.0822726],[85.6870844,20.0819641],[85.6873659,20.0818399],[85.6876773,20.0817197],[85.6880655,20.0816115],[85.6884238,20.0815314],[85.689021,20.0814072],[85.6895753,20.0812747],[85.6897419,20.0812349],[85.6909235,20.0808944],[85.6923995,20.0803896],[85.6928306,20.080214],[85.6933063,20.0799703],[85.693947,20.0796212],[85.6943681,20.0793594],[85.6949317,20.0789465],[85.695523,20.078525],[85.6956505,20.0784414]]}},{"type":"Feature","properties":{"id":874521387,"highway":"residential"},"geometry":{"type":"LineString","coordinates":[[85.6777664,20.0720965],[85.6778692,20.0723476],[85.6779016,20.0724056],[85.6779456,20.0724525],[85.6779838,20.0724718],[85.6780455,20.0724773],[85.6781425,20.0724635],[85.678213,20.0724442],[85.6782483,20.0724249],[85.6782806,20.0723918],[85.6782924,20.0723532],[85.6783012,20.0722869],[85.6783012,20.0722293],[85.6782914,20.0721542],[85.6782835,20.0721158],[85.6782591,20.072033],[85.6781249,20.0716524]]}},{"type":"Feature","properties":{"id":874521388,"highway":"residential"},"geometry":{"type":"LineString","coordinates":[[85.6788619,20.0719665],[85.6782914,20.0721542]]}},{"type":"Feature","properties":{"id":874521389,"highway":"residential"},"geometry":{"type":"LineString","coordinates":[[85.6791281,20.0713605],[85.679296,20.0719875],[85.6793098,20.0720263],[85.6793254,20.0720506],[85.6793462,20.0720604],[85.6793825,20.0720604],[85.6794422,20.0720409],[85.6795667,20.0719946],[85.6795953,20.0719873],[85.6796264,20.0719873],[85.6796524,20.0719946],[85.6796757,20.0720214],[85.6797168,20.0721161],[85.679754,20.0721833],[85.679787,20.0722229],[85.6798283,20.0722584],[85.6798604,20.0722832],[85.6798924,20.0723025],[85.6799474,20.0723305],[85.679991,20.0723477],[85.6800345,20.0723757],[85.6800895,20.0724209],[85.6801713,20.0724822],[85.6802958,20.0725501],[85.6803737,20.0725996],[85.6804149,20.072634],[85.6804539,20.0726792],[85.6804791,20.0727309]]}},{"type":"Feature","properties":{"id":874521391,"highway":"residential"},"geometry":{"type":"LineString","coordinates":[[85.6895753,20.0812747],[85.6894327,20.080623],[85.6893415,20.0802092],[85.6892738,20.0799537],[85.6891918,20.0797238],[85.689139,20.0795851],[85.6890742,20.0794149],[85.6890066,20.0792373],[85.6889188,20.0790629],[85.6888698,20.0789673],[85.6888323,20.0788834],[85.6888208,20.0788577],[85.6888076,20.0788179],[85.6887965,20.0787553],[85.6887756,20.0785817],[85.6887598,20.0784918],[85.688733,20.0783548],[85.6887078,20.0782385],[85.6886601,20.0780707],[85.6885194,20.0776278]]}},{"type":"Feature","properties":{"id":874521392,"highway":"residential"},"geometry":{"type":"LineString","coordinates":[[85.6871301,20.0792845],[85.6872949,20.0793062],[85.6873942,20.0793286],[85.6875014,20.0793624],[85.6875778,20.0793845],[85.68766,20.07939],[85.6877129,20.0793845],[85.6877923,20.0793624],[85.687945,20.0792962],[85.6880068,20.0792796],[85.6880538,20.0792769],[85.6881734,20.0792847]]}},{"type":"Feature","properties":{"id":874521393,"highway":"residential"},"geometry":{"type":"LineString","coordinates":[[85.6881786,20.079682],[85.6881699,20.0794925],[85.6881656,20.0793993],[85.6881656,20.0793481],[85.6881734,20.0792847],[85.6882019,20.0791873],[85.6882253,20.0791288],[85.6882486,20.0790703],[85.6882746,20.0790337],[85.6883057,20.0790142],[85.6883628,20.0789996],[85.6888323,20.0788834]]}},{"type":"Feature","properties":{"id":874521394,"highway":"residential"},"geometry":{"type":"LineString","coordinates":[[85.688565,20.079385],[85.6881699,20.0794925]]}},{"type":"Feature","properties":{"id":874521395,"highway":"residential"},"geometry":{"type":"LineString","coordinates":[[85.689139,20.0795851],[85.6894289,20.0795376],[85.6895014,20.079524],[85.6895497,20.0794922],[85.6895835,20.0794469],[85.6896028,20.0793879],[85.6896162,20.0793156],[85.6896162,20.0792413],[85.6896011,20.0791351],[85.6895822,20.0790431],[85.6895559,20.0789685],[85.6894948,20.0788494],[85.6894299,20.0787381],[85.6893675,20.078622],[85.689298,20.0784681],[85.6892628,20.0783788],[85.6891645,20.0781296]]}},{"type":"Feature","properties":{"id":874521396,"highway":"residential"},"geometry":{"type":"LineString","coordinates":[[85.6887598,20.0784918],[85.6892628,20.0783788]]}},{"type":"Feature","properties":{"id":874521397,"highway":"residential"},"geometry":{"type":"LineString","coordinates":[[85.6862397,20.0824849],[85.6863207,20.0822472],[85.6863715,20.0821221],[85.6864407,20.0819842],[85.6864708,20.0818957],[85.6864934,20.0818143],[85.6864972,20.0817506],[85.6864934,20.081648],[85.6864628,20.0813363],[85.6864068,20.0809793],[85.6864068,20.0809191],[85.6864106,20.080859],[85.6864294,20.0807953],[85.6864676,20.0807115],[85.6865376,20.0805901],[85.6866328,20.080445],[85.6867123,20.0803314],[85.68684,20.0801549],[85.6868727,20.0801042],[85.6868965,20.0800629],[85.6869206,20.0799967],[85.6869429,20.0799001],[85.6869719,20.0798152],[85.6869976,20.0797614],[85.6870322,20.0797126],[85.6870728,20.0796652],[85.6870893,20.0796157],[85.6870962,20.0795605],[85.6870962,20.0794225],[85.6871075,20.0793552],[85.6871301,20.0792845],[85.6872205,20.0790332],[85.6872733,20.0789059],[85.6873524,20.0787785],[85.6874013,20.0787183],[85.6874686,20.0786311],[85.6875068,20.0785511],[85.6875215,20.0784683],[85.6875156,20.0784159],[85.687501,20.0783607],[85.6873485,20.0779398]]}},{"type":"Feature","properties":{"id":874521398,"highway":"residential"},"geometry":{"type":"LineString","coordinates":[[85.6851362,20.0844509],[85.6851886,20.0850856],[85.6852019,20.08517],[85.6852318,20.0852638],[85.6852717,20.0853419],[85.6853383,20.0854325],[85.6853915,20.0855262],[85.685468,20.0856981],[85.6855013,20.08577],[85.6855379,20.0858168],[85.6855911,20.0858606],[85.6856477,20.0858856],[85.6857268,20.0859031]]}},{"type":"Feature","properties":{"id":874521399,"highway":"residential"},"geometry":{"type":"LineString","coordinates":[[85.6827274,20.0851915],[85.6829928,20.0853352],[85.6831096,20.0853949],[85.6832264,20.0854546],[85.6833353,20.0854984],[85.6834314,20.0855326],[85.6835771,20.0855734]]}},{"type":"Feature","properties":{"id":874650193,"highway":"residential"},"geometry":{"type":"LineString","coordinates":[[85.6656736,20.0882009],[85.6652874,20.0885788],[85.6651425,20.088745],[85.6650621,20.0888131],[85.6649172,20.0888836],[85.6646691,20.0889957],[85.6645739,20.0890095],[85.6645028,20.0890259],[85.6644331,20.0890612],[85.6643955,20.089104],[85.664358,20.0891896],[85.6643285,20.0892262],[85.6642976,20.0892451],[85.6641622,20.0892703],[85.6637317,20.0893622],[85.6632838,20.0894982],[85.6631161,20.0895562],[85.6629632,20.089594],[85.6628275,20.0896339]]}},{"type":"Feature","properties":{"id":874650194,"highway":"residential"},"geometry":{"type":"LineString","coordinates":[[85.6634202,20.0902211],[85.6636892,20.0902065],[85.6637778,20.0902065],[85.6638172,20.0902065],[85.6638517,20.0902134],[85.6638812,20.0902273],[85.6639083,20.0902596],[85.6639502,20.0903406]]}},{"type":"Feature","properties":{"id":874650195,"highway":"residential"},"geometry":{"type":"LineString","coordinates":[[85.6624141,20.0917722],[85.662561,20.0916391],[85.6626608,20.0915508],[85.6627607,20.0914624],[85.6628417,20.0913734],[85.6630113,20.0911622],[85.6630712,20.0911071],[85.6631416,20.0910593],[85.6632124,20.0910321],[85.6632918,20.0910089],[85.663381,20.0909973],[85.6634877,20.0909978],[85.6635909,20.0909984],[85.6637071,20.0909904],[85.6638239,20.0909716],[85.6639209,20.0909443],[85.6640187,20.0908975]]}},{"type":"Feature","properties":{"id":875003331,"highway":"unclassified"},"geometry":{"type":"LineString","coordinates":[[85.687313,20.0778114],[85.6873425,20.0779091]]}},{"type":"Feature","properties":{"id":875003332,"highway":"unclassified"},"geometry":{"type":"LineString","coordinates":[[85.6873425,20.0779091],[85.6873485,20.0779398]]}},{"type":"Feature","properties":{"id":875003333,"highway":"unclassified"},"geometry":{"type":"LineString","coordinates":[[85.6848711,20.0766731],[85.6850633,20.0767288],[85.685129,20.0767603],[85.6851733,20.0768069],[85.685243,20.0769442],[85.6853262,20.077181],[85.6854831,20.0774896],[85.6857459,20.0780199],[85.6857902,20.0781169],[85.6858063,20.0781421],[85.6858364,20.0781566],[85.6858794,20.0781635],[85.6859136,20.0781572],[85.6872573,20.077797],[85.6872909,20.0777982],[85.687313,20.0778114]]}},{"type":"Feature","properties":{"id":1154878743,"highway":"unclassified"},"geometry":{"type":"LineString","coordinates":[[85.5999756,20.0980576],[85.6006244,20.0972747],[85.6013969,20.0967991],[85.601723,20.0966057],[85.6019249,20.0964819],[85.6021436,20.0963477],[85.6025384,20.0956303],[85.6031822,20.0946308],[85.6034139,20.0945663],[85.604607,20.0938167],[85.6049826,20.093555],[85.6062034,20.0927043],[85.6069415,20.0924222],[85.6077569,20.0916726],[85.608062,20.0912792],[85.6082633,20.0910196],[85.6087999,20.0907919]]}},{"type":"Feature","properties":{"id":1154878790,"highway":"unclassified"},"geometry":{"type":"LineString","coordinates":[[85.608062,20.0912792],[85.6088727,20.0921481],[85.6088212,20.0926237],[85.6083063,20.0931235],[85.6084951,20.0940102],[85.6087869,20.0949291],[85.6091302,20.0960092],[85.6093448,20.0968313],[85.6096967,20.0973069],[85.6099542,20.0973956],[85.6102804,20.0970893],[85.6106924,20.0968072],[85.6112331,20.0964041],[85.6116193,20.0961301],[85.6122802,20.0958238],[85.6129411,20.0956062],[85.6130355,20.0953402],[85.6131299,20.0948888],[85.6133789,20.0947114],[85.6134004,20.0942655]]}},{"type":"Feature","properties":{"id":1154878823,"highway":"unclassified"},"geometry":{"type":"LineString","coordinates":[[85.6019336,20.098249],[85.6020358,20.0982048],[85.6019592,20.0978836],[85.6019082,20.0975865],[85.6018827,20.0972222],[85.601723,20.0966057]]}},{"type":"Feature","properties":{"id":1154878826,"highway":"unclassified"},"geometry":{"type":"LineString","coordinates":[[85.6017997,20.0982434],[85.6016408,20.0980288],[85.6014712,20.0979],[85.6013377,20.0976661],[85.6009804,20.0978017],[85.6011128,20.0981886]]}},{"type":"Feature","properties":{"id":1154878833,"highway":"unclassified"},"geometry":{"type":"LineString","coordinates":[[85.6023735,20.0989291],[85.6029797,20.0986523],[85.6037989,20.0983236],[85.6039613,20.0986693],[85.6042139,20.0987167],[85.6040046,20.0991708],[85.6036762,20.0991946],[85.6035246,20.0991674],[85.6032395,20.0993301],[85.6027812,20.0994047],[85.6024486,20.0995286]]}},{"type":"Feature","properties":{"id":1154878914,"highway":"unclassified"},"geometry":{"type":"LineString","coordinates":[[85.6019249,20.0964819],[85.6022842,20.0970041],[85.6023239,20.0970685],[85.6018827,20.0972222]]}},{"type":"Feature","properties":{"id":1154878984,"highway":"unclassified"},"geometry":{"type":"LineString","coordinates":[[85.6049826,20.093555],[85.6051243,20.0937506],[85.6052181,20.0940523],[85.6051604,20.0942285],[85.6056584,20.0944793],[85.6060048,20.0946454],[85.6062755,20.094886],[85.60616,20.0952113],[85.6061095,20.0955502],[85.6058244,20.095818],[85.6055393,20.0960247],[85.6049908,20.0964619],[85.6044675,20.0968245],[85.6041824,20.0969872],[85.6038216,20.0970448],[85.6034463,20.0970787],[85.6031503,20.0971837],[85.6028544,20.0972414],[85.6025549,20.0972414],[85.6023239,20.0970685]]}},{"type":"Feature","properties":{"id":1154879014,"highway":"unclassified"},"geometry":{"type":"LineString","coordinates":[[85.6023768,20.0992306],[85.6018765,20.0993832],[85.6013099,20.0996577],[85.6008588,20.0998407],[85.6007397,20.0996543],[85.600765,20.099373],[85.6006892,20.0990816],[85.6006892,20.0990273]]}}]}