{"type":"FeatureCollection","features":[{"type":"Feature","properties":{"id":22828371,"highway":"primary"},"geometry":{"type":"LineString","coordinates":[[85.6593368,20.1974872],[85.6590651,20.1977986]]}},{"type":"Feature","properties":{"id":86143435,"highway":"trunk"},"geometry":{"type":"LineString","coordinates":[[85.6472396,20.1916684],[85.6470318,20.1914783],[85.6467771,20.191198],[85.6465847,20.1909404],[85.6464246,20.1906861],[85.6462636,20.1904069],[85.6460521,20.1899437],[85.6454376,20.1883261],[85.6450149,20.1871944],[85.6445765,20.1860305]]}},{"type":"Feature","properties":{"id":86143438,"highway":"trunk"},"geometry":{"type":"LineString","coordinates":[[85.6062105,20.158799],[85.6060531,20.1585823],[85.6058877,20.1583081],[85.6056238,20.1578606],[85.6041807,20.1549606],[85.6041418,20.1548815],[85.6037629,20.1541621],[85.6035843,20.15381],[85.6035111,20.1536695],[85.6034376,20.1535263],[85.6032811,20.1532214],[85.6031217,20.1529101],[85.6020166,20.1507271],[85.6006264,20.1479809],[85.6003267,20.1472935],[85.600082,20.1467172],[85.5990703,20.1442038],[85.598981,20.143982],[85.5987906,20.1435089]]}},{"type":"Feature","properties":{"id":218533005,"highway":"trunk"},"geometry":{"type":"LineString","coordinates":[[85.6378434,20.1884048],[85.6380593,20.1883548],[85.6383001,20.1882819],[85.6391236,20.1880014],[85.6394677,20.1878885],[85.6398839,20.1877348],[85.6400524,20.1876726],[85.6402384,20.1876077],[85.6408491,20.1873822],[85.6409168,20.1873621],[85.6415387,20.187089],[85.6418017,20.1869944],[85.6419934,20.1869184],[85.6422838,20.1868057],[85.6428306,20.1865952],[85.6430701,20.1865007],[85.6437615,20.18623]]}},{"type":"Feature","properties":{"id":218533016,"highway":"secondary"},"geometry":{"type":"LineString","coordinates":[[85.6607942,20.1985735],[85.6600505,20.198025],[85.6595767,20.1976551],[85.6594125,20.1975402],[85.6593368,20.1974872],[85.6589644,20.1972133],[85.6585516,20.1969154],[85.6579546,20.1964777],[85.6575966,20.1962561],[85.657165,20.1960083],[85.656696,20.19578],[85.656149,20.195559],[85.6560733,20.1955294],[85.6555199,20.1953364],[85.6553149,20.1952663],[85.6541616,20.1948718],[85.653141,20.194531],[85.652631,20.1943626],[85.6521515,20.1941809],[85.6519935,20.1941188],[85.6515136,20.1939187],[85.6509068,20.1936375],[85.6502848,20.1932873],[85.6497644,20.1929966],[85.6490002,20.1926058],[85.6484061,20.1922841],[85.6478577,20.191972],[85.647697,20.1918553],[85.6474584,20.191654]]}},{"type":"Feature","properties":{"id":218533019,"highway":"secondary"},"geometry":{"type":"LineString","coordinates":[[85.6293814,20.1731457],[85.6303609,20.1734072],[85.6316477,20.1737112],[85.6324104,20.1739018],[85.6327765,20.1739926],[85.6333223,20.1741176],[85.6336314,20.1741993],[85.6343462,20.1744464],[85.6349222,20.1746688],[85.6354341,20.1748946],[85.6362994,20.175326],[85.6369282,20.1756225],[85.6371493,20.1757237],[85.6373404,20.1758169],[85.6374392,20.1758631],[85.6385584,20.1763868],[85.6387139,20.1764657],[85.6391287,20.1766943],[85.6394211,20.1768728],[85.6398592,20.1771483]]}},{"type":"Feature","properties":{"id":218557130,"highway":"trunk"},"geometry":{"type":"LineString","coordinates":[[85.5986607,20.1435247],[85.5989171,20.1441591],[85.5999423,20.1467522],[85.6001918,20.147363],[85.6003781,20.1477829],[85.6005105,20.1480661],[85.6009285,20.148914],[85.6010167,20.1490734],[85.6026823,20.1522995],[85.6030185,20.1529572],[85.6031645,20.1532443],[85.603344,20.1535713],[85.6034152,20.1537038],[85.6034951,20.1538522],[85.6039923,20.154787],[85.6044949,20.1558108],[85.6049248,20.1567454],[85.6055064,20.1579223],[85.6057579,20.1583626],[85.6059022,20.1585919],[85.6060256,20.1587549],[85.6060851,20.1588335]]}},{"type":"Feature","properties":{"id":237807543,"highway":"trunk"},"geometry":{"type":"LineString","coordinates":[[85.6445765,20.1860305],[85.6444975,20.1858206]]}},{"type":"Feature","properties":{"id":237807544,"highway":"trunk"},"geometry":{"type":"LineString","coordinates":[[85.6444975,20.1858206],[85.6436993,20.1836399],[85.6435298,20.1832366],[85.643328,20.1828272],[85.6432165,20.1826018],[85.6426219,20.181439],[85.6424083,20.1810196],[85.6419904,20.1801061],[85.6415102,20.1790566],[85.6413759,20.1787655],[85.6412972,20.1786082],[85.6411979,20.1784141],[85.6410113,20.1780697],[85.6408332,20.1778279],[85.6407423,20.1777017],[85.6403908,20.1773042],[85.6401589,20.1770955],[85.6398939,20.1768691],[85.639584,20.176661],[85.6392123,20.1764393],[85.638789,20.176215],[85.6376425,20.1756716]]}},{"type":"Feature","properties":{"id":237807545,"highway":"trunk"},"geometry":{"type":"LineString","coordinates":[[85.6443984,20.1858493],[85.6444773,20.1860621]]}},{"type":"Feature","properties":{"id":237807546,"highway":"trunk"},"geometry":{"type":"LineString","coordinates":[[85.6444773,20.1860621],[85.6449007,20.1872039],[85.6453212,20.1883025],[85.6457454,20.1894071],[85.645987,20.1900235],[85.6461694,20.1904149],[85.6463553,20.1907313],[85.6464943,20.1909596],[85.646715,20.1912532],[85.6469357,20.1915173],[85.6471638,20.1917463]]}},{"type":"Feature","properties":{"id":258631460,"highway":"trunk"},"geometry":{"type":"LineString","coordinates":[[85.6375684,20.1757867],[85.6376379,20.1758169],[85.6387185,20.1763332],[85.6391998,20.1765837],[85.6395204,20.17678],[85.6397974,20.1769534],[85.6399488,20.1770648],[85.6400554,20.1771598],[85.6403012,20.1773901],[85.640663,20.1778239],[85.6408885,20.1781308],[85.64111,20.1785468],[85.6413873,20.1791421],[85.641779,20.1799926],[85.6418665,20.1801732],[85.6421185,20.1807275],[85.6425041,20.181489],[85.6431907,20.1828125],[85.6433531,20.1831519],[85.643589,20.1836663],[85.6443984,20.1858493]]}},{"type":"Feature","properties":{"id":377572016,"highway":"primary"},"geometry":{"type":"LineString","coordinates":[[85.6168894,20.1680747],[85.6167333,20.1681846],[85.6166375,20.16833],[85.6165371,20.1684824],[85.6164187,20.1686266],[85.6159756,20.1692872],[85.6158797,20.1694192],[85.6154348,20.1700318],[85.6147602,20.1711021],[85.6146102,20.1712744],[85.6144313,20.1715136],[85.6143344,20.1717186],[85.6142976,20.1719084],[85.6143014,20.1722212],[85.6143,20.1723456],[85.6142986,20.1724686],[85.6142487,20.1736421],[85.6142452,20.1737232]]}},{"type":"Feature","properties":{"id":377572018,"highway":"secondary"},"geometry":{"type":"LineString","coordinates":[[85.6234734,20.1717014],[85.6235486,20.1724025],[85.623558,20.17246],[85.6236378,20.172948],[85.6236737,20.1733496],[85.6237027,20.1735207],[85.6237665,20.1738972],[85.6237985,20.1741649],[85.6238323,20.1744476],[85.6238802,20.1748614],[85.6238921,20.1749643],[85.6239191,20.1752171],[85.6239525,20.1755179],[85.6239849,20.1758096],[85.6240815,20.1762155],[85.6241105,20.1763375],[85.6241764,20.1767812],[85.6242098,20.1771366],[85.6242529,20.1775946],[85.6242701,20.177893],[85.6242751,20.1779803],[85.6242886,20.1782105],[85.6242841,20.1788592],[85.6242855,20.1791444],[85.6242869,20.1794428],[85.6242871,20.1794883],[85.6242422,20.1801229],[85.6242063,20.1806564],[85.6241976,20.1807766],[85.6241893,20.1808902],[85.6241704,20.1811506],[85.6241315,20.181614],[85.6241301,20.181726],[85.6241285,20.1818527],[85.6240836,20.1821672],[85.6240687,20.1825659],[85.6240447,20.1826333],[85.6239609,20.1828018],[85.6239131,20.1829534],[85.6239171,20.1830443],[85.6239191,20.183091],[85.6239826,20.1831794],[85.6240986,20.1833409],[85.624296,20.1836217],[85.6243505,20.1838672],[85.6243421,20.1839705],[85.6243216,20.18401],[85.6243082,20.184036],[85.6242998,20.1842703],[85.6243167,20.1844133],[85.6243823,20.1845979],[85.624414,20.1847369],[85.6244373,20.1850328],[85.6244799,20.185255]]}},{"type":"Feature","properties":{"id":378081473,"highway":"unclassified"},"geometry":{"type":"LineString","coordinates":[[85.6173314,20.1869206],[85.6173582,20.1872014],[85.6173914,20.1875482],[85.6173987,20.1876075],[85.6174803,20.188271],[85.6175094,20.1882667],[85.6176707,20.1882432],[85.6180388,20.1881201],[85.6182326,20.1880279],[85.6182551,20.1880172],[85.6183646,20.1879652],[85.6187242,20.1877706],[85.6191515,20.1875879],[85.6191769,20.1875006],[85.6190838,20.1872028],[85.6189733,20.1868702]]}},{"type":"Feature","properties":{"id":378081474,"highway":"residential"},"geometry":{"type":"LineString","coordinates":[[85.6131201,20.196555],[85.613049,20.1958785],[85.6130757,20.1958525],[85.6131331,20.1958146],[85.614844,20.1954181],[85.6154703,20.1952872],[85.6163518,20.1952198],[85.6178978,20.1949256],[85.6188561,20.1948191],[85.6193342,20.1948469],[85.6194554,20.1948485],[85.6201127,20.1948985],[85.6206994,20.1948902],[85.6212382,20.1948826],[85.6215057,20.1948674],[85.6217774,20.1948519],[85.6219888,20.1948399]]}},{"type":"Feature","properties":{"id":378081475,"highway":"secondary"},"geometry":{"type":"LineString","coordinates":[[85.6222108,20.1863808],[85.6214789,20.1851188],[85.6213236,20.184872]]}},{"type":"Feature","properties":{"id":378081477,"highway":"unclassified"},"geometry":{"type":"LineString","coordinates":[[85.6321226,20.1740076],[85.6320989,20.1740204],[85.6319331,20.1740834],[85.631491,20.1741883],[85.631158,20.174245],[85.6309516,20.1742813],[85.6308489,20.1743009],[85.6303432,20.1744875],[85.6301686,20.1745263],[85.6299679,20.1745771],[85.629742,20.1746573],[85.6293709,20.1748914],[85.628754,20.1752582],[85.6280785,20.1756661],[85.627784,20.1757856],[85.6275729,20.175837],[85.6272084,20.1758808],[85.6268352,20.1759376],[85.6263196,20.1760095],[85.6261262,20.1760041],[85.6259652,20.1759757]]}},{"type":"Feature","properties":{"id":378081478,"highway":"secondary"},"geometry":{"type":"LineString","coordinates":[[85.6246029,20.1859767],[85.6245229,20.1856563],[85.6244799,20.185255]]}},{"type":"Feature","properties":{"id":378081480,"highway":"primary"},"geometry":{"type":"LineString","coordinates":[[85.6118401,20.187199],[85.6117167,20.1863528],[85.6116563,20.1860518],[85.6116,20.1857716],[85.6114714,20.1852549],[85.6113397,20.1848365],[85.6111752,20.1844322],[85.6110077,20.1839267],[85.6109463,20.1837715],[85.610896,20.1836445],[85.6107951,20.1833897],[85.6106486,20.1830197],[85.6104751,20.1826715],[85.6104213,20.1825452],[85.6104033,20.1824048],[85.6104063,20.1822447],[85.6104392,20.1820397],[85.6104871,20.1818235],[85.6105828,20.1814669],[85.6106546,20.1811804],[85.6107803,20.180602],[85.6109089,20.1801667],[85.6110406,20.1796332],[85.6110944,20.1794422],[85.6112201,20.178948],[85.6113996,20.1782544],[85.6115043,20.1778894],[85.6116903,20.1775122],[85.6117107,20.1774709],[85.6118065,20.1772883],[85.6119082,20.1770947],[85.6121565,20.1766847],[85.6126488,20.1759502],[85.6128246,20.1757223],[85.6128988,20.1756262],[85.6131125,20.1753492]]}},{"type":"Feature","properties":{"id":378081481,"highway":"tertiary"},"geometry":{"type":"LineString","coordinates":[[85.6202586,20.1833927],[85.6197996,20.1834564],[85.6188598,20.1835172],[85.6182797,20.1835547],[85.6181601,20.1835406],[85.6180374,20.1834901],[85.6179686,20.1833694],[85.6179357,20.1833413],[85.6178699,20.1833357],[85.617478,20.1833244],[85.6173882,20.1832963],[85.6173373,20.1832318],[85.6173074,20.1830717],[85.6172865,20.1830015],[85.6172237,20.182979],[85.6168736,20.1829847],[85.616471,20.182978],[85.6161915,20.1829734],[85.6161257,20.1829453],[85.615794,20.1827438],[85.6157278,20.1827151],[85.6155991,20.1826814],[85.6155004,20.1826533],[85.6153837,20.1826308],[85.6152042,20.1826168],[85.6150128,20.1826112],[85.6146388,20.1826617],[85.6143553,20.1827081],[85.6143127,20.1827151],[85.6140132,20.1827821],[85.6136693,20.182859],[85.6136096,20.1828723],[85.6131939,20.1829768]]}},{"type":"Feature","properties":{"id":561528759,"highway":"tertiary"},"geometry":{"type":"LineString","coordinates":[[85.6738747,20.1196757],[85.6740347,20.119455],[85.674255,20.1192133],[85.6743054,20.1191637],[85.6744285,20.1190426],[85.674455,20.1189949],[85.674471,20.1189285],[85.6744729,20.1185315],[85.6744329,20.1183905],[85.6741654,20.1178288],[85.6740701,20.1175688],[85.6740153,20.1172704],[85.6739896,20.1170813],[85.6738826,20.1163602],[85.6738216,20.1158626],[85.6737773,20.1154682],[85.6737573,20.1149533],[85.6737157,20.1146282],[85.6736068,20.1141607],[85.6735472,20.1139125],[85.6734405,20.1134109],[85.6733851,20.1130352],[85.6733047,20.112701],[85.6731929,20.1123429],[85.6731721,20.1121984],[85.6731751,20.1120072],[85.6732271,20.1116281],[85.6732311,20.1115169],[85.6731961,20.1114201],[85.6730419,20.1111768],[85.6729415,20.111047],[85.6728939,20.1109615],[85.6728516,20.1108608],[85.672501,20.1100696],[85.6724403,20.1099738],[85.6722534,20.1097467],[85.6721908,20.1096536],[85.6721612,20.1095937],[85.672195,20.1092796],[85.672254,20.1090103],[85.6722912,20.1088079],[85.6722976,20.1086188],[85.6722576,20.1082324],[85.6720727,20.1074657],[85.6719911,20.1070718],[85.6719522,20.1067179],[85.6719127,20.1065825],[85.6718547,20.1064423],[85.671581,20.1060531],[85.6715185,20.1059502],[85.671334,20.1056462],[85.6712433,20.1054967],[85.6711796,20.1053917],[85.6708664,20.1049139],[85.6704123,20.1041918],[85.6697146,20.1030826],[85.6695319,20.1028054],[85.6687149,20.1015558],[85.6683153,20.1009949],[85.6680554,20.100642],[85.6678139,20.1002692],[85.6675371,20.0998349],[85.6669462,20.0990151]]}},{"type":"Feature","properties":{"id":561528989,"highway":"residential"},"geometry":{"type":"LineString","coordinates":[[85.6721612,20.1095937],[85.6720947,20.1095849],[85.671182,20.1094654],[85.6705053,20.1094034],[85.6697001,20.1092537],[85.6695951,20.1092158],[85.6694793,20.1091441],[85.6690453,20.108721],[85.6687464,20.1083641],[85.6686156,20.1081813],[85.6685263,20.1080099],[85.6683064,20.1074765],[85.6682707,20.1074057],[85.6682504,20.1073814],[85.6682182,20.1073631],[85.6681821,20.1073524],[85.6681226,20.1073608],[85.6674898,20.1075852],[85.6672893,20.1077085],[85.666685,20.1078908],[85.6662446,20.1080055],[85.6656768,20.1081599],[85.665538,20.1082011],[85.665547,20.1080678],[85.6656152,20.1078347],[85.6657412,20.1074295],[85.6658155,20.1071874],[85.665827,20.1071147],[85.665931,20.1064542],[85.6656253,20.1064478],[85.6655447,20.1064692],[85.6653219,20.1065716],[85.6652643,20.1066064],[85.6651936,20.1066196],[85.6648743,20.1066468],[85.6647526,20.1066727],[85.6645015,20.1067626],[85.664262,20.1068875],[85.6640586,20.1069979],[85.6637692,20.1071696]]}},{"type":"Feature","properties":{"id":561533040,"highway":"residential"},"geometry":{"type":"LineString","coordinates":[[85.665931,20.1064542],[85.6663066,20.1065057],[85.6667779,20.1065511],[85.6665033,20.1061369],[85.6660529,20.1056535],[85.6658184,20.1053773],[85.6657706,20.1053222],[85.6655824,20.1051053],[85.6652874,20.1047527],[85.6650728,20.1043899],[85.6647509,20.1038157],[85.664468,20.1032948]]}},{"type":"Feature","properties":{"id":561533619,"highway":"residential"},"geometry":{"type":"LineString","coordinates":[[85.6944899,20.1655723],[85.6944913,20.165272],[85.6944826,20.1651108],[85.694472,20.1649148],[85.6945178,20.1643507],[85.694536,20.164028],[85.6945298,20.1635979],[85.6945208,20.1635262],[85.6945054,20.1634759],[85.6943436,20.1632275],[85.6943039,20.1631164],[85.6942856,20.1630536],[85.6942873,20.1629937],[85.6944084,20.1625565],[85.6944217,20.1625086]]}},{"type":"Feature","properties":{"id":561540650,"highway":"unclassified"},"geometry":{"type":"LineString","coordinates":[[85.6128664,20.1163161],[85.6130464,20.1166824],[85.6131412,20.1168753],[85.6131809,20.1169668],[85.6134349,20.1175376],[85.6137365,20.1181493],[85.6138252,20.1183157],[85.6139507,20.1185541],[85.6139928,20.1186342],[85.6141018,20.1188482],[85.6142155,20.1193684],[85.614312,20.1196215],[85.614473,20.1200131],[85.6145011,20.1200723],[85.6148994,20.1207108],[85.6153393,20.1214361],[85.6154016,20.1215588],[85.6158021,20.1221909]]}},{"type":"Feature","properties":{"id":561555632,"highway":"tertiary"},"geometry":{"type":"LineString","coordinates":[[85.5804421,20.1229837],[85.5805445,20.1229204],[85.5806232,20.1228879],[85.5808782,20.1228162],[85.5815756,20.1229069],[85.5823481,20.1228666],[85.5832279,20.1229069],[85.5841398,20.122927],[85.5851269,20.1230681],[85.5856955,20.1231386],[85.5865967,20.1232393],[85.5871868,20.1233804],[85.5883241,20.1233602],[85.5888176,20.1232998],[85.5895364,20.1230479],[85.5899656,20.1228263],[85.5903089,20.1225745],[85.5906629,20.1223428],[85.5911887,20.1221514],[85.5919719,20.1219096],[85.5926156,20.1215771],[85.5930877,20.1214059],[85.5938172,20.121144],[85.594461,20.1209223],[85.5952549,20.1205697],[85.5957055,20.1204287],[85.5962956,20.1201668],[85.5968213,20.1199754],[85.5976045,20.1196026],[85.5984628,20.1191694],[85.5990744,20.1188773],[85.5999434,20.1183534],[85.6004262,20.1180411],[85.6006944,20.1179202],[85.6015527,20.1178296],[85.602293,20.1179001],[85.6031728,20.1179202],[85.6040813,20.1180167],[85.6044066,20.1180512],[85.6050577,20.1181052],[85.605717,20.1181555],[85.6059794,20.1181658],[85.6067815,20.1181973],[85.6078021,20.11823],[85.608281,20.1182666],[85.6089893,20.1183474],[85.6090414,20.1183534],[85.6094009,20.1183766],[85.6098403,20.118338],[85.6104274,20.1181809],[85.6108715,20.1180256],[85.6109647,20.1179693],[85.6111394,20.1178232],[85.6111864,20.1177678],[85.6116255,20.1172555],[85.6118417,20.117083],[85.6123406,20.1166977],[85.6124721,20.1165961],[85.6128664,20.1163161],[85.6126494,20.1158289],[85.6124803,20.1154495],[85.6123831,20.1152313],[85.6123556,20.1151696],[85.6123395,20.1149499],[85.6123328,20.1148421],[85.6123457,20.1147363],[85.6123615,20.1146433],[85.612432,20.1142275],[85.6125031,20.1138086],[85.6125191,20.1137143],[85.6126515,20.1130056],[85.612913,20.1116174],[85.6130897,20.1109291],[85.613233,20.1105029],[85.6135167,20.1096495],[85.6135694,20.1094969],[85.613741,20.1090448],[85.61398,20.1083776],[85.614054,20.1081539],[85.614481,20.10708],[85.61474,20.1063729],[85.6151368,20.1052601],[85.6156624,20.1038532],[85.6161581,20.1025527],[85.6162513,20.1023269],[85.6164777,20.1016966],[85.6168215,20.1007393],[85.6169869,20.1002821],[85.6173026,20.0994581],[85.617764,20.0982743],[85.6180718,20.0975428],[85.6183332,20.0969017],[85.6183632,20.0967608],[85.6183775,20.0966933],[85.6183734,20.0964718],[85.6183342,20.0959104],[85.618299,20.0955896],[85.6181738,20.0948451],[85.6180682,20.0942668],[85.6179599,20.0936363],[85.6178414,20.0928602],[85.6177089,20.0920608],[85.6174684,20.0909939],[85.61741,20.0905882],[85.6173882,20.0901756],[85.6174194,20.0898798],[85.6174657,20.0895743],[85.617573,20.089321],[85.6176026,20.0892351],[85.6177282,20.0890638],[85.6178124,20.0889529],[85.6178723,20.0888749],[85.6179734,20.0887432]]}},{"type":"Feature","properties":{"id":561695471,"highway":"unclassified"},"geometry":{"type":"LineString","coordinates":[[85.6242855,20.1791444],[85.6240617,20.1791468],[85.6238151,20.1791495],[85.6233752,20.17922],[85.6231713,20.1793006],[85.6228602,20.1793308],[85.622592,20.1793459],[85.6224525,20.1792049],[85.6220555,20.1789682],[85.6217873,20.1788726],[85.6215727,20.1790589],[85.6213957,20.1788927],[85.6214225,20.1785151],[85.6213206,20.1783741],[85.6210402,20.1783361],[85.6206355,20.1782501],[85.6204623,20.178213],[85.6201336,20.1780964]]}},{"type":"Feature","properties":{"id":561695534,"highway":"unclassified"},"geometry":{"type":"LineString","coordinates":[[85.6231713,20.1793006],[85.623166,20.1796077],[85.6231713,20.1798695],[85.6231981,20.1801112],[85.6232786,20.1805241]]}},{"type":"Feature","properties":{"id":561695539,"highway":"unclassified"},"geometry":{"type":"LineString","coordinates":[[85.622592,20.1793459],[85.6225952,20.1794553],[85.6226027,20.1797084],[85.6226027,20.1799853],[85.6226134,20.1802723],[85.6226242,20.1804637]]}},{"type":"Feature","properties":{"id":561695619,"highway":"unclassified"},"geometry":{"type":"LineString","coordinates":[[85.6215727,20.1790589],[85.6213927,20.1792163],[85.6213367,20.1792653],[85.6212991,20.1796429],[85.6212777,20.1799853],[85.6213582,20.1802975],[85.6216103,20.1805744],[85.6218249,20.1807406],[85.6219429,20.180937],[85.6220246,20.1811288],[85.6220609,20.1812139],[85.6220931,20.1812592]]}},{"type":"Feature","properties":{"id":561695632,"highway":"unclassified"},"geometry":{"type":"LineString","coordinates":[[85.6213367,20.1792653],[85.6215459,20.1794768],[85.6218463,20.1795372],[85.6220448,20.1794667],[85.6223023,20.1795473],[85.6225952,20.1794553]]}},{"type":"Feature","properties":{"id":561695689,"highway":"unclassified"},"geometry":{"type":"LineString","coordinates":[[85.6220246,20.1811288],[85.6217122,20.1812542],[85.6213796,20.1814103],[85.6210899,20.1815563],[85.6209451,20.181657],[85.6210206,20.1818987],[85.6210631,20.1820346],[85.621224,20.1823468],[85.621259,20.1823935],[85.6214279,20.1826187],[85.6217605,20.1830366],[85.6217658,20.1831322],[85.6213421,20.183238],[85.6211686,20.1832666],[85.6208539,20.1833185],[85.6205106,20.183384],[85.6203624,20.1833918],[85.6202586,20.1833927]]}},{"type":"Feature","properties":{"id":561695726,"highway":"residential"},"geometry":{"type":"LineString","coordinates":[[85.6203795,20.1777558],[85.6201336,20.1780964],[85.619905,20.1784152],[85.6197429,20.1786556],[85.6196338,20.1787956],[85.6195555,20.1788875],[85.6193841,20.1789878],[85.6193856,20.1789864],[85.6192487,20.17894],[85.6189308,20.1791914],[85.6186625,20.1794164],[85.6184721,20.1795901],[85.6182092,20.179862],[85.6179988,20.1800581]]}},{"type":"Feature","properties":{"id":563847963,"highway":"residential"},"geometry":{"type":"LineString","coordinates":[[85.6483476,20.1273271],[85.6482871,20.1276623],[85.6482357,20.1278353],[85.6481882,20.1279951],[85.6481665,20.1280431],[85.6481203,20.1280845],[85.6478953,20.1282271],[85.6478612,20.1282667],[85.6478038,20.1283999],[85.6477655,20.1284348],[85.6477111,20.1284646],[85.647212,20.1286212],[85.6471128,20.128652],[85.6468874,20.128722],[85.6464958,20.1288202],[85.6458735,20.1289914],[85.6457959,20.1290059],[85.6457491,20.129003],[85.6456293,20.1289788]]}},{"type":"Feature","properties":{"id":563848005,"highway":"residential"},"geometry":{"type":"LineString","coordinates":[[85.6441561,20.1273117],[85.6442923,20.1272985],[85.6443145,20.1272809],[85.6443208,20.127256],[85.6443069,20.1272012],[85.6451074,20.1270518],[85.6452577,20.1270195],[85.6454134,20.1269763],[85.6456602,20.1268723],[85.6457631,20.1268441],[85.6460264,20.1267928],[85.6465654,20.1267226],[85.6466098,20.1266997],[85.6466319,20.1266717],[85.64678,20.1263994],[85.6468255,20.1263686],[85.6468789,20.1263499],[85.6469437,20.1263525],[85.6471855,20.1264433]]}},{"type":"Feature","properties":{"id":563848046,"highway":"residential"},"geometry":{"type":"LineString","coordinates":[[85.6444707,20.1250425],[85.6447153,20.1252396],[85.6450119,20.1255042]]}},{"type":"Feature","properties":{"id":563849628,"highway":"unclassified"},"geometry":{"type":"LineString","coordinates":[[85.6553914,20.1257502],[85.6553149,20.1257074],[85.6552591,20.1256818],[85.6551962,20.1256693],[85.6549679,20.1256699],[85.6541562,20.1256973],[85.6539739,20.1256989],[85.6529707,20.1257074],[85.6522505,20.12572],[85.6521561,20.125734],[85.6513225,20.1259736],[85.6509137,20.1260448],[85.6507622,20.1260451],[85.6506532,20.1260399],[85.6503113,20.1260198],[85.6502406,20.1260228],[85.6501815,20.1260342],[85.6496601,20.1264609],[85.6493766,20.12671],[85.6492424,20.126881],[85.6490842,20.1270319],[85.648942,20.1271228],[85.6486887,20.1272695],[85.648611,20.1272977],[85.6484777,20.1273208],[85.6483476,20.1273271],[85.6479821,20.1273488],[85.6476653,20.127391],[85.6474698,20.1274575],[85.647371,20.1275021],[85.6468148,20.1278134],[85.6467284,20.1278397],[85.6466138,20.1278632],[85.646289,20.1279058]]}},{"type":"Feature","properties":{"id":563857715,"highway":"residential"},"geometry":{"type":"LineString","coordinates":[[85.6144166,20.1816217],[85.6142778,20.1805575],[85.6140151,20.1804835],[85.6138587,20.1801288],[85.6137595,20.1800709],[85.613443,20.1798167],[85.6132248,20.1796611],[85.6130299,20.1795221],[85.612767,20.179371],[85.6124693,20.1793509],[85.612362,20.17922],[85.612134,20.1789405],[85.6117237,20.1784244],[85.6113996,20.1782544],[85.6113337,20.1782171],[85.6109619,20.1780065],[85.6106186,20.1776188],[85.6103182,20.177216],[85.61005,20.1771807],[85.6094813,20.1769844],[85.609476,20.1767628],[85.6092269,20.1767734],[85.6091219,20.1767779],[85.608328,20.1768736],[85.6082166,20.1768784],[85.6075459,20.1769074],[85.6075126,20.1769088],[85.6071854,20.1770347],[85.6071457,20.1770336],[85.6066167,20.1770196],[85.6060106,20.1771656]]}},{"type":"Feature","properties":{"id":563857860,"highway":"residential"},"geometry":{"type":"LineString","coordinates":[[85.6126488,20.1759502],[85.6126141,20.1767729],[85.6128287,20.1772865],[85.6129414,20.1776196],[85.612995,20.1780267],[85.6131723,20.1788086],[85.6131617,20.1789066],[85.612767,20.179371],[85.612615,20.1795922],[85.6125283,20.1797185],[85.6128304,20.1799456],[85.6129575,20.1800407],[85.6130996,20.1801397],[85.6135583,20.1804989],[85.6138587,20.1801288],[85.6141806,20.1800407],[85.6146464,20.1799883],[85.6151193,20.1799853],[85.6151891,20.180076],[85.6159508,20.1800357],[85.6164765,20.1800307],[85.6177961,20.1799396]]}},{"type":"Feature","properties":{"id":563857884,"highway":"residential"},"geometry":{"type":"LineString","coordinates":[[85.6131723,20.1788086],[85.6136388,20.1787215],[85.6139767,20.1787114],[85.6147063,20.1786712],[85.6150013,20.1786712],[85.6150104,20.1789068],[85.615012,20.1789481],[85.6150603,20.1794164],[85.6150871,20.1796379],[85.6151193,20.1798595],[85.6151193,20.1799853]]}},{"type":"Feature","properties":{"id":563857950,"highway":"residential"},"geometry":{"type":"LineString","coordinates":[[85.6129575,20.1800407],[85.6132248,20.1796611]]}},{"type":"Feature","properties":{"id":563857986,"highway":"residential"},"geometry":{"type":"LineString","coordinates":[[85.613443,20.1798167],[85.6141162,20.1797436],[85.6143844,20.1797185],[85.6150871,20.1796379]]}},{"type":"Feature","properties":{"id":563993456,"highway":"unclassified"},"geometry":{"type":"LineString","coordinates":[[85.6462129,20.1636166],[85.6461362,20.1637507],[85.6458911,20.1642624],[85.6457881,20.1644431],[85.645756,20.1644994],[85.6456261,20.1647174],[85.6455563,20.1648036],[85.6454934,20.1648629],[85.6451962,20.1650886],[85.6434806,20.166202],[85.6421619,20.1670596],[85.6410039,20.1677913],[85.6406388,20.168029],[85.6390268,20.169094],[85.6377477,20.1698682],[85.6375163,20.1700241],[85.6370105,20.170361],[85.6361008,20.1709625],[85.6350949,20.1716193],[85.6347804,20.1718241],[85.6347117,20.171901]]}},{"type":"Feature","properties":{"id":563993553,"highway":"unclassified"},"geometry":{"type":"LineString","coordinates":[[85.6477872,20.1694758],[85.6482017,20.1695824],[85.6489221,20.1697525],[85.6490483,20.1697833],[85.6504788,20.1700067],[85.6523859,20.1703378],[85.6524259,20.1721917],[85.6524446,20.1722811]]}},{"type":"Feature","properties":{"id":563993557,"highway":"unclassified"},"geometry":{"type":"LineString","coordinates":[[85.63905,20.1728252],[85.6399698,20.1732611],[85.6409583,20.1736998],[85.6422686,20.1743056],[85.64273,20.1745437],[85.6428483,20.1745992],[85.6432757,20.1748253],[85.6433106,20.1748433],[85.6437908,20.1750911],[85.6441033,20.1752523],[85.6444964,20.1754475],[85.6454928,20.175946],[85.6473983,20.1768548],[85.6475198,20.1769089],[85.6479981,20.1771603],[85.6489685,20.1776298],[85.6491384,20.1777056],[85.6496695,20.1779575],[85.6497938,20.1780085],[85.6500167,20.1781132],[85.6504222,20.1783066],[85.6505366,20.1783531],[85.6506036,20.1783512]]}},{"type":"Feature","properties":{"id":563993559,"highway":"unclassified"},"geometry":{"type":"LineString","coordinates":[[85.6390268,20.169094],[85.6390458,20.1691404],[85.6394986,20.1693526],[85.6400746,20.1696548],[85.6406164,20.1699249],[85.6398893,20.1712711],[85.6390856,20.1727593],[85.63905,20.1728252],[85.6382855,20.1743414],[85.637835,20.1751374],[85.637758,20.1753154],[85.6376177,20.1755192],[85.6375359,20.1756879],[85.6374984,20.1757559],[85.6374392,20.1758631]]}},{"type":"Feature","properties":{"id":563993590,"highway":"unclassified"},"geometry":{"type":"LineString","coordinates":[[85.6406164,20.1699249],[85.6414907,20.1703154],[85.6428033,20.170896],[85.644275,20.1715699],[85.6453553,20.1720646],[85.6470469,20.1728911],[85.6464902,20.1739249],[85.6464722,20.1739627],[85.6464491,20.1740124],[85.6463608,20.1742025],[85.6455318,20.1758709],[85.6454928,20.175946]]}},{"type":"Feature","properties":{"id":563993637,"highway":"unclassified"},"geometry":{"type":"LineString","coordinates":[[85.6442377,20.1680685],[85.6437987,20.1689551],[85.6428033,20.170896]]}},{"type":"Feature","properties":{"id":563998240,"highway":"residential"},"geometry":{"type":"LineString","coordinates":[[85.6664396,20.175767],[85.6665453,20.1760428],[85.6666351,20.1762907]]}},{"type":"Feature","properties":{"id":563998661,"highway":"residential"},"geometry":{"type":"LineString","coordinates":[[85.6668575,20.1754803],[85.6667295,20.175065],[85.6666225,20.1746708],[85.6665832,20.1744861],[85.6665613,20.1744029],[85.6665311,20.174328],[85.6665185,20.1742969],[85.6663201,20.1738638],[85.6662932,20.1737781],[85.6662758,20.1737032],[85.6662462,20.1734206],[85.6662346,20.1732656],[85.6662356,20.1731899],[85.66632,20.1726364],[85.6663187,20.1725609],[85.6662401,20.172346],[85.6661394,20.1720634],[85.666111,20.1719649],[85.666086,20.171697],[85.666174,20.1714061],[85.6661934,20.1710633],[85.6661881,20.1710338],[85.6661611,20.1710027],[85.6661298,20.1709902],[85.6659861,20.1709609],[85.6656656,20.1709389],[85.6655366,20.1709529],[85.6652712,20.1710301],[85.6650003,20.1704891],[85.6649234,20.1702691],[85.6648927,20.1700994],[85.6648628,20.169934],[85.6648685,20.1698708],[85.6648934,20.1698103],[85.665191,20.1693554],[85.6653591,20.1690986],[85.6654824,20.1689494],[85.6656288,20.1688281],[85.665716,20.1687706],[85.666377,20.1685099],[85.666934,20.168266],[85.6670954,20.1681764],[85.66719,20.1681099],[85.6673199,20.1679705],[85.6677143,20.1676391],[85.667733,20.1676234],[85.6681168,20.1673182],[85.6682471,20.167225],[85.6685099,20.1671]]}},{"type":"Feature","properties":{"id":563998664,"highway":"residential"},"geometry":{"type":"LineString","coordinates":[[85.666086,20.171697],[85.6659296,20.1716929],[85.6653642,20.1716761],[85.6653348,20.1716608],[85.6653174,20.1716376],[85.6653069,20.1716065],[85.665301,20.1715677],[85.6653451,20.1712743],[85.6653464,20.1712309],[85.6653396,20.171185],[85.6652712,20.1710301],[85.6649357,20.1710773],[85.6646541,20.1711532],[85.664615,20.1711529],[85.6645738,20.1711392],[85.6643793,20.1710507],[85.6643258,20.1710305],[85.664283,20.1710316],[85.663902,20.1710942],[85.6637304,20.1711339],[85.6636209,20.1711696],[85.6634867,20.1712283]]}},{"type":"Feature","properties":{"id":563998746,"highway":"residential"},"geometry":{"type":"LineString","coordinates":[[85.6662401,20.172346],[85.66581,20.1723297],[85.6657431,20.1723387],[85.6655129,20.1724235],[85.6654646,20.1724329],[85.6652012,20.1724267],[85.6650918,20.1724241],[85.6650329,20.1724329],[85.664873,20.1724892],[85.6648461,20.1725143],[85.6648327,20.1725546],[85.6647903,20.1727177],[85.6647764,20.1727536],[85.6647388,20.1728241],[85.6646867,20.172874],[85.6642833,20.1730334],[85.6642064,20.1730367],[85.6641172,20.1730278],[85.6640589,20.1730015],[85.6639436,20.1729234],[85.6638336,20.1728303],[85.6637236,20.1727321],[85.6637022,20.1727119]]}},{"type":"Feature","properties":{"id":563999310,"highway":"residential"},"geometry":{"type":"LineString","coordinates":[[85.6658474,20.1761497],[85.6655432,20.1757153]]}},{"type":"Feature","properties":{"id":563999555,"highway":"unclassified"},"geometry":{"type":"LineString","coordinates":[[85.6347626,20.1877787],[85.6348024,20.1874916],[85.6348639,20.187127],[85.6348876,20.1869868],[85.6349415,20.1867099],[85.6349782,20.1865061],[85.6349715,20.1862591],[85.6349497,20.1857623],[85.634948,20.185678],[85.6351089,20.1856497],[85.6352064,20.1856303],[85.6352998,20.1855919],[85.635436,20.1855078],[85.6356371,20.1853703],[85.6356108,20.1850917],[85.6356261,20.1849583],[85.6356557,20.1848492],[85.6357096,20.1847009],[85.635771,20.1845989],[85.6358352,20.1845551],[85.6359215,20.1845219],[85.6359889,20.1845068],[85.6360683,20.1844875],[85.636152,20.1844752],[85.6362611,20.1844466],[85.6363383,20.1844312],[85.6362032,20.1841177],[85.6360286,20.1837363],[85.6359943,20.1836614],[85.6359708,20.1836156],[85.6358881,20.1834222],[85.6357304,20.1830535],[85.635694,20.1829722],[85.6353486,20.182382],[85.6353245,20.182333],[85.6352252,20.1821227],[85.6351487,20.1819585],[85.6350286,20.1816219],[85.6348938,20.1812474],[85.6347448,20.1809139],[85.6346523,20.1807633],[85.6345475,20.1806272],[85.6343171,20.1798077],[85.6343827,20.1798013],[85.6356629,20.1795776],[85.6358409,20.1795308],[85.6359203,20.1794898],[85.6359595,20.1794496],[85.6359989,20.1793734],[85.63618,20.1787883],[85.6362847,20.1783841],[85.636884,20.1782847],[85.6371719,20.1782335],[85.6377241,20.1780641],[85.6379608,20.1779657],[85.6386398,20.1776911],[85.6390753,20.1775091],[85.6395412,20.1773246],[85.6398592,20.1771483]]}},{"type":"Feature","properties":{"id":563999611,"highway":"residential"},"geometry":{"type":"LineString","coordinates":[[85.6350438,20.1878341],[85.635222,20.1876714],[85.6354101,20.1875558],[85.6356588,20.1874198],[85.6358862,20.1872846],[85.6360656,20.1871429],[85.6361143,20.1870895],[85.6362396,20.1869814],[85.636305,20.1869017],[85.6363887,20.1867515],[85.6364893,20.1865661],[85.6365675,20.1864407],[85.6366097,20.1863556],[85.636658,20.1862341],[85.6368781,20.1860299],[85.6370564,20.1858808],[85.6370953,20.1858483],[85.6371373,20.1857639],[85.6371674,20.1855682],[85.6372396,20.1848945]]}},{"type":"Feature","properties":{"id":563999804,"highway":"residential"},"geometry":{"type":"LineString","coordinates":[[85.6360026,20.1880279],[85.6360939,20.1874947],[85.636116,20.1873195],[85.6360656,20.1871429]]}},{"type":"Feature","properties":{"id":563999935,"highway":"residential"},"geometry":{"type":"LineString","coordinates":[[85.6362847,20.1783841],[85.6362133,20.1781978],[85.6361687,20.1781223],[85.6361143,20.1780921],[85.6360432,20.1780921],[85.6359065,20.1781223],[85.6353029,20.1782381],[85.6347771,20.1783634],[85.6346928,20.1783844],[85.6343922,20.1784596],[85.6340185,20.1785736],[85.6331719,20.1786833],[85.6330881,20.178682],[85.6330178,20.1786632],[85.6329759,20.1786227],[85.6328595,20.1783187]]}},{"type":"Feature","properties":{"id":564000063,"highway":"residential"},"geometry":{"type":"LineString","coordinates":[[85.639354,20.1845248],[85.6397649,20.1844393],[85.6403224,20.1843471],[85.6408678,20.1842911]]}},{"type":"Feature","properties":{"id":564000176,"highway":"residential"},"geometry":{"type":"LineString","coordinates":[[85.6353497,20.1837296],[85.6351826,20.1837759],[85.6349983,20.1838194],[85.6348625,20.1838582],[85.6346987,20.1839121]]}},{"type":"Feature","properties":{"id":564000288,"highway":"residential"},"geometry":{"type":"LineString","coordinates":[[85.6342488,20.1825784],[85.6344045,20.1828729],[85.6344795,20.1830668],[85.6345626,20.1832758],[85.6346619,20.1836056],[85.6346925,20.1837512],[85.6346987,20.1839121],[85.6346981,20.1840171],[85.6346941,20.1841896],[85.6347129,20.1843721],[85.6347692,20.1845798],[85.6347692,20.1846403],[85.6347453,20.1846654],[85.6346803,20.1846839],[85.6346596,20.1847001],[85.63465,20.1847281],[85.6346615,20.1848747],[85.6346746,20.1850419],[85.6347186,20.1853362],[85.6347458,20.1854277],[85.6347928,20.1855136],[85.6348607,20.1856183],[85.634948,20.185678]]}},{"type":"Feature","properties":{"id":564002261,"highway":"unclassified"},"geometry":{"type":"LineString","coordinates":[[85.6429346,20.1343801],[85.642962,20.1345263],[85.643135,20.1354484],[85.6432477,20.1360301],[85.6434756,20.1371029],[85.6436781,20.1376936],[85.6439711,20.1382524],[85.6442845,20.1387935],[85.6444323,20.1391311],[85.6445477,20.1395012],[85.6446847,20.140475],[85.6446884,20.1405024],[85.6446946,20.1405488],[85.6447375,20.140871],[85.6447325,20.1409118]]}},{"type":"Feature","properties":{"id":564002633,"highway":"residential"},"geometry":{"type":"LineString","coordinates":[[85.6762024,20.1780723],[85.676305,20.1781681],[85.6763864,20.1782205],[85.6764477,20.1782533],[85.6765172,20.1782793],[85.6765986,20.1782948],[85.6766716,20.1782928],[85.6769451,20.1782755]]}},{"type":"Feature","properties":{"id":564002849,"highway":"residential"},"geometry":{"type":"LineString","coordinates":[[85.6870247,20.1674023],[85.6870471,20.1674843]]}},{"type":"Feature","properties":{"id":564003128,"highway":"residential"},"geometry":{"type":"LineString","coordinates":[[85.6823697,20.1825053],[85.6825149,20.1824925],[85.6827666,20.1824909],[85.6832883,20.182528],[85.6837678,20.1825734],[85.6842748,20.1826263],[85.6846234,20.1826715],[85.6846752,20.1826778],[85.6848689,20.1827012]]}},{"type":"Feature","properties":{"id":564003310,"highway":"residential"},"geometry":{"type":"LineString","coordinates":[[85.68653,20.1791577],[85.6865321,20.1792797],[85.686517,20.1793897],[85.6864343,20.1796401],[85.6863947,20.1797409]]}},{"type":"Feature","properties":{"id":564003468,"highway":"residential"},"geometry":{"type":"LineString","coordinates":[[85.6864343,20.1796401],[85.6866056,20.1796492],[85.6869417,20.1796572],[85.6871921,20.1796487],[85.6873847,20.1796489],[85.6876028,20.1796497],[85.6878593,20.1796595]]}},{"type":"Feature","properties":{"id":564004174,"highway":"residential"},"geometry":{"type":"LineString","coordinates":[[85.6933447,20.1541867],[85.693277,20.1543034],[85.6930658,20.1544772],[85.6930423,20.1545099],[85.6930277,20.1545476],[85.6930174,20.1546038],[85.692996,20.1548547],[85.6929572,20.1551232],[85.6929551,20.1551814],[85.6930018,20.1555987],[85.6930286,20.1557486],[85.6930955,20.1560815],[85.6931,20.1561673],[85.6930911,20.1562379],[85.6930308,20.1565577],[85.6930148,20.156603],[85.6929798,20.1566698],[85.6927241,20.156994],[85.6926942,20.1570185],[85.6923562,20.1571293],[85.6921216,20.1572035],[85.6920854,20.1570537],[85.6920666,20.156924],[85.6920705,20.1566924],[85.6920806,20.1566181],[85.6921416,20.1564532]]}},{"type":"Feature","properties":{"id":564004199,"highway":"residential"},"geometry":{"type":"LineString","coordinates":[[85.6921416,20.1564532],[85.692202,20.1563625],[85.6922389,20.1562877],[85.692261,20.1562002],[85.6922616,20.156117],[85.6922459,20.1560402],[85.6921656,20.1557966],[85.6921604,20.1557494],[85.6921681,20.1557037],[85.6922368,20.1554095],[85.6922718,20.1550986],[85.6922566,20.154855],[85.6921845,20.1544078],[85.6921108,20.1541505],[85.6921055,20.1540913],[85.692104,20.1539803]]}},{"type":"Feature","properties":{"id":564004279,"highway":"residential"},"geometry":{"type":"LineString","coordinates":[[85.6941635,20.1539975],[85.694341,20.1544816],[85.6944497,20.1547498],[85.694488,20.1548022],[85.6946624,20.1550092],[85.6946908,20.1550567],[85.6947727,20.1552629],[85.6951243,20.155261],[85.6951613,20.155256],[85.6954428,20.1551767],[85.695366,20.1548193],[85.6953508,20.1547842],[85.695308,20.1547472],[85.6951722,20.1546622],[85.695139,20.1546302],[85.6951179,20.1545905],[85.6950324,20.1544048],[85.6950246,20.154361],[85.6950272,20.1543281],[85.6950426,20.1542948],[85.6951269,20.154211],[85.6952501,20.1541274],[85.695329,20.1540512],[85.6954827,20.1538844],[85.6955885,20.1537781],[85.6957044,20.153628]]}},{"type":"Feature","properties":{"id":564006017,"highway":"unclassified"},"geometry":{"type":"LineString","coordinates":[[85.598377,20.1421872],[85.5986613,20.1418246],[85.5988866,20.1415778],[85.5992621,20.1411849],[85.5993962,20.1408727],[85.599525,20.1406259],[85.5996162,20.1404647],[85.5998576,20.1405629],[85.6000319,20.1405705],[85.6002519,20.1405629],[85.60045,20.14055],[85.6005335,20.1405403],[85.6008258,20.1405176],[85.6009009,20.1406863],[85.6008956,20.1408047],[85.600881,20.1408796],[85.6008553,20.1410112],[85.6008366,20.1411824],[85.6008269,20.1412075],[85.600732,20.1414519],[85.6005147,20.1417868],[85.6002465,20.1417817],[85.60004,20.1419454],[85.5997503,20.1421897],[85.5996323,20.1423433],[85.5993855,20.1426354],[85.5992777,20.1427742],[85.5992407,20.1428218],[85.5990576,20.1431363],[85.5988829,20.1433303],[85.5985018,20.1435061]]}},{"type":"Feature","properties":{"id":564006620,"highway":"tertiary"},"geometry":{"type":"LineString","coordinates":[[85.6150174,20.173928],[85.6153439,20.1740378],[85.6156611,20.1741445],[85.6160259,20.1742351],[85.6162255,20.1743089],[85.6167072,20.1744869],[85.6175601,20.1747991],[85.6175876,20.174812],[85.6177211,20.1748746],[85.6181849,20.1748937],[85.6182092,20.1748947],[85.6185847,20.1748696],[85.6186437,20.174866],[85.6191641,20.1748343],[85.61938,20.17482],[85.6195933,20.1748947],[85.6201994,20.1752573],[85.6205749,20.1754788],[85.6206391,20.1755025],[85.6213087,20.1757513],[85.6217766,20.1761435],[85.6218114,20.1761868],[85.6220233,20.1764506],[85.6220867,20.1765327],[85.6221789,20.1766521],[85.6222011,20.1767084],[85.622431,20.1772915],[85.6229943,20.1776238],[85.62311,20.1776927],[85.6235361,20.1779461],[85.6240243,20.1780921],[85.6242886,20.1782105]]}},{"type":"Feature","properties":{"id":564006738,"highway":"residential"},"geometry":{"type":"LineString","coordinates":[[85.6235361,20.1779461],[85.6226402,20.1780166],[85.6216532,20.1780367],[85.6211956,20.1779337],[85.6210363,20.1779008],[85.6206024,20.1776388],[85.6205175,20.1775824],[85.6198684,20.1771676],[85.6197596,20.1765866],[85.619663,20.1762241],[85.6195235,20.175786],[85.6194782,20.1756583],[85.6193197,20.175212],[85.6191641,20.1748343],[85.6188583,20.1744265],[85.6186867,20.1742351],[85.6186438,20.1739229],[85.618574,20.1734698],[85.6184828,20.1730015],[85.6184676,20.172904],[85.6184184,20.1725886],[85.6184146,20.1723376],[85.6184131,20.1722411],[85.6184506,20.1718333],[85.6184667,20.1716268],[85.6184617,20.171557],[85.6184309,20.1711217],[85.6184292,20.1710981],[85.618397,20.1706399],[85.6184077,20.1703025],[85.6183755,20.169804],[85.6183433,20.1694465],[85.6183657,20.1691982]]}},{"type":"Feature","properties":{"id":564007416,"highway":"unclassified"},"geometry":{"type":"LineString","coordinates":[[85.6238151,20.1959056],[85.6239814,20.1957596],[85.624153,20.1956538],[85.6244212,20.1955582],[85.6246358,20.1955078],[85.6248236,20.1954826],[85.6250167,20.1954625],[85.6251991,20.1954273],[85.6253976,20.195387],[85.625596,20.1953215],[85.6258428,20.195236],[85.6261539,20.1951353],[85.6264114,20.1950547],[85.6266475,20.1949893],[85.6267762,20.194954],[85.6265938,20.194803],[85.6262934,20.1945311]]}},{"type":"Feature","properties":{"id":564007545,"highway":"unclassified"},"geometry":{"type":"LineString","coordinates":[[85.6267762,20.194954],[85.6271195,20.1953165],[85.627318,20.1955733],[85.626862,20.1957696],[85.6269693,20.195971],[85.6266046,20.1960516],[85.6260949,20.1961069],[85.6257248,20.1961321],[85.6253761,20.1962429],[85.6250328,20.1963134],[85.6245929,20.1963486],[85.6242871,20.196409],[85.6238955,20.1963989],[85.6232786,20.1962932],[85.6229353,20.1962026],[85.622592,20.1960616],[85.6223291,20.1960818],[85.6220233,20.1960264],[85.6217444,20.1959911],[85.6214199,20.1958393]]}},{"type":"Feature","properties":{"id":564009648,"highway":"unclassified"},"geometry":{"type":"LineString","coordinates":[[85.6613526,20.1327085],[85.6614212,20.1327926],[85.6614661,20.1328101],[85.6616086,20.132822],[85.6616349,20.1328327],[85.6616657,20.1328543],[85.6616962,20.1328681],[85.6617337,20.1328683],[85.6620783,20.1327748],[85.6621011,20.1327544],[85.6621143,20.1327085],[85.6621425,20.1326644],[85.6621827,20.1326481],[85.6622618,20.1326405],[85.6625904,20.1326279],[85.6628895,20.1326053],[85.6633052,20.1325813],[85.6634568,20.1325902],[85.6635184,20.1326015],[85.663678,20.132638],[85.6639168,20.1327098],[85.6639865,20.1327117],[85.6640938,20.1326934],[85.66437,20.132594],[85.66447,20.1325419],[85.6647415,20.1323333],[85.6649387,20.1321948],[85.6651506,20.132045],[85.6653463,20.1318913],[85.6655489,20.131778],[85.6657434,20.131676],[85.6662701,20.1314673],[85.6663375,20.1314406],[85.6669946,20.1313159],[85.6671971,20.1313083],[85.6672937,20.1313285],[85.6679884,20.1314443],[85.6682109,20.1314972],[85.6683518,20.1315463],[85.6684363,20.1315904],[85.668544,20.1317405],[85.6686164,20.131889],[85.6687026,20.1321825],[85.6687244,20.1322434]]}},{"type":"Feature","properties":{"id":564009657,"highway":"residential"},"geometry":{"type":"LineString","coordinates":[[85.671312,20.1285857],[85.6709743,20.1285699],[85.6708681,20.1285523],[85.6708127,20.1285431],[85.6706248,20.1285261],[85.6702383,20.1285196],[85.6701643,20.1285023],[85.6701217,20.1284803],[85.6700691,20.1284461],[85.6700381,20.1284091],[85.6699936,20.1283136],[85.6699732,20.1282836]]}},{"type":"Feature","properties":{"id":564015228,"highway":"residential"},"geometry":{"type":"LineString","coordinates":[[85.662127,20.1324684],[85.6621425,20.1326644]]}},{"type":"Feature","properties":{"id":597762244,"highway":"unclassified"},"geometry":{"type":"LineString","coordinates":[[85.6230041,20.1884014],[85.6232346,20.1882483],[85.6233071,20.1881687],[85.6234872,20.1879707],[85.6239708,20.1876912],[85.6241928,20.1875629],[85.6242136,20.1875565],[85.6245964,20.1874386],[85.6249661,20.1872709],[85.6251602,20.1870742],[85.6253235,20.1868501],[85.6254175,20.1866708],[85.6255168,20.1864115],[85.6255473,20.1863904],[85.625651,20.1860128]]}},{"type":"Feature","properties":{"id":597762245,"highway":"unclassified"},"geometry":{"type":"LineString","coordinates":[[85.6235553,20.186149],[85.6238373,20.1867343],[85.6238922,20.1868572],[85.6239753,20.1870432],[85.6241204,20.1873389],[85.6242136,20.1875565]]}},{"type":"Feature","properties":{"id":597762246,"highway":"unclassified"},"geometry":{"type":"LineString","coordinates":[[85.6233414,20.1861955],[85.6233691,20.1864807],[85.6232952,20.1867496],[85.6232243,20.1870938],[85.6232151,20.1873135],[85.6232136,20.1875911],[85.6232521,20.1878514],[85.6233071,20.1881687]]}},{"type":"Feature","properties":{"id":597762247,"highway":"unclassified"},"geometry":{"type":"LineString","coordinates":[[85.6222108,20.1863808],[85.6223716,20.1866559],[85.622501,20.1869451],[85.6225903,20.1872198],[85.6226334,20.1875003],[85.6227323,20.1877143]]}},{"type":"Feature","properties":{"id":597762248,"highway":"unclassified"},"geometry":{"type":"LineString","coordinates":[[85.6255473,20.1863904],[85.6252867,20.1863525],[85.6247948,20.1864937],[85.6246651,20.1865616],[85.6241972,20.1868066],[85.6238922,20.1868572]]}},{"type":"Feature","properties":{"id":602558680,"highway":"unclassified"},"geometry":{"type":"LineString","coordinates":[[85.6088783,20.1888904],[85.6088061,20.1886613],[85.6087249,20.1884038],[85.6087169,20.1883349],[85.6086724,20.1879545],[85.6086284,20.1875781],[85.6086445,20.1872458]]}},{"type":"Feature","properties":{"id":602558681,"highway":"unclassified"},"geometry":{"type":"LineString","coordinates":[[85.6098723,20.1886034],[85.6097174,20.1874271],[85.6096216,20.1866612],[85.6096047,20.1865258],[85.6099695,20.1864604],[85.6100178,20.1862791]]}},{"type":"Feature","properties":{"id":602558682,"highway":"tertiary"},"geometry":{"type":"LineString","coordinates":[[85.6081938,20.1890855],[85.6081852,20.1890476],[85.6081002,20.1886719],[85.6080007,20.1882326],[85.6079591,20.1878087],[85.6079563,20.1877802],[85.607931,20.1875227],[85.6079191,20.187396],[85.6078942,20.1871291],[85.607881,20.1869882],[85.6078505,20.1866618],[85.6078505,20.1860878],[85.6079911,20.186074],[85.6089288,20.185982],[85.6095749,20.1859371],[85.6099427,20.1859116],[85.6100178,20.1862791],[85.6109297,20.1861683],[85.6115125,20.1860749],[85.6116055,20.18606],[85.6116563,20.1860518],[85.6117396,20.1860361],[85.6126678,20.1858612],[85.612846,20.1862841],[85.6128609,20.1863194],[85.6129057,20.1864216],[85.6130111,20.1866618],[85.6130267,20.1867094],[85.6133267,20.1876223]]}},{"type":"Feature","properties":{"id":602564814,"highway":"unclassified"},"geometry":{"type":"LineString","coordinates":[[85.6075148,20.1892996],[85.6074214,20.1889274],[85.6074371,20.1886068],[85.6074429,20.1884894],[85.607239,20.1883333],[85.6070271,20.1882707],[85.6070761,20.1881934],[85.6070562,20.1880329],[85.6070259,20.1878629],[85.6070266,20.1878169],[85.6070595,20.1877959],[85.6072015,20.1877946],[85.6072596,20.187846],[85.6072926,20.1878752],[85.6079591,20.1878087]]}},{"type":"Feature","properties":{"id":602565095,"highway":"secondary"},"geometry":{"type":"LineString","coordinates":[[85.6225651,20.1836055],[85.6225437,20.184104],[85.6223824,20.1842353],[85.6223023,20.1843004],[85.6213306,20.1847278]]}},{"type":"Feature","properties":{"id":617845570,"highway":"secondary"},"geometry":{"type":"LineString","coordinates":[[85.6058903,20.1593076],[85.605868,20.159354],[85.6059054,20.1595938],[85.6059261,20.159719],[85.6060007,20.1601915],[85.6061345,20.160967],[85.6063378,20.1615759],[85.6063655,20.161681],[85.6064812,20.1621197],[85.6066671,20.1626771],[85.6068039,20.1630228],[85.6069087,20.1633053],[85.6070575,20.1636964],[85.6072531,20.1641715],[85.6074723,20.164687],[85.6077476,20.1653528],[85.6078505,20.1656145],[85.6082342,20.166379],[85.608623,20.1671453],[85.6089878,20.1677193],[85.6095242,20.168384],[85.6101572,20.1691997],[85.6108657,20.1700231],[85.6110585,20.1702471],[85.6112069,20.1703864],[85.61167,20.1708212],[85.6122494,20.1714153],[85.6126534,20.171824],[85.6127925,20.1719648],[85.6132297,20.172405]]}},{"type":"Feature","properties":{"id":617845571,"highway":"tertiary"},"geometry":{"type":"LineString","coordinates":[[85.6212251,20.1848696],[85.6205628,20.1859668],[85.6204838,20.1860978],[85.6202934,20.1864542],[85.6200998,20.1868167]]}},{"type":"Feature","properties":{"id":617845573,"highway":"secondary"},"geometry":{"type":"LineString","coordinates":[[85.6203624,20.1833918],[85.6202079,20.1831704],[85.6198109,20.1826018],[85.6196267,20.1823379],[85.6191582,20.1816667],[85.6188038,20.181159],[85.6185687,20.1808222],[85.6183352,20.1804878],[85.6182433,20.1803724],[85.6180547,20.1801354],[85.6180024,20.1800631],[85.6179988,20.1800581],[85.6179039,20.1799269],[85.6177528,20.1797017],[85.6174549,20.1792576],[85.6168117,20.1782988],[85.6166784,20.1780042],[85.6166348,20.177928],[85.6164137,20.1775413],[85.6159501,20.1766841],[85.6159045,20.1766095],[85.6156849,20.1762915],[85.6155038,20.1759484],[85.614905,20.1748733],[85.6148055,20.1746931],[85.6143593,20.1739057],[85.6143107,20.1738215]]}},{"type":"Feature","properties":{"id":617845576,"highway":"tertiary"},"geometry":{"type":"LineString","coordinates":[[85.6143983,20.1736855],[85.6150174,20.173928]]}},{"type":"Feature","properties":{"id":617845577,"highway":"primary"},"geometry":{"type":"LineString","coordinates":[[85.6131125,20.1753492],[85.6140131,20.1741423],[85.6140449,20.1740997],[85.6141082,20.174015],[85.6142214,20.1738607]]}},{"type":"Feature","properties":{"id":617845578,"highway":"secondary"},"geometry":{"type":"LineString","coordinates":[[85.6150502,20.1752562],[85.6154029,20.1759584],[85.6155386,20.176239],[85.6157714,20.1766129],[85.6158585,20.1767342],[85.6163151,20.1775851],[85.6165479,20.1779703],[85.6165889,20.1780487],[85.6167114,20.1783133],[85.6168394,20.1785328],[85.6171022,20.178874],[85.617366,20.1793131],[85.6176621,20.179747],[85.6177961,20.1799396],[85.61782,20.1799755],[85.6179323,20.1801201],[85.6179606,20.1801606],[85.6181602,20.180424],[85.6182227,20.1805139],[85.6184838,20.1808954],[85.6186933,20.1812014],[85.6187422,20.1812861],[85.6187827,20.1813564],[85.6190037,20.1816715],[85.6190474,20.1817338],[85.6192771,20.1820489],[85.6195331,20.1824001],[85.6196372,20.1825428],[85.6197257,20.182666],[85.6201403,20.1832437],[85.6202586,20.1833927],[85.6204852,20.1837243],[85.6205029,20.1837502],[85.6208434,20.1842542]]}},{"type":"Feature","properties":{"id":617845580,"highway":"secondary"},"geometry":{"type":"LineString","coordinates":[[85.6135447,20.1727107],[85.6134377,20.1725229],[85.6133904,20.17244],[85.6133942,20.1723719],[85.6133834,20.1723336],[85.6133885,20.1722523],[85.6134119,20.1719727],[85.613425,20.1718136],[85.613497,20.1709361],[85.6135246,20.1706609],[85.6135445,20.1704626],[85.61358,20.1701092],[85.6136415,20.16967],[85.6137119,20.1691665],[85.6137374,20.1688584],[85.6137687,20.1684808],[85.6137757,20.1683955],[85.6138075,20.1681748],[85.6138715,20.1677304],[85.6139481,20.1669614],[85.6139571,20.1668756],[85.6140488,20.1659978],[85.6140655,20.1658381]]}},{"type":"Feature","properties":{"id":617845581,"highway":"secondary"},"geometry":{"type":"LineString","coordinates":[[85.6140028,20.1657847],[85.6139855,20.1659512],[85.6139528,20.1662649],[85.6139488,20.1663053],[85.6139332,20.1664533],[85.6138285,20.1674664],[85.6138232,20.1675179],[85.6137419,20.1681653],[85.6137132,20.1683944],[85.6136691,20.1688611],[85.6136399,20.1691698],[85.6135616,20.1698926],[85.6134985,20.1704588],[85.6134688,20.1707254],[85.6134585,20.1708562],[85.613399,20.1716129],[85.6133979,20.171627],[85.613327,20.1722832]]}},{"type":"Feature","properties":{"id":617845583,"highway":"secondary"},"geometry":{"type":"LineString","coordinates":[[85.6133904,20.17244],[85.6133463,20.1724621],[85.6132924,20.1724658]]}},{"type":"Feature","properties":{"id":617845584,"highway":"secondary"},"geometry":{"type":"LineString","coordinates":[[85.6132353,20.1723189],[85.6130679,20.1721593],[85.612849,20.1719379],[85.6125009,20.1715857],[85.6124092,20.1714901],[85.6121984,20.17127],[85.6118238,20.1708791],[85.6116173,20.1706763],[85.6113465,20.1704104],[85.6111345,20.1702023],[85.6109561,20.1699674],[85.6109341,20.1699384],[85.6102058,20.1691607],[85.6095776,20.168337],[85.6095261,20.1682727],[85.6090325,20.1676648],[85.6090111,20.167632],[85.6086781,20.1671233],[85.6084987,20.1667036],[85.6083506,20.166357],[85.6082379,20.1661623],[85.6079356,20.1655772],[85.6076189,20.164824],[85.6075564,20.164672],[85.6073792,20.1642747],[85.6073563,20.1642234],[85.6072089,20.1638675],[85.6070767,20.1635481],[85.6068767,20.1630193],[85.6067408,20.1626708],[85.6065395,20.162094],[85.6063806,20.1615594],[85.6063667,20.1615137],[85.6061963,20.160951],[85.6061679,20.1608573],[85.6060826,20.1601549],[85.6059555,20.1594762]]}},{"type":"Feature","properties":{"id":617845585,"highway":"secondary"},"geometry":{"type":"LineString","coordinates":[[85.6026823,20.1522995],[85.602705,20.1526143],[85.6033262,20.1538018],[85.6037061,20.1545492],[85.6038716,20.1548705],[85.6043635,20.1558814],[85.6047965,20.1567399],[85.6054146,20.1580291],[85.6056217,20.1583742],[85.6058052,20.1586681],[85.606114,20.1590887],[85.6064626,20.1594812]]}},{"type":"Feature","properties":{"id":617845586,"highway":"secondary"},"geometry":{"type":"LineString","coordinates":[[85.6059555,20.1594762],[85.605932,20.1593496],[85.6058903,20.1593076]]}},{"type":"Feature","properties":{"id":617845594,"highway":"secondary"},"geometry":{"type":"LineString","coordinates":[[85.6208575,20.170318],[85.6200794,20.1699006],[85.6195269,20.1695628],[85.6190823,20.1692603],[85.6183115,20.1686702],[85.6172927,20.1678565],[85.6172264,20.1678016],[85.6171686,20.1677537],[85.6161365,20.1669227],[85.6154693,20.1663768],[85.6153528,20.1662881],[85.6151637,20.1661283],[85.6144809,20.1655891],[85.6141046,20.1652793]]}},{"type":"Feature","properties":{"id":617845595,"highway":"secondary"},"geometry":{"type":"LineString","coordinates":[[85.6171686,20.1677537],[85.6172476,20.1676764],[85.6174122,20.1674121],[85.6175857,20.1671527],[85.617767,20.1669078],[85.6181402,20.1664062],[85.6184424,20.1659869],[85.6187832,20.1655361],[85.6191099,20.1650781],[85.6193272,20.1648141],[85.6197609,20.1642473],[85.6199013,20.1640941],[85.6199882,20.1639992],[85.620466,20.1635275],[85.6209476,20.1629941],[85.6210774,20.1628888],[85.6211808,20.1628439],[85.6212893,20.1628159],[85.6214172,20.1628036],[85.6215456,20.1627912],[85.6219078,20.1627857],[85.6222572,20.1628068],[85.6225864,20.1628201],[85.6229079,20.1628141],[85.6235302,20.1627898],[85.6241858,20.1627673],[85.624524,20.1627215],[85.6246558,20.1626975],[85.6247796,20.1626599]]}},{"type":"Feature","properties":{"id":617845602,"highway":"residential"},"geometry":{"type":"LineString","coordinates":[[85.6140488,20.1659978],[85.6145929,20.166401],[85.6147631,20.1664869],[85.614878,20.1666028],[85.6149715,20.166523]]}},{"type":"Feature","properties":{"id":617845611,"highway":"residential"},"geometry":{"type":"LineString","coordinates":[[85.6113465,20.1704104],[85.6120675,20.1700849],[85.6119631,20.1699291],[85.6119417,20.1698972],[85.6118191,20.1698276],[85.6116353,20.1698337],[85.6113257,20.1699638],[85.6112612,20.1700183],[85.6114224,20.1702696]]}},{"type":"Feature","properties":{"id":617845613,"highway":"residential"},"geometry":{"type":"LineString","coordinates":[[85.6116173,20.1706763],[85.6119421,20.170519]]}},{"type":"Feature","properties":{"id":617845631,"highway":"tertiary"},"geometry":{"type":"LineString","coordinates":[[85.6211909,20.1847654],[85.6204719,20.1847291],[85.6198698,20.1846233],[85.6194676,20.184775],[85.6193463,20.184819],[85.6190858,20.1849183],[85.6188097,20.1850235],[85.6187122,20.1850606],[85.6183101,20.1851904],[85.618025,20.1852563],[85.6178526,20.1852983],[85.6177824,20.1853462],[85.6177292,20.1854481],[85.6176654,20.1855719],[85.6176909,20.1857936],[85.6176959,20.1858312],[85.6177271,20.1860632],[85.6177547,20.1866004],[85.6177845,20.1869046]]}},{"type":"Feature","properties":{"id":618056124,"highway":"residential"},"geometry":{"type":"LineString","coordinates":[[85.6123381,20.1829987],[85.612306,20.1824968],[85.6121953,20.1807656],[85.6121694,20.1803612],[85.6126481,20.180093]]}},{"type":"Feature","properties":{"id":618056125,"highway":"residential"},"geometry":{"type":"LineString","coordinates":[[85.6136736,20.1827499],[85.6136197,20.1816986],[85.6135583,20.1804989]]}},{"type":"Feature","properties":{"id":618056127,"highway":"residential"},"geometry":{"type":"LineString","coordinates":[[85.612306,20.1824968],[85.6119688,20.182533],[85.6119005,20.1825162],[85.6118226,20.1815596],[85.6117592,20.1806283],[85.6121694,20.1803612]]}},{"type":"Feature","properties":{"id":618056128,"highway":"residential"},"geometry":{"type":"LineString","coordinates":[[85.6105828,20.1814669],[85.6114231,20.1815297],[85.6118226,20.1815596]]}},{"type":"Feature","properties":{"id":618056129,"highway":"residential"},"geometry":{"type":"LineString","coordinates":[[85.6113888,20.1821699],[85.6114231,20.1815297],[85.6114121,20.181175],[85.6114057,20.1809067],[85.611397,20.180697],[85.6117592,20.1806283]]}},{"type":"Feature","properties":{"id":618056132,"highway":"residential"},"geometry":{"type":"LineString","coordinates":[[85.6136388,20.1787215],[85.6136276,20.1786435],[85.6136276,20.1783844],[85.613755,20.1782847],[85.6143337,20.178137],[85.614562,20.1780787],[85.6147063,20.1786712],[85.6147438,20.1789334],[85.6147974,20.1794346]]}},{"type":"Feature","properties":{"id":618056134,"highway":"residential"},"geometry":{"type":"LineString","coordinates":[[85.6130299,20.1795221],[85.6134648,20.1790155],[85.6140104,20.1789606]]}},{"type":"Feature","properties":{"id":618056137,"highway":"residential"},"geometry":{"type":"LineString","coordinates":[[85.6134223,20.1794275],[85.6140646,20.1793621]]}},{"type":"Feature","properties":{"id":618056140,"highway":"residential"},"geometry":{"type":"LineString","coordinates":[[85.6140169,20.1790089],[85.6143213,20.1789757],[85.6147438,20.1789334],[85.6150104,20.1789068],[85.6157157,20.1788362],[85.6157476,20.1790518],[85.6157511,20.1790753],[85.6153547,20.1791949],[85.615377,20.1794323],[85.6154114,20.1797995],[85.6151193,20.1798595]]}},{"type":"Feature","properties":{"id":618056141,"highway":"residential"},"geometry":{"type":"LineString","coordinates":[[85.6154114,20.1797995],[85.6158856,20.1797862],[85.6159508,20.1800357]]}},{"type":"Feature","properties":{"id":618056143,"highway":"residential"},"geometry":{"type":"LineString","coordinates":[[85.615377,20.1794323],[85.6156874,20.1793876],[85.616125,20.179194],[85.6161829,20.1791683],[85.6164765,20.1800307]]}},{"type":"Feature","properties":{"id":618056145,"highway":"residential"},"geometry":{"type":"LineString","coordinates":[[85.6158856,20.1797862],[85.6156874,20.1793876]]}},{"type":"Feature","properties":{"id":618056146,"highway":"residential"},"geometry":{"type":"LineString","coordinates":[[85.6150013,20.1786712],[85.6152698,20.1786235],[85.6157228,20.1786368],[85.6159706,20.1786701],[85.6160578,20.1789659],[85.616125,20.179194]]}},{"type":"Feature","properties":{"id":618056148,"highway":"residential"},"geometry":{"type":"LineString","coordinates":[[85.6152698,20.1786235],[85.6150822,20.1781331],[85.614922,20.1777143],[85.6147743,20.177328],[85.6158585,20.1767342],[85.6159501,20.1766841]]}},{"type":"Feature","properties":{"id":618056149,"highway":"residential"},"geometry":{"type":"LineString","coordinates":[[85.6150822,20.1781331],[85.6163151,20.1775851],[85.6164137,20.1775413]]}},{"type":"Feature","properties":{"id":618056150,"highway":"residential"},"geometry":{"type":"LineString","coordinates":[[85.6158998,20.178391],[85.6165889,20.1780487],[85.6166784,20.1780042]]}},{"type":"Feature","properties":{"id":618056152,"highway":"residential"},"geometry":{"type":"LineString","coordinates":[[85.6159706,20.1786701],[85.6167114,20.1783133],[85.6168117,20.1782988]]}},{"type":"Feature","properties":{"id":618056153,"highway":"residential"},"geometry":{"type":"LineString","coordinates":[[85.6128287,20.1772865],[85.6130896,20.1771486],[85.6135236,20.1771898],[85.6135918,20.1771963],[85.6137798,20.1772141],[85.6142788,20.1772615],[85.6142946,20.1775131],[85.6143337,20.178137]]}},{"type":"Feature","properties":{"id":618056155,"highway":"residential"},"geometry":{"type":"LineString","coordinates":[[85.6142946,20.1775131],[85.6147743,20.177328]]}},{"type":"Feature","properties":{"id":618056156,"highway":"residential"},"geometry":{"type":"LineString","coordinates":[[85.613755,20.1782847],[85.6137798,20.1772141]]}},{"type":"Feature","properties":{"id":618056158,"highway":"tertiary"},"geometry":{"type":"LineString","coordinates":[[85.6156849,20.1762915],[85.6155386,20.176239],[85.61537,20.1761785],[85.6150401,20.1760601],[85.6141458,20.1757392],[85.6140998,20.1757235],[85.6137207,20.1755946],[85.6133813,20.1756076],[85.6128988,20.1756262]]}},{"type":"Feature","properties":{"id":618056159,"highway":"residential"},"geometry":{"type":"LineString","coordinates":[[85.6135236,20.1771898],[85.6134249,20.1764506],[85.6134865,20.1761209],[85.6133813,20.1756076]]}},{"type":"Feature","properties":{"id":618056162,"highway":"residential"},"geometry":{"type":"LineString","coordinates":[[85.6142788,20.1772615],[85.6145649,20.1771389],[85.6146265,20.1770579],[85.6146388,20.1768844]]}},{"type":"Feature","properties":{"id":618056164,"highway":"residential"},"geometry":{"type":"LineString","coordinates":[[85.6136221,20.1764622],[85.6138069,20.1764217],[85.6138316,20.176306],[85.6139363,20.1762308],[85.6140998,20.1757235]]}},{"type":"Feature","properties":{"id":618056166,"highway":"residential"},"geometry":{"type":"LineString","coordinates":[[85.6117237,20.1784244],[85.6119212,20.1783009],[85.61218,20.178191],[85.6123895,20.1780985]]}},{"type":"Feature","properties":{"id":618056168,"highway":"residential"},"geometry":{"type":"LineString","coordinates":[[85.6128287,20.1772865],[85.6125608,20.1773465],[85.6123087,20.1774152],[85.6122599,20.1774534],[85.6118778,20.177503],[85.6116903,20.1775122]]}},{"type":"Feature","properties":{"id":618056170,"highway":"residential"},"geometry":{"type":"LineString","coordinates":[[85.6126141,20.1767729],[85.6125364,20.1768848],[85.6124225,20.1769077],[85.6123453,20.1770603],[85.6122559,20.177171],[85.6120607,20.1772015],[85.6118065,20.1772883]]}},{"type":"Feature","properties":{"id":618056172,"highway":"residential"},"geometry":{"type":"LineString","coordinates":[[85.6128246,20.1757223],[85.6127437,20.1757294],[85.6125191,20.1757491],[85.6120947,20.1759193],[85.6112212,20.1761693],[85.6106948,20.1763397],[85.6099198,20.1763481]]}},{"type":"Feature","properties":{"id":618056174,"highway":"residential"},"geometry":{"type":"LineString","coordinates":[[85.6125191,20.1757491],[85.6121358,20.1747281],[85.6119477,20.1742269],[85.6118927,20.1739091],[85.6118262,20.1735243],[85.6117707,20.1732037],[85.6110133,20.172247],[85.6104084,20.1717493],[85.6098666,20.1713035]]}},{"type":"Feature","properties":{"id":618056177,"highway":"residential"},"geometry":{"type":"LineString","coordinates":[[85.6098666,20.1713035],[85.6091705,20.1711676],[85.6091239,20.1711585],[85.6090553,20.1711451],[85.6073821,20.1708185]]}},{"type":"Feature","properties":{"id":618056178,"highway":"residential"},"geometry":{"type":"LineString","coordinates":[[85.6091239,20.1711585],[85.6089818,20.1706191],[85.6087102,20.1699684],[85.6085305,20.169528]]}},{"type":"Feature","properties":{"id":618056181,"highway":"tertiary"},"geometry":{"type":"LineString","coordinates":[[85.6159146,20.1870608],[85.6158061,20.1861784],[85.6157022,20.1853337],[85.6148192,20.1854081],[85.6146048,20.1854261],[85.6145229,20.185433],[85.6142452,20.1854564],[85.6131244,20.1840888],[85.6129445,20.1838042],[85.6127895,20.183559],[85.6124843,20.1830763]]}},{"type":"Feature","properties":{"id":618056183,"highway":"residential"},"geometry":{"type":"LineString","coordinates":[[85.6126678,20.1858612],[85.6127809,20.1858109],[85.6125776,20.1852995],[85.6124882,20.1852728],[85.6124354,20.1851736],[85.6124354,20.1850286],[85.612415,20.1848607],[85.6120247,20.1839831],[85.6119841,20.1839488],[85.6118946,20.1839793],[85.6118337,20.183964],[85.6117686,20.1839297],[85.6117524,20.1838686],[85.611793,20.1838228],[85.6118946,20.1837923],[85.6120207,20.1837122],[85.6121182,20.1836588],[85.6121162,20.1836462],[85.6120939,20.1835061],[85.6119126,20.1831245]]}},{"type":"Feature","properties":{"id":618056185,"highway":"residential"},"geometry":{"type":"LineString","coordinates":[[85.6127809,20.1858109],[85.6128663,20.1858223],[85.613037,20.1857841],[85.6132403,20.1856735],[85.6136143,20.1855476],[85.6139843,20.185498],[85.6142452,20.1854564],[85.6142845,20.1856671],[85.6143129,20.1858196],[85.6143461,20.1859978],[85.6141672,20.1860703],[85.6142933,20.186387],[85.6138786,20.1864748],[85.6138176,20.1864405],[85.6136631,20.1864977],[85.613533,20.186658],[85.6133582,20.1867266],[85.6130267,20.1867094],[85.6128256,20.1867839],[85.6125654,20.1868297],[85.6125207,20.1868449],[85.612598,20.1871693],[85.6126386,20.1873257],[85.6126711,20.1873906],[85.6124557,20.1874745],[85.6124028,20.1873791],[85.6123256,20.1870166],[85.6123175,20.1869136],[85.6125207,20.1868449]]}},{"type":"Feature","properties":{"id":618056187,"highway":"residential"},"geometry":{"type":"LineString","coordinates":[[85.6129057,20.1864216],[85.6125248,20.1865015],[85.6123378,20.1865664],[85.6123215,20.1864443]]}},{"type":"Feature","properties":{"id":618056188,"highway":"residential"},"geometry":{"type":"LineString","coordinates":[[85.612846,20.1862841],[85.6133379,20.1861581]]}},{"type":"Feature","properties":{"id":618056189,"highway":"residential"},"geometry":{"type":"LineString","coordinates":[[85.6133862,20.1876073],[85.6134314,20.1880011],[85.6138786,20.187921],[85.6139355,20.1879782],[85.6139762,20.1883674],[85.6140054,20.1885306],[85.6140403,20.1887256],[85.614155,20.1893671],[85.6143095,20.1894129],[85.6144803,20.1903821]]}},{"type":"Feature","properties":{"id":618058117,"highway":"residential"},"geometry":{"type":"LineString","coordinates":[[85.6131244,20.1840888],[85.6132819,20.1840227],[85.6134454,20.1840007],[85.6140338,20.1838386],[85.614398,20.1837465],[85.614342,20.183992],[85.6143794,20.1841761],[85.614557,20.1846072],[85.6145708,20.1846407],[85.6148192,20.1854081]]}},{"type":"Feature","properties":{"id":618058118,"highway":"residential"},"geometry":{"type":"LineString","coordinates":[[85.6157022,20.1853337],[85.6156814,20.1850959],[85.6156434,20.1846613],[85.6156029,20.184198]]}},{"type":"Feature","properties":{"id":618058119,"highway":"residential"},"geometry":{"type":"LineString","coordinates":[[85.614557,20.1846072],[85.6153927,20.184667],[85.6156434,20.1846613],[85.615701,20.1847547],[85.6162614,20.1846451],[85.6162007,20.183992],[85.616252,20.1837553],[85.6160419,20.1836501],[85.6160378,20.1833827],[85.6160372,20.1833433],[85.6157614,20.1832863],[85.6157573,20.1830595],[85.6152526,20.1830671],[85.6151406,20.1831504],[85.6148137,20.1831942],[85.6146909,20.1831739],[85.6146549,20.1831679],[85.6144821,20.1831329],[85.614412,20.1831241],[85.6143553,20.1827081]]}},{"type":"Feature","properties":{"id":618058120,"highway":"residential"},"geometry":{"type":"LineString","coordinates":[[85.614398,20.1837465],[85.6144494,20.1835142],[85.614412,20.1831241]]}},{"type":"Feature","properties":{"id":618058121,"highway":"residential"},"geometry":{"type":"LineString","coordinates":[[85.6160378,20.1833827],[85.6164482,20.1833696],[85.616471,20.182978]]}},{"type":"Feature","properties":{"id":618058122,"highway":"residential"},"geometry":{"type":"LineString","coordinates":[[85.6170134,20.1869318],[85.6167424,20.186863],[85.6162287,20.186166],[85.61621,20.1861222],[85.6163688,20.1860302],[85.6162193,20.1850089],[85.6156814,20.1850959]]}},{"type":"Feature","properties":{"id":618058123,"highway":"residential"},"geometry":{"type":"LineString","coordinates":[[85.6158061,20.1861784],[85.61621,20.1861222]]}},{"type":"Feature","properties":{"id":618058124,"highway":"residential"},"geometry":{"type":"LineString","coordinates":[[85.6173582,20.1872014],[85.616641,20.1873882],[85.6160864,20.1875154],[85.6157845,20.1875501],[85.6157763,20.1875074],[85.6157413,20.1873246],[85.6156775,20.1871017]]}},{"type":"Feature","properties":{"id":618058125,"highway":"residential"},"geometry":{"type":"LineString","coordinates":[[85.6157845,20.1875501],[85.6158892,20.1879955],[85.6160476,20.1883123],[85.6161665,20.1885565]]}},{"type":"Feature","properties":{"id":618058126,"highway":"residential"},"geometry":{"type":"LineString","coordinates":[[85.6160864,20.1875154],[85.6162743,20.1879761],[85.6164867,20.1882352]]}},{"type":"Feature","properties":{"id":618058127,"highway":"residential"},"geometry":{"type":"LineString","coordinates":[[85.6157763,20.1875074],[85.6153789,20.1876739]]}},{"type":"Feature","properties":{"id":618058128,"highway":"residential"},"geometry":{"type":"LineString","coordinates":[[85.6157413,20.1873246],[85.6162318,20.1872919]]}},{"type":"Feature","properties":{"id":618058129,"highway":"residential"},"geometry":{"type":"LineString","coordinates":[[85.6182551,20.1880172],[85.6181654,20.1868929]]}},{"type":"Feature","properties":{"id":618058130,"highway":"residential"},"geometry":{"type":"LineString","coordinates":[[85.6196632,20.1868394],[85.6196063,20.1863065],[85.6195898,20.1861526],[85.6195043,20.1853528],[85.6190858,20.1849183]]}},{"type":"Feature","properties":{"id":618058131,"highway":"residential"},"geometry":{"type":"LineString","coordinates":[[85.6195043,20.1853528],[85.6191832,20.1854635],[85.6188986,20.1855474],[85.6186059,20.1856085],[85.6183239,20.1856238]]}},{"type":"Feature","properties":{"id":618058132,"highway":"residential"},"geometry":{"type":"LineString","coordinates":[[85.6195898,20.1861526],[85.6197767,20.1861351],[85.6197605,20.1860931],[85.6203743,20.1860091],[85.6204313,20.1859252],[85.6204922,20.1856734],[85.6205004,20.1855055],[85.6203947,20.1855245]]}},{"type":"Feature","properties":{"id":618058135,"highway":"residential"},"geometry":{"type":"LineString","coordinates":[[85.6235553,20.186149],[85.6234246,20.1852922],[85.6244799,20.185255],[85.6256848,20.1851914],[85.6257049,20.1860224]]}},{"type":"Feature","properties":{"id":618058136,"highway":"residential"},"geometry":{"type":"LineString","coordinates":[[85.6234246,20.1852922],[85.6230743,20.1842008],[85.6229092,20.1835356],[85.6229012,20.1835033]]}},{"type":"Feature","properties":{"id":618058137,"highway":"residential"},"geometry":{"type":"LineString","coordinates":[[85.6223023,20.1843004],[85.622626,20.1842665],[85.6230743,20.1842008],[85.6233265,20.1841438],[85.6236814,20.1839773],[85.6243216,20.18401],[85.6246761,20.1839115]]}},{"type":"Feature","properties":{"id":618058138,"highway":"residential"},"geometry":{"type":"LineString","coordinates":[[85.6246761,20.1839115],[85.6249703,20.1838896],[85.6250777,20.1834951],[85.6252085,20.1834644],[85.6255868,20.1833987],[85.6256381,20.1839203],[85.6256362,20.1839672],[85.6256241,20.1842656],[85.6256241,20.1842665],[85.6256421,20.1845414],[85.6256497,20.184657],[85.6256848,20.1851914]]}},{"type":"Feature","properties":{"id":618058139,"highway":"residential"},"geometry":{"type":"LineString","coordinates":[[85.6255868,20.1833987],[85.6254653,20.1830349],[85.6253252,20.182956],[85.6252739,20.1828288],[85.6250777,20.1827236],[85.6248799,20.1826711],[85.6248302,20.1826579],[85.6246201,20.182636],[85.6243912,20.1825922],[85.6241064,20.1825922],[85.6240687,20.1825659]]}},{"type":"Feature","properties":{"id":618058140,"highway":"residential"},"geometry":{"type":"LineString","coordinates":[[85.6252739,20.1828288],[85.6256008,20.1828727],[85.6257922,20.1829866],[85.6262125,20.183162],[85.6265675,20.1832453],[85.6269551,20.1830655],[85.6269439,20.1829786],[85.6269177,20.1827762],[85.6267076,20.1820136],[85.6267489,20.1820058],[85.6269986,20.181959],[85.6273749,20.1818884],[85.6275715,20.1827456],[85.6275015,20.1828069],[85.62744,20.182836],[85.6269551,20.1830655]]}},{"type":"Feature","properties":{"id":618058142,"highway":"residential"},"geometry":{"type":"LineString","coordinates":[[85.6239826,20.1831794],[85.6243664,20.1831516],[85.6243827,20.1832355],[85.6246754,20.1832317],[85.6248299,20.1832432],[85.6248258,20.1834034],[85.625086,20.1833805],[85.6250777,20.1834951]]}},{"type":"Feature","properties":{"id":618058143,"highway":"residential"},"geometry":{"type":"LineString","coordinates":[[85.6223988,20.1830769],[85.6222152,20.1822002],[85.6224247,20.1821135],[85.6225911,20.1820846],[85.6227128,20.1821015],[85.6232997,20.1821829],[85.6240836,20.1821672]]}},{"type":"Feature","properties":{"id":618058144,"highway":"residential"},"geometry":{"type":"LineString","coordinates":[[85.621259,20.1823935],[85.6219749,20.1821135],[85.6219895,20.1820585],[85.6217337,20.1818445]]}},{"type":"Feature","properties":{"id":618058145,"highway":"residential"},"geometry":{"type":"LineString","coordinates":[[85.6224247,20.1821135],[85.6220931,20.1812592]]}},{"type":"Feature","properties":{"id":618058146,"highway":"residential"},"geometry":{"type":"LineString","coordinates":[[85.6220931,20.1812592],[85.6222021,20.1812257],[85.6223376,20.181243],[85.622541,20.181217],[85.6228737,20.181269],[85.6230832,20.1813442],[85.6231603,20.1814483],[85.6232157,20.1816595],[85.6235362,20.181619],[85.6236224,20.1816681],[85.6238258,20.1816537],[85.6239274,20.1816537],[85.6239798,20.1817346],[85.6241301,20.181726]]}},{"type":"Feature","properties":{"id":618058147,"highway":"residential"},"geometry":{"type":"LineString","coordinates":[[85.6186438,20.1739229],[85.6197842,20.1738731],[85.6200868,20.1738599],[85.6202683,20.1738283],[85.6206712,20.1737877],[85.6209379,20.173771],[85.6211813,20.1737539],[85.6216327,20.1737582],[85.6217713,20.1737491],[85.6221214,20.1737077],[85.6221636,20.1737027],[85.6237027,20.1735207]]}},{"type":"Feature","properties":{"id":618058148,"highway":"residential"},"geometry":{"type":"LineString","coordinates":[[85.6195933,20.1748947],[85.6199259,20.1743735],[85.620634,20.1743634],[85.620752,20.1743735],[85.6207842,20.1744843],[85.6210071,20.174456],[85.6211812,20.1744339],[85.6212885,20.174585],[85.6217284,20.1745346],[85.6224645,20.1744829]]}},{"type":"Feature","properties":{"id":618058149,"highway":"residential"},"geometry":{"type":"LineString","coordinates":[[85.6205749,20.1754788],[85.6211221,20.1753545],[85.6211421,20.1753442],[85.6211427,20.1753228],[85.6211303,20.1751457],[85.6211452,20.1751108],[85.6211844,20.1750964],[85.6225282,20.1749014]]}},{"type":"Feature","properties":{"id":618058150,"highway":"residential"},"geometry":{"type":"LineString","coordinates":[[85.6218114,20.1761868],[85.6219124,20.1760907],[85.6239849,20.1758096]]}},{"type":"Feature","properties":{"id":618058151,"highway":"residential"},"geometry":{"type":"LineString","coordinates":[[85.6222011,20.1767084],[85.6223867,20.176609],[85.6232927,20.1764761]]}},{"type":"Feature","properties":{"id":618058152,"highway":"residential"},"geometry":{"type":"LineString","coordinates":[[85.6240815,20.1762155],[85.6248924,20.1761107],[85.6250475,20.1768547]]}},{"type":"Feature","properties":{"id":618060076,"highway":"residential"},"geometry":{"type":"LineString","coordinates":[[85.6236814,20.1839773],[85.6238153,20.1834858],[85.6239171,20.1830443]]}},{"type":"Feature","properties":{"id":618060077,"highway":"residential"},"geometry":{"type":"LineString","coordinates":[[85.6197596,20.1765866],[85.620029,20.1765057],[85.6213278,20.1761806],[85.6214652,20.176814],[85.6217141,20.1767517],[85.6219486,20.1766855]]}},{"type":"Feature","properties":{"id":618060078,"highway":"residential"},"geometry":{"type":"LineString","coordinates":[[85.619663,20.1762241],[85.6207562,20.1759555]]}},{"type":"Feature","properties":{"id":618060079,"highway":"residential"},"geometry":{"type":"LineString","coordinates":[[85.6195235,20.175786],[85.6206391,20.1755025]]}},{"type":"Feature","properties":{"id":618060080,"highway":"residential"},"geometry":{"type":"LineString","coordinates":[[85.6199259,20.1743735],[85.6200868,20.1738599]]}},{"type":"Feature","properties":{"id":618060081,"highway":"residential"},"geometry":{"type":"LineString","coordinates":[[85.6184676,20.172904],[85.6188403,20.1729205],[85.6194193,20.1729117],[85.6199657,20.1728986],[85.6204234,20.1728854]]}},{"type":"Feature","properties":{"id":618060082,"highway":"residential"},"geometry":{"type":"LineString","coordinates":[[85.6184146,20.1723376],[85.6200311,20.172298],[85.6200731,20.1720964],[85.6201337,20.1720723],[85.6209137,20.1719736],[85.6218898,20.1719649],[85.6220328,20.1720044],[85.6221279,20.1720306],[85.622184,20.172149],[85.6221933,20.1723594],[85.6221746,20.1726881],[85.6222494,20.1727802],[85.6225296,20.1727802],[85.6229032,20.1726618],[85.623202,20.1725479],[85.623558,20.17246]]}},{"type":"Feature","properties":{"id":618060084,"highway":"residential"},"geometry":{"type":"LineString","coordinates":[[85.6142986,20.1724686],[85.6143348,20.1724725],[85.6146873,20.1725104],[85.6153173,20.1723509],[85.6155045,20.1722973],[85.6158977,20.1721848],[85.6160666,20.1720167],[85.6161804,20.1719035],[85.6162516,20.1718327],[85.6164938,20.1718131],[85.6171718,20.1717729],[85.6176131,20.1717231],[85.6184667,20.1716268]]}},{"type":"Feature","properties":{"id":618060085,"highway":"residential"},"geometry":{"type":"LineString","coordinates":[[85.6177757,20.1721878],[85.6178061,20.1723606],[85.6177248,20.1732462],[85.6177001,20.1732757],[85.6176453,20.1732888],[85.61733,20.1733827]]}},{"type":"Feature","properties":{"id":618060086,"highway":"residential"},"geometry":{"type":"LineString","coordinates":[[85.6160259,20.1742351],[85.6162729,20.173394],[85.6160666,20.1720167]]}},{"type":"Feature","properties":{"id":618060087,"highway":"residential"},"geometry":{"type":"LineString","coordinates":[[85.6153439,20.1740378],[85.6155045,20.1722973]]}},{"type":"Feature","properties":{"id":618060088,"highway":"residential"},"geometry":{"type":"LineString","coordinates":[[85.6150174,20.173928],[85.6153001,20.1746005],[85.6154801,20.1750285],[85.6160256,20.1753857],[85.6160888,20.1754271],[85.6168037,20.1757793],[85.617278,20.1761181],[85.6176956,20.1763972],[85.6182905,20.1766059],[85.6183185,20.1768224]]}},{"type":"Feature","properties":{"id":618060089,"highway":"residential"},"geometry":{"type":"LineString","coordinates":[[85.6157714,20.1766129],[85.6159045,20.1766095],[85.6161596,20.1766031],[85.6167598,20.1768683],[85.6167613,20.1768689],[85.6169665,20.1764703],[85.6167046,20.1762975]]}},{"type":"Feature","properties":{"id":618060090,"highway":"residential"},"geometry":{"type":"LineString","coordinates":[[85.6169665,20.1764703],[85.6174547,20.1767709]]}},{"type":"Feature","properties":{"id":618060091,"highway":"residential"},"geometry":{"type":"LineString","coordinates":[[85.6154029,20.1759584],[85.6155038,20.1759484],[85.6158269,20.175859],[85.6159543,20.1756331],[85.6160256,20.1753857],[85.6160507,20.1751943],[85.6160979,20.1748352],[85.6161203,20.1747427],[85.6169241,20.1750019],[85.6176248,20.1752145],[85.6175259,20.1756034],[85.6179313,20.175571],[85.6182229,20.1755477],[85.6186512,20.1755135]]}},{"type":"Feature","properties":{"id":618060092,"highway":"residential"},"geometry":{"type":"LineString","coordinates":[[85.6160507,20.1751943],[85.6175259,20.1756034],[85.617278,20.1761181]]}},{"type":"Feature","properties":{"id":618060093,"highway":"residential"},"geometry":{"type":"LineString","coordinates":[[85.6153001,20.1746005],[85.6160979,20.1748352]]}},{"type":"Feature","properties":{"id":618060094,"highway":"residential"},"geometry":{"type":"LineString","coordinates":[[85.6176248,20.1752145],[85.6177211,20.1748746]]}},{"type":"Feature","properties":{"id":618060095,"highway":"residential"},"geometry":{"type":"LineString","coordinates":[[85.6192486,20.177255],[85.6190193,20.1758989],[85.618637,20.1760251],[85.6181769,20.1761248],[85.6182905,20.1766059]]}},{"type":"Feature","properties":{"id":618060096,"highway":"residential"},"geometry":{"type":"LineString","coordinates":[[85.6187982,20.1769329],[85.618637,20.1760251]]}},{"type":"Feature","properties":{"id":618060097,"highway":"residential"},"geometry":{"type":"LineString","coordinates":[[85.6172264,20.1678016],[85.6174832,20.1677082],[85.6179221,20.1675222],[85.6182052,20.1675886],[85.6188281,20.1673096],[85.6206001,20.167457],[85.6206498,20.1674611],[85.6210649,20.1674956],[85.6213905,20.1674425],[85.6214625,20.1674409],[85.6226505,20.1674159],[85.6229478,20.1673893],[85.6229478,20.1675753],[85.6239526,20.1675609]]}},{"type":"Feature","properties":{"id":618060098,"highway":"residential"},"geometry":{"type":"LineString","coordinates":[[85.6206001,20.167457],[85.6204837,20.1667867],[85.6205082,20.1666552],[85.620857,20.1666255],[85.621535,20.1666472],[85.6215309,20.1668163],[85.6214625,20.1674409]]}},{"type":"Feature","properties":{"id":618060099,"highway":"residential"},"geometry":{"type":"LineString","coordinates":[[85.6239499,20.1668623],[85.6226682,20.1669469],[85.6226342,20.1668398],[85.6222373,20.1668705],[85.6218145,20.1667103],[85.6216849,20.1667133],[85.6215873,20.166708],[85.621535,20.1666472]]}},{"type":"Feature","properties":{"id":618060100,"highway":"residential"},"geometry":{"type":"LineString","coordinates":[[85.621535,20.1666472],[85.6215786,20.1664223],[85.6214918,20.1658219],[85.6219704,20.1657819],[85.6220461,20.1660091],[85.6220798,20.1660406],[85.6221805,20.1660324],[85.6222034,20.1660695],[85.6223128,20.1660209],[85.6225584,20.165917]]}},{"type":"Feature","properties":{"id":618060101,"highway":"residential"},"geometry":{"type":"LineString","coordinates":[[85.6226342,20.1668398],[85.6226934,20.1666043],[85.6227179,20.1663782],[85.6226794,20.1662118],[85.6225584,20.165917],[85.6228404,20.1652862],[85.6231746,20.1652886],[85.6235903,20.1651965],[85.6238882,20.1650955],[85.6243888,20.1649423],[85.6248698,20.16503],[85.6252668,20.1649993],[85.6253179,20.164896],[85.6253882,20.1647538],[85.6257198,20.1647056],[85.6257852,20.1648502]]}},{"type":"Feature","properties":{"id":618060103,"highway":"residential"},"geometry":{"type":"LineString","coordinates":[[85.6228404,20.1652862],[85.6223807,20.165179],[85.6221052,20.165179],[85.6216032,20.1651069],[85.6213951,20.1650226]]}},{"type":"Feature","properties":{"id":618060104,"highway":"residential"},"geometry":{"type":"LineString","coordinates":[[85.6161365,20.1669227],[85.6163109,20.166055],[85.6163513,20.165854],[85.6162876,20.1649238],[85.6162452,20.1639736],[85.6162857,20.1639546],[85.6165283,20.1638407],[85.6177033,20.1637743],[85.6185214,20.1639415],[85.6199114,20.1639967],[85.6199882,20.1639992]]}},{"type":"Feature","properties":{"id":618060105,"highway":"residential"},"geometry":{"type":"LineString","coordinates":[[85.616139,20.166658],[85.6158628,20.1664406],[85.6154382,20.1661065],[85.6155217,20.1658458],[85.6159641,20.1659631],[85.6163109,20.166055]]}},{"type":"Feature","properties":{"id":618060106,"highway":"residential"},"geometry":{"type":"LineString","coordinates":[[85.6153528,20.1662881],[85.6154382,20.1661065]]}},{"type":"Feature","properties":{"id":618060107,"highway":"residential"},"geometry":{"type":"LineString","coordinates":[[85.6165371,20.1684824],[85.6162664,20.1683122],[85.616066,20.1681861],[85.6156647,20.1679337],[85.615791,20.1674285],[85.6158473,20.1672035]]}},{"type":"Feature","properties":{"id":618060108,"highway":"residential"},"geometry":{"type":"LineString","coordinates":[[85.6167333,20.1681846],[85.6164957,20.167994],[85.6162925,20.1678309],[85.615791,20.1674285]]}},{"type":"Feature","properties":{"id":618060111,"highway":"residential"},"geometry":{"type":"LineString","coordinates":[[85.6144313,20.1715136],[85.6144473,20.1714286],[85.6144288,20.1713137],[85.6143552,20.1708572]]}},{"type":"Feature","properties":{"id":618060112,"highway":"residential"},"geometry":{"type":"LineString","coordinates":[[85.6118927,20.1739091],[85.6128334,20.1737408],[85.6128688,20.1735415],[85.6130352,20.1734509],[85.6131767,20.1733709],[85.6137865,20.1730419]]}},{"type":"Feature","properties":{"id":618060113,"highway":"residential"},"geometry":{"type":"LineString","coordinates":[[85.6131767,20.1733709],[85.6121159,20.1720151]]}},{"type":"Feature","properties":{"id":618060114,"highway":"residential"},"geometry":{"type":"LineString","coordinates":[[85.6118927,20.1739091],[85.6110779,20.173887],[85.610271,20.17398],[85.609963,20.1740268],[85.6095581,20.1743338],[85.6095048,20.1747773],[85.609445,20.1752065],[85.6093224,20.1754705],[85.6091951,20.1755945],[85.6090953,20.1756338],[85.6089626,20.1756346],[85.6088421,20.1756246],[85.6087162,20.1756413],[85.6086037,20.175696],[85.6085417,20.1757766],[85.6084306,20.1757872],[85.6076862,20.1757872],[85.6075387,20.1757872]]}},{"type":"Feature","properties":{"id":618060115,"highway":"residential"},"geometry":{"type":"LineString","coordinates":[[85.6119477,20.1742269],[85.6113257,20.1744717],[85.6107028,20.1749367],[85.6100162,20.1752822],[85.6099312,20.1757075],[85.6099047,20.1758324],[85.6097462,20.1758896],[85.6095388,20.1758782],[85.6093478,20.1758782],[85.6091796,20.1758685],[85.6090847,20.1756853],[85.6089626,20.1756346]]}},{"type":"Feature","properties":{"id":618060116,"highway":"residential"},"geometry":{"type":"LineString","coordinates":[[85.6112212,20.1761693],[85.6111152,20.1758696],[85.6109374,20.1753668],[85.6101609,20.1757484]]}},{"type":"Feature","properties":{"id":618060117,"highway":"residential"},"geometry":{"type":"LineString","coordinates":[[85.6111152,20.1758696],[85.6101893,20.1760079]]}},{"type":"Feature","properties":{"id":618060118,"highway":"residential"},"geometry":{"type":"LineString","coordinates":[[85.6120947,20.1759193],[85.6117236,20.1763815],[85.6113702,20.176776],[85.6106186,20.1776188],[85.610298,20.1779906],[85.6093361,20.1786904],[85.6085357,20.1792399],[85.6085104,20.179275],[85.6085145,20.1794072],[85.6083082,20.1795058],[85.6080955,20.179601],[85.6078222,20.1797882],[85.6075059,20.1799188],[85.6069655,20.1800058],[85.606919,20.1805874],[85.6069912,20.1810218]]}},{"type":"Feature","properties":{"id":618060119,"highway":"residential"},"geometry":{"type":"LineString","coordinates":[[85.6085357,20.1792399],[85.6084672,20.1789575]]}},{"type":"Feature","properties":{"id":618060120,"highway":"residential"},"geometry":{"type":"LineString","coordinates":[[85.6084672,20.1789575],[85.6083093,20.1781858],[85.6081228,20.1775394]]}},{"type":"Feature","properties":{"id":618060121,"highway":"residential"},"geometry":{"type":"LineString","coordinates":[[85.6085104,20.179275],[85.6079382,20.1792001],[85.606872,20.1792776],[85.6064399,20.1792633],[85.6064223,20.1784104],[85.6067945,20.1782426],[85.6069086,20.1781838],[85.6070892,20.17806],[85.6071212,20.177792],[85.6072266,20.177721],[85.6077407,20.1776204],[85.6081228,20.1775394]]}},{"type":"Feature","properties":{"id":618060122,"highway":"residential"},"geometry":{"type":"LineString","coordinates":[[85.6093361,20.1786904],[85.6091958,20.1786069],[85.6090154,20.1784427],[85.6086509,20.1783047],[85.6084691,20.1782437],[85.6083093,20.1781858]]}},{"type":"Feature","properties":{"id":618060123,"highway":"residential"},"geometry":{"type":"LineString","coordinates":[[85.6159756,20.1692872],[85.6159106,20.1692445],[85.6158488,20.1692094],[85.6159255,20.1690948],[85.6161956,20.1686912]]}},{"type":"Feature","properties":{"id":618297414,"highway":"unclassified"},"geometry":{"type":"LineString","coordinates":[[85.6347117,20.171901],[85.6348036,20.1718827],[85.6350397,20.1717377],[85.6352615,20.1715894],[85.6356758,20.171316],[85.6362215,20.1709541],[85.6366632,20.1706596],[85.6375065,20.170091],[85.6377702,20.1699176],[85.6382727,20.1696092],[85.6390458,20.1691404],[85.6400262,20.1685046],[85.6410264,20.167875],[85.6422162,20.1671095],[85.6425254,20.1669159],[85.6433969,20.1663508],[85.644214,20.1658149],[85.6448353,20.1654097],[85.6452974,20.1651043],[85.6455762,20.164893],[85.6456511,20.1648102],[85.6457134,20.164731],[85.6458285,20.1645237],[85.645852,20.1644771],[85.6460494,20.1640857],[85.6461526,20.1638752],[85.6462533,20.1636938],[85.6463142,20.1636247],[85.646427,20.1635393],[85.646574,20.1634704],[85.6467121,20.1634188],[85.6468687,20.1633729],[85.6469778,20.1633468],[85.6470312,20.1633267],[85.6470569,20.1632914],[85.6470596,20.1632502],[85.6470467,20.163217],[85.6470125,20.1631834],[85.6469391,20.1631761],[85.6468675,20.1631862],[85.6467659,20.1632184],[85.6466724,20.1632502],[85.6464409,20.1633949],[85.6463076,20.1635014],[85.6462129,20.1636166]]}},{"type":"Feature","properties":{"id":618297415,"highway":"unclassified"},"geometry":{"type":"LineString","coordinates":[[85.6259652,20.1759757],[85.626159,20.1759307],[85.6263501,20.1759231],[85.6266672,20.1758925],[85.62709,20.1758277],[85.6275535,20.175759],[85.627769,20.1757132],[85.6280332,20.1756025],[85.6284113,20.1753774],[85.6294765,20.174721],[85.6297001,20.1746027],[85.6299074,20.1745111],[85.6303139,20.1744272],[85.630814,20.1742249],[85.6317613,20.174057],[85.6321226,20.1740076]]}},{"type":"Feature","properties":{"id":618297429,"highway":"unclassified"},"geometry":{"type":"LineString","coordinates":[[85.6194466,20.1453946],[85.6192707,20.1459377],[85.6191196,20.1464043],[85.6191076,20.1464408],[85.6189845,20.1468045],[85.6186783,20.1476884],[85.6182967,20.1487115],[85.6182827,20.1487533]]}},{"type":"Feature","properties":{"id":618297435,"highway":"residential"},"geometry":{"type":"LineString","coordinates":[[85.6061963,20.160951],[85.6065926,20.1608638],[85.606837,20.1606746],[85.6071473,20.1606427],[85.6074699,20.160654],[85.6075281,20.1605933],[85.6076107,20.1605073]]}},{"type":"Feature","properties":{"id":618297437,"highway":"residential"},"geometry":{"type":"LineString","coordinates":[[85.6063667,20.1615137],[85.6067082,20.161541],[85.6070402,20.1615792],[85.6071392,20.1615906],[85.6074969,20.1615448],[85.6075416,20.1616249],[85.6075294,20.1617585],[85.60744,20.1618386],[85.60744,20.1620295],[85.607562,20.1620295],[85.6076921,20.1619531],[85.6078913,20.1618882],[85.6080295,20.1619035],[85.6082124,20.1618844],[85.6084523,20.1618539],[85.6086383,20.1619202],[85.608326,20.1621456],[85.6082878,20.1622714]]}},{"type":"Feature","properties":{"id":618297439,"highway":"residential"},"geometry":{"type":"LineString","coordinates":[[85.6075564,20.164672],[85.6077619,20.1646656],[85.60795,20.1646678],[85.6083132,20.1646964],[85.6086393,20.1646868],[85.6088335,20.1646811],[85.6091507,20.1647879],[85.6093339,20.1648213],[85.6097608,20.1648488],[85.6100342,20.1648767],[85.6103478,20.1649608],[85.6105329,20.1650398],[85.6110156,20.1651483],[85.6111102,20.1651696],[85.6113448,20.1651723],[85.6122325,20.1651827],[85.6124184,20.1652139],[85.6125804,20.1653457],[85.6126848,20.1654032],[85.6130463,20.1653742],[85.6134646,20.1652789]]}},{"type":"Feature","properties":{"id":618297441,"highway":"residential"},"geometry":{"type":"LineString","coordinates":[[85.6122325,20.1651827],[85.6123624,20.1645742],[85.6123136,20.164575],[85.6114598,20.1645895],[85.611346,20.1645971],[85.6114192,20.164185],[85.6120947,20.1641476]]}},{"type":"Feature","properties":{"id":618297443,"highway":"residential"},"geometry":{"type":"LineString","coordinates":[[85.6093371,20.1619017],[85.6093354,20.1620672],[85.6093312,20.1621838],[85.6093576,20.1624089],[85.6094356,20.1626682],[85.6095605,20.162939],[85.6095935,20.1631264],[85.6095898,20.1631859],[85.609535,20.1632278],[85.6093214,20.1632767],[85.6091419,20.1632619],[85.6090113,20.1632646],[85.6089275,20.1632781],[85.6088488,20.1633583],[85.6086082,20.1635443],[85.6083724,20.1636877],[85.6083068,20.1637306],[85.6082967,20.1638363],[85.6082898,20.1639095],[85.6082463,20.1639841],[85.6081587,20.1640171],[85.6077791,20.1641268],[85.6075191,20.1642335],[85.6073792,20.1642747]]}},{"type":"Feature","properties":{"id":618297445,"highway":"residential"},"geometry":{"type":"LineString","coordinates":[[85.6093339,20.1648213],[85.6092386,20.1638118],[85.6092374,20.1636959],[85.6096892,20.1635937],[85.6097489,20.1635802],[85.610211,20.1635512]]}},{"type":"Feature","properties":{"id":618297447,"highway":"residential"},"geometry":{"type":"LineString","coordinates":[[85.6096892,20.1635937],[85.6098474,20.1637363],[85.6101987,20.1637884],[85.6103219,20.1639041],[85.6104328,20.1639619],[85.610439,20.164095],[85.6105068,20.1643495],[85.6109566,20.1643784],[85.6111969,20.1643842],[85.6112339,20.1641817],[85.6114192,20.164185]]}},{"type":"Feature","properties":{"id":618297449,"highway":"residential"},"geometry":{"type":"LineString","coordinates":[[85.6098511,20.1642211],[85.6101139,20.164196],[85.61013,20.164347],[85.6102266,20.1643621],[85.6103478,20.1649608],[85.6104356,20.165385],[85.6098898,20.1654962]]}},{"type":"Feature","properties":{"id":618297451,"highway":"residential"},"geometry":{"type":"LineString","coordinates":[[85.6097608,20.1648488],[85.6098898,20.1654962],[85.609937,20.1657222],[85.6099959,20.1658714],[85.6100511,20.1659725],[85.6101361,20.1663003],[85.6101354,20.1668044],[85.6108542,20.1666155],[85.6112244,20.1664922],[85.611573,20.1664771],[85.6116535,20.1670108],[85.611852,20.1675345],[85.6120185,20.1679261]]}},{"type":"Feature","properties":{"id":618297453,"highway":"residential"},"geometry":{"type":"LineString","coordinates":[[85.6138075,20.1681748],[85.6137419,20.1681653],[85.6127961,20.168028],[85.6125393,20.1679924],[85.6120185,20.1679261],[85.6117384,20.1678898],[85.6116104,20.167925],[85.61129,20.1679664],[85.6111994,20.1680006],[85.6111148,20.1680125],[85.6110662,20.1677856],[85.6110234,20.167662],[85.6108186,20.1677072],[85.6104665,20.1678268],[85.6103953,20.1679112],[85.6102745,20.1679934],[85.6101506,20.1680492],[85.6099837,20.1680774],[85.6098518,20.1681111],[85.6095261,20.1682727]]}},{"type":"Feature","properties":{"id":618297455,"highway":"residential"},"geometry":{"type":"LineString","coordinates":[[85.6090111,20.167632],[85.6096955,20.1673835],[85.6098053,20.1673065],[85.6098403,20.1671518],[85.6098466,20.1669662],[85.6098684,20.1668703],[85.6101354,20.1668044]]}},{"type":"Feature","properties":{"id":618297457,"highway":"residential"},"geometry":{"type":"LineString","coordinates":[[85.6098053,20.1673065],[85.6108488,20.1671418],[85.6111052,20.1670892],[85.61129,20.1679664]]}},{"type":"Feature","properties":{"id":618297459,"highway":"residential"},"geometry":{"type":"LineString","coordinates":[[85.6108186,20.1677072],[85.6107845,20.1674238],[85.6108488,20.1671418],[85.6108971,20.1669303],[85.6108542,20.1666155]]}},{"type":"Feature","properties":{"id":618297460,"highway":"residential"},"geometry":{"type":"LineString","coordinates":[[85.611573,20.1664771],[85.6114888,20.165946],[85.6119126,20.1659309],[85.6120682,20.1659863]]}},{"type":"Feature","properties":{"id":618297461,"highway":"residential"},"geometry":{"type":"LineString","coordinates":[[85.6125393,20.1679924],[85.6125849,20.1675496],[85.6125983,20.1674638],[85.6126583,20.1666083]]}},{"type":"Feature","properties":{"id":618297462,"highway":"residential"},"geometry":{"type":"LineString","coordinates":[[85.6137374,20.1688584],[85.6136691,20.1688611],[85.611788,20.168952],[85.6113609,20.1689726],[85.6114263,20.1686395],[85.6113515,20.1684553],[85.6115048,20.1681647],[85.6116104,20.167925]]}},{"type":"Feature","properties":{"id":618297463,"highway":"residential"},"geometry":{"type":"LineString","coordinates":[[85.6082379,20.1661623],[85.6086088,20.1660801],[85.6090878,20.1660165]]}},{"type":"Feature","properties":{"id":618297464,"highway":"residential"},"geometry":{"type":"LineString","coordinates":[[85.6084987,20.1667036],[85.6090618,20.1665579],[85.609342,20.166536],[85.6093887,20.1665184],[85.6093545,20.1659802],[85.6093258,20.1657093],[85.6092678,20.1655335],[85.6092038,20.1653104],[85.6091712,20.1650746],[85.6091507,20.1647879]]}},{"type":"Feature","properties":{"id":618297465,"highway":"residential"},"geometry":{"type":"LineString","coordinates":[[85.6106431,20.1658172],[85.6107081,20.1660161],[85.6107879,20.1662612],[85.6108325,20.1664538],[85.6108542,20.1666155]]}},{"type":"Feature","properties":{"id":618297466,"highway":"residential"},"geometry":{"type":"LineString","coordinates":[[85.6060007,20.1601915],[85.6049608,20.160301],[85.604854,20.1609413],[85.6047926,20.1613092],[85.6054838,20.1614057],[85.6054091,20.1616161],[85.6059415,20.1617301],[85.6063655,20.161681]]}},{"type":"Feature","properties":{"id":618297467,"highway":"residential"},"geometry":{"type":"LineString","coordinates":[[85.6069087,20.1633053],[85.6060122,20.1634828],[85.6052036,20.1635187],[85.604976,20.1634576],[85.6048767,20.163431]]}},{"type":"Feature","properties":{"id":618297469,"highway":"residential"},"geometry":{"type":"LineString","coordinates":[[85.6074723,20.164687],[85.6072858,20.1647649],[85.6070389,20.1648475],[85.6067581,20.1648882],[85.6066411,20.1649097],[85.6063412,20.164942],[85.6062452,20.1646702],[85.6062333,20.1646392],[85.6061704,20.1644742],[85.6061328,20.1642154]]}},{"type":"Feature","properties":{"id":618297470,"highway":"residential"},"geometry":{"type":"LineString","coordinates":[[85.6066671,20.1626771],[85.6064154,20.1627269],[85.6061352,20.1627532],[85.605897,20.1628321],[85.6055701,20.1628803],[85.6054113,20.1628935]]}},{"type":"Feature","properties":{"id":618297471,"highway":"residential"},"geometry":{"type":"LineString","coordinates":[[85.6070767,20.1635481],[85.6071783,20.1635264],[85.6074117,20.1634577],[85.6075358,20.1634105],[85.6075738,20.1633024],[85.6075988,20.1632197]]}},{"type":"Feature","properties":{"id":618297472,"highway":"residential"},"geometry":{"type":"LineString","coordinates":[[85.6076341,20.1631708],[85.6075789,20.1630092],[85.6075342,20.1626324]]}},{"type":"Feature","properties":{"id":618297473,"highway":"residential"},"geometry":{"type":"LineString","coordinates":[[85.6078709,20.1692895],[85.6078808,20.1692218],[85.6077762,20.1687318],[85.6075752,20.1680623],[85.6074757,20.1677841],[85.6073764,20.167553],[85.6072718,20.1672753],[85.6071722,20.1670482],[85.6070726,20.1669184],[85.6067882,20.1662008],[85.6067625,20.1660771],[85.606756,20.1660328]]}},{"type":"Feature","properties":{"id":618302545,"highway":"residential"},"geometry":{"type":"LineString","coordinates":[[85.6123136,20.164575],[85.6123755,20.1643729]]}},{"type":"Feature","properties":{"id":618302553,"highway":"residential"},"geometry":{"type":"LineString","coordinates":[[85.6072431,20.1691054],[85.6073186,20.1685736],[85.6072229,20.1684659],[85.607199,20.1682414]]}},{"type":"Feature","properties":{"id":618312780,"highway":"trunk"},"geometry":{"type":"LineString","coordinates":[[85.6223041,20.186223],[85.6222767,20.186224],[85.6222492,20.1862345],[85.6222371,20.1862559],[85.6222345,20.1862816],[85.6222399,20.1863037],[85.6222574,20.1863264],[85.622285,20.1863367],[85.6223167,20.1863356]]}},{"type":"Feature","properties":{"id":618312782,"highway":"secondary"},"geometry":{"type":"LineString","coordinates":[[85.6223041,20.186223],[85.6221635,20.1860432]]}},{"type":"Feature","properties":{"id":618312784,"highway":"trunk"},"geometry":{"type":"LineString","coordinates":[[85.6224994,20.1862967],[85.6223275,20.1862469]]}},{"type":"Feature","properties":{"id":618312786,"highway":"secondary"},"geometry":{"type":"LineString","coordinates":[[85.6221635,20.1860432],[85.6222371,20.1862559]]}},{"type":"Feature","properties":{"id":618312787,"highway":"trunk"},"geometry":{"type":"LineString","coordinates":[[85.6222399,20.1863037],[85.6222108,20.1863808]]}},{"type":"Feature","properties":{"id":618567012,"highway":"primary"},"geometry":{"type":"LineString","coordinates":[[85.6142704,20.1737283],[85.6143348,20.1724725],[85.6143591,20.1719178],[85.6143859,20.1717391],[85.6144798,20.1715201],[85.6148269,20.1711036],[85.6149331,20.1709762],[85.6154936,20.1701001],[85.6156394,20.1698975],[85.6158586,20.1695929],[85.6160408,20.1693397],[85.6165558,20.1685819],[85.6165807,20.1685458],[85.6167972,20.1682672],[85.6168894,20.1680747]]}},{"type":"Feature","properties":{"id":618567013,"highway":"primary"},"geometry":{"type":"LineString","coordinates":[[85.6141687,20.1738063],[85.6139741,20.1740783],[85.6138799,20.1742093],[85.6134795,20.1747531],[85.6132416,20.1750699],[85.6131834,20.175147],[85.6129644,20.1754371],[85.6127437,20.1757294],[85.6125891,20.1759342],[85.6119651,20.1768653],[85.6115362,20.1776743],[85.6114386,20.1778708],[85.6113337,20.1782171],[85.6113207,20.17826],[85.6111174,20.1790556],[85.610902,20.1798532],[85.6108154,20.1801913],[85.6106865,20.1806946],[85.6105015,20.181473],[85.610347,20.1821312],[85.6103287,20.1823297],[85.61034,20.1823682],[85.6103457,20.1824344],[85.6103552,20.1825453],[85.6104365,20.1827494],[85.6104954,20.1828601],[85.6107408,20.1834401],[85.6107698,20.1835088],[85.6107835,20.183545],[85.6109279,20.1839295],[85.6110443,20.1842395],[85.6112679,20.1848042],[85.6114569,20.185409],[85.6116055,20.18606],[85.6116215,20.1861302],[85.6117212,20.1867369],[85.6118208,20.1873341],[85.6119102,20.1878969],[85.6119077,20.1879196],[85.6119077,20.1879443]]}},{"type":"Feature","properties":{"id":618567014,"highway":"tertiary"},"geometry":{"type":"LineString","coordinates":[[85.6113217,20.1833694],[85.6111753,20.1833878],[85.6110311,20.183398],[85.6109193,20.183398],[85.6107951,20.1833897]]}},{"type":"Feature","properties":{"id":618567015,"highway":"tertiary"},"geometry":{"type":"LineString","coordinates":[[85.6113217,20.1833694],[85.6112353,20.1834842],[85.6109463,20.1837715]]}},{"type":"Feature","properties":{"id":618567016,"highway":"residential"},"geometry":{"type":"LineString","coordinates":[[85.6107835,20.183545],[85.6072929,20.1835104],[85.6072481,20.1834684],[85.6072522,20.1834188],[85.6073132,20.1833959],[85.6091508,20.1834035],[85.6107408,20.1834401]]}},{"type":"Feature","properties":{"id":618567017,"highway":"residential"},"geometry":{"type":"LineString","coordinates":[[85.6084476,20.1815983],[85.6079057,20.181644],[85.6073005,20.1817262],[85.607124,20.181756],[85.6070147,20.181822],[85.6069281,20.1819687],[85.6068517,20.1820287],[85.6066509,20.1820659],[85.6062179,20.1821319],[85.6059018,20.1821623]]}},{"type":"Feature","properties":{"id":618567018,"highway":"residential"},"geometry":{"type":"LineString","coordinates":[[85.6099562,20.1814931],[85.6102274,20.1805357],[85.610314,20.1800762],[85.6094427,20.1799191],[85.609354,20.1803268],[85.6093496,20.1803507],[85.6091291,20.1815408]]}},{"type":"Feature","properties":{"id":618567019,"highway":"residential"},"geometry":{"type":"LineString","coordinates":[[85.6102274,20.1805357],[85.6093496,20.1803507]]}},{"type":"Feature","properties":{"id":618567020,"highway":"residential"},"geometry":{"type":"LineString","coordinates":[[85.6069655,20.1800058],[85.6067308,20.1800303],[85.6066778,20.1800495],[85.6065006,20.1801208],[85.6062764,20.1801997],[85.6059293,20.1802906],[85.6059212,20.1803942],[85.6059307,20.1807893],[85.6059328,20.1810437]]}},{"type":"Feature","properties":{"id":618567021,"highway":"residential"},"geometry":{"type":"LineString","coordinates":[[85.6029692,20.1799007],[85.6034071,20.1796006],[85.603736,20.179117],[85.6038387,20.178911],[85.6039274,20.1787882],[85.6039788,20.1786041],[85.6039928,20.1784682],[85.6045252,20.1783499],[85.60494,20.1781611],[85.6053378,20.1777187],[85.6060106,20.1771656]]}},{"type":"Feature","properties":{"id":618567023,"highway":"residential"},"geometry":{"type":"LineString","coordinates":[[85.6073694,20.1893618],[85.6075142,20.1895372],[85.6076417,20.1895704],[85.607939,20.1895106],[85.6081712,20.1894325],[85.6084132,20.1893511],[85.6096165,20.188999],[85.6098218,20.1896434],[85.6098997,20.1899557],[85.61002,20.190155],[85.6100058,20.1905005],[85.610112,20.1905868],[85.6101191,20.1909788]]}},{"type":"Feature","properties":{"id":618567024,"highway":"residential"},"geometry":{"type":"LineString","coordinates":[[85.6096165,20.188999],[85.6095451,20.1886981]]}},{"type":"Feature","properties":{"id":618567025,"highway":"residential"},"geometry":{"type":"LineString","coordinates":[[85.6120212,20.1879761],[85.6121081,20.1889392],[85.6121506,20.1894641],[85.6122214,20.1899956],[85.6121648,20.1905137]]}},{"type":"Feature","properties":{"id":618567026,"highway":"residential"},"geometry":{"type":"LineString","coordinates":[[85.6139762,20.1883674],[85.6136158,20.1884277],[85.6133115,20.1884277],[85.612816,20.1885008]]}},{"type":"Feature","properties":{"id":618567027,"highway":"residential"},"geometry":{"type":"LineString","coordinates":[[85.6140054,20.1885306],[85.6145643,20.1884941],[85.614621,20.1886669],[85.6150457,20.188627]]}},{"type":"Feature","properties":{"id":618567028,"highway":"residential"},"geometry":{"type":"LineString","coordinates":[[85.6140403,20.1887256],[85.6133256,20.1888263]]}},{"type":"Feature","properties":{"id":618567029,"highway":"primary"},"geometry":{"type":"LineString","coordinates":[[85.6119077,20.1879443],[85.6118989,20.1879695],[85.6118773,20.1879991],[85.6118503,20.1880282]]}},{"type":"Feature","properties":{"id":618567030,"highway":"primary"},"geometry":{"type":"LineString","coordinates":[[85.6120212,20.1879761],[85.6119853,20.1879618],[85.6119719,20.1879531],[85.6119632,20.1879437],[85.6119562,20.1879322],[85.6119527,20.1879257],[85.6119485,20.1879178],[85.6119398,20.1878999],[85.6119351,20.1878873],[85.6118401,20.187199]]}},{"type":"Feature","properties":{"id":618567032,"highway":"primary"},"geometry":{"type":"LineString","coordinates":[[85.6119077,20.1879443],[85.6119176,20.1879284],[85.6119297,20.1879221],[85.6119424,20.1879221],[85.6119527,20.1879257]]}},{"type":"Feature","properties":{"id":618567037,"highway":"residential"},"geometry":{"type":"LineString","coordinates":[[85.6162857,20.1639546],[85.615876,20.1638606],[85.6158434,20.1637817],[85.6160582,20.1632732],[85.6177033,20.1637743]]}},{"type":"Feature","properties":{"id":618567038,"highway":"residential"},"geometry":{"type":"LineString","coordinates":[[85.6149801,20.1606665],[85.6152089,20.1605384],[85.6154637,20.1604919],[85.615938,20.1605583]]}},{"type":"Feature","properties":{"id":618567045,"highway":"residential"},"geometry":{"type":"LineString","coordinates":[[85.6185404,20.199544],[85.6181306,20.199361],[85.6179614,20.1992992],[85.6176545,20.1991871],[85.617333,20.1990603],[85.6171024,20.1989683],[85.6165489,20.1987317],[85.6160387,20.1985768]]}},{"type":"Feature","properties":{"id":618567046,"highway":"residential"},"geometry":{"type":"LineString","coordinates":[[85.6191578,20.1989536],[85.6187983,20.1987312],[85.6186727,20.198679],[85.6184588,20.198564],[85.6180136,20.1983955],[85.6177207,20.1982515],[85.6176653,20.1982736],[85.616975,20.1985569],[85.6165489,20.1987317]]}},{"type":"Feature","properties":{"id":618567047,"highway":"residential"},"geometry":{"type":"LineString","coordinates":[[85.6168334,20.1977194],[85.6173821,20.1975999],[85.6175235,20.1975691],[85.6182388,20.197412],[85.6192612,20.1971874],[85.6199267,20.1967016],[85.6206866,20.1964205],[85.6212296,20.1962197]]}},{"type":"Feature","properties":{"id":618567048,"highway":"residential"},"geometry":{"type":"LineString","coordinates":[[85.614299,20.1977582],[85.6153886,20.197637],[85.6154109,20.1977484],[85.6154496,20.1978527],[85.6154405,20.198001],[85.6154457,20.1981186],[85.6154713,20.1982721],[85.6155786,20.198512],[85.6156541,20.1986396],[85.6157521,20.1986979],[85.6158467,20.1987658],[85.6159165,20.1988617],[85.6159673,20.1989734],[85.6161925,20.1991305],[85.6168953,20.1993996],[85.6181477,20.1999047]]}},{"type":"Feature","properties":{"id":618567049,"highway":"residential"},"geometry":{"type":"LineString","coordinates":[[85.6156939,20.1976382],[85.6156631,20.1970659],[85.6156707,20.1970223],[85.6156944,20.197003],[85.6157446,20.1969998],[85.6161343,20.1970068],[85.6168064,20.1969994],[85.6174126,20.1969792],[85.618051,20.1968291],[85.6181368,20.1970304],[85.6182388,20.197412]]}},{"type":"Feature","properties":{"id":618567050,"highway":"residential"},"geometry":{"type":"LineString","coordinates":[[85.6175235,20.1975691],[85.6174126,20.1969792]]}},{"type":"Feature","properties":{"id":618567051,"highway":"residential"},"geometry":{"type":"LineString","coordinates":[[85.6168064,20.1969994],[85.6168048,20.1968699],[85.6168094,20.1968249],[85.6168311,20.1967917],[85.6169276,20.1967739],[85.6168453,20.1962921],[85.6169942,20.1962501],[85.6176164,20.1961242],[85.6180134,20.1960185],[85.6181904,20.1960286],[85.6184855,20.195943],[85.618641,20.1958423],[85.6191882,20.1957819],[85.6193171,20.1958015],[85.6195852,20.1958423],[85.6200465,20.1959279],[85.6205991,20.1958876],[85.6215209,20.1956375]]}},{"type":"Feature","properties":{"id":618567052,"highway":"residential"},"geometry":{"type":"LineString","coordinates":[[85.6193171,20.1958015],[85.6194564,20.1955905],[85.6201127,20.1948985]]}},{"type":"Feature","properties":{"id":618567053,"highway":"residential"},"geometry":{"type":"LineString","coordinates":[[85.6206866,20.1964205],[85.6205991,20.1958876],[85.6205934,20.1956087],[85.6206288,20.1952732],[85.6208411,20.1953297],[85.6215911,20.1955027]]}},{"type":"Feature","properties":{"id":618567054,"highway":"residential"},"geometry":{"type":"LineString","coordinates":[[85.6206288,20.1952732],[85.6206362,20.195233],[85.6206994,20.1948902]]}},{"type":"Feature","properties":{"id":618567055,"highway":"residential"},"geometry":{"type":"LineString","coordinates":[[85.6206362,20.195233],[85.6201404,20.195147],[85.6200696,20.1951437]]}},{"type":"Feature","properties":{"id":618567056,"highway":"residential"},"geometry":{"type":"LineString","coordinates":[[85.6194554,20.1948485],[85.6193209,20.1938717],[85.6191845,20.1938237],[85.6190845,20.1938067],[85.6190109,20.1938061],[85.6188008,20.1930599],[85.6178872,20.1932011],[85.6170046,20.1933589],[85.6163695,20.1934246],[85.6153499,20.1936009]]}},{"type":"Feature","properties":{"id":618567057,"highway":"residential"},"geometry":{"type":"LineString","coordinates":[[85.614844,20.1954181],[85.6150104,20.1966884]]}},{"type":"Feature","properties":{"id":618567059,"highway":"residential"},"geometry":{"type":"LineString","coordinates":[[85.6202182,20.1937155],[85.6210501,20.1934899],[85.6212781,20.1934841],[85.6215646,20.193458],[85.6221346,20.193406],[85.6227878,20.1933627],[85.6228888,20.1934046]]}},{"type":"Feature","properties":{"id":618567060,"highway":"residential"},"geometry":{"type":"LineString","coordinates":[[85.6212781,20.1934841],[85.6214537,20.1943256],[85.6215057,20.1948674]]}},{"type":"Feature","properties":{"id":618567062,"highway":"residential"},"geometry":{"type":"LineString","coordinates":[[85.6215646,20.193458],[85.6216447,20.1937704],[85.6217094,20.1942302],[85.6217774,20.1948519]]}},{"type":"Feature","properties":{"id":618567064,"highway":"residential"},"geometry":{"type":"LineString","coordinates":[[85.6235102,20.1947595],[85.623382,20.1949045],[85.6231252,20.1951938],[85.6228403,20.1954041],[85.6225181,20.1954962],[85.6223966,20.1954918],[85.6217895,20.1955663],[85.6215742,20.1955309]]}},{"type":"Feature","properties":{"id":618567066,"highway":"residential"},"geometry":{"type":"LineString","coordinates":[[85.6239653,20.193572],[85.6240498,20.19277],[85.6239844,20.1925947],[85.6237836,20.191591],[85.623202,20.1915425]]}},{"type":"Feature","properties":{"id":618567068,"highway":"residential"},"geometry":{"type":"LineString","coordinates":[[85.6232102,20.1912455],[85.6245028,20.1912491]]}},{"type":"Feature","properties":{"id":618567070,"highway":"residential"},"geometry":{"type":"LineString","coordinates":[[85.623254,20.1898684],[85.6241899,20.189772],[85.6241479,20.18904],[85.624054,20.1889927],[85.6239564,20.1889436],[85.6235361,20.1889524],[85.6231608,20.1890397]]}},{"type":"Feature","properties":{"id":618567072,"highway":"residential"},"geometry":{"type":"LineString","coordinates":[[85.624054,20.1889927],[85.6239984,20.1883081],[85.6239708,20.1876912]]}},{"type":"Feature","properties":{"id":618567073,"highway":"residential"},"geometry":{"type":"LineString","coordinates":[[85.625222,20.1885316],[85.6249661,20.1872709]]}},{"type":"Feature","properties":{"id":618567075,"highway":"residential"},"geometry":{"type":"LineString","coordinates":[[85.6227831,20.1879085],[85.6218502,20.1879969]]}},{"type":"Feature","properties":{"id":618567077,"highway":"residential"},"geometry":{"type":"LineString","coordinates":[[85.6195306,20.1868463],[85.6195449,20.1872453],[85.6195909,20.1872951]]}},{"type":"Feature","properties":{"id":618567078,"highway":"residential"},"geometry":{"type":"LineString","coordinates":[[85.6191856,20.1868642],[85.6192264,20.1869464],[85.6192866,20.1871955],[85.6194954,20.1875841],[85.6195131,20.1876373],[85.6196511,20.1876439],[85.6196546,20.1874745],[85.6195909,20.1872951]]}},{"type":"Feature","properties":{"id":618567086,"highway":"residential"},"geometry":{"type":"LineString","coordinates":[[85.6221594,20.2005734],[85.6221475,20.2001923],[85.6221349,20.1997878],[85.6221247,20.199462],[85.6220736,20.1978245],[85.6234705,20.1977468],[85.6240779,20.197713]]}},{"type":"Feature","properties":{"id":618567087,"highway":"residential"},"geometry":{"type":"LineString","coordinates":[[85.6221349,20.1997878],[85.6241893,20.1996654]]}},{"type":"Feature","properties":{"id":618567089,"highway":"residential"},"geometry":{"type":"LineString","coordinates":[[85.6241494,20.1985357],[85.6251909,20.1984891],[85.6251909,20.1989541]]}},{"type":"Feature","properties":{"id":618567090,"highway":"residential"},"geometry":{"type":"LineString","coordinates":[[85.6241101,20.198015],[85.6250918,20.1978182],[85.6250989,20.1979577],[85.6250564,20.198044],[85.6251909,20.1984891]]}},{"type":"Feature","properties":{"id":618567091,"highway":"residential"},"geometry":{"type":"LineString","coordinates":[[85.6234705,20.1977468],[85.6233646,20.1971206],[85.6230036,20.1971539]]}},{"type":"Feature","properties":{"id":618567099,"highway":"residential"},"geometry":{"type":"LineString","coordinates":[[85.6439183,20.1849575],[85.6434445,20.1850603],[85.6430386,20.185186],[85.6427691,20.1852685],[85.6424461,20.1853252]]}},{"type":"Feature","properties":{"id":618567100,"highway":"residential"},"geometry":{"type":"LineString","coordinates":[[85.6418273,20.1828912],[85.6427242,20.1827609]]}},{"type":"Feature","properties":{"id":618567101,"highway":"residential"},"geometry":{"type":"LineString","coordinates":[[85.6398475,20.1819881],[85.639723,20.1820553],[85.6396294,20.1820996],[85.6394999,20.183426],[85.6394283,20.1839109],[85.639354,20.1845248],[85.6392764,20.1850854],[85.6392417,20.1853176],[85.6391743,20.1857684],[85.6391413,20.1861027],[85.6391386,20.1863532],[85.6391578,20.1865391],[85.6391681,20.186639],[85.6392968,20.1872358],[85.6393666,20.1875],[85.6394677,20.1878885]]}},{"type":"Feature","properties":{"id":618571457,"highway":"residential"},"geometry":{"type":"LineString","coordinates":[[85.6190037,20.1816715],[85.6184388,20.1818428],[85.6182306,20.1818709]]}},{"type":"Feature","properties":{"id":618571460,"highway":"residential"},"geometry":{"type":"LineString","coordinates":[[85.6172166,20.1819559],[85.6172019,20.1817127]]}},{"type":"Feature","properties":{"id":618571461,"highway":"residential"},"geometry":{"type":"LineString","coordinates":[[85.6179606,20.1801606],[85.6177775,20.1802097],[85.6174625,20.1802296],[85.6173386,20.1802363]]}},{"type":"Feature","properties":{"id":618571466,"highway":"residential"},"geometry":{"type":"LineString","coordinates":[[85.6191582,20.1816667],[85.6197463,20.1813107],[85.6201215,20.1812642]]}},{"type":"Feature","properties":{"id":618571467,"highway":"residential"},"geometry":{"type":"LineString","coordinates":[[85.6197463,20.1813107],[85.6197275,20.181232],[85.6197103,20.1811785],[85.6196795,20.1811523],[85.6196247,20.1811325],[85.6195713,20.1811162],[85.61951,20.1810997]]}},{"type":"Feature","properties":{"id":618571470,"highway":"residential"},"geometry":{"type":"LineString","coordinates":[[85.6182433,20.1803724],[85.619387,20.1796649],[85.6192163,20.1794245]]}},{"type":"Feature","properties":{"id":619211089,"highway":"residential"},"geometry":{"type":"LineString","coordinates":[[85.6121358,20.1747281],[85.6119062,20.1747373],[85.6116474,20.1748357],[85.6115981,20.174801],[85.611478,20.1746535],[85.6113257,20.1744717]]}},{"type":"Feature","properties":{"id":619211090,"highway":"residential"},"geometry":{"type":"LineString","coordinates":[[85.6091705,20.1711676],[85.609277,20.1715929],[85.6090912,20.1717018],[85.608935,20.1717964],[85.6088797,20.1719121],[85.6088765,20.1720621],[85.6089832,20.1722506],[85.6092635,20.172584],[85.6091909,20.172636],[85.6090982,20.1726583],[85.6090585,20.172697],[85.6090865,20.1728885],[85.6090998,20.1729916],[85.6090789,20.1731199],[85.6090503,20.1732037],[85.6089173,20.1732151],[85.6088315,20.1732151],[85.608751,20.1732503],[85.6083166,20.1733103]]}},{"type":"Feature","properties":{"id":619211091,"highway":"residential"},"geometry":{"type":"LineString","coordinates":[[85.6086181,20.171842],[85.6087667,20.1719211],[85.6088765,20.1720621],[85.6090461,20.1720922],[85.6091855,20.1721879],[85.6093679,20.1723742],[85.6095342,20.1724849],[85.609722,20.1726461],[85.6097525,20.1726968]]}},{"type":"Feature","properties":{"id":619211092,"highway":"residential"},"geometry":{"type":"LineString","coordinates":[[85.6097525,20.1726968],[85.6096138,20.1727889],[85.6094734,20.1728834],[85.6093709,20.1729119],[85.6093334,20.1728199],[85.609306,20.1726863],[85.6092635,20.172584]]}},{"type":"Feature","properties":{"id":619211093,"highway":"residential"},"geometry":{"type":"LineString","coordinates":[[85.609963,20.1740268],[85.6099097,20.1736884],[85.6099473,20.1736078],[85.609895,20.1734373],[85.6098759,20.1733189],[85.6098311,20.1731433],[85.609727,20.173167],[85.6094234,20.1732598],[85.6093137,20.1732726]]}},{"type":"Feature","properties":{"id":619211094,"highway":"residential"},"geometry":{"type":"LineString","coordinates":[[85.6095581,20.1743338],[85.6091964,20.1744077],[85.6089629,20.1743375],[85.6086734,20.1744427],[85.6085893,20.1745392],[85.6086827,20.1750827],[85.608608,20.1753896],[85.6086037,20.175696]]}},{"type":"Feature","properties":{"id":619211097,"highway":"residential"},"geometry":{"type":"LineString","coordinates":[[85.6425534,20.1810292],[85.643188,20.1807952],[85.6437278,20.1806096],[85.6444454,20.1803628],[85.6446869,20.1802797],[85.6448151,20.1802356],[85.6459944,20.1798139],[85.6460915,20.1798058],[85.6461804,20.1798435],[85.6462201,20.1799256],[85.6463799,20.1803728],[85.6464366,20.1804148],[85.6465142,20.1804243],[85.6468072,20.1803231]]}},{"type":"Feature","properties":{"id":619211098,"highway":"residential"},"geometry":{"type":"LineString","coordinates":[[85.6414113,20.1785465],[85.6421425,20.1781821],[85.6422378,20.1781633],[85.6423292,20.1781963],[85.6429299,20.1791552],[85.6430154,20.1792059],[85.6431362,20.1791969],[85.6440675,20.1786967],[85.6452499,20.1780616],[85.6457355,20.1778008]]}},{"type":"Feature","properties":{"id":619512686,"highway":"unclassified"},"geometry":{"type":"LineString","coordinates":[[85.6081002,20.1886719],[85.6081415,20.1885264],[85.6081719,20.1884212],[85.6081532,20.1882788],[85.6080925,20.1880158],[85.6080411,20.1877769],[85.6080201,20.1874504],[85.6079903,20.1871053],[85.6079781,20.1869638],[85.6079337,20.1863721],[85.6079244,20.186188],[85.6079267,20.1861332],[85.6079477,20.1861026],[85.6079911,20.186074]]}},{"type":"Feature","properties":{"id":619512688,"highway":"unclassified"},"geometry":{"type":"LineString","coordinates":[[85.6079191,20.187396],[85.6077176,20.1874139],[85.6076499,20.1874161],[85.6075869,20.187392],[85.6075716,20.1873628],[85.6075565,20.187243],[85.6075799,20.1872189],[85.6076359,20.1871948],[85.6077176,20.1871707],[85.6077783,20.1871444],[85.6078942,20.1871291],[85.6079903,20.1871053]]}},{"type":"Feature","properties":{"id":619512691,"highway":"residential"},"geometry":{"type":"LineString","coordinates":[[85.6074829,20.1878023],[85.607435,20.1877701],[85.6073301,20.1877824],[85.6072596,20.187846]]}},{"type":"Feature","properties":{"id":619512693,"highway":"residential"},"geometry":{"type":"LineString","coordinates":[[85.6072015,20.1877946],[85.6071699,20.1875222],[85.6071268,20.1871462],[85.6070898,20.186912],[85.6071175,20.1868889],[85.6071699,20.1868975],[85.6073178,20.1869004],[85.6075366,20.1868802],[85.6077399,20.1868744],[85.607743,20.1869987],[85.607881,20.1869882]]}},{"type":"Feature","properties":{"id":619512694,"highway":"residential"},"geometry":{"type":"LineString","coordinates":[[85.6070271,20.1882707],[85.6068113,20.188179],[85.6067308,20.1881034],[85.6066235,20.1876503],[85.6066557,20.187605],[85.6066021,20.187323]]}},{"type":"Feature","properties":{"id":619512695,"highway":"residential"},"geometry":{"type":"LineString","coordinates":[[85.6067308,20.1881034],[85.6064626,20.1881286],[85.6062695,20.1882243],[85.606307,20.1885062],[85.6064733,20.1892614],[85.6066879,20.1892111],[85.60694,20.1891859],[85.607219,20.189191],[85.6074389,20.1892463],[85.6075148,20.1892996]]}},{"type":"Feature","properties":{"id":619512696,"highway":"residential"},"geometry":{"type":"LineString","coordinates":[[85.6064733,20.1892614],[85.6063607,20.1893017],[85.6060978,20.1893017],[85.6059637,20.1892866],[85.6059369,20.1892312],[85.6055882,20.1892413],[85.605379,20.1892665]]}},{"type":"Feature","properties":{"id":619512697,"highway":"secondary"},"geometry":{"type":"LineString","coordinates":[[85.6108657,20.1700231],[85.6109561,20.1699674]]}},{"type":"Feature","properties":{"id":619512699,"highway":"residential"},"geometry":{"type":"LineString","coordinates":[[85.6002978,20.1507089],[85.6002736,20.1506404],[85.6001622,20.1503257],[85.6001417,20.1502679],[85.6000314,20.1499564],[85.5998692,20.1494983],[85.5998059,20.1493196]]}},{"type":"Feature","properties":{"id":619512700,"highway":"residential"},"geometry":{"type":"LineString","coordinates":[[85.5998692,20.1494983],[85.6001351,20.1493975],[85.6003178,20.1493283],[85.6004963,20.1492606],[85.600854,20.1491251],[85.6010167,20.1490734]]}},{"type":"Feature","properties":{"id":619512701,"highway":"residential"},"geometry":{"type":"LineString","coordinates":[[85.6001417,20.1502679],[85.6003928,20.1501741],[85.6008101,20.1500181]]}},{"type":"Feature","properties":{"id":619512702,"highway":"residential"},"geometry":{"type":"LineString","coordinates":[[85.6000314,20.1499564],[85.6002909,20.1498671],[85.6004874,20.1497994],[85.6006736,20.1497352],[85.6010825,20.1495944],[85.600854,20.1491251]]}},{"type":"Feature","properties":{"id":619512703,"highway":"residential"},"geometry":{"type":"LineString","coordinates":[[85.6003928,20.1501741],[85.6002909,20.1498671],[85.6001351,20.1493975]]}},{"type":"Feature","properties":{"id":619512704,"highway":"residential"},"geometry":{"type":"LineString","coordinates":[[85.6004874,20.1497994],[85.6003178,20.1493283]]}},{"type":"Feature","properties":{"id":619512705,"highway":"residential"},"geometry":{"type":"LineString","coordinates":[[85.6006736,20.1497352],[85.6004963,20.1492606]]}},{"type":"Feature","properties":{"id":619512706,"highway":"residential"},"geometry":{"type":"LineString","coordinates":[[85.6002736,20.1506404],[85.6008387,20.1504007]]}},{"type":"Feature","properties":{"id":619932870,"highway":"residential"},"geometry":{"type":"LineString","coordinates":[[85.6225651,20.1836055],[85.6222468,20.1836731],[85.6221977,20.1836621],[85.622172,20.1836446],[85.6221324,20.1836227],[85.6220833,20.1835657],[85.6220483,20.1834912],[85.6220016,20.1834079],[85.6219549,20.183283],[85.6219199,20.1831909],[85.6219059,20.1831625],[85.6218852,20.1831218]]}},{"type":"Feature","properties":{"id":619932871,"highway":"residential"},"geometry":{"type":"LineString","coordinates":[[85.6240687,20.1825659],[85.6240236,20.1825377],[85.6239651,20.1825059],[85.6239034,20.1825016],[85.6237956,20.1824828],[85.6236785,20.1824828],[85.6235229,20.1824886],[85.6234767,20.1824871]]}},{"type":"Feature","properties":{"id":619932873,"highway":"residential"},"geometry":{"type":"LineString","coordinates":[[85.6285117,20.1864844],[85.6285534,20.1859174],[85.6285908,20.1853344],[85.6286888,20.185238],[85.6286888,20.1851547],[85.6288663,20.1850802],[85.6292259,20.1850232]]}},{"type":"Feature","properties":{"id":619932874,"highway":"residential"},"geometry":{"type":"LineString","coordinates":[[85.6290986,20.1866013],[85.6291293,20.1864629],[85.6292346,20.1864671],[85.6294189,20.1864745],[85.6293943,20.1862721],[85.629573,20.1862258],[85.6295606,20.1858846],[85.6295545,20.1857921],[85.6294559,20.1857863],[85.6294004,20.1856532],[85.6293388,20.1856475],[85.6293142,20.1854103]]}},{"type":"Feature","properties":{"id":619932875,"highway":"residential"},"geometry":{"type":"LineString","coordinates":[[85.6300762,20.1867961],[85.6300638,20.1867372],[85.6300588,20.1867137],[85.6299477,20.1864338],[85.6298749,20.1862374],[85.6299365,20.1861506],[85.6299981,20.1861506],[85.6299858,20.1860003],[85.6299242,20.1858268],[85.629801,20.1857053],[85.6297209,20.1855144],[85.6295853,20.1851674]]}},{"type":"Feature","properties":{"id":619932876,"highway":"residential"},"geometry":{"type":"LineString","coordinates":[[85.6300588,20.1867137],[85.6302419,20.1865757],[85.6303802,20.1864687],[85.6305404,20.1863646],[85.6306513,20.186301],[85.6308054,20.1863935],[85.6309216,20.186449]]}},{"type":"Feature","properties":{"id":619932877,"highway":"residential"},"geometry":{"type":"LineString","coordinates":[[85.629445,20.1866704],[85.6294929,20.1870529],[85.6296346,20.1874866],[85.6296592,20.1879435]]}},{"type":"Feature","properties":{"id":619932885,"highway":"residential"},"geometry":{"type":"LineString","coordinates":[[85.636116,20.1873195],[85.6364788,20.1872285],[85.6370194,20.1870888]]}},{"type":"Feature","properties":{"id":619932886,"highway":"residential"},"geometry":{"type":"LineString","coordinates":[[85.636658,20.1862341],[85.6366721,20.1864613],[85.6366984,20.1866579],[85.6367163,20.1867372],[85.63678,20.1869033],[85.6368647,20.1870027],[85.6370194,20.1870888],[85.6371223,20.1870892],[85.6372367,20.1870475],[85.6376478,20.1868787]]}},{"type":"Feature","properties":{"id":619932887,"highway":"residential"},"geometry":{"type":"LineString","coordinates":[[85.6427964,20.1823442],[85.6425597,20.1823791],[85.6423004,20.1824311],[85.6419092,20.1825312],[85.6418484,20.1825625],[85.6418202,20.1826197],[85.6418179,20.1827101],[85.6418273,20.1828912],[85.641847,20.1833398],[85.6418584,20.1834866],[85.6418713,20.1836877],[85.6418837,20.1839618],[85.6419012,20.1841643],[85.6419193,20.1843958],[85.6419339,20.1846689],[85.6419459,20.1850515],[85.6419365,20.1851067],[85.6418956,20.1851621],[85.6418105,20.1852037],[85.641343,20.1852987],[85.6411796,20.1853401],[85.640898,20.1854106],[85.6406379,20.1854785],[85.6404464,20.1855202],[85.6401069,20.1855843],[85.6397501,20.1856648],[85.6394609,20.1857283],[85.6391743,20.1857684],[85.638773,20.1857976],[85.638625,20.1858268],[85.638054,20.1861295]]}},{"type":"Feature","properties":{"id":619932891,"highway":"residential"},"geometry":{"type":"LineString","coordinates":[[85.6380918,20.1844942],[85.6376365,20.1839477],[85.6375728,20.1838964],[85.6374995,20.1838764],[85.6374249,20.1838847],[85.6372918,20.1839144],[85.6371269,20.1839488],[85.6369431,20.183967],[85.636775,20.1839773],[85.6366559,20.1839959],[85.6362032,20.1841177]]}},{"type":"Feature","properties":{"id":619932892,"highway":"residential"},"geometry":{"type":"LineString","coordinates":[[85.635086,20.1832395],[85.6357304,20.1830535]]}},{"type":"Feature","properties":{"id":619932893,"highway":"residential"},"geometry":{"type":"LineString","coordinates":[[85.6348607,20.1856183],[85.6347364,20.1856816],[85.6345433,20.1857756],[85.6343757,20.1858374],[85.6341865,20.1858962],[85.6340236,20.1859835],[85.633883,20.1860849],[85.6337488,20.1862088],[85.6336424,20.1863356],[85.6335891,20.1864756],[85.633574,20.1866014]]}},{"type":"Feature","properties":{"id":619932894,"highway":"residential"},"geometry":{"type":"LineString","coordinates":[[85.6391681,20.186639],[85.6393113,20.1866343],[85.6397314,20.1866187],[85.6399006,20.1866088],[85.640049,20.1865883],[85.6401947,20.1865526],[85.6406287,20.1864993]]}},{"type":"Feature","properties":{"id":619932896,"highway":"residential"},"geometry":{"type":"LineString","coordinates":[[85.6461829,20.1853256],[85.6464531,20.186151],[85.6464504,20.1861933],[85.6464242,20.1862224],[85.6463792,20.1862457],[85.6458228,20.1863919],[85.6457883,20.1864089],[85.6457681,20.1864287],[85.6457623,20.1864627],[85.6457837,20.1867108]]}},{"type":"Feature","properties":{"id":619932897,"highway":"residential"},"geometry":{"type":"LineString","coordinates":[[85.6450894,20.1868669],[85.6457837,20.1867108],[85.64593,20.1866898],[85.6459664,20.186699],[85.6459849,20.1867219],[85.6459989,20.1867772],[85.6460103,20.1871455],[85.6460266,20.1872387],[85.6460987,20.1875121]]}},{"type":"Feature","properties":{"id":619932898,"highway":"residential"},"geometry":{"type":"LineString","coordinates":[[85.6332703,20.172806],[85.6335418,20.1722647],[85.6335467,20.1721995],[85.6335444,20.1721377],[85.6335372,20.1720302],[85.6335049,20.1719841],[85.6334562,20.1719432],[85.6333569,20.1718864],[85.6332429,20.1718296],[85.6325919,20.1716057],[85.6324608,20.1715718],[85.6322976,20.171554],[85.6320575,20.1715501],[85.6317085,20.1715519],[85.6316133,20.1715652],[85.6315332,20.1715625],[85.6314559,20.1715519],[85.6312147,20.1714128],[85.6311593,20.1713878],[85.6310754,20.1713683],[85.630989,20.17136],[85.6309599,20.1713594],[85.6309258,20.1713647],[85.6308925,20.1713778],[85.6308654,20.1713933],[85.6308381,20.1714241],[85.6308165,20.1715102],[85.630812,20.171591],[85.6308643,20.1721593],[85.6307596,20.1727608],[85.6307338,20.1728605],[85.6306976,20.1729247],[85.6306691,20.1730758]]}},{"type":"Feature","properties":{"id":619932899,"highway":"residential"},"geometry":{"type":"LineString","coordinates":[[85.606114,20.1590887],[85.606432,20.1588183],[85.6067702,20.1584168],[85.6072264,20.1578147],[85.6073743,20.157659],[85.6082983,20.1568137],[85.6101765,20.1556829],[85.610857,20.1552339]]}},{"type":"Feature","properties":{"id":619933819,"highway":"secondary"},"geometry":{"type":"LineString","coordinates":[[85.6225651,20.1836055],[85.6226839,20.1836072],[85.6229012,20.1835033],[85.6230417,20.1833248],[85.6232247,20.1831112],[85.6233791,20.1830348],[85.6235987,20.1830234],[85.6239171,20.1830443]]}},{"type":"Feature","properties":{"id":619933820,"highway":"unclassified"},"geometry":{"type":"LineString","coordinates":[[85.6225651,20.1836055],[85.6223988,20.1830769],[85.6218852,20.1831218],[85.6217658,20.1831322]]}},{"type":"Feature","properties":{"id":619933821,"highway":"residential"},"geometry":{"type":"LineString","coordinates":[[85.6242869,20.1794428],[85.6250073,20.1795812],[85.6250396,20.1795874],[85.625323,20.1796395]]}},{"type":"Feature","properties":{"id":619933822,"highway":"residential"},"geometry":{"type":"LineString","coordinates":[[85.6249471,20.1802236],[85.6248855,20.1798361],[85.6250149,20.1798072],[85.6250073,20.1795812],[85.6250581,20.1794197],[85.6250149,20.1791825],[85.6250581,20.1789454],[85.6250704,20.1787545]]}},{"type":"Feature","properties":{"id":619933823,"highway":"residential"},"geometry":{"type":"LineString","coordinates":[[85.6257722,20.1761196],[85.6256188,20.1764988],[85.6256003,20.1772681],[85.6256373,20.1775052],[85.6256333,20.1777983],[85.6256373,20.1779679],[85.6256065,20.1782803],[85.6256743,20.1786099],[85.6258037,20.1788182],[85.6260995,20.1788471],[85.626044,20.1792867],[85.6257421,20.1792924]]}},{"type":"Feature","properties":{"id":619933824,"highway":"residential"},"geometry":{"type":"LineString","coordinates":[[85.6242701,20.177893],[85.6252349,20.1778399]]}},{"type":"Feature","properties":{"id":619933825,"highway":"residential"},"geometry":{"type":"LineString","coordinates":[[85.6256373,20.1775052],[85.6249903,20.1775168]]}},{"type":"Feature","properties":{"id":619933826,"highway":"residential"},"geometry":{"type":"LineString","coordinates":[[85.6238802,20.1748614],[85.6240845,20.1747636],[85.6249163,20.1745843]]}},{"type":"Feature","properties":{"id":619933827,"highway":"residential"},"geometry":{"type":"LineString","coordinates":[[85.6237985,20.1741649],[85.6243204,20.1740967]]}},{"type":"Feature","properties":{"id":619933828,"highway":"residential"},"geometry":{"type":"LineString","coordinates":[[85.6218354,20.170746],[85.6218784,20.1701884],[85.6221557,20.1702867]]}},{"type":"Feature","properties":{"id":619933829,"highway":"residential"},"geometry":{"type":"LineString","coordinates":[[85.6165479,20.1779703],[85.6166348,20.177928],[85.6172325,20.1776375],[85.6175024,20.1774803],[85.6184317,20.1780495],[85.6188955,20.1783334],[85.6183322,20.17871],[85.6174549,20.1792576],[85.617366,20.1793131]]}},{"type":"Feature","properties":{"id":619933830,"highway":"residential"},"geometry":{"type":"LineString","coordinates":[[85.6167598,20.1768683],[85.6175024,20.1774803]]}},{"type":"Feature","properties":{"id":619933831,"highway":"residential"},"geometry":{"type":"LineString","coordinates":[[85.6213927,20.1792163],[85.6209715,20.179138],[85.6206812,20.179091],[85.6204726,20.1791078],[85.6201941,20.1791921]]}},{"type":"Feature","properties":{"id":619933832,"highway":"residential"},"geometry":{"type":"LineString","coordinates":[[85.6210402,20.1783361],[85.6210037,20.1789114]]}},{"type":"Feature","properties":{"id":619933833,"highway":"residential"},"geometry":{"type":"LineString","coordinates":[[85.6240617,20.1791468],[85.6240077,20.1784734],[85.6232782,20.178559],[85.6230958,20.1785892],[85.6230636,20.1787402],[85.6228436,20.1787604],[85.6223662,20.1788057]]}},{"type":"Feature","properties":{"id":619933834,"highway":"residential"},"geometry":{"type":"LineString","coordinates":[[85.6213278,20.1761806],[85.6213087,20.1757513],[85.6213175,20.175648],[85.6214167,20.1756083],[85.6219102,20.1755378],[85.6221892,20.1755429]]}},{"type":"Feature","properties":{"id":619933835,"highway":"residential"},"geometry":{"type":"LineString","coordinates":[[85.6220233,20.1764506],[85.6221409,20.1763133],[85.622452,20.1762478]]}},{"type":"Feature","properties":{"id":619933836,"highway":"residential"},"geometry":{"type":"LineString","coordinates":[[85.6239525,20.1755179],[85.6241257,20.1754825],[85.624335,20.1754321],[85.6246139,20.1753515],[85.6248021,20.1753112],[85.6251074,20.1752458]]}},{"type":"Feature","properties":{"id":619933837,"highway":"residential"},"geometry":{"type":"LineString","coordinates":[[85.6241893,20.1808902],[85.6238468,20.1808449]]}},{"type":"Feature","properties":{"id":619933838,"highway":"residential"},"geometry":{"type":"LineString","coordinates":[[85.6220448,20.1794667],[85.6220926,20.1799487],[85.6219263,20.1799235]]}},{"type":"Feature","properties":{"id":620131281,"highway":"residential"},"geometry":{"type":"LineString","coordinates":[[85.6143095,20.1894129],[85.6143942,20.1893361],[85.6146088,20.1892958],[85.6146732,20.1892102],[85.6147375,20.1890541],[85.6148878,20.1889685],[85.615054,20.1889937],[85.615215,20.1890541],[85.6153652,20.189044],[85.6155905,20.1889786],[85.6158265,20.1890843],[85.6158909,20.1894317],[85.6158802,20.1897489],[85.6159821,20.1899352]]}},{"type":"Feature","properties":{"id":620131284,"highway":"residential"},"geometry":{"type":"LineString","coordinates":[[85.6384861,20.1885501],[85.6385193,20.1888918],[85.6385854,20.1892329],[85.6387046,20.1898385],[85.6387123,20.1898778],[85.6387709,20.1901755],[85.6387805,20.1904261],[85.6388009,20.1906036],[85.6388592,20.1908471],[85.6390037,20.1911861]]}},{"type":"Feature","properties":{"id":620131285,"highway":"residential"},"geometry":{"type":"LineString","coordinates":[[85.6395118,20.1888018],[85.6395465,20.1889505],[85.6396465,20.189187],[85.6397862,20.1894761],[85.639928,20.1897928],[85.640021,20.1900675],[85.640112,20.1904163],[85.6401416,20.1904566],[85.6401795,20.1904766],[85.6402317,20.1904736],[85.6405391,20.1903414],[85.6405876,20.1903423],[85.6406211,20.1903662],[85.6406384,20.1904072],[85.6407122,20.1906338],[85.6407535,20.1910144],[85.6407572,20.1911934]]}},{"type":"Feature","properties":{"id":620131286,"highway":"residential"},"geometry":{"type":"LineString","coordinates":[[85.6393338,20.1887444],[85.639366,20.1888696],[85.6394001,20.1889857],[85.6394556,20.1891355],[85.6395441,20.1893569],[85.6397732,20.1898867]]}},{"type":"Feature","properties":{"id":620131287,"highway":"residential"},"geometry":{"type":"LineString","coordinates":[[85.6349782,20.1865061],[85.634668,20.186538],[85.6344741,20.1865774],[85.6342142,20.1866782],[85.6341305,20.1867422],[85.6340965,20.1868119],[85.6341122,20.1868894],[85.6341417,20.1869542],[85.6342606,20.1870249],[85.6343865,20.1870586],[85.6348639,20.187127]]}},{"type":"Feature","properties":{"id":620131288,"highway":"residential"},"geometry":{"type":"LineString","coordinates":[[85.6397505,20.1888858],[85.6396968,20.188716],[85.6394677,20.1878885]]}},{"type":"Feature","properties":{"id":620131291,"highway":"residential"},"geometry":{"type":"LineString","coordinates":[[85.6547049,20.1954952],[85.6545312,20.197614],[85.6545012,20.1980261],[85.6544822,20.1982841],[85.6544755,20.198388],[85.6544697,20.1984445],[85.6543867,20.1989701],[85.6543737,20.1990526],[85.6542884,20.1994089],[85.6540286,20.200306],[85.65397,20.2005235],[85.6539423,20.2007468],[85.6539175,20.2010897],[85.6539132,20.2013786]]}},{"type":"Feature","properties":{"id":620131298,"highway":"residential"},"geometry":{"type":"LineString","coordinates":[[85.6651005,20.2002221],[85.6660742,20.1987301],[85.6666192,20.1979103],[85.6669044,20.1973995]]}},{"type":"Feature","properties":{"id":620131311,"highway":"residential"},"geometry":{"type":"LineString","coordinates":[[85.6211686,20.1832666],[85.6210676,20.1827857]]}},{"type":"Feature","properties":{"id":620131312,"highway":"residential"},"geometry":{"type":"LineString","coordinates":[[85.6405886,20.1773477],[85.6407226,20.1773571],[85.6408535,20.1773281],[85.6409432,20.1773074]]}},{"type":"Feature","properties":{"id":620571467,"highway":"secondary"},"geometry":{"type":"LineString","coordinates":[[85.613327,20.1722832],[85.6132706,20.1722894],[85.6132353,20.1723189],[85.6132212,20.1723587],[85.6132297,20.172405]]}},{"type":"Feature","properties":{"id":620571469,"highway":"secondary"},"geometry":{"type":"LineString","coordinates":[[85.6208434,20.1842542],[85.6210933,20.1846108],[85.6211458,20.1846682],[85.6211621,20.1846861],[85.6212097,20.1847381]]}},{"type":"Feature","properties":{"id":620571470,"highway":"secondary"},"geometry":{"type":"LineString","coordinates":[[85.6212776,20.1847113],[85.6212214,20.1846337],[85.6212085,20.1846167],[85.6211765,20.1845747],[85.6207405,20.1839254],[85.6203624,20.1833918]]}},{"type":"Feature","properties":{"id":620571471,"highway":"secondary"},"geometry":{"type":"LineString","coordinates":[[85.6212776,20.1847113],[85.6212526,20.1847142],[85.6212294,20.1847233],[85.6212097,20.1847381],[85.6211909,20.1847654],[85.6211843,20.1847941],[85.6211883,20.1848232],[85.6212024,20.1848493],[85.6212251,20.1848696],[85.6212484,20.1848802],[85.621274,20.1848842],[85.6212997,20.1848814],[85.6213236,20.184872]]}},{"type":"Feature","properties":{"id":620574286,"highway":"residential"},"geometry":{"type":"LineString","coordinates":[[85.6080411,20.1877769],[85.6079563,20.1877802],[85.6077584,20.1877477]]}},{"type":"Feature","properties":{"id":620574288,"highway":"secondary"},"geometry":{"type":"LineString","coordinates":[[85.6140943,20.1735026],[85.6141759,20.1736987],[85.614177,20.1737589]]}},{"type":"Feature","properties":{"id":620574290,"highway":"primary"},"geometry":{"type":"LineString","coordinates":[[85.6143107,20.1738215],[85.614317,20.1737917],[85.6143092,20.1737622],[85.6142889,20.1737385],[85.6142704,20.1737283],[85.6142452,20.1737232],[85.6142334,20.1737236]]}},{"type":"Feature","properties":{"id":620574292,"highway":"secondary"},"geometry":{"type":"LineString","coordinates":[[85.6142334,20.1737236],[85.6142192,20.1736857],[85.6142087,20.1736674],[85.6141822,20.173621],[85.6141452,20.1735594],[85.6140943,20.1735026]]}},{"type":"Feature","properties":{"id":620574294,"highway":"tertiary"},"geometry":{"type":"LineString","coordinates":[[85.6143983,20.1736855],[85.6143667,20.17368],[85.6143335,20.1736829],[85.6143071,20.1737044],[85.6142889,20.1737385]]}},{"type":"Feature","properties":{"id":620574295,"highway":"secondary"},"geometry":{"type":"LineString","coordinates":[[85.6142591,20.1738617],[85.6143055,20.1739073],[85.6143572,20.1739959],[85.6145428,20.1743415],[85.6146977,20.1746035],[85.6148546,20.1748808],[85.6149155,20.174985],[85.6150502,20.1752562]]}},{"type":"Feature","properties":{"id":620919519,"highway":"residential"},"geometry":{"type":"LineString","coordinates":[[85.6059532,20.1825961],[85.6057403,20.1828021],[85.6056594,20.1828598],[85.6053633,20.1829037],[85.6048684,20.1830962],[85.6039242,20.1837553],[85.6037445,20.1840473],[85.6035809,20.1840926],[85.602225,20.1843041],[85.601918,20.1843519],[85.6018348,20.1843318],[85.6011696,20.1840322],[85.6010596,20.1840977]]}},{"type":"Feature","properties":{"id":620919526,"highway":"residential"},"geometry":{"type":"LineString","coordinates":[[85.6096216,20.1866612],[85.6091392,20.1866881],[85.6090641,20.1868391],[85.6091231,20.1871765],[85.6090962,20.1877051]]}},{"type":"Feature","properties":{"id":620919527,"highway":"residential"},"geometry":{"type":"LineString","coordinates":[[85.6147602,20.1711021],[85.6148269,20.1711036],[85.6153816,20.1711163],[85.6158721,20.1711365],[85.6160403,20.1712154],[85.6161804,20.1719035]]}},{"type":"Feature","properties":{"id":620919529,"highway":"residential"},"geometry":{"type":"LineString","coordinates":[[85.6134585,20.1708562],[85.6127574,20.1710439],[85.6121984,20.17127]]}},{"type":"Feature","properties":{"id":620919530,"highway":"residential"},"geometry":{"type":"LineString","coordinates":[[85.6124092,20.1714901],[85.6125102,20.1714181],[85.6127582,20.1713571],[85.6130367,20.1714219],[85.6131871,20.1714925],[85.613399,20.1716129]]}},{"type":"Feature","properties":{"id":620919531,"highway":"residential"},"geometry":{"type":"LineString","coordinates":[[85.612849,20.1719379],[85.6130522,20.1718204],[85.6130629,20.1717537],[85.6130334,20.1716152],[85.6130119,20.1714994],[85.6129462,20.1714528],[85.6128979,20.1714516],[85.6128657,20.1714868],[85.6128805,20.17158],[85.6128604,20.1716555]]}},{"type":"Feature","properties":{"id":620919532,"highway":"residential"},"geometry":{"type":"LineString","coordinates":[[85.6113515,20.1684553],[85.6110917,20.1686696]]}},{"type":"Feature","properties":{"id":620919533,"highway":"residential"},"geometry":{"type":"LineString","coordinates":[[85.6137757,20.1683955],[85.6137132,20.1683944],[85.6129224,20.1682754],[85.6125226,20.1682444],[85.6118985,20.1681935],[85.6118265,20.1682372],[85.6118151,20.1682939],[85.6118238,20.1684204],[85.6117824,20.1687978]]}},{"type":"Feature","properties":{"id":620919535,"highway":"residential"},"geometry":{"type":"LineString","coordinates":[[85.6138285,20.1674664],[85.6131636,20.1673618],[85.6130929,20.1673951],[85.6129761,20.1678635]]}},{"type":"Feature","properties":{"id":620919536,"highway":"residential"},"geometry":{"type":"LineString","coordinates":[[85.617767,20.1669078],[85.6175626,20.1668174],[85.6174272,20.1668437],[85.617105,20.166756],[85.6167781,20.1666683],[85.6166566,20.1666639],[85.6165165,20.1665456]]}},{"type":"Feature","properties":{"id":620919537,"highway":"residential"},"geometry":{"type":"LineString","coordinates":[[85.6201628,20.1679092],[85.6206426,20.1678519],[85.6206498,20.1674611]]}},{"type":"Feature","properties":{"id":620919538,"highway":"residential"},"geometry":{"type":"LineString","coordinates":[[85.6215786,20.1664223],[85.6218215,20.1663636],[85.6222034,20.1660695]]}},{"type":"Feature","properties":{"id":620919539,"highway":"residential"},"geometry":{"type":"LineString","coordinates":[[85.6206525,20.1648518],[85.6208632,20.1655177],[85.6209643,20.165548],[85.6211176,20.1656325],[85.6212089,20.1656857],[85.6214918,20.1658219]]}},{"type":"Feature","properties":{"id":620919565,"highway":"residential"},"geometry":{"type":"LineString","coordinates":[[85.6499351,20.1839347],[85.6498266,20.1835359],[85.6498011,20.1833807],[85.6497841,20.1832771],[85.6497327,20.1829211],[85.6498317,20.1827582],[85.6499969,20.1826482],[85.6501788,20.1825713],[85.6502186,20.1824904],[85.6503856,20.1824672],[85.6506492,20.1823992],[85.6510533,20.1823185],[85.6514073,20.1822162],[85.6515948,20.1821306],[85.6522838,20.1819614]]}},{"type":"Feature","properties":{"id":620919567,"highway":"residential"},"geometry":{"type":"LineString","coordinates":[[85.6494842,20.181027],[85.6498652,20.1809094],[85.6500169,20.1809445],[85.6502685,20.1809449],[85.6505177,20.1809518],[85.6507342,20.1809497],[85.6510776,20.1809089],[85.6514761,20.1808593],[85.6517685,20.1808055]]}},{"type":"Feature","properties":{"id":620919568,"highway":"residential"},"geometry":{"type":"LineString","coordinates":[[85.649482,20.1806331],[85.6494693,20.1808407],[85.6494842,20.181027],[85.6496209,20.1814934],[85.6496307,20.1817075],[85.6496022,20.1818843],[85.6495999,20.1819609],[85.6496239,20.1820355],[85.6496611,20.1821066],[85.6496979,20.1821482],[85.6497288,20.1821844],[85.6497497,20.1822356],[85.6497812,20.1825434],[85.6498317,20.1827582]]}},{"type":"Feature","properties":{"id":620919569,"highway":"residential"},"geometry":{"type":"LineString","coordinates":[[85.6497327,20.1829211],[85.6494475,20.1830301],[85.649172,20.1832429],[85.6490873,20.1833008],[85.6489805,20.1833748],[85.6487537,20.183419],[85.6486085,20.1834276],[85.6483991,20.1834701],[85.6482502,20.1835875],[85.6478121,20.183738]]}},{"type":"Feature","properties":{"id":620919570,"highway":"residential"},"geometry":{"type":"LineString","coordinates":[[85.6459844,20.1837465],[85.6457427,20.1837645],[85.6450135,20.1838169],[85.6443743,20.1838761],[85.6439683,20.1839466]]}},{"type":"Feature","properties":{"id":620920744,"highway":"residential"},"geometry":{"type":"LineString","coordinates":[[85.6406164,20.1699249],[85.6409323,20.1692031],[85.6409631,20.1690325]]}},{"type":"Feature","properties":{"id":620920745,"highway":"unclassified"},"geometry":{"type":"LineString","coordinates":[[85.6434806,20.166202],[85.6431566,20.1657799],[85.6430871,20.165751],[85.6429871,20.1657471],[85.6426243,20.165783],[85.6424259,20.1657832],[85.642254,20.1657727],[85.6414676,20.165702],[85.6403224,20.1656173],[85.639983,20.1656101],[85.6389598,20.1656798],[85.6381558,20.1657262],[85.6379588,20.1657325],[85.6377694,20.1657245],[85.6374936,20.1656981],[85.6372103,20.1656539],[85.6365182,20.1655531],[85.6357227,20.1654538],[85.6351798,20.1653777],[85.6344432,20.165257],[85.633792,20.1651185],[85.6319561,20.1646838],[85.6317901,20.1646519],[85.6316887,20.1646169],[85.6316142,20.1645774],[85.6314984,20.1645063],[85.6313663,20.1644044],[85.631148,20.1641944],[85.6307055,20.1638176],[85.6305195,20.1636922],[85.6304249,20.1636465],[85.6303204,20.1636131],[85.6294655,20.1634275],[85.6293488,20.1633917],[85.6292954,20.1633722],[85.6292486,20.1633343],[85.6281226,20.1621739],[85.628077,20.162143],[85.6280116,20.16212],[85.627955,20.1621074],[85.6278814,20.1621134],[85.6277738,20.1621492],[85.6271125,20.1623867],[85.6264309,20.1625896],[85.6263286,20.1626167],[85.6262221,20.162626],[85.626132,20.1626254],[85.6260388,20.1626191],[85.6258718,20.1625892],[85.6256002,20.1625228]]}},{"type":"Feature","properties":{"id":620920747,"highway":"residential"},"geometry":{"type":"LineString","coordinates":[[85.6202079,20.1831704],[85.6201278,20.1825641],[85.6200785,20.1822402],[85.620248,20.182165],[85.6203866,20.1821679],[85.6204791,20.1821968],[85.6205253,20.1820204]]}},{"type":"Feature","properties":{"id":620920748,"highway":"residential"},"geometry":{"type":"LineString","coordinates":[[85.6204791,20.1821968],[85.6204914,20.1823125],[85.620858,20.1822633],[85.6209905,20.1822951]]}},{"type":"Feature","properties":{"id":620924598,"highway":"residential"},"geometry":{"type":"LineString","coordinates":[[85.613425,20.1718136],[85.6135608,20.1717693],[85.6140091,20.1716794]]}},{"type":"Feature","properties":{"id":620924600,"highway":"residential"},"geometry":{"type":"LineString","coordinates":[[85.6144288,20.1713137],[85.6139694,20.171366]]}},{"type":"Feature","properties":{"id":620924602,"highway":"residential"},"geometry":{"type":"LineString","coordinates":[[85.6118262,20.1735243],[85.6122122,20.1735326],[85.6122793,20.1735326],[85.6124277,20.1734906],[85.6125822,20.1734334],[85.612694,20.1734792]]}},{"type":"Feature","properties":{"id":620924604,"highway":"residential"},"geometry":{"type":"LineString","coordinates":[[85.6129644,20.1754371],[85.6127907,20.1753165],[85.6127383,20.1751719],[85.6127044,20.1747439]]}},{"type":"Feature","properties":{"id":620924618,"highway":"residential"},"geometry":{"type":"LineString","coordinates":[[85.6176545,20.1991871],[85.6178653,20.1987203],[85.6180136,20.1983955]]}},{"type":"Feature","properties":{"id":620924620,"highway":"residential"},"geometry":{"type":"LineString","coordinates":[[85.6178653,20.1987203],[85.6181466,20.1988681],[85.6184499,20.1990276]]}},{"type":"Feature","properties":{"id":620924622,"highway":"residential"},"geometry":{"type":"LineString","coordinates":[[85.6181306,20.199361],[85.6184499,20.1990276],[85.6187983,20.1987312]]}},{"type":"Feature","properties":{"id":620924623,"highway":"residential"},"geometry":{"type":"LineString","coordinates":[[85.617333,20.1990603],[85.617481,20.1987516],[85.6177207,20.1982515]]}},{"type":"Feature","properties":{"id":620924625,"highway":"residential"},"geometry":{"type":"LineString","coordinates":[[85.6186727,20.198679],[85.6189152,20.1979172]]}},{"type":"Feature","properties":{"id":620924627,"highway":"residential"},"geometry":{"type":"LineString","coordinates":[[85.6177207,20.1982515],[85.6186023,20.197926],[85.6189152,20.1979172],[85.6191113,20.1978734]]}},{"type":"Feature","properties":{"id":620924629,"highway":"residential"},"geometry":{"type":"LineString","coordinates":[[85.6184588,20.198564],[85.6185916,20.1981656],[85.6186174,20.1980812],[85.6186256,20.1980102],[85.6186023,20.197926]]}},{"type":"Feature","properties":{"id":620924631,"highway":"residential"},"geometry":{"type":"LineString","coordinates":[[85.6176653,20.1982736],[85.6173821,20.1975999]]}},{"type":"Feature","properties":{"id":620924644,"highway":"residential"},"geometry":{"type":"LineString","coordinates":[[85.6192173,20.1988967],[85.6199628,20.1991546],[85.6205583,20.1993459],[85.6216687,20.1994416],[85.6221247,20.199462]]}},{"type":"Feature","properties":{"id":620924645,"highway":"residential"},"geometry":{"type":"LineString","coordinates":[[85.621058,20.19657],[85.6217031,20.1967409],[85.6217492,20.1967531],[85.6217653,20.1969193],[85.6216999,20.1972917],[85.6216848,20.1973774],[85.6216097,20.1975083],[85.6216419,20.1978658],[85.6220736,20.1978245]]}},{"type":"Feature","properties":{"id":620924646,"highway":"residential"},"geometry":{"type":"LineString","coordinates":[[85.6216999,20.1972917],[85.6224734,20.1973724],[85.6224519,20.1976443]]}},{"type":"Feature","properties":{"id":620924647,"highway":"residential"},"geometry":{"type":"LineString","coordinates":[[85.6224734,20.1973724],[85.6225539,20.1966877],[85.6217031,20.1967409]]}},{"type":"Feature","properties":{"id":621522894,"highway":"residential"},"geometry":{"type":"LineString","coordinates":[[85.6032811,20.1532214],[85.6036192,20.1529038],[85.6044453,20.1519822],[85.6046676,20.151716],[85.6051266,20.1511664],[85.6055809,20.150776],[85.6060229,20.1502804],[85.6069732,20.1492117],[85.6077625,20.148125],[85.6081497,20.1473968],[85.6082329,20.1472403],[85.6083244,20.1469591],[85.6085439,20.1462842]]}},{"type":"Feature","properties":{"id":621537201,"highway":"tertiary"},"geometry":{"type":"LineString","coordinates":[[85.6446772,20.1416195],[85.6446461,20.1415737],[85.6446007,20.1415412],[85.6437536,20.1413263],[85.6435763,20.1412813],[85.6422228,20.141132],[85.6412888,20.1410619],[85.6407611,20.1409808],[85.6406698,20.1410102],[85.6406148,20.1410731],[85.6404026,20.1417893],[85.6403632,20.1418302],[85.6402843,20.1418595]]}},{"type":"Feature","properties":{"id":621537220,"highway":"residential"},"geometry":{"type":"LineString","coordinates":[[85.6465158,20.1852057],[85.646853,20.1858736],[85.6470511,20.1863105]]}},{"type":"Feature","properties":{"id":621537221,"highway":"residential"},"geometry":{"type":"LineString","coordinates":[[85.646853,20.1858736],[85.6474232,20.1857043],[85.6474681,20.1857049],[85.6474961,20.1857312],[85.6475195,20.1857684],[85.6475919,20.1862221]]}},{"type":"Feature","properties":{"id":621537223,"highway":"residential"},"geometry":{"type":"LineString","coordinates":[[85.6418837,20.1839618],[85.6420612,20.1839841],[85.6422514,20.1840035],[85.6423832,20.184009],[85.6425069,20.1840222],[85.6429506,20.1840309],[85.6431293,20.1840304],[85.6433349,20.184051],[85.6435827,20.1840711]]}},{"type":"Feature","properties":{"id":621537228,"highway":"residential"},"geometry":{"type":"LineString","coordinates":[[85.6396294,20.1820996],[85.6390842,20.1813618],[85.6389932,20.1812403],[85.6384753,20.1805184],[85.638326,20.1803121],[85.6382875,20.1801983],[85.6382419,20.1797938],[85.6382351,20.179746],[85.63822,20.1797107],[85.6381999,20.179692],[85.6381675,20.1796809],[85.6379976,20.1796809],[85.6371357,20.1796772]]}},{"type":"Feature","properties":{"id":621537230,"highway":"residential"},"geometry":{"type":"LineString","coordinates":[[85.6371719,20.1782335],[85.6370794,20.1772593],[85.637066,20.1771188],[85.6369964,20.1763303],[85.6369831,20.1760691],[85.6369282,20.1756225]]}},{"type":"Feature","properties":{"id":621537232,"highway":"residential"},"geometry":{"type":"LineString","coordinates":[[85.63618,20.1787883],[85.6348337,20.1790029]]}},{"type":"Feature","properties":{"id":621537234,"highway":"residential"},"geometry":{"type":"LineString","coordinates":[[85.6345475,20.1806272],[85.6336886,20.1807828],[85.6333376,20.1809249],[85.6331182,20.1809859]]}},{"type":"Feature","properties":{"id":621537236,"highway":"unclassified"},"geometry":{"type":"LineString","coordinates":[[85.6198698,20.1846233],[85.6195403,20.1845503],[85.6193775,20.1844839],[85.6192642,20.1843776],[85.6191793,20.184145],[85.6191757,20.1840221],[85.6192394,20.1839491],[85.6194022,20.1839092],[85.6200888,20.183773],[85.6204852,20.1837243]]}},{"type":"Feature","properties":{"id":621537238,"highway":"unclassified"},"geometry":{"type":"LineString","coordinates":[[85.6193463,20.184819],[85.6194022,20.184743],[85.6193668,20.1845569],[85.6192642,20.1843776]]}},{"type":"Feature","properties":{"id":621537240,"highway":"residential"},"geometry":{"type":"LineString","coordinates":[[85.6192642,20.1843776],[85.6191686,20.1844573],[85.6186838,20.1846566],[85.6188097,20.1850235]]}},{"type":"Feature","properties":{"id":621537242,"highway":"residential"},"geometry":{"type":"LineString","coordinates":[[85.6176959,20.1858312],[85.6168614,20.1859184],[85.6166468,20.1859386],[85.6164403,20.1847226]]}},{"type":"Feature","properties":{"id":621537244,"highway":"residential"},"geometry":{"type":"LineString","coordinates":[[85.6213348,20.1866984],[85.6212804,20.1864193],[85.6211838,20.1864165],[85.6211529,20.1864266],[85.6212101,20.1867351]]}},{"type":"Feature","properties":{"id":621537246,"highway":"residential"},"geometry":{"type":"LineString","coordinates":[[85.6156394,20.1698975],[85.6165459,20.170476]]}},{"type":"Feature","properties":{"id":621757699,"highway":"residential"},"geometry":{"type":"LineString","coordinates":[[85.6025179,20.168878],[85.6025077,20.1682144]]}},{"type":"Feature","properties":{"id":621757700,"highway":"residential"},"geometry":{"type":"LineString","coordinates":[[85.6040288,20.1688311],[85.6039738,20.1686332],[85.6039747,20.1685098],[85.6041814,20.1684749],[85.6044328,20.1684392],[85.6046659,20.1683631],[85.6048274,20.1683744],[85.6053216,20.1683571]]}},{"type":"Feature","properties":{"id":621757701,"highway":"residential"},"geometry":{"type":"LineString","coordinates":[[85.6073512,20.1691274],[85.6073006,20.1694296],[85.6072074,20.1695729],[85.6071166,20.1696917],[85.6069927,20.1698294],[85.6065639,20.1700962]]}},{"type":"Feature","properties":{"id":621757702,"highway":"residential"},"geometry":{"type":"LineString","coordinates":[[85.6073821,20.1708185],[85.6068903,20.1707025],[85.6064797,20.170588],[85.6063288,20.1705546]]}},{"type":"Feature","properties":{"id":621757703,"highway":"residential"},"geometry":{"type":"LineString","coordinates":[[85.6087253,20.1695836],[85.6087722,20.1693693],[85.6088184,20.1691927],[85.6088645,20.1690506],[85.6089726,20.1689782]]}},{"type":"Feature","properties":{"id":621757704,"highway":"residential"},"geometry":{"type":"LineString","coordinates":[[85.6072718,20.1672753],[85.6066382,20.1673862]]}},{"type":"Feature","properties":{"id":621757705,"highway":"residential"},"geometry":{"type":"LineString","coordinates":[[85.6066411,20.1649097],[85.6066402,20.1650668],[85.6066845,20.1651715],[85.6067264,20.1652772],[85.6067687,20.1654325],[85.6067162,20.1655865],[85.6067454,20.1657629],[85.6067807,20.1658888],[85.606756,20.1660328]]}},{"type":"Feature","properties":{"id":621757706,"highway":"residential"},"geometry":{"type":"LineString","coordinates":[[85.6072089,20.1638675],[85.6073124,20.1638296],[85.6075259,20.1638137],[85.6077179,20.1637974],[85.6078998,20.163787],[85.608094,20.1637617],[85.6083068,20.1637306]]}},{"type":"Feature","properties":{"id":621757707,"highway":"residential"},"geometry":{"type":"LineString","coordinates":[[85.604976,20.1634576],[85.6049659,20.1639838],[85.6050148,20.1643981]]}},{"type":"Feature","properties":{"id":621757708,"highway":"residential"},"geometry":{"type":"LineString","coordinates":[[85.6060122,20.1634828],[85.6060626,20.1638417]]}},{"type":"Feature","properties":{"id":621757709,"highway":"residential"},"geometry":{"type":"LineString","coordinates":[[85.6059054,20.1595938],[85.6054471,20.1596048]]}},{"type":"Feature","properties":{"id":621757710,"highway":"residential"},"geometry":{"type":"LineString","coordinates":[[85.6058542,20.1590782],[85.6052397,20.1591125],[85.6052316,20.1592804],[85.6047641,20.1592537]]}},{"type":"Feature","properties":{"id":621759125,"highway":"residential"},"geometry":{"type":"LineString","coordinates":[[85.6410322,20.18497],[85.640467,20.1850772],[85.6404291,20.1850962],[85.6404072,20.1851284],[85.6404012,20.1851796],[85.6404464,20.1855202]]}},{"type":"Feature","properties":{"id":621759126,"highway":"residential"},"geometry":{"type":"LineString","coordinates":[[85.6408817,20.1843644],[85.6416303,20.1842843]]}},{"type":"Feature","properties":{"id":621759127,"highway":"residential"},"geometry":{"type":"LineString","coordinates":[[85.6409782,20.1847257],[85.6419339,20.1846689]]}},{"type":"Feature","properties":{"id":621759128,"highway":"residential"},"geometry":{"type":"LineString","coordinates":[[85.6407129,20.1830744],[85.6408155,20.1838513],[85.6408678,20.1842911],[85.6408817,20.1843644],[85.6409303,20.1845748],[85.6409782,20.1847257],[85.6410322,20.18497],[85.6411796,20.1853401]]}},{"type":"Feature","properties":{"id":621759130,"highway":"residential"},"geometry":{"type":"LineString","coordinates":[[85.6396294,20.1820996],[85.63915,20.1822706],[85.6386036,20.1824769],[85.6380795,20.1826777],[85.6376639,20.182802],[85.6372314,20.1828919],[85.6371586,20.1828921],[85.6371126,20.1828708],[85.6370291,20.1827358],[85.6369585,20.1825893]]}},{"type":"Feature","properties":{"id":621759131,"highway":"residential"},"geometry":{"type":"LineString","coordinates":[[85.6376639,20.182802],[85.6377248,20.1829508],[85.6377665,20.1830602],[85.6378389,20.183264],[85.6379326,20.1834953]]}},{"type":"Feature","properties":{"id":621759132,"highway":"residential"},"geometry":{"type":"LineString","coordinates":[[85.6377665,20.1830602],[85.6381605,20.1829402]]}},{"type":"Feature","properties":{"id":621759133,"highway":"residential"},"geometry":{"type":"LineString","coordinates":[[85.6432207,20.1832509],[85.6430811,20.1832556],[85.6429848,20.1832756],[85.6429102,20.1833174],[85.6428688,20.1833638],[85.6428349,20.1834051],[85.6427699,20.1834334],[85.6426048,20.1834526],[85.6421484,20.1834819],[85.6418584,20.1834866]]}},{"type":"Feature","properties":{"id":621759134,"highway":"residential"},"geometry":{"type":"LineString","coordinates":[[85.6434697,20.1837927],[85.6426103,20.1838104]]}},{"type":"Feature","properties":{"id":621759135,"highway":"residential"},"geometry":{"type":"LineString","coordinates":[[85.6430386,20.185186],[85.6431535,20.1855586],[85.6432124,20.1857551]]}},{"type":"Feature","properties":{"id":621759137,"highway":"residential"},"geometry":{"type":"LineString","coordinates":[[85.6422838,20.1868057],[85.642201,20.1864812],[85.6421852,20.1862988],[85.6421879,20.1861301],[85.6421987,20.1859891],[85.6421852,20.1857499],[85.6421611,20.1856895],[85.6421101,20.1856518],[85.6420351,20.1856468],[85.6417641,20.1856619]]}},{"type":"Feature","properties":{"id":621759138,"highway":"residential"},"geometry":{"type":"LineString","coordinates":[[85.6401069,20.1855843],[85.6401199,20.1857776],[85.6401323,20.1860796]]}},{"type":"Feature","properties":{"id":621759139,"highway":"residential"},"geometry":{"type":"LineString","coordinates":[[85.6383001,20.1882819],[85.638189,20.187938],[85.6381251,20.1877052],[85.6381053,20.1875789]]}},{"type":"Feature","properties":{"id":621759140,"highway":"residential"},"geometry":{"type":"LineString","coordinates":[[85.6392968,20.1872358],[85.6394787,20.1873023],[85.6397812,20.1874477],[85.6399199,20.1875291],[85.6400524,20.1876726]]}},{"type":"Feature","properties":{"id":621759141,"highway":"residential"},"geometry":{"type":"LineString","coordinates":[[85.6401947,20.1865526],[85.6401917,20.186824],[85.6401998,20.1869973],[85.6402105,20.18708],[85.6402183,20.1872021],[85.6402118,20.1872808],[85.6401948,20.1873849],[85.6401993,20.1874741],[85.6402384,20.1876077]]}},{"type":"Feature","properties":{"id":621759142,"highway":"residential"},"geometry":{"type":"LineString","coordinates":[[85.642201,20.1864812],[85.6417166,20.1865374],[85.641378,20.1865815],[85.6413486,20.1863309]]}},{"type":"Feature","properties":{"id":621759143,"highway":"residential"},"geometry":{"type":"LineString","coordinates":[[85.6417166,20.1865374],[85.6417507,20.1867351],[85.6418017,20.1869944]]}},{"type":"Feature","properties":{"id":621759144,"highway":"residential"},"geometry":{"type":"LineString","coordinates":[[85.641378,20.1865815],[85.6413967,20.1867787]]}},{"type":"Feature","properties":{"id":621762508,"highway":"residential"},"geometry":{"type":"LineString","coordinates":[[85.6181654,20.1868929],[85.618147,20.1864367],[85.6182357,20.186428]]}},{"type":"Feature","properties":{"id":621762509,"highway":"residential"},"geometry":{"type":"LineString","coordinates":[[85.6195898,20.1861526],[85.6192491,20.1861672]]}},{"type":"Feature","properties":{"id":621762510,"highway":"residential"},"geometry":{"type":"LineString","coordinates":[[85.6196063,20.1863065],[85.6189549,20.18636]]}},{"type":"Feature","properties":{"id":621762511,"highway":"residential"},"geometry":{"type":"LineString","coordinates":[[85.6246651,20.1865616],[85.6246029,20.1859767]]}},{"type":"Feature","properties":{"id":621762512,"highway":"residential"},"geometry":{"type":"LineString","coordinates":[[85.627234,20.1862273],[85.6271603,20.1857413]]}},{"type":"Feature","properties":{"id":621762513,"highway":"residential"},"geometry":{"type":"LineString","coordinates":[[85.6256362,20.1839672],[85.6259923,20.1840007],[85.6260136,20.1837714],[85.626325,20.1837349]]}},{"type":"Feature","properties":{"id":621762514,"highway":"residential"},"geometry":{"type":"LineString","coordinates":[[85.6248799,20.1826711],[85.6249208,20.1825226],[85.6249289,20.1824144],[85.6248618,20.1819763]]}},{"type":"Feature","properties":{"id":621762515,"highway":"residential"},"geometry":{"type":"LineString","coordinates":[[85.6250777,20.1827236],[85.6251515,20.1825931],[85.6251971,20.182505],[85.6252186,20.1823489],[85.625291,20.1820745]]}},{"type":"Feature","properties":{"id":621762516,"highway":"residential"},"geometry":{"type":"LineString","coordinates":[[85.6227128,20.1821015],[85.6227321,20.181712],[85.6229977,20.1817321]]}},{"type":"Feature","properties":{"id":621762517,"highway":"residential"},"geometry":{"type":"LineString","coordinates":[[85.6136415,20.16967],[85.6143868,20.169701]]}},{"type":"Feature","properties":{"id":621762518,"highway":"residential"},"geometry":{"type":"LineString","coordinates":[[85.6135246,20.1706609],[85.6138382,20.1705515],[85.6140258,20.1704584],[85.6144115,20.1704219]]}},{"type":"Feature","properties":{"id":621762519,"highway":"residential"},"geometry":{"type":"LineString","coordinates":[[85.6143,20.1723456],[85.6139302,20.1723687],[85.6138453,20.1722989]]}},{"type":"Feature","properties":{"id":621762520,"highway":"residential"},"geometry":{"type":"LineString","coordinates":[[85.6119631,20.1699291],[85.6128477,20.1694367]]}},{"type":"Feature","properties":{"id":621762521,"highway":"residential"},"geometry":{"type":"LineString","coordinates":[[85.6131834,20.175147],[85.6130442,20.1750809],[85.6129637,20.1749915],[85.6128068,20.1747762],[85.6127746,20.174741],[85.6127044,20.1747439]]}},{"type":"Feature","properties":{"id":621762522,"highway":"residential"},"geometry":{"type":"LineString","coordinates":[[85.6150401,20.1760601],[85.6149057,20.1762878],[85.6149594,20.1766655]]}},{"type":"Feature","properties":{"id":621762523,"highway":"residential"},"geometry":{"type":"LineString","coordinates":[[85.614922,20.1777143],[85.6153536,20.1775139]]}},{"type":"Feature","properties":{"id":621762524,"highway":"residential"},"geometry":{"type":"LineString","coordinates":[[85.6150603,20.1794164],[85.6147974,20.1794346],[85.6143773,20.1794638]]}},{"type":"Feature","properties":{"id":621762525,"highway":"residential"},"geometry":{"type":"LineString","coordinates":[[85.6157476,20.1790518],[85.6159169,20.1790194],[85.6159196,20.1789842],[85.6160578,20.1789659]]}},{"type":"Feature","properties":{"id":622056073,"highway":"residential"},"geometry":{"type":"LineString","coordinates":[[85.600881,20.1408796],[85.6007364,20.14078],[85.6004957,20.14077],[85.6002338,20.1407567],[85.6000746,20.14079],[85.599802,20.1407999],[85.5996605,20.1408298]]}},{"type":"Feature","properties":{"id":622056074,"highway":"residential"},"geometry":{"type":"LineString","coordinates":[[85.6008258,20.1405176],[85.6008355,20.1403746],[85.6008709,20.1402882],[85.6009664,20.1402484],[85.6011257,20.1401819],[85.6012142,20.1401886],[85.6013062,20.1402816],[85.6013734,20.1403514],[85.6014832,20.1403514],[85.6015148,20.1403256],[85.6015363,20.1403082]]}},{"type":"Feature","properties":{"id":622056081,"highway":"residential"},"geometry":{"type":"LineString","coordinates":[[85.6008269,20.1412075],[85.6010089,20.1412385],[85.6011682,20.1412518],[85.6013239,20.1412518],[85.6015009,20.1412352],[85.6016637,20.141202],[85.6016955,20.1410591],[85.6016106,20.1408265],[85.6012283,20.1408863]]}},{"type":"Feature","properties":{"id":622056096,"highway":"residential"},"geometry":{"type":"LineString","coordinates":[[85.6134985,20.1704588],[85.6135445,20.1704626]]}},{"type":"Feature","properties":{"id":622056106,"highway":"primary"},"geometry":{"type":"LineString","coordinates":[[85.6446711,20.1859252],[85.6446984,20.1859442],[85.6447307,20.185954],[85.6447646,20.1859534],[85.6447966,20.1859426],[85.644823,20.1859226]]}},{"type":"Feature","properties":{"id":622056108,"highway":"secondary"},"geometry":{"type":"LineString","coordinates":[[85.6447688,20.1857627],[85.6446656,20.1855252],[85.6445974,20.1854748]]}},{"type":"Feature","properties":{"id":622056110,"highway":"secondary"},"geometry":{"type":"LineString","coordinates":[[85.6449088,20.1863645],[85.6449179,20.1862397],[85.644823,20.1859226]]}},{"type":"Feature","properties":{"id":622056111,"highway":"secondary"},"geometry":{"type":"LineString","coordinates":[[85.6441068,20.1854917],[85.6440936,20.1855536],[85.6442063,20.1859566]]}},{"type":"Feature","properties":{"id":622056113,"highway":"primary"},"geometry":{"type":"LineString","coordinates":[[85.644648,20.1858251],[85.6443069,20.1859572]]}},{"type":"Feature","properties":{"id":622056118,"highway":"trunk"},"geometry":{"type":"LineString","coordinates":[[85.6437615,20.18623],[85.6438479,20.1862221],[85.6442196,20.1860902]]}},{"type":"Feature","properties":{"id":622056120,"highway":"trunk"},"geometry":{"type":"LineString","coordinates":[[85.6441874,20.185975],[85.6437893,20.1861793],[85.6437615,20.18623]]}},{"type":"Feature","properties":{"id":622812217,"highway":"secondary"},"geometry":{"type":"LineString","coordinates":[[85.6433365,20.1825511],[85.6427062,20.1813453],[85.6425534,20.1810292],[85.64206,20.1799836],[85.641579,20.1789157],[85.6414113,20.1785465],[85.6410918,20.1779994],[85.6408936,20.1777067],[85.6405886,20.1773477],[85.6404082,20.1771716],[85.6400614,20.1768497],[85.639746,20.1766128],[85.6395918,20.1764978],[85.6395298,20.1764635],[85.639452,20.1764257],[85.638484,20.1759312],[85.6376177,20.1755192],[85.6374669,20.175447],[85.6359512,20.1747291],[85.6346869,20.1741529],[85.633638,20.1738095],[85.632632,20.1735583],[85.632337,20.1734851],[85.6313491,20.1732371],[85.6306691,20.1730758],[85.6301905,20.1729623],[85.6287229,20.1726146],[85.6281186,20.1724779]]}},{"type":"Feature","properties":{"id":623144557,"highway":"residential"},"geometry":{"type":"LineString","coordinates":[[85.6056784,20.1901315],[85.6057845,20.190548],[85.6058658,20.1907121],[85.6059796,20.1908304]]}},{"type":"Feature","properties":{"id":623463584,"highway":"residential"},"geometry":{"type":"LineString","coordinates":[[85.6256743,20.1786099],[85.6256244,20.1786369],[85.6255214,20.1786467],[85.6253802,20.1786601]]}},{"type":"Feature","properties":{"id":623463585,"highway":"residential"},"geometry":{"type":"LineString","coordinates":[[85.6255214,20.1786467],[85.6255323,20.1787797],[85.6252492,20.1788196],[85.6251112,20.1789026],[85.6250581,20.1789454]]}},{"type":"Feature","properties":{"id":623463586,"highway":"residential"},"geometry":{"type":"LineString","coordinates":[[85.6241976,20.1807766],[85.6245362,20.180787],[85.6245575,20.1810129]]}},{"type":"Feature","properties":{"id":623469979,"highway":"residential"},"geometry":{"type":"LineString","coordinates":[[85.6093339,20.1648213],[85.6093269,20.1653921],[85.6095117,20.1654152]]}},{"type":"Feature","properties":{"id":623469980,"highway":"residential"},"geometry":{"type":"LineString","coordinates":[[85.6086393,20.1646868],[85.6087168,20.165126],[85.6087846,20.1653805]]}},{"type":"Feature","properties":{"id":623469981,"highway":"residential"},"geometry":{"type":"LineString","coordinates":[[85.6077476,20.1653528],[85.6068312,20.1655627]]}},{"type":"Feature","properties":{"id":623469982,"highway":"residential"},"geometry":{"type":"LineString","coordinates":[[85.6075281,20.1605933],[85.6075656,20.1608958]]}},{"type":"Feature","properties":{"id":623469983,"highway":"residential"},"geometry":{"type":"LineString","coordinates":[[85.6086383,20.1619202],[85.608774,20.1618288],[85.608894,20.161729],[85.6089712,20.1616177]]}},{"type":"Feature","properties":{"id":623469984,"highway":"residential"},"geometry":{"type":"LineString","coordinates":[[85.610444,20.1627842],[85.6103746,20.1628271],[85.610282,20.1628717]]}},{"type":"Feature","properties":{"id":623469985,"highway":"residential"},"geometry":{"type":"LineString","coordinates":[[85.6159255,20.1690948],[85.6158674,20.1688708],[85.6158952,20.1685845],[85.6156209,20.1682433]]}},{"type":"Feature","properties":{"id":623469986,"highway":"residential"},"geometry":{"type":"LineString","coordinates":[[85.6158674,20.1688708],[85.61551,20.1687262]]}},{"type":"Feature","properties":{"id":623469987,"highway":"residential"},"geometry":{"type":"LineString","coordinates":[[85.6158797,20.1694192],[85.6156844,20.1692969],[85.6154933,20.1695907]]}},{"type":"Feature","properties":{"id":623469988,"highway":"residential"},"geometry":{"type":"LineString","coordinates":[[85.6158586,20.1695929],[85.6163308,20.1698311]]}},{"type":"Feature","properties":{"id":623469990,"highway":"residential"},"geometry":{"type":"LineString","coordinates":[[85.6181849,20.1748937],[85.6181745,20.175229],[85.6182229,20.1755477]]}},{"type":"Feature","properties":{"id":623469991,"highway":"residential"},"geometry":{"type":"LineString","coordinates":[[85.6194782,20.1756583],[85.618988,20.1757808],[85.6190193,20.1758989]]}},{"type":"Feature","properties":{"id":623469992,"highway":"residential"},"geometry":{"type":"LineString","coordinates":[[85.6195933,20.1748947],[85.6200392,20.1748172],[85.6200812,20.1749487]]}},{"type":"Feature","properties":{"id":623469993,"highway":"residential"},"geometry":{"type":"LineString","coordinates":[[85.6221636,20.1737027],[85.6221996,20.1739051],[85.6216739,20.1740284],[85.6212581,20.1740738],[85.6211813,20.1737539]]}},{"type":"Feature","properties":{"id":623469994,"highway":"residential"},"geometry":{"type":"LineString","coordinates":[[85.62311,20.1776927],[85.623151,20.177612],[85.6231673,20.1771866],[85.622966,20.1770549],[85.6229356,20.1768946],[85.6228644,20.1768641],[85.6228034,20.1768756],[85.6227404,20.1768469],[85.6226896,20.1767496],[85.6226896,20.1766981]]}},{"type":"Feature","properties":{"id":623469995,"highway":"residential"},"geometry":{"type":"LineString","coordinates":[[85.6242098,20.1771366],[85.6240414,20.1770683],[85.6238889,20.1770206],[85.6236938,20.1770206],[85.623584,20.1770358]]}},{"type":"Feature","properties":{"id":623469996,"highway":"residential"},"geometry":{"type":"LineString","coordinates":[[85.6173987,20.1876075],[85.6172664,20.1876107],[85.6171496,20.1877115],[85.6170305,20.1878057],[85.6169018,20.187866],[85.6167886,20.1879164],[85.6167909,20.1879471]]}},{"type":"Feature","properties":{"id":623469997,"highway":"residential"},"geometry":{"type":"LineString","coordinates":[[85.6174803,20.188271],[85.6174104,20.1882765],[85.6173679,20.1883264],[85.6170405,20.1883695]]}},{"type":"Feature","properties":{"id":623469998,"highway":"residential"},"geometry":{"type":"LineString","coordinates":[[85.6182326,20.1880279],[85.61842,20.1884375]]}},{"type":"Feature","properties":{"id":623469999,"highway":"residential"},"geometry":{"type":"LineString","coordinates":[[85.616641,20.1873882],[85.6165909,20.186978]]}},{"type":"Feature","properties":{"id":623470000,"highway":"residential"},"geometry":{"type":"LineString","coordinates":[[85.614155,20.1893671],[85.613934,20.1894236],[85.6141805,20.190106]]}},{"type":"Feature","properties":{"id":623470001,"highway":"residential"},"geometry":{"type":"LineString","coordinates":[[85.6081712,20.1894325],[85.6082834,20.1898429]]}},{"type":"Feature","properties":{"id":623470002,"highway":"residential"},"geometry":{"type":"LineString","coordinates":[[85.6126481,20.180093],[85.6128304,20.1799456]]}},{"type":"Feature","properties":{"id":623470003,"highway":"residential"},"geometry":{"type":"LineString","coordinates":[[85.6140132,20.1827821],[85.6139788,20.1825225],[85.6140682,20.1825139],[85.6140331,20.1820217],[85.6140245,20.1816577],[85.6136197,20.1816986]]}},{"type":"Feature","properties":{"id":623470004,"highway":"residential"},"geometry":{"type":"LineString","coordinates":[[85.6140331,20.1820217],[85.6144263,20.1819688]]}},{"type":"Feature","properties":{"id":623470005,"highway":"residential"},"geometry":{"type":"LineString","coordinates":[[85.6146909,20.1831739],[85.6146388,20.1826617]]}},{"type":"Feature","properties":{"id":623470006,"highway":"residential"},"geometry":{"type":"LineString","coordinates":[[85.6187422,20.1812861],[85.6180211,20.1814237],[85.6175467,20.1814988],[85.6173532,20.1815654],[85.6172288,20.1816473],[85.6172019,20.1817127]]}},{"type":"Feature","properties":{"id":623470007,"highway":"residential"},"geometry":{"type":"LineString","coordinates":[[85.6210206,20.1818987],[85.6207417,20.1819355]]}},{"type":"Feature","properties":{"id":623470009,"highway":"residential"},"geometry":{"type":"LineString","coordinates":[[85.6256497,20.184657],[85.6254495,20.1846511],[85.6254261,20.184776]]}},{"type":"Feature","properties":{"id":623470010,"highway":"residential"},"geometry":{"type":"LineString","coordinates":[[85.6256241,20.1842656],[85.6254401,20.1842346],[85.625307,20.184147],[85.6251996,20.1842105]]}},{"type":"Feature","properties":{"id":623470011,"highway":"residential"},"geometry":{"type":"LineString","coordinates":[[85.6256421,20.1845414],[85.6259608,20.1845196],[85.6261336,20.184467],[85.6263064,20.184467],[85.6263204,20.1846401],[85.626617,20.1845765]]}},{"type":"Feature","properties":{"id":623470012,"highway":"residential"},"geometry":{"type":"LineString","coordinates":[[85.6292346,20.1864671],[85.6291294,20.1858783]]}},{"type":"Feature","properties":{"id":623470015,"highway":"residential"},"geometry":{"type":"LineString","coordinates":[[85.6359226,20.1865775],[85.6357165,20.1866585],[85.6355647,20.186709],[85.6353919,20.1867199],[85.6351958,20.1867243],[85.63503,20.1867133],[85.6349415,20.1867099]]}},{"type":"Feature","properties":{"id":623470017,"highway":"residential"},"geometry":{"type":"LineString","coordinates":[[85.6342488,20.1822713],[85.6345103,20.1821743],[85.6347236,20.1820972],[85.6351487,20.1819585]]}},{"type":"Feature","properties":{"id":623470018,"highway":"residential"},"geometry":{"type":"LineString","coordinates":[[85.6350286,20.1816219],[85.6360268,20.1812777]]}},{"type":"Feature","properties":{"id":623470019,"highway":"residential"},"geometry":{"type":"LineString","coordinates":[[85.6385584,20.1763868],[85.6383771,20.1766785]]}},{"type":"Feature","properties":{"id":623470020,"highway":"residential"},"geometry":{"type":"LineString","coordinates":[[85.6372655,20.1760237],[85.6371493,20.1757237]]}},{"type":"Feature","properties":{"id":623470021,"highway":"residential"},"geometry":{"type":"LineString","coordinates":[[85.6373152,20.17619],[85.6380824,20.1765256],[85.6383771,20.1766785],[85.638427,20.1767065],[85.6391294,20.1770933],[85.6395412,20.1773246]]}},{"type":"Feature","properties":{"id":623472216,"highway":"secondary"},"geometry":{"type":"LineString","coordinates":[[85.6402843,20.1418595],[85.6403982,20.1413159],[85.6404714,20.1409668]]}},{"type":"Feature","properties":{"id":623472221,"highway":"residential"},"geometry":{"type":"LineString","coordinates":[[85.6216327,20.1737582],[85.6215064,20.1732237]]}},{"type":"Feature","properties":{"id":623472222,"highway":"residential"},"geometry":{"type":"LineString","coordinates":[[85.6197842,20.1738731],[85.6197118,20.1733491]]}},{"type":"Feature","properties":{"id":623472223,"highway":"residential"},"geometry":{"type":"LineString","coordinates":[[85.6184506,20.1718333],[85.6191145,20.171843],[85.6192609,20.1717705],[85.6195942,20.171782],[85.6199453,20.1717865]]}},{"type":"Feature","properties":{"id":623472224,"highway":"residential"},"geometry":{"type":"LineString","coordinates":[[85.6184617,20.171557],[85.6194763,20.1714843]]}},{"type":"Feature","properties":{"id":623472225,"highway":"residential"},"geometry":{"type":"LineString","coordinates":[[85.6184077,20.1703025],[85.6199116,20.170627],[85.6200907,20.1703472]]}},{"type":"Feature","properties":{"id":623472226,"highway":"residential"},"geometry":{"type":"LineString","coordinates":[[85.6127947,20.1827692],[85.6128184,20.1830712]]}},{"type":"Feature","properties":{"id":623472227,"highway":"residential"},"geometry":{"type":"LineString","coordinates":[[85.6136693,20.182859],[85.6136736,20.1827499]]}},{"type":"Feature","properties":{"id":623472229,"highway":"residential"},"geometry":{"type":"LineString","coordinates":[[85.6182216,20.1771128],[85.6178703,20.1770045]]}},{"type":"Feature","properties":{"id":623472230,"highway":"residential"},"geometry":{"type":"LineString","coordinates":[[85.6179313,20.175571],[85.6180156,20.1757928],[85.6184126,20.1757534]]}},{"type":"Feature","properties":{"id":623472231,"highway":"residential"},"geometry":{"type":"LineString","coordinates":[[85.6200812,20.1749487],[85.62105,20.1747614]]}},{"type":"Feature","properties":{"id":624419194,"highway":"residential"},"geometry":{"type":"LineString","coordinates":[[85.6155581,20.1871223],[85.6155426,20.1870197],[85.6153921,20.1868851],[85.6153436,20.1866571],[85.6152984,20.186445]]}},{"type":"Feature","properties":{"id":624419195,"highway":"residential"},"geometry":{"type":"LineString","coordinates":[[85.6153436,20.1866571],[85.615539,20.1866294]]}},{"type":"Feature","properties":{"id":624419196,"highway":"residential"},"geometry":{"type":"LineString","coordinates":[[85.6153921,20.1868851],[85.6151692,20.186915]]}},{"type":"Feature","properties":{"id":624419197,"highway":"residential"},"geometry":{"type":"LineString","coordinates":[[85.6155426,20.1870197],[85.6156434,20.1868652],[85.6156187,20.1867157]]}},{"type":"Feature","properties":{"id":624419198,"highway":"residential"},"geometry":{"type":"LineString","coordinates":[[85.6149664,20.1872245],[85.6148523,20.1867358],[85.6147521,20.1863193],[85.614672,20.1859608],[85.6143461,20.1859978]]}},{"type":"Feature","properties":{"id":624419199,"highway":"residential"},"geometry":{"type":"LineString","coordinates":[[85.6143129,20.1858196],[85.6146426,20.1857674],[85.6149555,20.1857178]]}},{"type":"Feature","properties":{"id":624419200,"highway":"residential"},"geometry":{"type":"LineString","coordinates":[[85.6146426,20.1857674],[85.6146242,20.1856007],[85.6146048,20.1854261]]}},{"type":"Feature","properties":{"id":624419201,"highway":"residential"},"geometry":{"type":"LineString","coordinates":[[85.6142845,20.1856671],[85.6146242,20.1856007]]}},{"type":"Feature","properties":{"id":624419205,"highway":"residential"},"geometry":{"type":"LineString","coordinates":[[85.6145229,20.185433],[85.6144209,20.1850079],[85.6143793,20.1849226]]}},{"type":"Feature","properties":{"id":624419206,"highway":"residential"},"geometry":{"type":"LineString","coordinates":[[85.6117396,20.1860361],[85.6118739,20.1858263],[85.6125074,20.1856868]]}},{"type":"Feature","properties":{"id":624419207,"highway":"residential"},"geometry":{"type":"LineString","coordinates":[[85.6129445,20.1838042],[85.6128885,20.1838288],[85.6123687,20.1840577]]}},{"type":"Feature","properties":{"id":624419208,"highway":"residential"},"geometry":{"type":"LineString","coordinates":[[85.6128885,20.1838288],[85.6129674,20.1839538],[85.6130341,20.1840594],[85.6126943,20.1842985]]}},{"type":"Feature","properties":{"id":624419209,"highway":"residential"},"geometry":{"type":"LineString","coordinates":[[85.6129674,20.1839538],[85.6125103,20.1842454]]}},{"type":"Feature","properties":{"id":624419210,"highway":"residential"},"geometry":{"type":"LineString","coordinates":[[85.6127895,20.183559],[85.6122802,20.1838501],[85.6122077,20.1838036],[85.6121162,20.1836462]]}},{"type":"Feature","properties":{"id":624419214,"highway":"residential"},"geometry":{"type":"LineString","coordinates":[[85.6092269,20.1767734],[85.6092863,20.1764469],[85.609869,20.1763566],[85.6099198,20.1763481]]}},{"type":"Feature","properties":{"id":624419215,"highway":"residential"},"geometry":{"type":"LineString","coordinates":[[85.6082166,20.1768784],[85.6082554,20.1766049],[85.6084306,20.1757872]]}},{"type":"Feature","properties":{"id":624419216,"highway":"residential"},"geometry":{"type":"LineString","coordinates":[[85.6075459,20.1769074],[85.6075387,20.1757872]]}},{"type":"Feature","properties":{"id":624419217,"highway":"residential"},"geometry":{"type":"LineString","coordinates":[[85.6076862,20.1757872],[85.6076598,20.1755098],[85.6075358,20.1751778],[85.6074748,20.1750347],[85.6074159,20.1750423],[85.6071435,20.175256],[85.606915,20.1755427],[85.6067439,20.175547],[85.6065978,20.1755749],[85.606437,20.1758611],[85.6061561,20.1755336],[85.606021,20.1751144],[85.6057355,20.173734]]}},{"type":"Feature","properties":{"id":624419218,"highway":"residential"},"geometry":{"type":"LineString","coordinates":[[85.6085893,20.1745392],[85.6080725,20.174716]]}},{"type":"Feature","properties":{"id":624422591,"highway":"residential"},"geometry":{"type":"LineString","coordinates":[[85.6168334,20.1977194],[85.6161516,20.1976399],[85.6161343,20.1970068],[85.6161179,20.1965183],[85.6154651,20.1965904]]}},{"type":"Feature","properties":{"id":624422626,"highway":"residential"},"geometry":{"type":"LineString","coordinates":[[85.6232456,20.1936152],[85.6227211,20.1936527]]}},{"type":"Feature","properties":{"id":624422628,"highway":"residential"},"geometry":{"type":"LineString","coordinates":[[85.6269693,20.195971],[85.6273176,20.1959335],[85.6274637,20.1959177]]}},{"type":"Feature","properties":{"id":624422639,"highway":"residential"},"geometry":{"type":"LineString","coordinates":[[85.627318,20.1955733],[85.6275085,20.1955233],[85.6275174,20.1954353]]}},{"type":"Feature","properties":{"id":624536123,"highway":"unclassified"},"geometry":{"type":"LineString","coordinates":[[85.6324104,20.1739018],[85.6322183,20.1739693],[85.6321226,20.1740076]]}},{"type":"Feature","properties":{"id":624536124,"highway":"unclassified"},"geometry":{"type":"LineString","coordinates":[[85.6259652,20.1759757],[85.6258904,20.1760066],[85.6258156,20.1760712],[85.6257722,20.1761196],[85.6255942,20.1763183],[85.6252442,20.1766777],[85.6250475,20.1768547],[85.6248822,20.1770035],[85.6243945,20.1774472],[85.6242529,20.1775946]]}},{"type":"Feature","properties":{"id":624536126,"highway":"trunk"},"geometry":{"type":"LineString","coordinates":[[85.6280766,20.1725941],[85.6267305,20.1722626],[85.623778,20.171551],[85.623618,20.1715054]]}},{"type":"Feature","properties":{"id":624536128,"highway":"trunk"},"geometry":{"type":"LineString","coordinates":[[85.6327148,20.1737052],[85.6326556,20.1736926],[85.6322973,20.1736043]]}},{"type":"Feature","properties":{"id":624536131,"highway":"trunk"},"geometry":{"type":"LineString","coordinates":[[85.6322508,20.1737266],[85.6326183,20.1738197],[85.632708,20.1738429]]}},{"type":"Feature","properties":{"id":624536134,"highway":"trunk"},"geometry":{"type":"LineString","coordinates":[[85.6180723,20.1688104],[85.6188289,20.1693752],[85.6191691,20.1696159],[85.6198672,20.1700568],[85.62054,20.1704333],[85.6207266,20.170525],[85.6211316,20.1707241],[85.6216292,20.1709409],[85.6220659,20.1711101],[85.6227818,20.1713627],[85.6233376,20.171536]]}},{"type":"Feature","properties":{"id":625111638,"highway":"residential"},"geometry":{"type":"LineString","coordinates":[[85.6068747,20.189581],[85.6069331,20.1897325],[85.6069682,20.1897588],[85.6070989,20.1897281],[85.6071363,20.1897391],[85.607183,20.1898421]]}},{"type":"Feature","properties":{"id":625111642,"highway":"residential"},"geometry":{"type":"LineString","coordinates":[[85.616066,20.1681861],[85.6162925,20.1678309]]}},{"type":"Feature","properties":{"id":625111644,"highway":"residential"},"geometry":{"type":"LineString","coordinates":[[85.6162664,20.1683122],[85.6164957,20.167994]]}},{"type":"Feature","properties":{"id":625111646,"highway":"residential"},"geometry":{"type":"LineString","coordinates":[[85.6158628,20.1664406],[85.6159641,20.1659631]]}},{"type":"Feature","properties":{"id":625111647,"highway":"residential"},"geometry":{"type":"LineString","coordinates":[[85.6114888,20.165946],[85.6114548,20.1656664],[85.6113573,20.1654168],[85.6113448,20.1651723]]}},{"type":"Feature","properties":{"id":625111649,"highway":"residential"},"geometry":{"type":"LineString","coordinates":[[85.631491,20.1741883],[85.6314864,20.1748418],[85.6315678,20.1751707],[85.6315855,20.1753567]]}},{"type":"Feature","properties":{"id":625111651,"highway":"residential"},"geometry":{"type":"LineString","coordinates":[[85.6322183,20.1739693],[85.6322185,20.1742985],[85.63222,20.1745311]]}},{"type":"Feature","properties":{"id":636960103,"highway":"trunk"},"geometry":{"type":"LineString","coordinates":[[85.6169525,20.1678981],[85.6170915,20.1680073]]}},{"type":"Feature","properties":{"id":636960106,"highway":"trunk"},"geometry":{"type":"LineString","coordinates":[[85.6171508,20.1679447],[85.6170133,20.1678315]]}},{"type":"Feature","properties":{"id":636960109,"highway":"trunk"},"geometry":{"type":"LineString","coordinates":[[85.6170915,20.1680073],[85.6180723,20.1688104]]}},{"type":"Feature","properties":{"id":636960113,"highway":"trunk"},"geometry":{"type":"LineString","coordinates":[[85.6180854,20.1687012],[85.6171508,20.1679447]]}},{"type":"Feature","properties":{"id":636960118,"highway":"secondary"},"geometry":{"type":"LineString","coordinates":[[85.6470597,20.1918525],[85.6471851,20.1919571]]}},{"type":"Feature","properties":{"id":636960120,"highway":"secondary"},"geometry":{"type":"LineString","coordinates":[[85.6471851,20.1919571],[85.647419,20.1921555],[85.6481011,20.1925598],[85.6488408,20.1929777],[85.6496922,20.1934426],[85.6498281,20.1935168],[85.6507904,20.1940189],[85.650838,20.1940425],[85.6513146,20.1942784],[85.6519788,20.1945715],[85.6527343,20.1948166],[85.6533041,20.1950324],[85.653674,20.1951593],[85.6539344,20.1952428],[85.6547049,20.1954952],[85.6548332,20.1955353],[85.6559462,20.1959194],[85.6567971,20.1962766],[85.6570985,20.1964363],[85.6574075,20.1966001],[85.6577666,20.1968332],[85.6579166,20.1969306],[85.6588333,20.1976163],[85.6590651,20.1977986],[85.6591424,20.1978595],[85.6595012,20.1981424],[85.660215,20.1986517]]}},{"type":"Feature","properties":{"id":636960123,"highway":"trunk"},"geometry":{"type":"LineString","coordinates":[[85.6471638,20.1917463],[85.6472998,20.1918749]]}},{"type":"Feature","properties":{"id":636960125,"highway":"trunk"},"geometry":{"type":"LineString","coordinates":[[85.6473556,20.1917671],[85.6472396,20.1916684]]}},{"type":"Feature","properties":{"id":636960129,"highway":"trunk"},"geometry":{"type":"LineString","coordinates":[[85.6474599,20.1918559],[85.6473556,20.1917671]]}},{"type":"Feature","properties":{"id":636960130,"highway":"secondary"},"geometry":{"type":"LineString","coordinates":[[85.6474584,20.191654],[85.6474083,20.1916117],[85.647362,20.1915696]]}},{"type":"Feature","properties":{"id":636960132,"highway":"secondary"},"geometry":{"type":"LineString","coordinates":[[85.647362,20.1915696],[85.6471342,20.191362],[85.6469222,20.1911213],[85.646749,20.1908967],[85.6465716,20.1906316],[85.64637,20.1902611],[85.646106,20.189644],[85.6458089,20.1888124],[85.6452783,20.1873922],[85.6450894,20.1868669],[85.6449088,20.1863645]]}},{"type":"Feature","properties":{"id":638699674,"highway":"residential"},"geometry":{"type":"LineString","coordinates":[[85.6073821,20.1708185],[85.607372,20.1709566],[85.6071386,20.1710258],[85.6071922,20.1711929],[85.6072326,20.1712874]]}},{"type":"Feature","properties":{"id":638699675,"highway":"residential"},"geometry":{"type":"LineString","coordinates":[[85.6072326,20.1712874],[85.6072749,20.1713963],[85.6074075,20.1713577],[85.6076833,20.1713003]]}},{"type":"Feature","properties":{"id":638699676,"highway":"residential"},"geometry":{"type":"LineString","coordinates":[[85.6078709,20.1692895],[85.6077648,20.1696018],[85.6076119,20.1697051],[85.6076119,20.1698214],[85.6079163,20.1698845],[85.6081817,20.1699277],[85.6084578,20.1699343],[85.6087102,20.1699684]]}},{"type":"Feature","properties":{"id":657837953,"highway":"secondary"},"geometry":{"type":"LineString","coordinates":[[85.646289,20.1279058],[85.6465708,20.1274447],[85.6468686,20.1268717],[85.6471855,20.1264433],[85.6473961,20.1261586],[85.648157,20.1252854],[85.6483184,20.1251195],[85.6488404,20.1244418],[85.649288,20.1239104],[85.6498059,20.1232377],[85.6503521,20.1225245],[85.6508562,20.1218862],[85.6514661,20.1211224],[85.6518443,20.120621],[85.652287,20.1200585],[85.6528814,20.1192759],[85.6534735,20.1185473],[85.6542141,20.1175885],[85.654356,20.1173975],[85.6553578,20.1161333],[85.6554305,20.1160224],[85.655487,20.1159496],[85.6557689,20.1155868],[85.6563702,20.1148293],[85.6570279,20.1139963],[85.6570583,20.1139566],[85.6577717,20.1130247],[85.6580129,20.1126871],[85.6582454,20.1123542],[85.6589136,20.1114365],[85.6591383,20.1111234],[85.6596221,20.1104492],[85.6602642,20.1095369],[85.6607534,20.1088072],[85.6609564,20.1084494],[85.661051,20.1082827],[85.6613294,20.1077919],[85.6618912,20.1068177],[85.662444,20.1058939],[85.6626286,20.1055997],[85.6627423,20.1054054],[85.663175,20.1047968],[85.6635757,20.1041901],[85.6636616,20.1040552],[85.6643393,20.1030642],[85.664559,20.1027504],[85.6649861,20.1021188],[85.665075,20.1019814],[85.6651319,20.1018934],[85.6656231,20.1011946],[85.6659278,20.1007129],[85.6660927,20.1004221],[85.6663178,20.1000362],[85.6665288,20.0996879],[85.6669462,20.0990151],[85.6669889,20.0989463],[85.6672617,20.0984461],[85.6676174,20.0978258],[85.6679795,20.0972277],[85.6682006,20.096838],[85.6684134,20.0963621],[85.6689837,20.0951063],[85.6692653,20.0943997],[85.6693789,20.0940924],[85.6694517,20.0937665],[85.6695344,20.0933043],[85.6696024,20.0927254],[85.6696787,20.092017],[85.6697106,20.0918791],[85.669782,20.0916988],[85.6698855,20.0915418],[85.670087,20.0912615],[85.6706643,20.0904955],[85.6710575,20.0899481],[85.6712167,20.0897355]]}},{"type":"Feature","properties":{"id":657838614,"highway":"residential"},"geometry":{"type":"LineString","coordinates":[[85.664468,20.1032948],[85.6643393,20.1030642]]}},{"type":"Feature","properties":{"id":657841660,"highway":"unclassified"},"geometry":{"type":"LineString","coordinates":[[85.6247431,20.1626949],[85.6247221,20.1627149],[85.624281,20.1631372],[85.6238214,20.1638071],[85.6238353,20.1640761],[85.6238882,20.1650955],[85.6238899,20.1651287],[85.6239451,20.1667222],[85.6239499,20.1668623],[85.6239681,20.1673863],[85.6239526,20.1675609],[85.623841,20.168818],[85.6238183,20.1688776],[85.6235966,20.1694604],[85.6235281,20.1703231],[85.6234649,20.1713471]]}},{"type":"Feature","properties":{"id":657842480,"highway":"unclassified"},"geometry":{"type":"LineString","coordinates":[[85.6247431,20.1626949],[85.6247796,20.1626599]]}},{"type":"Feature","properties":{"id":662657230,"highway":"unclassified"},"geometry":{"type":"LineString","coordinates":[[85.6141046,20.1652793],[85.614109,20.1652086],[85.6141478,20.164797],[85.6142277,20.1643536],[85.6142751,20.1639227],[85.6143957,20.1633197],[85.6143755,20.1631793]]}},{"type":"Feature","properties":{"id":663879740,"highway":"trunk_link"},"geometry":{"type":"LineString","coordinates":[[85.6380698,20.1884545],[85.6380412,20.188432],[85.6380357,20.1884095],[85.6380396,20.1883849],[85.6380593,20.1883548]]}},{"type":"Feature","properties":{"id":747336306,"highway":"residential"},"geometry":{"type":"LineString","coordinates":[[85.6097525,20.1726968],[85.6101394,20.1729643]]}},{"type":"Feature","properties":{"id":772710304,"highway":"residential"},"geometry":{"type":"LineString","coordinates":[[85.6141162,20.1797436],[85.6140646,20.1793621],[85.6140169,20.1790089],[85.6140104,20.1789606],[85.6139767,20.1787114]]}},{"type":"Feature","properties":{"id":772710305,"highway":"residential"},"geometry":{"type":"LineString","coordinates":[[85.6143213,20.1789757],[85.6143773,20.1794638],[85.6143844,20.1797185]]}},{"type":"Feature","properties":{"id":795435402,"highway":"residential"},"geometry":{"type":"LineString","coordinates":[[85.6076481,20.1877908],[85.6074829,20.1878023]]}},{"type":"Feature","properties":{"id":795435403,"highway":"residential"},"geometry":{"type":"LineString","coordinates":[[85.6077584,20.1877477],[85.6076995,20.1877738],[85.6076481,20.1877908]]}},{"type":"Feature","properties":{"id":830007888,"highway":"tertiary"},"geometry":{"type":"LineString","coordinates":[[85.6729277,20.1513341],[85.6729435,20.1514246],[85.6738928,20.1530788],[85.6743693,20.1539028],[85.675579,20.1558575],[85.6762834,20.1569881],[85.6768051,20.1577833],[85.6772295,20.1584162],[85.6775198,20.1588352],[85.6779863,20.1594949],[85.6783028,20.1599399],[85.6783879,20.1600662],[85.678539,20.1604136],[85.6787343,20.1610069],[85.6789604,20.1619107],[85.6789738,20.1619642],[85.6790046,20.162037],[85.6790435,20.1620913],[85.6791124,20.1621447],[85.6802062,20.1629146],[85.6802538,20.1629481],[85.6811538,20.1635825],[85.6815362,20.163852],[85.6819549,20.1641367],[85.6837754,20.1654088],[85.6838844,20.165485],[85.6848444,20.1661698],[85.6859688,20.1669791],[85.6866613,20.1674858]]}},{"type":"Feature","properties":{"id":864901935,"highway":"residential"},"geometry":{"type":"LineString","coordinates":[[85.6113319,20.1018114],[85.6113945,20.1016554],[85.6114232,20.1016238],[85.6114653,20.1016008],[85.6115197,20.1015835],[85.6119513,20.101567],[85.6120213,20.1015577],[85.6120952,20.1015344],[85.6122493,20.1014676],[85.6124102,20.1014374],[85.6130271,20.1013618],[85.6131256,20.1013349],[85.6132149,20.1012762],[85.6133276,20.1011704],[85.6134563,20.1009891],[85.6135314,20.1009236],[85.613628,20.1008833],[85.6141322,20.1008883],[85.61432,20.1009085],[85.6151354,20.1010546],[85.6152105,20.1010546],[85.6153124,20.1010294],[85.6155706,20.1008409],[85.6156322,20.1008193],[85.615723,20.1008136],[85.6158199,20.1008333],[85.6159536,20.1008847],[85.6162967,20.1011039],[85.6163521,20.1011581],[85.61639,20.1012319],[85.6164777,20.1016966]]}},{"type":"Feature","properties":{"id":864909536,"highway":"residential"},"geometry":{"type":"LineString","coordinates":[[85.6161581,20.1025527],[85.6169218,20.1029687],[85.6170176,20.1029938],[85.617131,20.1029989],[85.6172412,20.1029803],[85.6173939,20.1029284],[85.6176302,20.1028241],[85.6179365,20.102745],[85.6180338,20.1027096],[85.6181878,20.1026211],[85.6183438,20.1025376],[85.6183632,20.1025143],[85.6183617,20.1024751],[85.6183535,20.1024163],[85.6183604,20.1023663],[85.6184882,20.1017497],[85.6184936,20.1010445],[85.618529,20.1008284],[85.6185258,20.1007926],[85.6184665,20.1005876],[85.6184486,20.1005556],[85.6184182,20.1005347],[85.6182975,20.1004855],[85.6182606,20.1004646],[85.6182397,20.1004319],[85.618152,20.100023],[85.6180403,20.0997176]]}},{"type":"Feature","properties":{"id":865213878,"highway":"residential"},"geometry":{"type":"LineString","coordinates":[[85.6097925,20.1173547],[85.6100467,20.1177392],[85.6101654,20.117898],[85.6104274,20.1181809]]}},{"type":"Feature","properties":{"id":865213879,"highway":"residential"},"geometry":{"type":"LineString","coordinates":[[85.6098701,20.1165423],[85.6099374,20.1168712],[85.6099224,20.1170279],[85.6099105,20.1170979],[85.6098284,20.1172972],[85.6097925,20.1173547],[85.6097601,20.1173768],[85.6097207,20.1173901],[85.6093716,20.1174601],[85.609294,20.1174773],[85.6092565,20.1175032],[85.6092211,20.1175451],[85.6091826,20.1176116],[85.6091348,20.1176507],[85.6090886,20.117671],[85.6090732,20.1176869],[85.609067,20.1177143],[85.6089893,20.1183474]]}},{"type":"Feature","properties":{"id":865213882,"highway":"residential"},"geometry":{"type":"LineString","coordinates":[[85.6099374,20.1168712],[85.6102342,20.1167899],[85.6103359,20.1167471],[85.6104003,20.1167076],[85.610533,20.1165905],[85.6106937,20.1164329],[85.6107711,20.1163318],[85.6108414,20.1161913],[85.6109025,20.1160033],[85.6109622,20.1157328],[85.6109885,20.1156242],[85.6109847,20.1155628],[85.6109244,20.1154054],[85.6108077,20.1149546],[85.6106669,20.1142367],[85.6106508,20.1139194],[85.6106615,20.1138439]]}},{"type":"Feature","properties":{"id":865213883,"highway":"residential"},"geometry":{"type":"LineString","coordinates":[[85.6125031,20.1138086],[85.6119377,20.1139257],[85.6118054,20.1139497],[85.6116673,20.1139532],[85.6112087,20.1139194],[85.6110464,20.1139018],[85.6106615,20.1138439],[85.6105557,20.1137829],[85.6104778,20.1137507],[85.6103551,20.1137356],[85.6102818,20.1137334],[85.6096864,20.1137082],[85.6096513,20.113717],[85.609622,20.1137348],[85.609601,20.1137737],[85.6095598,20.1140773],[85.6095633,20.1141255],[85.6095688,20.1141628],[85.6096619,20.1144101],[85.6096691,20.1144571],[85.6096637,20.1144968],[85.6096449,20.1146095],[85.6096543,20.1146523],[85.6097608,20.1148699],[85.6097764,20.1149017],[85.6097831,20.114942],[85.609803,20.1150935],[85.6098118,20.1151137],[85.6098421,20.1151273],[85.6099963,20.1151384],[85.6100198,20.1151547],[85.6100356,20.1151867],[85.6101573,20.1155716],[85.6102377,20.1158587],[85.6102539,20.1161486],[85.6102678,20.1161971],[85.6102955,20.1162535],[85.6103248,20.1163027],[85.6103418,20.1163432],[85.610351,20.116401],[85.6103402,20.1164444],[85.6103186,20.1164733],[85.6102863,20.1164893],[85.6102308,20.1164992],[85.6100452,20.1165323]]}},{"type":"Feature","properties":{"id":865213885,"highway":"residential"},"geometry":{"type":"LineString","coordinates":[[85.6111394,20.1178232],[85.6111175,20.1181102],[85.6110745,20.1183972]]}},{"type":"Feature","properties":{"id":865213886,"highway":"residential"},"geometry":{"type":"LineString","coordinates":[[85.6106142,20.1182544],[85.6110435,20.1191629],[85.6110856,20.1192519],[85.6111229,20.1193141],[85.6113881,20.1197255],[85.6114171,20.1197864],[85.6114984,20.1201251],[85.6115269,20.1201892],[85.6115668,20.1203053],[85.6115969,20.1203387],[85.6116338,20.1203613],[85.6116774,20.1203682],[85.612067,20.1203166],[85.6128709,20.1201795],[85.6129132,20.1201669],[85.6129391,20.1201456],[85.6129458,20.120104],[85.6129633,20.1198056],[85.6129767,20.119759],[85.6129861,20.1197325],[85.6130182,20.1196494],[85.6130303,20.1196104],[85.613054,20.1194699]]}},{"type":"Feature","properties":{"id":865213888,"highway":"residential"},"geometry":{"type":"LineString","coordinates":[[85.6110856,20.1192519],[85.6117344,20.1190874],[85.6118893,20.1190387],[85.6119549,20.1190074],[85.611998,20.1189553],[85.6120211,20.1189061],[85.6120578,20.1187915]]}},{"type":"Feature","properties":{"id":865213889,"highway":"residential"},"geometry":{"type":"LineString","coordinates":[[85.605717,20.1181555],[85.6058298,20.1183082],[85.6058882,20.1183547],[85.6061519,20.1185026],[85.6062793,20.1185491],[85.6064757,20.1186256],[85.6065394,20.1186571],[85.6071375,20.1189795],[85.6073693,20.1191409],[85.6074557,20.1192155],[85.6078083,20.1195071],[85.6079274,20.1195816],[85.6081819,20.1197044],[85.6083033,20.1197483],[85.6085088,20.1197658],[85.6091205,20.119768],[85.609235,20.119757],[85.6093716,20.1197209],[85.6100225,20.1195459],[85.6102052,20.1194804],[85.6110435,20.1191629]]}},{"type":"Feature","properties":{"id":865213890,"highway":"residential"},"geometry":{"type":"LineString","coordinates":[[85.6125834,20.1171195],[85.6131809,20.1169668]]}},{"type":"Feature","properties":{"id":865215722,"highway":"residential"},"geometry":{"type":"LineString","coordinates":[[85.613097,20.118735],[85.6128771,20.1177174],[85.6128584,20.117657],[85.6125834,20.1171195],[85.6125064,20.1169526],[85.6124747,20.1168788],[85.6123406,20.1166977]]}},{"type":"Feature","properties":{"id":865215723,"highway":"residential"},"geometry":{"type":"LineString","coordinates":[[85.6104274,20.1181809],[85.6106142,20.1182544],[85.6110745,20.1183972],[85.6115286,20.1185579],[85.6120578,20.1187915],[85.6121491,20.1188151],[85.6123662,20.1188036],[85.6126141,20.1187715],[85.613097,20.118735],[85.6131805,20.1187287]]}},{"type":"Feature","properties":{"id":865215724,"highway":"residential"},"geometry":{"type":"LineString","coordinates":[[85.6138252,20.1183157],[85.6135897,20.1185212],[85.6135184,20.1185742],[85.6133572,20.1186504],[85.6131805,20.1187287]]}},{"type":"Feature","properties":{"id":865215725,"highway":"residential"},"geometry":{"type":"LineString","coordinates":[[85.6134437,20.1194677],[85.613054,20.1194699],[85.6130028,20.1194492],[85.6126373,20.1192811],[85.6125652,20.11919],[85.6124623,20.1190121],[85.6123662,20.1188036]]}},{"type":"Feature","properties":{"id":865215727,"highway":"residential"},"geometry":{"type":"LineString","coordinates":[[85.6116774,20.1203682],[85.6118067,20.1208108],[85.6117983,20.1208375],[85.6117701,20.1208652],[85.6115145,20.1209814],[85.6111926,20.1210922],[85.6109937,20.1211877],[85.610969,20.1212059],[85.6109586,20.1212339],[85.610919,20.121606]]}},{"type":"Feature","properties":{"id":865217793,"highway":"residential"},"geometry":{"type":"LineString","coordinates":[[85.6115269,20.1201892],[85.6110518,20.1201668],[85.6109847,20.1201668],[85.610923,20.1201786],[85.6108922,20.1201956],[85.6107795,20.1202863],[85.6107383,20.1202959],[85.6105066,20.1203217],[85.6104255,20.1203316],[85.6103718,20.1203166],[85.6103155,20.120287],[85.6102445,20.1202426],[85.6102189,20.1202131],[85.6102117,20.1201767],[85.6102348,20.1198975],[85.610238,20.1198375],[85.6102052,20.1194804]]}},{"type":"Feature","properties":{"id":865217794,"highway":"residential"},"geometry":{"type":"LineString","coordinates":[[85.6104255,20.1203316],[85.6104148,20.1204223],[85.6103865,20.1205716]]}},{"type":"Feature","properties":{"id":865217795,"highway":"residential"},"geometry":{"type":"LineString","coordinates":[[85.6114078,20.1206096],[85.6112343,20.1206189],[85.6110049,20.1206288],[85.6108439,20.1206439],[85.6107194,20.1206411],[85.6106133,20.1206238],[85.6104684,20.1205923],[85.6103865,20.1205716],[85.6102525,20.1205332],[85.6101803,20.1205278],[85.6101239,20.1205298],[85.6100607,20.1205427],[85.609999,20.1205672],[85.609814,20.1206842],[85.6097784,20.1207108],[85.6097375,20.1207642],[85.6097053,20.1208341],[85.6096852,20.120931],[85.6096806,20.1209771],[85.6096806,20.1210565],[85.6096906,20.1211634],[85.609708,20.1212252],[85.6097389,20.1212836],[85.6097791,20.1213297],[85.6098274,20.121373],[85.6100822,20.1215304],[85.6102163,20.1216237],[85.6104953,20.1218692],[85.6105302,20.1218887],[85.6105713,20.1218909],[85.6106103,20.1218655],[85.6107378,20.1217329],[85.6107788,20.1216986],[85.610919,20.121606],[85.6118471,20.1212987],[85.6119531,20.1212434],[85.6119704,20.1212232],[85.612,20.1211364],[85.6120146,20.121106],[85.6120509,20.1210802],[85.6121568,20.1210532],[85.6122095,20.121026],[85.6125713,20.1207497],[85.6127644,20.1205835],[85.6131586,20.1203229],[85.6135368,20.1201049],[85.6137085,20.1199538],[85.613789,20.1198934],[85.6139258,20.1198117],[85.614312,20.1196215]]}},{"type":"Feature","properties":{"id":865217797,"highway":"residential"},"geometry":{"type":"LineString","coordinates":[[85.6137085,20.1199538],[85.6134437,20.1194677],[85.6133961,20.1193357],[85.6133057,20.1189196],[85.6133123,20.1188729],[85.6133225,20.1188394],[85.6135184,20.1185742]]}},{"type":"Feature","properties":{"id":865217799,"highway":"residential"},"geometry":{"type":"LineString","coordinates":[[85.6145561,20.1187298],[85.6146607,20.1192323]]}},{"type":"Feature","properties":{"id":865217800,"highway":"residential"},"geometry":{"type":"LineString","coordinates":[[85.6157366,20.1182278],[85.6153332,20.1184738],[85.6152319,20.1185296],[85.6151153,20.1185711],[85.6145561,20.1187298],[85.6141018,20.1188482]]}},{"type":"Feature","properties":{"id":865217801,"highway":"residential"},"geometry":{"type":"LineString","coordinates":[[85.6151153,20.1185711],[85.6152025,20.1189436],[85.6151998,20.1190068],[85.615173,20.1190673],[85.6151305,20.1191041],[85.6150764,20.1191277],[85.6146607,20.1192323],[85.6142155,20.1193684]]}},{"type":"Feature","properties":{"id":865219932,"highway":"residential"},"geometry":{"type":"LineString","coordinates":[[85.6166321,20.1177779],[85.6164706,20.1178165],[85.6164015,20.1178232],[85.6155832,20.1178045],[85.6155218,20.1178073],[85.6154633,20.1178132],[85.6153256,20.1178384],[85.615294,20.1178392],[85.6152696,20.1178333],[85.6151953,20.1178097],[85.6151308,20.1177981],[85.6148798,20.1178081],[85.6146956,20.1178333],[85.6140492,20.1179288],[85.614019,20.1179439],[85.6140065,20.117971],[85.613978,20.118106],[85.6139394,20.1181816],[85.6139042,20.1182275],[85.6138252,20.1183157]]}},{"type":"Feature","properties":{"id":865219933,"highway":"residential"},"geometry":{"type":"LineString","coordinates":[[85.6148364,20.1158927],[85.6147191,20.1161248],[85.6146892,20.1161692],[85.6145554,20.1163451],[85.6145287,20.1164231],[85.6145242,20.1164637],[85.6145278,20.1165125],[85.6145389,20.1165652],[85.6147266,20.1174604],[85.6147465,20.1175071],[85.6148337,20.1176507],[85.6148485,20.1176947],[85.6148798,20.1178081]]}},{"type":"Feature","properties":{"id":865219938,"highway":"residential"},"geometry":{"type":"LineString","coordinates":[[85.6131188,20.1139595],[85.6131882,20.1143628],[85.6131975,20.1144279],[85.6131898,20.1144858],[85.6131281,20.1146247],[85.6130378,20.1147385],[85.6130219,20.1147801],[85.613029,20.1148216],[85.6130594,20.1148702],[85.6131546,20.1149562],[85.6132095,20.1149928],[85.6132803,20.1150193],[85.6133815,20.1150268],[85.6143245,20.1149509],[85.6144073,20.1149446],[85.6150606,20.1148105]]}},{"type":"Feature","properties":{"id":865219939,"highway":"residential"},"geometry":{"type":"LineString","coordinates":[[85.6133815,20.1150268],[85.6134189,20.1153403],[85.6134354,20.1154782],[85.6134339,20.1157183],[85.6133442,20.1157972],[85.6132526,20.1158789],[85.6132257,20.1159292],[85.6132253,20.1159665],[85.613268,20.1162064]]}},{"type":"Feature","properties":{"id":865219940,"highway":"unclassified"},"geometry":{"type":"LineString","coordinates":[[85.6437618,20.1071457],[85.643768,20.1071052],[85.6437606,20.1070631],[85.6437345,20.1069978],[85.6435346,20.1067264],[85.6434059,20.1065167],[85.6433669,20.1064573],[85.6433292,20.1063932],[85.6433056,20.1063323],[85.6432879,20.1056635],[85.6433201,20.1050843],[85.6433928,20.1044536],[85.6434549,20.1039138],[85.6434595,20.1038741],[85.6434683,20.1038475],[85.643532,20.1037312],[85.6435883,20.1036437],[85.644262,20.1027991],[85.6443018,20.1027269],[85.6443167,20.102686],[85.6443403,20.1026211],[85.6443554,20.1025154],[85.6443714,20.102344],[85.644371,20.1022625],[85.6443456,20.1021051],[85.6443191,20.1019916],[85.6443115,20.1019334],[85.6443219,20.1018354],[85.6443384,20.1017784],[85.6447773,20.1010038],[85.6450506,20.1005373],[85.6450781,20.1005141],[85.6451169,20.1005179],[85.6451462,20.1005294],[85.6458517,20.1009941],[85.6459538,20.1010909],[85.6460178,20.1011667],[85.6462447,20.1016903],[85.6462808,20.1017599],[85.6465349,20.1020803],[85.6467301,20.1023501],[85.6468195,20.1024265],[85.6469426,20.1025087],[85.6471698,20.1026753],[85.6473086,20.1027772],[85.6474027,20.1028265],[85.6474733,20.1028463],[85.6488421,20.1027976],[85.6494087,20.1028126],[85.6495816,20.1028393],[85.6496634,20.1028658],[85.6497197,20.102896],[85.6497519,20.1029237]]}},{"type":"Feature","properties":{"id":865221004,"highway":"residential"},"geometry":{"type":"LineString","coordinates":[[85.612432,20.1142275],[85.6131188,20.1139595],[85.6134725,20.1138288],[85.6135644,20.1138118],[85.6136617,20.11382],[85.6141484,20.1139093],[85.6144421,20.1139509],[85.6145025,20.1139648],[85.6145709,20.1140013],[85.6148029,20.114272],[85.6150336,20.1144584],[85.6150533,20.1144941],[85.6150673,20.1145436],[85.6150611,20.1147014],[85.6150606,20.1148105],[85.6151058,20.1150834],[85.6150974,20.1151139],[85.6150789,20.1151424],[85.6150067,20.1151989],[85.6149906,20.1152391],[85.6149534,20.1156093],[85.6149354,20.1156698],[85.6148913,20.1157655],[85.6148576,20.1158436],[85.6148364,20.1158927]]}},{"type":"Feature","properties":{"id":865221851,"highway":"residential"},"geometry":{"type":"LineString","coordinates":[[85.6134189,20.1153403],[85.6138152,20.1154655],[85.613863,20.1154944],[85.6138907,20.1155508],[85.6139523,20.1157201]]}},{"type":"Feature","properties":{"id":865221852,"highway":"residential"},"geometry":{"type":"LineString","coordinates":[[85.6133442,20.1157972],[85.6136374,20.115763]]}},{"type":"Feature","properties":{"id":865221853,"highway":"residential"},"geometry":{"type":"LineString","coordinates":[[85.6123831,20.1152313],[85.6128294,20.1152711],[85.6128925,20.1152856],[85.6129295,20.1153044],[85.6129449,20.1153305],[85.612948,20.1153681],[85.6127462,20.1157514],[85.61272,20.115776],[85.6126494,20.1158289]]}},{"type":"Feature","properties":{"id":865221854,"highway":"residential"},"geometry":{"type":"LineString","coordinates":[[85.6137882,20.1146078],[85.6136617,20.11382]]}},{"type":"Feature","properties":{"id":865221855,"highway":"residential"},"geometry":{"type":"LineString","coordinates":[[85.6109885,20.1156242],[85.611282,20.1158364],[85.6113334,20.115863],[85.6116837,20.1160109],[85.6117634,20.1160424],[85.6118359,20.1160906],[85.6118979,20.1161654],[85.6123406,20.1166977]]}},{"type":"Feature","properties":{"id":865221856,"highway":"residential"},"geometry":{"type":"LineString","coordinates":[[85.6117634,20.1160424],[85.611797,20.1158397],[85.6118094,20.1157882],[85.6118412,20.11574],[85.6118872,20.1157101],[85.6124803,20.1154495]]}},{"type":"Feature","properties":{"id":865224174,"highway":"unclassified"},"geometry":{"type":"LineString","coordinates":[[85.6158021,20.1221909],[85.6159304,20.1224129]]}},{"type":"Feature","properties":{"id":865224175,"highway":"unclassified"},"geometry":{"type":"LineString","coordinates":[[85.6159304,20.1224129],[85.6162837,20.1231458],[85.6165639,20.1238265],[85.6167932,20.1243383],[85.6171216,20.1251203],[85.617447,20.1260139],[85.6175206,20.1262379],[85.6177747,20.127017],[85.6178606,20.1272522],[85.6180982,20.1279028],[85.6182698,20.128395],[85.6184087,20.1288477],[85.6185387,20.1294551],[85.618586,20.129768],[85.6187175,20.1308712],[85.6187711,20.1314314],[85.6188399,20.1320759],[85.6189227,20.1325977],[85.6189862,20.1330126],[85.6190602,20.1334232],[85.6194162,20.1346904],[85.6195961,20.1352156],[85.6196249,20.1353097],[85.6198131,20.1357351]]}},{"type":"Feature","properties":{"id":865224180,"highway":"residential"},"geometry":{"type":"LineString","coordinates":[[85.6192168,20.1259617],[85.6188691,20.126085],[85.6188101,20.12609],[85.6187545,20.1260891],[85.6185126,20.1260658],[85.6184506,20.1260598],[85.6182589,20.126056],[85.618163,20.1260672],[85.617984,20.1261148],[85.6175206,20.1262379]]}},{"type":"Feature","properties":{"id":865224181,"highway":"residential"},"geometry":{"type":"LineString","coordinates":[[85.6292546,20.1233652],[85.6290916,20.1233302],[85.6290025,20.1233299],[85.6288737,20.1233551],[85.6287503,20.1234004],[85.6285626,20.1235163],[85.6283282,20.1236483],[85.6282972,20.123679],[85.6282139,20.1238235],[85.628169,20.1238657],[85.6281334,20.1238789],[85.6278062,20.1239293],[85.6277365,20.1239242],[85.6276418,20.1239203],[85.6271214,20.1239842],[85.6265938,20.124049],[85.626416,20.124121],[85.6261005,20.1242217],[85.625922,20.1242857],[85.6257181,20.1243589],[85.6254557,20.1244504],[85.624888,20.1246485],[85.6243988,20.1248736],[85.6243408,20.1249003],[85.6241407,20.1250579],[85.6240765,20.1250897],[85.6239981,20.1251149],[85.6238795,20.125132],[85.6232035,20.125127],[85.6222487,20.1251572],[85.6207252,20.1251673],[85.6205603,20.125158],[85.6204355,20.1251371],[85.6199944,20.1249999],[85.6199374,20.1250003],[85.619295,20.125097],[85.6191963,20.1251119],[85.6188906,20.125258],[85.6187082,20.1253234],[85.6179916,20.1255195],[85.6178979,20.1255294],[85.617713,20.125524]]}},{"type":"Feature","properties":{"id":865224182,"highway":"residential"},"geometry":{"type":"LineString","coordinates":[[85.618042,20.124833],[85.617766,20.125313],[85.6177324,20.1254144],[85.617713,20.125524],[85.6177112,20.1255921],[85.6177236,20.125647],[85.6177625,20.1257367],[85.617984,20.1261148]]}},{"type":"Feature","properties":{"id":865230121,"highway":"residential"},"geometry":{"type":"LineString","coordinates":[[85.6191963,20.1251119],[85.6189757,20.1248612],[85.6189333,20.12483],[85.6186879,20.1247209],[85.6186265,20.1247001],[85.6184892,20.1246747],[85.6184278,20.1246788],[85.618354,20.1246989],[85.618042,20.124833],[85.6177962,20.1249265],[85.6171216,20.1251203]]}},{"type":"Feature","properties":{"id":865230122,"highway":"residential"},"geometry":{"type":"LineString","coordinates":[[85.6266904,20.1265736],[85.626508,20.126482],[85.6263793,20.1264618],[85.6262851,20.1264654],[85.626251,20.1264559],[85.6262306,20.126433],[85.6260842,20.1260941],[85.6259287,20.1254846],[85.6258209,20.1252186],[85.6258088,20.1251587],[85.6258053,20.1250817],[85.6257731,20.1246686],[85.6257181,20.1243589]]}},{"type":"Feature","properties":{"id":865230127,"highway":"residential"},"geometry":{"type":"LineString","coordinates":[[85.6288307,20.1386238],[85.6288254,20.1377248],[85.6288147,20.1369793],[85.6287983,20.1360129],[85.6287775,20.1347867],[85.6287771,20.134763],[85.6287484,20.1340689],[85.628739,20.1339146],[85.6287355,20.1338563],[85.62871,20.1334382],[85.6287014,20.133337],[85.6286629,20.1328112],[85.6285357,20.1320985],[85.6284149,20.1315193],[85.6283576,20.1312515],[85.628348,20.1312068],[85.628123,20.1303549],[85.6279722,20.129784],[85.6279249,20.1296312],[85.6278308,20.1294097],[85.6277547,20.1293126],[85.6275503,20.1290941],[85.6275004,20.1290408],[85.6273717,20.1289451],[85.6272697,20.1289098],[85.6267333,20.1288753]]}},{"type":"Feature","properties":{"id":865230128,"highway":"residential"},"geometry":{"type":"LineString","coordinates":[[85.6320727,20.1289834],[85.6320617,20.1289057],[85.6318564,20.1279189],[85.6318315,20.1278862],[85.6317883,20.1278803],[85.6314905,20.1279218],[85.6314487,20.1279377],[85.6314182,20.1279808],[85.6313736,20.1280837],[85.6313613,20.1281371],[85.631418,20.1286245],[85.6314216,20.128727],[85.6314041,20.1290325]]}},{"type":"Feature","properties":{"id":865230132,"highway":"residential"},"geometry":{"type":"LineString","coordinates":[[85.6259287,20.1254846],[85.6270002,20.1252303],[85.6270445,20.1252076],[85.6270766,20.1251761],[85.6271115,20.1251087],[85.6271383,20.1250738],[85.6272537,20.124996],[85.6272912,20.124962],[85.6273395,20.1248751],[85.627428,20.1246648],[85.6274803,20.124554],[85.6275111,20.1244394],[85.6275487,20.1243211],[85.6275809,20.1242607],[85.6277069,20.1241296],[85.6277525,20.1240893],[85.6278277,20.1240339]]}},{"type":"Feature","properties":{"id":865230133,"highway":"residential"},"geometry":{"type":"LineString","coordinates":[[85.6258088,20.1251587],[85.6254298,20.1250917],[85.6250811,20.1250111],[85.6243988,20.1248736]]}},{"type":"Feature","properties":{"id":865230135,"highway":"residential"},"geometry":{"type":"LineString","coordinates":[[85.6279846,20.1232645],[85.6280396,20.1233501],[85.628112,20.1235201],[85.6282139,20.1238235],[85.62824,20.1239029],[85.628294,20.1241187],[85.6283082,20.1241503],[85.6283304,20.1241645],[85.6283561,20.1241667],[85.6284028,20.1241514],[85.6287455,20.1239956],[85.6288113,20.1239788],[85.6292139,20.1238877],[85.6292772,20.123884],[85.629337,20.1238934],[85.6293951,20.1238957],[85.6297589,20.1238198],[85.6297939,20.1238183],[85.6298155,20.1238344],[85.6300637,20.124236],[85.6300665,20.124259],[85.630046,20.1242824],[85.6297321,20.1244318],[85.6290722,20.1248701],[85.6288469,20.1249758],[85.628509,20.1252025],[85.6284633,20.1252239],[85.6284178,20.1252176],[85.6282917,20.1251697],[85.6281964,20.1251207],[85.6281389,20.125064],[85.6280918,20.1250059]]}},{"type":"Feature","properties":{"id":865235601,"highway":"residential"},"geometry":{"type":"LineString","coordinates":[[85.617984,20.1261148],[85.6181886,20.1267574],[85.6182046,20.1268172],[85.6182612,20.1269352],[85.6182984,20.1270233],[85.6182984,20.1270615],[85.6182824,20.1270881],[85.6178606,20.1272522]]}},{"type":"Feature","properties":{"id":865235603,"highway":"residential"},"geometry":{"type":"LineString","coordinates":[[85.6172781,20.1260867],[85.6171176,20.125981],[85.6170626,20.1259749],[85.6169954,20.1259805],[85.6168048,20.1260131],[85.6167632,20.1260059],[85.6167374,20.1259935],[85.616619,20.1258352],[85.6165892,20.1258128],[85.6165479,20.1258052],[85.6165124,20.1258053],[85.6162902,20.1258785],[85.6162356,20.1259022],[85.6160242,20.1260443],[85.6157792,20.1262764]]}},{"type":"Feature","properties":{"id":865235604,"highway":"residential"},"geometry":{"type":"LineString","coordinates":[[85.6143648,20.1280174],[85.6146585,20.1280373],[85.6147169,20.128034],[85.6147737,20.1280198],[85.6152084,20.1278119],[85.6152803,20.1277874],[85.6153377,20.1277722],[85.6157202,20.1277219],[85.6157899,20.1276917],[85.6158328,20.1276363],[85.6158616,20.1275654],[85.6158667,20.1275025],[85.6158863,20.1271969],[85.6159079,20.1271477],[85.6159616,20.1270722],[85.6163424,20.1266793],[85.6168057,20.1263015],[85.6168806,20.126258],[85.617164,20.1261359],[85.6172781,20.1260867],[85.617447,20.1260139]]}},{"type":"Feature","properties":{"id":865264339,"highway":"residential"},"geometry":{"type":"LineString","coordinates":[[85.6297803,20.1292039],[85.6299735,20.1303656],[85.6300715,20.1309036],[85.6300861,20.1309297],[85.6301175,20.1309424],[85.6301489,20.1309464],[85.6305099,20.1308995],[85.6322914,20.1307324]]}},{"type":"Feature","properties":{"id":865264341,"highway":"residential"},"geometry":{"type":"LineString","coordinates":[[85.629417,20.133277],[85.6303275,20.1332115],[85.6307448,20.1331863],[85.6307735,20.1331656],[85.6307801,20.1331332],[85.6306253,20.1318537],[85.6305099,20.1308995]]}},{"type":"Feature","properties":{"id":865264342,"highway":"residential"},"geometry":{"type":"LineString","coordinates":[[85.6289205,20.1320597],[85.6290707,20.1327631],[85.6291359,20.133413]]}},{"type":"Feature","properties":{"id":865264343,"highway":"residential"},"geometry":{"type":"LineString","coordinates":[[85.6306253,20.1318537],[85.6302202,20.1319322],[85.6289205,20.1320597],[85.6285357,20.1320985]]}},{"type":"Feature","properties":{"id":865264344,"highway":"residential"},"geometry":{"type":"LineString","coordinates":[[85.62871,20.1334382],[85.6291359,20.133413],[85.6294263,20.1333929]]}},{"type":"Feature","properties":{"id":865264345,"highway":"residential"},"geometry":{"type":"LineString","coordinates":[[85.6298983,20.1326474],[85.6294313,20.1327233],[85.6290707,20.1327631],[85.6286629,20.1328112]]}},{"type":"Feature","properties":{"id":865264346,"highway":"residential"},"geometry":{"type":"LineString","coordinates":[[85.6294313,20.1327233],[85.6294434,20.1328409],[85.629437,20.1329144],[85.6294209,20.1329899],[85.6294096,20.1330458],[85.629417,20.133277],[85.6294263,20.1333929],[85.6294424,20.1335793],[85.6294638,20.1337656],[85.6294638,20.1338412],[85.6294407,20.1338879],[85.6293847,20.1339096],[85.628739,20.1339146]]}},{"type":"Feature","properties":{"id":865264347,"highway":"residential"},"geometry":{"type":"LineString","coordinates":[[85.6287355,20.1338563],[85.6282155,20.1338799],[85.6281728,20.1338709],[85.628151,20.1338456],[85.6281468,20.1338156],[85.6281103,20.1334275],[85.6281145,20.1333946],[85.628132,20.1333737],[85.6281687,20.1333576],[85.6287014,20.133337]]}},{"type":"Feature","properties":{"id":865264353,"highway":"residential"},"geometry":{"type":"LineString","coordinates":[[85.6112343,20.1206189],[85.61123,20.1208008],[85.611213,20.120834],[85.6111699,20.1208658],[85.6109974,20.1209309],[85.6109388,20.1209411],[85.6102071,20.1209685],[85.6101362,20.1209801],[85.6096806,20.1210565]]}},{"type":"Feature","properties":{"id":865264354,"highway":"residential"},"geometry":{"type":"LineString","coordinates":[[85.6139507,20.1185541],[85.6147305,20.1183066],[85.6148414,20.1182531],[85.6149693,20.1181692],[85.6150602,20.1180882],[85.6150972,20.1180289],[85.615111,20.1179652],[85.6151308,20.1177981]]}},{"type":"Feature","properties":{"id":865264355,"highway":"residential"},"geometry":{"type":"LineString","coordinates":[[85.6151727,20.1175673],[85.615294,20.1178392]]}},{"type":"Feature","properties":{"id":865264356,"highway":"residential"},"geometry":{"type":"LineString","coordinates":[[85.6124759,20.1198532],[85.6129118,20.1197638],[85.6129767,20.119759]]}},{"type":"Feature","properties":{"id":865264357,"highway":"residential"},"geometry":{"type":"LineString","coordinates":[[85.619295,20.125097],[85.6193215,20.1254173],[85.6193148,20.1254526],[85.619292,20.1254828],[85.6186764,20.1258769],[85.6185638,20.1259676],[85.618537,20.1260041],[85.6185126,20.1260658]]}},{"type":"Feature","properties":{"id":865264360,"highway":"residential"},"geometry":{"type":"LineString","coordinates":[[85.6254238,20.1239855],[85.6254557,20.1244504]]}},{"type":"Feature","properties":{"id":865264361,"highway":"residential"},"geometry":{"type":"LineString","coordinates":[[85.6265374,20.1249518],[85.625922,20.1242857]]}},{"type":"Feature","properties":{"id":865264363,"highway":"residential"},"geometry":{"type":"LineString","coordinates":[[85.6130464,20.1166824],[85.6132191,20.1166505],[85.6132403,20.1166423],[85.6132604,20.1166184],[85.6132779,20.1165894],[85.613294,20.1165718],[85.6133187,20.1165651],[85.6136737,20.1165571],[85.6137325,20.1165466],[85.6137929,20.1165277],[85.6138639,20.116505],[85.6138975,20.1164987],[85.6139364,20.1165025],[85.6140108,20.1165173],[85.614147,20.1165464],[85.6142479,20.1165797],[85.6143647,20.1166362],[85.6144089,20.1166445],[85.6144461,20.1166328],[85.6145389,20.1165652]]}},{"type":"Feature","properties":{"id":865266458,"highway":"residential"},"geometry":{"type":"LineString","coordinates":[[85.6144073,20.1149446],[85.6144166,20.1151283],[85.6144864,20.1159846]]}},{"type":"Feature","properties":{"id":865266459,"highway":"residential"},"geometry":{"type":"LineString","coordinates":[[85.6102342,20.1167899],[85.6100929,20.1165703],[85.6100452,20.1165323],[85.610003,20.1165262],[85.6098701,20.1165423],[85.6097181,20.1165636],[85.6096878,20.1165604],[85.6096578,20.1165405],[85.6096418,20.1165089],[85.6096271,20.116483],[85.6094684,20.116351],[85.6094348,20.1163294],[85.6094029,20.1163211],[85.6091945,20.1163277],[85.6091113,20.1163205],[85.6090897,20.1163017],[85.6090697,20.1162641],[85.6090635,20.1162033],[85.6090851,20.1161006],[85.6091251,20.1159907],[85.6091559,20.1159487],[85.6091852,20.1159328],[85.6094902,20.1158041],[85.609575,20.1157665],[85.6096027,20.1157433],[85.6096089,20.1157144],[85.6096103,20.1156382],[85.6096161,20.115614],[85.6096313,20.1155998],[85.6096682,20.115595],[85.6098461,20.1155968],[85.6101573,20.1155716],[85.6105099,20.1154696],[85.6105681,20.1154638],[85.6106275,20.1154705],[85.6109847,20.1155628]]}},{"type":"Feature","properties":{"id":865267184,"highway":"residential"},"geometry":{"type":"LineString","coordinates":[[85.6278308,20.1294097],[85.6290931,20.1292764],[85.6297803,20.1292039],[85.6312395,20.1290499],[85.6314041,20.1290325],[85.6318495,20.1290006],[85.6320143,20.1289883],[85.6320727,20.1289834],[85.6322731,20.1289652]]}},{"type":"Feature","properties":{"id":865844858,"highway":"residential"},"geometry":{"type":"LineString","coordinates":[[85.6429701,20.1249359],[85.6427551,20.12528],[85.642677,20.125405],[85.6424993,20.12571],[85.6425008,20.1257494],[85.6425959,20.1260814],[85.6422243,20.1261646],[85.6421562,20.1261781],[85.6421023,20.1261898],[85.6419231,20.1262451],[85.6418894,20.1262771],[85.6418908,20.1263181],[85.6421989,20.1275196],[85.6422472,20.127648],[85.6423384,20.1279528],[85.6423987,20.1281429],[85.6424054,20.1282021],[85.6424072,20.1283086],[85.6423935,20.1284828],[85.6423798,20.1285693],[85.6423315,20.1287303],[85.6423057,20.1287608],[85.6422824,20.1288172],[85.6422142,20.1290163],[85.6422029,20.1290845],[85.6421968,20.1291309],[85.64215,20.1297829],[85.6421475,20.1301937],[85.6421285,20.1302601],[85.6420448,20.1304973],[85.6420169,20.1305358],[85.6418395,20.1307232],[85.641818,20.1307735],[85.6418015,20.1308383],[85.6417912,20.1309146],[85.6417858,20.1312118],[85.6417644,20.1312823],[85.6417161,20.1313478],[85.6416667,20.1313895],[85.6415927,20.1314284],[85.6411431,20.131619],[85.6409803,20.1317243],[85.6409222,20.1317659],[85.6408417,20.1318616],[85.6408082,20.1319195],[85.640713,20.1321336],[85.6405574,20.1326826],[85.6404501,20.1329748],[85.6404042,20.1330338],[85.6403428,20.1330755],[85.6399598,20.1333244]]}},{"type":"Feature","properties":{"id":865847441,"highway":"residential"},"geometry":{"type":"LineString","coordinates":[[85.6446786,20.1229573],[85.6446395,20.1229297],[85.6444037,20.1228754],[85.6441203,20.1227866],[85.6440818,20.1227746],[85.6440067,20.1227638],[85.6438263,20.1227711],[85.6437653,20.1227847],[85.6437052,20.1228153],[85.6432611,20.1230416],[85.6432329,20.1230778],[85.6430304,20.1234345],[85.6429967,20.1234667],[85.6428212,20.1235654],[85.6424725,20.1237065],[85.6424188,20.1237518],[85.6423858,20.1238144],[85.6423759,20.1238626],[85.6423821,20.1239282],[85.642399,20.1240527],[85.6424081,20.1241195],[85.6425357,20.1247268],[85.6425851,20.1250615],[85.642677,20.125405]]}},{"type":"Feature","properties":{"id":865847442,"highway":"residential"},"geometry":{"type":"LineString","coordinates":[[85.6425357,20.1247268],[85.6429701,20.1249359],[85.6432342,20.1250312],[85.6434539,20.1251099],[85.6435024,20.1251273],[85.6436372,20.1251756],[85.6437357,20.1251995],[85.6440659,20.1252541]]}},{"type":"Feature","properties":{"id":865847443,"highway":"residential"},"geometry":{"type":"LineString","coordinates":[[85.6444863,20.1240598],[85.6444665,20.1241631],[85.644452,20.124185],[85.6441696,20.1244555],[85.644134,20.1244754],[85.6440872,20.1244872],[85.6435668,20.1245376],[85.6435119,20.1245439]]}},{"type":"Feature","properties":{"id":865847444,"highway":"residential"},"geometry":{"type":"LineString","coordinates":[[85.6445906,20.1240673],[85.6446415,20.1242784],[85.6447332,20.1245598],[85.644734,20.1246127],[85.644701,20.1246993]]}},{"type":"Feature","properties":{"id":865847445,"highway":"residential"},"geometry":{"type":"LineString","coordinates":[[85.6459362,20.1237966],[85.6458843,20.1236914],[85.6457949,20.123541],[85.6456852,20.1234021],[85.6454334,20.1231375],[85.6453961,20.1231172],[85.6453197,20.123097],[85.644882,20.1231052],[85.6446972,20.1231087]]}},{"type":"Feature","properties":{"id":865847446,"highway":"residential"},"geometry":{"type":"LineString","coordinates":[[85.6453197,20.123097],[85.6463349,20.1227444],[85.646595,20.1226107],[85.6466461,20.1225983],[85.6466851,20.1225993],[85.6467096,20.1226144],[85.6467194,20.1226442],[85.6466675,20.1229056],[85.6465928,20.1231741],[85.6464154,20.1235944],[85.646227,20.1240999]]}},{"type":"Feature","properties":{"id":865847447,"highway":"residential"},"geometry":{"type":"LineString","coordinates":[[85.6460909,20.1240656],[85.646227,20.1240999],[85.6465664,20.1242038],[85.6466675,20.1242455],[85.6470967,20.1244671],[85.6475301,20.1247188],[85.6476278,20.1247945],[85.648157,20.1252854]]}},{"type":"Feature","properties":{"id":865847450,"highway":"residential"},"geometry":{"type":"LineString","coordinates":[[85.6450119,20.1255042],[85.6451961,20.1257179],[85.6453529,20.1258464],[85.645482,20.1259229],[85.645887,20.1260852],[85.6459727,20.1261017],[85.6460653,20.1260994],[85.6462705,20.1260689],[85.6467319,20.1260689],[85.6469303,20.1260801],[85.6472708,20.1261193],[85.6473961,20.1261586]]}},{"type":"Feature","properties":{"id":865847451,"highway":"residential"},"geometry":{"type":"LineString","coordinates":[[85.6472708,20.1261193],[85.6472012,20.1260096],[85.6471239,20.1259035],[85.6470645,20.1258473],[85.646663,20.1255178],[85.646596,20.1254549],[85.6464529,20.1252832],[85.6463693,20.1251756]]}},{"type":"Feature","properties":{"id":865847452,"highway":"residential"},"geometry":{"type":"LineString","coordinates":[[85.6460909,20.1240656],[85.6461731,20.1242884],[85.6462442,20.1244967],[85.6462644,20.1245994],[85.646292,20.1248802],[85.6463044,20.1249671],[85.6463693,20.1251756],[85.6463725,20.1252932],[85.6463739,20.1255523],[85.6463672,20.1256069],[85.6463168,20.1257629],[85.6463012,20.125814],[85.6462705,20.1260689]]}},{"type":"Feature","properties":{"id":865849098,"highway":"residential"},"geometry":{"type":"LineString","coordinates":[[85.6446432,20.1238433],[85.6447202,20.1235252],[85.644709,20.123323],[85.6446972,20.1231087],[85.6446915,20.1230037],[85.6446786,20.1229573]]}},{"type":"Feature","properties":{"id":865849102,"highway":"residential"},"geometry":{"type":"LineString","coordinates":[[85.6452253,20.1249232],[85.6455987,20.1254366],[85.6456182,20.1254798],[85.6456858,20.1256408],[85.6458092,20.1258473],[85.6458505,20.1258986],[85.6460653,20.1260994]]}},{"type":"Feature","properties":{"id":865849103,"highway":"residential"},"geometry":{"type":"LineString","coordinates":[[85.6440006,20.1253948],[85.644192,20.1257483],[85.6442267,20.1258272],[85.6442929,20.1260543],[85.6443018,20.1261244],[85.6443281,20.1263006],[85.6443273,20.1263334],[85.6442944,20.1263938],[85.6442897,20.1264341],[85.6442881,20.1266217],[85.6442803,20.1266734],[85.6442735,20.1267098],[85.6442301,20.1268437],[85.6442267,20.126885],[85.6442337,20.1269469],[85.6443069,20.1272012]]}},{"type":"Feature","properties":{"id":865849104,"highway":"residential"},"geometry":{"type":"LineString","coordinates":[[85.6422243,20.1261646],[85.6426516,20.1272248],[85.6426796,20.1272522],[85.6427123,20.1272665],[85.6427532,20.1272774],[85.642796,20.1272935],[85.6428234,20.1273145],[85.6428555,20.1273462],[85.6429296,20.1275043],[85.6430119,20.1274912]]}},{"type":"Feature","properties":{"id":865871759,"highway":"residential"},"geometry":{"type":"LineString","coordinates":[[85.6430787,20.1285724],[85.6426763,20.1285875],[85.6426033,20.1286002],[85.6424988,20.1286282],[85.6423905,20.1286822],[85.6423315,20.1287303]]}},{"type":"Feature","properties":{"id":865871760,"highway":"residential"},"geometry":{"type":"LineString","coordinates":[[85.6431806,20.1274616],[85.6432021,20.1275297],[85.6433391,20.127982],[85.6433577,20.1280435],[85.6433484,20.1280868],[85.6432766,20.1282926],[85.6432557,20.1283306],[85.6431232,20.1284965],[85.6430926,20.1285416],[85.6430787,20.1285724],[85.6430894,20.1287587],[85.6431069,20.1287927],[85.6431431,20.1288141],[85.6435325,20.1288141],[85.6454948,20.1286082]]}},{"type":"Feature","properties":{"id":865871761,"highway":"residential"},"geometry":{"type":"LineString","coordinates":[[85.6476653,20.127391],[85.6475459,20.1272136],[85.6474875,20.1271655],[85.6473703,20.1270965],[85.6468686,20.1268717]]}},{"type":"Feature","properties":{"id":865871762,"highway":"residential"},"geometry":{"type":"LineString","coordinates":[[85.6471128,20.128652],[85.6470149,20.1284311],[85.6469879,20.1283982],[85.6469387,20.128368],[85.6468076,20.1283408],[85.6460235,20.1283375]]}},{"type":"Feature","properties":{"id":865871764,"highway":"residential"},"geometry":{"type":"LineString","coordinates":[[85.6468076,20.1283408],[85.6472937,20.1277825],[85.6473485,20.1277073],[85.6474698,20.1274575]]}},{"type":"Feature","properties":{"id":865871765,"highway":"residential"},"geometry":{"type":"LineString","coordinates":[[85.6435325,20.1288141],[85.6436103,20.1291062],[85.6436492,20.1291777],[85.64372,20.1292608],[85.6438598,20.1293654],[85.6439518,20.1294153],[85.6441549,20.1294864],[85.6442813,20.1295008],[85.6453292,20.1295496]]}},{"type":"Feature","properties":{"id":865871766,"highway":"residential"},"geometry":{"type":"LineString","coordinates":[[85.6446884,20.1405024],[85.6451023,20.1403156],[85.6454651,20.14014],[85.6455419,20.1401138],[85.6458682,20.1400269],[85.6459587,20.1399905],[85.6460265,20.1399456],[85.6462345,20.1397766],[85.6462576,20.1397373],[85.6462686,20.1396215],[85.6462834,20.1395941],[85.6463159,20.1395717],[85.6465058,20.1394952],[85.6465295,20.1394641],[85.6465446,20.1394083],[85.6466225,20.1389071],[85.6467093,20.1385517],[85.6467142,20.1384867],[85.6467081,20.1384275],[85.6467027,20.1380173],[85.6466381,20.1375793],[85.6465739,20.1372051],[85.6465388,20.1370005],[85.646453,20.1357302],[85.6464368,20.1350905],[85.6464422,20.1341989],[85.6464328,20.1340689],[85.6463671,20.1331562],[85.646371,20.1330428],[85.6463993,20.1329295],[85.6465791,20.1324726],[85.6465924,20.1323855],[85.6465978,20.1322344],[85.646571,20.1318918],[85.6465701,20.1318192],[85.64663,20.1314989],[85.6466293,20.1314366],[85.6466246,20.1313781],[85.6464744,20.1308089],[85.646369,20.1303649],[85.646237,20.1300268],[85.646216,20.1299531],[85.6461646,20.1297335],[85.6461448,20.1296866],[85.6457491,20.129003]]}},{"type":"Feature","properties":{"id":865873161,"highway":"residential"},"geometry":{"type":"LineString","coordinates":[[85.6422824,20.1288172],[85.6419394,20.1287117],[85.6418897,20.1287075],[85.6418401,20.1287147],[85.6412344,20.1288904],[85.640906,20.1289602],[85.6408408,20.1289729],[85.6408041,20.1289703],[85.6407603,20.1289556],[85.6406993,20.1289497],[85.6406356,20.1289539],[85.6403275,20.1289998],[85.6402805,20.1290161],[85.6402502,20.12904],[85.6401593,20.129116],[85.6401359,20.1291504],[85.6400921,20.1292522],[85.6400785,20.1292927],[85.6400714,20.1293613],[85.6400818,20.1294081],[85.6401022,20.1294667],[85.6401272,20.1295263],[85.640219,20.1296815],[85.6403168,20.1298098],[85.6403315,20.1298513],[85.6403329,20.1299041],[85.6403188,20.1299468],[85.6401869,20.1301153],[85.640095,20.1302412],[85.6400739,20.130282],[85.640066,20.1304958],[85.6400551,20.1305335],[85.6400466,20.1305552],[85.6400272,20.1305711],[85.6399117,20.13059],[85.6398999,20.1306048],[85.639902,20.1306239],[85.6399799,20.1307418],[85.6399893,20.1307868],[85.639991,20.1308585],[85.639945,20.1310514],[85.6399458,20.1310994],[85.6399591,20.1311496],[85.64,20.1312938],[85.6400155,20.1313327],[85.6400999,20.1314364],[85.6401228,20.1314939],[85.6401284,20.1315768],[85.6400263,20.1321739],[85.6399991,20.1326447],[85.6399598,20.1333244],[85.639948,20.1334712],[85.6399297,20.1336347],[85.6399298,20.1337241],[85.6399198,20.1338835],[85.6399196,20.1339283],[85.6399425,20.1339636],[85.6400025,20.1339751],[85.6402918,20.1339793],[85.6403581,20.1339881],[85.6405044,20.1340611],[85.6408679,20.1343145],[85.641293,20.1345281],[85.6413496,20.1345605],[85.641395,20.13459],[85.6414524,20.1346478],[85.6417719,20.1350044],[85.6418474,20.1350887],[85.6420604,20.1353264],[85.6421156,20.1353743],[85.6423172,20.1354899]]}},{"type":"Feature","properties":{"id":865875160,"highway":"residential"},"geometry":{"type":"LineString","coordinates":[[85.6465388,20.1370005],[85.646155,20.1368652],[85.6460254,20.1367911],[85.6459984,20.1367644],[85.6459598,20.1367262],[85.6454132,20.1359254],[85.645248,20.1356833],[85.6450341,20.1354417],[85.6449209,20.1353139],[85.6445754,20.1349897],[85.6443707,20.1348026],[85.6441095,20.1345638],[85.6439292,20.1344669],[85.6436103,20.1341851],[85.6435249,20.1340918],[85.6432828,20.1337849]]}},{"type":"Feature","properties":{"id":865875163,"highway":"residential"},"geometry":{"type":"LineString","coordinates":[[85.648611,20.1272977],[85.6490399,20.1276174],[85.6490759,20.1276509],[85.6490867,20.1276844],[85.6490858,20.1277304],[85.6490588,20.127767],[85.6490151,20.1277819],[85.6485462,20.1278677],[85.6484684,20.1278749],[85.6484182,20.127873],[85.6482357,20.1278353]]}},{"type":"Feature","properties":{"id":865875164,"highway":"residential"},"geometry":{"type":"LineString","coordinates":[[85.6444246,20.1281109],[85.6447387,20.1280081],[85.6447838,20.1279854],[85.6449272,20.127896]]}},{"type":"Feature","properties":{"id":865875165,"highway":"residential"},"geometry":{"type":"LineString","coordinates":[[85.6442739,20.1275661],[85.644162,20.1276481],[85.6441394,20.1276874],[85.6441233,20.1277434],[85.6441072,20.1278311],[85.6441136,20.1280066],[85.6441136,20.1280368],[85.6440991,20.1280671],[85.6440718,20.1280898],[85.6440379,20.1281079],[85.6439993,20.1281124],[85.6436391,20.1281009],[85.6436068,20.1280996],[85.6435774,20.1280864],[85.6435493,20.1280535],[85.6435199,20.1280245],[85.6434904,20.1280166],[85.6434357,20.1280245],[85.6433577,20.1280435]]}},{"type":"Feature","properties":{"id":865875168,"highway":"residential"},"geometry":{"type":"LineString","coordinates":[[85.6435119,20.1245439],[85.6435458,20.12486],[85.6435441,20.124919],[85.6435024,20.1251273]]}},{"type":"Feature","properties":{"id":865875169,"highway":"residential"},"geometry":{"type":"LineString","coordinates":[[85.6427551,20.12528],[85.6429783,20.1252893],[85.6431878,20.1252681],[85.6432909,20.1252499],[85.6433585,20.1252257],[85.643402,20.125194],[85.6434539,20.1251099]]}},{"type":"Feature","properties":{"id":865875170,"highway":"residential"},"geometry":{"type":"LineString","coordinates":[[85.6436958,20.1257651],[85.6435728,20.1260219],[85.6435324,20.1261296],[85.6435133,20.1262234],[85.6435558,20.1270777],[85.6435763,20.1273733]]}},{"type":"Feature","properties":{"id":866204909,"highway":"unclassified"},"geometry":{"type":"LineString","coordinates":[[85.6553914,20.1257502],[85.6555713,20.1258902],[85.6556035,20.1259053],[85.6556652,20.1259204],[85.6557524,20.1259519],[85.655794,20.125972],[85.6558409,20.1260035],[85.6561909,20.1263082],[85.6562486,20.1263322],[85.6563036,20.1263422],[85.6563666,20.1263385],[85.6565396,20.1263057],[85.6566536,20.1263032],[85.6567421,20.1263158],[85.6568482,20.1263425],[85.6569089,20.1263536],[85.657112,20.1263913],[85.6573587,20.1264618],[85.6574452,20.1264735],[85.6575358,20.1264719],[85.6578782,20.1263989],[85.6579585,20.1263695],[85.6584906,20.1261697],[85.6586215,20.1261355],[85.658732,20.1261243],[85.6590271,20.1261092],[85.6593436,20.1261193],[85.6596118,20.1261495],[85.6600088,20.1262301],[85.6605399,20.1263661],[85.6605955,20.12637],[85.6610227,20.126346],[85.6614094,20.1263148],[85.6615446,20.1262989],[85.6618112,20.1262352],[85.6632757,20.1257365],[85.6635234,20.1256809],[85.6642541,20.1255688],[85.664413,20.1255602],[85.6653935,20.1255355],[85.6654644,20.1255249],[85.6657869,20.1254681],[85.6658936,20.1254645],[85.6665802,20.1254594],[85.6666804,20.1254716],[85.667299,20.1255893],[85.6677212,20.1256692],[85.6678659,20.1256966],[85.6680129,20.1257133],[85.6684836,20.1257309],[85.6691989,20.1257983],[85.6692729,20.1257973],[85.6693506,20.1257913],[85.6694341,20.1257773],[85.6721874,20.1253125]]}},{"type":"Feature","properties":{"id":866208089,"highway":"unclassified"},"geometry":{"type":"LineString","coordinates":[[85.6613526,20.1327085],[85.6609718,20.1323101],[85.6609524,20.1322986],[85.6609242,20.1322921],[85.6608942,20.1322933],[85.6606647,20.1323243],[85.660623,20.1323339],[85.6605734,20.1323597],[85.6605426,20.1323905],[85.6602636,20.1329094],[85.660221,20.1329794],[85.6600758,20.1332179],[85.6600397,20.1332708],[85.6599831,20.133321],[85.6593731,20.1337228],[85.659347,20.1337524],[85.6593369,20.1337971],[85.6593458,20.1340451],[85.6593705,20.1356181],[85.6593624,20.1357749],[85.6593516,20.1358259],[85.6593208,20.1359002],[85.6592765,20.1359719],[85.6589922,20.1363447],[85.6588503,20.1365445],[85.6588085,20.1366155],[85.6585952,20.1370448],[85.6585606,20.1371344],[85.6584611,20.1374831],[85.6583427,20.1377559],[85.6580588,20.1384099],[85.6580306,20.1385622],[85.6580273,20.1386245],[85.6580256,20.1387312],[85.6580529,20.1389948],[85.6580668,20.1390582],[85.6580829,20.1390991],[85.6581835,20.1393024],[85.6581962,20.1393333],[85.6582026,20.1393978],[85.6582036,20.1394372],[85.6581934,20.1394941],[85.6580976,20.1399659],[85.657988,20.1407071],[85.6579436,20.1410461],[85.6579407,20.1411053],[85.6579423,20.1411698],[85.6579479,20.1412726],[85.6579993,20.1415937],[85.658058,20.1418516],[85.6580595,20.1418993],[85.657989,20.1423479],[85.6579859,20.1423783],[85.6580053,20.1424349],[85.6580253,20.1424623],[85.6580531,20.1424811],[85.6581209,20.1425057],[85.6582318,20.1425332],[85.6591838,20.1426576],[85.6592485,20.1426677],[85.6592947,20.1426938],[85.6592895,20.142718],[85.659301,20.1427939]]}},{"type":"Feature","properties":{"id":866208090,"highway":"residential"},"geometry":{"type":"LineString","coordinates":[[85.6614269,20.1305921],[85.6613123,20.1307081],[85.6612587,20.130824],[85.6612372,20.1309499],[85.6612177,20.1311874],[85.6611988,20.1312492],[85.6611675,20.1313126],[85.6610515,20.1314445],[85.661028,20.1314838],[85.6609741,20.131651],[85.6609602,20.1316937],[85.6609325,20.1317272],[85.6608864,20.1317595],[85.6608649,20.1317921],[85.660859,20.1318517],[85.6608616,20.1319188],[85.6609374,20.1322781],[85.6609242,20.1322921]]}},{"type":"Feature","properties":{"id":866220779,"highway":"residential"},"geometry":{"type":"LineString","coordinates":[[85.660221,20.1329794],[85.6603665,20.1330781],[85.660412,20.1330847],[85.6604736,20.1330789],[85.6616137,20.1329074],[85.661646,20.1328978],[85.6616962,20.1328681]]}},{"type":"Feature","properties":{"id":866220780,"highway":"residential"},"geometry":{"type":"LineString","coordinates":[[85.6687601,20.132311],[85.6679387,20.1324736],[85.6666957,20.1326449],[85.6666475,20.1326482],[85.6666214,20.1326325],[85.6666071,20.1326128],[85.6665493,20.1322431],[85.6665253,20.1321317],[85.6665041,20.1320478],[85.6664793,20.1319789],[85.6662701,20.1314673]]}},{"type":"Feature","properties":{"id":866220782,"highway":"residential"},"geometry":{"type":"LineString","coordinates":[[85.6656394,20.1307775],[85.6656094,20.1309819],[85.6656235,20.1310251],[85.6656501,20.131055],[85.6657014,20.1310816],[85.6662994,20.1311709]]}},{"type":"Feature","properties":{"id":866220784,"highway":"unclassified"},"geometry":{"type":"LineString","coordinates":[[85.6687244,20.1322434],[85.6687601,20.132311],[85.6689772,20.1324792],[85.6706035,20.1336365],[85.6707282,20.1337297],[85.6708315,20.1338002],[85.6709817,20.1338732],[85.6710555,20.1338997],[85.6711574,20.1339374],[85.6712392,20.1339639],[85.6719153,20.1341109],[85.6736903,20.1344812],[85.6741955,20.1345867],[85.674992,20.134753],[85.675441,20.1348467],[85.6765042,20.1350751]]}},{"type":"Feature","properties":{"id":866220785,"highway":"residential"},"geometry":{"type":"LineString","coordinates":[[85.671312,20.1285857],[85.6724303,20.1284774]]}},{"type":"Feature","properties":{"id":866220786,"highway":"residential"},"geometry":{"type":"LineString","coordinates":[[85.6696964,20.1314666],[85.669823,20.1313637],[85.6701375,20.131084],[85.6705715,20.1308035],[85.6708895,20.1306377],[85.670923,20.1305696],[85.670952,20.1304618],[85.6709896,20.1301368],[85.6709798,20.1297315],[85.671002,20.1296158],[85.6710447,20.1295518],[85.6711121,20.1295123],[85.6714968,20.1293679],[85.6715381,20.1293285],[85.6715451,20.1292801],[85.6714303,20.1288855],[85.671312,20.1285857]]}},{"type":"Feature","properties":{"id":866220787,"highway":"residential"},"geometry":{"type":"LineString","coordinates":[[85.6684363,20.1315904],[85.6684933,20.1314727],[85.6685744,20.1312621],[85.6686187,20.1310758],[85.6686156,20.1310145],[85.6684723,20.130496],[85.6683399,20.1301271],[85.6682367,20.1298775],[85.6681212,20.129582],[85.6680809,20.129447],[85.6680506,20.1292993],[85.6680252,20.1291582],[85.6680236,20.129068],[85.6680439,20.1289122],[85.6680485,20.1284449],[85.6680092,20.1280259],[85.6679749,20.1276606],[85.6679723,20.1275234],[85.6679616,20.1274591],[85.6679471,20.1273968],[85.6674814,20.1263837],[85.6674571,20.1263212],[85.6673182,20.1258712],[85.6673097,20.1258019],[85.667299,20.1255893]]}},{"type":"Feature","properties":{"id":866220788,"highway":"residential"},"geometry":{"type":"LineString","coordinates":[[85.6663375,20.1314406],[85.6662949,20.1312282],[85.6662994,20.1311709],[85.666305,20.1311156],[85.6663243,20.1310517],[85.6663264,20.1309897],[85.6663213,20.1309085],[85.666296,20.1306956],[85.6661619,20.1302892],[85.6661502,20.1301987],[85.6661624,20.1301396],[85.6661888,20.1300976],[85.6664734,20.1297865],[85.6667036,20.1295747],[85.666784,20.1294891],[85.6668174,20.129439],[85.66692,20.1291922],[85.6670123,20.129005],[85.6670415,20.1289653],[85.6671306,20.1288886],[85.667155,20.1288557],[85.6673312,20.1285673],[85.667535,20.1282449],[85.6679749,20.1276606]]}},{"type":"Feature","properties":{"id":866220789,"highway":"residential"},"geometry":{"type":"LineString","coordinates":[[85.6693506,20.1257913],[85.6692087,20.1260695],[85.6691841,20.1261325],[85.6691183,20.126422],[85.6691068,20.1264725],[85.6690907,20.1265178],[85.6690666,20.1265594],[85.6690344,20.1265883],[85.6689727,20.1266236],[85.6688413,20.1266752],[85.6685426,20.1268406],[85.6685114,20.1268644],[85.6682894,20.1270819],[85.6682595,20.1270999],[85.6682241,20.1271169],[85.668194,20.1271432],[85.668179,20.1271706],[85.6680635,20.1274006],[85.6679723,20.1275234]]}},{"type":"Feature","properties":{"id":866220791,"highway":"residential"},"geometry":{"type":"LineString","coordinates":[[85.6708127,20.1285431],[85.6704813,20.1288977],[85.670425,20.1289459],[85.6703371,20.1289746],[85.6698954,20.129045],[85.6697788,20.129043],[85.669614,20.1290243],[85.6692032,20.1289288],[85.6686823,20.1288595],[85.6685635,20.128864],[85.6680439,20.1289122],[85.6676249,20.1290153],[85.6671987,20.1290818],[85.6670924,20.1291122],[85.6670231,20.1291426],[85.66692,20.1291922]]}},{"type":"Feature","properties":{"id":866225431,"highway":"residential"},"geometry":{"type":"LineString","coordinates":[[85.6511156,20.1975239],[85.650974,20.1980188],[85.6509354,20.1981993],[85.6509354,20.1982343],[85.6509471,20.1982694],[85.6510328,20.1983267]]}},{"type":"Feature","properties":{"id":866225432,"highway":"residential"},"geometry":{"type":"LineString","coordinates":[[85.6501625,20.19791],[85.650974,20.1980188]]}},{"type":"Feature","properties":{"id":866225445,"highway":"residential"},"geometry":{"type":"LineString","coordinates":[[85.6508964,20.1985377],[85.6513876,20.1986795],[85.6516991,20.1987659],[85.6518477,20.1988157],[85.6519539,20.1988522],[85.6520388,20.1988555],[85.652099,20.1988356],[85.6521309,20.1987891],[85.6521899,20.1985752],[85.6522273,20.1984399],[85.6523273,20.1980778],[85.6525298,20.1973398],[85.6525509,20.1972561],[85.6525576,20.1971604],[85.652571,20.1968156],[85.6525818,20.1967463],[85.6526354,20.1965449],[85.6526517,20.1964594],[85.6526542,20.1963838],[85.6526303,20.1960791]]}},{"type":"Feature","properties":{"id":866225454,"highway":"unclassified"},"geometry":{"type":"LineString","coordinates":[[85.6316015,20.2000188],[85.6313252,20.1999282],[85.6310248,20.1998627],[85.6307512,20.1998224],[85.6301236,20.1998375],[85.6296569,20.1998577],[85.6291258,20.1998728],[85.6287235,20.1999332],[85.6280583,20.1999684],[85.6276506,20.2000037],[85.6272107,20.200049],[85.6269318,20.2000439],[85.6262237,20.1999533],[85.6258428,20.1999382],[85.6253278,20.1998929],[85.6241959,20.1998124]]}},{"type":"Feature","properties":{"id":866225458,"highway":"residential"},"geometry":{"type":"LineString","coordinates":[[85.6530644,20.1986172],[85.6524058,20.1984733],[85.6523718,20.1984731],[85.6523474,20.1984821],[85.6522867,20.1985347],[85.6522599,20.1985522],[85.652233,20.1985632],[85.6521899,20.1985752]]}},{"type":"Feature","properties":{"id":866225459,"highway":"residential"},"geometry":{"type":"LineString","coordinates":[[85.6530109,20.1982794],[85.6531987,20.1983775],[85.653263,20.1984052],[85.6534776,20.1984807],[85.6535554,20.1984958],[85.6536412,20.1984883],[85.6538612,20.198443],[85.6539406,20.198426],[85.6544755,20.198388]]}},{"type":"Feature","properties":{"id":866243581,"highway":"residential"},"geometry":{"type":"LineString","coordinates":[[85.6688413,20.1266752],[85.6689045,20.1272509],[85.6689219,20.1272719],[85.6689479,20.127281],[85.6691267,20.1272679],[85.6694311,20.1272455],[85.6695655,20.1272357],[85.6696275,20.1272368],[85.6699705,20.1272986],[85.6701743,20.1273087],[85.6705284,20.1272936],[85.6707205,20.1272732],[85.6707815,20.1272613],[85.6708695,20.1272441],[85.6712966,20.1270013],[85.6713473,20.1269708],[85.671482,20.1268789],[85.6715674,20.1268361],[85.6722398,20.1265764]]}},{"type":"Feature","properties":{"id":866243583,"highway":"residential"},"geometry":{"type":"LineString","coordinates":[[85.6691068,20.1264725],[85.668742,20.1261652],[85.6687139,20.1261337],[85.6684836,20.1257309]]}},{"type":"Feature","properties":{"id":866243584,"highway":"residential"},"geometry":{"type":"LineString","coordinates":[[85.6713545,20.1277404],[85.671564,20.1276579],[85.6715866,20.1276404],[85.6715954,20.1276202],[85.671586,20.127593],[85.6715507,20.1275267],[85.6715487,20.1275076],[85.6715602,20.1274864],[85.6716055,20.1274445],[85.671956,20.1271506],[85.6719838,20.1271288],[85.6720244,20.1271074],[85.6722616,20.1269943]]}},{"type":"Feature","properties":{"id":866243585,"highway":"residential"},"geometry":{"type":"LineString","coordinates":[[85.6708695,20.1272441],[85.6709844,20.1275757]]}},{"type":"Feature","properties":{"id":866243586,"highway":"residential"},"geometry":{"type":"LineString","coordinates":[[85.6691569,20.127588],[85.6691267,20.1272679]]}},{"type":"Feature","properties":{"id":866243587,"highway":"residential"},"geometry":{"type":"LineString","coordinates":[[85.6707311,20.1276665],[85.6709116,20.1281998],[85.6709151,20.128258],[85.6709116,20.1283145],[85.6708681,20.1285523]]}},{"type":"Feature","properties":{"id":866243588,"highway":"residential"},"geometry":{"type":"LineString","coordinates":[[85.6694311,20.1272455],[85.6694626,20.1276202],[85.6694696,20.1277082],[85.669498,20.1278362],[85.6695263,20.127901],[85.6695581,20.1279442],[85.6696024,20.1280239],[85.6696094,20.1280605],[85.6696183,20.1281253],[85.6696289,20.1281568],[85.6696572,20.1281834],[85.6697085,20.1282],[85.6698048,20.1282297],[85.6699244,20.1282665],[85.6699732,20.1282836]]}},{"type":"Feature","properties":{"id":866243591,"highway":"residential"},"geometry":{"type":"LineString","coordinates":[[85.6723185,20.1274773],[85.6724405,20.1274526],[85.6724867,20.1274266],[85.6725083,20.127402],[85.6725237,20.1273513],[85.6725844,20.1269291],[85.6725958,20.126882],[85.6726112,20.1268487],[85.6726482,20.126814],[85.672927,20.1266419],[85.672991,20.1265977],[85.6730734,20.1265102],[85.6731304,20.1264393],[85.6731849,20.1263661],[85.6732043,20.1263236],[85.6732091,20.1262895],[85.6731987,20.1262419],[85.6731707,20.1262178],[85.6731345,20.1262123],[85.6730539,20.1262112],[85.6730274,20.1262081],[85.6729569,20.1261899],[85.6729186,20.1261876],[85.6728167,20.1261986],[85.6727319,20.1262174],[85.6726796,20.1262348],[85.6724824,20.1263505],[85.6724408,20.1263837],[85.6723946,20.1264358],[85.6723653,20.1264662],[85.6723404,20.1264853],[85.6722377,20.1265293]]}},{"type":"Feature","properties":{"id":866243595,"highway":"residential"},"geometry":{"type":"LineString","coordinates":[[85.6751701,20.1338218],[85.6751196,20.1340858],[85.6750505,20.1344472],[85.674992,20.134753]]}},{"type":"Feature","properties":{"id":866243596,"highway":"residential"},"geometry":{"type":"LineString","coordinates":[[85.6743628,20.1338067],[85.6743318,20.1339509],[85.6742558,20.1343053],[85.6741955,20.1345867]]}},{"type":"Feature","properties":{"id":866243597,"highway":"residential"},"geometry":{"type":"LineString","coordinates":[[85.6738102,20.1342247],[85.6742558,20.1343053],[85.6750505,20.1344472]]}},{"type":"Feature","properties":{"id":866243598,"highway":"residential"},"geometry":{"type":"LineString","coordinates":[[85.6750505,20.1344472],[85.6761173,20.1346508]]}},{"type":"Feature","properties":{"id":866243599,"highway":"residential"},"geometry":{"type":"LineString","coordinates":[[85.6738076,20.1338545],[85.6743318,20.1339509],[85.6751196,20.1340858],[85.675762,20.1342173]]}},{"type":"Feature","properties":{"id":866259438,"highway":"residential"},"geometry":{"type":"LineString","coordinates":[[85.6544822,20.1982841],[85.654582,20.198225],[85.6552976,20.197862],[85.6561515,20.1974656],[85.6562714,20.1974179],[85.6565634,20.1973258],[85.6567714,20.1972605],[85.6569136,20.1972033],[85.6570559,20.1971461],[85.6571514,20.19712],[85.6573737,20.1970816],[85.6574533,20.1970622],[85.6575114,20.1970364],[85.6576101,20.1969625],[85.6577666,20.1968332]]}},{"type":"Feature","properties":{"id":866259439,"highway":"residential"},"geometry":{"type":"LineString","coordinates":[[85.6578358,20.1983882],[85.6582045,20.1983786],[85.6582599,20.1983843],[85.6583,20.1984017],[85.6583277,20.1984451],[85.6583639,20.1986512],[85.6583749,20.1986774],[85.6584047,20.1986937],[85.6584848,20.198714],[85.6589048,20.1987797],[85.6590209,20.1987861],[85.6591467,20.1987751],[85.6592639,20.1987525]]}},{"type":"Feature","properties":{"id":866259448,"highway":"residential"},"geometry":{"type":"LineString","coordinates":[[85.6666192,20.1979103],[85.6678858,20.1982096],[85.6680299,20.1982703],[85.6684978,20.1984761],[85.6699578,20.1992462],[85.6700179,20.1993199],[85.670054,20.1994246],[85.6700223,20.1995598],[85.6693682,20.2006289],[85.6684749,20.202241]]}},{"type":"Feature","properties":{"id":866259449,"highway":"residential"},"geometry":{"type":"LineString","coordinates":[[85.6666192,20.1979103],[85.6651876,20.1975892],[85.6649095,20.1975197],[85.6647172,20.1975206],[85.6645901,20.1975628],[85.664435,20.1977585],[85.6634121,20.1992043],[85.6651005,20.2002221]]}},{"type":"Feature","properties":{"id":866259452,"highway":"residential"},"geometry":{"type":"LineString","coordinates":[[85.6555693,20.1985855],[85.6556099,20.1984138],[85.6556059,20.1983642],[85.6555733,20.1983299],[85.6555246,20.1983157],[85.6553228,20.1982875],[85.6552719,20.1982803],[85.6551138,20.1982343],[85.6550563,20.1982246],[85.654582,20.198225]]}},{"type":"Feature","properties":{"id":866261593,"highway":"residential"},"geometry":{"type":"LineString","coordinates":[[85.6698207,20.1276996],[85.6698384,20.1278907],[85.6698278,20.1279156],[85.669803,20.1279488],[85.6697906,20.1279771],[85.6697906,20.1280036],[85.6698048,20.1282297]]}},{"type":"Feature","properties":{"id":866262614,"highway":"residential"},"geometry":{"type":"LineString","coordinates":[[85.6667382,20.2012031],[85.6672331,20.2004018],[85.6677183,20.1996778],[85.6680992,20.1990402],[85.6684978,20.1984761]]}},{"type":"Feature","properties":{"id":866267102,"highway":"tertiary"},"geometry":{"type":"LineString","coordinates":[[85.6725284,20.1225063],[85.6728269,20.1215775],[85.6729577,20.1212399],[85.6732869,20.1206282],[85.673454,20.1203354],[85.6735102,20.120234],[85.6736249,20.1200583],[85.6736924,20.1199548],[85.6738747,20.1196757]]}},{"type":"Feature","properties":{"id":866267104,"highway":"residential"},"geometry":{"type":"LineString","coordinates":[[85.672209,20.1241482],[85.6721504,20.1240827],[85.6721341,20.1240512],[85.6721209,20.1240198],[85.6720787,20.1237971],[85.6719995,20.1233841],[85.6719862,20.1233236],[85.6719623,20.1232616],[85.6719374,20.1232259],[85.6718507,20.1231395],[85.6717148,20.123043],[85.6716314,20.1230189],[85.6715476,20.1230025],[85.6708945,20.1229584],[85.6703849,20.1228908]]}},{"type":"Feature","properties":{"id":866267106,"highway":"residential"},"geometry":{"type":"LineString","coordinates":[[85.6724036,20.1230132],[85.6719308,20.1230831],[85.6718507,20.1231395],[85.6712604,20.1235903],[85.6709115,20.1238378],[85.6708556,20.1238639],[85.6707403,20.1238931],[85.670625,20.1238992],[85.6704356,20.1238719],[85.6701958,20.1238135],[85.6698632,20.1237178],[85.6698232,20.1237101],[85.6695952,20.1236659],[85.669536,20.1236473],[85.6692348,20.1234661],[85.6691712,20.1234395],[85.6688845,20.1233633],[85.6688628,20.1233484],[85.6688526,20.123329],[85.6688622,20.123309],[85.6693416,20.1230168],[85.6693908,20.122965],[85.6694306,20.1229023],[85.6696164,20.1225648],[85.6696413,20.1225176],[85.6696663,20.1224825],[85.6696927,20.1224659],[85.6703473,20.1223989],[85.6707105,20.1223222],[85.6707883,20.1222928],[85.6708569,20.1222546],[85.6713927,20.1218727],[85.6717789,20.1216307],[85.6721401,20.1213501],[85.6724998,20.1210423],[85.6727624,20.1208006]]}},{"type":"Feature","properties":{"id":866267108,"highway":"residential"},"geometry":{"type":"LineString","coordinates":[[85.6719308,20.1230831],[85.6718307,20.122702],[85.6717173,20.1224253],[85.6715544,20.1221341],[85.6713927,20.1218727],[85.6709496,20.1212119],[85.670703,20.1209184],[85.6705765,20.1207275],[85.6705109,20.1205894],[85.6704914,20.1205078],[85.6704984,20.1202616],[85.6704915,20.1201077],[85.6704878,20.1200776],[85.6704434,20.1197129],[85.6704504,20.1196644],[85.6704809,20.1196341],[85.6705707,20.1195887],[85.6710049,20.1194827],[85.6716058,20.119399],[85.6720132,20.119339],[85.6720516,20.1193466],[85.6720877,20.1193696],[85.6721967,20.1194711],[85.6722285,20.1194906],[85.672265,20.119498],[85.6723158,20.1195069],[85.6725357,20.119515],[85.6725881,20.1195055],[85.6729659,20.1193847],[85.673094,20.1193455],[85.6734584,20.1192688],[85.6734941,20.1192641],[85.6738371,20.119219],[85.6739425,20.1192149],[85.674255,20.1192133]]}},{"type":"Feature","properties":{"id":866267109,"highway":"residential"},"geometry":{"type":"LineString","coordinates":[[85.6704356,20.1238719],[85.6703849,20.1228908],[85.6703473,20.1223989],[85.6703534,20.1223638],[85.6703714,20.1222671],[85.6704012,20.1216067],[85.6704465,20.1210505],[85.6704601,20.1210167],[85.6704992,20.1209779],[85.670703,20.1209184]]}},{"type":"Feature","properties":{"id":866267110,"highway":"residential"},"geometry":{"type":"LineString","coordinates":[[85.6721967,20.1194711],[85.6723217,20.1197824],[85.6723404,20.1198291],[85.6726717,20.1205964],[85.6727624,20.1208006],[85.6729577,20.1212399]]}},{"type":"Feature","properties":{"id":866267112,"highway":"residential"},"geometry":{"type":"LineString","coordinates":[[85.6708945,20.1229584],[85.6708918,20.1224383],[85.6708569,20.1222546]]}},{"type":"Feature","properties":{"id":866267113,"highway":"residential"},"geometry":{"type":"LineString","coordinates":[[85.6694306,20.1229023],[85.6697142,20.122927],[85.6697383,20.1229411],[85.6697558,20.1229674],[85.669771,20.1230036],[85.6698305,20.123293],[85.6698387,20.123339],[85.6698232,20.1237101]]}},{"type":"Feature","properties":{"id":866267114,"highway":"residential"},"geometry":{"type":"LineString","coordinates":[[85.6709496,20.1212119],[85.671101,20.121089],[85.6711538,20.1210601],[85.6711898,20.1210514],[85.6712544,20.1210459],[85.6715315,20.1210983],[85.671808,20.1211761],[85.6719353,20.1212294],[85.6721401,20.1213501]]}},{"type":"Feature","properties":{"id":866267115,"highway":"residential"},"geometry":{"type":"LineString","coordinates":[[85.6704878,20.1200776],[85.6707184,20.1200207],[85.6708458,20.1200124],[85.6710121,20.1200423],[85.6712776,20.1201287],[85.6713395,20.120157],[85.6714492,20.1202318],[85.6714935,20.1202783],[85.6715607,20.1203813],[85.6715803,20.1204262],[85.6715856,20.1204791],[85.6715776,20.1205332],[85.6715803,20.1205773],[85.6715897,20.1206163],[85.6716303,20.1207002],[85.6717473,20.120891],[85.6718752,20.1211065],[85.6719045,20.1211571],[85.6719353,20.1212294]]}},{"type":"Feature","properties":{"id":866281249,"highway":"residential"},"geometry":{"type":"LineString","coordinates":[[85.6723158,20.1195069],[85.6722361,20.1189852],[85.6722133,20.1189368],[85.6721867,20.1189019],[85.6721584,20.1188471],[85.6721389,20.1187956],[85.6720115,20.1183918],[85.6720138,20.1183599],[85.6720312,20.1183397],[85.6721264,20.1182617],[85.6721694,20.1182466],[85.6726776,20.118137],[85.6727125,20.1181345],[85.6727407,20.1181508],[85.6727514,20.1181748],[85.6727836,20.1182994],[85.6728037,20.118346],[85.6728547,20.1184279],[85.6732597,20.1190273],[85.6732878,20.1190676],[85.6733643,20.1191356],[85.6733924,20.1191671],[85.6734219,20.1192074],[85.6734584,20.1192688]]}},{"type":"Feature","properties":{"id":866281250,"highway":"unclassified"},"geometry":{"type":"LineString","coordinates":[[85.6744729,20.1185315],[85.6745795,20.118476],[85.6746118,20.1184533],[85.6746403,20.1184201],[85.6746571,20.1184004],[85.6747847,20.1182334],[85.6748643,20.11815],[85.6751104,20.1179186],[85.675175,20.1178357],[85.6754745,20.1172226],[85.6755784,20.1170603],[85.6756457,20.1169957],[85.675729,20.1169379],[85.6760572,20.1167774],[85.6761461,20.1167654],[85.676341,20.1167504],[85.6763943,20.1167419],[85.6764424,20.1167175],[85.6767909,20.1165004],[85.6769203,20.1164245],[85.6773508,20.1161722],[85.6776418,20.1160235],[85.6777624,20.1159753],[85.6781295,20.1158397],[85.6785146,20.1156838],[85.6785974,20.1156543],[85.6786823,20.1156376],[85.6789805,20.1156151],[85.6790685,20.1156124],[85.6799268,20.1156527],[85.6801548,20.1156377],[85.6802004,20.1156402],[85.6802728,20.1156565],[85.6804565,20.115741],[85.6804941,20.1157674],[85.680528,20.1158057],[85.6806228,20.1159643],[85.6806444,20.1159833],[85.6806821,20.1159921],[85.6813538,20.1158922],[85.6815008,20.1158531],[85.6818769,20.1157098],[85.682122,20.1155604],[85.682149,20.1155249],[85.6821612,20.1154817],[85.6821886,20.1153253],[85.6822042,20.1152364],[85.6822226,20.1151878],[85.6822618,20.1151348],[85.6823495,20.1150431],[85.682381,20.1149944],[85.6824454,20.1147442],[85.6824606,20.1147248],[85.6825087,20.1147117],[85.6825573,20.1147077],[85.6830136,20.1147062],[85.6830542,20.1147161],[85.6830704,20.1147413],[85.6831941,20.1151562],[85.6832595,20.115726],[85.683275,20.1159192],[85.6832711,20.1160757],[85.6832648,20.1161399],[85.6832512,20.1162228],[85.6832222,20.1163217],[85.6831666,20.116469],[85.6831416,20.1165128],[85.6830262,20.1166368],[85.6830017,20.1166713],[85.6829983,20.1166985],[85.6829981,20.1167327],[85.6830057,20.116928],[85.6829992,20.1169925],[85.6829369,20.1172389],[85.6828822,20.1173794],[85.6825928,20.1177342],[85.6825287,20.1178315],[85.6823913,20.1180984],[85.6823433,20.1181925],[85.6823276,20.1182378],[85.6822843,20.1184556],[85.6822453,20.1186379],[85.6822295,20.1187117],[85.6822215,20.1187975],[85.6822084,20.119446],[85.6822479,20.1202198],[85.6822502,20.1202658],[85.6822708,20.1206686],[85.6822746,20.1207417],[85.6822688,20.1209899],[85.6822618,20.1212866],[85.6822602,20.1213544],[85.6822935,20.1219221],[85.6823043,20.1220453],[85.6823721,20.1225636],[85.6824267,20.122824],[85.6825363,20.1233463],[85.6827215,20.1240333],[85.6827934,20.1243351],[85.6829145,20.1249884],[85.682991,20.1253023],[85.6831802,20.1260042],[85.6833183,20.12641],[85.6833745,20.1265666],[85.6834355,20.1267339],[85.6836234,20.1272666],[85.683675,20.1273701],[85.6838312,20.1276205],[85.6841997,20.1281319],[85.6843291,20.1282931],[85.6847211,20.1287157],[85.6848275,20.1288256],[85.6849415,20.1289434],[85.6851351,20.1290879],[85.6854143,20.1292956],[85.6860609,20.1298025],[85.6862573,20.1299731],[85.6872876,20.1310637],[85.6876593,20.1313802],[85.6879238,20.1316285],[85.6882509,20.1319112],[85.6886172,20.1322797],[85.6896302,20.133201],[85.6904458,20.1340689],[85.6912135,20.1349185],[85.6919725,20.1357823],[85.6928366,20.1366433],[85.6929086,20.136709]]}},{"type":"Feature","properties":{"id":866281251,"highway":"residential"},"geometry":{"type":"LineString","coordinates":[[85.6734941,20.1192641],[85.6736924,20.1199548]]}},{"type":"Feature","properties":{"id":866281252,"highway":"residential"},"geometry":{"type":"LineString","coordinates":[[85.6735102,20.120234],[85.6736196,20.1203415],[85.673654,20.1203897],[85.6737768,20.1206442],[85.6738046,20.1207018],[85.6738894,20.1208707],[85.673935,20.1209614],[85.6739507,20.1210069],[85.6739617,20.1212394],[85.6739711,20.1212723],[85.6740027,20.1212965],[85.6742084,20.1213466],[85.6742432,20.1213681],[85.6744135,20.1215733],[85.6745101,20.1217106],[85.6745316,20.1217572],[85.6746239,20.1221137],[85.6746402,20.1221513],[85.674663,20.122184],[85.6747113,20.1222092],[85.6755709,20.1223918],[85.6758874,20.1224724],[85.6759936,20.1225134],[85.6760479,20.1225384],[85.676397,20.1226991],[85.676449,20.1227201],[85.6765258,20.1227344],[85.6767636,20.1226986],[85.6771884,20.1226589],[85.6772512,20.1226452],[85.6774443,20.1225394],[85.6774876,20.122529],[85.6788432,20.122407],[85.6791758,20.1224624],[85.6794527,20.1225401],[85.6795303,20.1225626],[85.6796231,20.1225565],[85.679703,20.1225298],[85.6806993,20.1222457],[85.6810748,20.1221953],[85.6816542,20.1221601],[85.6823043,20.1220453]]}},{"type":"Feature","properties":{"id":866281253,"highway":"residential"},"geometry":{"type":"LineString","coordinates":[[85.6750626,20.1196341],[85.6748909,20.1190289],[85.6748058,20.1187286],[85.6747754,20.1186562],[85.6746403,20.1184201]]}},{"type":"Feature","properties":{"id":866281254,"highway":"residential"},"geometry":{"type":"LineString","coordinates":[[85.6743054,20.1191637],[85.6748909,20.1190289]]}},{"type":"Feature","properties":{"id":866281256,"highway":"residential"},"geometry":{"type":"LineString","coordinates":[[85.6736249,20.1200583],[85.6737741,20.1201432],[85.6738077,20.1201747],[85.6738289,20.1202246],[85.6739156,20.1204987],[85.6739227,20.120532],[85.6739085,20.1205669],[85.6738802,20.1205901],[85.6737768,20.1206442]]}},{"type":"Feature","properties":{"id":866281257,"highway":"residential"},"geometry":{"type":"LineString","coordinates":[[85.6720115,20.1183918],[85.6718955,20.1183331],[85.6718223,20.1182953],[85.6717629,20.1182617],[85.6717356,20.1182513],[85.6717057,20.1182576],[85.6716859,20.1182808],[85.6716176,20.1184515],[85.6715973,20.1185164],[85.671581,20.118629],[85.6716013,20.1190566],[85.6716058,20.119399]]}},{"type":"Feature","properties":{"id":866281260,"highway":"residential"},"geometry":{"type":"LineString","coordinates":[[85.6736149,20.127369],[85.6735539,20.1268861],[85.673558,20.126825],[85.6736088,20.1266514],[85.6736149,20.1265865],[85.6735945,20.1265292],[85.6735417,20.12643],[85.6735234,20.1263746],[85.6735071,20.1263116],[85.6734746,20.1261227],[85.6734543,20.1260941],[85.6734197,20.1260769],[85.6733608,20.1260883],[85.6731707,20.1262178]]}},{"type":"Feature","properties":{"id":866281261,"highway":"residential"},"geometry":{"type":"LineString","coordinates":[[85.6723217,20.1197824],[85.6721219,20.1198684],[85.6720847,20.1198783],[85.6719821,20.1198833],[85.6719396,20.1198999],[85.6719095,20.1199215],[85.6717414,20.120214],[85.6717131,20.120312],[85.6716919,20.1203519],[85.671653,20.1203884],[85.6715803,20.1204262]]}},{"type":"Feature","properties":{"id":866281262,"highway":"residential"},"geometry":{"type":"LineString","coordinates":[[85.6704504,20.1196644],[85.6701735,20.1196507],[85.6701434,20.1196274],[85.6701381,20.1195925],[85.6701541,20.1195377],[85.6703275,20.1191223],[85.6703558,20.1190824],[85.6704425,20.118991],[85.6704761,20.1189345],[85.6705327,20.1188631],[85.6705752,20.1188265],[85.6708902,20.1186869],[85.6709592,20.1186437],[85.6714512,20.1183347],[85.6715013,20.1183177],[85.6716859,20.1182808]]}},{"type":"Feature","properties":{"id":866281263,"highway":"residential"},"geometry":{"type":"LineString","coordinates":[[85.6691183,20.126422],[85.6702133,20.1266194],[85.6703137,20.1266479],[85.6704981,20.1267291],[85.6705939,20.1267948],[85.6706919,20.1269483],[85.6707527,20.1271456],[85.6707815,20.1272613]]}},{"type":"Feature","properties":{"id":866281265,"highway":"residential"},"geometry":{"type":"LineString","coordinates":[[85.6687244,20.1322434],[85.669106,20.1320898],[85.6693504,20.1319887],[85.6695147,20.1319207],[85.6697849,20.131812],[85.6698052,20.13178],[85.6698021,20.1317424],[85.6696808,20.1315453],[85.6696747,20.131504],[85.6696964,20.1314666]]}},{"type":"Feature","properties":{"id":866307819,"highway":"residential"},"geometry":{"type":"LineString","coordinates":[[85.6456293,20.1289788],[85.6454948,20.1286082],[85.6454663,20.1285032],[85.64542,20.1283325],[85.6453185,20.128017],[85.6451385,20.1279717],[85.6449272,20.127896],[85.6443231,20.1275993],[85.6442739,20.1275661],[85.644243,20.1275255],[85.6441561,20.1273117],[85.6437551,20.1273462],[85.6436495,20.1273577],[85.6435763,20.1273733],[85.6433773,20.1274271],[85.6431806,20.1274616],[85.6430119,20.1274912],[85.6429269,20.127094],[85.642764,20.1267014],[85.6427531,20.1266618],[85.6427496,20.1265987],[85.6427565,20.1265305],[85.6427537,20.1264864],[85.6425959,20.1260814],[85.6427971,20.125992],[85.6432664,20.1258661],[85.6436958,20.1257651],[85.6437479,20.1257528],[85.6438109,20.1257216],[85.6438646,20.1256577],[85.6440006,20.1253948],[85.6440659,20.1252541],[85.6441958,20.1251798],[85.6444707,20.1250425],[85.6446352,20.1248053],[85.644701,20.1246993],[85.6452118,20.1245729],[85.6456711,20.1244931],[85.6457349,20.1244542],[85.6457673,20.1244197],[85.6459553,20.1241877],[85.6460909,20.1240656],[85.6459362,20.1237966],[85.6456665,20.123805],[85.6448753,20.1238264],[85.6446432,20.1238433],[85.6445906,20.1240673]]}},{"type":"Feature","properties":{"id":866307821,"highway":"residential"},"geometry":{"type":"LineString","coordinates":[[85.646289,20.1279058],[85.6455686,20.1279883],[85.6453185,20.128017]]}},{"type":"Feature","properties":{"id":866312765,"highway":"residential"},"geometry":{"type":"LineString","coordinates":[[85.6422472,20.127648],[85.6429296,20.1275043]]}},{"type":"Feature","properties":{"id":866315201,"highway":"residential"},"geometry":{"type":"LineString","coordinates":[[85.6435119,20.1245439],[85.6432638,20.1245681],[85.6432252,20.1245605],[85.6432026,20.1245363],[85.6431323,20.1242051],[85.6431176,20.1240691],[85.6431229,20.1240414],[85.6431484,20.1240162],[85.6436312,20.1239986],[85.6444863,20.1240598],[85.6445906,20.1240673]]}},{"type":"Feature","properties":{"id":866524136,"highway":"residential"},"geometry":{"type":"LineString","coordinates":[[85.6055657,20.1424286],[85.6059052,20.1422683],[85.6059804,20.1422607],[85.6060393,20.1422645],[85.6061105,20.1422836],[85.6070679,20.1425794],[85.6072041,20.142608],[85.6072773,20.1426385],[85.607324,20.1426691],[85.6073728,20.1426958],[85.6074318,20.1427149],[85.6080172,20.1427034],[85.6086065,20.1426613],[85.6086684,20.1426662],[85.6087374,20.1426878],[85.6088188,20.1427161],[85.6090276,20.1427776],[85.6090949,20.1428075],[85.609201,20.1428806],[85.6093964,20.1430649],[85.609476,20.1431334],[85.6095397,20.1431898],[85.6096713,20.1433064],[85.6098909,20.1434622],[85.6100663,20.1435309],[85.6103557,20.1436434],[85.6104415,20.1436579],[85.6105489,20.1436521],[85.6106141,20.1436342],[85.6108976,20.1435312],[85.6111107,20.1434512],[85.6111964,20.1434335],[85.6116271,20.1433902],[85.6118819,20.1433966],[85.6119845,20.1434123],[85.6120979,20.1434431],[85.6122991,20.1435853],[85.6123916,20.1436307],[85.6126048,20.1437011],[85.6126719,20.1437503]]}},{"type":"Feature","properties":{"id":866524139,"highway":"residential"},"geometry":{"type":"LineString","coordinates":[[85.6088699,20.1453576],[85.609054,20.1453277],[85.6091054,20.1453256],[85.6093249,20.1453738],[85.6094136,20.145376],[85.6096167,20.1453584],[85.6097125,20.1453628],[85.6097989,20.1453979],[85.6100277,20.1454549],[85.6100861,20.1454593],[85.6101561,20.1454439],[85.6108278,20.1451843],[85.6109834,20.1451226],[85.6110893,20.1450949],[85.611489,20.1450509],[85.611566,20.1450326],[85.6117866,20.1449413],[85.6123177,20.1447902],[85.6123854,20.1447694],[85.612422,20.1447465],[85.6124371,20.1446945],[85.6124411,20.1442351]]}},{"type":"Feature","properties":{"id":866524140,"highway":"residential"},"geometry":{"type":"LineString","coordinates":[[85.6116001,20.1441204],[85.6108935,20.1440373],[85.6108318,20.1440537],[85.6107809,20.1440802],[85.610121,20.1444503],[85.6098528,20.1445422],[85.6097401,20.1445686],[85.6092139,20.1446751]]}},{"type":"Feature","properties":{"id":866524141,"highway":"residential"},"geometry":{"type":"LineString","coordinates":[[85.6116112,20.1443102],[85.6123679,20.1442599],[85.6124086,20.1442542],[85.6124411,20.1442351],[85.6124554,20.1441988],[85.6125301,20.1439345],[85.6125563,20.1438593],[85.6125848,20.14381],[85.6126133,20.1437783],[85.6126719,20.1437503],[85.6133865,20.1437761],[85.6134986,20.1437936],[85.6136205,20.1438323],[85.6136497,20.1438399],[85.6136859,20.1438399],[85.6137512,20.1438421],[85.6137851,20.1438542],[85.6138225,20.1438761],[85.6139696,20.1440833]]}},{"type":"Feature","properties":{"id":866524142,"highway":"residential"},"geometry":{"type":"LineString","coordinates":[[85.6085439,20.1462842],[85.6085942,20.1461351],[85.6088294,20.1454385],[85.6088699,20.1453576],[85.6089369,20.1452237],[85.6092139,20.1446751],[85.6093335,20.1444683],[85.6094706,20.1442313],[85.6098909,20.1434622]]}},{"type":"Feature","properties":{"id":866526235,"highway":"residential"},"geometry":{"type":"LineString","coordinates":[[85.6191196,20.1464043],[85.6190272,20.1464842],[85.6189963,20.1465276],[85.618528,20.1478762],[85.6184496,20.1481021],[85.6183081,20.1483912],[85.6182361,20.1484837],[85.6181988,20.1485558],[85.6181623,20.1486902],[85.6181404,20.1487394],[85.6181081,20.14877],[85.6180152,20.1488181],[85.617842,20.1488821],[85.6175024,20.1489904],[85.6172966,20.1490277],[85.6170871,20.1490398],[85.6169534,20.1490831],[85.6167716,20.1491472],[85.6166454,20.149211],[85.61652,20.1493],[85.6164152,20.1494004],[85.6163742,20.1494224],[85.6162993,20.14945],[85.6161684,20.149493],[85.6157949,20.1496235],[85.6156816,20.1496494],[85.6154478,20.1496912],[85.6150036,20.1497581],[85.614517,20.1498249],[85.6144634,20.1498509],[85.6143694,20.1499258],[85.6143109,20.1499492],[85.6139269,20.1500259],[85.613864,20.1500453],[85.6138117,20.1500515],[85.6137715,20.150055],[85.6137318,20.1500506],[85.6136401,20.1500248],[85.6135743,20.150014],[85.6133679,20.1499958],[85.6128207,20.1499127],[85.6126477,20.149899],[85.612126,20.1499053],[85.6120294,20.1498989],[85.6119624,20.1498814],[85.6116673,20.1497555],[85.611611,20.1497429],[85.6115574,20.1497404],[85.6114542,20.1497731],[85.6113965,20.1497908],[85.6113401,20.1498007],[85.6112785,20.1497923],[85.6112314,20.1497707],[85.6111987,20.1497391],[85.6111577,20.1496999],[85.6109316,20.149338],[85.61089,20.1493017],[85.6108238,20.1492643],[85.6106965,20.1492027],[85.6106072,20.1491301],[85.6105207,20.1490453],[85.6104479,20.1489566],[85.6102525,20.1486046],[85.6102315,20.1485265],[85.6102163,20.1484362],[85.6102281,20.1483659],[85.6102525,20.1483049],[85.6104002,20.1481043],[85.6108386,20.1476254],[85.6109546,20.1474826],[85.6109941,20.147434],[85.6110263,20.1473383],[85.6110317,20.1472477],[85.6110049,20.1471218],[85.61094,20.1470006],[85.6108432,20.1468927],[85.6107727,20.1468347],[85.6107045,20.1467908],[85.6105115,20.1467236],[85.6104009,20.1466741],[85.6102033,20.146542],[85.6097717,20.1461662],[85.6097134,20.1461348],[85.6096363,20.1461115],[85.6094318,20.1461033],[85.6093442,20.1461066],[85.6085942,20.1461351]]}},{"type":"Feature","properties":{"id":866526236,"highway":"residential"},"geometry":{"type":"LineString","coordinates":[[85.6077625,20.148125],[85.6081481,20.1482479],[85.6082383,20.1482645],[85.6084436,20.1482944],[85.6085126,20.1483177],[85.608594,20.1483642],[85.6093319,20.1487779],[85.6094027,20.1488028],[85.6096204,20.1488526],[85.6096654,20.1488729],[85.6097124,20.1489141]]}},{"type":"Feature","properties":{"id":866526237,"highway":"residential"},"geometry":{"type":"LineString","coordinates":[[85.6069732,20.1492117],[85.6090874,20.1493676],[85.6092192,20.1493553],[85.6093269,20.1493057],[85.6094042,20.1492427],[85.6095383,20.1490519],[85.6096197,20.1489756],[85.6096583,20.1489431],[85.6097124,20.1489141],[85.6097619,20.1489107],[85.6104479,20.1489566]]}},{"type":"Feature","properties":{"id":866526238,"highway":"unclassified"},"geometry":{"type":"LineString","coordinates":[[85.6182827,20.1487533],[85.6182724,20.1490252]]}},{"type":"Feature","properties":{"id":866526239,"highway":"unclassified"},"geometry":{"type":"LineString","coordinates":[[85.6182724,20.1490252],[85.6182709,20.1491491],[85.6182581,20.1492601],[85.6181896,20.1495874],[85.618076,20.1499639],[85.6180232,20.1500861],[85.6178623,20.1503508],[85.6178368,20.1504086],[85.6177412,20.1507339],[85.6175716,20.1511538],[85.6175507,20.1513744],[85.6167216,20.1541659],[85.6151591,20.1599982],[85.6149801,20.1606665],[85.6145812,20.1623674],[85.6143755,20.1631793]]}},{"type":"Feature","properties":{"id":866526884,"highway":"residential"},"geometry":{"type":"LineString","coordinates":[[85.6175716,20.1511538],[85.6171461,20.1511678],[85.6158244,20.1510981],[85.615561,20.1511174],[85.6154429,20.1511375],[85.6152687,20.1511802],[85.6141534,20.1516274],[85.6133251,20.1519568],[85.6130502,20.1520844],[85.612295,20.1524499],[85.6119213,20.1526902],[85.6118381,20.1527708],[85.6117577,20.1528741],[85.6117094,20.1529798],[85.6115538,20.1536169],[85.6115096,20.153689],[85.6114506,20.153752],[85.6113022,20.1538512],[85.6112595,20.1538959],[85.6112164,20.1539668],[85.6110669,20.1542994],[85.6110469,20.1543689],[85.6110346,20.1544339],[85.6110115,20.1547405],[85.6109853,20.154969],[85.6109606,20.1550572],[85.6109098,20.1551628],[85.610857,20.1552339]]}},{"type":"Feature","properties":{"id":866528551,"highway":"residential"},"geometry":{"type":"LineString","coordinates":[[85.6546486,20.1996097],[85.6544929,20.1993473],[85.6544664,20.1992792],[85.6543867,20.1989701]]}},{"type":"Feature","properties":{"id":866528561,"highway":"residential"},"geometry":{"type":"LineString","coordinates":[[85.6530967,20.1991528],[85.6533093,20.1990429],[85.6533863,20.1989909],[85.6534911,20.1988434],[85.6535435,20.198774],[85.6537099,20.198615],[85.6537499,20.1985832],[85.6538084,20.1985427],[85.6538331,20.198508],[85.6538612,20.198443]]}},{"type":"Feature","properties":{"id":866533559,"highway":"residential"},"geometry":{"type":"LineString","coordinates":[[85.6264145,20.1482781],[85.6263804,20.1483],[85.6262239,20.1484207],[85.6261812,20.1484552],[85.6261447,20.1484953],[85.6261182,20.148543],[85.6261161,20.1485944],[85.6261364,20.1487047],[85.6262398,20.1492016],[85.6263525,20.1498373],[85.6263632,20.150113],[85.6263815,20.150924],[85.6263732,20.1510039],[85.6263069,20.1512349],[85.6262767,20.1513138],[85.6261759,20.1515778],[85.6261284,20.1516447],[85.6260039,20.1517447],[85.6258886,20.151807],[85.6257809,20.1518401],[85.625262,20.1518983],[85.6251654,20.1519029],[85.6244327,20.1518543],[85.6232821,20.151704],[85.6231561,20.151675],[85.6230496,20.1516445],[85.6226668,20.151505],[85.622509,20.151453],[85.6223213,20.1514178],[85.6218359,20.1513995],[85.6209465,20.1513589],[85.620815,20.151369],[85.620695,20.1513936],[85.6204798,20.1514698],[85.6203591,20.1515214],[85.6202919,20.1515501],[85.6201403,20.1516468],[85.6200218,20.1517451],[85.6199237,20.1518367],[85.6198195,20.1519513],[85.6197656,20.1520212],[85.6196094,20.1522946],[85.6195415,20.1524165],[85.619486,20.1524747],[85.619435,20.1525043],[85.619376,20.1525225],[85.6193002,20.1525326],[85.6192191,20.1525313],[85.6191599,20.1525127],[85.6190188,20.1524185],[85.6188905,20.1523248],[85.6183442,20.1518414],[85.6182004,20.1517283],[85.6179259,20.1515542],[85.6175507,20.1513744]]}},{"type":"Feature","properties":{"id":866533560,"highway":"residential"},"geometry":{"type":"LineString","coordinates":[[85.6263525,20.1498373],[85.6266555,20.1497744],[85.6267119,20.1497567],[85.6270219,20.149603],[85.6271172,20.1495274],[85.6271319,20.1494959],[85.6271306,20.1494418],[85.6270668,20.1490441],[85.6268898,20.1483032],[85.626865,20.1482683],[85.6268137,20.1482433],[85.6267482,20.1482284],[85.6264765,20.1482512],[85.6264145,20.1482781]]}},{"type":"Feature","properties":{"id":866533562,"highway":"residential"},"geometry":{"type":"LineString","coordinates":[[85.6258886,20.151807],[85.6263195,20.1519967],[85.626366,20.152033],[85.6263963,20.1520811],[85.6264921,20.1523185],[85.6265464,20.1523875],[85.6266153,20.1524434],[85.6268097,20.1525365],[85.6268875,20.1525601],[85.6270485,20.1525843],[85.6271101,20.1525969],[85.6271628,20.1526206],[85.6272214,20.1526631],[85.6274711,20.1528418],[85.627522,20.1528657],[85.6276187,20.152894],[85.6276894,20.1528953],[85.6277713,20.1528991],[85.627842,20.1529085],[85.6279242,20.1529381],[85.6280878,20.1529982],[85.6281281,20.15302],[85.6281567,20.1530547],[85.6281747,20.1531034],[85.6281978,20.1533649],[85.6282434,20.1536192],[85.6282595,20.153754],[85.6282434,20.1543079],[85.6282514,20.1543431],[85.6283293,20.1545105],[85.6283507,20.1545704],[85.628415,20.1548593],[85.6284339,20.1549172],[85.6285694,20.1552222],[85.6287755,20.1554625],[85.6288609,20.1555331],[85.6290519,20.1556285],[85.6291576,20.1556533],[85.6292628,20.1556754],[85.6294564,20.1557143],[85.6301374,20.1557945],[85.6302777,20.1557849],[85.630611,20.1557124],[85.6307188,20.1556991],[85.6309078,20.1557258],[85.6318429,20.1558746],[85.6320177,20.1559223],[85.6323151,20.1560345]]}},{"type":"Feature","properties":{"id":866533570,"highway":"residential"},"geometry":{"type":"LineString","coordinates":[[85.62612,20.1444843],[85.6260593,20.1446213],[85.6260406,20.1446772],[85.6260313,20.1447233],[85.6260663,20.1450017],[85.626057,20.1450225],[85.6260282,20.1450391],[85.625965,20.1450463],[85.6252326,20.1451013],[85.6250105,20.1451222],[85.6249604,20.1451145],[85.6246546,20.1450344],[85.6245916,20.1450131],[85.6245218,20.144963],[85.6243929,20.1448524],[85.6243489,20.1448254],[85.6242952,20.1448249],[85.6242523,20.144835],[85.6238737,20.1449552],[85.6238192,20.1449662],[85.6237451,20.1449645],[85.6234305,20.1448944],[85.6228096,20.144837],[85.622621,20.144832],[85.6223422,20.1448784],[85.6221763,20.1449194],[85.6218009,20.1450602],[85.6216755,20.1451032],[85.6214403,20.1451838],[85.6213251,20.145206],[85.6207976,20.1452179],[85.620685,20.1451978],[85.6204125,20.145118],[85.6196469,20.1448204]]}},{"type":"Feature","properties":{"id":866533571,"highway":"unclassified"},"geometry":{"type":"LineString","coordinates":[[85.6198131,20.1357351],[85.6198668,20.1358963],[85.6199017,20.1360288],[85.6199086,20.1365368],[85.6199043,20.1377248],[85.6199312,20.1398702],[85.6199312,20.1405904],[85.6199312,20.140916],[85.6199312,20.1411098],[85.6199312,20.1436672],[85.6199181,20.1437895],[85.6199049,20.1438888],[85.6196469,20.1448204],[85.6194466,20.1453946]]}},{"type":"Feature","properties":{"id":866535745,"highway":"residential"},"geometry":{"type":"LineString","coordinates":[[85.6226314,20.1453011],[85.6226286,20.145174],[85.622621,20.144832]]}},{"type":"Feature","properties":{"id":866535746,"highway":"residential"},"geometry":{"type":"LineString","coordinates":[[85.6239535,20.1429846],[85.6241887,20.1429588],[85.6242212,20.1429513],[85.6243584,20.1429142],[85.6243812,20.142914],[85.6243986,20.1429235],[85.624552,20.1430915],[85.6245596,20.1431147],[85.6245576,20.1431436],[85.6245286,20.1432888],[85.6245263,20.1433239],[85.6245368,20.1433524],[85.6245719,20.1433872],[85.624718,20.1434967],[85.6247663,20.1435181],[85.6248146,20.1435352],[85.6248339,20.1435522],[85.6248417,20.1435753],[85.6248392,20.1436098],[85.6248304,20.1436555],[85.6247781,20.1438305],[85.6247687,20.1438859],[85.6247727,20.1439224],[85.6248464,20.1441453],[85.6248438,20.144173],[85.624825,20.1442032],[85.6247901,20.1442233],[85.6243523,20.1442845]]}},{"type":"Feature","properties":{"id":866535748,"highway":"residential"},"geometry":{"type":"LineString","coordinates":[[85.6265938,20.124049],[85.6267536,20.1234759],[85.626761,20.1234331],[85.6267548,20.1233942],[85.6267315,20.1233132],[85.6267245,20.1232611],[85.6267287,20.1232017],[85.6268125,20.1229623],[85.6268269,20.1229081],[85.6268368,20.1228434],[85.626846,20.122543],[85.6268678,20.1224667],[85.6268873,20.122431],[85.6269215,20.1224001],[85.6269791,20.1223746],[85.6270498,20.1223566],[85.6275609,20.1222573],[85.6276043,20.1222525],[85.6276411,20.1222546],[85.6276629,20.1222758],[85.6276716,20.1223088],[85.627699,20.1225019],[85.6277205,20.1225684],[85.6277848,20.1227091],[85.6278818,20.1229192],[85.6279511,20.123097],[85.6279822,20.1231857],[85.6279865,20.1232315],[85.6279846,20.1232645],[85.6279498,20.1233778],[85.6278009,20.1237266],[85.6277888,20.1237908],[85.6277901,20.1238475],[85.6278062,20.1239293],[85.6278277,20.1240339],[85.627935,20.1243764],[85.6280972,20.1249632],[85.6280918,20.1250059],[85.6280637,20.1250577],[85.6277365,20.1254302],[85.6274199,20.1256565],[85.6273987,20.12569],[85.6273694,20.1258772],[85.6273494,20.1259242],[85.6273181,20.1259765],[85.6270927,20.1261908],[85.6266904,20.1265736],[85.6266153,20.1270017],[85.6265778,20.1277773],[85.6265815,20.1279464],[85.6266099,20.1281299],[85.6267117,20.1284922],[85.6267226,20.1285681],[85.6267333,20.1288753],[85.626519,20.1297606],[85.6264383,20.1301093],[85.6263958,20.13019],[85.6263548,20.1302374],[85.6260038,20.1305123],[85.625851,20.130677],[85.6258214,20.1307289],[85.625806,20.1307778],[85.6257228,20.1309974],[85.6256518,20.1311329],[85.6256024,20.13121],[85.6255531,20.1312678],[85.6252206,20.1315247],[85.624729,20.1318749],[85.6246672,20.1319155],[85.6245841,20.1319577],[85.6245103,20.1319884],[85.6240911,20.1320761],[85.6240082,20.1321039],[85.6238478,20.1321701],[85.6232947,20.1325421],[85.6229085,20.1328846],[85.6228577,20.1329744],[85.6228387,20.1330609],[85.6228173,20.1334839],[85.6228387,20.1338063],[85.6228307,20.1340689],[85.6227714,20.1344559],[85.6227334,20.1346624],[85.6227046,20.1347407],[85.6225316,20.1349739],[85.6224856,20.1350206],[85.6222932,20.1352072],[85.6222333,20.1352838],[85.622106,20.1354893],[85.6214742,20.1362137],[85.6214422,20.136264],[85.6213696,20.1363546],[85.6212294,20.1368584],[85.6212125,20.1370141],[85.6212171,20.1370917],[85.6212766,20.1373018],[85.6213066,20.1374042],[85.6213538,20.137506],[85.6215631,20.1378694],[85.6218247,20.1382559],[85.6218784,20.1384753],[85.6220662,20.1395127],[85.6221628,20.1402781],[85.6221655,20.1405173],[85.6221628,20.1406055],[85.6221387,20.1407253],[85.6218409,20.1417536],[85.6217121,20.1420356],[85.6216325,20.142267],[85.6216056,20.1423752],[85.6215969,20.1424679],[85.6215899,20.1426309],[85.6215915,20.1426644],[85.6216032,20.1426958],[85.6216237,20.1427191],[85.6216568,20.14273],[85.6222817,20.1428058],[85.62236,20.1428306],[85.6224391,20.1428696],[85.6234073,20.1434192],[85.6235455,20.1434853],[85.6238244,20.143582],[85.6238645,20.1435923],[85.6239347,20.1435994],[85.6239795,20.1436195],[85.6240219,20.1436709],[85.6240781,20.1437541],[85.6242711,20.1440701],[85.6243355,20.1442212],[85.6243523,20.1442845],[85.6243672,20.1445255],[85.6243489,20.1448254]]}},{"type":"Feature","properties":{"id":866535755,"highway":"residential"},"geometry":{"type":"LineString","coordinates":[[85.6196469,20.1448204],[85.6189924,20.1446449],[85.6188868,20.1446249],[85.6188222,20.1446228],[85.6175682,20.1448984],[85.6175286,20.1449394],[85.6175159,20.1449954],[85.6175333,20.1455808],[85.617587,20.1459383]]}},{"type":"Feature","properties":{"id":866543895,"highway":"residential"},"geometry":{"type":"LineString","coordinates":[[85.6239795,20.1436195],[85.6239781,20.143446],[85.6239812,20.1433216],[85.6239535,20.1429846]]}},{"type":"Feature","properties":{"id":866543897,"highway":"residential"},"geometry":{"type":"LineString","coordinates":[[85.6229327,20.1451262],[85.6226286,20.145174]]}},{"type":"Feature","properties":{"id":866543898,"highway":"residential"},"geometry":{"type":"LineString","coordinates":[[85.6194466,20.1453946],[85.619613,20.145335],[85.6198341,20.1452319],[85.6199162,20.1452051],[85.6201243,20.1451478],[85.6204125,20.145118]]}},{"type":"Feature","properties":{"id":866543900,"highway":"residential"},"geometry":{"type":"LineString","coordinates":[[85.618692,20.1439016],[85.6188391,20.1442392],[85.6188485,20.1443006],[85.6188485,20.1443554],[85.6188222,20.1446228]]}},{"type":"Feature","properties":{"id":866543901,"highway":"residential"},"geometry":{"type":"LineString","coordinates":[[85.6171866,20.144646],[85.6173052,20.1448384],[85.6173283,20.1448601],[85.6173576,20.1448774],[85.6175682,20.1448984]]}},{"type":"Feature","properties":{"id":866543903,"highway":"residential"},"geometry":{"type":"LineString","coordinates":[[85.6116271,20.1433902],[85.6116001,20.1441204],[85.6116112,20.1443102],[85.6116212,20.1444805],[85.6116366,20.1445431],[85.6116723,20.1446515],[85.611713,20.1447259],[85.6117411,20.1447872],[85.6117866,20.1449413]]}},{"type":"Feature","properties":{"id":866543904,"highway":"residential"},"geometry":{"type":"LineString","coordinates":[[85.6108278,20.1451843],[85.6107594,20.1448973],[85.6107366,20.1448645],[85.610699,20.1448355],[85.610121,20.1444503]]}},{"type":"Feature","properties":{"id":866543906,"highway":"residential"},"geometry":{"type":"LineString","coordinates":[[85.609476,20.1431334],[85.6093938,20.1436137],[85.6093804,20.1436925],[85.6093744,20.1437339],[85.6093641,20.1438051],[85.6093621,20.1440207],[85.6093539,20.1440742],[85.6093153,20.1442459],[85.6093133,20.1442898],[85.6093335,20.1444683]]}},{"type":"Feature","properties":{"id":866543910,"highway":"residential"},"geometry":{"type":"LineString","coordinates":[[85.6153328,20.1466831],[85.6151621,20.1467556],[85.6151458,20.1467899],[85.6151458,20.1468472],[85.6152161,20.1473703],[85.6152454,20.1474846],[85.615408,20.1478987],[85.6154609,20.1479846],[85.6155381,20.1480838],[85.6157096,20.1482876],[85.616402,20.1491105],[85.61652,20.1493]]}},{"type":"Feature","properties":{"id":866543912,"highway":"residential"},"geometry":{"type":"LineString","coordinates":[[85.6145879,20.1476145],[85.6148267,20.1475306],[85.6148644,20.1475096],[85.6149111,20.1474714],[85.6149477,20.1474504],[85.6152161,20.1473703]]}},{"type":"Feature","properties":{"id":866543914,"highway":"residential"},"geometry":{"type":"LineString","coordinates":[[85.6199312,20.140916],[85.620118,20.1409365],[85.6201622,20.1409547],[85.6202206,20.1409946],[85.6204914,20.14139],[85.6205834,20.1415728],[85.6206241,20.1416276],[85.6206895,20.1416708],[85.6213284,20.1420346],[85.6213604,20.1420619],[85.6213942,20.1421154],[85.6214343,20.142169],[85.6214651,20.1421964],[85.6215052,20.142221],[85.6216325,20.142267]]}},{"type":"Feature","properties":{"id":866543915,"highway":"residential"},"geometry":{"type":"LineString","coordinates":[[85.6213696,20.1363546],[85.6199086,20.1365368]]}},{"type":"Feature","properties":{"id":866545892,"highway":"residential"},"geometry":{"type":"LineString","coordinates":[[85.6151484,20.1486797],[85.6157096,20.1482876]]}},{"type":"Feature","properties":{"id":866549171,"highway":"residential"},"geometry":{"type":"LineString","coordinates":[[85.6239347,20.1435994],[85.6238176,20.1433766],[85.6237968,20.1433314],[85.6237434,20.1431388],[85.6237421,20.1430859],[85.6237461,20.1430557],[85.6237595,20.1430356],[85.6237917,20.1430205],[85.6239535,20.1429846]]}},{"type":"Feature","properties":{"id":866579444,"highway":"secondary"},"geometry":{"type":"LineString","coordinates":[[85.6404714,20.1409668],[85.6405211,20.1406439]]}},{"type":"Feature","properties":{"id":866579451,"highway":"residential"},"geometry":{"type":"LineString","coordinates":[[85.6405131,20.135707],[85.641002,20.1366599],[85.6413467,20.1373319]]}},{"type":"Feature","properties":{"id":866582336,"highway":"residential"},"geometry":{"type":"LineString","coordinates":[[85.6411484,20.137724],[85.6408636,20.137854],[85.6408071,20.1378606],[85.640737,20.1378578],[85.6402267,20.1378079],[85.6401963,20.1378191],[85.6401698,20.137841],[85.6396383,20.1384715],[85.6396066,20.1385011],[85.6395857,20.1385091],[85.6395578,20.1385119],[85.6395094,20.1385045],[85.6386511,20.1381265],[85.6386108,20.1381039],[85.6385787,20.1380724],[85.6384358,20.1377349],[85.638411,20.1377022],[85.6383707,20.1376821],[85.6383265,20.1376757],[85.637951,20.1377589],[85.637896,20.1377828],[85.6378664,20.1378042],[85.6377196,20.1379622],[85.6376585,20.1380598],[85.6376533,20.1380973],[85.6376599,20.1381692],[85.63767,20.1382216],[85.6376391,20.1384753],[85.6374942,20.1393523],[85.6374905,20.1394191],[85.6374949,20.1394727],[85.637505,20.1395303],[85.6375813,20.1397148],[85.6377424,20.1401042],[85.6377754,20.1401304],[85.6378169,20.1401371],[85.6382246,20.1400496],[85.6383484,20.1400111],[85.6389689,20.1397858],[85.6390518,20.139767],[85.6392964,20.139754],[85.6393616,20.1397585],[85.6400212,20.1397916],[85.6406476,20.139823]]}},{"type":"Feature","properties":{"id":866582337,"highway":"residential"},"geometry":{"type":"LineString","coordinates":[[85.6374942,20.1393523],[85.6376643,20.1393015],[85.6378528,20.1392276],[85.6379669,20.1391562],[85.6379944,20.1391246],[85.6380634,20.1390066],[85.6380837,20.1389809],[85.638128,20.1389468],[85.6382226,20.1388987],[85.6384587,20.1388281],[85.6385137,20.1388256],[85.6385968,20.1388306],[85.6390152,20.1388458],[85.6390783,20.1388319],[85.6391279,20.1388029],[85.6393572,20.1386443],[85.6394057,20.1386201],[85.6395874,20.138544]]}},{"type":"Feature","properties":{"id":866582338,"highway":"residential"},"geometry":{"type":"LineString","coordinates":[[85.6400212,20.1397916],[85.6400307,20.139316],[85.6400267,20.1392682],[85.6399409,20.1388791],[85.6399221,20.1388363],[85.6398872,20.1387986],[85.639729,20.1387029],[85.6396699,20.1386588],[85.6396212,20.138608],[85.6395971,20.1385717],[85.6395874,20.138544],[85.6395857,20.1385091]]}},{"type":"Feature","properties":{"id":866582340,"highway":"unclassified"},"geometry":{"type":"LineString","coordinates":[[85.6447325,20.1409118],[85.6447052,20.1409521],[85.6446696,20.1409775],[85.6445289,20.1410117],[85.644398,20.1410366],[85.6442865,20.1410366],[85.6434866,20.1409369],[85.6422537,20.14077],[85.6405433,20.1405]]}},{"type":"Feature","properties":{"id":866585132,"highway":"tertiary"},"geometry":{"type":"LineString","coordinates":[[85.6446772,20.1416195],[85.6446903,20.1416719],[85.6446829,20.141742],[85.6444776,20.1424577],[85.64435,20.1430257],[85.6443058,20.1433702],[85.6442902,20.1434923],[85.6442877,20.1436314],[85.6443271,20.1439433],[85.644363,20.1440196],[85.6444189,20.1440551],[85.6453639,20.1443024],[85.6456368,20.1443662],[85.6463245,20.1444157],[85.6473184,20.14441],[85.647645,20.1444081],[85.6479029,20.1444217],[85.6482618,20.1444785],[85.6491517,20.1447138],[85.6492535,20.1447108],[85.6493346,20.1446885],[85.6498627,20.1443586],[85.6501619,20.1441869],[85.6505328,20.1440107],[85.6507493,20.1439372],[85.6520052,20.1436734],[85.6523931,20.1435972],[85.6529644,20.143485],[85.6537741,20.1433098],[85.6543208,20.1431894],[85.6547248,20.1430585],[85.655669,20.142862],[85.6562483,20.1427915],[85.6569564,20.1428772],[85.6575733,20.1429477],[85.6583726,20.1430081],[85.6585467,20.1430289],[85.65914,20.1431],[85.6593168,20.1431441],[85.6595904,20.1433506],[85.6599015,20.1436024],[85.6605264,20.1442297],[85.6605989,20.1443024],[85.6613445,20.1450579],[85.6622082,20.145914],[85.6629936,20.1466868],[85.6630558,20.14675],[85.6636834,20.1472788],[85.6640643,20.1475105],[85.664843,20.1478736],[85.6649387,20.1479134],[85.665036,20.1479346],[85.6658775,20.1480141],[85.6669411,20.1480999],[85.6670251,20.1481067],[85.6671423,20.1481393],[85.6673836,20.1482477],[85.6677617,20.1484584],[85.668063,20.1486685],[85.6682485,20.1488501],[85.6683987,20.1490415],[85.6684336,20.1491523],[85.6684866,20.1493342]]}},{"type":"Feature","properties":{"id":866585133,"highway":"secondary"},"geometry":{"type":"LineString","coordinates":[[85.6402843,20.1418595],[85.6400594,20.142971],[85.6400536,20.1429998],[85.6397844,20.144347],[85.6396192,20.1450855],[85.6394737,20.1456747],[85.6393467,20.146132],[85.6391547,20.1466084],[85.6389925,20.14692],[85.6384369,20.1478832],[85.6381411,20.1483659],[85.6379768,20.148584],[85.6375581,20.1492219],[85.6370664,20.1498586],[85.6367585,20.1502726],[85.636517,20.15059],[85.6364613,20.1506709],[85.6364332,20.1507411],[85.636419,20.1508311],[85.6364142,20.1509483],[85.636468,20.1513626],[85.6365284,20.1518529],[85.6366053,20.1523702],[85.6366752,20.1526701],[85.6368206,20.1531662],[85.6368574,20.153388],[85.6368441,20.153531],[85.6367984,20.1536567],[85.6367348,20.1537891],[85.6366287,20.1539443],[85.6364562,20.1541202],[85.6360804,20.1544157],[85.6357923,20.1546034],[85.6356138,20.1546803],[85.6353766,20.1547693],[85.6348647,20.15496],[85.6344732,20.1551059],[85.6335403,20.1554233],[85.6332153,20.1555492],[85.632828,20.1557298],[85.6326309,20.1558418],[85.632454,20.1559518],[85.6323151,20.1560345],[85.6318338,20.1563425],[85.6314938,20.1565321],[85.6314089,20.1566164],[85.6313062,20.1567551],[85.6311888,20.1569889],[85.6310566,20.1573119],[85.6308862,20.1576872],[85.6306922,20.1580431],[85.6304321,20.1584651],[85.6302977,20.158683],[85.6301661,20.1588885],[85.6299639,20.1592658],[85.6298294,20.1593958],[85.628903,20.160163],[85.6286941,20.1603278],[85.6285434,20.1604331],[85.6284365,20.1604993],[85.6283341,20.1605668],[85.6282391,20.1606316],[85.6275577,20.1613287],[85.6272861,20.1615987],[85.6271547,20.1617309],[85.6271071,20.1618695],[85.6269233,20.1619791],[85.6266923,20.1621001],[85.6263189,20.1622835],[85.6260408,20.1623983],[85.6258351,20.1624715],[85.6256002,20.1625228],[85.6253587,20.1625047],[85.6250982,20.1625018],[85.6247796,20.1626599]]}},{"type":"Feature","properties":{"id":866585135,"highway":"residential"},"geometry":{"type":"LineString","coordinates":[[85.6462686,20.1396215],[85.6462075,20.1396227],[85.6461342,20.1396184],[85.6457745,20.1395113],[85.6457001,20.1395045],[85.6452689,20.1394826],[85.6449873,20.1394725],[85.6445477,20.1395012]]}},{"type":"Feature","properties":{"id":866585137,"highway":"residential"},"geometry":{"type":"LineString","coordinates":[[85.6442845,20.1387935],[85.6444138,20.1387286],[85.6444771,20.1387034],[85.6446262,20.1386747],[85.6450588,20.1386399],[85.6451579,20.1386273],[85.6453338,20.1385762],[85.6457962,20.1385063],[85.6463931,20.1384406],[85.6467081,20.1384275],[85.6469325,20.1384381],[85.6470031,20.1384361],[85.6470784,20.1384236],[85.64724,20.1383734],[85.6473413,20.1382952],[85.6473967,20.1382316],[85.6475633,20.1380082],[85.6476009,20.1379465],[85.6476143,20.1378974],[85.6476156,20.1378521],[85.6475798,20.1377215]]}},{"type":"Feature","properties":{"id":866585138,"highway":"residential"},"geometry":{"type":"LineString","coordinates":[[85.6459984,20.1367644],[85.6459555,20.1369632],[85.6459345,20.1369873],[85.6458959,20.1370082],[85.6456764,20.1371244],[85.6456461,20.1371616],[85.6456181,20.1372066],[85.6456052,20.1372504],[85.6456064,20.1373096],[85.6456438,20.1374357],[85.6457908,20.1378332],[85.6457987,20.1378944],[85.6457962,20.1385063]]}},{"type":"Feature","properties":{"id":866588284,"highway":"residential"},"geometry":{"type":"LineString","coordinates":[[85.6474453,20.1399167],[85.6472635,20.1399355],[85.6471942,20.1399543],[85.6470259,20.1399928],[85.6469932,20.1399895],[85.6469687,20.139972],[85.6469231,20.1398668],[85.6469033,20.1398525],[85.6468683,20.1398438],[85.6462345,20.1397766]]}},{"type":"Feature","properties":{"id":866588287,"highway":"residential"},"geometry":{"type":"LineString","coordinates":[[85.6470031,20.1384361],[85.6471611,20.1386178],[85.6472017,20.1386821],[85.6472609,20.1388649],[85.6472724,20.1389182],[85.6473113,20.1394449]]}},{"type":"Feature","properties":{"id":866590783,"highway":"residential"},"geometry":{"type":"LineString","coordinates":[[85.6439292,20.1344669],[85.642962,20.1345263]]}},{"type":"Feature","properties":{"id":866590784,"highway":"residential"},"geometry":{"type":"LineString","coordinates":[[85.6441095,20.1345638],[85.6442482,20.1344693],[85.6444089,20.1343964],[85.6447909,20.1342711],[85.6448284,20.1342643],[85.6448619,20.1342709],[85.6449422,20.1343061],[85.6450323,20.1343455],[85.6451179,20.1343673],[85.6452517,20.1344012],[85.6453369,20.1344392],[85.6453978,20.1344849],[85.6456935,20.134808],[85.6457371,20.1348627],[85.6457827,20.1348971],[85.6458425,20.1349172],[85.6460537,20.1349683],[85.6464368,20.1350905],[85.646562,20.1351487],[85.6466397,20.1351796],[85.6467315,20.1351987],[85.6468467,20.1352241],[85.6469228,20.1352499],[85.6470718,20.1353177],[85.6472828,20.1354631],[85.6476806,20.1357352],[85.6477061,20.1357537],[85.6478263,20.135841],[85.6478652,20.1358813],[85.6479135,20.1359455],[85.6480419,20.1361668],[85.6482179,20.136521],[85.6482748,20.1367284],[85.6482822,20.136793],[85.6482822,20.1368635],[85.648234,20.1370902],[85.648198,20.1371928],[85.6481374,20.1372867],[85.6480355,20.1374025],[85.6477591,20.1376438],[85.6477031,20.1376724],[85.6475798,20.1377215],[85.6467027,20.1380173]]}},{"type":"Feature","properties":{"id":866590787,"highway":"residential"},"geometry":{"type":"LineString","coordinates":[[85.6454132,20.1359254],[85.6456864,20.1357977],[85.6457165,20.1357644],[85.6457483,20.1357079],[85.6457607,20.1356382],[85.6457827,20.1348971]]}},{"type":"Feature","properties":{"id":866590788,"highway":"residential"},"geometry":{"type":"LineString","coordinates":[[85.6434756,20.1371029],[85.6438125,20.1370093],[85.6438567,20.136991],[85.6438933,20.1369652],[85.6441328,20.1367416],[85.6441812,20.1367134],[85.6442199,20.1366988],[85.6448865,20.136657]]}},{"type":"Feature","properties":{"id":866607111,"highway":"residential"},"geometry":{"type":"LineString","coordinates":[[85.6470556,20.1370826],[85.6465739,20.1372051]]}},{"type":"Feature","properties":{"id":866607112,"highway":"residential"},"geometry":{"type":"LineString","coordinates":[[85.6462304,20.1378568],[85.6461552,20.1375706],[85.6461166,20.1374809],[85.6460353,20.137395],[85.6459845,20.137374],[85.6459133,20.1373587],[85.6458361,20.137374],[85.6456438,20.1374357]]}},{"type":"Feature","properties":{"id":866607116,"highway":"residential"},"geometry":{"type":"LineString","coordinates":[[85.6414704,20.137106],[85.6418871,20.1371339],[85.6420793,20.1371467],[85.642241,20.1371699],[85.6423504,20.1372046],[85.6426169,20.1373478],[85.6430405,20.1376711],[85.643096,20.1377333],[85.6432362,20.1379054],[85.643287,20.1379618],[85.6433779,20.1380124],[85.6434411,20.1380486],[85.6435458,20.1381324],[85.6435844,20.1381614],[85.6436182,20.1381758],[85.6436953,20.1381802],[85.6437554,20.1381946],[85.6437969,20.1382134],[85.6438401,20.1382337],[85.6438724,20.1382424],[85.6439711,20.1382524]]}},{"type":"Feature","properties":{"id":866607118,"highway":"residential"},"geometry":{"type":"LineString","coordinates":[[85.6456793,20.1389062],[85.6457001,20.1395045]]}},{"type":"Feature","properties":{"id":866621309,"highway":"unclassified"},"geometry":{"type":"LineString","coordinates":[[85.659301,20.1427939],[85.6593037,20.1429107],[85.6593192,20.1429533]]}},{"type":"Feature","properties":{"id":866621310,"highway":"unclassified"},"geometry":{"type":"LineString","coordinates":[[85.6593192,20.1429533],[85.6594318,20.1430537],[85.6594961,20.1431153],[85.6602137,20.1437412],[85.6604596,20.1440065],[85.6605125,20.1440905],[85.6605247,20.1441382],[85.6605264,20.1442297]]}},{"type":"Feature","properties":{"id":866633800,"highway":"residential"},"geometry":{"type":"LineString","coordinates":[[85.6592947,20.1426938],[85.6592148,20.1420662],[85.6592194,20.1420277],[85.6592378,20.1420038],[85.6595506,20.1418055],[85.659584,20.1417934],[85.6598328,20.1417346],[85.6599187,20.141713],[85.6600957,20.1416563],[85.6601528,20.1416308],[85.6601977,20.1416037],[85.6604476,20.1414029],[85.6604621,20.141386],[85.6604716,20.1413563],[85.6604751,20.1413206],[85.660446,20.1410789],[85.6604455,20.1410404],[85.6604567,20.1410084],[85.660564,20.140817],[85.6605763,20.1407777],[85.6606025,20.140677],[85.660613,20.1406495],[85.6607951,20.1404516],[85.6608215,20.1404192],[85.6608495,20.1403728],[85.6608726,20.1403487],[85.6609175,20.1403259],[85.6610839,20.1402636],[85.6614312,20.1402222],[85.6625771,20.1401136],[85.6625972,20.1401018]]}},{"type":"Feature","properties":{"id":866633801,"highway":"residential"},"geometry":{"type":"LineString","coordinates":[[85.6608215,20.1404192],[85.6608778,20.1405198],[85.6608925,20.1405646],[85.6610098,20.1410303]]}},{"type":"Feature","properties":{"id":866633803,"highway":"residential"},"geometry":{"type":"LineString","coordinates":[[85.6621879,20.138561],[85.6626213,20.1391047],[85.6626581,20.1392111],[85.6626616,20.1392635],[85.6626101,20.1400988],[85.6625972,20.1401018],[85.6625784,20.1408874],[85.6625762,20.1409385],[85.662514,20.1418845],[85.6625123,20.1419146],[85.6624765,20.1425392],[85.6624684,20.1425732],[85.6624276,20.14259],[85.6619623,20.1424935],[85.6619025,20.1424989],[85.6615893,20.1425776],[85.6614371,20.1426311],[85.6610952,20.1427675],[85.6610127,20.1427797],[85.6609268,20.1427798],[85.6606158,20.1427498],[85.6605733,20.1427434],[85.6605259,20.1427004]]}},{"type":"Feature","properties":{"id":866633804,"highway":"residential"},"geometry":{"type":"LineString","coordinates":[[85.6626101,20.1400988],[85.6629922,20.1399531],[85.663186,20.1398341],[85.6632827,20.1397667],[85.6634693,20.1396379],[85.66355,20.139609],[85.6636412,20.1395933],[85.6637066,20.1395922],[85.6639469,20.1395654],[85.6643853,20.1394822],[85.6652831,20.1392733],[85.6653435,20.1392734],[85.6657244,20.1393314],[85.6657633,20.1393529],[85.6657962,20.1393875],[85.6659364,20.1396512],[85.6659434,20.1396953],[85.6659612,20.1398477],[85.6659551,20.1398829],[85.6659163,20.1400113],[85.665912,20.1400484],[85.6659139,20.1400989],[85.6659308,20.1401538],[85.6659801,20.140297],[85.6659955,20.1403766],[85.6660025,20.1405194],[85.6659878,20.1405791],[85.6659863,20.1406398],[85.6659938,20.1408746],[85.6660037,20.1410026],[85.6660467,20.1412316],[85.6660619,20.141303],[85.6660926,20.1413576],[85.6662798,20.1415563],[85.6664437,20.1417303],[85.6666138,20.1419929],[85.6666359,20.1420489],[85.6666579,20.142212],[85.6666651,20.142275],[85.6666407,20.1426655],[85.6665763,20.1430533],[85.6665602,20.1432605],[85.6666085,20.143708],[85.6666138,20.1448865],[85.6666728,20.1454657],[85.666748,20.1460248],[85.6669411,20.1480999]]}},{"type":"Feature","properties":{"id":866633805,"highway":"residential"},"geometry":{"type":"LineString","coordinates":[[85.6615817,20.1406808],[85.6614312,20.1402222],[85.6614462,20.1400247],[85.6614519,20.1399603],[85.6614663,20.1399178],[85.6616611,20.139563],[85.6618002,20.1393809],[85.6618488,20.1393365],[85.6618891,20.13931],[85.6621224,20.1391771],[85.6621519,20.1391463],[85.6621653,20.1390959],[85.6621921,20.1388933],[85.6621879,20.138561],[85.6622588,20.1384895],[85.6622592,20.1384615],[85.6622552,20.138422],[85.6622469,20.1383973],[85.6621082,20.1381719],[85.6620731,20.1381365],[85.6620077,20.1380793],[85.6619757,20.1380474],[85.661883,20.1379192]]}},{"type":"Feature","properties":{"id":866633809,"highway":"residential"},"geometry":{"type":"LineString","coordinates":[[85.6601159,20.1405393],[85.6603207,20.1405595],[85.6603854,20.1405798],[85.660613,20.1406495]]}},{"type":"Feature","properties":{"id":866633810,"highway":"residential"},"geometry":{"type":"LineString","coordinates":[[85.6592895,20.142718],[85.6599266,20.1427875],[85.6599958,20.1427913],[85.660428,20.1427258],[85.6604896,20.1427127],[85.6605259,20.1427004],[85.6608483,20.142499],[85.6609191,20.1424388],[85.6612678,20.1420328],[85.661318,20.1419649],[85.6617388,20.1413961],[85.6618095,20.1412879],[85.6625771,20.1401136]]}},{"type":"Feature","properties":{"id":866633811,"highway":"residential"},"geometry":{"type":"LineString","coordinates":[[85.6603984,20.1419681],[85.6605842,20.1420129],[85.6606196,20.1420395],[85.6606549,20.142096],[85.660685,20.1421874],[85.6606815,20.1422339],[85.6606603,20.1422887],[85.6605948,20.1425645],[85.6605259,20.1427004]]}},{"type":"Feature","properties":{"id":866633813,"highway":"residential"},"geometry":{"type":"LineString","coordinates":[[85.6611452,20.141256],[85.6612992,20.1412401],[85.6613439,20.141243],[85.6613916,20.1412589],[85.6615811,20.1413196],[85.6616273,20.1413268],[85.6618095,20.1412879]]}},{"type":"Feature","properties":{"id":866633814,"highway":"residential"},"geometry":{"type":"LineString","coordinates":[[85.661318,20.1419649],[85.6617434,20.1420843],[85.661823,20.1420843],[85.6621433,20.1420544],[85.6622565,20.1420261],[85.6625123,20.1419146]]}},{"type":"Feature","properties":{"id":866647899,"highway":"tertiary"},"geometry":{"type":"LineString","coordinates":[[85.6684866,20.1493342],[85.668622,20.1499918]]}},{"type":"Feature","properties":{"id":866647900,"highway":"tertiary"},"geometry":{"type":"LineString","coordinates":[[85.668622,20.1499918],[85.6687365,20.1503798],[85.6688275,20.1506012],[85.6689139,20.1507371],[85.6690307,20.1508511],[85.6691661,20.15093],[85.6693015,20.1509761],[85.6697358,20.1510221],[85.6713745,20.1511479],[85.6717346,20.1511756],[85.6726375,20.1512384],[85.6727325,20.1512507],[85.6728499,20.1512755]]}},{"type":"Feature","properties":{"id":866834364,"highway":"residential"},"geometry":{"type":"LineString","coordinates":[[85.6636292,20.1432559],[85.6636073,20.1435312]]}},{"type":"Feature","properties":{"id":866834365,"highway":"residential"},"geometry":{"type":"LineString","coordinates":[[85.6636073,20.1435312],[85.6634742,20.1445888],[85.6632708,20.1454496],[85.6629936,20.1466868]]}},{"type":"Feature","properties":{"id":866834366,"highway":"residential"},"geometry":{"type":"LineString","coordinates":[[85.6660619,20.141303],[85.6656684,20.1416562],[85.6656129,20.141718],[85.6655602,20.1418228],[85.6655181,20.1418745],[85.6654455,20.1419249],[85.6653374,20.1419687],[85.665217,20.1420032],[85.6645457,20.142167],[85.6644548,20.1421963],[85.6636025,20.1425152]]}},{"type":"Feature","properties":{"id":866834367,"highway":"residential"},"geometry":{"type":"LineString","coordinates":[[85.6643853,20.1394822],[85.6644559,20.1395832],[85.6647027,20.1398501],[85.664767,20.1399155],[85.6648322,20.1399989],[85.6648904,20.1401422],[85.6649475,20.1403997],[85.6649784,20.1404947],[85.6650075,20.1405561],[85.6653309,20.1410011],[85.6654928,20.1413981],[85.6655283,20.1414996],[85.6655502,20.1415623],[85.6656129,20.141718]]}},{"type":"Feature","properties":{"id":866856225,"highway":"residential"},"geometry":{"type":"LineString","coordinates":[[85.6660025,20.1405194],[85.6664622,20.1403641],[85.6667313,20.1402726],[85.6670288,20.1401714]]}},{"type":"Feature","properties":{"id":866856228,"highway":"residential"},"geometry":{"type":"LineString","coordinates":[[85.6652831,20.1392733],[85.6650993,20.138685],[85.6650782,20.1386566],[85.6650513,20.1386439],[85.6650126,20.1386421],[85.6648572,20.138658],[85.6648276,20.138675],[85.66467,20.1388657],[85.6646168,20.1389185],[85.6642467,20.1391854],[85.6639677,20.1393918],[85.6638497,20.1394774],[85.6637066,20.1395922]]}},{"type":"Feature","properties":{"id":866856229,"highway":"residential"},"geometry":{"type":"LineString","coordinates":[[85.6640429,20.1370801],[85.6640234,20.1374059],[85.6640073,20.1374645],[85.6638089,20.1378487],[85.6637961,20.1378961],[85.6637908,20.1384703],[85.6637856,20.1385214],[85.6635386,20.1393314],[85.663501,20.1394878],[85.6634693,20.1396379]]}},{"type":"Feature","properties":{"id":866856230,"highway":"residential"},"geometry":{"type":"LineString","coordinates":[[85.6632515,20.1377158],[85.6633789,20.1378442],[85.6634044,20.1378556],[85.6634433,20.1378556],[85.6637208,20.1378504],[85.6638089,20.1378487]]}},{"type":"Feature","properties":{"id":866856231,"highway":"residential"},"geometry":{"type":"LineString","coordinates":[[85.6630567,20.1374208],[85.6633772,20.137334],[85.6634296,20.1373311],[85.6634758,20.1373542],[85.6636699,20.1375235],[85.6636976,20.1375741],[85.6637161,20.1376377],[85.6637208,20.1378504]]}},{"type":"Feature","properties":{"id":866871851,"highway":"tertiary"},"geometry":{"type":"LineString","coordinates":[[85.7024046,20.1613442],[85.7023598,20.1612896],[85.7023316,20.1612543],[85.7018895,20.1607018],[85.70176,20.1605083],[85.7014113,20.1601217],[85.7010788,20.1597051],[85.7010251,20.1596195],[85.7010064,20.1595402],[85.7010104,20.1594281],[85.7009809,20.1593249],[85.7008397,20.1589182],[85.7007837,20.1587357],[85.700637,20.1584022],[85.7005799,20.1582724],[85.7005565,20.1582308],[85.700323,20.1577677],[85.7002015,20.1575158],[85.7000389,20.157198],[85.6997328,20.1566772],[85.6996599,20.1565388],[85.698835,20.155427],[85.6987515,20.1553183],[85.6985933,20.1551162],[85.6983729,20.1548345],[85.6982291,20.1546507],[85.6981138,20.1545221],[85.6979113,20.1542963],[85.6974933,20.1539053],[85.6974076,20.1538404],[85.6970475,20.1536176],[85.696954,20.1535741],[85.6968333,20.1535225],[85.6964142,20.1534665],[85.6963015,20.1534723],[85.6962013,20.1534882],[85.6957044,20.153628],[85.6945717,20.1538912],[85.6945404,20.1538993],[85.6941635,20.1539975],[85.6940552,20.154025],[85.6936115,20.1541379],[85.6934474,20.154177],[85.6933447,20.1541867],[85.6931759,20.1541819],[85.6930484,20.1541505],[85.6928318,20.1540504],[85.6927478,20.1540284],[85.6925493,20.154002],[85.692104,20.1539803],[85.6917232,20.154007],[85.6913102,20.1540674],[85.6911259,20.1540624],[85.6909293,20.1540372],[85.6902909,20.1538761],[85.6902131,20.1538678],[85.6897994,20.1538421],[85.6896913,20.1538588],[85.6893999,20.1539368],[85.6891505,20.1539633],[85.6889916,20.1539677],[85.6888785,20.1539519],[85.6888005,20.1539255],[85.6887438,20.153874],[85.6887108,20.1538354],[85.6886579,20.1536911],[85.6886467,20.1536331],[85.6886656,20.1534201],[85.6886587,20.153346],[85.688643,20.153297],[85.6885847,20.153242],[85.6885117,20.153211],[85.6880276,20.1531147],[85.687548,20.1529969],[85.6872495,20.1528796],[85.6870388,20.1527739],[85.6869763,20.1527394],[85.6868772,20.1526551],[85.6868143,20.1525823],[85.6867529,20.1525076],[85.6864497,20.1520078],[85.6862295,20.1516448],[85.6858744,20.1511102],[85.6858137,20.1510113],[85.6853475,20.1502506],[85.6852872,20.1501408],[85.6851888,20.1499514],[85.6850431,20.1496826],[85.6849051,20.1494051],[85.6846079,20.148566],[85.6844229,20.1480319],[85.6844058,20.1479589],[85.6843393,20.1476748],[85.6840893,20.1464825],[85.684052,20.1463174],[85.6838743,20.1456762],[85.6836886,20.1451789],[85.6834347,20.1445729],[85.6829283,20.1436203],[85.6825923,20.1429413],[85.6823661,20.1425332],[85.6821796,20.1422436],[85.682043,20.1420537],[85.681901,20.1419003],[85.6817657,20.1417896],[85.6816202,20.1416976],[85.6797223,20.1407828],[85.6794839,20.1406175],[85.6794372,20.1405462],[85.6794146,20.1404522],[85.6793828,20.1398389]]}},{"type":"Feature","properties":{"id":866878540,"highway":"residential"},"geometry":{"type":"LineString","coordinates":[[85.6625762,20.1409385],[85.6626588,20.1410184],[85.6631956,20.1417774],[85.6634656,20.1422471],[85.6636025,20.1425152],[85.6636325,20.1426997],[85.663662,20.1428414],[85.6636292,20.1432559]]}},{"type":"Feature","properties":{"id":866899936,"highway":"residential"},"geometry":{"type":"LineString","coordinates":[[85.6455034,20.1263208],[85.6459727,20.1261017]]}},{"type":"Feature","properties":{"id":866904205,"highway":"residential"},"geometry":{"type":"LineString","coordinates":[[85.6637022,20.1727119],[85.6635903,20.1726031],[85.6635554,20.172593],[85.6635112,20.1725968],[85.6634803,20.1726085],[85.663461,20.1726342],[85.6633887,20.1728708]]}},{"type":"Feature","properties":{"id":866904206,"highway":"residential"},"geometry":{"type":"LineString","coordinates":[[85.6636694,20.1700116],[85.6630454,20.1703804],[85.6629824,20.1704374],[85.6629497,20.1704878],[85.662938,20.170547],[85.6630597,20.1711091],[85.6630504,20.1713042],[85.6630373,20.1715596],[85.663044,20.1716174],[85.6630888,20.1718481],[85.6632221,20.1725346],[85.6632514,20.1726291],[85.6632808,20.1726951],[85.6633083,20.1727405],[85.6633887,20.1728708],[85.6638115,20.1736084],[85.6638463,20.1736665],[85.6638829,20.1736962],[85.6642411,20.1738728],[85.6651195,20.1742047],[85.6652196,20.1742442],[85.6653601,20.174275],[85.6656267,20.1743741],[85.6661463,20.1746309],[85.6662507,20.1746691],[85.6663072,20.1746801],[85.6666225,20.1746708]]}},{"type":"Feature","properties":{"id":866904209,"highway":"residential"},"geometry":{"type":"LineString","coordinates":[[85.6632429,20.1695008],[85.6632368,20.1698996],[85.663251,20.1699358],[85.6632836,20.1699606],[85.6636694,20.1700116],[85.6638609,20.1700369],[85.6639739,20.1700477],[85.6640517,20.1700576],[85.6641066,20.1700825],[85.6641473,20.1701058],[85.6642128,20.1701191],[85.6648927,20.1700994]]}},{"type":"Feature","properties":{"id":866904210,"highway":"residential"},"geometry":{"type":"LineString","coordinates":[[85.6643986,20.1706888],[85.6643045,20.1705171],[85.6642057,20.1703367],[85.6641703,20.170242],[85.6641473,20.1701058]]}},{"type":"Feature","properties":{"id":866904211,"highway":"residential"},"geometry":{"type":"LineString","coordinates":[[85.6650003,20.1704891],[85.6647591,20.1705086],[85.6646099,20.1705147],[85.6643045,20.1705171]]}},{"type":"Feature","properties":{"id":866906647,"highway":"residential"},"geometry":{"type":"LineString","coordinates":[[85.6654018,20.1703589],[85.6655366,20.1709529]]}},{"type":"Feature","properties":{"id":866906648,"highway":"residential"},"geometry":{"type":"LineString","coordinates":[[85.6647652,20.1716892],[85.6653174,20.1716376]]}},{"type":"Feature","properties":{"id":866906649,"highway":"residential"},"geometry":{"type":"LineString","coordinates":[[85.6651843,20.1718815],[85.6652012,20.1724267]]}},{"type":"Feature","properties":{"id":866906650,"highway":"residential"},"geometry":{"type":"LineString","coordinates":[[85.6650918,20.1724241],[85.6652289,20.1729698],[85.6652501,20.1730744],[85.6652448,20.1731325],[85.6652413,20.1735976],[85.6652413,20.1736591],[85.6652554,20.1737505],[85.6653601,20.174275]]}},{"type":"Feature","properties":{"id":866906651,"highway":"residential"},"geometry":{"type":"LineString","coordinates":[[85.6662356,20.1731899],[85.6659969,20.1733502],[85.6659499,20.1734043],[85.6658929,20.1735178],[85.6658869,20.1735554],[85.6658949,20.1737342],[85.665907,20.1737606],[85.6659285,20.1737807],[85.6663201,20.1738638]]}},{"type":"Feature","properties":{"id":866906652,"highway":"residential"},"geometry":{"type":"LineString","coordinates":[[85.6667584,20.1736471],[85.6666631,20.1734789],[85.6664755,20.1732513],[85.6664437,20.1732331],[85.6662356,20.1731899]]}},{"type":"Feature","properties":{"id":866906653,"highway":"residential"},"geometry":{"type":"LineString","coordinates":[[85.6671844,20.1742807],[85.6669172,20.1743638],[85.6668694,20.1743704],[85.6668305,20.1743704],[85.6665311,20.174328]]}},{"type":"Feature","properties":{"id":866906654,"highway":"residential"},"geometry":{"type":"LineString","coordinates":[[85.6672421,20.1749364],[85.6673422,20.175221]]}},{"type":"Feature","properties":{"id":866906655,"highway":"residential"},"geometry":{"type":"LineString","coordinates":[[85.6671546,20.1757931],[85.6669848,20.1754122]]}},{"type":"Feature","properties":{"id":866906656,"highway":"residential"},"geometry":{"type":"LineString","coordinates":[[85.6651041,20.1749821],[85.6656645,20.1749909],[85.6658046,20.1749734],[85.6659517,20.1749186],[85.6662507,20.1746691]]}},{"type":"Feature","properties":{"id":866906658,"highway":"residential"},"geometry":{"type":"LineString","coordinates":[[85.665716,20.1687706],[85.6656609,20.1683135],[85.6656598,20.1682699],[85.6656727,20.1682257],[85.6657099,20.1681424],[85.6658553,20.1679608],[85.6661616,20.1676994],[85.6662187,20.1676642],[85.667029,20.1673481],[85.6672608,20.1672866],[85.6673316,20.1672883],[85.6673989,20.1673065],[85.6674873,20.1673497],[85.6677143,20.1676391]]}},{"type":"Feature","properties":{"id":866912650,"highway":"residential"},"geometry":{"type":"LineString","coordinates":[[85.6691891,20.1719576],[85.6692831,20.1722035],[85.6692892,20.1722613],[85.6692861,20.1723452],[85.6692754,20.1723972],[85.6692415,20.1724406],[85.6690104,20.1725852],[85.6689996,20.1726098],[85.6690011,20.1726445],[85.6690196,20.1726937],[85.6693,20.1730682],[85.6693216,20.173113],[85.6693385,20.173181],[85.6693632,20.1732345],[85.6693924,20.173275],[85.6694703,20.1733458],[85.6695419,20.1734109],[85.6695681,20.17346],[85.669585,20.1735251],[85.6696451,20.1738114],[85.6696575,20.1738918],[85.6696677,20.1739266],[85.6696776,20.1739355],[85.6696895,20.1739333],[85.669719,20.173923],[85.6698376,20.173877],[85.6698738,20.1738519],[85.6698845,20.1738242],[85.6698724,20.1735976],[85.6698791,20.1735623],[85.6698966,20.1735372],[85.6705604,20.1731645],[85.6706181,20.1731406],[85.6706664,20.1731368],[85.6707026,20.1731482],[85.6707576,20.1731746],[85.6707991,20.1731859],[85.6708372,20.1731856],[85.6709681,20.1731381],[85.6713737,20.1729908]]}},{"type":"Feature","properties":{"id":866912652,"highway":"residential"},"geometry":{"type":"LineString","coordinates":[[85.6698663,20.1742918],[85.669719,20.173923]]}},{"type":"Feature","properties":{"id":866912653,"highway":"residential"},"geometry":{"type":"LineString","coordinates":[[85.6710691,20.173384],[85.6709681,20.1731381]]}},{"type":"Feature","properties":{"id":866912654,"highway":"residential"},"geometry":{"type":"LineString","coordinates":[[85.6700776,20.172157],[85.6703587,20.1720592],[85.6704265,20.1720505],[85.6704634,20.1720621],[85.6704958,20.1720852],[85.6705127,20.17213],[85.6706036,20.1724655],[85.6706113,20.1727171],[85.6705944,20.1727561],[85.670542,20.1727923],[85.6694703,20.1733458]]}},{"type":"Feature","properties":{"id":866912655,"highway":"residential"},"geometry":{"type":"LineString","coordinates":[[85.6691375,20.1734518],[85.6693924,20.173275]]}},{"type":"Feature","properties":{"id":866912656,"highway":"residential"},"geometry":{"type":"LineString","coordinates":[[85.6715934,20.1731826],[85.6719241,20.1730953],[85.6726395,20.1729065],[85.6727048,20.1729087],[85.6727609,20.1729306],[85.6728029,20.172981],[85.672873,20.1730818],[85.6729173,20.1731234],[85.6729734,20.1731673],[85.6730762,20.1732381]]}},{"type":"Feature","properties":{"id":866912657,"highway":"residential"},"geometry":{"type":"LineString","coordinates":[[85.6752265,20.1713478],[85.6751508,20.17258]]}},{"type":"Feature","properties":{"id":866912658,"highway":"residential"},"geometry":{"type":"LineString","coordinates":[[85.6766626,20.1687715],[85.67667,20.1690178],[85.6766611,20.1690674],[85.6766428,20.169119],[85.6765798,20.169264],[85.6765635,20.1693288],[85.6765635,20.1693975],[85.6766388,20.1698001],[85.6766408,20.169886],[85.6766184,20.1700081],[85.6766001,20.1700883],[85.6766042,20.1701398],[85.6766205,20.170197],[85.6768044,20.1704251],[85.6768319,20.1704603],[85.6768542,20.1705214],[85.6768583,20.1705824],[85.6768522,20.1706836],[85.67684,20.1708801],[85.676842,20.1709526],[85.6768603,20.1710251],[85.6769172,20.1711453],[85.6769396,20.1712617],[85.6769719,20.1715966],[85.6769707,20.1716317],[85.6769563,20.1716981],[85.6769409,20.1717694],[85.6769241,20.1718109],[85.6768852,20.1718657],[85.6767173,20.1720841]]}},{"type":"Feature","properties":{"id":866912659,"highway":"residential"},"geometry":{"type":"LineString","coordinates":[[85.6751283,20.169704],[85.675732,20.1694674],[85.6757645,20.1694407],[85.6757848,20.1694006],[85.6757747,20.1693376],[85.6756893,20.1690419],[85.6756873,20.1689999],[85.6757076,20.1689579],[85.6757462,20.1689121],[85.6760572,20.1687938],[85.6761345,20.1687862],[85.6764188,20.1687876],[85.6766626,20.1687715],[85.6774075,20.168843],[85.677604,20.1688754],[85.6779723,20.1689196],[85.6780776,20.1689198],[85.6781852,20.1689122],[85.6785782,20.1688874]]}},{"type":"Feature","properties":{"id":866912660,"highway":"residential"},"geometry":{"type":"LineString","coordinates":[[85.6764188,20.1687876],[85.6763756,20.1691203],[85.6763756,20.16921],[85.6763899,20.169313],[85.6764081,20.1694275],[85.6764,20.1694924],[85.6763736,20.1695725],[85.676337,20.1698931],[85.6763498,20.1699497],[85.6763887,20.1700195],[85.6764559,20.170061],[85.6766001,20.1700883]]}},{"type":"Feature","properties":{"id":866912661,"highway":"residential"},"geometry":{"type":"LineString","coordinates":[[85.6765349,20.1718568],[85.6767808,20.1718352],[85.6768198,20.1718153],[85.6768569,20.1717887],[85.6769563,20.1716981]]}},{"type":"Feature","properties":{"id":866912663,"highway":"residential"},"geometry":{"type":"LineString","coordinates":[[85.6769073,20.1614589],[85.6766491,20.1618474],[85.6764409,20.1622121],[85.6762893,20.1624801],[85.6762683,20.1625173],[85.6762568,20.1625669],[85.6762576,20.1626281],[85.6763226,20.1633168],[85.6763273,20.1638218]]}},{"type":"Feature","properties":{"id":866912664,"highway":"residential"},"geometry":{"type":"LineString","coordinates":[[85.6789604,20.1619107],[85.6782787,20.1620198],[85.6780834,20.1620721],[85.6777624,20.1621403],[85.6774628,20.1622213],[85.6771069,20.1623471],[85.6767961,20.1624281],[85.6762893,20.1624801]]}},{"type":"Feature","properties":{"id":866912665,"highway":"residential"},"geometry":{"type":"LineString","coordinates":[[85.6760064,20.162787],[85.6762568,20.1625669]]}},{"type":"Feature","properties":{"id":866920616,"highway":"residential"},"geometry":{"type":"LineString","coordinates":[[85.6765745,20.1607521],[85.6764435,20.1607175],[85.6763981,20.1607103],[85.676022,20.1607132],[85.6759925,20.1606931],[85.6759845,20.1606616],[85.6759602,20.160537],[85.6759213,20.1604464],[85.6758958,20.1604124],[85.6758556,20.1603784],[85.6757344,20.1602619],[85.6756952,20.1602382],[85.6756494,20.1602352],[85.6754658,20.1602518],[85.6753953,20.1602681],[85.6753509,20.1602906],[85.6748011,20.1606837]]}},{"type":"Feature","properties":{"id":866920619,"highway":"residential"},"geometry":{"type":"LineString","coordinates":[[85.6764444,20.1592161],[85.6764413,20.159449],[85.6764293,20.159484],[85.6764109,20.1595043],[85.6763708,20.1595231],[85.6760272,20.1596402],[85.6759933,20.1596691],[85.6759733,20.159714],[85.6758285,20.1599931],[85.6757453,20.1601146],[85.6757253,20.1601594],[85.6756952,20.1602382]]}},{"type":"Feature","properties":{"id":866920620,"highway":"residential"},"geometry":{"type":"LineString","coordinates":[[85.6738928,20.1530788],[85.6738336,20.1532029],[85.6738309,20.1532606],[85.6738389,20.1533421],[85.6739216,20.1537217],[85.674199,20.1552078],[85.6743343,20.1555961],[85.6743774,20.1557098],[85.6743968,20.1557727],[85.6744069,20.1558533],[85.6744096,20.1559225],[85.6744646,20.1562562],[85.6744823,20.1565751],[85.6745035,20.156708],[85.674654,20.1572577],[85.6747158,20.1575257],[85.6747438,20.1576055],[85.6749521,20.1579442],[85.6749993,20.158008],[85.6754059,20.1584642],[85.6755024,20.1585871],[85.6756623,20.1588574],[85.6757674,20.1589474],[85.6758267,20.1589882],[85.6760014,20.1590869],[85.6761584,20.1591543],[85.6762575,20.1591882],[85.6764444,20.1592161],[85.6765173,20.1592104],[85.6765606,20.1592172],[85.6765965,20.1592361],[85.676626,20.1592743],[85.676807,20.1596341],[85.6769117,20.1598958],[85.6769271,20.1599696],[85.6769241,20.1600245],[85.6769102,20.1600867],[85.6768717,20.1602574],[85.6768599,20.1603025],[85.676846,20.1603488],[85.6768275,20.1604587],[85.6768291,20.1606293],[85.6768256,20.1606491],[85.6768069,20.1606677],[85.6767765,20.160683],[85.6767269,20.1606976],[85.6766049,20.1607334],[85.6765745,20.1607521],[85.6765605,20.1607817],[85.6765594,20.1608244],[85.6765902,20.16097],[85.6765995,20.1609996],[85.6766205,20.1610358],[85.6768336,20.1613502],[85.6769073,20.1614589],[85.6770946,20.1617353],[85.6771686,20.1618452],[85.6771963,20.1618959],[85.6772117,20.1619465],[85.6772656,20.1621244],[85.6772887,20.1621547],[85.6773288,20.1621793],[85.6774628,20.1622213]]}},{"type":"Feature","properties":{"id":866920622,"highway":"residential"},"geometry":{"type":"LineString","coordinates":[[85.6765606,20.1592172],[85.6766118,20.1591444],[85.6767103,20.1589995],[85.6768985,20.1587565],[85.6769664,20.1586723],[85.6772295,20.1584162]]}},{"type":"Feature","properties":{"id":866920623,"highway":"residential"},"geometry":{"type":"LineString","coordinates":[[85.6756623,20.1588574],[85.6749151,20.1589552],[85.6747782,20.1589721],[85.6747359,20.158985],[85.6746854,20.1590165],[85.6743774,20.1592594],[85.6743481,20.1593129],[85.6743345,20.1593853],[85.6743606,20.1595194],[85.6743706,20.1595634],[85.6745079,20.1598844],[85.6745418,20.1599789],[85.674596,20.160249],[85.6746163,20.1603085],[85.6746461,20.1603695],[85.6746745,20.1604293],[85.6748011,20.1606837],[85.6748414,20.1607647],[85.6749183,20.1609045],[85.6749694,20.1609973],[85.6750397,20.1611573],[85.6750655,20.1611955],[85.6751578,20.1612701],[85.6755369,20.1615764],[85.675588,20.1616039],[85.6756445,20.1616176],[85.6759985,20.1616037],[85.6760652,20.1616139],[85.6761116,20.1616319],[85.6763113,20.1617422],[85.6766491,20.1618474]]}},{"type":"Feature","properties":{"id":866936842,"highway":"residential"},"geometry":{"type":"LineString","coordinates":[[85.6766761,20.1600686],[85.676696,20.1603149],[85.6767269,20.1606976]]}},{"type":"Feature","properties":{"id":866936843,"highway":"residential"},"geometry":{"type":"LineString","coordinates":[[85.676696,20.1603149],[85.6768599,20.1603025]]}},{"type":"Feature","properties":{"id":866936844,"highway":"unclassified"},"geometry":{"type":"LineString","coordinates":[[85.6524446,20.1722811],[85.6524021,20.1723997],[85.6521451,20.1732548],[85.6517304,20.1739381],[85.6513657,20.1746499],[85.6509781,20.1754335],[85.6507965,20.1757545],[85.6507517,20.1758354],[85.650529,20.1762785],[85.6504739,20.1763959],[85.6502114,20.1769166],[85.6497108,20.1778765],[85.6496695,20.1779575]]}},{"type":"Feature","properties":{"id":866936847,"highway":"residential"},"geometry":{"type":"LineString","coordinates":[[85.6654443,20.1735681],[85.6657964,20.1735286],[85.6658929,20.1735178]]}},{"type":"Feature","properties":{"id":866936848,"highway":"residential"},"geometry":{"type":"LineString","coordinates":[[85.6658051,20.1730804],[85.6657964,20.1735286]]}},{"type":"Feature","properties":{"id":866936851,"highway":"residential"},"geometry":{"type":"LineString","coordinates":[[85.6759889,20.1613188],[85.6757104,20.1613379],[85.6756224,20.1613316],[85.6751578,20.1612701]]}},{"type":"Feature","properties":{"id":866950888,"highway":"unclassified"},"geometry":{"type":"LineString","coordinates":[[85.6847093,20.1840367],[85.6843803,20.184052],[85.6840629,20.1840491],[85.6838349,20.1840086],[85.6836382,20.1839632],[85.6835638,20.1839219],[85.683496,20.1838583],[85.6833908,20.1838178],[85.6832958,20.1838091],[85.6828521,20.183838],[85.6826703,20.1838322],[85.6825748,20.1838033],[85.6825039,20.1837542],[85.6824546,20.1836761],[85.6824146,20.1835575],[85.6823376,20.1834621],[85.682165,20.1833059],[85.682011,20.1831498],[85.6818569,20.183037],[85.6817029,20.1829473],[85.6815642,20.1828924],[85.6814687,20.1828374],[85.6814132,20.1827565],[85.6813362,20.1825974],[85.6812561,20.1825222],[85.6811606,20.1824557],[85.6809966,20.1823487],[85.6805544,20.1820584],[85.6799406,20.1816345],[85.6798741,20.1815591],[85.6798123,20.1814889],[85.679783,20.181384],[85.6796499,20.1806787],[85.6794911,20.1796705],[85.679393,20.1787851],[85.6792763,20.1781495],[85.6792016,20.1779303],[85.6790755,20.1777725],[85.6789073,20.1776279],[85.6784824,20.1773079],[85.6782209,20.1770756],[85.6781255,20.176945],[85.6780481,20.1768389],[85.6777642,20.1764306],[85.6776394,20.1762374],[85.6774565,20.1759543],[85.676853,20.1750111],[85.6764425,20.1744217],[85.6763993,20.1743508],[85.6763675,20.1742612]]}},{"type":"Feature","properties":{"id":866950889,"highway":"unclassified"},"geometry":{"type":"LineString","coordinates":[[85.6763675,20.1742612],[85.6763642,20.1742311],[85.6763639,20.174029],[85.6763634,20.1735871],[85.676331,20.1731436],[85.676323,20.1730805],[85.6762159,20.1722342]]}},{"type":"Feature","properties":{"id":866950892,"highway":"residential"},"geometry":{"type":"LineString","coordinates":[[85.6763666,20.1750393],[85.6761582,20.1750651],[85.6761001,20.1750872],[85.6760576,20.1751115],[85.6759873,20.1751789],[85.6759543,20.1752009],[85.6758811,20.1752353],[85.6755884,20.1753498],[85.6755213,20.1753956],[85.6754969,20.1754528],[85.6754887,20.1755043],[85.6757393,20.1762008],[85.6757693,20.1762618],[85.6757998,20.1763019],[85.6758425,20.1763439],[85.6759055,20.1763706],[85.6759852,20.1763849],[85.6763452,20.17636]]}},{"type":"Feature","properties":{"id":866976162,"highway":"unclassified"},"geometry":{"type":"LineString","coordinates":[[85.6729277,20.1513341],[85.6728868,20.1512969],[85.6728499,20.1512755]]}},{"type":"Feature","properties":{"id":866982681,"highway":"residential"},"geometry":{"type":"LineString","coordinates":[[85.6771686,20.1618452],[85.6777854,20.1618815],[85.677942,20.1618949],[85.6782265,20.1619769],[85.6782631,20.1619941],[85.6782787,20.1620198]]}},{"type":"Feature","properties":{"id":866982682,"highway":"residential"},"geometry":{"type":"LineString","coordinates":[[85.6768336,20.1613502],[85.6769642,20.1612919],[85.6770319,20.1612799],[85.6771116,20.1612747],[85.6775694,20.1612743],[85.6776269,20.1612881],[85.6776858,20.1613377],[85.6777265,20.1613797],[85.677759,20.1614407],[85.6777895,20.1615495],[85.6778017,20.1616258],[85.6777854,20.1618815]]}},{"type":"Feature","properties":{"id":866982685,"highway":"residential"},"geometry":{"type":"LineString","coordinates":[[85.6792626,20.1707137],[85.6790406,20.1701162],[85.678804,20.1694893],[85.6785782,20.1688874],[85.6785465,20.1686777],[85.6785504,20.1686426],[85.6785675,20.1686122],[85.6785906,20.168584],[85.6790916,20.1683522],[85.6792604,20.1682488],[85.6796171,20.1679858],[85.6796453,20.167953],[85.6796573,20.1679202],[85.6796881,20.1678106],[85.6797102,20.1677598],[85.6798315,20.1675311],[85.6798607,20.1674947],[85.6800407,20.1673498],[85.6800715,20.1673089],[85.6800809,20.1672755],[85.680101,20.1671622],[85.680111,20.1671244],[85.6801439,20.1670815],[85.6801769,20.1670408],[85.6801994,20.1669955],[85.6802176,20.1669459],[85.6802389,20.1668987],[85.6802645,20.1668471],[85.6803118,20.1667698],[85.6803865,20.166682],[85.6805764,20.1665314],[85.680593,20.1664962],[85.6805957,20.1664538],[85.680614,20.1660022],[85.6806531,20.1658391],[85.6806898,20.1657587],[85.6807082,20.1657083],[85.6807083,20.1656521],[85.6806594,20.1655038],[85.680514,20.1650916],[85.6803504,20.1646842],[85.6800565,20.1640956]]}},{"type":"Feature","properties":{"id":866982687,"highway":"residential"},"geometry":{"type":"LineString","coordinates":[[85.677604,20.1688754],[85.6776195,20.1693355],[85.6776085,20.1693884],[85.6775874,20.1694278],[85.6773702,20.1697259],[85.6773464,20.1697683],[85.6773402,20.1698047],[85.6773311,20.1698924],[85.6773191,20.1699222],[85.6771571,20.1700951],[85.6769603,20.1703587],[85.6769326,20.1703833],[85.6769011,20.1704073],[85.6768319,20.1704603]]}},{"type":"Feature","properties":{"id":866982688,"highway":"residential"},"geometry":{"type":"LineString","coordinates":[[85.6773191,20.1699222],[85.6777529,20.1699261],[85.6778719,20.1699356],[85.6779407,20.1699378],[85.6782054,20.1698921]]}},{"type":"Feature","properties":{"id":866982689,"highway":"residential"},"geometry":{"type":"LineString","coordinates":[[85.678804,20.1694893],[85.6783914,20.1695416],[85.6783364,20.1695656],[85.6783053,20.1696017],[85.678217,20.1697969],[85.6782064,20.1698385],[85.6782054,20.1698921],[85.6783931,20.1705847],[85.6785712,20.1710108],[85.6786338,20.1711605]]}},{"type":"Feature","properties":{"id":867168357,"highway":"residential"},"geometry":{"type":"LineString","coordinates":[[85.666296,20.1306956],[85.6676326,20.1305952],[85.6684723,20.130496]]}},{"type":"Feature","properties":{"id":867191128,"highway":"residential"},"geometry":{"type":"LineString","coordinates":[[85.6357867,20.1769821],[85.6360432,20.1780921]]}},{"type":"Feature","properties":{"id":867191129,"highway":"residential"},"geometry":{"type":"LineString","coordinates":[[85.63436,20.1766819],[85.6344749,20.177063],[85.634545,20.1773755],[85.6345851,20.1777514],[85.6346067,20.177977],[85.6346375,20.1781447],[85.6346928,20.1783844]]}},{"type":"Feature","properties":{"id":867191130,"highway":"residential"},"geometry":{"type":"LineString","coordinates":[[85.6343827,20.1798013],[85.6341632,20.1791047],[85.6340185,20.1785736]]}},{"type":"Feature","properties":{"id":867191131,"highway":"residential"},"geometry":{"type":"LineString","coordinates":[[85.6326687,20.1792321],[85.6326779,20.1793478],[85.6326533,20.1794114],[85.6326009,20.1794432],[85.6324869,20.1794779],[85.632453,20.1794981],[85.6324345,20.1795386],[85.6324345,20.1795994],[85.6325763,20.1800794],[85.6326071,20.180117],[85.6326779,20.1801315],[85.6328185,20.180107]]}},{"type":"Feature","properties":{"id":867191132,"highway":"residential"},"geometry":{"type":"LineString","coordinates":[[85.6336423,20.1817451],[85.6336026,20.1816381],[85.6333376,20.1809249]]}},{"type":"Feature","properties":{"id":867191133,"highway":"residential"},"geometry":{"type":"LineString","coordinates":[[85.6336026,20.1816381],[85.6339053,20.1814722],[85.6339256,20.181436],[85.6339218,20.1814033],[85.6336886,20.1807828]]}},{"type":"Feature","properties":{"id":867191134,"highway":"residential"},"geometry":{"type":"LineString","coordinates":[[85.6356629,20.1795776],[85.6358284,20.1804054]]}},{"type":"Feature","properties":{"id":867191135,"highway":"residential"},"geometry":{"type":"LineString","coordinates":[[85.6386937,20.1772877],[85.63812,20.1768616]]}},{"type":"Feature","properties":{"id":867191136,"highway":"residential"},"geometry":{"type":"LineString","coordinates":[[85.638427,20.1767065],[85.63812,20.1768616],[85.6378887,20.1769612],[85.6375849,20.1770919]]}},{"type":"Feature","properties":{"id":867191137,"highway":"residential"},"geometry":{"type":"LineString","coordinates":[[85.6378392,20.1776759],[85.638163,20.1775288],[85.6386937,20.1772877],[85.6391294,20.1770933]]}},{"type":"Feature","properties":{"id":867191138,"highway":"residential"},"geometry":{"type":"LineString","coordinates":[[85.6379608,20.1779657],[85.6378392,20.1776759]]}},{"type":"Feature","properties":{"id":867191139,"highway":"residential"},"geometry":{"type":"LineString","coordinates":[[85.6370794,20.1772593],[85.6373482,20.1774342],[85.6374335,20.1775165],[85.6375115,20.1776374],[85.6377241,20.1780641]]}},{"type":"Feature","properties":{"id":867191140,"highway":"residential"},"geometry":{"type":"LineString","coordinates":[[85.6375849,20.1770919],[85.6378392,20.1776759]]}},{"type":"Feature","properties":{"id":867191141,"highway":"residential"},"geometry":{"type":"LineString","coordinates":[[85.6380824,20.1765256],[85.637472,20.1767838]]}},{"type":"Feature","properties":{"id":867191142,"highway":"residential"},"geometry":{"type":"LineString","coordinates":[[85.637472,20.1767838],[85.6373152,20.17619],[85.6372655,20.1760237],[85.6373404,20.1758169]]}},{"type":"Feature","properties":{"id":867191143,"highway":"residential"},"geometry":{"type":"LineString","coordinates":[[85.6375849,20.1770919],[85.637472,20.1767838]]}},{"type":"Feature","properties":{"id":867191144,"highway":"residential"},"geometry":{"type":"LineString","coordinates":[[85.638163,20.1775288],[85.6378887,20.1769612]]}},{"type":"Feature","properties":{"id":867191145,"highway":"residential"},"geometry":{"type":"LineString","coordinates":[[85.6359203,20.1794898],[85.6360313,20.1794846],[85.6361503,20.1794933],[85.6364917,20.1795581],[85.6365963,20.179592],[85.6367014,20.1796336],[85.6367761,20.1796577],[85.6368929,20.1796709],[85.6371357,20.1796772]]}},{"type":"Feature","properties":{"id":867191146,"highway":"residential"},"geometry":{"type":"LineString","coordinates":[[85.6364917,20.1795581],[85.6366512,20.1819049],[85.6366712,20.1820345],[85.6367016,20.1821265],[85.6367763,20.1822536],[85.6369585,20.1825893]]}},{"type":"Feature","properties":{"id":867191147,"highway":"residential"},"geometry":{"type":"LineString","coordinates":[[85.6353245,20.182333],[85.6366512,20.1819049]]}},{"type":"Feature","properties":{"id":867191148,"highway":"residential"},"geometry":{"type":"LineString","coordinates":[[85.635694,20.1829722],[85.6361959,20.1828118],[85.6363106,20.182806],[85.6363933,20.1828234],[85.6365054,20.1828846],[85.6366176,20.1828928],[85.6367113,20.1828718],[85.6370291,20.1827358]]}},{"type":"Feature","properties":{"id":867191150,"highway":"residential"},"geometry":{"type":"LineString","coordinates":[[85.6363383,20.1844312],[85.6365651,20.1843825],[85.63673,20.1843665],[85.636853,20.1843803],[85.6369833,20.1844146],[85.6370677,20.1844379]]}},{"type":"Feature","properties":{"id":867191152,"highway":"residential"},"geometry":{"type":"LineString","coordinates":[[85.6351551,20.1848627],[85.6352812,20.1852002],[85.635436,20.1855078]]}},{"type":"Feature","properties":{"id":867191153,"highway":"residential"},"geometry":{"type":"LineString","coordinates":[[85.6351551,20.1848627],[85.6351177,20.1847203],[85.6351247,20.1846808],[85.6351714,20.1846501],[85.6353956,20.184569],[85.6354493,20.1845362],[85.6354773,20.1844989],[85.6354867,20.1844529],[85.6354423,20.1842052],[85.6354516,20.1841592],[85.6354913,20.1841263],[85.6355497,20.1841],[85.6358323,20.1840189],[85.6358883,20.1839817],[85.6359186,20.1839335],[85.6359163,20.1838502],[85.6359023,20.1837691],[85.6359086,20.183713],[85.6359351,20.1836828],[85.6359943,20.1836614]]}},{"type":"Feature","properties":{"id":867191154,"highway":"residential"},"geometry":{"type":"LineString","coordinates":[[85.6366289,20.183575],[85.6360286,20.1837363]]}},{"type":"Feature","properties":{"id":867191155,"highway":"residential"},"geometry":{"type":"LineString","coordinates":[[85.638198,20.1830615],[85.6381605,20.1829402],[85.6380795,20.1826777]]}},{"type":"Feature","properties":{"id":867191156,"highway":"residential"},"geometry":{"type":"LineString","coordinates":[[85.6398475,20.1819881],[85.6399387,20.1819311],[85.6399632,20.1819048],[85.6399794,20.1818686],[85.6399848,20.1817623],[85.6399845,20.1816565],[85.6399955,20.1816178],[85.6400207,20.1815884],[85.6400683,20.1815663],[85.6404137,20.1814788]]}},{"type":"Feature","properties":{"id":867199642,"highway":"residential"},"geometry":{"type":"LineString","coordinates":[[85.6356371,20.1853703],[85.6358232,20.1853052],[85.6360481,20.1852059],[85.6362082,20.1851004],[85.6364858,20.1849499],[85.6366789,20.184897],[85.6372396,20.1848945],[85.6374326,20.1848895],[85.6375962,20.1848643],[85.6377259,20.1847929],[85.6378511,20.1847056],[85.6380918,20.1844942],[85.638239,20.1843012],[85.6384668,20.1840966],[85.6388093,20.1838335],[85.6391242,20.1836385],[85.6394999,20.183426],[85.6398262,20.1833147],[85.6405739,20.1831179],[85.6407129,20.1830744],[85.6408893,20.1829712],[85.6415428,20.1825435],[85.6416454,20.1825015],[85.6417195,20.1824904],[85.6417713,20.1824985],[85.6418484,20.1825625]]}},{"type":"Feature","properties":{"id":867199644,"highway":"residential"},"geometry":{"type":"LineString","coordinates":[[85.6361143,20.1870895],[85.6359226,20.1865775],[85.6358538,20.1863667],[85.6357796,20.1862021],[85.6356105,20.1858954],[85.6355127,20.1856877],[85.635436,20.1855078]]}},{"type":"Feature","properties":{"id":867199645,"highway":"residential"},"geometry":{"type":"LineString","coordinates":[[85.6376478,20.1868787],[85.6377741,20.1871232],[85.6378769,20.1873349],[85.6379535,20.1874519],[85.6381053,20.1875789],[85.6382027,20.1876407],[85.6385036,20.1877679]]}},{"type":"Feature","properties":{"id":867199646,"highway":"residential"},"geometry":{"type":"LineString","coordinates":[[85.6376478,20.1868787],[85.6377952,20.1867283],[85.6378538,20.1866262],[85.6379865,20.1862681],[85.638054,20.1861295]]}},{"type":"Feature","properties":{"id":867199647,"highway":"residential"},"geometry":{"type":"LineString","coordinates":[[85.638054,20.1861295],[85.6378568,20.1858924],[85.63778,20.1858422],[85.6376776,20.1858337],[85.6373139,20.185849],[85.6370953,20.1858483]]}},{"type":"Feature","properties":{"id":867199648,"highway":"residential"},"geometry":{"type":"LineString","coordinates":[[85.6377259,20.1847929],[85.6378134,20.1851714],[85.6379064,20.1854763],[85.6379697,20.1855453],[85.6380563,20.1855967],[85.638625,20.1858268]]}},{"type":"Feature","properties":{"id":867199649,"highway":"residential"},"geometry":{"type":"LineString","coordinates":[[85.641343,20.1852987],[85.6414044,20.1855864],[85.6414035,20.1857016],[85.6413918,20.1857815],[85.6413543,20.1858477],[85.6413008,20.185899],[85.6412314,20.1859095],[85.6409111,20.1859061]]}},{"type":"Feature","properties":{"id":867199650,"highway":"residential"},"geometry":{"type":"LineString","coordinates":[[85.6393658,20.1860647],[85.6401323,20.1860796],[85.6403077,20.1860873],[85.6404149,20.1860999],[85.6404605,20.1861225],[85.6404954,20.1861502],[85.6405769,20.1862606],[85.6405929,20.1863235],[85.6406287,20.1864993],[85.6408491,20.1873822]]}},{"type":"Feature","properties":{"id":867199653,"highway":"residential"},"geometry":{"type":"LineString","coordinates":[[85.6402404,20.1886562],[85.6398839,20.1877348]]}},{"type":"Feature","properties":{"id":867199654,"highway":"residential"},"geometry":{"type":"LineString","coordinates":[[85.6385036,20.1877679],[85.6385977,20.1877761],[85.6386487,20.1877761],[85.6386862,20.187751],[85.6386997,20.1877107],[85.6386889,20.1876552],[85.6385762,20.1874235],[85.6385655,20.1873732],[85.6385789,20.1873152],[85.638646,20.1872573]]}},{"type":"Feature","properties":{"id":867199655,"highway":"residential"},"geometry":{"type":"LineString","coordinates":[[85.6393944,20.1899165],[85.6392033,20.1893292],[85.6391324,20.1890515],[85.6391016,20.1888113],[85.6390951,20.1886903]]}},{"type":"Feature","properties":{"id":867199656,"highway":"residential"},"geometry":{"type":"LineString","coordinates":[[85.6391526,20.1909035],[85.6390453,20.1906214],[85.6390131,20.1904451],[85.6389835,20.1901554],[85.6389513,20.1899313],[85.6389373,20.1898624],[85.6389169,20.1898319],[85.6388803,20.1898204],[85.6387046,20.1898385]]}},{"type":"Feature","properties":{"id":867209190,"highway":"trunk"},"geometry":{"type":"LineString","coordinates":[[85.6311187,20.1870133],[85.6314589,20.1870877]]}},{"type":"Feature","properties":{"id":867209191,"highway":"secondary"},"geometry":{"type":"LineString","coordinates":[[85.6378434,20.1884048],[85.6380698,20.1884545],[85.6384861,20.1885501],[85.6390951,20.1886903],[85.6393338,20.1887444],[85.6395118,20.1888018],[85.6397505,20.1888858],[85.6401216,20.1890885],[85.6408786,20.1895838],[85.6417421,20.1902041],[85.6425044,20.1906044],[85.643288,20.1908495],[85.6436062,20.1909311],[85.6439384,20.1909813],[85.6440733,20.1910087],[85.6446952,20.1911347],[85.6459319,20.1914249],[85.646453,20.1915423],[85.6468254,20.191637]]}},{"type":"Feature","properties":{"id":867209192,"highway":"residential"},"geometry":{"type":"LineString","coordinates":[[85.6338341,20.1845522],[85.6339332,20.184858],[85.6339828,20.1849211],[85.6340501,20.1849577],[85.6341527,20.184961],[85.6344112,20.1849278],[85.6346615,20.1848747]]}},{"type":"Feature","properties":{"id":867209197,"highway":"residential"},"geometry":{"type":"LineString","coordinates":[[85.6353497,20.1835427],[85.6358881,20.1834222]]}},{"type":"Feature","properties":{"id":867209199,"highway":"residential"},"geometry":{"type":"LineString","coordinates":[[85.6409432,20.1773074],[85.6413035,20.1773135],[85.6417001,20.1773268],[85.6418559,20.1773633],[85.6420223,20.1774165],[85.6423764,20.1776193],[85.6427695,20.1778187],[85.6428721,20.1778453],[85.6429819,20.1778486],[85.6431589,20.1778253],[85.6437184,20.1777289],[85.6449436,20.1775262],[85.6459044,20.1773741],[85.6464555,20.1772869],[85.6465865,20.1772902],[85.6467105,20.1773334],[85.6471566,20.1775495],[85.6476028,20.1776691],[85.647709,20.1776658],[85.6477763,20.1776259],[85.6478329,20.1775395],[85.6479981,20.1771603]]}},{"type":"Feature","properties":{"id":867209200,"highway":"residential"},"geometry":{"type":"LineString","coordinates":[[85.6471566,20.1775495],[85.6475198,20.1769089]]}},{"type":"Feature","properties":{"id":867217878,"highway":"residential"},"geometry":{"type":"LineString","coordinates":[[85.6443219,20.1018354],[85.6442978,20.1018491],[85.6441534,20.1019314],[85.6441155,20.101951],[85.6431634,20.1023194],[85.6431223,20.102329],[85.6429016,20.1023643]]}},{"type":"Feature","properties":{"id":867217880,"highway":"residential"},"geometry":{"type":"LineString","coordinates":[[85.6456375,20.0993218],[85.6441516,20.1000019],[85.6440294,20.1000587],[85.6438324,20.1001341],[85.6432704,20.100396],[85.643215,20.1004336],[85.6428838,20.1007087],[85.6428426,20.1007524],[85.6426871,20.100974],[85.6425429,20.1012011]]}},{"type":"Feature","properties":{"id":867217884,"highway":"residential"},"geometry":{"type":"LineString","coordinates":[[85.6432019,20.1038672],[85.6426495,20.1040416],[85.6422472,20.1041121],[85.6421599,20.1041195],[85.6420702,20.1041071],[85.6419797,20.1040792],[85.6418985,20.1040315],[85.641464,20.1036436],[85.6411301,20.1032888],[85.6410499,20.1031914],[85.6409632,20.1030861],[85.6404971,20.1025042],[85.6404711,20.1024488],[85.6404704,20.1024063],[85.6406254,20.1018401],[85.6406486,20.10178],[85.6407773,20.1015583],[85.6408072,20.1015003],[85.6409973,20.1010546],[85.6411797,20.10043],[85.6412296,20.1003454],[85.6414747,20.0999515],[85.6415086,20.0999241],[85.6415659,20.0999011],[85.6419032,20.0998725],[85.6419996,20.0998563]]}},{"type":"Feature","properties":{"id":867217885,"highway":"residential"},"geometry":{"type":"LineString","coordinates":[[85.6433998,20.1039114],[85.6431162,20.1042582],[85.642757,20.1047503],[85.6426944,20.1048207],[85.6423687,20.1050937],[85.6423087,20.1051424],[85.6421292,20.1052707],[85.6421131,20.1052908],[85.6421077,20.105321],[85.6421131,20.1053462],[85.6421345,20.1053916],[85.6421721,20.105452],[85.6422043,20.1054923],[85.6428104,20.1059607],[85.6433056,20.1063323]]}},{"type":"Feature","properties":{"id":867217895,"highway":"residential"},"geometry":{"type":"LineString","coordinates":[[85.6471698,20.1026753],[85.6470827,20.1022515],[85.6470537,20.1021779],[85.6467479,20.1015785],[85.64641,20.1012007],[85.6462651,20.1010042],[85.6461565,20.1008783],[85.6461285,20.100837],[85.6459272,20.1004753],[85.645485,20.0998516]]}},{"type":"Feature","properties":{"id":867217896,"highway":"residential"},"geometry":{"type":"LineString","coordinates":[[85.6457544,20.0991035],[85.6461821,20.0994446],[85.6462475,20.0994885],[85.6463059,20.0995148],[85.6465095,20.0996256],[85.6466245,20.099712],[85.6466687,20.0997535],[85.6469943,20.1001457],[85.6470439,20.1002205],[85.6471058,20.100375],[85.6471341,20.100498],[85.6471341,20.1005961],[85.6471217,20.1006991],[85.6471094,20.1007573],[85.6468669,20.101299],[85.6467479,20.1015785]]}},{"type":"Feature","properties":{"id":867221353,"highway":"residential"},"geometry":{"type":"LineString","coordinates":[[85.6366362,20.105259],[85.6370009,20.1057397],[85.6371149,20.1058888],[85.6371595,20.1059539],[85.6372011,20.1060291],[85.6372782,20.1061419],[85.6375601,20.1064645],[85.6376433,20.106534],[85.6377141,20.1065745],[85.6377973,20.1065947],[85.6379883,20.106615],[85.6380438,20.1066338],[85.638107,20.1066714],[85.6383827,20.1069144],[85.6383981,20.1069434],[85.6384104,20.1069896],[85.6384166,20.1070417],[85.6384359,20.107532],[85.6384459,20.1076334],[85.6384727,20.1077291],[85.6385237,20.1078626],[85.638985,20.1085905],[85.6390575,20.1086913],[85.6391942,20.1088021],[85.6392522,20.1088476],[85.639484,20.109111],[85.6396141,20.1092522],[85.6396344,20.1093095],[85.6396446,20.1093668],[85.6396588,20.1094641],[85.6396819,20.1095032],[85.6397189,20.1095176],[85.639762,20.1095176],[85.6398375,20.1095003],[85.639896,20.1094742],[85.6402842,20.1092616],[85.640389,20.109224],[85.6405292,20.109195],[85.64113,20.1090634],[85.641284,20.1090214],[85.6417524,20.1088493],[85.6418833,20.1087726],[85.6426443,20.1083444],[85.6428101,20.1082499],[85.6428677,20.1082171],[85.6429493,20.1081593],[85.6430135,20.1080855],[85.6431501,20.1078592]]}},{"type":"Feature","properties":{"id":867223815,"highway":"residential"},"geometry":{"type":"LineString","coordinates":[[85.6376343,20.1051125],[85.6376354,20.1053516],[85.637639,20.1054131],[85.6376567,20.1054795],[85.637892,20.1061509],[85.6379398,20.1062506],[85.6380283,20.1063636],[85.6380566,20.1064101],[85.6380708,20.1064616],[85.6380438,20.1066338]]}},{"type":"Feature","properties":{"id":867223816,"highway":"residential"},"geometry":{"type":"LineString","coordinates":[[85.6409064,20.1062904],[85.6404304,20.1064991],[85.6403235,20.1065422],[85.6397969,20.1067543],[85.6394031,20.1069129],[85.6392527,20.1069568],[85.6391543,20.1069664],[85.6389397,20.1069873],[85.6386595,20.1069885],[85.6384104,20.1069896]]}},{"type":"Feature","properties":{"id":867223817,"highway":"residential"},"geometry":{"type":"LineString","coordinates":[[85.639553,20.1060185],[85.6394981,20.1063487],[85.6394998,20.1063863],[85.639514,20.1064245],[85.6395511,20.1064694],[85.6397228,20.1066206],[85.6397599,20.1066738],[85.6397969,20.1067543]]}},{"type":"Feature","properties":{"id":867223819,"highway":"residential"},"geometry":{"type":"LineString","coordinates":[[85.640393,20.1058135],[85.6403377,20.1058666],[85.6403057,20.1058846],[85.6402674,20.1058943],[85.6400772,20.105907],[85.6400033,20.1059099],[85.6399556,20.1059174],[85.639553,20.1060185],[85.6390312,20.1061676],[85.6389691,20.1061951],[85.638909,20.1062385],[85.6388382,20.1063137],[85.6387889,20.1063773],[85.6387581,20.1064612],[85.6387334,20.1065509],[85.6387284,20.1065808],[85.6386595,20.1069885]]}},{"type":"Feature","properties":{"id":867223820,"highway":"residential"},"geometry":{"type":"LineString","coordinates":[[85.638107,20.1066714],[85.6383052,20.1066855],[85.6384376,20.1066855],[85.6384916,20.1066768],[85.638567,20.1066537],[85.6387284,20.1065808]]}},{"type":"Feature","properties":{"id":867223821,"highway":"residential"},"geometry":{"type":"LineString","coordinates":[[85.6391543,20.1069664],[85.6393733,20.1072672],[85.639414,20.1073005],[85.6394865,20.107337],[85.6395608,20.1073553],[85.6396564,20.107352],[85.6402616,20.1073204],[85.6403068,20.1073013],[85.6403315,20.1072796],[85.6403438,20.1072405],[85.6403515,20.1071711],[85.6403654,20.1071479],[85.640407,20.1071349],[85.640631,20.1071115],[85.6411279,20.1070597],[85.6412096,20.107064],[85.6412743,20.1070741],[85.641359,20.1070756],[85.6419659,20.1070838]]}},{"type":"Feature","properties":{"id":867223822,"highway":"residential"},"geometry":{"type":"LineString","coordinates":[[85.6394574,20.1077668],[85.6393733,20.1072672]]}},{"type":"Feature","properties":{"id":867223823,"highway":"residential"},"geometry":{"type":"LineString","coordinates":[[85.6390216,20.1057438],[85.6386908,20.1048335]]}},{"type":"Feature","properties":{"id":867232633,"highway":"residential"},"geometry":{"type":"LineString","coordinates":[[85.6440675,20.1786967],[85.6444182,20.1792967],[85.6444719,20.1793319],[85.6445577,20.179337],[85.6447133,20.1792866],[85.6456145,20.1787277],[85.6462959,20.17835],[85.6463227,20.1782846],[85.6463066,20.178199],[85.6461886,20.1779422],[85.6459044,20.1773741]]}},{"type":"Feature","properties":{"id":867232634,"highway":"residential"},"geometry":{"type":"LineString","coordinates":[[85.6456145,20.1787277],[85.6452499,20.1780616],[85.6449436,20.1775262]]}},{"type":"Feature","properties":{"id":867232636,"highway":"residential"},"geometry":{"type":"LineString","coordinates":[[85.6479816,20.1860386],[85.6479385,20.1858737],[85.6479207,20.1857444],[85.6478923,20.1855383],[85.647843,20.1850322],[85.647779,20.1847539]]}},{"type":"Feature","properties":{"id":867232637,"highway":"residential"},"geometry":{"type":"LineString","coordinates":[[85.6486552,20.186229],[85.6486324,20.1860722],[85.6486263,20.1860044],[85.6486273,20.1859377],[85.6486603,20.1858221],[85.6486659,20.1857586],[85.6486778,20.1856243],[85.6487012,20.1855673],[85.6487152,20.1855103],[85.6487152,20.1854314],[85.6486801,20.1850873],[85.6486918,20.1850544],[85.6487198,20.1850325],[85.6487665,20.1850281],[85.6489604,20.185015],[85.6491869,20.1850128]]}},{"type":"Feature","properties":{"id":867232638,"highway":"residential"},"geometry":{"type":"LineString","coordinates":[[85.6489604,20.185015],[85.648958,20.1848199],[85.648958,20.1846161],[85.6489393,20.1844934],[85.6489253,20.184386],[85.6489113,20.1843197]]}},{"type":"Feature","properties":{"id":867232639,"highway":"residential"},"geometry":{"type":"LineString","coordinates":[[85.6491103,20.1863847],[85.649135,20.1859017],[85.6491288,20.1858641],[85.6491042,20.185838],[85.649056,20.1858312],[85.6489763,20.1858212],[85.6488419,20.185808],[85.6486603,20.1858221]]}},{"type":"Feature","properties":{"id":867232641,"highway":"residential"},"geometry":{"type":"LineString","coordinates":[[85.6479653,20.1846818],[85.6478896,20.1841894],[85.6478121,20.183738],[85.6477457,20.183203]]}},{"type":"Feature","properties":{"id":867232642,"highway":"residential"},"geometry":{"type":"LineString","coordinates":[[85.6494475,20.1830301],[85.6493605,20.1826608]]}},{"type":"Feature","properties":{"id":867232643,"highway":"residential"},"geometry":{"type":"LineString","coordinates":[[85.6482502,20.1835875],[85.6481494,20.1832994],[85.6480317,20.1830234],[85.6480341,20.1829715],[85.6480724,20.1829522],[85.648146,20.1829166],[85.6482299,20.182899],[85.6486626,20.1827903],[85.6493605,20.1826608],[85.6497812,20.1825434]]}},{"type":"Feature","properties":{"id":867232644,"highway":"residential"},"geometry":{"type":"LineString","coordinates":[[85.6484827,20.1821347],[85.6492047,20.1819756],[85.6492542,20.1819596],[85.64928,20.181923],[85.6492877,20.181881],[85.6492324,20.1815896]]}},{"type":"Feature","properties":{"id":867232645,"highway":"residential"},"geometry":{"type":"LineString","coordinates":[[85.6486626,20.1827903],[85.6484827,20.1821347],[85.6484194,20.1819308],[85.6484171,20.1818936],[85.6484311,20.1818673],[85.6484661,20.1818432],[85.6485782,20.1818147],[85.6486062,20.1818015],[85.6486249,20.1817664],[85.6486249,20.181716],[85.6484241,20.1808876],[85.6483727,20.1806048],[85.6483751,20.180572],[85.6483961,20.1805478],[85.6484475,20.1805303],[85.6489051,20.1804536]]}},{"type":"Feature","properties":{"id":867232646,"highway":"residential"},"geometry":{"type":"LineString","coordinates":[[85.6505655,20.1820619],[85.6505561,20.1818967],[85.6505631,20.1818595],[85.6505841,20.1818376],[85.6506332,20.1818178],[85.650778,20.1817762],[85.6508106,20.1817521],[85.6508293,20.181717],[85.650827,20.1816491],[85.6507342,20.1809497]]}},{"type":"Feature","properties":{"id":867232648,"highway":"unclassified"},"geometry":{"type":"LineString","coordinates":[[85.6517101,20.1757557],[85.6514592,20.1762342],[85.6503721,20.1782001]]}},{"type":"Feature","properties":{"id":867232656,"highway":"residential"},"geometry":{"type":"LineString","coordinates":[[85.6490314,20.1807885],[85.6488722,20.1808084],[85.6484241,20.1808876]]}},{"type":"Feature","properties":{"id":867232657,"highway":"residential"},"geometry":{"type":"LineString","coordinates":[[85.6488722,20.1808084],[85.6489941,20.181561],[85.6490044,20.1816072],[85.6490232,20.1816273],[85.6490635,20.1816273],[85.6492324,20.1815896],[85.6496209,20.1814934]]}},{"type":"Feature","properties":{"id":867232658,"highway":"residential"},"geometry":{"type":"LineString","coordinates":[[85.6514721,20.1833554],[85.6512612,20.18275],[85.6510533,20.1823185]]}},{"type":"Feature","properties":{"id":867232660,"highway":"residential"},"geometry":{"type":"LineString","coordinates":[[85.6530929,20.1816558],[85.6533433,20.1816215],[85.6536621,20.1815546],[85.6540946,20.1813982],[85.6545916,20.1811782],[85.6546638,20.1811613],[85.6547378,20.1811606],[85.654786,20.1811644],[85.6548297,20.1811847],[85.6548588,20.1812495]]}},{"type":"Feature","properties":{"id":867232668,"highway":"residential"},"geometry":{"type":"LineString","coordinates":[[85.6538652,20.1962243],[85.6539006,20.1956962],[85.6539344,20.1952428]]}},{"type":"Feature","properties":{"id":867232669,"highway":"residential"},"geometry":{"type":"LineString","coordinates":[[85.6509921,20.1959524],[85.6510938,20.1957654],[85.6512076,20.1956853],[85.6519354,20.1954258],[85.6520939,20.1954029],[85.6521956,20.1954144],[85.6522728,20.1954678],[85.6522992,20.1955203],[85.6523076,20.195597],[85.6522761,20.1957362],[85.652282,20.1957959],[85.6523114,20.195836],[85.6523622,20.1958684],[85.6524375,20.1958913],[85.6527986,20.1958384]]}},{"type":"Feature","properties":{"id":867232671,"highway":"residential"},"geometry":{"type":"LineString","coordinates":[[85.6499945,20.1969296],[85.6504197,20.1969684],[85.6506961,20.1969684],[85.6509523,20.196915],[85.6510051,20.196873],[85.6510295,20.1967853],[85.651058,20.1967051],[85.6511108,20.1966632],[85.6511718,20.1966441],[85.6512979,20.1966441],[85.6520644,20.1968592]]}},{"type":"Feature","properties":{"id":867232674,"highway":"residential"},"geometry":{"type":"LineString","coordinates":[[85.6477457,20.183203],[85.6481494,20.1832994]]}},{"type":"Feature","properties":{"id":867232675,"highway":"residential"},"geometry":{"type":"LineString","coordinates":[[85.6372396,20.1848945],[85.6373209,20.1847166],[85.6373612,20.1846889],[85.6374067,20.1846813],[85.6374658,20.1846864],[85.6377259,20.1847929]]}},{"type":"Feature","properties":{"id":867239585,"highway":"residential"},"geometry":{"type":"LineString","coordinates":[[85.6403235,20.1065422],[85.6404289,20.1067759],[85.6404484,20.1068058],[85.6404979,20.1068607],[85.6406059,20.106982],[85.6406165,20.1070135],[85.640631,20.1071115]]}},{"type":"Feature","properties":{"id":867239596,"highway":"residential"},"geometry":{"type":"LineString","coordinates":[[85.6444063,20.1008882],[85.6447773,20.1010038]]}},{"type":"Feature","properties":{"id":867239597,"highway":"residential"},"geometry":{"type":"LineString","coordinates":[[85.6442978,20.1018491],[85.6440784,20.1013118],[85.6440536,20.1012289],[85.6439531,20.1007826],[85.6438324,20.1001341]]}},{"type":"Feature","properties":{"id":867239598,"highway":"unclassified"},"geometry":{"type":"LineString","coordinates":[[85.6497519,20.1029237],[85.6498726,20.1030396]]}},{"type":"Feature","properties":{"id":867239599,"highway":"unclassified"},"geometry":{"type":"LineString","coordinates":[[85.6498726,20.1030396],[85.6499276,20.1030761],[85.6500121,20.1031101],[85.6501073,20.1031328],[85.6501877,20.1031391],[85.6510769,20.1031479],[85.6512365,20.1031668],[85.651274,20.1031856],[85.6512915,20.1032108],[85.6513304,20.1033166],[85.6513532,20.103338],[85.6513854,20.1033582],[85.651431,20.1033708],[85.6519969,20.1033947],[85.6520666,20.1033922],[85.6522115,20.1033796],[85.6522973,20.1033821],[85.6523912,20.1033796],[85.6524448,20.1033683],[85.6525816,20.1033456],[85.6526661,20.103333],[85.6527372,20.1033343],[85.653055,20.1033443],[85.6531087,20.1033418],[85.6531637,20.1033204],[85.6532723,20.1032537],[85.6533098,20.1032423],[85.6533742,20.1032423],[85.6534855,20.1032373],[85.6535579,20.1032322],[85.6543172,20.1030845],[85.6548505,20.1030476],[85.6549363,20.103032],[85.6550733,20.102995],[85.6556261,20.1028069],[85.6556746,20.1027987],[85.6561911,20.1027509],[85.6563123,20.1027538],[85.6566344,20.1027623],[85.6567533,20.1027601],[85.6574347,20.1026909],[85.6580275,20.1026655],[85.6586292,20.1026258],[85.6586589,20.1026443],[85.6586796,20.1026719],[85.6586885,20.1027121],[85.6586892,20.1027873],[85.6587063,20.1034324],[85.6587167,20.1035608],[85.6587332,20.1036394],[85.6587696,20.1037394],[85.6588572,20.1039486],[85.6588715,20.1039975],[85.6589114,20.1044065],[85.6589295,20.1044397],[85.6589649,20.1044607],[85.6591764,20.1044688],[85.6592095,20.1044748],[85.6592372,20.1044914],[85.6593338,20.1046457],[85.6593673,20.1046773],[85.6594004,20.104703],[85.6594573,20.1047277],[85.6595196,20.1047357],[85.6595679,20.1047318],[85.659752,20.1046693],[85.6598211,20.1046561],[85.6601805,20.1046208],[85.660685,20.1045465],[85.6611882,20.1045059],[85.6612206,20.1045097],[85.6612734,20.1045225],[85.6616226,20.104752],[85.6616708,20.1047739],[85.6617251,20.1047765],[85.6620552,20.1046976],[85.6621068,20.1046948],[85.6621644,20.1047052],[85.6622229,20.1047259],[85.6623225,20.1047463],[85.6624041,20.104749],[85.6629568,20.1047374],[85.6630445,20.104754],[85.663175,20.1047968]]}},{"type":"Feature","properties":{"id":867239808,"highway":"secondary"},"geometry":{"type":"LineString","coordinates":[[85.6444712,20.1865582],[85.6451606,20.1882836],[85.6457889,20.189982],[85.6460653,20.1905905],[85.6463957,20.1911007],[85.6467009,20.1915118],[85.6468254,20.191637],[85.6470597,20.1918525]]}},{"type":"Feature","properties":{"id":867239809,"highway":"secondary"},"geometry":{"type":"LineString","coordinates":[[85.6442728,20.1860967],[85.6444079,20.1864999],[85.6444712,20.1865582]]}},{"type":"Feature","properties":{"id":867239810,"highway":"primary"},"geometry":{"type":"LineString","coordinates":[[85.6443399,20.1860251],[85.6446711,20.1859252]]}},{"type":"Feature","properties":{"id":867239811,"highway":"secondary"},"geometry":{"type":"LineString","coordinates":[[85.6441068,20.1854917],[85.644153,20.1855192],[85.6442689,20.1858454],[85.644284,20.1859454]]}},{"type":"Feature","properties":{"id":867239812,"highway":"primary"},"geometry":{"type":"LineString","coordinates":[[85.6442728,20.1860967],[85.6442982,20.1860877],[85.6443192,20.1860715],[85.6443336,20.1860499],[85.6443399,20.1860251]]}},{"type":"Feature","properties":{"id":867239813,"highway":"secondary"},"geometry":{"type":"LineString","coordinates":[[85.6443336,20.1860499],[85.6444706,20.1864416],[85.6444712,20.1865582]]}},{"type":"Feature","properties":{"id":867239814,"highway":"secondary"},"geometry":{"type":"LineString","coordinates":[[85.6445974,20.1854748],[85.6444202,20.1850284],[85.6439683,20.1839466],[85.6437017,20.1832793],[85.6434617,20.1828175],[85.6434185,20.1827332],[85.643392,20.1826696],[85.6433365,20.1825511]]}},{"type":"Feature","properties":{"id":867239815,"highway":"secondary"},"geometry":{"type":"LineString","coordinates":[[85.6449088,20.1863645],[85.6448386,20.1862978],[85.6447865,20.186183],[85.6447606,20.1861079],[85.6447457,20.1860428],[85.6447309,20.1859858],[85.6447307,20.185954]]}},{"type":"Feature","properties":{"id":867239816,"highway":"secondary"},"geometry":{"type":"LineString","coordinates":[[85.6446621,20.1858001],[85.6445821,20.1855672],[85.6445974,20.1854748]]}},{"type":"Feature","properties":{"id":867309604,"highway":"residential"},"geometry":{"type":"LineString","coordinates":[[85.6806444,20.1159833],[85.6806631,20.1161211],[85.6806584,20.1161651],[85.6806309,20.1162029],[85.6805887,20.1162551],[85.6805689,20.1163026],[85.680525,20.1164675],[85.6805075,20.1165076],[85.6804753,20.1165327],[85.6803861,20.1165676],[85.680291,20.1165925],[85.6801132,20.1166396],[85.6799511,20.1166846],[85.679873,20.1167063],[85.6798007,20.1167342],[85.6795258,20.1168865],[85.6794246,20.1169349],[85.678237,20.1173423],[85.6781137,20.1173738],[85.6779729,20.1173788],[85.6778575,20.1173738],[85.6775262,20.1173511],[85.677478,20.1173411],[85.6767093,20.1169916],[85.6765181,20.1168793],[85.6764646,20.1168331],[85.6763943,20.1167419]]}},{"type":"Feature","properties":{"id":867311240,"highway":"residential"},"geometry":{"type":"LineString","coordinates":[[85.6785146,20.1156838],[85.6784611,20.1157864],[85.6781821,20.1162536],[85.6781097,20.1163833],[85.6780735,20.116484],[85.6779729,20.1173788]]}},{"type":"Feature","properties":{"id":867311241,"highway":"residential"},"geometry":{"type":"LineString","coordinates":[[85.677478,20.1173411],[85.6775339,20.1174001],[85.6778005,20.1177201],[85.6778249,20.1177573],[85.6778697,20.1178357],[85.677988,20.1183093],[85.678121,20.1190144],[85.6781663,20.1191459],[85.6784418,20.1197631],[85.6785239,20.1199535],[85.6785631,20.1201029],[85.6785979,20.1208534],[85.6785942,20.1209152],[85.6785806,20.1209875],[85.6785245,20.1211578],[85.6785137,20.1212255],[85.6785165,20.1212794],[85.6785442,20.1213302],[85.6787063,20.1215846],[85.6787299,20.1216547],[85.6788432,20.122407]]}},{"type":"Feature","properties":{"id":867315061,"highway":"residential"},"geometry":{"type":"LineString","coordinates":[[85.6830017,20.1166713],[85.6827754,20.1162062],[85.6826359,20.1159241],[85.6825063,20.1156499],[85.682474,20.1156236],[85.6824345,20.1156189],[85.682181,20.1156676],[85.682017,20.1156942],[85.6818769,20.1157098]]}},{"type":"Feature","properties":{"id":867315062,"highway":"residential"},"geometry":{"type":"LineString","coordinates":[[85.6816358,20.1183544],[85.6817845,20.1183584],[85.6818824,20.1183555],[85.6819897,20.1183435],[85.6821689,20.118304]]}},{"type":"Feature","properties":{"id":867315063,"highway":"residential"},"geometry":{"type":"LineString","coordinates":[[85.6823433,20.1181925],[85.6822594,20.11819],[85.6822278,20.1181783],[85.6821844,20.1181439],[85.6819826,20.1179531],[85.6819218,20.1179155],[85.6818733,20.1178988],[85.6817994,20.117902],[85.6816918,20.1179066],[85.6814933,20.1179189],[85.681028,20.117967],[85.6809022,20.1179647],[85.6805536,20.1178892],[85.6803578,20.1178564],[85.6802156,20.1178615],[85.6799313,20.117932],[85.679883,20.1179698],[85.6798642,20.1180378],[85.679891,20.1181385],[85.6800735,20.118898]]}},{"type":"Feature","properties":{"id":867315064,"highway":"residential"},"geometry":{"type":"LineString","coordinates":[[85.6813323,20.119299],[85.6818151,20.11944],[85.6820309,20.1194619],[85.6821055,20.1194619],[85.6822084,20.119446]]}},{"type":"Feature","properties":{"id":867315065,"highway":"residential"},"geometry":{"type":"LineString","coordinates":[[85.6822278,20.1181783],[85.6821689,20.118304],[85.6821596,20.1183561],[85.6821639,20.1184215],[85.6822453,20.1186379]]}},{"type":"Feature","properties":{"id":867317382,"highway":"residential"},"geometry":{"type":"LineString","coordinates":[[85.6831941,20.1151562],[85.6830945,20.1152097],[85.6830524,20.1152399],[85.6828971,20.1154135],[85.6828612,20.1154455],[85.6828005,20.1154801],[85.682474,20.1156236]]}},{"type":"Feature","properties":{"id":867317383,"highway":"residential"},"geometry":{"type":"LineString","coordinates":[[85.6817722,20.1163107],[85.6821251,20.1163188],[85.6822122,20.1163208],[85.6823048,20.1163118],[85.6827057,20.1162218],[85.6827754,20.1162062]]}},{"type":"Feature","properties":{"id":867599041,"highway":"residential"},"geometry":{"type":"LineString","coordinates":[[85.6715342,20.1725785],[85.671722,20.1727673],[85.671781,20.1728504],[85.6719241,20.1730953]]}},{"type":"Feature","properties":{"id":867599042,"highway":"residential"},"geometry":{"type":"LineString","coordinates":[[85.6696776,20.1739355],[85.6697833,20.1743214]]}},{"type":"Feature","properties":{"id":867599043,"highway":"residential"},"geometry":{"type":"LineString","coordinates":[[85.6630597,20.1711091],[85.6632073,20.1712105],[85.6632815,20.1712411],[85.663332,20.171252],[85.6633833,20.1712558],[85.6634867,20.1712283]]}},{"type":"Feature","properties":{"id":867599044,"highway":"residential"},"geometry":{"type":"LineString","coordinates":[[85.6744605,20.1580299],[85.6744819,20.1575867],[85.674495,20.1575434],[85.6745865,20.1573716],[85.674654,20.1572577]]}},{"type":"Feature","properties":{"id":867599525,"highway":"residential"},"geometry":{"type":"LineString","coordinates":[[85.6824665,20.114649],[85.6819977,20.1147659],[85.681762,20.1148535],[85.681701,20.1148815],[85.6814768,20.1149844],[85.6814087,20.1150011],[85.6813598,20.1150042],[85.6810515,20.1149722],[85.6809778,20.1149809],[85.6807339,20.1150483],[85.6806564,20.1150536],[85.6800987,20.1150492],[85.6792561,20.1151049],[85.6791922,20.1151024],[85.6791039,20.1150852]]}},{"type":"Feature","properties":{"id":867599528,"highway":"residential"},"geometry":{"type":"LineString","coordinates":[[85.681762,20.1148535],[85.6815184,20.1143217],[85.6815051,20.1142926],[85.6814909,20.1142542],[85.6814658,20.1141723],[85.6814613,20.114113],[85.6814628,20.1140555],[85.6814848,20.1139523],[85.6815114,20.1139021],[85.6815444,20.1138471],[85.681894,20.1133703],[85.6819225,20.1133502],[85.6819683,20.1133323],[85.6821772,20.1133357],[85.682553,20.1133671],[85.6825782,20.1133784],[85.6825907,20.1134041],[85.6825939,20.1134542],[85.682572,20.113784],[85.6825452,20.1141872],[85.6824665,20.114649],[85.6824625,20.1146729],[85.6824606,20.1147248]]}},{"type":"Feature","properties":{"id":867599529,"highway":"residential"},"geometry":{"type":"LineString","coordinates":[[85.6799383,20.1143441],[85.6795975,20.1146468],[85.6791039,20.1150852],[85.6789103,20.1152309],[85.6785146,20.1156838]]}},{"type":"Feature","properties":{"id":867600216,"highway":"residential"},"geometry":{"type":"LineString","coordinates":[[85.6801548,20.1156377],[85.6800987,20.1150492],[85.6799403,20.1144018],[85.6799383,20.1143441],[85.679957,20.1143035],[85.6799824,20.1142644],[85.6800191,20.1142347],[85.6801161,20.1142023],[85.6802099,20.1141942],[85.6805393,20.1141498],[85.680572,20.114152],[85.6805927,20.1141678],[85.6806196,20.1142146],[85.6806353,20.1142372],[85.6806625,20.1142456],[85.6810718,20.1141925],[85.6811136,20.1142006],[85.6811403,20.1142204],[85.6811891,20.1143014],[85.6812124,20.1143162],[85.681248,20.1143154],[85.6815051,20.1142926]]}},{"type":"Feature","properties":{"id":867600217,"highway":"residential"},"geometry":{"type":"LineString","coordinates":[[85.6814909,20.1142542],[85.6817373,20.1142192],[85.6817601,20.1142192],[85.6817815,20.1142318],[85.6818017,20.1142608],[85.6818365,20.1143087],[85.6818647,20.1143276],[85.681905,20.1143402],[85.681968,20.1143427],[85.6820478,20.1143309],[85.6820654,20.1143187],[85.6820746,20.1143015],[85.6820796,20.1142824],[85.6820918,20.1142652],[85.6821284,20.1142452],[85.6823128,20.1141843],[85.6823667,20.1141742],[85.6825452,20.1141872]]}},{"type":"Feature","properties":{"id":867600218,"highway":"residential"},"geometry":{"type":"LineString","coordinates":[[85.681701,20.1148815],[85.6817717,20.1150227],[85.6818036,20.1150592],[85.6818443,20.1150925],[85.6821886,20.1153253]]}},{"type":"Feature","properties":{"id":867602967,"highway":"residential"},"geometry":{"type":"LineString","coordinates":[[85.6821251,20.1163188],[85.6823426,20.1167021],[85.6828822,20.1173794]]}},{"type":"Feature","properties":{"id":867602968,"highway":"residential"},"geometry":{"type":"LineString","coordinates":[[85.6785631,20.1201029],[85.6787071,20.119885],[85.6788149,20.1197055],[85.6789388,20.1195007],[85.6791314,20.1192648],[85.6792708,20.1191575],[85.6793892,20.1190984],[85.6795362,20.1190393],[85.6800735,20.118898],[85.6805628,20.1187993],[85.681024,20.1187437],[85.681489,20.1186613],[85.681526,20.1186383],[85.6815559,20.1185986],[85.6816358,20.1183544],[85.6817994,20.117902],[85.6818304,20.1178003],[85.6819275,20.1174818],[85.6819493,20.1174165],[85.6820284,20.1172629],[85.6820552,20.1172062],[85.6821249,20.1169812],[85.6821527,20.1169299],[85.6823426,20.1167021],[85.6827057,20.1162218]]}},{"type":"Feature","properties":{"id":867602969,"highway":"residential"},"geometry":{"type":"LineString","coordinates":[[85.6806584,20.1161651],[85.6807513,20.1162674],[85.6807725,20.1163073],[85.6808026,20.116412],[85.6808132,20.116432],[85.6808309,20.1164519],[85.680861,20.1164668],[85.6809353,20.1165],[85.6809618,20.1165216],[85.6809778,20.1165582],[85.6810468,20.1167493],[85.6810733,20.1167825],[85.6811264,20.1168224],[85.6813051,20.1169635],[85.6813481,20.117024],[85.6816144,20.1174996],[85.6818304,20.1178003]]}},{"type":"Feature","properties":{"id":867602971,"highway":"residential"},"geometry":{"type":"LineString","coordinates":[[85.6828822,20.1173794],[85.682952,20.1174719],[85.6829959,20.1175492],[85.6830302,20.1176277],[85.6831105,20.1179521],[85.6831288,20.1180772],[85.6831133,20.118297]]}},{"type":"Feature","properties":{"id":867602972,"highway":"residential"},"geometry":{"type":"LineString","coordinates":[[85.6830017,20.1166713],[85.6831346,20.1168394],[85.6832054,20.1169191],[85.6832691,20.1169839],[85.6833487,20.1170869],[85.6834266,20.1172149],[85.6836602,20.1176004]]}},{"type":"Feature","properties":{"id":867602973,"highway":"residential"},"geometry":{"type":"LineString","coordinates":[[85.6849342,20.118727],[85.6847111,20.1190529],[85.6846749,20.1190945],[85.6845863,20.1191557],[85.6839317,20.119406],[85.6837893,20.1194606],[85.6835529,20.1195572],[85.6834515,20.1196113],[85.6827647,20.1201808],[85.6822708,20.1206686]]}},{"type":"Feature","properties":{"id":867612457,"highway":"residential"},"geometry":{"type":"LineString","coordinates":[[85.6506673,20.1966227],[85.6509723,20.1966313],[85.6510232,20.1966415],[85.6511108,20.1966632]]}},{"type":"Feature","properties":{"id":867612458,"highway":"residential"},"geometry":{"type":"LineString","coordinates":[[85.6524375,20.1958913],[85.6526303,20.1960791]]}},{"type":"Feature","properties":{"id":867612460,"highway":"secondary"},"geometry":{"type":"LineString","coordinates":[[85.6525719,20.1944877],[85.652631,20.1943626]]}},{"type":"Feature","properties":{"id":867612461,"highway":"residential"},"geometry":{"type":"LineString","coordinates":[[85.636658,20.1862341],[85.6364318,20.1857685],[85.6364273,20.1857191],[85.6364422,20.185673],[85.6364958,20.185627],[85.636514,20.1855958],[85.6365101,20.185555],[85.6364856,20.185408],[85.6364797,20.18527],[85.6364919,20.185116],[85.6364858,20.1849499],[85.6363383,20.1844312]]}},{"type":"Feature","properties":{"id":867612462,"highway":"residential"},"geometry":{"type":"LineString","coordinates":[[85.6328185,20.180107],[85.6331641,20.1800125],[85.6343171,20.1798077]]}},{"type":"Feature","properties":{"id":867613980,"highway":"residential"},"geometry":{"type":"LineString","coordinates":[[85.6502063,20.1828621],[85.6502203,20.1828347],[85.6502226,20.1828193],[85.6502168,20.1827963],[85.6501852,20.1826955],[85.6501806,20.1826648],[85.6501788,20.1825713]]}},{"type":"Feature","properties":{"id":867613981,"highway":"residential"},"geometry":{"type":"LineString","coordinates":[[85.6500495,20.1820894],[85.6496979,20.1821482]]}},{"type":"Feature","properties":{"id":867613982,"highway":"residential"},"geometry":{"type":"LineString","coordinates":[[85.6493134,20.1835499],[85.649659,20.1834336],[85.6498011,20.1833807]]}},{"type":"Feature","properties":{"id":867613983,"highway":"residential"},"geometry":{"type":"LineString","coordinates":[[85.6463598,20.1840708],[85.6465611,20.1846527],[85.6465916,20.1847061],[85.6466464,20.1847424],[85.6467217,20.1847481],[85.6468111,20.1847309],[85.6470028,20.1846762]]}},{"type":"Feature","properties":{"id":867620139,"highway":"residential"},"geometry":{"type":"LineString","coordinates":[[85.6955695,20.116715],[85.6953174,20.116715],[85.6952774,20.1167039],[85.6952397,20.116684],[85.6951152,20.1165719],[85.6950438,20.1165034],[85.6949365,20.1163775],[85.6948732,20.1162893],[85.6948239,20.1162012],[85.6946906,20.1158637],[85.6946469,20.1157529],[85.6946146,20.115673],[85.6942821,20.1148513],[85.6942618,20.1147861],[85.6941641,20.1143879]]}},{"type":"Feature","properties":{"id":867620140,"highway":"residential"},"geometry":{"type":"LineString","coordinates":[[85.6965288,20.1159246],[85.6964849,20.1159887],[85.6964592,20.1160147],[85.6963313,20.1161055],[85.6960468,20.1162051],[85.6959811,20.1162381],[85.6959455,20.1162682],[85.6959236,20.1162868],[85.6958217,20.1164077],[85.6957193,20.1165704],[85.6956873,20.1166103],[85.6955695,20.116715],[85.6955365,20.1169433],[85.6955208,20.1170037],[85.6954732,20.1171116],[85.695466,20.1171337],[85.6954606,20.1171657],[85.695462,20.1172065],[85.6954848,20.1175373]]}},{"type":"Feature","properties":{"id":867620142,"highway":"residential"},"geometry":{"type":"LineString","coordinates":[[85.6963313,20.1179995],[85.6962626,20.1178554],[85.6962508,20.1178181],[85.6962401,20.1177375],[85.6961543,20.1174202],[85.6961386,20.1173921],[85.6961124,20.1173353],[85.6960292,20.117005],[85.6960176,20.116936],[85.6960182,20.1169015],[85.6960255,20.1168762],[85.696172,20.1166493],[85.6961923,20.1166044],[85.6963313,20.1161055]]}},{"type":"Feature","properties":{"id":867620144,"highway":"residential"},"geometry":{"type":"LineString","coordinates":[[85.6888012,20.1177089],[85.6888908,20.1179045],[85.6889195,20.1179745],[85.6889331,20.11808],[85.6889367,20.1186064],[85.6888984,20.1189254],[85.6889031,20.1189727],[85.6889193,20.1190238],[85.689006,20.119207],[85.6890203,20.1192485],[85.6890269,20.1193065],[85.6890462,20.1196443],[85.6890639,20.1197029],[85.6891156,20.1197688],[85.6892049,20.1198036],[85.6895935,20.1198178],[85.6901331,20.1197645],[85.6901958,20.1197508],[85.6914604,20.119168],[85.6915255,20.1191474],[85.6923094,20.118968],[85.6925521,20.1189259],[85.6926638,20.1189117],[85.692696,20.1189077],[85.6932853,20.1188766],[85.6933598,20.1188642],[85.6939628,20.1187314],[85.6940651,20.118695],[85.6941398,20.118662],[85.6945476,20.1184818],[85.6945929,20.1184577],[85.6946282,20.1184274],[85.6946938,20.1183709],[85.694722,20.1183369],[85.6947371,20.1182934],[85.6948262,20.1180377],[85.6948352,20.1180119],[85.6948456,20.1179698],[85.6948547,20.1178788],[85.6948657,20.1178394],[85.6948829,20.117808],[85.6949234,20.1177739],[85.695013,20.117707],[85.6950613,20.1176849],[85.6951113,20.1176714],[85.6952549,20.1176381],[85.6953097,20.1176192],[85.6954848,20.1175373],[85.6957133,20.117448],[85.6957759,20.1174318],[85.6958324,20.1174202],[85.6961386,20.1173921]]}},{"type":"Feature","properties":{"id":867620146,"highway":"residential"},"geometry":{"type":"LineString","coordinates":[[85.6949478,20.114135],[85.695189,20.1143771],[85.6952743,20.1144469],[85.6957616,20.1148553],[85.6958096,20.1149054],[85.6961576,20.1153558],[85.6963205,20.1155665],[85.6965288,20.1159246],[85.6968672,20.1163712],[85.6971574,20.11672],[85.6973871,20.1170864],[85.6974103,20.1171519],[85.6974322,20.1172395],[85.6974528,20.1173063],[85.6974902,20.1173842],[85.6977409,20.1178308],[85.6978786,20.1180394],[85.6983155,20.1185742],[85.6985414,20.1188507],[85.6985605,20.1188909],[85.6986433,20.1192336],[85.6992032,20.1208015],[85.6992758,20.1210623],[85.6993407,20.1213693],[85.6996143,20.1225379],[85.6997055,20.1231675],[85.6998181,20.1245275],[85.6998342,20.1251773],[85.6997323,20.1264618],[85.6997322,20.1267115],[85.6997484,20.1268849],[85.6997913,20.127298],[85.6997841,20.1273698],[85.699625,20.1279578],[85.6995503,20.1290162],[85.6995104,20.1293978],[85.6994341,20.1299676],[85.6994312,20.13006],[85.6994421,20.130197],[85.699475,20.1303308],[85.6997249,20.1309695],[85.7004519,20.132492],[85.7004729,20.132534],[85.7007404,20.1327672],[85.7007697,20.1327927],[85.7008052,20.1328237],[85.7010477,20.1330126],[85.7013539,20.1332231],[85.7014698,20.1332783],[85.7021302,20.1336045],[85.7025335,20.1337851],[85.7030931,20.1340288]]}},{"type":"Feature","properties":{"id":867620148,"highway":"residential"},"geometry":{"type":"LineString","coordinates":[[85.6968672,20.1163712],[85.6968693,20.1164621],[85.6968634,20.116509],[85.6968087,20.116846],[85.6967712,20.1172187],[85.6967832,20.1175429],[85.6967926,20.1175763],[85.6968173,20.1175985],[85.6970324,20.1176822],[85.697785,20.1180146],[85.6978216,20.1180261],[85.6978786,20.1180394]]}},{"type":"Feature","properties":{"id":867620150,"highway":"residential"},"geometry":{"type":"LineString","coordinates":[[85.6970324,20.1176822],[85.6963313,20.1179995],[85.6961382,20.11807],[85.6960915,20.1180816],[85.6957503,20.1181087],[85.6957057,20.1181205],[85.6956719,20.1181389],[85.6955019,20.1182364],[85.6954783,20.1182614],[85.6954499,20.1183075],[85.6954347,20.1183248],[85.6953937,20.1183368],[85.6948829,20.1183735],[85.6948185,20.1183722],[85.6947703,20.1183608],[85.694722,20.1183369]]}},{"type":"Feature","properties":{"id":867620152,"highway":"residential"},"geometry":{"type":"LineString","coordinates":[[85.6948262,20.1180377],[85.6949032,20.1180749],[85.6949476,20.1180804],[85.6950013,20.1180738],[85.6952803,20.1179872],[85.6953177,20.1179708],[85.6953562,20.1179445],[85.6954216,20.1179039],[85.6954519,20.117893],[85.695505,20.1178844],[85.6955637,20.1178815],[85.6956952,20.1178946],[85.6957373,20.1178915],[85.6957745,20.1178801],[85.6962401,20.1177375],[85.696669,20.1176342],[85.696714,20.1176163],[85.6967926,20.1175763]]}},{"type":"Feature","properties":{"id":867620153,"highway":"residential"},"geometry":{"type":"LineString","coordinates":[[85.6957759,20.1174318],[85.6957745,20.1178801]]}},{"type":"Feature","properties":{"id":867620154,"highway":"residential"},"geometry":{"type":"LineString","coordinates":[[85.6957373,20.1178915],[85.6957057,20.1181205]]}},{"type":"Feature","properties":{"id":867620155,"highway":"residential"},"geometry":{"type":"LineString","coordinates":[[85.6946906,20.1158637],[85.6949848,20.1157529],[85.6950483,20.1157403],[85.6954585,20.1157118],[85.6955148,20.1157126],[85.6955578,20.1157244],[85.6957013,20.1157873],[85.6957308,20.1158137],[85.6957604,20.1158597],[85.6959455,20.1162682]]}},{"type":"Feature","properties":{"id":867620157,"highway":"residential"},"geometry":{"type":"LineString","coordinates":[[85.6957591,20.1153577],[85.6961576,20.1153558]]}},{"type":"Feature","properties":{"id":867620158,"highway":"residential"},"geometry":{"type":"LineString","coordinates":[[85.6954347,20.1183248],[85.6955236,20.1184957],[85.6955575,20.118529],[85.695593,20.1185449],[85.6956515,20.1185521],[85.695747,20.1185478],[85.6957855,20.1185579],[85.6958133,20.1185782],[85.6959519,20.1187127],[85.6959766,20.1187286],[85.6960289,20.1187344],[85.6962641,20.1186688],[85.6962851,20.1186546],[85.696309,20.1186295],[85.6963292,20.1185667],[85.6963554,20.1185378],[85.6963893,20.1185262],[85.6965229,20.118531],[85.6979514,20.1185826],[85.6983155,20.1185742]]}},{"type":"Feature","properties":{"id":867620174,"highway":"residential"},"geometry":{"type":"LineString","coordinates":[[85.6787432,20.1144234],[85.6790234,20.1143313],[85.6790888,20.1143248],[85.6791658,20.1143248],[85.6792639,20.1143511],[85.6795975,20.1146468]]}},{"type":"Feature","properties":{"id":867633559,"highway":"residential"},"geometry":{"type":"LineString","coordinates":[[85.6994017,20.1354853],[85.6993545,20.1352677],[85.6993463,20.1351949],[85.6993471,20.1351065],[85.6993593,20.1349137],[85.6993532,20.1348507],[85.6992211,20.1342648],[85.6992004,20.1341602],[85.6990972,20.1336388],[85.6990654,20.1334783],[85.6990767,20.1334462],[85.6991045,20.1334259],[85.6992944,20.1333609],[85.6997648,20.1331854],[85.6998063,20.1331507],[85.6998418,20.1330957],[85.6999881,20.1328686],[85.7000343,20.1328195],[85.7000883,20.1327862],[85.7001237,20.132763],[85.7001376,20.132737],[85.7001299,20.1327066],[85.7001118,20.132656],[85.7001118,20.1326321],[85.7001279,20.1326107],[85.7004519,20.132492]]}},{"type":"Feature","properties":{"id":867634830,"highway":"residential"},"geometry":{"type":"LineString","coordinates":[[85.6967851,20.1190965],[85.6968354,20.119247],[85.696862,20.1192724],[85.6969047,20.1192881],[85.6973416,20.1193847],[85.6974733,20.1193944],[85.697608,20.1193897],[85.6980798,20.1193464],[85.6982091,20.1193276],[85.6986433,20.1192336]]}},{"type":"Feature","properties":{"id":867634832,"highway":"residential"},"geometry":{"type":"LineString","coordinates":[[85.6777624,20.1159753],[85.6780925,20.1156498],[85.6782023,20.1155401],[85.678291,20.1154766],[85.6787527,20.1152395],[85.6787973,20.1152296],[85.6789103,20.1152309]]}},{"type":"Feature","properties":{"id":867668187,"highway":"residential"},"geometry":{"type":"LineString","coordinates":[[85.6790046,20.162037],[85.6790349,20.1622722],[85.67911,20.163088],[85.6791315,20.1632113],[85.6792656,20.1638358],[85.6793166,20.1639642],[85.6794472,20.1641666],[85.6795266,20.1642324],[85.6796013,20.1642499],[85.67969,20.1642455],[85.6800565,20.1640956],[85.6810187,20.1637019],[85.6810584,20.1636735],[85.6811538,20.1635825]]}},{"type":"Feature","properties":{"id":867676264,"highway":"residential"},"geometry":{"type":"LineString","coordinates":[[85.6981255,20.1583485],[85.6983034,20.1588199],[85.6983956,20.1590356]]}},{"type":"Feature","properties":{"id":867679196,"highway":"residential"},"geometry":{"type":"LineString","coordinates":[[85.6806399,20.1625081],[85.6805464,20.1626589],[85.6805199,20.1626741],[85.6804285,20.1627218],[85.6803899,20.1627506],[85.6803105,20.1628888]]}},{"type":"Feature","properties":{"id":867679198,"highway":"residential"},"geometry":{"type":"LineString","coordinates":[[85.6843557,20.1589875],[85.6843801,20.1590734],[85.6843953,20.1591068],[85.6844797,20.1592537],[85.6845395,20.1593993],[85.6845727,20.1594982],[85.6846346,20.1597324],[85.6846558,20.159754],[85.6846877,20.1597623],[85.6853,20.1596809],[85.6853371,20.1596875],[85.6853708,20.1597058],[85.6853973,20.1597715],[85.6855035,20.1602918],[85.6854999,20.1603885],[85.6854829,20.1604804],[85.6854499,20.160539],[85.6853824,20.1605991],[85.6852016,20.1606792],[85.6849388,20.1607731],[85.6844145,20.1609293],[85.6840448,20.1610009],[85.6838698,20.1610198],[85.6837681,20.1610308],[85.6835042,20.1610593],[85.6828596,20.1610656],[85.6827907,20.1610663],[85.6823623,20.1610244],[85.6822543,20.1609885],[85.6821563,20.1609379],[85.6820327,20.1608382],[85.6820144,20.160802],[85.6820042,20.1607467],[85.6820205,20.1605579],[85.6820392,20.1604483],[85.6820415,20.1603475],[85.6819668,20.1597951]]}},{"type":"Feature","properties":{"id":867679201,"highway":"residential"},"geometry":{"type":"LineString","coordinates":[[85.6879533,20.1640861],[85.687737,20.1641639],[85.6875999,20.1642377],[85.6875429,20.1642579],[85.6873826,20.1642897],[85.6873318,20.1643085],[85.6871801,20.1644051],[85.6871152,20.1644234],[85.6866085,20.1644768],[85.6865265,20.164477],[85.6859988,20.1644713],[85.6859082,20.1644753],[85.6854277,20.1645648],[85.685369,20.1645803],[85.6849525,20.1647926],[85.6844076,20.1651465],[85.6840247,20.1654701]]}},{"type":"Feature","properties":{"id":867679203,"highway":"residential"},"geometry":{"type":"LineString","coordinates":[[85.6884734,20.167046],[85.6883746,20.1665604],[85.6883054,20.1659705],[85.6881771,20.1650288],[85.6881478,20.164916],[85.6880503,20.164628],[85.6879533,20.1640861],[85.6879444,20.1637125],[85.6878599,20.1632869],[85.6878446,20.1632517],[85.6878082,20.1632024],[85.6877482,20.1631211],[85.6877358,20.1630873],[85.6876649,20.1627759]]}},{"type":"Feature","properties":{"id":867684105,"highway":"residential"},"geometry":{"type":"LineString","coordinates":[[85.6883252,20.1626904],[85.6884839,20.1636261]]}},{"type":"Feature","properties":{"id":867684106,"highway":"residential"},"geometry":{"type":"LineString","coordinates":[[85.688755,20.1632501],[85.6888105,20.1635378],[85.6888105,20.1635639],[85.6887966,20.1635827],[85.6887643,20.1635928],[85.6884839,20.1636261],[85.6883471,20.1636634],[85.6882896,20.1636709],[85.688171,20.1636709],[85.6881259,20.1636767],[85.6879444,20.1637125]]}},{"type":"Feature","properties":{"id":867684107,"highway":"residential"},"geometry":{"type":"LineString","coordinates":[[85.687982,20.1626722],[85.6880881,20.1632536],[85.6880864,20.1632768],[85.6880672,20.1632913],[85.6880209,20.1632901],[85.6878599,20.1632869]]}},{"type":"Feature","properties":{"id":867684108,"highway":"residential"},"geometry":{"type":"LineString","coordinates":[[85.6871422,20.1627565],[85.6873528,20.1629077],[85.6873828,20.1629625],[85.6873988,20.1630339],[85.6874235,20.1631884],[85.6874329,20.1632137],[85.6874517,20.1632276],[85.6874758,20.1632276],[85.6878082,20.1632024]]}},{"type":"Feature","properties":{"id":867684111,"highway":"residential"},"geometry":{"type":"LineString","coordinates":[[85.6890339,20.1645401],[85.689012,20.1647182],[85.6889819,20.1648045],[85.6889465,20.1648643],[85.6889253,20.1648942],[85.6889185,20.1649205],[85.6889398,20.165369],[85.6889929,20.1660284],[85.6891171,20.1668538]]}},{"type":"Feature","properties":{"id":867707316,"highway":"primary"},"geometry":{"type":"LineString","coordinates":[[85.6939497,20.1657519],[85.694441,20.1656508],[85.6944965,20.1656394],[85.6949008,20.1655693],[85.695427,20.1654781],[85.6958455,20.1653983],[85.6976004,20.1650482],[85.697741,20.1650045],[85.6979301,20.1649222],[85.6980534,20.1648574],[85.6980959,20.1648351],[85.6985129,20.1645185],[85.6989028,20.1642225],[85.699363,20.1638251],[85.6994564,20.1637508],[85.69974,20.1635234],[85.7000809,20.1632533],[85.7002437,20.1631243],[85.7007768,20.1626876],[85.7012556,20.1623084],[85.7018536,20.1617939],[85.7023708,20.1613718],[85.7024046,20.1613442],[85.7028657,20.1609739],[85.7033741,20.1605733],[85.7035731,20.1604384],[85.7036024,20.1604186],[85.7038867,20.1602403],[85.7041001,20.1601152],[85.7053094,20.1594543],[85.7065142,20.158813]]}},{"type":"Feature","properties":{"id":867707318,"highway":"primary"},"geometry":{"type":"LineString","coordinates":[[85.6790331,20.1709068],[85.6789496,20.170959]]}},{"type":"Feature","properties":{"id":867707320,"highway":"tertiary"},"geometry":{"type":"LineString","coordinates":[[85.6868833,20.1675211],[85.6868063,20.1674532],[85.6860841,20.1669227],[85.6855851,20.1665705],[85.6842261,20.1656121],[85.6840247,20.1654701],[85.6827095,20.1645539],[85.6820452,20.1640973],[85.6817097,20.1638662],[85.6803105,20.1628888],[85.6802781,20.1628662],[85.679142,20.1620605],[85.6790889,20.1620074],[85.6790606,20.1619526],[85.6788624,20.161112],[85.6787668,20.1607864],[85.6786288,20.1604027],[85.6784855,20.1600605],[85.6784642,20.1600156],[85.6781351,20.1595505],[85.6773087,20.1583927],[85.6768213,20.1576545],[85.6762033,20.1566965],[85.6752916,20.155243],[85.675079,20.1548858],[85.6746045,20.1541208],[85.6740376,20.1531648],[85.6734537,20.152151],[85.6730185,20.1513919],[85.6729277,20.1513341]]}},{"type":"Feature","properties":{"id":867707321,"highway":"primary"},"geometry":{"type":"LineString","coordinates":[[85.7065447,20.1586736],[85.7044888,20.1597964],[85.7040559,20.1600471],[85.7035971,20.1603343],[85.7035579,20.1603588],[85.7033488,20.1605102],[85.7023598,20.1612896],[85.7023238,20.1613201],[85.7012146,20.1622587],[85.7000407,20.1632073],[85.7000096,20.1632325],[85.6994333,20.1636973],[85.6993281,20.163782],[85.6988547,20.1641699],[85.6984683,20.1644656],[85.6981114,20.1647386],[85.6980138,20.1647997],[85.69788,20.1648764],[85.6977138,20.1649442],[85.6976287,20.1649672],[85.6970313,20.1651015],[85.696225,20.1652485],[85.6953421,20.1654233],[85.6951646,20.1654585],[85.6944899,20.1655723],[85.6941524,20.1656385],[85.6939356,20.1656902],[85.6936121,20.1657674],[85.6926177,20.1660038],[85.6915873,20.1662463],[85.6911391,20.1663726],[85.6903549,20.1665543],[85.689581,20.1667337],[85.6895431,20.1667435],[85.6891171,20.1668538],[85.6884734,20.167046],[85.688193,20.1671245],[85.6870247,20.1674023],[85.6868063,20.1674532],[85.6866613,20.1674858]]}},{"type":"Feature","properties":{"id":867707326,"highway":"unclassified"},"geometry":{"type":"LineString","coordinates":[[85.6911391,20.1663726],[85.6911477,20.1664426],[85.6912243,20.1670647],[85.6912778,20.167526],[85.6912724,20.1680082],[85.6912678,20.1682267],[85.6912651,20.1683534],[85.6912638,20.1684159],[85.6912564,20.1687644],[85.6912306,20.1690583],[85.6912198,20.1691821],[85.691198,20.1695134],[85.6912054,20.1699368],[85.6912122,20.170637],[85.691206,20.1711897],[85.6911518,20.1716625],[85.6910741,20.1720599],[85.6910584,20.172118],[85.6909464,20.1725308],[85.6908413,20.1728678],[85.6908118,20.1729383],[85.690572,20.1732841],[85.6904358,20.1734244],[85.6901618,20.1737197],[85.6898349,20.174069],[85.6893728,20.174548],[85.6891487,20.1747729],[85.6886305,20.1753218],[85.688337,20.1756291],[85.6881715,20.175844],[85.6880471,20.1760977],[85.6879898,20.1762496],[85.6878839,20.1767951],[85.6878254,20.1770392],[85.6877025,20.1772914],[85.6874059,20.1778008],[85.6870946,20.1782985],[85.6867624,20.1787894],[85.6865664,20.1790999],[85.68653,20.1791577],[85.6863968,20.1793696],[85.686251,20.179618],[85.6859672,20.1800553],[85.685699,20.1804915],[85.6854559,20.180851],[85.6854017,20.1809311],[85.6851657,20.1813514],[85.6850818,20.1815684],[85.6850209,20.1818146],[85.6849576,20.1821836],[85.6848789,20.1826427],[85.6848689,20.1827012],[85.6848639,20.1828167],[85.6849161,20.1832501],[85.6850343,20.1838116],[85.6850431,20.1838719],[85.6850197,20.1839368],[85.6849552,20.1839951],[85.6848707,20.1840274],[85.6847093,20.1840367]]}},{"type":"Feature","properties":{"id":867707327,"highway":"residential"},"geometry":{"type":"LineString","coordinates":[[85.6870471,20.1674843],[85.6872095,20.1680785],[85.6873078,20.1683328],[85.6874731,20.1687048],[85.68754,20.1688768],[85.6876422,20.1691393],[85.68772,20.1693774],[85.6877351,20.1695313],[85.6877572,20.169642],[85.6877904,20.16973]]}},{"type":"Feature","properties":{"id":867719218,"highway":"residential"},"geometry":{"type":"LineString","coordinates":[[85.6913334,20.1654469],[85.6915873,20.1662463],[85.6916107,20.1663283]]}},{"type":"Feature","properties":{"id":867719221,"highway":"residential"},"geometry":{"type":"LineString","coordinates":[[85.6846558,20.159754],[85.6846112,20.1598076],[85.684582,20.1598273],[85.6842971,20.1598843],[85.6842679,20.1598777],[85.6842493,20.1598547],[85.6842107,20.1596201],[85.6842166,20.159596],[85.6842411,20.1595686],[85.6845395,20.1593993],[85.6847841,20.1592982],[85.6848997,20.1592631],[85.6852087,20.1591901],[85.6853503,20.1591602],[85.6854338,20.1591514],[85.6857573,20.1591499],[85.6858035,20.1591615],[85.685822,20.1591875],[85.6858344,20.1592295],[85.6858544,20.1594695],[85.6858436,20.1594999],[85.6858113,20.159523],[85.6853999,20.1596011],[85.6853552,20.1596272],[85.6853,20.1596809]]}},{"type":"Feature","properties":{"id":867719222,"highway":"residential"},"geometry":{"type":"LineString","coordinates":[[85.6841398,20.1603946],[85.6840321,20.1605587],[85.6840097,20.1605873],[85.6839121,20.1606961],[85.6838919,20.160739],[85.6838918,20.1607915],[85.6838698,20.1610198]]}},{"type":"Feature","properties":{"id":867719223,"highway":"residential"},"geometry":{"type":"LineString","coordinates":[[85.6837152,20.1598918],[85.6833489,20.1599151],[85.6833082,20.1599284],[85.683279,20.1599552],[85.6832435,20.1600087],[85.683205,20.1600333],[85.6831588,20.1600579],[85.6831234,20.160094],[85.683099,20.16014],[85.6830721,20.1601623],[85.6830155,20.1601851],[85.682407,20.1602994],[85.6820415,20.1603475]]}},{"type":"Feature","properties":{"id":867724770,"highway":"residential"},"geometry":{"type":"LineString","coordinates":[[85.6975973,20.1641184],[85.6965805,20.1644659],[85.6964815,20.1645086],[85.6964171,20.1645364],[85.6961418,20.1646441],[85.6961192,20.1646578],[85.6961058,20.1646835],[85.6961062,20.1647135],[85.696225,20.1652485]]}},{"type":"Feature","properties":{"id":867724772,"highway":"residential"},"geometry":{"type":"LineString","coordinates":[[85.6958953,20.1637402],[85.6959822,20.1639599],[85.6959967,20.1639731],[85.6960189,20.1639765],[85.6961534,20.1639334],[85.6962467,20.1639035],[85.6967963,20.1637274],[85.697124,20.1636284],[85.6975031,20.1635138],[85.6975525,20.1634905],[85.6980609,20.1631434]]}},{"type":"Feature","properties":{"id":867724773,"highway":"residential"},"geometry":{"type":"LineString","coordinates":[[85.6967963,20.1637274],[85.6965646,20.1631661]]}},{"type":"Feature","properties":{"id":867724774,"highway":"residential"},"geometry":{"type":"LineString","coordinates":[[85.6969777,20.1632668],[85.697124,20.1636284]]}},{"type":"Feature","properties":{"id":867724775,"highway":"residential"},"geometry":{"type":"LineString","coordinates":[[85.6966075,20.1629115],[85.6974471,20.1628989],[85.6975166,20.1628919],[85.6978053,20.1628271]]}},{"type":"Feature","properties":{"id":867724777,"highway":"residential"},"geometry":{"type":"LineString","coordinates":[[85.7014113,20.1601217],[85.7002763,20.1610799],[85.6990918,20.1620352],[85.6979289,20.1629773]]}},{"type":"Feature","properties":{"id":867724779,"highway":"residential"},"geometry":{"type":"LineString","coordinates":[[85.7010064,20.1595402],[85.6997801,20.1605118],[85.6986053,20.1614533],[85.6974645,20.1623571]]}},{"type":"Feature","properties":{"id":867724780,"highway":"residential"},"geometry":{"type":"LineString","coordinates":[[85.6963797,20.1614841],[85.6966907,20.1619723],[85.6967174,20.1619914],[85.6967494,20.1619955],[85.6967974,20.1619836],[85.6969938,20.1618478]]}},{"type":"Feature","properties":{"id":867724781,"highway":"residential"},"geometry":{"type":"LineString","coordinates":[[85.6962791,20.1602878],[85.696529,20.1613366],[85.6965323,20.1613769],[85.696509,20.1614065],[85.6963797,20.1614841],[85.6961475,20.1615399],[85.6961125,20.1615364],[85.696095,20.1615111],[85.6956984,20.1600886]]}},{"type":"Feature","properties":{"id":867724786,"highway":"residential"},"geometry":{"type":"LineString","coordinates":[[85.6926485,20.1609409],[85.693024,20.1609529],[85.6930496,20.1609638],[85.6930624,20.1609845],[85.6930683,20.1610282],[85.6930881,20.1613681],[85.6931183,20.1619242],[85.6931392,20.1625746]]}},{"type":"Feature","properties":{"id":867724787,"highway":"residential"},"geometry":{"type":"LineString","coordinates":[[85.6918743,20.1626542],[85.6918532,20.1625252],[85.6918437,20.1621421],[85.6918371,20.1619675],[85.6914764,20.160914],[85.6914737,20.1608684],[85.691491,20.1608279],[85.6918144,20.1605432],[85.6919054,20.1604557],[85.6919538,20.1603712],[85.692063,20.1600801],[85.692142,20.1598698],[85.6921722,20.1597552],[85.6921839,20.1596827],[85.6921738,20.1595103],[85.6921803,20.1591954],[85.6921975,20.1589525],[85.6921939,20.1586518],[85.69223,20.1581307],[85.6922232,20.1580838],[85.6921524,20.1579335],[85.6920331,20.15768],[85.691997,20.1575641],[85.6919914,20.1575214],[85.6919977,20.1574842],[85.6921216,20.1572035]]}},{"type":"Feature","properties":{"id":867724789,"highway":"residential"},"geometry":{"type":"LineString","coordinates":[[85.6921939,20.1586518],[85.6928122,20.1587047],[85.693354,20.1587752],[85.6936813,20.1588199],[85.6937865,20.1588313],[85.6942109,20.1588729],[85.6942336,20.1588931],[85.6942445,20.1589283],[85.6942465,20.1589998],[85.694255,20.1593112],[85.6942587,20.1593494],[85.694278,20.1593805],[85.6943226,20.1594169],[85.6944929,20.1595297],[85.6945596,20.1595756],[85.6946254,20.1596384],[85.6946696,20.1597],[85.6946921,20.1597497]]}},{"type":"Feature","properties":{"id":867724790,"highway":"residential"},"geometry":{"type":"LineString","coordinates":[[85.692604,20.1625735],[85.6925165,20.1620449],[85.6925012,20.1620009],[85.6924718,20.1619658],[85.6924476,20.1619518],[85.6924098,20.1619449],[85.6922793,20.1619449],[85.6918371,20.1619675]]}},{"type":"Feature","properties":{"id":867724793,"highway":"residential"},"geometry":{"type":"LineString","coordinates":[[85.6949834,20.1599],[85.6954256,20.1597915],[85.6958691,20.1596506],[85.6959272,20.1596304],[85.6964185,20.1594593],[85.6970349,20.1592437],[85.697386,20.1591573],[85.697605,20.1590988],[85.6977689,20.1590415],[85.6977989,20.1590283],[85.6979648,20.1589554],[85.6980211,20.1589307],[85.6982732,20.15883],[85.6983034,20.1588199],[85.6988472,20.1585983],[85.6988856,20.1585898],[85.6994346,20.1585318]]}},{"type":"Feature","properties":{"id":867724794,"highway":"residential"},"geometry":{"type":"LineString","coordinates":[[85.6942465,20.1589998],[85.6946194,20.1590056],[85.6946645,20.1590013],[85.6954571,20.1587945],[85.6955281,20.158775],[85.6967817,20.1585042]]}},{"type":"Feature","properties":{"id":867724795,"highway":"residential"},"geometry":{"type":"LineString","coordinates":[[85.6956016,20.1590564],[85.6955281,20.158775]]}},{"type":"Feature","properties":{"id":867724798,"highway":"residential"},"geometry":{"type":"LineString","coordinates":[[85.6954571,20.1587945],[85.6954083,20.1585076],[85.6953965,20.158348],[85.69536,20.1581083],[85.6953612,20.1580818],[85.6953742,20.1580617],[85.6954094,20.1580588],[85.6954526,20.1580644],[85.6958375,20.158167],[85.6960577,20.1582156],[85.6962132,20.1582311],[85.6965083,20.1582509],[85.6965731,20.1582652],[85.6966276,20.1582975],[85.6967817,20.1585042],[85.6968195,20.1585549],[85.6968298,20.1585792],[85.6970349,20.1592437]]}},{"type":"Feature","properties":{"id":867724799,"highway":"residential"},"geometry":{"type":"LineString","coordinates":[[85.6921738,20.1595103],[85.693354,20.1596367],[85.6936309,20.1596627],[85.6938967,20.1596877],[85.6940925,20.1597061],[85.6942016,20.1597163],[85.6943679,20.1597515],[85.6944146,20.1597567],[85.6944784,20.1597574],[85.6946921,20.1597497],[85.6947441,20.1597661],[85.6948024,20.1597894],[85.6949006,20.1598436],[85.6949834,20.1599],[85.6950089,20.1599372],[85.6950971,20.160157],[85.69512,20.1602034],[85.6951482,20.1602399],[85.6952665,20.1603508],[85.6952982,20.1604055],[85.6953317,20.160475],[85.6954678,20.1608953],[85.6956898,20.1616096],[85.695795,20.1619478],[85.6959285,20.1624304]]}},{"type":"Feature","properties":{"id":867724800,"highway":"residential"},"geometry":{"type":"LineString","coordinates":[[85.6971368,20.1579363],[85.6971597,20.158243],[85.6971703,20.1583075],[85.6972057,20.1584313],[85.6973056,20.1588481],[85.697386,20.1591573]]}},{"type":"Feature","properties":{"id":867724801,"highway":"residential"},"geometry":{"type":"LineString","coordinates":[[85.697402,20.1581176],[85.6974204,20.1584096],[85.6974368,20.1584868],[85.697605,20.1590988]]}},{"type":"Feature","properties":{"id":867724802,"highway":"residential"},"geometry":{"type":"LineString","coordinates":[[85.6976787,20.1593719],[85.6978993,20.1592684],[85.6983956,20.1590356]]}},{"type":"Feature","properties":{"id":867724803,"highway":"residential"},"geometry":{"type":"LineString","coordinates":[[85.6983956,20.1590356],[85.6984241,20.1590296],[85.6984481,20.1590397],[85.698461,20.15906],[85.6986463,20.159436],[85.6987447,20.1595742],[85.6991583,20.1601343],[85.698418,20.1606996],[85.6981457,20.1608939],[85.6974418,20.1614557],[85.6970262,20.1618185],[85.6969938,20.1618478],[85.6974645,20.1623571]]}},{"type":"Feature","properties":{"id":867724804,"highway":"residential"},"geometry":{"type":"LineString","coordinates":[[85.6977989,20.1590283],[85.6978993,20.1592684]]}},{"type":"Feature","properties":{"id":867724805,"highway":"residential"},"geometry":{"type":"LineString","coordinates":[[85.6983131,20.1582917],[85.6981255,20.1583485],[85.6978219,20.1584425],[85.6978067,20.1584589],[85.6978033,20.1584851],[85.6979648,20.1589554]]}},{"type":"Feature","properties":{"id":867724806,"highway":"residential"},"geometry":{"type":"LineString","coordinates":[[85.6986722,20.158057],[85.6988396,20.1581103],[85.6989056,20.1581276],[85.6989624,20.1581248],[85.6994459,20.1580411]]}},{"type":"Feature","properties":{"id":867726042,"highway":"residential"},"geometry":{"type":"LineString","coordinates":[[85.6988811,20.1574748],[85.6990723,20.1572801],[85.699264,20.157024],[85.6993242,20.1569304]]}},{"type":"Feature","properties":{"id":867726043,"highway":"residential"},"geometry":{"type":"LineString","coordinates":[[85.6990463,20.1575377],[85.6994326,20.157355]]}},{"type":"Feature","properties":{"id":867726044,"highway":"residential"},"geometry":{"type":"LineString","coordinates":[[85.6987415,20.1582879],[85.6994543,20.1581724]]}},{"type":"Feature","properties":{"id":867726045,"highway":"residential"},"geometry":{"type":"LineString","coordinates":[[85.6994558,20.1581956],[85.6994456,20.1583579],[85.6994346,20.1585318],[85.6994243,20.1586977],[85.6994236,20.1587571],[85.6994338,20.1587724],[85.69945,20.15878],[85.6994704,20.15878],[85.6995374,20.1587685],[85.6995618,20.1587666],[85.6995781,20.1587743],[85.6995862,20.1587953],[85.6995984,20.158883],[85.6995944,20.1589174],[85.6995801,20.1589498],[85.6995781,20.1589784],[85.6996249,20.1593009],[85.699633,20.15932],[85.6996472,20.1593296],[85.6996716,20.1593334],[85.6997793,20.1593372],[85.6998017,20.1593429],[85.69982,20.159362],[85.6998302,20.1593906],[85.6998857,20.1595672]]}},{"type":"Feature","properties":{"id":867726046,"highway":"residential"},"geometry":{"type":"LineString","coordinates":[[85.6899791,20.1636078],[85.6904676,20.1634679],[85.6904921,20.1634434],[85.6904937,20.1634102],[85.6903584,20.1629776]]}},{"type":"Feature","properties":{"id":867726048,"highway":"residential"},"geometry":{"type":"LineString","coordinates":[[85.6926477,20.166077],[85.6926177,20.1660038],[85.6922891,20.1654788],[85.6920611,20.1651666],[85.6917085,20.1648708],[85.6914738,20.1646946],[85.6914388,20.1646579],[85.6913557,20.1645245],[85.6912175,20.164167],[85.6911053,20.1637867],[85.6909718,20.1633841],[85.690838,20.1630056],[85.690838,20.1629767],[85.6908704,20.162955],[85.6918743,20.1626542],[85.6920324,20.1626161],[85.6921884,20.1625895],[85.692604,20.1625735],[85.6931392,20.1625746],[85.6932177,20.162576],[85.6944217,20.1625086]]}},{"type":"Feature","properties":{"id":867726050,"highway":"residential"},"geometry":{"type":"LineString","coordinates":[[85.6912175,20.164167],[85.6925037,20.1637756]]}},{"type":"Feature","properties":{"id":867726051,"highway":"residential"},"geometry":{"type":"LineString","coordinates":[[85.6911053,20.1637867],[85.6925064,20.1633678]]}},{"type":"Feature","properties":{"id":867726052,"highway":"residential"},"geometry":{"type":"LineString","coordinates":[[85.6909718,20.1633841],[85.6920558,20.1630656]]}},{"type":"Feature","properties":{"id":867726053,"highway":"residential"},"geometry":{"type":"LineString","coordinates":[[85.6913557,20.1645245],[85.6926694,20.1641395]]}},{"type":"Feature","properties":{"id":867726055,"highway":"residential"},"geometry":{"type":"LineString","coordinates":[[85.6917085,20.1648708],[85.6927343,20.164557]]}},{"type":"Feature","properties":{"id":867726056,"highway":"residential"},"geometry":{"type":"LineString","coordinates":[[85.6931918,20.1648491],[85.6931322,20.1648658],[85.6920611,20.1651666]]}},{"type":"Feature","properties":{"id":867726057,"highway":"residential"},"geometry":{"type":"LineString","coordinates":[[85.6922891,20.1654788],[85.6929002,20.1653036]]}},{"type":"Feature","properties":{"id":867726059,"highway":"residential"},"geometry":{"type":"LineString","coordinates":[[85.6935269,20.1650084],[85.6932898,20.1649159],[85.693245,20.1648901],[85.6931918,20.1648491],[85.6931806,20.1648148],[85.6931138,20.1642414],[85.6930136,20.1635995],[85.6929731,20.1633401]]}},{"type":"Feature","properties":{"id":867726060,"highway":"residential"},"geometry":{"type":"LineString","coordinates":[[85.6935269,20.1650084],[85.694472,20.1649148]]}},{"type":"Feature","properties":{"id":867726061,"highway":"residential"},"geometry":{"type":"LineString","coordinates":[[85.6935269,20.1650084],[85.6936121,20.1657674]]}},{"type":"Feature","properties":{"id":867726062,"highway":"residential"},"geometry":{"type":"LineString","coordinates":[[85.6935544,20.1642604],[85.6931138,20.1642414]]}},{"type":"Feature","properties":{"id":867726063,"highway":"residential"},"geometry":{"type":"LineString","coordinates":[[85.6934612,20.1603209],[85.6936309,20.1596627]]}},{"type":"Feature","properties":{"id":867726064,"highway":"residential"},"geometry":{"type":"LineString","coordinates":[[85.6941271,20.1602094],[85.6940925,20.1597061]]}},{"type":"Feature","properties":{"id":867726065,"highway":"residential"},"geometry":{"type":"LineString","coordinates":[[85.693675,20.1604532],[85.6937994,20.1602024],[85.6938117,20.1601533],[85.6938194,20.1600971],[85.6938317,20.159976],[85.6938967,20.1596877]]}},{"type":"Feature","properties":{"id":867726066,"highway":"residential"},"geometry":{"type":"LineString","coordinates":[[85.6950458,20.1584819],[85.6953965,20.158348]]}},{"type":"Feature","properties":{"id":867732560,"highway":"residential"},"geometry":{"type":"LineString","coordinates":[[85.6934699,20.1571703],[85.6936753,20.157137],[85.6937277,20.1571312],[85.6938702,20.157118],[85.694196,20.1570878],[85.6942623,20.1570763],[85.6943732,20.1570459],[85.6944425,20.1570126],[85.6945054,20.1569609],[85.6948219,20.1567111],[85.6950271,20.1565549],[85.6950484,20.1565267],[85.6951268,20.1563426],[85.695147,20.156311],[85.6951702,20.1562914],[85.6955134,20.1561511],[85.6955588,20.1561378],[85.6958485,20.1561127],[85.6962405,20.1560742],[85.6962879,20.1560651],[85.6964192,20.1560211],[85.6965257,20.1560031],[85.6966061,20.1559997],[85.6966714,20.1559995],[85.6967159,20.1560086],[85.6967515,20.1560273],[85.6968113,20.156079],[85.6968326,20.1560888],[85.6968644,20.1560875],[85.6969024,20.1560735],[85.6975019,20.1557985],[85.6987515,20.1553183]]}},{"type":"Feature","properties":{"id":867732562,"highway":"residential"},"geometry":{"type":"LineString","coordinates":[[85.6931,20.1561673],[85.6931582,20.1562273],[85.6931776,20.1562474],[85.6931923,20.156268],[85.6931977,20.1562901],[85.693203,20.156334],[85.6932351,20.1564922],[85.6932485,20.1565123],[85.6932726,20.156516],[85.6933688,20.1565173],[85.6933929,20.1565323],[85.6934103,20.1565612],[85.6934477,20.1567106],[85.6934504,20.156757],[85.693441,20.1568436],[85.693437,20.1568926],[85.6934753,20.1571427],[85.6934699,20.1571703],[85.6934499,20.1571992],[85.6934071,20.1572192],[85.6930768,20.1573498],[85.6928201,20.1574904],[85.6927412,20.1575669],[85.6927038,20.1575958],[85.6921524,20.1579335]]}},{"type":"Feature","properties":{"id":867743599,"highway":"residential"},"geometry":{"type":"LineString","coordinates":[[85.6947767,20.1171171],[85.6949354,20.1171446],[85.6949646,20.1171446],[85.6950232,20.1171214],[85.6951171,20.1171012],[85.695188,20.1170925],[85.6952358,20.1171026],[85.6952743,20.1171229],[85.6953005,20.117146],[85.6953221,20.117158],[85.6953513,20.1171689],[85.6953863,20.1171645],[85.695466,20.1171337]]}},{"type":"Feature","properties":{"id":867743601,"highway":"residential"},"geometry":{"type":"LineString","coordinates":[[85.6963567,20.1170234],[85.6968087,20.116846]]}},{"type":"Feature","properties":{"id":867743605,"highway":"residential"},"geometry":{"type":"LineString","coordinates":[[85.6808309,20.1164519],[85.6807774,20.1165413],[85.6807543,20.1165628],[85.6807173,20.1165771],[85.6804906,20.1166281],[85.6800618,20.1167122],[85.6800325,20.1167136],[85.6800055,20.1167084],[85.6799511,20.1166846]]}},{"type":"Feature","properties":{"id":868530461,"highway":"residential"},"geometry":{"type":"LineString","coordinates":[[85.6889784,20.1761401],[85.68849,20.1762644],[85.6884608,20.1762644],[85.6884284,20.1762529],[85.6884084,20.1762167],[85.6884068,20.1761748],[85.6884299,20.1760649],[85.6884592,20.1759897],[85.6884885,20.1759232],[85.6884946,20.1758842],[85.6884946,20.1758408],[85.6884762,20.1757858],[85.6884438,20.1757439],[85.688337,20.1756291]]}},{"type":"Feature","properties":{"id":868530462,"highway":"residential"},"geometry":{"type":"LineString","coordinates":[[85.6890904,20.1758786],[85.6890371,20.175567],[85.6890353,20.1755119],[85.689064,20.1753527],[85.6890835,20.1752192]]}},{"type":"Feature","properties":{"id":868530463,"highway":"residential"},"geometry":{"type":"LineString","coordinates":[[85.6889011,20.1770557],[85.688972,20.1771272],[85.6890379,20.1771816],[85.6891854,20.1772621],[85.6892613,20.1773027],[85.6893409,20.1773452],[85.6894563,20.1773754],[85.6895904,20.1773956],[85.6897299,20.1773956],[85.6899391,20.1773402],[85.6902341,20.1772294],[85.6902824,20.1772017],[85.690328,20.1771715],[85.6904111,20.1771363],[85.69075,20.1770488],[85.6908913,20.1769877],[85.6909529,20.1769449],[85.6909825,20.1768946],[85.6909985,20.1767989],[85.6909905,20.1766957],[85.690972,20.1761268],[85.6909563,20.176067],[85.6909071,20.1759772],[85.6906594,20.175612],[85.6902602,20.1750544],[85.6902112,20.1749854],[85.6901557,20.1748859],[85.6901203,20.1748043],[85.6899545,20.1743187],[85.6899223,20.1742297],[85.6898349,20.174069]]}},{"type":"Feature","properties":{"id":868530465,"highway":"residential"},"geometry":{"type":"LineString","coordinates":[[85.6901618,20.1737197],[85.6903613,20.1739743],[85.6903874,20.1740146],[85.6904017,20.1740667],[85.6905323,20.1748237]]}},{"type":"Feature","properties":{"id":868537084,"highway":"residential"},"geometry":{"type":"LineString","coordinates":[[85.6909464,20.1725308],[85.6919358,20.1725829],[85.692206,20.1725979],[85.6923172,20.1725949],[85.6925942,20.1725874],[85.6926551,20.1725903],[85.6927537,20.1726017],[85.6927882,20.1726036],[85.6928232,20.1725896],[85.692879,20.1725429],[85.6930035,20.1723819],[85.6930308,20.1723629],[85.6930654,20.1723581],[85.693417,20.1723864],[85.6938784,20.1724241],[85.694536,20.1724079]]}},{"type":"Feature","properties":{"id":868537085,"highway":"residential"},"geometry":{"type":"LineString","coordinates":[[85.6938784,20.1724241],[85.6939615,20.1730561],[85.6939855,20.1730883],[85.6940206,20.1731048],[85.694389,20.1731029]]}},{"type":"Feature","properties":{"id":868537087,"highway":"residential"},"geometry":{"type":"LineString","coordinates":[[85.6927038,20.1710849],[85.693,20.1711022],[85.6932585,20.1711098],[85.6936397,20.1711224],[85.6936812,20.17113],[85.693708,20.1711514],[85.6937416,20.1711872],[85.6937664,20.1712052],[85.6938102,20.1712195],[85.6939334,20.1712382],[85.693995,20.1712565],[85.6940311,20.1712851],[85.6940788,20.1713297],[85.6941212,20.1713521],[85.6941793,20.1713762],[85.6944609,20.1714553],[85.694496,20.1714833],[85.6945105,20.1715211],[85.6945127,20.1715806],[85.6945146,20.1720129],[85.6945337,20.1723575],[85.694536,20.1724079],[85.694519,20.1724702],[85.6944061,20.1728853],[85.694389,20.1731029],[85.6943881,20.1733217],[85.6943878,20.1733977],[85.6943901,20.1734389],[85.6943959,20.1735421],[85.6944105,20.1736454],[85.6945397,20.1742698],[85.6945713,20.1744223],[85.6945812,20.1745187],[85.6945861,20.1748852],[85.694565,20.1749118],[85.6945302,20.1749269],[85.6941598,20.1749829],[85.6940983,20.1749877],[85.6938851,20.1749798],[85.6933594,20.1749546],[85.6930268,20.1749395],[85.692266,20.174932],[85.6915749,20.1749639],[85.6914708,20.1749647],[85.691393,20.1749494],[85.6910639,20.1748575],[85.6908702,20.1748035],[85.6907765,20.1747852],[85.6906758,20.1747902],[85.6905323,20.1748237],[85.6902602,20.1750544]]}},{"type":"Feature","properties":{"id":868537088,"highway":"residential"},"geometry":{"type":"LineString","coordinates":[[85.6918087,20.1689905],[85.6921002,20.1689962],[85.6923208,20.1690144],[85.6923961,20.169031],[85.6925249,20.1690719],[85.6927867,20.1692016],[85.6928108,20.1692349],[85.6928195,20.1692698],[85.6928142,20.1693101],[85.6927306,20.169517],[85.6927175,20.1695565],[85.692668,20.1698343],[85.6926499,20.1701707],[85.6926493,20.1702424],[85.6926561,20.1703386],[85.6926603,20.1703981],[85.6926972,20.1705816],[85.692729,20.1707586],[85.6927304,20.1708486],[85.6927038,20.1710849],[85.6925999,20.1714481],[85.6925973,20.1714784],[85.6926043,20.1715033],[85.6926229,20.1715219],[85.6928284,20.1716216],[85.6930631,20.1716973],[85.6930841,20.1717137],[85.6930876,20.1717378],[85.6930574,20.1718899],[85.6929976,20.1722348],[85.6930006,20.1722827],[85.6930068,20.1723156],[85.6930308,20.1723629]]}},{"type":"Feature","properties":{"id":868537091,"highway":"residential"},"geometry":{"type":"LineString","coordinates":[[85.6924635,20.1736151],[85.6930833,20.1735658],[85.6935793,20.1734842],[85.6943881,20.1733217]]}},{"type":"Feature","properties":{"id":868537093,"highway":"residential"},"geometry":{"type":"LineString","coordinates":[[85.692206,20.1725979],[85.6923044,20.1730146],[85.6924635,20.1736151],[85.6925034,20.1737953],[85.6925013,20.1738231],[85.6924881,20.1738409],[85.692464,20.1738542],[85.692025,20.1739223],[85.6916456,20.1740034],[85.6912633,20.1741101],[85.6912283,20.1741073],[85.6912149,20.1740809],[85.6912149,20.1737183],[85.6912147,20.1736118],[85.6912481,20.1730565],[85.6912396,20.1730301],[85.6912136,20.1730159],[85.6908118,20.1729383]]}},{"type":"Feature","properties":{"id":868537094,"highway":"residential"},"geometry":{"type":"LineString","coordinates":[[85.692025,20.1739223],[85.6920696,20.1743635],[85.6920951,20.1746149],[85.6921202,20.1746626],[85.6921674,20.1747195],[85.6921969,20.1747589],[85.692266,20.174932]]}},{"type":"Feature","properties":{"id":868537095,"highway":"residential"},"geometry":{"type":"LineString","coordinates":[[85.6931579,20.1745884],[85.6923562,20.1746223],[85.6921202,20.1746626]]}},{"type":"Feature","properties":{"id":868537096,"highway":"residential"},"geometry":{"type":"LineString","coordinates":[[85.6991425,20.1742423],[85.6982903,20.1742074],[85.6961964,20.1741841],[85.6960201,20.1741741],[85.6955893,20.1741184],[85.6955145,20.1741134],[85.695426,20.1741105],[85.6953764,20.1741187],[85.6953389,20.1741319],[85.695194,20.1742062],[85.6951458,20.1742257],[85.6949684,20.1742814],[85.6949252,20.1743031],[85.6949085,20.1743315],[85.6948783,20.1744704],[85.6948535,20.174496],[85.6948173,20.1745044],[85.6945812,20.1745187]]}},{"type":"Feature","properties":{"id":868537097,"highway":"residential"},"geometry":{"type":"LineString","coordinates":[[85.6945397,20.1742698],[85.6940172,20.1743208],[85.6933028,20.174342],[85.6920696,20.1743635]]}},{"type":"Feature","properties":{"id":868544413,"highway":"residential"},"geometry":{"type":"LineString","coordinates":[[85.6998339,20.173911],[85.6991774,20.1738891],[85.6983886,20.1738628],[85.6983582,20.1738639],[85.6983419,20.173876],[85.6983279,20.1738979],[85.6982903,20.1742074],[85.6982565,20.1746136]]}},{"type":"Feature","properties":{"id":868544414,"highway":"residential"},"geometry":{"type":"LineString","coordinates":[[85.6991774,20.1738891],[85.6991425,20.1742423],[85.6991233,20.1744484],[85.6991059,20.1746349],[85.6990852,20.174655],[85.6990456,20.1746625],[85.6982565,20.1746136],[85.6975168,20.1745669]]}},{"type":"Feature","properties":{"id":868544417,"highway":"residential"},"geometry":{"type":"LineString","coordinates":[[85.6925999,20.1714481],[85.6925484,20.1714457],[85.6925129,20.1714552],[85.6924867,20.1714736],[85.6921493,20.171975],[85.6921377,20.1720087],[85.6921336,20.1720616],[85.6921429,20.1721754],[85.6921528,20.1722038],[85.6921792,20.172229],[85.6922183,20.1722528],[85.6922345,20.1722765],[85.6922436,20.1723027],[85.6923172,20.1725949]]}},{"type":"Feature","properties":{"id":868544420,"highway":"residential"},"geometry":{"type":"LineString","coordinates":[[85.6930574,20.1718899],[85.6931923,20.1719279],[85.6932423,20.1719355],[85.6932888,20.1719318],[85.6933423,20.1719073],[85.6933778,20.1719067],[85.6934258,20.1719141],[85.6934599,20.1719281],[85.6935008,20.17195],[85.6935498,20.1719785],[85.6936105,20.1720037],[85.6938113,20.1720706],[85.6938428,20.172076],[85.6939152,20.1720749],[85.6945146,20.1720129]]}},{"type":"Feature","properties":{"id":868544423,"highway":"residential"},"geometry":{"type":"LineString","coordinates":[[85.6912651,20.1683534],[85.6917765,20.1683391],[85.6920773,20.168303],[85.6922261,20.1682821],[85.6926137,20.1682275],[85.6927108,20.1682239],[85.6928819,20.1682174],[85.6934369,20.168191],[85.6934999,20.1681835],[85.6945482,20.1679481]]}},{"type":"Feature","properties":{"id":868544426,"highway":"residential"},"geometry":{"type":"LineString","coordinates":[[85.68754,20.1688768],[85.687765,20.1688151],[85.6878222,20.1688179],[85.6878976,20.1688345],[85.6882879,20.168989],[85.6883417,20.1690027],[85.6884086,20.1690058],[85.6895129,20.1689103],[85.6895493,20.1688922],[85.6895659,20.1688648],[85.6897046,20.16856],[85.6897338,20.1685344],[85.6897785,20.1685146],[85.6898257,20.1685059],[85.6904657,20.1685054],[85.6905148,20.1685003],[85.6907523,20.1684402],[85.6908107,20.1684312],[85.6912638,20.1684159]]}},{"type":"Feature","properties":{"id":868544429,"highway":"residential"},"geometry":{"type":"LineString","coordinates":[[85.6901543,20.1677921],[85.6901419,20.1675047],[85.6901561,20.1674715],[85.690188,20.1674416],[85.6903596,20.1673552],[85.6904046,20.1673379],[85.6904394,20.1673295],[85.6909122,20.1672152]]}},{"type":"Feature","properties":{"id":868544430,"highway":"residential"},"geometry":{"type":"LineString","coordinates":[[85.6910301,20.1674919],[85.6909122,20.1672152],[85.6907725,20.1668673],[85.6907441,20.1668241],[85.6907107,20.1668058],[85.6906557,20.1668058],[85.6905424,20.1668291],[85.6903902,20.1668822],[85.6903655,20.1669021],[85.6903601,20.1669387],[85.6904394,20.1673295]]}},{"type":"Feature","properties":{"id":868544431,"highway":"residential"},"geometry":{"type":"LineString","coordinates":[[85.6904748,20.1666074],[85.6905424,20.1668291]]}},{"type":"Feature","properties":{"id":868544432,"highway":"residential"},"geometry":{"type":"LineString","coordinates":[[85.6944259,20.1675525],[85.6940514,20.1675827],[85.6933594,20.1676078],[85.6929084,20.1676165],[85.6923786,20.167602],[85.6923362,20.1675869],[85.6923077,20.1675565],[85.6922466,20.1671759],[85.692234,20.1671441],[85.6922087,20.1671225],[85.6921791,20.1671137],[85.6920168,20.1671222],[85.6919827,20.16712],[85.6919637,20.1671065],[85.6919215,20.1670531],[85.6918949,20.1670443],[85.6918651,20.1670462],[85.691681,20.1670583],[85.6912243,20.1670647]]}},{"type":"Feature","properties":{"id":868544433,"highway":"residential"},"geometry":{"type":"LineString","coordinates":[[85.691681,20.1670583],[85.6917765,20.1683391],[85.6918087,20.1689905],[85.6917758,20.1695704],[85.6917251,20.1698529],[85.6917038,20.1699088],[85.6915614,20.1702826],[85.6914995,20.1704506],[85.6914575,20.1706512]]}},{"type":"Feature","properties":{"id":868547109,"highway":"residential"},"geometry":{"type":"LineString","coordinates":[[85.6930226,20.1671834],[85.6930704,20.1671699],[85.6931118,20.1671532],[85.6933205,20.167017],[85.6935422,20.1668869],[85.6935876,20.1668624],[85.6936302,20.1668478],[85.6942625,20.1666654],[85.6945784,20.1665301]]}},{"type":"Feature","properties":{"id":868547110,"highway":"residential"},"geometry":{"type":"LineString","coordinates":[[85.6956356,20.172067],[85.6956409,20.1718345],[85.6956321,20.1717813],[85.6956144,20.1717215],[85.6955949,20.1716883],[85.6955383,20.1716617],[85.695471,20.1716451],[85.6952591,20.1716036],[85.6949063,20.171601],[85.6948715,20.1715968],[85.6948468,20.1715869],[85.694825,20.1715669],[85.6948172,20.171535],[85.6948064,20.1712861],[85.6948072,20.1711178],[85.6948363,20.1705317],[85.6948501,20.1703766],[85.6948418,20.1701317],[85.6949076,20.1697551],[85.6949154,20.1696807],[85.6949093,20.1694959],[85.6948862,20.1694238],[85.6948461,20.1693864],[85.6948076,20.1693628],[85.6947506,20.1693449],[85.6946617,20.1693554],[85.6942845,20.169456],[85.6942246,20.1694613],[85.6940236,20.1694646],[85.6938891,20.169459],[85.6937886,20.1694505],[85.6936898,20.1694325],[85.6936142,20.1694163],[85.6935632,20.1694001],[85.6935288,20.1693703],[85.6935005,20.1693318],[85.6933455,20.1689709],[85.6932433,20.1687066],[85.6932146,20.1686555],[85.6931831,20.16862],[85.6930593,20.1685169],[85.6930201,20.1684743],[85.6928819,20.1682174],[85.6928692,20.1681625],[85.6928679,20.1681162],[85.692894,20.1676812],[85.6929084,20.1676165],[85.6930178,20.1672897],[85.6930232,20.1672375],[85.6930226,20.1671834],[85.692982,20.1669891],[85.6929025,20.1666474],[85.692769,20.1660476]]}},{"type":"Feature","properties":{"id":868547111,"highway":"residential"},"geometry":{"type":"LineString","coordinates":[[85.6939497,20.1657519],[85.6939987,20.1658513],[85.6940265,20.1659003],[85.6940496,20.1659282],[85.6941722,20.1660411],[85.6943521,20.1661878],[85.6944329,20.1662589],[85.6944809,20.1663091],[85.6945181,20.1663696],[85.6945446,20.1664218],[85.6945784,20.1665301],[85.6945939,20.1666277],[85.6945999,20.1667027],[85.6945793,20.1669251],[85.6945639,20.1670916],[85.6945562,20.1671281],[85.6945385,20.1671586],[85.6944997,20.1671839],[85.6944181,20.1672302],[85.6944027,20.1672562],[85.6943965,20.1672967],[85.6944259,20.1675525],[85.6944474,20.1676221],[85.6944736,20.1677132],[85.6945482,20.1679481],[85.6945891,20.1680371],[85.6947108,20.1683928],[85.6947154,20.168442],[85.6947293,20.1684883],[85.6948063,20.1686676]]}},{"type":"Feature","properties":{"id":868547112,"highway":"residential"},"geometry":{"type":"LineString","coordinates":[[85.6945793,20.1669251],[85.6948912,20.1667561],[85.6949128,20.1667329],[85.6949266,20.1666896],[85.6949235,20.1663483],[85.6949728,20.1659593],[85.6949728,20.165913],[85.6949636,20.1658581],[85.6949008,20.1655693]]}},{"type":"Feature","properties":{"id":868547114,"highway":"residential"},"geometry":{"type":"LineString","coordinates":[[85.6923362,20.1675869],[85.6922657,20.1676454],[85.6922518,20.1676801],[85.6922487,20.1677264],[85.6922261,20.1682821]]}},{"type":"Feature","properties":{"id":868547116,"highway":"residential"},"geometry":{"type":"LineString","coordinates":[[85.6895493,20.1688922],[85.6897029,20.1690279],[85.6897545,20.1690734],[85.6897973,20.1690893],[85.6898549,20.1690973],[85.6912306,20.1690583]]}},{"type":"Feature","properties":{"id":868547117,"highway":"residential"},"geometry":{"type":"LineString","coordinates":[[85.692729,20.1707586],[85.6922999,20.1708043],[85.6922523,20.1708075],[85.6921966,20.1707984],[85.6919305,20.1707286],[85.6918198,20.1707044],[85.6914575,20.1706512],[85.6912122,20.170637]]}},{"type":"Feature","properties":{"id":868547119,"highway":"residential"},"geometry":{"type":"LineString","coordinates":[[85.6922523,20.1708075],[85.6921796,20.1704841],[85.6920902,20.1700705],[85.6920705,20.170018],[85.6920345,20.1699806],[85.6919691,20.1699549],[85.6917038,20.1699088]]}},{"type":"Feature","properties":{"id":868547121,"highway":"residential"},"geometry":{"type":"LineString","coordinates":[[85.6926972,20.1705816],[85.69278,20.1704499],[85.6928028,20.1704304],[85.6931575,20.170325],[85.6932182,20.1703],[85.6933111,20.1702548],[85.6933594,20.1702448],[85.6934349,20.1702362],[85.6937106,20.1702475],[85.6940782,20.170221],[85.6948418,20.1701317]]}},{"type":"Feature","properties":{"id":868547122,"highway":"residential"},"geometry":{"type":"LineString","coordinates":[[85.6937106,20.1702475],[85.6937374,20.170456],[85.6937212,20.1704879],[85.6936911,20.1705204],[85.6935994,20.170579],[85.6934795,20.1706359],[85.6934265,20.1706501],[85.6933787,20.170653],[85.6933017,20.1706586],[85.6932736,20.170674],[85.6932631,20.1706937],[85.6932608,20.1709589],[85.6932585,20.1711098]]}},{"type":"Feature","properties":{"id":868547123,"highway":"residential"},"geometry":{"type":"LineString","coordinates":[[85.6992246,20.1679584],[85.6991935,20.1679537],[85.6991704,20.1679313],[85.699165,20.1679011],[85.6991932,20.1673649]]}},{"type":"Feature","properties":{"id":868547124,"highway":"residential"},"geometry":{"type":"LineString","coordinates":[[85.694634,20.1687274],[85.6946866,20.1690059],[85.6947506,20.1693449]]}},{"type":"Feature","properties":{"id":868547126,"highway":"residential"},"geometry":{"type":"LineString","coordinates":[[85.6977009,20.1677959],[85.6983527,20.1677713]]}},{"type":"Feature","properties":{"id":868547127,"highway":"residential"},"geometry":{"type":"LineString","coordinates":[[85.6986207,20.165975],[85.6986617,20.1660082],[85.6986771,20.1660414],[85.6986971,20.1663596],[85.6986925,20.1663856],[85.6986663,20.1664087],[85.6986124,20.1664261],[85.6978991,20.1666184],[85.6978406,20.1666416],[85.6978221,20.1666661],[85.6978221,20.1667037],[85.6978968,20.1669512],[85.6979174,20.1670195],[85.6979548,20.1671959]]}},{"type":"Feature","properties":{"id":868547128,"highway":"residential"},"geometry":{"type":"LineString","coordinates":[[85.6968932,20.1665085],[85.6970195,20.1667717],[85.6970441,20.1667977],[85.6970904,20.1668136],[85.6978968,20.1669512]]}},{"type":"Feature","properties":{"id":868547129,"highway":"residential"},"geometry":{"type":"LineString","coordinates":[[85.6979174,20.1670195],[85.6985862,20.1668455],[85.6987973,20.1668075],[85.6992187,20.1667315],[85.699301,20.1667167],[85.6994737,20.1666842],[85.6997795,20.1666036],[85.7004357,20.1664101]]}},{"type":"Feature","properties":{"id":868554952,"highway":"residential"},"geometry":{"type":"LineString","coordinates":[[85.6994003,20.16479],[85.6988298,20.1651498],[85.6987932,20.165191],[85.6987674,20.1652448],[85.698695,20.1655393],[85.6986636,20.1657031],[85.6986286,20.1659388],[85.6986207,20.165975],[85.6985925,20.165998],[85.698311,20.1660705],[85.6975329,20.1663093],[85.6968932,20.1665085],[85.6967457,20.1665499],[85.6966759,20.1665787],[85.6965915,20.1666492],[85.696512,20.1666933],[85.6964519,20.1667033],[85.6962236,20.1667149],[85.6960873,20.1667381],[85.6960643,20.1667581],[85.6960555,20.166783],[85.6960502,20.1668511],[85.6960395,20.1668926],[85.696015,20.1669178],[85.6959448,20.166964],[85.6957454,20.1670953],[85.6957293,20.1671167],[85.6957293,20.1671381],[85.6957293,20.167196],[85.6957226,20.1672326],[85.6957065,20.1672741],[85.6956515,20.1674453],[85.6956274,20.1675888],[85.6956287,20.1676291],[85.6956408,20.1676857],[85.6958024,20.1680643]]}},{"type":"Feature","properties":{"id":868554953,"highway":"residential"},"geometry":{"type":"LineString","coordinates":[[85.698311,20.1660705],[85.6982004,20.1657746],[85.6981792,20.1657361],[85.697984,20.1654768],[85.6979613,20.1654402],[85.697741,20.1650045]]}},{"type":"Feature","properties":{"id":868554954,"highway":"residential"},"geometry":{"type":"LineString","coordinates":[[85.6956002,20.1663462],[85.6960194,20.1662706],[85.6960381,20.1662607],[85.6960509,20.166241],[85.6960486,20.1662224],[85.6958455,20.1653983]]}},{"type":"Feature","properties":{"id":868554955,"highway":"residential"},"geometry":{"type":"LineString","coordinates":[[85.695427,20.1654781],[85.6955722,20.1660331]]}},{"type":"Feature","properties":{"id":868554958,"highway":"residential"},"geometry":{"type":"LineString","coordinates":[[85.69424,20.1691188],[85.6945109,20.1690722],[85.6945511,20.1690596],[85.6946866,20.1690059]]}},{"type":"Feature","properties":{"id":868554959,"highway":"residential"},"geometry":{"type":"LineString","coordinates":[[85.6935793,20.1734842],[85.6936129,20.1739468],[85.6936114,20.1739771],[85.6935898,20.1739945],[85.693559,20.1739959],[85.6933387,20.173954],[85.6932802,20.1739453],[85.6930522,20.1739525],[85.6930198,20.1739612],[85.692986,20.17398],[85.6929505,20.1740089],[85.6929182,20.1740219],[85.6928797,20.1740263],[85.6925531,20.1740263],[85.6925309,20.174023],[85.6925111,20.1740088],[85.6925017,20.1739912],[85.6924881,20.1738409]]}},{"type":"Feature","properties":{"id":868554961,"highway":"residential"},"geometry":{"type":"LineString","coordinates":[[85.6909563,20.176067],[85.6910258,20.1758359],[85.6911394,20.1754479],[85.6911983,20.1752783],[85.691228,20.1752304],[85.6912701,20.1751772],[85.6913185,20.1751265],[85.6914708,20.1749647]]}},{"type":"Feature","properties":{"id":868554963,"highway":"residential"},"geometry":{"type":"LineString","coordinates":[[85.6906594,20.175612],[85.6906034,20.1756295],[85.6905662,20.1756361],[85.6905197,20.1756339],[85.6904069,20.1756228],[85.6902453,20.1756186],[85.6894809,20.1756133],[85.6894361,20.1756073],[85.6894053,20.1755929],[85.6890835,20.1752192],[85.6890746,20.1751852],[85.6890749,20.1751489],[85.6891487,20.1747729]]}},{"type":"Feature","properties":{"id":868554965,"highway":"residential"},"geometry":{"type":"LineString","coordinates":[[85.6987809,20.1680044],[85.6985838,20.1680497],[85.6985395,20.1680447],[85.698506,20.1680321],[85.6984778,20.168017],[85.698451,20.168012],[85.6983451,20.168012],[85.6983223,20.1679981],[85.6983156,20.1679729],[85.6983527,20.1677713],[85.6984502,20.1672541]]}},{"type":"Feature","properties":{"id":868554966,"highway":"residential"},"geometry":{"type":"LineString","coordinates":[[85.693277,20.1543034],[85.6935983,20.1546882],[85.6936722,20.1547808],[85.6937323,20.1548864],[85.6938371,20.155125],[85.6938525,20.1551886],[85.6938566,20.1552529],[85.6938617,20.1553347],[85.693869,20.1553562],[85.6938936,20.1553858],[85.6940138,20.1554757],[85.694029,20.155502],[85.6940337,20.1555337],[85.6940498,20.155893],[85.6940578,20.1559232],[85.6940847,20.1559786],[85.6941557,20.1560919],[85.6942335,20.1562694],[85.6942416,20.1563034],[85.6942523,20.1564255]]}},{"type":"Feature","properties":{"id":868576483,"highway":"residential"},"geometry":{"type":"LineString","coordinates":[[85.6947937,20.1645619],[85.6947794,20.1650224],[85.6947871,20.1650556],[85.6948087,20.165073],[85.6948518,20.1650773],[85.6950352,20.1650767],[85.6953063,20.1650759]]}},{"type":"Feature","properties":{"id":868576484,"highway":"residential"},"geometry":{"type":"LineString","coordinates":[[85.6952739,20.1646001],[85.6953063,20.1650759],[85.6953421,20.1654233]]}},{"type":"Feature","properties":{"id":868576485,"highway":"residential"},"geometry":{"type":"LineString","coordinates":[[85.6950352,20.1650767],[85.6950428,20.1646377],[85.6950567,20.1646131],[85.6950891,20.1646001],[85.6952739,20.1646001],[85.6958609,20.1645235],[85.6959764,20.1645148],[85.6960103,20.1645235],[85.6960303,20.1645495],[85.6960719,20.1646493],[85.6960858,20.1646637],[85.6961058,20.1646835]]}},{"type":"Feature","properties":{"id":868576486,"highway":"residential"},"geometry":{"type":"LineString","coordinates":[[85.6962467,20.1639035],[85.6964815,20.1645086]]}},{"type":"Feature","properties":{"id":868576487,"highway":"residential"},"geometry":{"type":"LineString","coordinates":[[85.6939526,20.1651956],[85.6944826,20.1651108]]}},{"type":"Feature","properties":{"id":868576488,"highway":"residential"},"geometry":{"type":"LineString","coordinates":[[85.6934471,20.1636178],[85.6930136,20.1635995]]}},{"type":"Feature","properties":{"id":868576491,"highway":"residential"},"geometry":{"type":"LineString","coordinates":[[85.6938566,20.1552529],[85.694177,20.155228],[85.694226,20.1552313],[85.6942867,20.1552423],[85.6943159,20.1552532],[85.6943358,20.1552861],[85.6944397,20.1555831],[85.6944595,20.1556226],[85.694637,20.1559514],[85.694686,20.1560434],[85.6947292,20.1561004],[85.6948016,20.1561793],[85.6948285,20.1562254],[85.6948506,20.1562758],[85.694867,20.1564665],[85.694867,20.156518],[85.6948219,20.1567111]]}},{"type":"Feature","properties":{"id":868576492,"highway":"residential"},"geometry":{"type":"LineString","coordinates":[[85.6936118,20.1555485],[85.693869,20.1553562]]}},{"type":"Feature","properties":{"id":868576493,"highway":"residential"},"geometry":{"type":"LineString","coordinates":[[85.6938178,20.1568608],[85.6938702,20.157118]]}},{"type":"Feature","properties":{"id":868576494,"highway":"residential"},"geometry":{"type":"LineString","coordinates":[[85.6960313,20.1636173],[85.6961534,20.1639334]]}},{"type":"Feature","properties":{"id":868576495,"highway":"residential"},"geometry":{"type":"LineString","coordinates":[[85.6978113,20.1637347],[85.6982752,20.1634139]]}},{"type":"Feature","properties":{"id":868576496,"highway":"residential"},"geometry":{"type":"LineString","coordinates":[[85.6961124,20.1666378],[85.6958388,20.1666964],[85.695825,20.1667167],[85.6958281,20.1667441],[85.6959448,20.166964]]}},{"type":"Feature","properties":{"id":868576497,"highway":"residential"},"geometry":{"type":"LineString","coordinates":[[85.6965489,20.1679508],[85.6964799,20.1676433]]}},{"type":"Feature","properties":{"id":868576498,"highway":"residential"},"geometry":{"type":"LineString","coordinates":[[85.6987973,20.1668075],[85.6988415,20.1673085]]}},{"type":"Feature","properties":{"id":868582292,"highway":"residential"},"geometry":{"type":"LineString","coordinates":[[85.6827907,20.1610663],[85.6825165,20.1618623],[85.6823776,20.1624278],[85.682293,20.1629912],[85.6822132,20.1635319],[85.6821866,20.1636382],[85.6820452,20.1640973]]}},{"type":"Feature","properties":{"id":868595265,"highway":"residential"},"geometry":{"type":"LineString","coordinates":[[85.6910584,20.172118],[85.6913528,20.1721173],[85.6915368,20.1721306],[85.6916766,20.1721572],[85.691758,20.1721837],[85.6918589,20.1722103],[85.6919828,20.1722269],[85.6922183,20.1722528]]}},{"type":"Feature","properties":{"id":868595269,"highway":"residential"},"geometry":{"type":"LineString","coordinates":[[85.6947727,20.1552629],[85.6948025,20.1557709],[85.6948119,20.1558514],[85.6948535,20.1560164],[85.6948575,20.1560567],[85.6948468,20.1560932],[85.6948016,20.1561793]]}},{"type":"Feature","properties":{"id":868595270,"highway":"residential"},"geometry":{"type":"LineString","coordinates":[[85.6940337,20.1555337],[85.6941389,20.1556583],[85.694162,20.1556771],[85.6941882,20.1556843],[85.6944397,20.1555831]]}},{"type":"Feature","properties":{"id":868595273,"highway":"residential"},"geometry":{"type":"LineString","coordinates":[[85.6964652,20.1551794],[85.6963842,20.1554062],[85.696321,20.1556231],[85.6962979,20.1556665],[85.6962563,20.1557055],[85.6958773,20.1559977],[85.6958573,20.1560194],[85.6958481,20.1560512],[85.6958485,20.1561127]]}},{"type":"Feature","properties":{"id":868595274,"highway":"residential"},"geometry":{"type":"LineString","coordinates":[[85.6995952,20.1552885],[85.6994936,20.1553015],[85.6992032,20.1553445],[85.699074,20.1553839],[85.6989943,20.1554034],[85.698835,20.155427]]}},{"type":"Feature","properties":{"id":868605540,"highway":"residential"},"geometry":{"type":"LineString","coordinates":[[85.6887108,20.1538354],[85.6885411,20.1538333],[85.6884836,20.1538488],[85.6884247,20.1538799],[85.6881549,20.1540893],[85.6880903,20.154117],[85.6875382,20.1542149],[85.6873202,20.1542222],[85.6872416,20.1542063],[85.6871873,20.1541831],[85.6871575,20.154156],[85.687148,20.1541061],[85.6871223,20.1537966],[85.6871058,20.1537397],[85.6869942,20.1535427],[85.686974,20.1534921],[85.6869362,20.1533318],[85.686899,20.1531695],[85.6868809,20.152742],[85.6868772,20.1526551]]}},{"type":"Feature","properties":{"id":868605541,"highway":"residential"},"geometry":{"type":"LineString","coordinates":[[85.6868809,20.152742],[85.6863449,20.152896],[85.6858735,20.1529898]]}},{"type":"Feature","properties":{"id":868614088,"highway":"residential"},"geometry":{"type":"LineString","coordinates":[[85.6859351,20.1541602],[85.6871575,20.154156]]}},{"type":"Feature","properties":{"id":868614089,"highway":"residential"},"geometry":{"type":"LineString","coordinates":[[85.6886766,20.1525997],[85.6887218,20.1522097],[85.6887583,20.1519622],[85.6887579,20.1517382],[85.6888463,20.1514288],[85.6888483,20.151388],[85.6888479,20.1513191],[85.6888306,20.1512716],[85.6888127,20.1512408],[85.6887796,20.1512228],[85.6887192,20.1512177],[85.6886736,20.1512027],[85.6886501,20.1511786],[85.6885633,20.1509715],[85.688516,20.1508681],[85.688404,20.1506236],[85.6884,20.1505821],[85.6884289,20.1501658],[85.6884165,20.1501153],[85.6883987,20.1500849],[85.6883584,20.1500572],[85.6882525,20.1500131],[85.6881827,20.1499892],[85.6879535,20.1499409],[85.6878341,20.1499225],[85.6876316,20.1499195],[85.6873746,20.1499306],[85.6873298,20.1499325],[85.6868738,20.1499728],[85.6866177,20.1500206],[85.6865648,20.150043],[85.6864309,20.1501342],[85.6864021,20.1501464],[85.6863724,20.1501522],[85.6863355,20.1501563],[85.6859494,20.150185],[85.6859072,20.1501833],[85.685489,20.1501367],[85.6852872,20.1501408]]}},{"type":"Feature","properties":{"id":868614091,"highway":"residential"},"geometry":{"type":"LineString","coordinates":[[85.6883557,20.1522491],[85.6882096,20.1520383],[85.6881426,20.1519897],[85.6881165,20.1519805],[85.6880708,20.1519728],[85.6879142,20.1519805],[85.6877323,20.1520279],[85.6876992,20.1520423],[85.6874644,20.1521834]]}},{"type":"Feature","properties":{"id":868614092,"highway":"residential"},"geometry":{"type":"LineString","coordinates":[[85.6877868,20.1515438],[85.6879142,20.1519805]]}},{"type":"Feature","properties":{"id":868614093,"highway":"residential"},"geometry":{"type":"LineString","coordinates":[[85.6864497,20.1520078],[85.6867001,20.1519273],[85.6867383,20.1519],[85.6867794,20.1518598],[85.6868071,20.1518364],[85.686851,20.1518147],[85.6877868,20.1515438],[85.68793,20.1515008],[85.6879619,20.1514912],[85.6880093,20.1514826],[85.6882512,20.1514707],[85.6883178,20.1514579],[85.6883518,20.1514422],[85.6883681,20.1514309],[85.6885076,20.1513339],[85.6886736,20.1512027]]}},{"type":"Feature","properties":{"id":868627701,"highway":"residential"},"geometry":{"type":"LineString","coordinates":[[85.6867173,20.1508066],[85.6858744,20.1511102]]}},{"type":"Feature","properties":{"id":868627704,"highway":"residential"},"geometry":{"type":"LineString","coordinates":[[85.688404,20.1506236],[85.6879414,20.1506601],[85.6879018,20.1506522],[85.687887,20.1506383],[85.687879,20.1506157],[85.6878683,20.1505338],[85.6878508,20.1504835],[85.687824,20.1504407],[85.6877972,20.1504105],[85.6877529,20.1503891],[85.6876827,20.1503939],[85.6875351,20.1504378],[85.6870347,20.1505864],[85.6868654,20.1506689],[85.6868441,20.1506793],[85.6867987,20.1507123],[85.6867173,20.1508066],[85.6866377,20.1509591],[85.6865626,20.1511253],[85.6864553,20.1514576],[85.6864365,20.1514855],[85.6862295,20.1516448]]}},{"type":"Feature","properties":{"id":868627705,"highway":"residential"},"geometry":{"type":"LineString","coordinates":[[85.6869293,20.1512143],[85.6871896,20.1513742],[85.6872234,20.1513841],[85.6872608,20.1513808],[85.6875457,20.1512887],[85.6877395,20.1512547],[85.6877792,20.1512547],[85.6878142,20.1512734],[85.6878446,20.1513062],[85.6878709,20.1513421],[85.68793,20.1515008]]}},{"type":"Feature","properties":{"id":868627706,"highway":"residential"},"geometry":{"type":"LineString","coordinates":[[85.6874219,20.1511002],[85.6873087,20.1510969],[85.6872686,20.1511029],[85.6872485,20.1511156],[85.6872351,20.1511331],[85.6872188,20.1511495],[85.6871909,20.151159],[85.6869823,20.1512057],[85.6869293,20.1512143],[85.6868811,20.1512075],[85.6865626,20.1511253]]}},{"type":"Feature","properties":{"id":868627707,"highway":"residential"},"geometry":{"type":"LineString","coordinates":[[85.688516,20.1508681],[85.6882932,20.1509561],[85.6882342,20.1509637],[85.6881873,20.1509637],[85.6879217,20.1509246]]}},{"type":"Feature","properties":{"id":868627708,"highway":"residential"},"geometry":{"type":"LineString","coordinates":[[85.6882932,20.1509561],[85.6883681,20.1514309]]}},{"type":"Feature","properties":{"id":868627709,"highway":"residential"},"geometry":{"type":"LineString","coordinates":[[85.6873746,20.1499306],[85.6875351,20.1504378]]}},{"type":"Feature","properties":{"id":868627710,"highway":"residential"},"geometry":{"type":"LineString","coordinates":[[85.6864021,20.1501464],[85.6864912,20.1502423],[85.6865251,20.1502654],[85.6865913,20.1503016],[85.686693,20.150371],[85.686733,20.1504144],[85.6868654,20.1506689]]}},{"type":"Feature","properties":{"id":868633981,"highway":"residential"},"geometry":{"type":"LineString","coordinates":[[85.6939889,20.1545141],[85.6939849,20.1544147],[85.6939916,20.1543819],[85.6940552,20.154025]]}},{"type":"Feature","properties":{"id":868633982,"highway":"residential"},"geometry":{"type":"LineString","coordinates":[[85.6945404,20.1538993],[85.6946865,20.1543025],[85.6947077,20.1543241],[85.6947396,20.1543357],[85.6950272,20.1543281]]}},{"type":"Feature","properties":{"id":868633984,"highway":"residential"},"geometry":{"type":"LineString","coordinates":[[85.6983729,20.1548345],[85.6975174,20.1551631],[85.6974802,20.1551729],[85.6974313,20.1551816],[85.6964896,20.1551871],[85.6964652,20.1551794],[85.6964489,20.1551631],[85.6964362,20.1551231],[85.6964209,20.1549905],[85.6963913,20.1546846],[85.6963649,20.1545834],[85.6962996,20.1544349],[85.6962908,20.154396],[85.6962947,20.154357],[85.6963066,20.15433],[85.6964207,20.15421],[85.6964662,20.154136],[85.6965109,20.1540441],[85.6965886,20.1538846],[85.6966338,20.1538084],[85.6968029,20.1536459],[85.6968296,20.1535966],[85.6968333,20.1535225]]}},{"type":"Feature","properties":{"id":868633985,"highway":"residential"},"geometry":{"type":"LineString","coordinates":[[85.6968333,20.1535225],[85.6968278,20.1534685],[85.6968032,20.153386],[85.6966811,20.1531852]]}},{"type":"Feature","properties":{"id":868633986,"highway":"residential"},"geometry":{"type":"LineString","coordinates":[[85.6965963,20.152123],[85.6969641,20.152814],[85.6970283,20.1529346]]}},{"type":"Feature","properties":{"id":868633988,"highway":"residential"},"geometry":{"type":"LineString","coordinates":[[85.698026,20.1518768],[85.6979305,20.1521154],[85.6979264,20.1521631],[85.6979305,20.1522222],[85.6979529,20.1523349],[85.6979947,20.1525457]]}},{"type":"Feature","properties":{"id":868633989,"highway":"residential"},"geometry":{"type":"LineString","coordinates":[[85.6988284,20.1521235],[85.6979529,20.1523349],[85.6976499,20.1524398],[85.6976256,20.1524646],[85.6976195,20.1524989],[85.6976679,20.1526367]]}},{"type":"Feature","properties":{"id":868633991,"highway":"residential"},"geometry":{"type":"LineString","coordinates":[[85.6984038,20.1501298],[85.6985058,20.1501652],[85.6985307,20.1501978],[85.6988169,20.1513532],[85.6988796,20.1517027],[85.6989276,20.1518919]]}},{"type":"Feature","properties":{"id":868633993,"highway":"residential"},"geometry":{"type":"LineString","coordinates":[[85.6994442,20.1537086],[85.6991023,20.153796],[85.6984134,20.1539721],[85.6983626,20.1539914],[85.6979113,20.1542963]]}},{"type":"Feature","properties":{"id":868633994,"highway":"residential"},"geometry":{"type":"LineString","coordinates":[[85.6981138,20.1545221],[85.6982536,20.1544641],[85.6982951,20.1544588],[85.698972,20.1545372],[85.6990107,20.1545347],[85.6990474,20.1545215],[85.69908,20.1544988],[85.699131,20.1544198],[85.6991608,20.154398],[85.6993354,20.1543007],[85.6994045,20.1542665],[85.6996373,20.154159],[85.6997228,20.1541402],[85.6997622,20.1541298],[85.6997905,20.1541198],[85.6998118,20.1541015],[85.6998277,20.1540667],[85.6998489,20.1539902],[85.6998666,20.1539537],[85.6998985,20.1539205],[85.7000595,20.1538258],[85.7003037,20.1537344],[85.7004311,20.1537045],[85.7004772,20.1537012],[85.7005108,20.1537128],[85.7005426,20.1537344],[85.7007072,20.1539338],[85.7009961,20.154298]]}},{"type":"Feature","properties":{"id":868633995,"highway":"residential"},"geometry":{"type":"LineString","coordinates":[[85.6985933,20.1551162],[85.6992543,20.1549374],[85.6992858,20.1549366],[85.6993149,20.1549486],[85.69935,20.1549749],[85.6994936,20.1553015]]}},{"type":"Feature","properties":{"id":868633996,"highway":"residential"},"geometry":{"type":"LineString","coordinates":[[85.6988802,20.1493513],[85.6989988,20.1496338],[85.6991354,20.1499591],[85.6992445,20.1503278],[85.6992752,20.1504423]]}},{"type":"Feature","properties":{"id":868633997,"highway":"residential"},"geometry":{"type":"LineString","coordinates":[[85.6991354,20.1499591],[85.6996359,20.149843],[85.6998648,20.149795],[85.6999688,20.1497683],[85.7000303,20.1497496],[85.7000513,20.1497386],[85.7000627,20.149718],[85.7000676,20.1496936],[85.7000435,20.1494792],[85.7000384,20.1494558],[85.7000174,20.1494394],[85.6999871,20.1494339],[85.6999426,20.1494395],[85.699817,20.1494595],[85.6997798,20.1494578],[85.6997179,20.1494462],[85.6996683,20.1494478],[85.6995126,20.1494877],[85.6994524,20.1494927],[85.6993516,20.1494977],[85.699302,20.1495077],[85.6989988,20.1496338]]}},{"type":"Feature","properties":{"id":868634001,"highway":"tertiary"},"geometry":{"type":"LineString","coordinates":[[85.6843393,20.1476748],[85.6843931,20.147603],[85.6845851,20.147347],[85.684789,20.1470872],[85.6851349,20.1465515],[85.6854375,20.1460482],[85.685464,20.1459817],[85.6855269,20.1458241],[85.6858664,20.1449325],[85.6860999,20.1444078],[85.6866247,20.1435487],[85.6866644,20.1434769],[85.6866902,20.1434121],[85.6867406,20.1431159],[85.686746,20.1430626],[85.6867612,20.1430269],[85.6867907,20.1429966],[85.6868256,20.1429733],[85.68689,20.1429525],[85.6871649,20.1429155],[85.6872326,20.1428988],[85.68748,20.1427989],[85.6875445,20.1427663],[85.6876143,20.1427086],[85.6878676,20.1424552],[85.6881681,20.1421957],[85.6884134,20.1419554],[85.688565,20.1417601],[85.6885877,20.1416959],[85.6885918,20.1416242],[85.6885737,20.1415203],[85.6884898,20.1412011],[85.6884885,20.1411596],[85.6885033,20.1411055],[85.6885368,20.1410589],[85.6885797,20.1410186],[85.688616,20.1409959],[85.6897733,20.1406333],[85.6900157,20.1405324],[85.6912425,20.1399594],[85.6915449,20.139817],[85.6916368,20.1397505],[85.6916981,20.1396876],[85.6917434,20.1396046],[85.6917447,20.1395064],[85.6917139,20.1392968],[85.6917159,20.1392146],[85.6917223,20.1391584],[85.6917474,20.1391186],[85.691793,20.1390644],[85.6918735,20.1389952],[85.6919728,20.1389342],[85.6920774,20.1389024],[85.6924355,20.1388127],[85.6924985,20.1387812],[85.6925534,20.1387378],[85.6926363,20.1386363],[85.6926735,20.1386129],[85.6927268,20.1385869],[85.6928324,20.1385685],[85.6929645,20.1385573],[85.6930278,20.1385353],[85.6930943,20.1384879],[85.6931731,20.1383578]]}},{"type":"Feature","properties":{"id":868634002,"highway":"residential"},"geometry":{"type":"LineString","coordinates":[[85.6965109,20.1540441],[85.6958885,20.1542523],[85.6956921,20.1542922],[85.6956585,20.1543121],[85.695639,20.1543453],[85.6956319,20.1544994],[85.6956226,20.1545246],[85.6956074,20.1545421],[85.695472,20.1545761],[85.6951722,20.1546622]]}},{"type":"Feature","properties":{"id":868638026,"highway":"tertiary"},"geometry":{"type":"LineString","coordinates":[[85.6931731,20.1383578],[85.6932575,20.138221]]}},{"type":"Feature","properties":{"id":868640913,"highway":"residential"},"geometry":{"type":"LineString","coordinates":[[85.6972167,20.1358244],[85.6975811,20.1362851],[85.6978949,20.1366967],[85.6979694,20.1368175],[85.6981694,20.1371758],[85.698219,20.137246],[85.698512,20.1376293],[85.6985613,20.1377164],[85.6988888,20.1384226],[85.6989301,20.1384932],[85.6991227,20.138711],[85.6991912,20.138766],[85.6992641,20.1388012],[85.6993067,20.1388057],[85.6993596,20.1388112],[85.6995118,20.1388078],[85.6996392,20.1387946],[85.699756,20.1387647],[85.6999082,20.1387015],[85.7000675,20.1386351],[85.7001489,20.1386151],[85.7002197,20.1386118],[85.7003011,20.1386284],[85.7005807,20.1387181],[85.7006904,20.1387414],[85.701016,20.1387912],[85.7012036,20.1388444],[85.7016826,20.1390034],[85.7021635,20.1391085]]}},{"type":"Feature","properties":{"id":868640916,"highway":"tertiary"},"geometry":{"type":"LineString","coordinates":[[85.6792866,20.139497],[85.6791134,20.139054],[85.6790533,20.1387422],[85.6789443,20.1382402],[85.6788607,20.1379332],[85.6787372,20.1376222],[85.6786416,20.1374212],[85.6785485,20.1372678],[85.6784785,20.1371709],[85.6782863,20.1369559],[85.6776751,20.1363695],[85.6771102,20.1357309],[85.6765042,20.1350751],[85.6763005,20.1348743],[85.6761173,20.1346508],[85.675762,20.1342173],[85.6754525,20.1338397],[85.6749878,20.1332329],[85.6749315,20.1331595],[85.6744684,20.1325325],[85.6741831,20.1321132],[85.6738334,20.1316577],[85.6734788,20.131268],[85.673059,20.1307284],[85.6730095,20.1306486],[85.6729117,20.1304246],[85.6727708,20.1300163],[85.6727008,20.1297582],[85.6725674,20.1291391],[85.6724303,20.1284774],[85.6723185,20.1274773],[85.6722916,20.1272612],[85.6722616,20.1269943],[85.6722398,20.1265764],[85.6722377,20.1265293],[85.6722249,20.1262388],[85.6721874,20.1253125],[85.6721793,20.1251632],[85.6721676,20.1250084],[85.6721742,20.1248768],[85.6721803,20.1248337],[85.6721831,20.1245989],[85.672209,20.1241482],[85.6722482,20.1238587],[85.6723257,20.1234515],[85.6724036,20.1230132],[85.6725284,20.1225063]]}},{"type":"Feature","properties":{"id":868640917,"highway":"tertiary"},"geometry":{"type":"LineString","coordinates":[[85.6793828,20.1398389],[85.6792866,20.139497]]}},{"type":"Feature","properties":{"id":868644982,"highway":"residential"},"geometry":{"type":"LineString","coordinates":[[85.6883557,20.1522491],[85.6882187,20.1522932],[85.6879914,20.1523423],[85.6879445,20.1523608],[85.687837,20.1524352],[85.6877135,20.1525214],[85.6873428,20.1527832],[85.6872495,20.1528796]]}},{"type":"Feature","properties":{"id":868656394,"highway":"residential"},"geometry":{"type":"LineString","coordinates":[[85.6771102,20.1357309],[85.6789183,20.1350099],[85.6790664,20.1349711],[85.6795419,20.1349126],[85.6796643,20.1349062],[85.6797444,20.1349142],[85.6799171,20.1349387],[85.6799759,20.1349394],[85.6800705,20.1349155],[85.6801243,20.1348833],[85.6801579,20.134836],[85.6809954,20.1333332]]}},{"type":"Feature","properties":{"id":868656399,"highway":"residential"},"geometry":{"type":"LineString","coordinates":[[85.6934522,20.1550454],[85.6935666,20.1548694],[85.69359,20.154841],[85.6936722,20.1547808]]}},{"type":"Feature","properties":{"id":868656400,"highway":"residential"},"geometry":{"type":"LineString","coordinates":[[85.6991023,20.153796],[85.6990826,20.1539063],[85.6990863,20.1539387],[85.6991063,20.1539848],[85.6993354,20.1543007]]}},{"type":"Feature","properties":{"id":868656401,"highway":"residential"},"geometry":{"type":"LineString","coordinates":[[85.6983943,20.1525224],[85.6984999,20.153054],[85.6985186,20.1530779],[85.6985491,20.1530843],[85.6988123,20.1530325],[85.6992914,20.1529788],[85.6993066,20.1530869],[85.6993193,20.1531799],[85.6993474,20.1533486],[85.6993706,20.153485],[85.6993742,20.153506],[85.6994442,20.1537086],[85.6995419,20.1537477],[85.6996223,20.1539264],[85.6996373,20.154159]]}},{"type":"Feature","properties":{"id":868656402,"highway":"residential"},"geometry":{"type":"LineString","coordinates":[[85.6989068,20.1524218],[85.6986326,20.1524861],[85.6983943,20.1525224]]}},{"type":"Feature","properties":{"id":868656403,"highway":"residential"},"geometry":{"type":"LineString","coordinates":[[85.6963015,20.1534723],[85.6963603,20.1534111],[85.6966811,20.1531852],[85.696878,20.1530282],[85.6970283,20.1529346],[85.6975949,20.1526676],[85.6976679,20.1526367],[85.6979947,20.1525457],[85.6980962,20.1525365],[85.6983943,20.1525224]]}},{"type":"Feature","properties":{"id":868666797,"highway":"residential"},"geometry":{"type":"LineString","coordinates":[[85.6882096,20.1520383],[85.6884454,20.1519425],[85.6885065,20.1519074],[85.6886493,20.1518055],[85.6887579,20.1517382]]}},{"type":"Feature","properties":{"id":868666798,"highway":"residential"},"geometry":{"type":"LineString","coordinates":[[85.6886766,20.1525997],[85.6884724,20.1523854],[85.6883557,20.1522491]]}},{"type":"Feature","properties":{"id":868666799,"highway":"residential"},"geometry":{"type":"LineString","coordinates":[[85.688643,20.153297],[85.6886709,20.153256],[85.6886887,20.1531825],[85.6886973,20.1529933],[85.6886766,20.1525997]]}},{"type":"Feature","properties":{"id":868678816,"highway":"residential"},"geometry":{"type":"LineString","coordinates":[[85.6945127,20.1715806],[85.694825,20.1715669]]}},{"type":"Feature","properties":{"id":868740611,"highway":"residential"},"geometry":{"type":"LineString","coordinates":[[85.6996599,20.1565388],[85.6995821,20.1566018],[85.6995405,20.1566408],[85.6993242,20.1569304],[85.6993811,20.1570106],[85.6993944,20.1570677],[85.699421,20.1572221],[85.6994326,20.157355],[85.6994344,20.1573759],[85.6994292,20.1577814],[85.6994459,20.1580411],[85.6994543,20.1581724],[85.6994558,20.1581956]]}},{"type":"Feature","properties":{"id":868927220,"highway":"residential"},"geometry":{"type":"LineString","coordinates":[[85.663175,20.1047968],[85.6638229,20.1049734],[85.6641054,20.1050247],[85.6642687,20.1050588],[85.6650185,20.1051973],[85.6651265,20.1052253],[85.6653502,20.10532],[85.6655117,20.1053884],[85.6655941,20.1054497],[85.6656586,20.1055435],[85.6658614,20.1059406],[85.6658925,20.1060449],[85.665915,20.106137],[85.665931,20.1064542]]}},{"type":"Feature","properties":{"id":868927606,"highway":"residential"},"geometry":{"type":"LineString","coordinates":[[85.6637692,20.1071696],[85.6632811,20.1076078],[85.6632004,20.1077263],[85.6631523,20.1078295],[85.66303,20.1082285],[85.6630201,20.1082675],[85.6630091,20.1082895],[85.6629832,20.1083055],[85.6626372,20.1083964],[85.6625527,20.1084169],[85.6624845,20.1084205],[85.6621191,20.1083763],[85.6620699,20.1083687],[85.6620239,20.1083524],[85.6617556,20.1082183]]}},{"type":"Feature","properties":{"id":868927608,"highway":"residential"},"geometry":{"type":"LineString","coordinates":[[85.663912,20.1082972],[85.6638496,20.1082476],[85.6636957,20.1080852],[85.6636602,20.108069],[85.6636112,20.1080701],[85.6631343,20.1082143],[85.66303,20.1082285],[85.6628145,20.1082603],[85.6626939,20.1082557],[85.6622349,20.1081821],[85.6621528,20.108183],[85.6617556,20.1082183],[85.6615966,20.1082325],[85.661051,20.1082827]]}},{"type":"Feature","properties":{"id":868927609,"highway":"residential"},"geometry":{"type":"LineString","coordinates":[[85.6639892,20.1088067],[85.663911,20.1085956],[85.6638884,20.1085226],[85.6638821,20.1084068],[85.6638953,20.1083478],[85.663912,20.1082972],[85.6641338,20.1080688],[85.6643271,20.1078698],[85.6644114,20.1078191],[85.6648475,20.1076315],[85.6649977,20.1075827],[85.6654007,20.1074775],[85.6657412,20.1074295]]}},{"type":"Feature","properties":{"id":868931150,"highway":"residential"},"geometry":{"type":"LineString","coordinates":[[85.6607534,20.1088072],[85.6608181,20.1088226],[85.660897,20.1088358],[85.6609824,20.1088355],[85.6611147,20.1088154],[85.66137,20.1087574],[85.6614291,20.1087547],[85.6615154,20.1087604],[85.6616109,20.1087952],[85.6619038,20.1089689],[85.6620178,20.109021],[85.6624603,20.1091795],[85.6626043,20.1091889],[85.6627607,20.1091694],[85.6632274,20.1091039],[85.6633217,20.1090875],[85.6634122,20.1090606],[85.6634901,20.1090296],[85.6636458,20.1089601],[85.6639892,20.1088067],[85.664527,20.1086397],[85.664875,20.1085511],[85.6649402,20.108534],[85.6649917,20.1085128],[85.6650497,20.1084783],[85.6652682,20.1083282],[85.665538,20.1082011]]}},{"type":"Feature","properties":{"id":868931153,"highway":"residential"},"geometry":{"type":"LineString","coordinates":[[85.6650727,20.1079756],[85.6643303,20.1082826]]}},{"type":"Feature","properties":{"id":868931156,"highway":"residential"},"geometry":{"type":"LineString","coordinates":[[85.6687017,20.1116476],[85.6684149,20.1116224],[85.6681252,20.1114965],[85.668093,20.1114612],[85.6680876,20.1110885],[85.6679535,20.1098292],[85.667857,20.1093406],[85.6678087,20.1089578],[85.6676477,20.1086304],[85.6672893,20.1077085]]}},{"type":"Feature","properties":{"id":868931157,"highway":"residential"},"geometry":{"type":"LineString","coordinates":[[85.6686509,20.1067012],[85.6680876,20.106807],[85.6675405,20.1068624],[85.6674665,20.1068683],[85.6673795,20.1068926],[85.6669924,20.1070699],[85.6666875,20.1071898],[85.6665341,20.1072464]]}},{"type":"Feature","properties":{"id":868931158,"highway":"residential"},"geometry":{"type":"LineString","coordinates":[[85.6686509,20.1067012],[85.6687314,20.1069681],[85.6688025,20.1073065],[85.6689352,20.107905],[85.6689381,20.1080174],[85.6689298,20.1081368],[85.6688852,20.1082371],[85.6688319,20.108305],[85.6687464,20.1083641],[85.6686449,20.1085338],[85.6686124,20.1085699],[85.6685654,20.1086052],[85.6678087,20.1089578]]}},{"type":"Feature","properties":{"id":868931160,"highway":"residential"},"geometry":{"type":"LineString","coordinates":[[85.6682182,20.1073631],[85.6682011,20.1072192],[85.6680876,20.106807]]}},{"type":"Feature","properties":{"id":868931161,"highway":"residential"},"geometry":{"type":"LineString","coordinates":[[85.6682707,20.1074057],[85.6688025,20.1073065],[85.6692142,20.1072956],[85.6698225,20.1072754],[85.6699015,20.1072832],[85.6699679,20.1073164],[85.6700793,20.1073789],[85.6705034,20.1075108],[85.6706516,20.1075388],[85.6707611,20.1075424],[85.6708686,20.1075275],[85.6711829,20.1074316],[85.6712795,20.1074316],[85.6714511,20.1074719],[85.6715469,20.1074844],[85.6718368,20.1074767],[85.6720727,20.1074657]]}},{"type":"Feature","properties":{"id":868931162,"highway":"residential"},"geometry":{"type":"LineString","coordinates":[[85.6718368,20.1074767],[85.6711574,20.1080286],[85.6710861,20.1080762],[85.6710223,20.1080938],[85.6709604,20.1080991],[85.6709028,20.1080787],[85.6703652,20.1076616],[85.6701918,20.1075271],[85.6701533,20.1074877],[85.6700793,20.1073789]]}},{"type":"Feature","properties":{"id":868931164,"highway":"residential"},"geometry":{"type":"LineString","coordinates":[[85.669122,20.1083851],[85.6700549,20.1083367],[85.6701416,20.1083088],[85.6702133,20.10826],[85.6703074,20.108174],[85.6703842,20.108081],[85.6704139,20.1079973],[85.6704139,20.1079322],[85.6703652,20.1076616]]}},{"type":"Feature","properties":{"id":868931168,"highway":"residential"},"geometry":{"type":"LineString","coordinates":[[85.6732482,20.1054268],[85.6731178,20.1055028],[85.6730658,20.1055175],[85.6725611,20.1055783],[85.672406,20.1055961],[85.6715787,20.1056381],[85.671334,20.1056462]]}},{"type":"Feature","properties":{"id":868931171,"highway":"residential"},"geometry":{"type":"LineString","coordinates":[[85.6678623,20.1048223],[85.6672014,20.1050684],[85.6671606,20.1050726],[85.6671094,20.1050555],[85.6670358,20.1049917],[85.6669933,20.1049785],[85.666944,20.1049854],[85.6668914,20.1050137],[85.6667304,20.1051145],[85.6660529,20.1056535]]}},{"type":"Feature","properties":{"id":869020938,"highway":"residential"},"geometry":{"type":"LineString","coordinates":[[85.6801161,20.1142023],[85.680128,20.1141549],[85.6801495,20.1141209],[85.6801911,20.1140819],[85.6803617,20.1139688],[85.6805906,20.1138044],[85.6806216,20.113773]]}},{"type":"Feature","properties":{"id":869020939,"highway":"residential"},"geometry":{"type":"LineString","coordinates":[[85.6779729,20.1173788],[85.6778944,20.1176114],[85.677883,20.1176676],[85.6778749,20.1177194],[85.6778697,20.1178357]]}},{"type":"Feature","properties":{"id":869026011,"highway":"residential"},"geometry":{"type":"LineString","coordinates":[[85.6896185,20.1680379],[85.6896083,20.1682478],[85.6896185,20.1682955],[85.6896774,20.1683622],[85.6896855,20.1683966],[85.6897046,20.16856]]}},{"type":"Feature","properties":{"id":869026012,"highway":"residential"},"geometry":{"type":"LineString","coordinates":[[85.6827763,20.1607488],[85.6828799,20.1608919],[85.6828982,20.1609491],[85.6828901,20.1610006],[85.6828596,20.1610656]]}},{"type":"Feature","properties":{"id":869026013,"highway":"residential"},"geometry":{"type":"LineString","coordinates":[[85.6773062,20.1707321],[85.6774586,20.1708084],[85.6776375,20.1708618],[85.6777331,20.1708828],[85.6781132,20.1709362],[85.6782311,20.1709591],[85.6784343,20.1710088],[85.6784913,20.1710145],[85.6785712,20.1710108]]}},{"type":"Feature","properties":{"id":869026014,"highway":"residential"},"geometry":{"type":"LineString","coordinates":[[85.6776389,20.1606216],[85.677397,20.1606571],[85.6773153,20.1606759],[85.6772737,20.1606759],[85.6771967,20.1606614],[85.6771397,20.1606571],[85.6768069,20.1606677]]}},{"type":"Feature","properties":{"id":869031632,"highway":"residential"},"geometry":{"type":"LineString","coordinates":[[85.6912283,20.1741073],[85.6910719,20.1741227],[85.6910393,20.1741341],[85.6910312,20.1741666],[85.6910617,20.1744413],[85.6910617,20.1745482],[85.6910639,20.1748575]]}},{"type":"Feature","properties":{"id":869031633,"highway":"residential"},"geometry":{"type":"LineString","coordinates":[[85.690206,20.1626187],[85.6902915,20.1629262],[85.6903178,20.1629605],[85.6903584,20.1629776],[85.6904415,20.1629909],[85.6908257,20.1629771],[85.690838,20.1629767]]}},{"type":"Feature","properties":{"id":869076611,"highway":"residential"},"geometry":{"type":"LineString","coordinates":[[85.6650497,20.1084783],[85.665259,20.1090257],[85.6653021,20.1091027],[85.6658492,20.109982]]}},{"type":"Feature","properties":{"id":869076612,"highway":"residential"},"geometry":{"type":"LineString","coordinates":[[85.6711796,20.1053917],[85.6697738,20.1060172],[85.6697399,20.1060463],[85.6697089,20.1060957],[85.6695049,20.1064879],[85.6694747,20.1065459],[85.6694289,20.1066512],[85.6692142,20.1072956],[85.669122,20.1083851],[85.6690453,20.108721],[85.6689325,20.109037],[85.6688265,20.1093515],[85.6687393,20.1096226],[85.6687112,20.109741],[85.6686878,20.1098964],[85.6686817,20.1100357],[85.6686898,20.1101377],[85.6687421,20.1103896],[85.6687836,20.1107409],[85.6687716,20.1110394],[85.6687622,20.1111829],[85.6687608,20.1112403],[85.6687702,20.1114312],[85.6687635,20.1115003],[85.6687495,20.1115439],[85.6687017,20.1116476],[85.6686562,20.1117748],[85.6686432,20.1118673],[85.6686388,20.1120078],[85.6686388,20.112198],[85.6686304,20.1122497],[85.6685458,20.1124786],[85.6685181,20.1125178],[85.6684309,20.112611],[85.668243,20.1127529],[85.6681489,20.1128081],[85.6678312,20.1129568],[85.6677497,20.1129825],[85.6672555,20.1131336],[85.6667839,20.1132206],[85.6666128,20.1132309],[85.6659534,20.1132787],[85.6658421,20.1132711],[85.6657389,20.113251],[85.6653311,20.1130897],[85.6652606,20.113053],[85.6650078,20.1128976],[85.6647088,20.112712],[85.6646812,20.1126752],[85.6646659,20.1126419],[85.6646211,20.1121578],[85.6646168,20.112111],[85.6646243,20.1120627],[85.6647616,20.1116124],[85.6647793,20.1115279],[85.6647992,20.1113353],[85.664833,20.1105131],[85.6648432,20.1104418],[85.6648776,20.110392],[85.6649467,20.1103392],[85.6654626,20.1100301],[85.665526,20.1100083],[85.6655824,20.1099954],[85.6658492,20.109982],[85.6663334,20.1098846],[85.6666152,20.1098226]]}},{"type":"Feature","properties":{"id":869076613,"highway":"residential"},"geometry":{"type":"LineString","coordinates":[[85.665538,20.1082011],[85.6657822,20.1087986],[85.6658466,20.1088817],[85.6659271,20.1089472],[85.6662465,20.1090934],[85.6662921,20.1091236],[85.6663557,20.1092309],[85.6665476,20.1096351],[85.6666152,20.1098226],[85.6667626,20.1102473],[85.6671971,20.11129],[85.6672551,20.1113858],[85.6672928,20.1114338],[85.6673421,20.1114534],[85.6674107,20.1114645],[85.6675054,20.1114745],[85.6676286,20.1115011],[85.6676837,20.1115061],[85.668093,20.1114612]]}},{"type":"Feature","properties":{"id":869076614,"highway":"residential"},"geometry":{"type":"LineString","coordinates":[[85.6697001,20.1092537],[85.6694562,20.1093179],[85.6693804,20.1093255],[85.6688265,20.1093515],[85.667857,20.1093406],[85.6675404,20.1093054],[85.6674025,20.1093225],[85.6672776,20.1093557],[85.6670553,20.1094408],[85.6665476,20.1096351]]}},{"type":"Feature","properties":{"id":869087640,"highway":"residential"},"geometry":{"type":"LineString","coordinates":[[85.6697146,20.1030826],[85.6702346,20.1029158],[85.6712633,20.1025858],[85.6714102,20.1025242],[85.6723002,20.1021073],[85.672406,20.1021023],[85.6725525,20.1021022],[85.6726163,20.1021192],[85.6729174,20.1022526],[85.673008,20.1023069],[85.6730712,20.1023692],[85.6733541,20.1027131]]}},{"type":"Feature","properties":{"id":869101523,"highway":"residential"},"geometry":{"type":"LineString","coordinates":[[85.6630959,20.101503],[85.6630083,20.1012502],[85.6629001,20.1010395],[85.662469,20.100297],[85.6624334,20.1002134],[85.6621812,20.0994159],[85.6621666,20.0993381],[85.6621493,20.0989959],[85.662137,20.0987512]]}},{"type":"Feature","properties":{"id":869101524,"highway":"residential"},"geometry":{"type":"LineString","coordinates":[[85.6630445,20.104754],[85.6630755,20.104615],[85.6630807,20.1045595],[85.6630208,20.1033742],[85.6630343,20.1033012],[85.663104,20.1030695],[85.6631255,20.1028932],[85.6631255,20.1026967],[85.6630772,20.102319],[85.6630289,20.101858],[85.6630396,20.1017649],[85.6630959,20.101503],[85.6633048,20.101053],[85.6633186,20.1009791],[85.6633239,20.1008834],[85.6633186,20.1008431],[85.6632864,20.1006466],[85.6632895,20.1005905],[85.6633455,20.1003091]]}},{"type":"Feature","properties":{"id":869101526,"highway":"residential"},"geometry":{"type":"LineString","coordinates":[[85.6648812,20.1070997],[85.6647526,20.1066727],[85.6647261,20.1064904],[85.6647073,20.1064324],[85.6646026,20.1062661],[85.6645543,20.1061804],[85.6645275,20.1061199],[85.6643905,20.1055001],[85.6643585,20.1054169],[85.6643324,20.1053764],[85.6641054,20.1050247],[85.6637288,20.1044314],[85.6635757,20.1041901]]}},{"type":"Feature","properties":{"id":869101527,"highway":"residential"},"geometry":{"type":"LineString","coordinates":[[85.6637288,20.1044314],[85.6637936,20.1041883],[85.663817,20.10414],[85.6638684,20.1040918],[85.664468,20.1032948]]}},{"type":"Feature","properties":{"id":869101528,"highway":"residential"},"geometry":{"type":"LineString","coordinates":[[85.6686509,20.1067012],[85.6686563,20.1066256],[85.6685651,20.1062478],[85.6684095,20.1058751],[85.6682539,20.1055527],[85.6678623,20.1048223],[85.6676959,20.1044924],[85.667637,20.1044194],[85.6671274,20.1038905],[85.6667894,20.1034529],[85.6665641,20.103145],[85.6664572,20.1029917]]}},{"type":"Feature","properties":{"id":869101529,"highway":"residential"},"geometry":{"type":"LineString","coordinates":[[85.665075,20.1019814],[85.6654511,20.1022483],[85.6661286,20.1027502],[85.6663169,20.1028937],[85.6664572,20.1029917],[85.6672561,20.1032658],[85.6674202,20.1033151],[85.6676209,20.1033414],[85.6678354,20.1033313],[85.6682378,20.1032608],[85.6683987,20.1032205],[85.6686348,20.1031349],[85.6688976,20.1029838],[85.6692046,20.1027416],[85.6692527,20.1027137],[85.6693271,20.1027088],[85.6693948,20.1027294],[85.6695319,20.1028054]]}},{"type":"Feature","properties":{"id":869101530,"highway":"residential"},"geometry":{"type":"LineString","coordinates":[[85.6709424,20.1043679],[85.6707761,20.1040266],[85.6702346,20.1029158]]}},{"type":"Feature","properties":{"id":869101531,"highway":"residential"},"geometry":{"type":"LineString","coordinates":[[85.6704123,20.1041918],[85.6707761,20.1040266]]}},{"type":"Feature","properties":{"id":869101532,"highway":"residential"},"geometry":{"type":"LineString","coordinates":[[85.6710511,20.1062438],[85.6715185,20.1059502]]}},{"type":"Feature","properties":{"id":869117392,"highway":"residential"},"geometry":{"type":"LineString","coordinates":[[85.664527,20.1086397],[85.6643904,20.1083724],[85.6643303,20.1082826],[85.6641338,20.1080688],[85.6641011,20.1080327],[85.6640786,20.1079869],[85.6639942,20.1077014],[85.6639679,20.1075922],[85.6637692,20.1071696],[85.6636105,20.1067883],[85.6635777,20.1066759],[85.6635123,20.1063599],[85.6634777,20.1059826],[85.6634937,20.1059205],[85.6635207,20.1058714],[85.6635587,20.1058275],[85.6636849,20.1056759],[85.6637049,20.1056283],[85.6638014,20.1052253],[85.6638229,20.1049734]]}},{"type":"Feature","properties":{"id":869117393,"highway":"residential"},"geometry":{"type":"LineString","coordinates":[[85.6635123,20.1063599],[85.6633775,20.1063927],[85.6633302,20.1063887],[85.6632887,20.1063756],[85.6630719,20.1061773],[85.6627935,20.105993],[85.66276,20.1059645],[85.6627422,20.105929],[85.662698,20.1057216],[85.6626747,20.105662],[85.6626286,20.1055997]]}},{"type":"Feature","properties":{"id":869117394,"highway":"residential"},"geometry":{"type":"LineString","coordinates":[[85.6648432,20.1104418],[85.6647503,20.1104269],[85.6638757,20.1102863],[85.6638232,20.1102694],[85.6637606,20.1102322],[85.6637008,20.1101503],[85.663662,20.110076],[85.6636459,20.1100068],[85.6636389,20.109962],[85.6636458,20.109789],[85.6636458,20.1089601]]}},{"type":"Feature","properties":{"id":869117408,"highway":"residential"},"geometry":{"type":"LineString","coordinates":[[85.6652682,20.1083282],[85.6650727,20.1079756],[85.6650318,20.1079131],[85.6648475,20.1076315],[85.6646961,20.1072652],[85.6646924,20.1072263],[85.6647112,20.107198],[85.6648812,20.1070997],[85.665118,20.1069627],[85.6651726,20.1069486],[85.6654532,20.1069274],[85.6655474,20.1069433],[85.6656152,20.1069751],[85.665827,20.1071147]]}},{"type":"Feature","properties":{"id":869117409,"highway":"residential"},"geometry":{"type":"LineString","coordinates":[[85.6649977,20.1075827],[85.6650318,20.1079131]]}},{"type":"Feature","properties":{"id":869117411,"highway":"residential"},"geometry":{"type":"LineString","coordinates":[[85.6662921,20.1091236],[85.6667221,20.1090018],[85.6667675,20.1089977],[85.666813,20.109016],[85.6668519,20.1090627],[85.6670553,20.1094408]]}},{"type":"Feature","properties":{"id":869117414,"highway":"residential"},"geometry":{"type":"LineString","coordinates":[[85.6655941,20.1054497],[85.6657706,20.1053222]]}},{"type":"Feature","properties":{"id":869126353,"highway":"residential"},"geometry":{"type":"LineString","coordinates":[[85.6653502,20.10532],[85.6653892,20.1054749],[85.665393,20.1055527],[85.6653817,20.1058162],[85.6653723,20.1058852],[85.6653422,20.1059754],[85.6652197,20.106299],[85.6652065,20.1063503],[85.6652047,20.1064016],[85.6652643,20.1066064]]}},{"type":"Feature","properties":{"id":869126359,"highway":"residential"},"geometry":{"type":"LineString","coordinates":[[85.6712433,20.1054967],[85.6715936,20.1053049],[85.671638,20.1052679],[85.6716686,20.105218],[85.6717796,20.1046996],[85.6717944,20.1046612],[85.6718461,20.104574],[85.6718899,20.1045258],[85.67195,20.1044899],[85.6737799,20.1043743],[85.6738115,20.1043627],[85.6738296,20.1043429],[85.6739402,20.104092],[85.673951,20.1040164],[85.6738812,20.1034019]]}},{"type":"Feature","properties":{"id":869126360,"highway":"residential"},"geometry":{"type":"LineString","coordinates":[[85.670702,20.1085619],[85.6706944,20.1082612],[85.6707038,20.1082241],[85.6707189,20.1082011],[85.6709604,20.1080991]]}},{"type":"Feature","properties":{"id":869131652,"highway":"residential"},"geometry":{"type":"LineString","coordinates":[[85.6674898,20.1075852],[85.6672571,20.107516],[85.6672104,20.1074874],[85.667176,20.1074496],[85.6669924,20.1070699],[85.6667779,20.1065511],[85.6671274,20.1064392],[85.667597,20.1063074],[85.6676952,20.106266],[85.6684095,20.1058751]]}},{"type":"Feature","properties":{"id":870009059,"highway":"unclassified"},"geometry":{"type":"LineString","coordinates":[[85.6823433,20.1181925],[85.6827006,20.1182231],[85.6831133,20.118297],[85.683629,20.1184002],[85.6849342,20.118727],[85.6854031,20.1187513],[85.685495,20.1187472],[85.6857301,20.1187158],[85.6858097,20.1187134],[85.685919,20.1187164],[85.6862434,20.118768],[85.6863199,20.1187718],[85.6864212,20.1187649],[85.6866378,20.1187152],[85.686729,20.1186875],[85.6868872,20.1186296],[85.6869757,20.1185969],[85.6870696,20.1185503],[85.6871608,20.1184848],[85.6874773,20.1181258],[85.6875296,20.1180856],[85.6875752,20.1180655],[85.6876433,20.1180376],[85.6878436,20.1179833],[85.6881077,20.1179238],[85.6884291,20.1178743],[85.6885025,20.1178594],[85.6885898,20.1178289],[85.6887405,20.1177569],[85.6888012,20.1177089],[85.6899555,20.1167949],[85.6905442,20.1163275],[85.6906308,20.1162674],[85.6915383,20.1156378],[85.6915708,20.1156169],[85.6929401,20.1147336],[85.6930253,20.1146895],[85.6933479,20.1145798],[85.6936009,20.1145203],[85.6941041,20.114402],[85.6941641,20.1143879],[85.6949478,20.114135],[85.6956118,20.1139495],[85.6964386,20.1138287],[85.6969365,20.1137797],[85.6973397,20.113715],[85.6978118,20.1136935],[85.6979206,20.113679],[85.6980521,20.1136561],[85.6981641,20.1136154],[85.6983842,20.1135127],[85.6988672,20.1132138],[85.6993114,20.1129937],[85.699399,20.1129373],[85.6996882,20.1126885],[85.6998739,20.1125434],[85.7001009,20.1123922],[85.7003385,20.1122521],[85.7004586,20.1122104],[85.7005233,20.1122035],[85.7005959,20.1122207]]}},{"type":"Feature","properties":{"id":870641066,"highway":"residential"},"geometry":{"type":"LineString","coordinates":[[85.6354384,20.1014518],[85.6353499,20.1015424]]}},{"type":"Feature","properties":{"id":870641067,"highway":"residential"},"geometry":{"type":"LineString","coordinates":[[85.6353499,20.1015424],[85.6353163,20.1015835],[85.6350652,20.1018557],[85.6348609,20.102087],[85.6345242,20.1026004],[85.6344956,20.1026564],[85.6344258,20.1028327],[85.634404,20.1029212],[85.6343883,20.103004],[85.6343825,20.103169],[85.6343985,20.103332],[85.6344166,20.1034052],[85.6345316,20.1037453],[85.634549,20.1038337],[85.6345536,20.1039356],[85.634517,20.1042179],[85.6344165,20.104704],[85.6343078,20.1050138],[85.633555,20.1066553],[85.6335127,20.1067329],[85.6333406,20.1070065]]}},{"type":"Feature","properties":{"id":870641069,"highway":"unclassified"},"geometry":{"type":"LineString","coordinates":[[85.6437182,20.1072119],[85.6437618,20.1071457]]}},{"type":"Feature","properties":{"id":870641070,"highway":"unclassified"},"geometry":{"type":"LineString","coordinates":[[85.6435682,20.1073961],[85.6436318,20.1073189],[85.6436562,20.1072927],[85.6437182,20.1072119]]}},{"type":"Feature","properties":{"id":870641071,"highway":"unclassified"},"geometry":{"type":"LineString","coordinates":[[85.643363,20.1076328],[85.6435682,20.1073961]]}},{"type":"Feature","properties":{"id":870641072,"highway":"unclassified"},"geometry":{"type":"LineString","coordinates":[[85.6128664,20.1163161],[85.6130218,20.1162431],[85.6130832,20.116228],[85.613268,20.1162064],[85.6135047,20.1162063],[85.613695,20.1161825],[85.6137461,20.1161761],[85.6144864,20.1159846],[85.6147171,20.1159343],[85.6148364,20.1158927],[85.6151891,20.1157479],[85.6159831,20.1153903],[85.6201029,20.1135114],[85.6212003,20.1130215],[85.6249631,20.1113204],[85.6266958,20.1105145],[85.6274951,20.1101116],[85.6275794,20.1100714],[85.6277526,20.1099806],[85.6286323,20.1095374],[85.6298983,20.1089329],[85.6308415,20.1084274],[85.6318295,20.1078627],[85.6333406,20.1070065],[85.6338465,20.1067198],[85.6360808,20.1054503],[85.6362216,20.1053786],[85.6363973,20.1053093],[85.6366362,20.105259],[85.636864,20.1052111],[85.6373644,20.1051464],[85.6376343,20.1051125],[85.6382588,20.1049617],[85.6386908,20.1048335],[85.6387764,20.1048081],[85.6389669,20.1047703],[85.6390528,20.1047663],[85.6391144,20.1047929],[85.6394792,20.1050448],[85.640393,20.1058135],[85.6404576,20.1058817],[85.640521,20.1059586],[85.6405751,20.1060202],[85.6406399,20.1060852],[85.6409064,20.1062904],[85.6415391,20.1067777],[85.6419659,20.1070838],[85.642592,20.1075329],[85.6430801,20.1078463],[85.6431098,20.107858],[85.6431501,20.1078592],[85.6431791,20.1078458],[85.6432108,20.1078187],[85.643363,20.1076328]]}},{"type":"Feature","properties":{"id":872851767,"highway":"residential"},"geometry":{"type":"LineString","coordinates":[[85.6550663,20.1915717],[85.6551773,20.1925449],[85.6552788,20.1933334],[85.655366,20.1940331],[85.6553761,20.1941102],[85.6553961,20.194169],[85.655429,20.1942171],[85.6554911,20.1942358],[85.6556304,20.1942189],[85.6558247,20.1941977],[85.6558725,20.1942091],[85.655898,20.194244],[85.6559175,20.194297],[85.6559265,20.1945504],[85.6559187,20.1945929],[85.6559022,20.1946196],[85.6558728,20.1946323],[85.6558303,20.1946323],[85.6556889,20.1946276],[85.6556124,20.1946361],[85.6555605,20.1946677],[85.655521,20.1947221],[85.6554848,20.1948043],[85.6553149,20.1952663]]}},{"type":"Feature","properties":{"id":872851770,"highway":"residential"},"geometry":{"type":"LineString","coordinates":[[85.6548534,20.1905332],[85.6549204,20.1915865]]}},{"type":"Feature","properties":{"id":872851771,"highway":"residential"},"geometry":{"type":"LineString","coordinates":[[85.6541817,20.1916614],[85.6549204,20.1915865],[85.6550663,20.1915717],[85.656068,20.1914942]]}},{"type":"Feature","properties":{"id":872851772,"highway":"unclassified"},"geometry":{"type":"LineString","coordinates":[[85.6524446,20.1722811],[85.6524871,20.1723354],[85.6532367,20.1731122],[85.6540048,20.1740654],[85.6542874,20.174478],[85.6546102,20.1750047],[85.6554408,20.1763059],[85.6559711,20.1771352],[85.6560649,20.1772641],[85.6561084,20.1773113],[85.6561453,20.1773396],[85.6561955,20.1773584],[85.6562558,20.1773679],[85.6571804,20.1773962],[85.657837,20.1774213],[85.6579777,20.1774339],[85.6580414,20.1774433],[85.6580916,20.1774653],[85.6581251,20.1774999],[85.6581498,20.1775573],[85.6581586,20.1776386],[85.6581504,20.1778213],[85.658146,20.1781499],[85.658147,20.1783036],[85.6581473,20.1783457],[85.6581516,20.1785067],[85.6581608,20.1786578],[85.6581721,20.1788533],[85.6581857,20.1789437],[85.6582215,20.1791707],[85.6582677,20.1793648],[85.6583253,20.1795359],[85.6583732,20.1796905],[85.6583834,20.1797235],[85.6584939,20.1800997],[85.6587847,20.1810091]]}},{"type":"Feature","properties":{"id":872851773,"highway":"residential"},"geometry":{"type":"LineString","coordinates":[[85.6588323,20.180978],[85.6590654,20.1816055],[85.6593782,20.1824469]]}},{"type":"Feature","properties":{"id":872851774,"highway":"residential"},"geometry":{"type":"LineString","coordinates":[[85.6583256,20.1827061],[85.6586974,20.1826255],[85.6588368,20.1825953],[85.6589155,20.1825685],[85.6589548,20.1825383],[85.6589798,20.182498],[85.6589905,20.1824511],[85.6589834,20.1824108],[85.658894,20.1821189],[85.6588833,20.1820619],[85.6588833,20.1820115],[85.658894,20.1819511],[85.6589119,20.1818974],[85.6589548,20.1818001],[85.6590654,20.1816055]]}},{"type":"Feature","properties":{"id":872851775,"highway":"residential"},"geometry":{"type":"LineString","coordinates":[[85.6610628,20.1821499],[85.6610786,20.1820675],[85.6610879,20.181905],[85.6610796,20.1817604],[85.6610439,20.1814399],[85.6610289,20.1813353],[85.6610287,20.1812209],[85.6610253,20.1811132],[85.6610083,20.1810005],[85.6609726,20.1809049],[85.6609012,20.1807472],[85.660623,20.1801716],[85.6605404,20.1799904],[85.6604699,20.1798634]]}},{"type":"Feature","properties":{"id":872851776,"highway":"residential"},"geometry":{"type":"LineString","coordinates":[[85.661537,20.1791396],[85.6622091,20.1800074],[85.6623284,20.180142],[85.6624361,20.1802328],[85.6626091,20.180333],[85.66302,20.1805262],[85.6632085,20.1806168],[85.6633628,20.1807089],[85.6634426,20.180768],[85.6635193,20.1808446],[85.6635819,20.1809517],[85.663642,20.1810825],[85.6637291,20.1812795],[85.6638701,20.1816504]]}},{"type":"Feature","properties":{"id":872851777,"highway":"residential"},"geometry":{"type":"LineString","coordinates":[[85.6635266,20.1817992],[85.6638701,20.1816504],[85.6640717,20.1816168],[85.6642666,20.1815886],[85.6644924,20.1815711],[85.6646842,20.1815603]]}},{"type":"Feature","properties":{"id":872851778,"highway":"residential"},"geometry":{"type":"LineString","coordinates":[[85.665732,20.1820355],[85.6650686,20.1822399],[85.6649829,20.1822519],[85.6649199,20.1822507],[85.6648671,20.1822327],[85.664823,20.1821953],[85.6647762,20.1821124],[85.6647294,20.1819991],[85.6647095,20.1819071],[85.6646842,20.1815603],[85.6646664,20.1812526]]}},{"type":"Feature","properties":{"id":872851779,"highway":"residential"},"geometry":{"type":"LineString","coordinates":[[85.6657974,20.1799261],[85.665797,20.1802288],[85.6657865,20.1802935],[85.6657772,20.1803406],[85.6657562,20.1803954],[85.6657387,20.180448],[85.6657433,20.1805072],[85.6657375,20.1807219],[85.6657293,20.1808129],[85.6657188,20.1808765],[85.6656931,20.180928],[85.6656499,20.1809597],[85.6649567,20.1811668],[85.6646664,20.1812526],[85.664433,20.181305],[85.6643733,20.1812968],[85.6643299,20.1812754],[85.664308,20.1812412],[85.6642918,20.1811917],[85.6642743,20.1810334]]}},{"type":"Feature","properties":{"id":872851780,"highway":"residential"},"geometry":{"type":"LineString","coordinates":[[85.6679546,20.1797744],[85.6672419,20.1797816],[85.6670893,20.1797963],[85.6669581,20.1798143],[85.6668337,20.1798475],[85.6666768,20.1798997],[85.666334,20.1800303],[85.6662059,20.1800597],[85.6661175,20.1800635],[85.6660283,20.1800465],[85.665926,20.1800006],[85.6657974,20.1799261],[85.6657214,20.1798854],[85.6656314,20.1798828],[85.665552,20.1798956],[85.6654703,20.1799298],[85.6653403,20.1800039],[85.6652242,20.1800811],[85.665138,20.1801362],[85.6650438,20.180163],[85.664871,20.1801816],[85.6645456,20.1802252],[85.6642952,20.1802851],[85.6641466,20.1803457],[85.6639978,20.1804382],[85.6638506,20.1805588],[85.6635193,20.1808446]]}},{"type":"Feature","properties":{"id":872851781,"highway":"residential"},"geometry":{"type":"LineString","coordinates":[[85.6655395,20.1791142],[85.6653045,20.1791317],[85.6650791,20.1791364],[85.6649075,20.1791121],[85.6647949,20.1790693],[85.6646919,20.1790084],[85.6646013,20.1789415],[85.6645203,20.1788473],[85.6644114,20.1786332],[85.6639629,20.1774449]]}},{"type":"Feature","properties":{"id":872851782,"highway":"residential"},"geometry":{"type":"LineString","coordinates":[[85.6669398,20.1812838],[85.6668931,20.1803206],[85.666872,20.1802053],[85.6668504,20.1801383],[85.6667753,20.1800273],[85.6666768,20.1798997],[85.6665426,20.1797235],[85.6663734,20.1794845],[85.6662862,20.1793423],[85.6662101,20.179167],[85.6661725,20.1790235],[85.6661028,20.1787616],[85.6660679,20.1785377],[85.6660196,20.1781799],[85.6659805,20.177822],[85.6659874,20.1775052],[85.6659743,20.1772077],[85.6659595,20.1768259],[85.6659316,20.176574],[85.6658923,20.176329],[85.6658474,20.1761497]]}},{"type":"Feature","properties":{"id":872851783,"highway":"residential"},"geometry":{"type":"LineString","coordinates":[[85.6653603,20.1784076],[85.6653162,20.1783668],[85.6652711,20.1783405],[85.6652203,20.1783275],[85.6651627,20.17832],[85.6650522,20.1783288],[85.6649886,20.1783169],[85.6649226,20.1782782],[85.6648684,20.1782191],[85.664826,20.1781523],[85.6647816,20.1780541],[85.6643701,20.1771597]]}},{"type":"Feature","properties":{"id":872851784,"highway":"residential"},"geometry":{"type":"LineString","coordinates":[[85.6644114,20.1786332],[85.6653603,20.1784076],[85.6655524,20.1783699]]}},{"type":"Feature","properties":{"id":872851785,"highway":"residential"},"geometry":{"type":"LineString","coordinates":[[85.6659805,20.177822],[85.6658013,20.1780336],[85.6656561,20.1781965],[85.6655966,20.1782754],[85.6655524,20.1783699],[85.6655181,20.1784827],[85.6655052,20.1786035],[85.6655154,20.1788387],[85.6655395,20.1791142],[85.6656314,20.1798828]]}},{"type":"Feature","properties":{"id":872851786,"highway":"residential"},"geometry":{"type":"LineString","coordinates":[[85.6655154,20.1788387],[85.6661028,20.1787616],[85.6671475,20.1786662],[85.6672454,20.1786674],[85.6673151,20.1786861],[85.6673605,20.1787254],[85.6673962,20.1787899],[85.6674303,20.178923],[85.6675136,20.179248]]}},{"type":"Feature","properties":{"id":872851789,"highway":"residential"},"geometry":{"type":"LineString","coordinates":[[85.6653464,20.1828654],[85.6657852,20.1826771],[85.6659794,20.1825885],[85.6661564,20.1825029],[85.6663376,20.1824379],[85.6665294,20.1823987],[85.6667223,20.1823644],[85.6668785,20.18231],[85.667002,20.1822407],[85.6671327,20.1821199],[85.6672405,20.1819669],[85.6673581,20.1817627],[85.6675055,20.1815044],[85.6676672,20.1812162],[85.667718,20.1811258],[85.6678307,20.1809181],[85.6678607,20.1808503],[85.6678892,20.1807859],[85.6679066,20.180707],[85.6679196,20.1805822],[85.6679546,20.1797744],[85.6679766,20.1794304]]}},{"type":"Feature","properties":{"id":872851790,"highway":"residential"},"geometry":{"type":"LineString","coordinates":[[85.6676672,20.1812162],[85.6675087,20.1812576],[85.6673649,20.1812866],[85.667218,20.1812972],[85.6671133,20.181297],[85.6669398,20.1812838],[85.6667895,20.1812682],[85.6666044,20.181249],[85.6664548,20.1812483],[85.6662745,20.1812645],[85.6660256,20.1813056],[85.6658599,20.1813426],[85.6657043,20.1813958],[85.6656105,20.1814473],[85.6654745,20.1815433],[85.6653546,20.1816511],[85.6652758,20.1817655],[85.6652226,20.1818664],[85.6651804,20.1819668],[85.6651381,20.1820671],[85.6650686,20.1822399]]}},{"type":"Feature","properties":{"id":872851791,"highway":"residential"},"geometry":{"type":"LineString","coordinates":[[85.6687692,20.1816275],[85.6687561,20.1812065],[85.6687502,20.181126],[85.6687384,20.1810594],[85.6687236,20.1810178],[85.6687029,20.1809872],[85.6686822,20.1809678],[85.6686408,20.1809512],[85.668583,20.1809443],[85.6682982,20.1809501],[85.6681229,20.1809531],[85.6679814,20.1809493],[85.6679084,20.1809387],[85.6678307,20.1809181],[85.6677853,20.1808898],[85.6677398,20.1808529],[85.6676909,20.1807977],[85.6676424,20.1807243],[85.6674226,20.1803075],[85.6673688,20.1802366],[85.6672977,20.1801859],[85.6672115,20.1801644],[85.6670516,20.1801448],[85.6668504,20.1801383]]}},{"type":"Feature","properties":{"id":872930010,"highway":"residential"},"geometry":{"type":"LineString","coordinates":[[85.6581721,20.1788533],[85.6578657,20.1789183],[85.6574948,20.1789995],[85.6570089,20.1791081]]}},{"type":"Feature","properties":{"id":872930011,"highway":"residential"},"geometry":{"type":"LineString","coordinates":[[85.6576105,20.1791814],[85.6577092,20.1795268],[85.6577433,20.1796371],[85.6577812,20.1796906],[85.6578192,20.179719],[85.6578533,20.1797297],[85.6579026,20.1797404],[85.6579747,20.179744],[85.6580771,20.1797368],[85.6583732,20.1796905]]}},{"type":"Feature","properties":{"id":872930012,"highway":"residential"},"geometry":{"type":"LineString","coordinates":[[85.6560303,20.1791754],[85.6565113,20.1790827],[85.6566101,20.1790626],[85.6566745,20.1790505],[85.6567089,20.1790343],[85.6567389,20.1790061],[85.6567647,20.1789618],[85.6567862,20.1788771],[85.6568034,20.1788126],[85.6568248,20.1787763],[85.6568678,20.1787441],[85.6569709,20.1787118],[85.6581516,20.1785067]]}},{"type":"Feature","properties":{"id":872930014,"highway":"residential"},"geometry":{"type":"LineString","coordinates":[[85.6753262,20.1771721],[85.6756442,20.1771694],[85.6757013,20.1771694],[85.675749,20.1771694],[85.6757786,20.177161],[85.6757993,20.1771416],[85.6758081,20.1771111],[85.6758229,20.1770488],[85.6758394,20.1770084],[85.6758614,20.1769807],[85.6758945,20.1769618],[85.6759453,20.1769418],[85.6763522,20.1767918]]}},{"type":"Feature","properties":{"id":872930017,"highway":"residential"},"geometry":{"type":"LineString","coordinates":[[85.6769699,20.1787005],[85.6767387,20.1787326],[85.6766126,20.1787501],[85.676451,20.1787518],[85.6763282,20.1787441],[85.6762437,20.1787145],[85.6761978,20.1786793],[85.6761564,20.1786222],[85.6761356,20.1785577],[85.6761247,20.178455],[85.6761306,20.1783527],[85.6762024,20.1780723],[85.6762909,20.177711],[85.6763045,20.1776558],[85.6763301,20.1775142],[85.6763468,20.1773532],[85.6763557,20.1771829],[85.6763551,20.1769727],[85.6763522,20.1767918],[85.6763506,20.1766919],[85.6763452,20.17636],[85.6763467,20.1759796],[85.676357,20.1756782],[85.6763615,20.1753159],[85.6763666,20.1750393],[85.6763708,20.174813],[85.6763705,20.1747601],[85.6763675,20.1742612]]}},{"type":"Feature","properties":{"id":872930018,"highway":"residential"},"geometry":{"type":"LineString","coordinates":[[85.6776394,20.1762374],[85.6772128,20.1762902],[85.6768377,20.1763269],[85.6763452,20.17636]]}},{"type":"Feature","properties":{"id":872930020,"highway":"residential"},"geometry":{"type":"LineString","coordinates":[[85.6767387,20.1787326],[85.6767885,20.1790522],[85.6768118,20.1791916],[85.6768497,20.179341],[85.6769309,20.1795524],[85.676968,20.1796381],[85.6770279,20.1797499],[85.6772288,20.180049],[85.6773533,20.180249],[85.6774019,20.1803904],[85.6774456,20.1805957],[85.6774853,20.1807918],[85.6774991,20.1809242],[85.6774991,20.1810017],[85.6774748,20.1810839],[85.6774213,20.181166],[85.6773484,20.1812344],[85.677261,20.18128],[85.6771415,20.1813164],[85.6769722,20.1813524],[85.6767174,20.1814066],[85.6763307,20.1814825],[85.6760255,20.1815254],[85.6754651,20.1815627],[85.6753675,20.1815878],[85.6753064,20.1816145],[85.6752522,20.1816564],[85.6752162,20.1817202],[85.6751954,20.1817876],[85.6751834,20.1818735],[85.67518,20.1819615],[85.6751885,20.1820484],[85.6752383,20.1824001],[85.6752794,20.1827027],[85.6752727,20.1827767],[85.675253,20.1828498],[85.6752203,20.1828917],[85.6751657,20.1829216],[85.6750594,20.1829473],[85.6746231,20.1830273]]}},{"type":"Feature","properties":{"id":872930021,"highway":"residential"},"geometry":{"type":"LineString","coordinates":[[85.6760874,20.1792853],[85.6762096,20.1795681],[85.6762568,20.1796567],[85.6762997,20.1797212],[85.676347,20.1797494],[85.6764113,20.1797696],[85.6764714,20.1797696],[85.6765616,20.1797454],[85.6769309,20.1795524]]}},{"type":"Feature","properties":{"id":872930022,"highway":"residential"},"geometry":{"type":"LineString","coordinates":[[85.6759557,20.179979],[85.6761102,20.179979],[85.6761875,20.1799951],[85.6762605,20.1800314],[85.6763249,20.1800757],[85.6763635,20.1800958],[85.676408,20.180112],[85.6764459,20.180112],[85.6765103,20.1800978],[85.6765899,20.1800729],[85.6766809,20.1800551],[85.6767908,20.1800444],[85.6769083,20.1800409],[85.6772288,20.180049]]}},{"type":"Feature","properties":{"id":873606110,"highway":"residential"},"geometry":{"type":"LineString","coordinates":[[85.6848639,20.1828167],[85.6847203,20.1830038],[85.6845845,20.1831726],[85.6845015,20.1832516],[85.684381,20.1833357],[85.6841972,20.1834084],[85.6837929,20.1834805],[85.6835509,20.1835419],[85.683487,20.1835704]]}},{"type":"Feature","properties":{"id":873606111,"highway":"residential"},"geometry":{"type":"LineString","coordinates":[[85.6813362,20.1825974],[85.6814102,20.1825598],[85.6814872,20.1825396],[85.6816844,20.1825454],[85.6818939,20.1825772],[85.6820356,20.1825801],[85.6821743,20.182554],[85.6822605,20.1825338],[85.6823697,20.1825053]]}},{"type":"Feature","properties":{"id":873606112,"highway":"residential"},"geometry":{"type":"LineString","coordinates":[[85.6833908,20.1838178],[85.6834212,20.1836943],[85.68343,20.1836461],[85.6834495,20.1836063],[85.683487,20.1835704]]}},{"type":"Feature","properties":{"id":873606113,"highway":"residential"},"geometry":{"type":"LineString","coordinates":[[85.6862482,20.1825088],[85.6862058,20.1820604],[85.6861633,20.1815521],[85.6860961,20.1811934],[85.6860784,20.1810605],[85.6860784,20.1809509],[85.6861067,20.1807815],[85.6861881,20.180416],[85.6862978,20.1800469],[85.6863902,20.1797647],[85.6863947,20.1797409]]}},{"type":"Feature","properties":{"id":873606114,"highway":"residential"},"geometry":{"type":"LineString","coordinates":[[85.6895755,20.1835693],[85.6893721,20.1835954],[85.6893105,20.1836127],[85.689252,20.183659],[85.6891965,20.1837081],[85.6891287,20.1837371],[85.6882383,20.1838874],[85.6881336,20.1838874],[85.6880719,20.1838556],[85.6880411,20.1838036],[85.6880165,20.1837081],[85.6880097,20.1835401],[85.6880103,20.1834652],[85.6880688,20.1826063],[85.688075,20.1823056],[85.6880715,20.1822245],[85.6880442,20.1816029],[85.6880226,20.1808076],[85.6880048,20.180642],[85.6879579,20.1802061],[85.6879091,20.1799352],[85.6878593,20.1796595],[85.6878254,20.1793211],[85.6877977,20.1787457],[85.6877361,20.1778491],[85.6877423,20.1774848],[85.6877299,20.1773778],[85.6877025,20.1772914]]}},{"type":"Feature","properties":{"id":873606115,"highway":"residential"},"geometry":{"type":"LineString","coordinates":[[85.6920255,20.1780899],[85.6910612,20.1782489],[85.6909903,20.1782403],[85.6909441,20.1782085],[85.6909225,20.1781419],[85.6909318,20.1779366],[85.6909533,20.1777284],[85.6909533,20.1776532],[85.6909225,20.177552],[85.69075,20.1770488]]}},{"type":"Feature","properties":{"id":873606116,"highway":"residential"},"geometry":{"type":"LineString","coordinates":[[85.6878254,20.1770392],[85.6881711,20.1770372],[85.6886117,20.1770632],[85.6889011,20.1770557],[85.6890459,20.1770355],[85.6891371,20.1770028],[85.6892283,20.17696],[85.6893409,20.1769273],[85.689526,20.176892],[85.6897781,20.1768417],[85.6900276,20.1768039],[85.6901161,20.1767838],[85.6902073,20.1767435],[85.6903253,20.1767133],[85.6906096,20.1766932],[85.6909905,20.1766957]]}},{"type":"Feature","properties":{"id":873606117,"highway":"residential"},"geometry":{"type":"LineString","coordinates":[[85.6901161,20.1767838],[85.690328,20.1771715]]}},{"type":"Feature","properties":{"id":873606118,"highway":"residential"},"geometry":{"type":"LineString","coordinates":[[85.6880103,20.1834652],[85.6885876,20.1833468],[85.6890651,20.1832612],[85.689403,20.1831756],[85.6896337,20.1830799],[85.6899985,20.1828735],[85.6903006,20.1827111],[85.6904676,20.1826343]]}},{"type":"Feature","properties":{"id":873606119,"highway":"residential"},"geometry":{"type":"LineString","coordinates":[[85.6896337,20.1830799],[85.689462,20.1826822],[85.6893011,20.1822643],[85.6892582,20.1819873],[85.6891616,20.1814788],[85.6891143,20.1811506],[85.6891024,20.1809155],[85.6890918,20.1806921],[85.6890677,20.1805775],[85.6890188,20.1804483],[85.6889098,20.1802471],[85.688786,20.180039],[85.6887275,20.1799232]]}},{"type":"Feature","properties":{"id":873606120,"highway":"residential"},"geometry":{"type":"LineString","coordinates":[[85.6879091,20.1799352],[85.6885107,20.1798366],[85.6885779,20.1798324],[85.6886315,20.17985],[85.6886771,20.1798928],[85.6887275,20.1799232],[85.6887951,20.179928],[85.688948,20.1799255],[85.6893665,20.1798727],[85.689868,20.1797845],[85.6900357,20.1797392],[85.6901455,20.1797259],[85.6902648,20.1797404],[85.6903669,20.1797443],[85.6904393,20.1797317],[85.6904984,20.1797266],[85.6905654,20.1797443],[85.6906512,20.1798223],[85.6907773,20.1799029],[85.6908739,20.1799331],[85.6909651,20.1799608],[85.6910455,20.1800136],[85.6912118,20.1802125],[85.6913996,20.1804668],[85.6914613,20.1805222],[85.6915417,20.1805625],[85.691649,20.1805851]]}},{"type":"Feature","properties":{"id":873606121,"highway":"residential"},"geometry":{"type":"LineString","coordinates":[[85.6849576,20.1821836],[85.6853167,20.182196],[85.6858511,20.1821694]]}},{"type":"Feature","properties":{"id":873606122,"highway":"residential"},"geometry":{"type":"LineString","coordinates":[[85.6850427,20.1841729],[85.6851321,20.1841238],[85.6852307,20.1840977],[85.6853447,20.1840746],[85.6855634,20.1840746],[85.6859516,20.1840804]]}},{"type":"Feature","properties":{"id":873606123,"highway":"residential"},"geometry":{"type":"LineString","coordinates":[[85.6773533,20.180249],[85.67772,20.1803283],[85.6779224,20.1804043],[85.6780656,20.1804581],[85.6784884,20.1807137],[85.679025,20.181061],[85.6795738,20.1814372],[85.6796477,20.1814661],[85.6797155,20.1814777],[85.6798123,20.1814889]]}},{"type":"Feature","properties":{"id":873606125,"highway":"residential"},"geometry":{"type":"LineString","coordinates":[[85.6779224,20.1804043],[85.6779603,20.1800029],[85.6780134,20.1795825],[85.678024,20.179498],[85.6780519,20.1793999],[85.6780877,20.1793418],[85.6781267,20.1792787],[85.6781408,20.1792123],[85.6781267,20.1790927],[85.67807,20.1785977],[85.6780515,20.1782832],[85.678063,20.1781326],[85.6780763,20.1780765],[85.6780984,20.1779832],[85.6781727,20.1777805],[85.6781939,20.1776709],[85.6781868,20.1774716],[85.6781683,20.1772696],[85.6781255,20.176945]]}},{"type":"Feature","properties":{"id":873606126,"highway":"residential"},"geometry":{"type":"LineString","coordinates":[[85.6769451,20.1782755],[85.677091,20.1782564],[85.6772109,20.1782297],[85.6773674,20.1781572],[85.6774548,20.1781095],[85.6775443,20.1780733],[85.6776296,20.1780675],[85.6780763,20.1780765]]}},{"type":"Feature","properties":{"id":873606128,"highway":"residential"},"geometry":{"type":"LineString","coordinates":[[85.6985854,20.1794631],[85.6992109,20.1795238],[85.6992571,20.1795122],[85.6993126,20.1794775],[85.6993526,20.1793937],[85.6994574,20.1791103],[85.699519,20.1787661],[85.6995252,20.1783555],[85.6995097,20.1782803],[85.6994543,20.1782138],[85.6993434,20.1781762],[85.6991277,20.1781357],[85.6990476,20.1781357],[85.6989767,20.1781733],[85.6988781,20.1783236],[85.6987949,20.1785232]]}},{"type":"Feature","properties":{"id":873606130,"highway":"residential"},"geometry":{"type":"LineString","coordinates":[[85.7016936,20.1814668],[85.7014679,20.1814869],[85.701357,20.18151],[85.7012245,20.1815476],[85.7010304,20.1816069],[85.7008871,20.1816431],[85.7006329,20.1816966],[85.7003433,20.1817501],[85.7000475,20.1818224],[85.6997995,20.1818976],[85.6994683,20.1820017],[85.6994339,20.1820182],[85.6994154,20.1820373],[85.6994076,20.1820637],[85.6994096,20.1820926],[85.6994199,20.1821227],[85.6995758,20.1824106],[85.6995891,20.1824553],[85.6995932,20.1825372],[85.6995911,20.1826762],[85.6996,20.1827103],[85.6996196,20.1827359],[85.6998151,20.1828857],[85.6998835,20.1829077],[85.6999543,20.1829188],[85.7000989,20.18292],[85.700444,20.182894],[85.7006997,20.1829084],[85.7009154,20.1829258],[85.7011804,20.1829287],[85.7018885,20.1829673]]}},{"type":"Feature","properties":{"id":873606131,"highway":"residential"},"geometry":{"type":"LineString","coordinates":[[85.6886315,20.17985],[85.6886334,20.179682],[85.688617,20.1794497],[85.6885773,20.1792239],[85.6885563,20.1790727],[85.6885493,20.178939],[85.6885796,20.1788009],[85.6885983,20.1786563],[85.688596,20.1784744],[85.6885796,20.1781675],[85.6885796,20.1780075],[85.6885633,20.1779352],[85.6885423,20.1778958],[85.6884979,20.1778695],[85.6884442,20.1778541],[85.688374,20.1778441],[85.6877361,20.1778491]]}},{"type":"Feature","properties":{"id":873606134,"highway":"residential"},"geometry":{"type":"LineString","coordinates":[[85.6872442,20.1824512],[85.6875285,20.1824206],[85.6877887,20.1823879],[85.6879319,20.1823568],[85.688075,20.1823056]]}},{"type":"Feature","properties":{"id":873606135,"highway":"residential"},"geometry":{"type":"LineString","coordinates":[[85.6880715,20.1822245],[85.6882581,20.1822217],[85.6884432,20.1822167],[85.6885907,20.1822293],[85.6887382,20.1822545],[85.688867,20.1822746],[85.6890252,20.1822746],[85.6893011,20.1822643]]}},{"type":"Feature","properties":{"id":873606136,"highway":"residential"},"geometry":{"type":"LineString","coordinates":[[85.6886334,20.179682],[85.688827,20.1795333],[85.688919,20.1794237],[85.6890004,20.1791778],[85.6890783,20.1789187],[85.6890995,20.1787427],[85.6891278,20.1784105],[85.6891349,20.1782743],[85.689096,20.1780384],[85.6890818,20.1779022],[85.6891066,20.1777594],[85.6891738,20.1775169],[85.6892613,20.1773027]]}},{"type":"Feature","properties":{"id":873606137,"highway":"residential"},"geometry":{"type":"LineString","coordinates":[[85.6880048,20.180642],[85.6873999,20.1810628],[85.6872739,20.1812193],[85.6871804,20.1813757],[85.6871519,20.1815093],[85.6871519,20.181639],[85.6871926,20.1819099],[85.6872413,20.1823907],[85.6872442,20.1824512],[85.6872901,20.1834324],[85.6873195,20.1836202],[85.687359,20.1838724],[85.6873873,20.1839089],[85.6874475,20.1839289],[85.6875253,20.1839222],[85.6880411,20.1838036]]}},{"type":"Feature","properties":{"id":873606138,"highway":"residential"},"geometry":{"type":"LineString","coordinates":[[85.6832097,20.1847957],[85.683866,20.1848015],[85.6839738,20.1848102],[85.684057,20.1848391],[85.6841587,20.1849056],[85.6842203,20.1849461],[85.6843066,20.1849721],[85.6844236,20.1849779],[85.6846979,20.1849866],[85.6849135,20.1849606],[85.684969,20.1849201],[85.6850121,20.1848623],[85.6850335,20.1847484],[85.6850535,20.1842843],[85.6850427,20.1841729],[85.685015,20.1840977],[85.6849552,20.1839951]]}},{"type":"Feature","properties":{"id":873606140,"highway":"residential"},"geometry":{"type":"LineString","coordinates":[[85.6784884,20.1807137],[85.6787751,20.1803412],[85.67881,20.1802732],[85.6788261,20.1802002],[85.6787966,20.1800114],[85.678751,20.179883],[85.6787272,20.1798545],[85.6786805,20.1798226],[85.6784479,20.179737],[85.6780134,20.1795825]]}},{"type":"Feature","properties":{"id":874499427,"highway":"residential"},"geometry":{"type":"LineString","coordinates":[[85.6998034,20.1758366],[85.6997871,20.1760427],[85.6997688,20.1762583],[85.6997668,20.1763213],[85.6997688,20.1763556],[85.6997749,20.176388],[85.6998074,20.1764586],[85.6998237,20.1764758],[85.6998461,20.1764815],[85.6998969,20.1764796],[85.6999213,20.1764834],[85.6999416,20.1764987],[85.6999518,20.1765235],[85.6999721,20.1766819],[85.6999843,20.1767258],[85.7000026,20.1767601],[85.7000331,20.1768097],[85.7001672,20.1769509],[85.700216,20.1770043],[85.7002363,20.1770215],[85.7002607,20.1770291],[85.7002831,20.1770272],[85.7007811,20.1768898],[85.7012507,20.1767639],[85.7014682,20.1767219],[85.7015713,20.1767104]]}},{"type":"Feature","properties":{"id":874499432,"highway":"residential"},"geometry":{"type":"LineString","coordinates":[[85.6998476,20.1809788],[85.6998076,20.1806665],[85.6997983,20.1805682],[85.6997983,20.1804525],[85.6998384,20.1800737],[85.6998692,20.179796],[85.6998784,20.1796572],[85.6998877,20.1794692],[85.6999031,20.1793449],[85.6999216,20.1792437],[85.6999863,20.1789776],[85.7000551,20.178743],[85.7000756,20.1785727],[85.7000849,20.1784513],[85.7000941,20.1783125]]}},{"type":"Feature","properties":{"id":874542033,"highway":"residential"},"geometry":{"type":"LineString","coordinates":[[85.7000254,20.1508146],[85.7000072,20.1507424],[85.6999992,20.1507147],[85.6999777,20.1506983],[85.6999536,20.1506958],[85.6998624,20.150716],[85.6998409,20.150716],[85.6998262,20.1507034],[85.6998197,20.1506818],[85.6996359,20.149843]]}},{"type":"Feature","properties":{"id":874548438,"highway":"residential"},"geometry":{"type":"LineString","coordinates":[[85.6848789,20.1826427],[85.6851169,20.1826577],[85.6853677,20.1826791],[85.6855407,20.1827043],[85.6856319,20.182742],[85.6856896,20.1828213],[85.6857499,20.1829787],[85.6857875,20.1830731],[85.6858331,20.1831247],[85.6859565,20.1832204],[85.6860705,20.1833299],[85.6861308,20.1834117],[85.686214,20.1834608],[85.6863333,20.183525],[85.6866056,20.183603],[85.6867906,20.1836534],[85.6869704,20.183666],[85.6871206,20.1836534],[85.6873195,20.1836202],[85.6875497,20.183559],[85.6876919,20.183535],[85.6880097,20.1835401]]}},{"type":"Feature","properties":{"id":874548439,"highway":"residential"},"geometry":{"type":"LineString","coordinates":[[85.6902453,20.1756186],[85.6901743,20.1759736],[85.690126,20.1762517],[85.6901139,20.176472]]}},{"type":"Feature","properties":{"id":874592619,"highway":"residential"},"geometry":{"type":"LineString","coordinates":[[85.6763045,20.1776558],[85.6765647,20.1776767],[85.6772922,20.1776936],[85.6773532,20.1777127],[85.6774121,20.1777584],[85.6774711,20.1778615],[85.6775443,20.1780733]]}},{"type":"Feature","properties":{"id":874592620,"highway":"residential"},"geometry":{"type":"LineString","coordinates":[[85.6769451,20.1782755],[85.6769699,20.1787005]]}},{"type":"Feature","properties":{"id":874669976,"highway":"residential"},"geometry":{"type":"LineString","coordinates":[[85.6998412,20.1674219],[85.6998305,20.1670543],[85.6998224,20.1668931],[85.6998063,20.1667723],[85.6997795,20.1666036]]}},{"type":"Feature","properties":{"id":874669977,"highway":"residential"},"geometry":{"type":"LineString","coordinates":[[85.6992187,20.1667315],[85.6993369,20.1673413],[85.6993342,20.1673665],[85.6993155,20.1673816],[85.699286,20.1673816],[85.6991932,20.1673649],[85.6988415,20.1673085],[85.6984502,20.1672541],[85.6980203,20.1671922],[85.6979548,20.1671959],[85.6979124,20.1672051],[85.6969125,20.1675207],[85.6964799,20.1676433],[85.6964507,20.1676516],[85.6963996,20.1676758],[85.6962949,20.1677451],[85.6958024,20.1680643],[85.6956326,20.1681743],[85.6953738,20.1683946],[85.6952643,20.1684697],[85.6951994,20.1685142],[85.6951256,20.1685545],[85.6948063,20.1686676],[85.694634,20.1687274],[85.6944813,20.1687752],[85.6944488,20.168777],[85.6944177,20.1687642],[85.694385,20.1687207],[85.6943155,20.1685828]]}},{"type":"Feature","properties":{"id":874669979,"highway":"residential"},"geometry":{"type":"LineString","coordinates":[[85.7004339,20.1699698],[85.7003186,20.1697382],[85.7002221,20.1695645],[85.7001791,20.1695116],[85.7001148,20.1694512],[85.7000611,20.1693782],[85.7000155,20.1693001],[85.6999726,20.1691868],[85.6999136,20.169003],[85.6998734,20.1688947],[85.6998278,20.1687915],[85.6997634,20.1686933],[85.6996481,20.1685297],[85.6996025,20.1684541],[85.699581,20.1683862],[85.6995703,20.1683031],[85.6995408,20.1679305]]}},{"type":"Feature","properties":{"id":874669981,"highway":"residential"},"geometry":{"type":"LineString","coordinates":[[85.6990711,20.1724603],[85.6990707,20.1723258],[85.6990696,20.1719942],[85.6990714,20.1718858],[85.6990768,20.1718531],[85.6991089,20.1718279],[85.6991465,20.1718254],[85.6993879,20.1718178],[85.6994228,20.1718128],[85.6994496,20.1717977],[85.699463,20.1717675],[85.699471,20.1715812],[85.6994764,20.1715509],[85.6994979,20.1715308],[85.6995354,20.1715207],[85.6995917,20.1715031],[85.6996159,20.171483],[85.6996186,20.1714502],[85.6996132,20.171347],[85.6996239,20.1713243],[85.6996507,20.1713092],[85.6996856,20.1713017],[85.6999163,20.1712967],[85.6999512,20.1712866],[85.6999699,20.1712639],[85.699978,20.1712287],[85.6999782,20.1711725],[85.6999807,20.1705791],[85.699986,20.1705464],[85.7000048,20.1705212],[85.7000504,20.170496],[85.7000692,20.1704784],[85.7000745,20.1704482],[85.7000611,20.1704155],[85.6999389,20.1701655]]}},{"type":"Feature","properties":{"id":874669982,"highway":"residential"},"geometry":{"type":"LineString","coordinates":[[85.6990204,20.1708334],[85.6996695,20.1708057],[85.6997017,20.1708007],[85.6997232,20.1707881],[85.6997339,20.1707579],[85.6997285,20.1706194],[85.6997098,20.1705061],[85.6996373,20.1702871],[85.6994576,20.169854]]}},{"type":"Feature","properties":{"id":874674236,"highway":"residential"},"geometry":{"type":"LineString","coordinates":[[85.6991233,20.1744484],[85.699759,20.1744864],[85.6997868,20.1744951],[85.6998114,20.1745095],[85.6998206,20.1745355],[85.6998237,20.1746252],[85.6998299,20.1746512],[85.6998484,20.1746744],[85.6998792,20.1746859],[85.7000055,20.174683],[85.7005847,20.1746599],[85.7013897,20.1745843]]}},{"type":"Feature","properties":{"id":874674238,"highway":"residential"},"geometry":{"type":"LineString","coordinates":[[85.6994404,20.1754512],[85.699457,20.1751938],[85.6994663,20.1751741],[85.6994827,20.1751631],[85.6995084,20.1751587],[85.699952,20.1751763],[85.6999824,20.1751763],[85.700001,20.1751675],[85.7000104,20.1751412],[85.7000055,20.174683],[85.6999987,20.1743631]]}},{"type":"Feature","properties":{"id":874674254,"highway":"residential"},"geometry":{"type":"LineString","coordinates":[[85.7000407,20.1632073],[85.6995603,20.1626139],[85.6990918,20.1620352],[85.6986053,20.1614533],[85.6981457,20.1608939],[85.6977275,20.1603923],[85.6975702,20.1602091],[85.697561,20.1601733],[85.6975772,20.1601418],[85.6987447,20.1595742]]}},{"type":"Feature","properties":{"id":874674255,"highway":"residential"},"geometry":{"type":"LineString","coordinates":[[85.7009809,20.1593249],[85.7004824,20.1593463],[85.7003098,20.1593753],[85.7001465,20.1594302],[85.6999648,20.1595199],[85.6998857,20.1595672],[85.6998384,20.1595951],[85.699404,20.1598091],[85.699327,20.1598785],[85.6993147,20.159919],[85.6993208,20.1599682],[85.6993412,20.1600091],[85.6997801,20.1605118],[85.7002763,20.1610799],[85.7007334,20.1616661],[85.7012146,20.1622587]]}},{"type":"Feature","properties":{"id":874682719,"highway":"residential"},"geometry":{"type":"LineString","coordinates":[[85.6991583,20.1601343],[85.6993412,20.1600091]]}},{"type":"Feature","properties":{"id":875027615,"highway":"unclassified"},"geometry":{"type":"LineString","coordinates":[[85.6506036,20.1783512],[85.6505774,20.1783033],[85.6503721,20.1782001],[85.6501269,20.1780768],[85.649842,20.177935],[85.6497108,20.1778765],[85.6490138,20.1775483],[85.6478941,20.1770235],[85.6468083,20.1764827],[85.6461062,20.1761558],[85.6455318,20.1758709],[85.6454224,20.1758197],[85.644532,20.1753705],[85.6438202,20.1750311],[85.6437322,20.1749892],[85.6431787,20.1747128],[85.6427515,20.174497],[85.6424921,20.174366],[85.6417546,20.1740033],[85.6407962,20.1735688],[85.6398534,20.1731196],[85.6390856,20.1727593]]}},{"type":"Feature","properties":{"id":875027617,"highway":"unclassified"},"geometry":{"type":"LineString","coordinates":[[85.6506036,20.1783512],[85.6507967,20.1784292],[85.6509745,20.1785114],[85.6511174,20.1785893],[85.6512133,20.1786894],[85.6512561,20.1788232],[85.6512586,20.1790075],[85.6512906,20.1791187],[85.6513521,20.1792097],[85.6514252,20.1793806],[85.651477,20.179568],[85.6516575,20.1803395],[85.6517685,20.1808055],[85.6518274,20.1809274],[85.6518622,20.1809554],[85.6519998,20.1809251],[85.6520488,20.1809252],[85.6520864,20.1810493],[85.6521367,20.1812663],[85.6522838,20.1819614],[85.6525072,20.1829451]]}},{"type":"Feature","properties":{"id":875036911,"highway":"unclassified"},"geometry":{"type":"LineString","coordinates":[[85.6502114,20.1769166],[85.6487381,20.1759068],[85.6487094,20.1758575],[85.6487092,20.175799],[85.6489474,20.1753529],[85.64906,20.1751414],[85.6491727,20.1749299],[85.6492075,20.174875],[85.6492382,20.1748601],[85.6492746,20.1748645],[85.649339,20.1749047],[85.6494087,20.174945],[85.6507517,20.1758354]]}},{"type":"Feature","properties":{"id":875036912,"highway":"unclassified"},"geometry":{"type":"LineString","coordinates":[[85.6489474,20.1753529],[85.6494087,20.1756449],[85.6504739,20.1763959]]}},{"type":"Feature","properties":{"id":875036913,"highway":"unclassified"},"geometry":{"type":"LineString","coordinates":[[85.6524539,20.1761248],[85.652208,20.1760136],[85.6517101,20.1757557],[85.6509781,20.1754335]]}},{"type":"Feature","properties":{"id":875039254,"highway":"residential"},"geometry":{"type":"LineString","coordinates":[[85.6328215,20.1751013],[85.6327995,20.1749868],[85.6327629,20.1747561],[85.6327506,20.1745608],[85.6327518,20.1744639],[85.6327765,20.1739926]]}},{"type":"Feature","properties":{"id":875039255,"highway":"residential"},"geometry":{"type":"LineString","coordinates":[[85.6336314,20.1741993],[85.6335739,20.1743815],[85.633464,20.1748362],[85.6333922,20.1750069],[85.6332684,20.1752265]]}},{"type":"Feature","properties":{"id":875039256,"highway":"residential"},"geometry":{"type":"LineString","coordinates":[[85.6327995,20.1749868],[85.633464,20.1748362]]}},{"type":"Feature","properties":{"id":876203569,"highway":"residential"},"geometry":{"type":"LineString","coordinates":[[85.63222,20.1745311],[85.6322198,20.1745984],[85.6322186,20.1746597],[85.6322058,20.1747233],[85.6321808,20.1748471],[85.6321774,20.1748989],[85.632179,20.1749485],[85.6322311,20.1752062],[85.6323329,20.1756774],[85.6323454,20.175699],[85.6323637,20.1757152],[85.6324181,20.1757529],[85.6324417,20.1757623],[85.6324667,20.1757689],[85.6324836,20.1757834],[85.6324991,20.1758034],[85.6325436,20.1759174],[85.6326336,20.1761129]]}},{"type":"Feature","properties":{"id":878156526,"highway":"secondary"},"geometry":{"type":"LineString","coordinates":[[85.6433365,20.1825511],[85.6432165,20.1826018]]}},{"type":"Feature","properties":{"id":878156529,"highway":"trunk"},"geometry":{"type":"LineString","coordinates":[[85.6314589,20.1870877],[85.6328966,20.1874022],[85.6330369,20.1874292],[85.6333194,20.1874931],[85.6334856,20.187532],[85.6337623,20.1875726],[85.6339276,20.1876062],[85.6347626,20.1877787],[85.6350438,20.1878341],[85.6351183,20.1878492],[85.6360026,20.1880279],[85.6376791,20.1883687],[85.6378434,20.1884048]]}},{"type":"Feature","properties":{"id":1104547996,"highway":"primary"},"geometry":{"type":"LineString","coordinates":[[85.6789496,20.170959],[85.6786338,20.1711605],[85.678453,20.1712798],[85.6780603,20.1715389],[85.6777783,20.1716991],[85.677515,20.1718231],[85.677273,20.1719114],[85.6768399,20.1720473],[85.6767173,20.1720841],[85.6762159,20.1722342],[85.6761575,20.1722532],[85.6751508,20.17258],[85.6730762,20.1732381],[85.6717025,20.1736704],[85.6704692,20.1740766],[85.6698663,20.1742918],[85.6697833,20.1743214],[85.6686632,20.1747213],[85.6674128,20.1751832],[85.6673422,20.175221],[85.6669848,20.1754122],[85.6668575,20.1754803],[85.6664396,20.175767],[85.6658474,20.1761497],[85.6653541,20.1764798],[85.6649563,20.1767518],[85.6646634,20.1769516],[85.6643701,20.1771597],[85.6639629,20.1774449],[85.6636046,20.1777018],[85.662097,20.1787472],[85.661537,20.1791396],[85.6604699,20.1798634],[85.6598351,20.1802721],[85.659036,20.1808464],[85.6588323,20.180978],[85.6587847,20.1810091],[85.6585717,20.1811318],[85.6583682,20.1812397],[85.6580111,20.1813845],[85.6577459,20.1814777],[85.6572677,20.181591],[85.655079,20.1820967],[85.6546759,20.1821906],[85.654284,20.1822942],[85.6537929,20.1824542],[85.6529751,20.1827721],[85.6525662,20.1829233],[85.6525072,20.1829451],[85.6514721,20.1833554],[85.651257,20.1834381],[85.6507079,20.183649],[85.6505756,20.1836998],[85.6501987,20.1838446],[85.6499351,20.1839347],[85.6496128,20.184056],[85.6492088,20.184201],[85.6489113,20.1843197],[85.6479653,20.1846818],[85.647779,20.1847539],[85.6472728,20.1849497],[85.6467981,20.1851298],[85.6465158,20.1852057],[85.6461829,20.1853256],[85.6454637,20.1855785],[85.6451158,20.1857045],[85.644836,20.1858095]]}},{"type":"Feature","properties":{"id":1104849511,"highway":"primary"},"geometry":{"type":"LineString","coordinates":[[85.6868833,20.1675211],[85.6870471,20.1674843],[85.6876237,20.167346],[85.6884883,20.1671386],[85.6885443,20.1671199],[85.6886887,20.1670807],[85.6895613,20.1668309],[85.6896396,20.1668119],[85.6896713,20.1668042],[85.690379,20.1666309],[85.6904748,20.1666074],[85.6911477,20.1664426],[85.6916107,20.1663283],[85.6926477,20.166077],[85.692769,20.1660476],[85.6937707,20.165795],[85.6939497,20.1657519]]}},{"type":"Feature","properties":{"id":1152889711,"highway":"unclassified"},"geometry":{"type":"LineString","coordinates":[[85.6069732,20.1492117],[85.6047129,20.1489513],[85.604584,20.1486112],[85.6046761,20.1480809],[85.6046761,20.1479598],[85.6047989,20.1479713]]}},{"type":"Feature","properties":{"id":1152889804,"highway":"unclassified"},"geometry":{"type":"LineString","coordinates":[[85.6081497,20.1473968],[85.6079367,20.1474064],[85.6076665,20.1474755],[85.6073656,20.1474525],[85.6067884,20.1474006],[85.6061682,20.1474179],[85.6061007,20.1475966]]}},{"type":"Feature","properties":{"id":1152890047,"highway":"unclassified"},"geometry":{"type":"LineString","coordinates":[[85.6093335,20.1444683],[85.609128,20.1444374],[85.608821,20.1446507],[85.6085508,20.1447949],[85.6082376,20.1449563],[85.6080577,20.1451053],[85.6076113,20.1454751],[85.6072657,20.1458266],[85.6072428,20.1458499],[85.6072367,20.146386],[85.607513,20.1464148],[85.6079858,20.1470662],[85.6081497,20.1473968]]}},{"type":"Feature","properties":{"id":1152890248,"highway":"unclassified"},"geometry":{"type":"LineString","coordinates":[[85.6083244,20.1469591],[85.608182,20.1468279],[85.6080761,20.1466428],[85.6078972,20.1463651],[85.6075905,20.1460395],[85.6074262,20.145988],[85.6072657,20.1458266]]}},{"type":"Feature","properties":{"id":1152890355,"highway":"unclassified"},"geometry":{"type":"LineString","coordinates":[[85.6080577,20.1451053],[85.6071105,20.1451408],[85.6070757,20.1458053],[85.6069759,20.1459805],[85.6069845,20.1462577],[85.607054,20.1463433],[85.6072367,20.146386]]}},{"type":"Feature","properties":{"id":1152890545,"highway":"unclassified"},"geometry":{"type":"LineString","coordinates":[[85.6096097,20.1426819],[85.6095484,20.142537],[85.6093513,20.1424684],[85.609249,20.1423176],[85.6092271,20.1419542],[85.6094989,20.1412955],[85.6095411,20.1411932],[85.6095607,20.1410862],[85.6095776,20.1409944],[85.6099428,20.140679],[85.6101691,20.1403362],[85.6104758,20.1402403],[85.6112718,20.1403911],[85.6116296,20.140583],[85.6118341,20.1412001],[85.6119801,20.141872],[85.6120574,20.14201],[85.6121335,20.1421462],[85.6121627,20.1426192],[85.6122357,20.1428249],[85.6124767,20.1431334],[85.6125657,20.1434006],[85.6126048,20.1437011]]}},{"type":"Feature","properties":{"id":1152890646,"highway":"unclassified"},"geometry":{"type":"LineString","coordinates":[[85.6095607,20.1410862],[85.6101122,20.1413062],[85.6103396,20.1413425],[85.6103139,20.1411974],[85.6105585,20.1411733],[85.6107516,20.1411571],[85.6110606,20.141278],[85.6110864,20.1417333],[85.6110992,20.1419549],[85.6115026,20.1419912],[85.6118646,20.142225]]}},{"type":"Feature","properties":{"id":1152903573,"highway":"unclassified"},"geometry":{"type":"LineString","coordinates":[[85.6122467,20.1418339],[85.6124609,20.1418295],[85.6126841,20.1419141],[85.6129094,20.1420995],[85.613242,20.1428005],[85.613463,20.1430121]]}},{"type":"Feature","properties":{"id":1152903833,"highway":"unclassified"},"geometry":{"type":"LineString","coordinates":[[85.6094989,20.1412955],[85.6093802,20.1410116],[85.6091199,20.1408487],[85.6089719,20.1407241],[85.6086402,20.1407001],[85.6083952,20.1404606],[85.6081961,20.1402881],[85.607992,20.1402833],[85.6079103,20.1402162]]}},{"type":"Feature","properties":{"id":1152903932,"highway":"unclassified"},"geometry":{"type":"LineString","coordinates":[[85.6220662,20.1395127],[85.6213404,20.1396787],[85.6209651,20.1395432],[85.6205392,20.1396313],[85.6203588,20.1397872],[85.6199312,20.1398702]]}},{"type":"Feature","properties":{"id":1152904191,"highway":"unclassified"},"geometry":{"type":"LineString","coordinates":[[85.6283576,20.1312515],[85.6297653,20.131061],[85.6301489,20.1309464]]}},{"type":"Feature","properties":{"id":1152905303,"highway":"unclassified"},"geometry":{"type":"LineString","coordinates":[[85.6275503,20.1290941],[85.6285609,20.1286316],[85.6289539,20.1285932],[85.6290367,20.1289994],[85.6290931,20.1292764]]}},{"type":"Feature","properties":{"id":1152906415,"highway":"unclassified"},"geometry":{"type":"LineString","coordinates":[[85.6290367,20.1289994],[85.6295101,20.1289335],[85.6293723,20.1281045],[85.6301583,20.1280182]]}},{"type":"Feature","properties":{"id":1152906673,"highway":"unclassified"},"geometry":{"type":"LineString","coordinates":[[85.6199312,20.1398702],[85.6196992,20.1399849],[85.6195476,20.1403779],[85.619461,20.1406151],[85.6199312,20.1411098]]}},{"type":"Feature","properties":{"id":1152923681,"highway":"unclassified"},"geometry":{"type":"LineString","coordinates":[[85.6094042,20.1492427],[85.6093907,20.1495264],[85.6092276,20.1497359],[85.6088328,20.1500985],[85.6084552,20.1500018],[85.6076741,20.1502838],[85.6074338,20.1507673],[85.6069531,20.1505578],[85.606421,20.1504047],[85.6062638,20.1503556],[85.6060229,20.1502804]]}},{"type":"Feature","properties":{"id":1152950544,"highway":"unclassified"},"geometry":{"type":"LineString","coordinates":[[85.6046676,20.151716],[85.6052804,20.1520095],[85.6056887,20.1519424],[85.6061735,20.1521772],[85.6060959,20.1523436],[85.6060306,20.1524838],[85.6055662,20.1527042],[85.6045404,20.1533989],[85.6042393,20.1536672],[85.6038769,20.1536864],[85.6035111,20.1536695]]}},{"type":"Feature","properties":{"id":1152950701,"highway":"unclassified"},"geometry":{"type":"LineString","coordinates":[[85.6062638,20.1503556],[85.6063681,20.1506343],[85.6065414,20.1510781],[85.6068301,20.1517929],[85.6069022,20.15203],[85.6067831,20.1522299],[85.6064728,20.1524434],[85.6060959,20.1523436]]}},{"type":"Feature","properties":{"id":1152951037,"highway":"unclassified"},"geometry":{"type":"LineString","coordinates":[[85.6016927,20.1555718],[85.6021269,20.1562296],[85.6025153,20.1560985],[85.6025699,20.1553579],[85.6024497,20.1553058]]}},{"type":"Feature","properties":{"id":1152951199,"highway":"unclassified"},"geometry":{"type":"LineString","coordinates":[[85.600295,20.1566289],[85.6010162,20.1568164],[85.6009798,20.1571981],[85.6006278,20.1572209]]}},{"type":"Feature","properties":{"id":1154876328,"highway":"unclassified"},"geometry":{"type":"LineString","coordinates":[[85.6025153,20.1560985],[85.6027838,20.1560684],[85.6031916,20.156065]]}},{"type":"Feature","properties":{"id":1154877945,"highway":"unclassified"},"geometry":{"type":"LineString","coordinates":[[85.6040813,20.1180167],[85.6040753,20.1178129],[85.6040651,20.1173528],[85.6038303,20.1169407],[85.6040294,20.1168736],[85.6044223,20.1168928],[85.6052134,20.1169695],[85.605489,20.1170078],[85.6057135,20.1175541],[85.6059794,20.1181658]]}},{"type":"Feature","properties":{"id":1154877962,"highway":"unclassified"},"geometry":{"type":"LineString","coordinates":[[85.6123615,20.1146433],[85.6117373,20.1146228],[85.6113468,20.1141755],[85.6112087,20.1139194]]}},{"type":"Feature","properties":{"id":1154877984,"highway":"unclassified"},"geometry":{"type":"LineString","coordinates":[[85.6085962,20.1013271],[85.6084264,20.1017401],[85.6085208,20.1021028],[85.6087612,20.1031587],[85.6075252,20.1038599],[85.6072591,20.103602],[85.6070875,20.1030862]]}},{"type":"Feature","properties":{"id":1154879033,"highway":"unclassified"},"geometry":{"type":"LineString","coordinates":[[85.6024974,20.099555],[85.6023237,20.0997855],[85.6021689,20.1001332],[85.6021932,20.1005436],[85.6024542,20.100478],[85.6026211,20.1003669]]}},{"type":"Feature","properties":{"id":1154879215,"highway":"unclassified"},"geometry":{"type":"LineString","coordinates":[[85.6011583,20.1073253],[85.6010826,20.1070779],[85.6009673,20.10681],[85.6009612,20.1067046],[85.6013162,20.1065678],[85.6019808,20.1063199],[85.602309,20.1066553]]}},{"type":"Feature","properties":{"id":1154884878,"highway":"unclassified"},"geometry":{"type":"LineString","coordinates":[[85.5979638,20.1072321],[85.598202,20.1068798],[85.5983716,20.1064155],[85.5984943,20.106019],[85.5987108,20.1055277],[85.5991403,20.1049888],[85.5997104,20.1044195],[85.6000966,20.1040095],[85.6001724,20.1040129],[85.6002157,20.1037418],[85.6004286,20.1036774],[85.6008977,20.103657],[85.6011503,20.1031656],[85.6015978,20.1029013],[85.6020453,20.1026404],[85.6021192,20.1025508],[85.6021572,20.1025048],[85.6021752,20.1019999],[85.6021247,20.1013255]]}},{"type":"Feature","properties":{"id":1154885366,"highway":"unclassified"},"geometry":{"type":"LineString","coordinates":[[85.602926,20.099705],[85.6029659,20.1000127],[85.6033479,20.1005608],[85.6037169,20.1013507],[85.603983,20.1012742],[85.6042191,20.10125],[85.6044723,20.1009759],[85.604631,20.1008429],[85.6046482,20.1006092],[85.6047941,20.1004601],[85.6048935,20.1002567]]}},{"type":"Feature","properties":{"id":1154885719,"highway":"unclassified"},"geometry":{"type":"LineString","coordinates":[[85.6021192,20.1025508],[85.6023244,20.1026872],[85.6025897,20.1025962],[85.6027582,20.1024668],[85.6028449,20.102323],[85.602998,20.1022128],[85.6033553,20.1021121],[85.6036053,20.1019827],[85.6038911,20.1017862],[85.6039728,20.1017479],[85.6042739,20.1019636],[85.6043964,20.102069],[85.6045495,20.1026729],[85.6046516,20.1031282],[85.6048557,20.1035643],[85.6049272,20.1039142],[85.6049067,20.1042209],[85.6050394,20.1045468],[85.6050088,20.1048775],[85.6051313,20.1053567],[85.6053201,20.1059558],[85.6052946,20.1062337],[85.6049323,20.1067226],[85.6048231,20.1069622],[85.6045705,20.1070503],[85.6042992,20.1071529]]}},{"type":"Feature","properties":{"id":1155678736,"highway":"residential"},"geometry":{"type":"LineString","coordinates":[[85.6059328,20.1810437],[85.6059213,20.1811211],[85.6058736,20.1812177],[85.6057342,20.1812158],[85.6057162,20.1814756],[85.6056669,20.1828075]]}},{"type":"Feature","properties":{"id":1155678793,"highway":"residential"},"geometry":{"type":"LineString","coordinates":[[85.6057342,20.1812158],[85.6040809,20.1811843]]}},{"type":"Feature","properties":{"id":1155678819,"highway":"residential"},"geometry":{"type":"LineString","coordinates":[[85.6071212,20.177792],[85.6070763,20.1775519],[85.6071457,20.1770336]]}},{"type":"Feature","properties":{"id":1155678904,"highway":"unclassified"},"geometry":{"type":"LineString","coordinates":[[85.6112069,20.1703864],[85.6101313,20.17094]]}},{"type":"Feature","properties":{"id":1155679177,"highway":"residential"},"geometry":{"type":"LineString","coordinates":[[85.6199013,20.1640941],[85.6201133,20.1642521],[85.6202654,20.1643849],[85.6204193,20.1644858],[85.6205273,20.1646234],[85.6206525,20.1648518],[85.6210112,20.1648195],[85.6211652,20.164834],[85.6213951,20.1650226]]}},{"type":"Feature","properties":{"id":1155679525,"highway":"unclassified"},"geometry":{"type":"LineString","coordinates":[[85.6199114,20.1639967],[85.6189368,20.1627819],[85.6185687,20.1628022],[85.618531,20.1638294],[85.6185214,20.1639415]]}},{"type":"Feature","properties":{"id":1155679558,"highway":"unclassified"},"geometry":{"type":"LineString","coordinates":[[85.6145812,20.1623674],[85.6150538,20.1621721],[85.6166994,20.1625109],[85.6171758,20.1623618],[85.6179625,20.162355],[85.6181347,20.1623448],[85.6186481,20.1623144],[85.6186265,20.1627344],[85.6185687,20.1628022]]}},{"type":"Feature","properties":{"id":1155679587,"highway":"unclassified"},"geometry":{"type":"LineString","coordinates":[[85.6151591,20.1599982],[85.614098,20.1598198],[85.6137836,20.1597669],[85.6129969,20.1594823],[85.613069,20.1591842],[85.6118132,20.1587574],[85.611308,20.1586083],[85.6107739,20.1588793],[85.6099294,20.1587167],[85.6094386,20.1580188],[85.6092726,20.1578766],[85.6088468,20.1579104],[85.6087097,20.1580324],[85.6087819,20.1581882],[85.6083705,20.1583441],[85.6081106,20.1582357],[85.6076631,20.1582831],[85.6072264,20.1578147]]}},{"type":"Feature","properties":{"id":1155681002,"highway":"unclassified"},"geometry":{"type":"LineString","coordinates":[[85.614098,20.1598198],[85.6143321,20.1588251]]}},{"type":"Feature","properties":{"id":1202225960,"highway":"residential"},"geometry":{"type":"LineString","coordinates":[[85.6066391,20.1596698],[85.6066205,20.1597757],[85.6066112,20.1599953],[85.6065926,20.1608638],[85.6067863,20.1609685],[85.6069346,20.1611261],[85.6070055,20.1612535],[85.6070349,20.1614384],[85.6070402,20.1615792]]}},{"type":"Feature","properties":{"id":1202225961,"highway":"secondary"},"geometry":{"type":"LineString","coordinates":[[85.6064626,20.1594812],[85.6066391,20.1596698],[85.60703,20.1600329],[85.6076107,20.1605073]]}},{"type":"Feature","properties":{"id":1202225962,"highway":"secondary"},"geometry":{"type":"LineString","coordinates":[[85.6076107,20.1605073],[85.6083482,20.161096],[85.6088579,20.161521],[85.6089712,20.1616177],[85.6093371,20.1619017],[85.6094782,20.1620106],[85.610444,20.1627842],[85.6120947,20.1641476]]}},{"type":"Feature","properties":{"id":1202225963,"highway":"secondary"},"geometry":{"type":"LineString","coordinates":[[85.6120947,20.1641476],[85.6123755,20.1643729],[85.61263,20.1645804],[85.6134646,20.1652789],[85.6138663,20.1656026],[85.6140091,20.1657212],[85.6140798,20.1657707],[85.6144483,20.1660696],[85.6149529,20.1664557]]}},{"type":"Feature","properties":{"id":1202225964,"highway":"secondary"},"geometry":{"type":"LineString","coordinates":[[85.614027,20.1655422],[85.6140091,20.1657212],[85.6140028,20.1657847]]}},{"type":"Feature","properties":{"id":1202225965,"highway":"secondary"},"geometry":{"type":"LineString","coordinates":[[85.6183657,20.1691982],[85.6188056,20.169531],[85.6192101,20.1698065],[85.6194965,20.1699935],[85.6197426,20.1701446],[85.6198963,20.1702415],[85.6200907,20.1703472],[85.6206661,20.17066],[85.6209003,20.1707728],[85.6216854,20.1710981],[85.6218814,20.1711744],[85.6220791,20.1712558],[85.6222057,20.1713005],[85.6224471,20.1713872],[85.6227043,20.1714813],[85.6229567,20.1715576],[85.6230909,20.1716063],[85.6232617,20.1716568],[85.6234734,20.1717014],[85.6249283,20.1720766],[85.6254454,20.1722179],[85.6257279,20.172268],[85.6259807,20.1723204],[85.6261344,20.1723502]]}},{"type":"Feature","properties":{"id":1202227095,"highway":"residential"},"geometry":{"type":"LineString","coordinates":[[85.6072474,20.1611319],[85.6071473,20.1606427]]}},{"type":"Feature","properties":{"id":1202229513,"highway":"residential"},"geometry":{"type":"LineString","coordinates":[[85.6067408,20.1626708],[85.6069828,20.1626459],[85.6072697,20.1626376],[85.6075342,20.1626324],[85.607909,20.1626249],[85.6079742,20.1626166],[85.6082233,20.1625843],[85.6082452,20.1626065],[85.6082551,20.1626906]]}},{"type":"Feature","properties":{"id":1202231125,"highway":"residential"},"geometry":{"type":"LineString","coordinates":[[85.608208,20.1632109],[85.6083425,20.1631932],[85.6084133,20.1631786],[85.60863,20.1631241],[85.6086837,20.1631157],[85.6087247,20.1631053],[85.6087651,20.1630912]]}},{"type":"Feature","properties":{"id":1202231126,"highway":"residential"},"geometry":{"type":"LineString","coordinates":[[85.608208,20.1632109],[85.6082282,20.1632732],[85.6082667,20.163414],[85.6083724,20.1636877]]}},{"type":"Feature","properties":{"id":1202231127,"highway":"residential"},"geometry":{"type":"LineString","coordinates":[[85.6075988,20.1632197],[85.6076341,20.1631708],[85.6076864,20.1631416],[85.6077345,20.1631375],[85.6079164,20.1631458],[85.6080297,20.1631767],[85.608143,20.1631971],[85.608208,20.1632109]]}},{"type":"Feature","properties":{"id":1202231128,"highway":"residential"},"geometry":{"type":"LineString","coordinates":[[85.6087651,20.1630912],[85.6088047,20.162824]]}},{"type":"Feature","properties":{"id":1202235502,"highway":"residential"},"geometry":{"type":"LineString","coordinates":[[85.6049659,20.1639838],[85.6053453,20.1639981],[85.6053833,20.1640057],[85.6054168,20.1640236],[85.6054817,20.1643271],[85.6055011,20.1643664],[85.6055454,20.1643911],[85.6056675,20.1644486],[85.6056883,20.1644811],[85.6057652,20.1647145],[85.6058079,20.1647282],[85.6058845,20.1647179],[85.6062333,20.1646392]]}},{"type":"Feature","properties":{"id":1202235503,"highway":"residential"},"geometry":{"type":"LineString","coordinates":[[85.6061328,20.1642154],[85.6061884,20.164044],[85.6063745,20.1639893],[85.6063767,20.1638427],[85.6064318,20.1638083],[85.6070575,20.1636964]]}},{"type":"Feature","properties":{"id":1202242052,"highway":"residential"},"geometry":{"type":"LineString","coordinates":[[85.6090878,20.1660165],[85.6093545,20.1659802],[85.6095641,20.1659584]]}},{"type":"Feature","properties":{"id":1202249072,"highway":"residential"},"geometry":{"type":"LineString","coordinates":[[85.6126848,20.1654032],[85.6126917,20.1659429],[85.6127055,20.1660131],[85.6127479,20.1663651]]}},{"type":"Feature","properties":{"id":1202273571,"highway":"residential"},"geometry":{"type":"LineString","coordinates":[[85.6220791,20.1712558],[85.6220161,20.171795],[85.6220258,20.1718047],[85.6220513,20.1718213],[85.6220328,20.1720044]]}},{"type":"Feature","properties":{"id":1202279013,"highway":"residential"},"geometry":{"type":"LineString","coordinates":[[85.6221214,20.1737077],[85.6219979,20.1730437]]}},{"type":"Feature","properties":{"id":1202279014,"highway":"residential"},"geometry":{"type":"LineString","coordinates":[[85.6202683,20.1738283],[85.6201785,20.1732346]]}},{"type":"Feature","properties":{"id":1202288451,"highway":"residential"},"geometry":{"type":"LineString","coordinates":[[85.6121159,20.1720151],[85.6120637,20.1718379],[85.6120537,20.1717201]]}},{"type":"Feature","properties":{"id":1202303242,"highway":"residential"},"geometry":{"type":"LineString","coordinates":[[85.6059213,20.1811211],[85.6065531,20.1811253],[85.6065983,20.1811206],[85.6066545,20.1810983],[85.6067357,20.1810883],[85.6069912,20.1810218],[85.607124,20.1809952],[85.6072068,20.1809916],[85.6072506,20.1809968],[85.607507,20.1810798],[85.6077265,20.1812006],[85.607764,20.1811845],[85.6077979,20.1811175],[85.6079323,20.1804389],[85.6079758,20.180395],[85.6080811,20.1802924],[85.6081318,20.1801651],[85.6083082,20.1795058]]}},{"type":"Feature","properties":{"id":1202303243,"highway":"residential"},"geometry":{"type":"LineString","coordinates":[[85.6085145,20.1794072],[85.6097316,20.1796421]]}},{"type":"Feature","properties":{"id":1202304694,"highway":"residential"},"geometry":{"type":"LineString","coordinates":[[85.6094427,20.1799191],[85.6086637,20.1798003]]}},{"type":"Feature","properties":{"id":1202790671,"highway":"residential"},"geometry":{"type":"LineString","coordinates":[[85.6131939,20.1829768],[85.613183,20.1828411],[85.6130684,20.1803704],[85.6130857,20.1802382],[85.6130996,20.1801397]]}},{"type":"Feature","properties":{"id":1202790672,"highway":"tertiary"},"geometry":{"type":"LineString","coordinates":[[85.6131939,20.1829768],[85.6128184,20.1830712],[85.6126822,20.1831054],[85.6125625,20.183111],[85.6125027,20.1830914],[85.6124843,20.1830763],[85.6124339,20.1830352],[85.612398,20.1830043],[85.6123381,20.1829987],[85.6122065,20.1830268],[85.6119126,20.1831245],[85.6116994,20.1831953],[85.6113217,20.1833694],[85.6112304,20.1834191],[85.610896,20.1836445]]}},{"type":"Feature","properties":{"id":1202790673,"highway":"residential"},"geometry":{"type":"LineString","coordinates":[[85.6150128,20.1826112],[85.6149191,20.1825195],[85.6144263,20.1819688]]}},{"type":"Feature","properties":{"id":1202791835,"highway":"residential"},"geometry":{"type":"LineString","coordinates":[[85.6135583,20.1804989],[85.6140151,20.1804835]]}},{"type":"Feature","properties":{"id":1202793048,"highway":"residential"},"geometry":{"type":"LineString","coordinates":[[85.6098666,20.1713035],[85.6113743,20.1716025],[85.6115258,20.1716287],[85.6120537,20.1717201],[85.6126534,20.171824]]}},{"type":"Feature","properties":{"id":1202794150,"highway":"residential"},"geometry":{"type":"LineString","coordinates":[[85.6175876,20.174812],[85.6174408,20.1737214]]}},{"type":"Feature","properties":{"id":1209044849,"highway":"trunk"},"geometry":{"type":"LineString","coordinates":[[85.6472998,20.1918749],[85.6477106,20.1921566],[85.6480825,20.1923849],[85.6485117,20.1926181],[85.6496011,20.1931938],[85.6505412,20.1937156],[85.650979,20.1939342],[85.6513109,20.1940907],[85.6518791,20.1943386],[85.6524073,20.1945278],[85.6528138,20.1946652],[85.6540962,20.1950985],[85.6547265,20.1953224],[85.655111,20.1954589],[85.6560386,20.195797],[85.6566905,20.1960637],[85.6571892,20.1963197],[85.6574677,20.196492],[85.6579535,20.1968183],[85.6587377,20.1974022],[85.6588317,20.1974806],[85.659064,20.1976375]]}},{"type":"Feature","properties":{"id":1209044850,"highway":"primary"},"geometry":{"type":"LineString","coordinates":[[85.6442063,20.1859566],[85.6441874,20.185975]]}},{"type":"Feature","properties":{"id":1209044851,"highway":"primary"},"geometry":{"type":"LineString","coordinates":[[85.6442196,20.1860902],[85.6442456,20.1860976],[85.6442728,20.1860967]]}},{"type":"Feature","properties":{"id":1209044852,"highway":"primary"},"geometry":{"type":"LineString","coordinates":[[85.6441874,20.185975],[85.6441754,20.1859994],[85.6441729,20.1860262],[85.6441802,20.1860523],[85.6441964,20.1860744],[85.6442196,20.1860902]]}},{"type":"Feature","properties":{"id":1209044853,"highway":"trunk"},"geometry":{"type":"LineString","coordinates":[[85.6292512,20.1730074],[85.6305722,20.1733135],[85.6319409,20.1736525],[85.6322508,20.1737266]]}},{"type":"Feature","properties":{"id":1209044854,"highway":"trunk"},"geometry":{"type":"LineString","coordinates":[[85.6235815,20.171606],[85.6237361,20.1716466],[85.6261704,20.1722364],[85.6264586,20.1723088],[85.6274845,20.1725667],[85.6292512,20.1730074]]}},{"type":"Feature","properties":{"id":1209044855,"highway":"secondary"},"geometry":{"type":"LineString","coordinates":[[85.6234649,20.1713471],[85.6234734,20.1717014]]}},{"type":"Feature","properties":{"id":1209044858,"highway":"secondary"},"geometry":{"type":"LineString","coordinates":[[85.6140655,20.1658381],[85.6140798,20.1657707],[85.6140921,20.1655985]]}},{"type":"Feature","properties":{"id":1209044859,"highway":"primary"},"geometry":{"type":"LineString","coordinates":[[85.6142334,20.1737236],[85.6142007,20.1737349],[85.614177,20.1737589]]}},{"type":"Feature","properties":{"id":1209044860,"highway":"primary"},"geometry":{"type":"LineString","coordinates":[[85.6141687,20.1738063],[85.6141868,20.1738405],[85.6142214,20.1738607]]}},{"type":"Feature","properties":{"id":1209044861,"highway":"primary"},"geometry":{"type":"LineString","coordinates":[[85.614177,20.1737589],[85.6141687,20.1738063]]}},{"type":"Feature","properties":{"id":1209044862,"highway":"secondary"},"geometry":{"type":"LineString","coordinates":[[85.6135447,20.1727107],[85.6137865,20.1730419],[85.6140943,20.1735026]]}},{"type":"Feature","properties":{"id":1209044863,"highway":"secondary"},"geometry":{"type":"LineString","coordinates":[[85.6132297,20.172405],[85.6132924,20.1724658],[85.6135447,20.1727107]]}},{"type":"Feature","properties":{"id":1209044864,"highway":"secondary"},"geometry":{"type":"LineString","coordinates":[[85.6133834,20.1723336],[85.613327,20.1722832]]}},{"type":"Feature","properties":{"id":1209044865,"highway":"secondary"},"geometry":{"type":"LineString","coordinates":[[85.6140341,20.1652358],[85.6140318,20.1653332],[85.614027,20.1655422]]}},{"type":"Feature","properties":{"id":1209044866,"highway":"unclassified"},"geometry":{"type":"LineString","coordinates":[[85.6143755,20.1631793],[85.6143382,20.1633018],[85.6142175,20.1639275],[85.6141642,20.1643538],[85.6140341,20.1652358]]}},{"type":"Feature","properties":{"id":1209044868,"highway":"trunk"},"geometry":{"type":"LineString","coordinates":[[85.6207905,20.1704337],[85.619006,20.169387],[85.6186746,20.1691539],[85.6180854,20.1687012]]}},{"type":"Feature","properties":{"id":1209044869,"highway":"trunk"},"geometry":{"type":"LineString","coordinates":[[85.6322973,20.1736043],[85.6305224,20.1731766],[85.6280766,20.1725941]]}},{"type":"Feature","properties":{"id":1209044870,"highway":"primary"},"geometry":{"type":"LineString","coordinates":[[85.644836,20.1858095],[85.6448185,20.1857882],[85.6447955,20.1857722],[85.6447688,20.1857627]]}},{"type":"Feature","properties":{"id":1209044871,"highway":"primary"},"geometry":{"type":"LineString","coordinates":[[85.644823,20.1859226],[85.6448406,20.1858972],[85.6448489,20.185868],[85.6448474,20.1858378],[85.644836,20.1858095]]}},{"type":"Feature","properties":{"id":1209044872,"highway":"trunk"},"geometry":{"type":"LineString","coordinates":[[85.6591757,20.1975753],[85.6591409,20.1975493],[85.6590342,20.1974592],[85.6588365,20.197317],[85.6579984,20.1967087],[85.6575265,20.1963911],[85.657261,20.196237],[85.6567725,20.195992],[85.6560807,20.1956754],[85.655377,20.1954267],[85.6541537,20.194994],[85.6525719,20.1944877],[85.6524931,20.1944683],[85.6520924,20.1943216],[85.6519324,20.194263],[85.6513556,20.1940165],[85.6510461,20.1938698],[85.6506341,20.1936515],[85.649681,20.193146],[85.648584,20.1925601],[85.6481363,20.1923185],[85.647768,20.1920895],[85.6474599,20.1918559]]}},{"type":"Feature","properties":{"id":1209072885,"highway":"trunk"},"geometry":{"type":"LineString","coordinates":[[85.6223167,20.1863356],[85.6223348,20.1863183],[85.622342,20.186299],[85.6223376,20.1862736],[85.6223275,20.1862469]]}},{"type":"Feature","properties":{"id":1209072886,"highway":"trunk"},"geometry":{"type":"LineString","coordinates":[[85.6223167,20.1863356],[85.6223706,20.1863264],[85.6224994,20.1862967]]}},{"type":"Feature","properties":{"id":1209072887,"highway":"trunk"},"geometry":{"type":"LineString","coordinates":[[85.6118503,20.1880282],[85.6120212,20.1879761],[85.6124931,20.1878323],[85.6133267,20.1876223],[85.6133862,20.1876073],[85.613943,20.1874671],[85.6147346,20.1872645],[85.6149664,20.1872245],[85.6155581,20.1871223],[85.6156775,20.1871017],[85.6159146,20.1870608],[85.6160539,20.1870368],[85.6165909,20.186978],[85.6170134,20.1869318],[85.6173314,20.1869206],[85.6177845,20.1869046],[85.6179356,20.1868993],[85.6181654,20.1868929],[85.6189733,20.1868702],[85.6191856,20.1868642],[85.6195306,20.1868463],[85.6196632,20.1868394],[85.6200998,20.1868167],[85.6206941,20.1868067],[85.6210939,20.1867692],[85.6212101,20.1867351],[85.6213348,20.1866984],[85.6216768,20.186598],[85.622015,20.1864723],[85.6222108,20.1863808],[85.6223167,20.1863356]]}},{"type":"Feature","properties":{"id":1209072888,"highway":"primary"},"geometry":{"type":"LineString","coordinates":[[85.6142214,20.1738607],[85.6142591,20.1738617],[85.6142899,20.1738473],[85.6143107,20.1738215]]}},{"type":"Feature","properties":{"id":1209072889,"highway":"secondary"},"geometry":{"type":"LineString","coordinates":[[85.6213236,20.184872],[85.6213438,20.1848567],[85.6213586,20.1848368],[85.621367,20.1848138],[85.6213681,20.1847895],[85.6213621,20.1847659],[85.6213492,20.1847447],[85.6213306,20.1847278],[85.6213055,20.1847157],[85.6212776,20.1847113]]}},{"type":"Feature","properties":{"id":1209072891,"highway":"trunk"},"geometry":{"type":"LineString","coordinates":[[85.6223275,20.1862469],[85.6223041,20.186223]]}},{"type":"Feature","properties":{"id":1209072892,"highway":"trunk"},"geometry":{"type":"LineString","coordinates":[[85.6224994,20.1862967],[85.6226572,20.1863104],[85.6227923,20.1863021],[85.6233414,20.1861955],[85.6235553,20.186149],[85.6239595,20.1860611],[85.6245174,20.1859655],[85.6246029,20.1859767],[85.6250338,20.1859762],[85.625651,20.1860128],[85.6257049,20.1860224],[85.6262663,20.1860575],[85.6266056,20.1860929],[85.627234,20.1862273],[85.6274049,20.1862639],[85.6285117,20.1864844],[85.6290986,20.1866013],[85.629445,20.1866704],[85.6300762,20.1867961],[85.6306333,20.1869071],[85.6311187,20.1870133]]}},{"type":"Feature","properties":{"id":1209072893,"highway":"primary"},"geometry":{"type":"LineString","coordinates":[[85.6443069,20.1859572],[85.644284,20.1859454],[85.6442573,20.185941],[85.6442304,20.1859449],[85.6442063,20.1859566]]}},{"type":"Feature","properties":{"id":1209072894,"highway":"primary"},"geometry":{"type":"LineString","coordinates":[[85.6447688,20.1857627],[85.6447388,20.1857605],[85.6447095,20.1857664],[85.6446831,20.18578],[85.6446621,20.1858001],[85.644648,20.1858251]]}},{"type":"Feature","properties":{"id":1209425340,"highway":"primary"},"geometry":{"type":"LineString","coordinates":[[85.644648,20.1858251],[85.6446423,20.1858514],[85.6446444,20.1858782],[85.6446543,20.1859035],[85.6446711,20.1859252]]}},{"type":"Feature","properties":{"id":1209425341,"highway":"primary"},"geometry":{"type":"LineString","coordinates":[[85.6443399,20.1860251],[85.6443374,20.1859997],[85.6443263,20.1859764],[85.6443069,20.1859572]]}},{"type":"Feature","properties":{"id":1210273158,"highway":"primary"},"geometry":{"type":"LineString","coordinates":[[85.6866613,20.1674858],[85.6862112,20.1675935],[85.6850425,20.1678731],[85.6839872,20.1681239],[85.6838866,20.1681503],[85.6832981,20.1683447],[85.6832102,20.1683712],[85.6827135,20.1685975],[85.6824201,20.168738],[85.6821748,20.1688625],[85.6820539,20.1689298],[85.6811546,20.1695083],[85.6802175,20.1701112],[85.6792626,20.1707137]]}},{"type":"Feature","properties":{"id":1210273159,"highway":"unclassified"},"geometry":{"type":"LineString","coordinates":[[85.6866613,20.1674858],[85.6867392,20.1675535]]}},{"type":"Feature","properties":{"id":1210273160,"highway":"secondary"},"geometry":{"type":"LineString","coordinates":[[85.6405211,20.1406439],[85.6405433,20.1405],[85.6406476,20.139823],[85.6408031,20.1389661],[85.6408657,20.1385624],[85.6409009,20.1383525],[85.6410555,20.1379415],[85.6411051,20.1378097],[85.6411484,20.137724],[85.6413467,20.1373319],[85.6414704,20.137106],[85.6417418,20.1366107],[85.6423172,20.1354899],[85.6429346,20.1343801],[85.6431011,20.1340915],[85.6432828,20.1337849],[85.6437507,20.1329473],[85.6440326,20.1323074],[85.6440421,20.1322858],[85.6444523,20.131426],[85.6447145,20.1308735],[85.6448866,20.1305109],[85.6452995,20.1296061],[85.6453292,20.1295496],[85.6456293,20.1289788],[85.6460235,20.1283375],[85.646289,20.1279058]]}},{"type":"Feature","properties":{"id":1210273161,"highway":"primary"},"geometry":{"type":"LineString","coordinates":[[85.6793106,20.1707792],[85.6797906,20.1704668],[85.6806757,20.1699104],[85.6815993,20.1693092],[85.6822275,20.1689321],[85.6824752,20.1688009],[85.6832426,20.168455],[85.6833267,20.1684259],[85.6840731,20.1681896],[85.6852322,20.1679006],[85.6862384,20.1676661],[85.6867392,20.1675535],[85.6868833,20.1675211]]}},{"type":"Feature","properties":{"id":1239344935,"highway":"secondary"},"geometry":{"type":"LineString","coordinates":[[85.6281186,20.1724779],[85.626581,20.1721087],[85.626229,20.1720174],[85.6254818,20.1718534],[85.6245638,20.171621],[85.6234649,20.1713471]]}},{"type":"Feature","properties":{"id":1239344937,"highway":"secondary"},"geometry":{"type":"LineString","coordinates":[[85.6149529,20.1664557],[85.6158473,20.1672035],[85.6169184,20.1680414],[85.617888,20.1688282],[85.6179849,20.1689125],[85.6183657,20.1691982]]}},{"type":"Feature","properties":{"id":1239344938,"highway":"secondary"},"geometry":{"type":"LineString","coordinates":[[85.6140341,20.1652358],[85.612397,20.1639032],[85.6113354,20.1630512],[85.6101099,20.1620671],[85.6093809,20.1614521],[85.608975,20.1611384],[85.6087508,20.1609602]]}},{"type":"Feature","properties":{"id":1239344939,"highway":"secondary"},"geometry":{"type":"LineString","coordinates":[[85.6087508,20.1609602],[85.6086063,20.1608438],[85.6080825,20.1604042],[85.6072863,20.1597445],[85.6066175,20.1590664],[85.606432,20.1588183],[85.606137,20.1584633],[85.60595,20.1581805],[85.6057179,20.1577981],[85.6052805,20.1568869],[85.6049104,20.1560995],[85.6045729,20.1554233],[85.604383,20.1550964],[85.6041807,20.1549606]]}},{"type":"Feature","properties":{"id":1250765671,"highway":"residential"},"geometry":{"type":"LineString","coordinates":[[85.6150457,20.188627],[85.6151033,20.1886254],[85.6153501,20.1885347],[85.6156292,20.188445],[85.6157497,20.1884063],[85.6160476,20.1883123]]}},{"type":"Feature","properties":{"id":1250765672,"highway":"residential"},"geometry":{"type":"LineString","coordinates":[[85.6156292,20.188445],[85.6158265,20.1890843]]}},{"type":"Feature","properties":{"id":1250766529,"highway":"residential"},"geometry":{"type":"LineString","coordinates":[[85.604854,20.1609413],[85.6049967,20.1609816],[85.6054634,20.1610068]]}},{"type":"Feature","properties":{"id":1250768070,"highway":"residential"},"geometry":{"type":"LineString","coordinates":[[85.6054113,20.1628935],[85.6052274,20.16286],[85.6051298,20.1627696],[85.6051132,20.1625383],[85.6051443,20.1621467],[85.6051645,20.1619279],[85.6051862,20.1618531],[85.6054634,20.1619233]]}},{"type":"Feature","properties":{"id":1250768308,"highway":"residential"},"geometry":{"type":"LineString","coordinates":[[85.6102266,20.1643621],[85.6105068,20.1643495]]}},{"type":"Feature","properties":{"id":1250768309,"highway":"residential"},"geometry":{"type":"LineString","coordinates":[[85.6092386,20.1638118],[85.6087694,20.1638091],[85.6082967,20.1638363]]}},{"type":"Feature","properties":{"id":1250769183,"highway":"residential"},"geometry":{"type":"LineString","coordinates":[[85.6157573,20.1830595],[85.615794,20.1827438]]}},{"type":"Feature","properties":{"id":1250769189,"highway":"residential"},"geometry":{"type":"LineString","coordinates":[[85.6050148,20.1643981],[85.6050067,20.1646596],[85.6050045,20.1647067],[85.6050364,20.1648181]]}},{"type":"Feature","properties":{"id":1250769750,"highway":"residential"},"geometry":{"type":"LineString","coordinates":[[85.6071699,20.1868975],[85.607119,20.1865427],[85.6070761,20.1861949],[85.6071541,20.1861834]]}},{"type":"Feature","properties":{"id":1250772608,"highway":"residential"},"geometry":{"type":"LineString","coordinates":[[85.617888,20.1688282],[85.6178334,20.1690928],[85.6177952,20.169411],[85.6176713,20.1696919],[85.6176761,20.1698126],[85.6177357,20.1700744],[85.6177765,20.1702734],[85.6178391,20.1705292]]}},{"type":"Feature","properties":{"id":1250774545,"highway":"residential"},"geometry":{"type":"LineString","coordinates":[[85.6222152,20.1822002],[85.6220608,20.1821302],[85.6219749,20.1821135]]}},{"type":"Feature","properties":{"id":1250775355,"highway":"residential"},"geometry":{"type":"LineString","coordinates":[[85.6253721,20.1778008],[85.6256333,20.1777983]]}},{"type":"Feature","properties":{"id":1250776126,"highway":"residential"},"geometry":{"type":"LineString","coordinates":[[85.6147743,20.177328],[85.6146265,20.1770579]]}},{"type":"Feature","properties":{"id":1250776127,"highway":"residential"},"geometry":{"type":"LineString","coordinates":[[85.612615,20.1795922],[85.6124693,20.1793509]]}},{"type":"Feature","properties":{"id":1250776128,"highway":"residential"},"geometry":{"type":"LineString","coordinates":[[85.6129414,20.1776196],[85.6135097,20.1775843]]}},{"type":"Feature","properties":{"id":1250776474,"highway":"residential"},"geometry":{"type":"LineString","coordinates":[[85.6248924,20.1761107],[85.6248021,20.1753112]]}},{"type":"Feature","properties":{"id":1250779928,"highway":"residential"},"geometry":{"type":"LineString","coordinates":[[85.6130684,20.1803704],[85.6126664,20.1804266]]}},{"type":"Feature","properties":{"id":1250779929,"highway":"residential"},"geometry":{"type":"LineString","coordinates":[[85.6142778,20.1805575],[85.614599,20.1805291]]}},{"type":"Feature","properties":{"id":1251017400,"highway":"residential"},"geometry":{"type":"LineString","coordinates":[[85.6065283,20.1798385],[85.6066878,20.1798476],[85.6067299,20.1799128],[85.6067308,20.1800303]]}},{"type":"Feature","properties":{"id":1251017401,"highway":"residential"},"geometry":{"type":"LineString","coordinates":[[85.6065283,20.1798385],[85.6064445,20.1798122],[85.6064368,20.1797524],[85.6064424,20.1796599],[85.6064387,20.1795674],[85.6064399,20.1792633]]}},{"type":"Feature","properties":{"id":1251019899,"highway":"residential"},"geometry":{"type":"LineString","coordinates":[[85.6088765,20.1720621],[85.6088001,20.1720951],[85.6086016,20.1721454],[85.608371,20.1721555],[85.6081585,20.172184],[85.6079669,20.1722653]]}},{"type":"Feature","properties":{"id":1251021734,"highway":"residential"},"geometry":{"type":"LineString","coordinates":[[85.6063288,20.1705546],[85.6063628,20.1707541],[85.6064618,20.1711068],[85.6064612,20.1712025],[85.6064265,20.1712715],[85.6061626,20.1714087],[85.6054688,20.1715714]]}},{"type":"Feature","properties":{"id":1251021735,"highway":"residential"},"geometry":{"type":"LineString","coordinates":[[85.6054688,20.1715714],[85.6052355,20.1716133],[85.6048518,20.1716469]]}},{"type":"Feature","properties":{"id":1251021992,"highway":"residential"},"geometry":{"type":"LineString","coordinates":[[85.6067625,20.1660771],[85.6061061,20.1661965],[85.6061537,20.1665752],[85.6062205,20.1668438],[85.6063003,20.1670609],[85.6060472,20.1671248],[85.6058188,20.1671865]]}},{"type":"Feature","properties":{"id":1251024209,"highway":"residential"},"geometry":{"type":"LineString","coordinates":[[85.625323,20.1796395],[85.6253981,20.1796459],[85.6255242,20.1796303],[85.6255671,20.1795662],[85.6256241,20.1794711],[85.6256741,20.1793574],[85.6257421,20.1792924]]}},{"type":"Feature","properties":{"id":1251024892,"highway":"residential"},"geometry":{"type":"LineString","coordinates":[[85.6312147,20.1714128],[85.6314059,20.1709155],[85.6314761,20.1707228],[85.631554,20.1705366]]}},{"type":"Feature","properties":{"id":1251024893,"highway":"residential"},"geometry":{"type":"LineString","coordinates":[[85.6329572,20.1689261],[85.6329443,20.1695789],[85.6328884,20.1706187],[85.632742,20.1712208],[85.6325919,20.1716057]]}},{"type":"Feature","properties":{"id":1251024894,"highway":"residential"},"geometry":{"type":"LineString","coordinates":[[85.6327506,20.1745608],[85.6332006,20.1744305],[85.6335739,20.1743815]]}},{"type":"Feature","properties":{"id":1251025937,"highway":"residential"},"geometry":{"type":"LineString","coordinates":[[85.63436,20.1766819],[85.6345491,20.1766411],[85.6353021,20.1766712],[85.6356708,20.1765835],[85.6357211,20.17671],[85.6357385,20.1767816],[85.6357867,20.1769821]]}},{"type":"Feature","properties":{"id":1251026102,"highway":"residential"},"geometry":{"type":"LineString","coordinates":[[85.6377477,20.1698682],[85.6378835,20.1689078],[85.6379706,20.1685437],[85.6380024,20.1683997]]}},{"type":"Feature","properties":{"id":1251026532,"highway":"unclassified"},"geometry":{"type":"LineString","coordinates":[[85.652208,20.1760136],[85.6525021,20.175419]]}},{"type":"Feature","properties":{"id":1251026617,"highway":"residential"},"geometry":{"type":"LineString","coordinates":[[85.6463513,20.1837413],[85.6462005,20.1835499],[85.645882,20.1831441],[85.6451947,20.1821862],[85.6448927,20.1816454],[85.6447218,20.1813843],[85.6444773,20.1811627],[85.6440038,20.1808176],[85.6437278,20.1806096]]}},{"type":"Feature","properties":{"id":1251028383,"highway":"residential"},"geometry":{"type":"LineString","coordinates":[[85.6117824,20.1687978],[85.611788,20.168952]]}},{"type":"Feature","properties":{"id":1251028384,"highway":"residential"},"geometry":{"type":"LineString","coordinates":[[85.6155217,20.1658458],[85.6155646,20.1655489]]}},{"type":"Feature","properties":{"id":1251028842,"highway":"residential"},"geometry":{"type":"LineString","coordinates":[[85.6062695,20.1882243],[85.6062317,20.1879391],[85.6061434,20.1876686]]}},{"type":"Feature","properties":{"id":1251029154,"highway":"residential"},"geometry":{"type":"LineString","coordinates":[[85.6059532,20.1825961],[85.6059018,20.1821623],[85.6058737,20.1817788],[85.605858,20.1814645],[85.6058589,20.1813318],[85.6058736,20.1812177]]}},{"type":"Feature","properties":{"id":1251031281,"highway":"residential"},"geometry":{"type":"LineString","coordinates":[[85.6173882,20.1832963],[85.6173121,20.1833538],[85.6170438,20.183379],[85.6165823,20.1833739],[85.6165341,20.1833588],[85.6164482,20.1833696]]}},{"type":"Feature","properties":{"id":1251031282,"highway":"residential"},"geometry":{"type":"LineString","coordinates":[[85.6175024,20.1774803],[85.6176994,20.1772105],[85.6178703,20.1770045]]}},{"type":"Feature","properties":{"id":1251031283,"highway":"residential"},"geometry":{"type":"LineString","coordinates":[[85.6192487,20.17894],[85.6189824,20.1785982],[85.6189161,20.1784808],[85.6188955,20.1783334],[85.6192278,20.177942],[85.6196255,20.1774691],[85.6198684,20.1771676]]}},{"type":"Feature","properties":{"id":1251031284,"highway":"residential"},"geometry":{"type":"LineString","coordinates":[[85.6193841,20.1789878],[85.619603,20.1792339],[85.6198092,20.1794954]]}},{"type":"Feature","properties":{"id":1251032398,"highway":"residential"},"geometry":{"type":"LineString","coordinates":[[85.6201941,20.1791921],[85.620092,20.1789679],[85.6200112,20.1788663],[85.6199157,20.1788061]]}},{"type":"Feature","properties":{"id":1251032399,"highway":"residential"},"geometry":{"type":"LineString","coordinates":[[85.6201616,20.1786012],[85.6200463,20.1786974],[85.6199157,20.1788061],[85.6197833,20.1788961],[85.6196791,20.1789783],[85.6196362,20.1789828],[85.6195839,20.1789581],[85.6195555,20.1788875]]}},{"type":"Feature","properties":{"id":1251032400,"highway":"residential"},"geometry":{"type":"LineString","coordinates":[[85.6211956,20.1779337],[85.6210402,20.1783361]]}},{"type":"Feature","properties":{"id":1251032401,"highway":"residential"},"geometry":{"type":"LineString","coordinates":[[85.6206355,20.1782501],[85.6206284,20.1787533],[85.6206376,20.1788278]]}},{"type":"Feature","properties":{"id":1251032402,"highway":"residential"},"geometry":{"type":"LineString","coordinates":[[85.6214652,20.176814],[85.6209392,20.1770195],[85.6206024,20.1776388]]}},{"type":"Feature","properties":{"id":1251033171,"highway":"residential"},"geometry":{"type":"LineString","coordinates":[[85.6170344,20.1710318],[85.6168949,20.1710569],[85.6166374,20.1712231],[85.6164667,20.1714038],[85.6164449,20.1714926],[85.6164938,20.1718131]]}},{"type":"Feature","properties":{"id":1251033172,"highway":"residential"},"geometry":{"type":"LineString","coordinates":[[85.6206712,20.1737877],[85.6206532,20.1733267],[85.6206637,20.1728947],[85.6204234,20.1728854]]}},{"type":"Feature","properties":{"id":1251034114,"highway":"residential"},"geometry":{"type":"LineString","coordinates":[[85.602647,20.1800954],[85.6027836,20.1802523],[85.6028902,20.1803646],[85.6032986,20.1805592]]}},{"type":"Feature","properties":{"id":1251034115,"highway":"residential"},"geometry":{"type":"LineString","coordinates":[[85.6186512,20.1755135],[85.6187227,20.1755076],[85.6187478,20.1754902],[85.6187018,20.1752626],[85.6186835,20.1751353],[85.6186437,20.174866]]}},{"type":"Feature","properties":{"id":1251035381,"highway":"residential"},"geometry":{"type":"LineString","coordinates":[[85.6486659,20.1857586],[85.6479207,20.1857444]]}},{"type":"Feature","properties":{"id":1251036189,"highway":"residential"},"geometry":{"type":"LineString","coordinates":[[85.6484827,20.1821347],[85.6481832,20.1825606],[85.647837,20.1827341],[85.6477351,20.1828146],[85.6477457,20.183203]]}},{"type":"Feature","properties":{"id":1251036190,"highway":"residential"},"geometry":{"type":"LineString","coordinates":[[85.6503303,20.1806006],[85.6500488,20.1807266],[85.649889,20.1808638],[85.6498652,20.1809094]]}},{"type":"Feature","properties":{"id":1251036534,"highway":"unclassified"},"geometry":{"type":"LineString","coordinates":[[85.6185214,20.1639415],[85.6183994,20.1637429],[85.6183071,20.1636112],[85.6182432,20.1635098]]}},{"type":"Feature","properties":{"id":1251036854,"highway":"unclassified"},"geometry":{"type":"LineString","coordinates":[[85.6182432,20.1635098],[85.6182978,20.162715],[85.6181347,20.1623448]]}},{"type":"Feature","properties":{"id":1251038683,"highway":"residential"},"geometry":{"type":"LineString","coordinates":[[85.6126664,20.1804266],[85.6127947,20.1827692]]}},{"type":"Feature","properties":{"id":1251084508,"highway":"residential"},"geometry":{"type":"LineString","coordinates":[[85.6135097,20.1775843],[85.6135918,20.1771963]]}},{"type":"Feature","properties":{"id":1252230729,"highway":"secondary_link"},"geometry":{"type":"LineString","coordinates":[[85.6177528,20.1797017],[85.6176621,20.179747]]}},{"type":"Feature","properties":{"id":1252230732,"highway":"residential"},"geometry":{"type":"LineString","coordinates":[[85.6172166,20.1819559],[85.6172284,20.1825526],[85.6172279,20.1825951],[85.6172237,20.182979]]}},{"type":"Feature","properties":{"id":1252234802,"highway":"secondary_link"},"geometry":{"type":"LineString","coordinates":[[85.6185687,20.1808222],[85.6184838,20.1808954]]}},{"type":"Feature","properties":{"id":1252820877,"highway":"residential"},"geometry":{"type":"LineString","coordinates":[[85.6057162,20.1814756],[85.605858,20.1814645]]}},{"type":"Feature","properties":{"id":1252820878,"highway":"residential"},"geometry":{"type":"LineString","coordinates":[[85.6105015,20.181473],[85.6099562,20.1814931],[85.6096447,20.1815046],[85.6091291,20.1815408],[85.6084476,20.1815983]]}},{"type":"Feature","properties":{"id":1252820879,"highway":"residential"},"geometry":{"type":"LineString","coordinates":[[85.6059798,20.1832827],[85.6059532,20.1825961]]}},{"type":"Feature","properties":{"id":1252825964,"highway":"residential"},"geometry":{"type":"LineString","coordinates":[[85.6472728,20.1849497],[85.6472271,20.1848504],[85.6472017,20.1848121],[85.647137,20.1847737],[85.6470704,20.1847349],[85.6470028,20.1846762],[85.6465665,20.1840173],[85.6463513,20.1837413]]}},{"type":"Feature","properties":{"id":1252829402,"highway":"residential"},"geometry":{"type":"LineString","coordinates":[[85.609969,20.1724062],[85.6104084,20.1717493]]}},{"type":"Feature","properties":{"id":1253513491,"highway":"unclassified"},"geometry":{"type":"LineString","coordinates":[[85.6421619,20.1670596],[85.6422162,20.1671095],[85.6442377,20.1680685],[85.6459808,20.1688875],[85.6468604,20.1692375]]}},{"type":"Feature","properties":{"id":1253547668,"highway":"residential"},"geometry":{"type":"LineString","coordinates":[[85.6182216,20.1771128],[85.6185818,20.177208],[85.6188283,20.1772379],[85.6191465,20.1772083],[85.6192486,20.177255],[85.6193378,20.1773273],[85.6195123,20.1774184],[85.6196255,20.1774691]]}},{"type":"Feature","properties":{"id":1253547669,"highway":"residential"},"geometry":{"type":"LineString","coordinates":[[85.6181769,20.1761248],[85.6179293,20.1761631]]}},{"type":"Feature","properties":{"id":1254820349,"highway":"residential"},"geometry":{"type":"LineString","coordinates":[[85.6178391,20.1705292],[85.6178471,20.1706445],[85.6177563,20.1707948],[85.6176174,20.1709189],[85.617501,20.170974],[85.6173026,20.1710033]]}},{"type":"Feature","properties":{"id":1254821989,"highway":"residential"},"geometry":{"type":"LineString","coordinates":[[85.6210071,20.174456],[85.62105,20.1747614]]}},{"type":"Feature","properties":{"id":1344586259,"highway":"residential"},"geometry":{"type":"LineString","coordinates":[[85.6944217,20.1625086],[85.69501,20.1624728],[85.6959285,20.1624304],[85.6962956,20.1623922],[85.6964868,20.1623765],[85.6969804,20.1623363],[85.6972591,20.1623335],[85.6974645,20.1623571],[85.6975784,20.1625142],[85.6978053,20.1628271],[85.6979289,20.1629773],[85.6980609,20.1631434],[85.6982752,20.1634139],[85.6983954,20.1635657],[85.6988547,20.1641699]]}},{"type":"Feature","properties":{"id":1351817727,"highway":"secondary"},"geometry":{"type":"LineString","coordinates":[[85.6527343,20.1948166],[85.6528138,20.1946652]]}},{"type":"Feature","properties":{"id":1351820869,"highway":"trunk"},"geometry":{"type":"LineString","coordinates":[[85.632708,20.1738429],[85.6332138,20.173957],[85.634037,20.1742031],[85.6343736,20.1743053],[85.6349486,20.1745198],[85.6358301,20.174929],[85.6373392,20.1756786],[85.6374123,20.1757136]]}},{"type":"Feature","properties":{"id":1351820870,"highway":"trunk"},"geometry":{"type":"LineString","coordinates":[[85.6374123,20.1757136],[85.6375684,20.1757867]]}},{"type":"Feature","properties":{"id":1351820871,"highway":"trunk"},"geometry":{"type":"LineString","coordinates":[[85.6374866,20.1755976],[85.634994,20.174416],[85.634064,20.174061],[85.633217,20.173826],[85.6327148,20.1737052]]}},{"type":"Feature","properties":{"id":1351820872,"highway":"trunk"},"geometry":{"type":"LineString","coordinates":[[85.6376425,20.1756716],[85.6374866,20.1755976]]}},{"type":"Feature","properties":{"id":1351825236,"highway":"trunk"},"geometry":{"type":"LineString","coordinates":[[85.6141845,20.1656698],[85.6157442,20.1669206],[85.6168939,20.1678458],[85.6169525,20.1678981]]}},{"type":"Feature","properties":{"id":1351825239,"highway":"trunk"},"geometry":{"type":"LineString","coordinates":[[85.6139138,20.1654501],[85.6141845,20.1656698]]}},{"type":"Feature","properties":{"id":1351825241,"highway":"trunk"},"geometry":{"type":"LineString","coordinates":[[85.6170133,20.1678315],[85.6142621,20.1656066],[85.6142438,20.1655918]]}},{"type":"Feature","properties":{"id":1351825243,"highway":"trunk"},"geometry":{"type":"LineString","coordinates":[[85.6142438,20.1655918],[85.6141039,20.1654786],[85.6139746,20.1653756]]}},{"type":"Feature","properties":{"id":1351830245,"highway":"tertiary"},"geometry":{"type":"LineString","coordinates":[[85.6003909,20.1481062],[85.6006068,20.1485061],[85.6007528,20.1487559],[85.6009285,20.148914]]}},{"type":"Feature","properties":{"id":1351834750,"highway":"secondary"},"geometry":{"type":"LineString","coordinates":[[85.6058052,20.1586681],[85.6058542,20.1590782],[85.6058903,20.1593076]]}},{"type":"Feature","properties":{"id":1351835759,"highway":"secondary"},"geometry":{"type":"LineString","coordinates":[[85.6083482,20.161096],[85.6084346,20.1610149]]}},{"type":"Feature","properties":{"id":1351835760,"highway":"secondary"},"geometry":{"type":"LineString","coordinates":[[85.6085127,20.160938],[85.6086063,20.1608438]]}},{"type":"Feature","properties":{"id":1351837152,"highway":"trunk"},"geometry":{"type":"LineString","coordinates":[[85.6210411,20.1705572],[85.6207905,20.1704337]]}},{"type":"Feature","properties":{"id":1351837153,"highway":"trunk"},"geometry":{"type":"LineString","coordinates":[[85.621172,20.1706169],[85.6210411,20.1705572]]}},{"type":"Feature","properties":{"id":1351837154,"highway":"secondary"},"geometry":{"type":"LineString","coordinates":[[85.6209445,20.1703604],[85.6208575,20.170318]]}},{"type":"Feature","properties":{"id":1351837257,"highway":"trunk"},"geometry":{"type":"LineString","coordinates":[[85.6233517,20.1714286],[85.622803,20.171268],[85.6215146,20.1707724],[85.6213558,20.1706922],[85.621172,20.1706169]]}},{"type":"Feature","properties":{"id":1351837258,"highway":"trunk"},"geometry":{"type":"LineString","coordinates":[[85.6233376,20.171536],[85.6235815,20.171606]]}},{"type":"Feature","properties":{"id":1351837260,"highway":"trunk"},"geometry":{"type":"LineString","coordinates":[[85.623618,20.1715054],[85.6233517,20.1714286]]}},{"type":"Feature","properties":{"id":1351837804,"highway":"secondary"},"geometry":{"type":"LineString","coordinates":[[85.6261344,20.1723502],[85.6271187,20.1726007],[85.6287195,20.1729955],[85.6290156,20.173064],[85.6293814,20.1731457]]}},{"type":"Feature","properties":{"id":1351840158,"highway":"secondary"},"geometry":{"type":"LineString","coordinates":[[85.6627893,20.2000408],[85.6626298,20.1999284],[85.6624436,20.1997921],[85.6621851,20.1996027],[85.6618196,20.1993326],[85.6613051,20.1989583],[85.661106,20.1988125]]}},{"type":"Feature","properties":{"id":1351840159,"highway":"trunk"},"geometry":{"type":"LineString","coordinates":[[85.6606355,20.1987607],[85.6613827,20.1993113],[85.6617322,20.1995688],[85.6626022,20.2002079],[85.6626368,20.2002293]]}},{"type":"Feature","properties":{"id":1351840160,"highway":"trunk"},"geometry":{"type":"LineString","coordinates":[[85.6626847,20.2001635],[85.6624878,20.2000196],[85.6618152,20.1995282],[85.6610184,20.1989367],[85.6607617,20.1987461]]}},{"type":"Feature","properties":{"id":1351840266,"highway":"secondary"},"geometry":{"type":"LineString","coordinates":[[85.661106,20.1988125],[85.6609411,20.1986918],[85.6607942,20.1985735]]}},{"type":"Feature","properties":{"id":1351840267,"highway":"secondary"},"geometry":{"type":"LineString","coordinates":[[85.660215,20.1986517],[85.6608493,20.1991071],[85.6610778,20.1992695],[85.6613042,20.1994323]]}},{"type":"Feature","properties":{"id":1351846306,"highway":"trunk"},"geometry":{"type":"LineString","coordinates":[[85.6607617,20.1987461],[85.659423,20.197749]]}},{"type":"Feature","properties":{"id":1351846307,"highway":"trunk"},"geometry":{"type":"LineString","coordinates":[[85.659423,20.197749],[85.6591757,20.1975753]]}},{"type":"Feature","properties":{"id":1351846308,"highway":"trunk"},"geometry":{"type":"LineString","coordinates":[[85.6593466,20.1978363],[85.6606355,20.1987607]]}},{"type":"Feature","properties":{"id":1351846309,"highway":"trunk"},"geometry":{"type":"LineString","coordinates":[[85.659064,20.1976375],[85.6593466,20.1978363]]}},{"type":"Feature","properties":{"id":1351846310,"highway":"secondary"},"geometry":{"type":"LineString","coordinates":[[85.6281186,20.1724779],[85.6280766,20.1725941]]}},{"type":"Feature","properties":{"id":1351846311,"highway":"secondary"},"geometry":{"type":"LineString","coordinates":[[85.6292512,20.1730074],[85.6293814,20.1731457]]}},{"type":"Feature","properties":{"id":1351846312,"highway":"secondary"},"geometry":{"type":"LineString","coordinates":[[85.6261344,20.1723502],[85.6264586,20.1723088]]}},{"type":"Feature","properties":{"id":1351846313,"highway":"secondary"},"geometry":{"type":"LineString","coordinates":[[85.6207905,20.1704337],[85.6208575,20.170318]]}},{"type":"Feature","properties":{"id":1351846314,"highway":"secondary"},"geometry":{"type":"LineString","coordinates":[[85.6234649,20.1713471],[85.6233968,20.1713221],[85.6227801,20.1711176],[85.6218354,20.170746],[85.6213723,20.1705663],[85.6210497,20.1704127],[85.6209445,20.1703604]]}},{"type":"Feature","properties":{"id":1351847659,"highway":"secondary"},"geometry":{"type":"LineString","coordinates":[[85.6141046,20.1652793],[85.6140341,20.1652358]]}},{"type":"Feature","properties":{"id":1351847660,"highway":"secondary"},"geometry":{"type":"LineString","coordinates":[[85.6140921,20.1655985],[85.6141046,20.1652793]]}},{"type":"Feature","properties":{"id":1351847661,"highway":"trunk"},"geometry":{"type":"LineString","coordinates":[[85.6139746,20.1653756],[85.6128564,20.1644689],[85.60868,20.1610629],[85.6085127,20.160938],[85.6082689,20.1607558],[85.6076184,20.1602281],[85.6072148,20.1598834],[85.6069185,20.1596059],[85.6065538,20.1592112],[85.6064451,20.1590838]]}},{"type":"Feature","properties":{"id":1351847662,"highway":"trunk"},"geometry":{"type":"LineString","coordinates":[[85.6064451,20.1590838],[85.6062105,20.158799]]}},{"type":"Feature","properties":{"id":1351847663,"highway":"trunk"},"geometry":{"type":"LineString","coordinates":[[85.6063567,20.1591684],[85.6065073,20.1593543],[85.6067961,20.1596597],[85.6070205,20.1598792],[85.6075382,20.1602931],[85.6084346,20.1610149],[85.6095271,20.1618875],[85.6105307,20.16271],[85.6116256,20.1635989],[85.6124285,20.1642276],[85.6136472,20.1652333],[85.6139138,20.1654501]]}},{"type":"Feature","properties":{"id":1351847664,"highway":"trunk"},"geometry":{"type":"LineString","coordinates":[[85.6060851,20.1588335],[85.6063567,20.1591684]]}},{"type":"Feature","properties":{"id":1351847665,"highway":"secondary"},"geometry":{"type":"LineString","coordinates":[[85.6207266,20.170525],[85.6206661,20.17066]]}},{"type":"Feature","properties":{"id":1351847666,"highway":"secondary"},"geometry":{"type":"LineString","coordinates":[[85.6398592,20.1771483],[85.6400591,20.1773254],[85.6401477,20.1774171],[85.6402515,20.177529],[85.6404328,20.1777437],[85.6406202,20.1780052],[85.6408639,20.1783536],[85.641021,20.1786667],[85.6413461,20.1793928],[85.6413743,20.1794705],[85.6416346,20.1800826],[85.6418502,20.1805395],[85.6427964,20.1823442],[85.6429022,20.1825581],[85.6432207,20.1832509],[85.6434697,20.1837927],[85.6435126,20.1838859],[85.6435827,20.1840711],[85.6439183,20.1849575],[85.6441068,20.1854917]]}},{"type":"Feature","properties":{"id":1356633425,"highway":"unclassified"},"geometry":{"type":"LineString","coordinates":[[85.6216768,20.186598],[85.621748,20.1868523],[85.6218378,20.1870601],[85.6221549,20.1874195],[85.6222537,20.1875346],[85.6225379,20.1876497],[85.6227323,20.1877143],[85.6227742,20.1878744],[85.6227831,20.1879085],[85.6228161,20.1880344],[85.6230041,20.1884014],[85.6230405,20.1884725],[85.6230884,20.1886129],[85.6231362,20.1888347],[85.6231608,20.1890397],[85.623223,20.1895591],[85.6232529,20.189781],[85.623254,20.1898684],[85.6232559,20.1900224],[85.6232379,20.1906542],[85.6232242,20.190932]]}},{"type":"Feature","properties":{"id":1356633426,"highway":"unclassified"},"geometry":{"type":"LineString","coordinates":[[85.6232242,20.190932],[85.6232112,20.1912192]]}},{"type":"Feature","properties":{"id":1356633427,"highway":"residential"},"geometry":{"type":"LineString","coordinates":[[85.6153886,20.197637],[85.6155207,20.1976375],[85.6156939,20.1976382],[85.6161516,20.1976399]]}},{"type":"Feature","properties":{"id":1356633428,"highway":"residential"},"geometry":{"type":"LineString","coordinates":[[85.616975,20.1985569],[85.617481,20.1987516]]}},{"type":"Feature","properties":{"id":1356633429,"highway":"residential"},"geometry":{"type":"LineString","coordinates":[[85.6179614,20.1992992],[85.6181466,20.1988681]]}},{"type":"Feature","properties":{"id":1356633430,"highway":"residential"},"geometry":{"type":"LineString","coordinates":[[85.614299,20.1977582],[85.6142673,20.1977474],[85.6142378,20.19773],[85.6142022,20.1976801],[85.6138543,20.1971469],[85.6137911,20.1970967],[85.6137305,20.1970893],[85.6135971,20.1970538],[85.6134744,20.1970193],[85.6133337,20.1970019],[85.6131942,20.1969696],[85.6130338,20.1969113],[85.6127955,20.1968154],[85.6126919,20.1967741],[85.6125138,20.1967419],[85.6123242,20.196714],[85.6122274,20.1966795],[85.6121343,20.1966334],[85.6121026,20.1966138],[85.6126046,20.196583],[85.6130729,20.1965477],[85.6131201,20.196555],[85.613249,20.1966001],[85.6135268,20.1966625],[85.6138508,20.1967318],[85.614107,20.1967739],[85.6142972,20.1967915],[85.6144463,20.1967881],[85.6146337,20.1967536],[85.6148232,20.1967211],[85.6150104,20.1966884],[85.6154651,20.1965904],[85.6155207,20.1976375]]}},{"type":"Feature","properties":{"id":1356633431,"highway":"residential"},"geometry":{"type":"LineString","coordinates":[[85.6168453,20.1962921],[85.6167542,20.1963252],[85.6166711,20.1963655],[85.6166324,20.1963996],[85.6166048,20.1964352],[85.6165562,20.1964486],[85.6161179,20.1965183]]}},{"type":"Feature","properties":{"id":1356633432,"highway":"unclassified"},"geometry":{"type":"LineString","coordinates":[[85.6219888,20.1948399],[85.6229517,20.1947873],[85.6235102,20.1947595],[85.6240565,20.1947224],[85.6244454,20.1946972],[85.6247699,20.1946469],[85.6251481,20.1946444],[85.6254271,20.194589],[85.625824,20.1945613],[85.6260976,20.1945361],[85.6262934,20.1945311],[85.6262183,20.1942139],[85.6260627,20.1941032],[85.6257838,20.1940478],[85.6252903,20.1939974],[85.6248772,20.1939018],[85.6245929,20.1938111],[85.6244159,20.1937432],[85.6240913,20.1936173],[85.6239653,20.193572],[85.6236756,20.1934663],[85.623343,20.1933631],[85.6231928,20.1933177],[85.6230593,20.1931523]]}},{"type":"Feature","properties":{"id":1356633433,"highway":"unclassified"},"geometry":{"type":"LineString","coordinates":[[85.6232112,20.1912192],[85.6232102,20.1912455],[85.623205,20.1913197],[85.623202,20.1915425],[85.6231931,20.1921901],[85.6231631,20.1928696],[85.6230593,20.1931523],[85.6228888,20.1934046],[85.6227211,20.1936527],[85.6225896,20.1938472],[85.6219888,20.1948399]]}},{"type":"Feature","properties":{"id":1356633434,"highway":"residential"},"geometry":{"type":"LineString","coordinates":[[85.613049,20.1958785],[85.6126645,20.1959982],[85.6124753,20.1961003],[85.612379,20.1961548],[85.6122486,20.1962017],[85.6121529,20.1962324],[85.6120764,20.1962718],[85.6120074,20.1963407],[85.6119505,20.1964051],[85.6119386,20.1964441],[85.6119326,20.1965202],[85.6119326,20.1965768],[85.611951,20.1966013],[85.6119957,20.1966084],[85.6121026,20.1966138]]}},{"type":"Feature","properties":{"id":1356633436,"highway":"residential"},"geometry":{"type":"LineString","coordinates":[[85.6119386,20.1964441],[85.6111215,20.1964442]]}},{"type":"Feature","properties":{"id":1356633437,"highway":"residential"},"geometry":{"type":"LineString","coordinates":[[85.615213,20.1940441],[85.6154703,20.1952872]]}},{"type":"Feature","properties":{"id":1363529005,"highway":"primary"},"geometry":{"type":"LineString","coordinates":[[85.6792626,20.1707137],[85.6790959,20.1708321],[85.6790331,20.1709068]]}},{"type":"Feature","properties":{"id":1363529006,"highway":"primary"},"geometry":{"type":"LineString","coordinates":[[85.6790331,20.1709068],[85.6791334,20.1708945],[85.6793106,20.1707792]]}},{"type":"Feature","properties":{"id":1363656092,"highway":"unclassified"},"geometry":{"type":"LineString","coordinates":[[85.6524539,20.1761248],[85.6527129,20.1762209],[85.6530163,20.1762447],[85.6532367,20.1762404],[85.6533335,20.176246],[85.6533948,20.1762593],[85.6534469,20.1762779],[85.6534859,20.1763033],[85.6535124,20.1763505],[85.6535323,20.1764593],[85.6535709,20.1767186],[85.6535977,20.1768922],[85.6536301,20.177059],[85.6536866,20.1773347],[85.6537728,20.1777672],[85.6538392,20.1781059],[85.6539071,20.1784294],[85.6539853,20.1787459],[85.6540876,20.1789581],[85.6541806,20.1791154],[85.6542392,20.1791861],[85.6543032,20.179247],[85.6544433,20.1793956],[85.6545582,20.1795126],[85.6546503,20.1796177],[85.6547855,20.1797837],[85.6549751,20.180013],[85.6552197,20.1803186],[85.6553936,20.1805105],[85.6554645,20.1806089],[85.6554769,20.1806603],[85.6554709,20.1807105],[85.6554497,20.1807866],[85.6554295,20.1808626],[85.6554005,20.1809278],[85.6553629,20.1809894],[85.6553067,20.1810486],[85.6552368,20.1810863],[85.6550976,20.1811548],[85.6549776,20.1812051],[85.654905,20.1812287],[85.6548588,20.1812495]]}},{"type":"Feature","properties":{"id":1363656093,"highway":"unclassified"},"geometry":{"type":"LineString","coordinates":[[85.6548588,20.1812495],[85.6548713,20.1812809],[85.6549101,20.1813999],[85.6549595,20.1816122],[85.655079,20.1820967]]}},{"type":"Feature","properties":{"id":1364917629,"highway":"primary"},"geometry":{"type":"LineString","coordinates":[[85.6171686,20.1677537],[85.6169184,20.1680414],[85.6168894,20.1680747]]}},{"type":"Feature","properties":{"id":1387161486,"highway":"residential"},"geometry":{"type":"LineString","coordinates":[[85.6161203,20.1747427],[85.6162255,20.1743089]]}},{"type":"Feature","properties":{"id":1450195248,"highway":"primary"},"geometry":{"type":"LineString","coordinates":[[85.5995985,20.1926302],[85.6012202,20.1928796],[85.6025328,20.19334],[85.6056881,20.1947035],[85.610234,20.1974213],[85.6118334,20.1982405],[85.6122173,20.1984371]]}},{"type":"Feature","properties":{"id":1450195249,"highway":"primary"},"geometry":{"type":"LineString","coordinates":[[85.6387865,20.1974092],[85.6424975,20.1961802],[85.6466486,20.1947513],[85.6479829,20.1945246],[85.6502375,20.1943677],[85.6504901,20.1943148],[85.6506789,20.1942391],[85.650838,20.1940425]]}},{"type":"Feature","properties":{"id":1478813046,"highway":"residential"},"geometry":{"type":"LineString","coordinates":[[85.6990696,20.1719942],[85.6989218,20.172],[85.6987941,20.172],[85.6986743,20.1719912],[85.6985606,20.1719693],[85.6984423,20.1719503],[85.6983178,20.1719488],[85.6981901,20.1719488],[85.6979395,20.1719401],[85.6978222,20.1719226],[85.6977123,20.1719149],[85.6976004,20.1719139],[85.6975018,20.1719139],[85.6974073,20.1719033],[85.6973138,20.1718821],[85.6972132,20.1718512],[85.6971084,20.1718213],[85.6969975,20.171803],[85.6969318,20.1718001],[85.6968496,20.1718059],[85.6968024,20.1718204],[85.6967428,20.1718551],[85.6966997,20.1718936],[85.6966637,20.1719737],[85.6966494,20.1720363],[85.6966453,20.1721472]]}},{"type":"Feature","properties":{"id":1478813047,"highway":"residential"},"geometry":{"type":"LineString","coordinates":[[85.6990707,20.1723258],[85.6989062,20.1723243],[85.6986478,20.1723243],[85.6982633,20.1723229]]}},{"type":"Feature","properties":{"id":1478813048,"highway":"residential"},"geometry":{"type":"LineString","coordinates":[[85.6985606,20.1719693],[85.6985563,20.1718709],[85.6985445,20.171748],[85.6985303,20.1716594],[85.6985056,20.1716118],[85.6984607,20.1716007],[85.6983876,20.1716007],[85.6981457,20.1716184]]}},{"type":"Feature","properties":{"id":1478814740,"highway":"residential"},"geometry":{"type":"LineString","coordinates":[[85.6996239,20.1713243],[85.6995996,20.171306],[85.6995813,20.171285],[85.6995779,20.1712583],[85.6995711,20.1711253],[85.6995691,20.1710637],[85.699563,20.1710338],[85.6995339,20.1710166],[85.6994912,20.1710172],[85.6993401,20.171028]]}},{"type":"Feature","properties":{"id":1478814742,"highway":"residential"},"geometry":{"type":"LineString","coordinates":[[85.6995917,20.1715031],[85.699689,20.1715199],[85.6998348,20.1715401],[85.6998738,20.1715517],[85.6998903,20.1715681],[85.6999026,20.1716028],[85.6999057,20.1717541],[85.6998964,20.1719113],[85.6999016,20.172026],[85.699917,20.1721291],[85.6999293,20.1722255]]}},{"type":"Feature","properties":{"id":1478814743,"highway":"residential"},"geometry":{"type":"LineString","coordinates":[[85.6994404,20.1754512],[85.6995705,20.1754572],[85.6998077,20.1754755]]}},{"type":"Feature","properties":{"id":1478814744,"highway":"residential"},"geometry":{"type":"LineString","coordinates":[[85.6994404,20.1754512],[85.6992829,20.1754418],[85.6991288,20.175438],[85.6989491,20.175437],[85.6987119,20.1754476],[85.6983822,20.1754495],[85.698186,20.1754659],[85.6980084,20.1754842],[85.69788,20.1755025],[85.6977988,20.175516],[85.6977557,20.1755401],[85.6977341,20.1755671],[85.6977218,20.1756722],[85.6977095,20.1757002],[85.6976848,20.1757233],[85.6976273,20.1757349],[85.6974723,20.1757532],[85.6973049,20.1757647],[85.6971179,20.1757667]]}}]}