{"type":"FeatureCollection","features":[{"type":"Feature","properties":{"id":291507249,"highway":"unclassified"},"geometry":{"type":"LineString","coordinates":[[85.8965754,20.1725321],[85.8967922,20.172171],[85.8970239,20.1717932],[85.8972109,20.1714879],[85.8974223,20.1711521],[85.8976256,20.1708583],[85.8978939,20.1705492],[85.8979515,20.1704882],[85.8982761,20.1701446],[85.8984834,20.1699615],[85.8986338,20.1697745],[85.898776,20.1696153],[85.8989247,20.1694984],[85.8990567,20.1694005],[85.8991745,20.169244],[85.899325,20.168996],[85.8995201,20.1686563],[85.8997478,20.1682938],[85.8997762,20.1682327],[85.8999754,20.1678817],[85.900037,20.1677306],[85.9000678,20.167611],[85.9000907,20.1674634],[85.9002086,20.1668532],[85.9003129,20.1664544],[85.9004511,20.1659659],[85.9005812,20.1656682],[85.9008699,20.1651645],[85.9011748,20.1646607],[85.9013618,20.1643249],[85.9018334,20.1635082],[85.9020204,20.1632525],[85.9022765,20.1629816],[85.9025408,20.1627373],[85.9027888,20.1624015],[85.9029758,20.1620618],[85.9033051,20.1615581],[85.9035287,20.1612604],[85.9037563,20.1609818],[85.9038864,20.1607108],[85.9042564,20.160001],[85.9044556,20.1595621],[85.9045857,20.1593026],[85.9047361,20.1589171],[85.9048603,20.1585806],[85.9049821,20.1583504],[85.9050231,20.1579625],[85.9051164,20.1575606],[85.9053126,20.1570611],[85.9055442,20.1563836],[85.9056641,20.1560377],[85.9056716,20.1560174],[85.9058151,20.1556322],[85.9058702,20.1551395],[85.9059055,20.1546558],[85.9058666,20.154255],[85.9056925,20.1535402],[85.9056659,20.1534204],[85.9055126,20.1530359],[85.9050573,20.1518337],[85.9048192,20.1512207],[85.9048145,20.1511962],[85.9048156,20.1511757],[85.9048277,20.1511549],[85.9048485,20.1511354]]}},{"type":"Feature","properties":{"id":561158700,"highway":"unclassified"},"geometry":{"type":"LineString","coordinates":[[85.9719887,20.1494736],[85.9729338,20.1494199],[85.9731163,20.1494095],[85.9736892,20.1493641],[85.9740995,20.1493456],[85.974458,20.1493529],[85.9751327,20.149278],[85.9756443,20.1492414],[85.9761876,20.1492318],[85.9766707,20.1492265],[85.9770891,20.1491924],[85.9783748,20.1489993],[85.9785977,20.1490118],[85.979712,20.1491271],[85.979865,20.1491254],[85.9799875,20.1491094],[85.9806784,20.1489879],[85.9813732,20.1488699],[85.9820723,20.1487041],[85.9829045,20.1485385],[85.9837276,20.148363],[85.984686,20.1481819],[85.9849476,20.1481304],[85.9857345,20.1479248]]}},{"type":"Feature","properties":{"id":561159092,"highway":"unclassified"},"geometry":{"type":"LineString","coordinates":[[85.975384,20.1626666],[85.9756894,20.1626098],[85.9758025,20.1625674],[85.9759136,20.1625171],[85.9761125,20.1623967],[85.9765695,20.1621017],[85.9766205,20.1620761],[85.97669,20.1620604],[85.9768288,20.1620561],[85.9768904,20.1620617],[85.9770592,20.1620772],[85.9772396,20.1620972],[85.9774015,20.162127],[85.9775661,20.1622136],[85.9777715,20.1622875],[85.9779461,20.162301],[85.9781038,20.1623002],[85.9782562,20.1622845],[85.9786713,20.1621348],[85.9791357,20.1619691],[85.979304,20.1619106],[85.9794895,20.1618236],[85.9797694,20.1616998],[85.9797905,20.1616974],[85.9798151,20.1616976],[85.9798377,20.1617001],[85.9798568,20.1617068],[85.9801733,20.1620089],[85.9803373,20.1621913],[85.9804448,20.1622792],[85.9805596,20.1623413],[85.9806827,20.1623892],[85.9807561,20.1623969],[85.9808313,20.1623893],[85.9809298,20.16237],[85.9810228,20.1623387],[85.9812999,20.1622607],[85.9815528,20.162205]]}},{"type":"Feature","properties":{"id":561159399,"highway":"tertiary"},"geometry":{"type":"LineString","coordinates":[[85.9916808,20.1634478],[85.9917345,20.1635622],[85.9917819,20.1637179],[85.9918455,20.1639269],[85.9919824,20.1642401],[85.9921281,20.1645073],[85.9921642,20.1646325],[85.9921843,20.1647282],[85.9921883,20.1648037],[85.9921911,20.1650655],[85.992195,20.1652657],[85.9921869,20.1656497],[85.9921695,20.1658234],[85.9920984,20.1661583],[85.9919482,20.166682],[85.9918338,20.1670169],[85.9917972,20.1671015],[85.9917337,20.1674197],[85.9917189,20.1675368],[85.9917162,20.1676752],[85.9917283,20.1678855],[85.9917444,20.1683689],[85.9917337,20.1688473],[85.9917631,20.1692728],[85.9917818,20.1696588],[85.9917779,20.1697901],[85.9917716,20.1698963],[85.9917541,20.1699999],[85.991731,20.1700721],[85.9916723,20.1702017],[85.9916386,20.1702834],[85.9916009,20.1703667],[85.9915701,20.1704561],[85.9915553,20.1705694],[85.9915379,20.1708136],[85.9915837,20.1714049],[85.9915883,20.1714889],[85.9915888,20.1717527],[85.9915942,20.1719692],[85.9915706,20.1725193],[85.9915353,20.1730115],[85.9915058,20.1731625],[85.9914283,20.1734832],[85.991355,20.1737968],[85.9913246,20.1739091],[85.9912928,20.1740044],[85.991216,20.1741759],[85.9911114,20.1744516],[85.990929,20.1748394],[85.990693,20.1752472],[85.9905106,20.1758112],[85.9904346,20.1759823],[85.9903765,20.1762593],[85.9902424,20.1767427],[85.9900439,20.1771203],[85.9898078,20.1773268],[85.9894806,20.1776843],[85.9892682,20.177966],[85.9892338,20.1780116],[85.9891051,20.1785251],[85.9890407,20.1789028],[85.9889829,20.1791769],[85.9889388,20.1793862],[85.988937,20.1796754],[85.9889516,20.1796946],[85.9889676,20.17971],[85.9889897,20.1797223],[85.9890092,20.1797319],[85.9893293,20.1798185],[85.9894136,20.1798563],[85.9894536,20.1798792],[85.9894831,20.1799061],[85.9895165,20.1799412],[85.9895289,20.1799803],[85.9894865,20.1804385],[85.9894615,20.1806327],[85.9894447,20.1806894],[85.989408,20.1807183],[85.989361,20.1807404],[85.989266,20.1807658],[85.9887868,20.180845],[85.9882231,20.1810145]]}},{"type":"Feature","properties":{"id":561160198,"highway":"residential"},"geometry":{"type":"LineString","coordinates":[[85.9882231,20.1810145],[85.9879839,20.1808614],[85.9874981,20.1806697],[85.9874118,20.1806356],[85.9869105,20.1804521],[85.9864779,20.1803007],[85.9861534,20.1801909],[85.9861219,20.1801807],[85.9859842,20.1801362],[85.9858264,20.1801029],[85.9854059,20.1800908],[85.9853306,20.1800932],[85.9847599,20.1801414],[85.9844059,20.1801867],[85.9839982,20.1802321],[85.9836082,20.1802559],[85.9835656,20.180255],[85.983525,20.1802443],[85.9834685,20.1802253],[85.9834236,20.1802054],[85.9831571,20.1800304],[85.9829687,20.1799047],[85.9829145,20.1798712],[85.9828608,20.179838],[85.9827814,20.179799],[85.9827161,20.1797739],[85.9826012,20.1797598],[85.9822279,20.1797139],[85.9821279,20.1797127],[85.9815735,20.1797034],[85.9814865,20.1797158],[85.9813938,20.1797389],[85.9812056,20.1797957],[85.9808546,20.1799199],[85.9803396,20.1801213],[85.9801572,20.1801871],[85.9799212,20.1802723],[85.979551,20.1803911],[85.9794974,20.1804083],[85.9794718,20.1804172],[85.9789771,20.1805895],[85.9785533,20.1807456],[85.9782784,20.1808525],[85.9779829,20.1809876],[85.9777906,20.1811037],[85.9773243,20.1813719],[85.976791,20.1816734],[85.9763324,20.1819541],[85.9759086,20.1821706],[85.9757528,20.1822413],[85.9756703,20.1822585],[85.9756018,20.182265],[85.9751378,20.1822579],[85.9749547,20.1822948],[85.9748638,20.1823259],[85.9747875,20.1823569],[85.9746366,20.1824496]]}},{"type":"Feature","properties":{"id":866955479,"highway":"residential"},"geometry":{"type":"LineString","coordinates":[[85.9916386,20.1702834],[85.9913528,20.1702109],[85.9911751,20.1701794],[85.9909727,20.170171],[85.9906068,20.1701841]]}},{"type":"Feature","properties":{"id":866955480,"highway":"residential"},"geometry":{"type":"LineString","coordinates":[[85.9897149,20.1672481],[85.9897433,20.1673677],[85.9897663,20.167391],[85.9898158,20.1673926],[85.9899892,20.1673827],[85.9900618,20.167376],[85.9902228,20.1673328],[85.9902777,20.1673029],[85.9903909,20.1672066],[85.9904458,20.1671684],[85.9905006,20.1671567],[85.9906316,20.1671354],[85.9914383,20.1670665],[85.9915875,20.1670697],[85.9916821,20.1670779],[85.9917972,20.1671015]]}},{"type":"Feature","properties":{"id":866955483,"highway":"residential"},"geometry":{"type":"LineString","coordinates":[[85.9981227,20.1681966],[85.997368,20.1676],[85.9972783,20.1675169],[85.9972028,20.1674305],[85.9970606,20.1672408],[85.9967066,20.166552],[85.9966813,20.1665297],[85.9966475,20.1665106],[85.9966192,20.1665026],[85.9965909,20.1664993],[85.9959623,20.166536],[85.9952025,20.1665499],[85.9950315,20.1665671],[85.9949566,20.1665916],[85.9948885,20.1666213],[85.994464,20.1668932],[85.9944222,20.1669338],[85.9943843,20.1669756],[85.9943494,20.1670235],[85.9943139,20.1670783],[85.9941314,20.1674172],[85.9941044,20.1674551],[85.9940723,20.1674901],[85.9940115,20.1675336],[85.9939477,20.1675732],[85.9938861,20.1675977],[85.9938548,20.1676071],[85.9938276,20.1676089],[85.9937813,20.1676095],[85.9937351,20.1676025],[85.9927154,20.1673202],[85.9926342,20.1672994]]}},{"type":"Feature","properties":{"id":866955484,"highway":"residential"},"geometry":{"type":"LineString","coordinates":[[85.9926342,20.1672994],[85.992547,20.16729]]}},{"type":"Feature","properties":{"id":866955485,"highway":"residential"},"geometry":{"type":"LineString","coordinates":[[85.992547,20.16729],[85.9924525,20.1672586],[85.9918338,20.1670169]]}},{"type":"Feature","properties":{"id":866959593,"highway":"residential"},"geometry":{"type":"LineString","coordinates":[[85.99781,20.1737114],[85.99832,20.1737578],[85.9985723,20.1738191],[85.9987135,20.1738721],[85.9988476,20.1739566],[85.9989112,20.1740394],[85.9989659,20.1741438],[85.999048,20.1743559],[85.9990919,20.1745043],[85.9991165,20.1746056],[85.9991918,20.1747699],[85.9993792,20.1753575],[85.9994025,20.1753941],[85.9994267,20.1754179],[85.9994489,20.1754348],[85.9994682,20.175439],[85.9998203,20.1753941],[85.9999906,20.1753739],[86.0000861,20.1753625],[86.0001543,20.1753577],[86.0007298,20.1752467]]}},{"type":"Feature","properties":{"id":866959594,"highway":"residential"},"geometry":{"type":"LineString","coordinates":[[85.9978415,20.1750454],[85.9978281,20.1747495],[85.9978403,20.1747242],[85.9978672,20.1747001],[85.9979063,20.1746841],[85.9979919,20.1746841],[85.9981923,20.1746956],[85.9984404,20.1746956],[85.9987472,20.1746669],[85.9989989,20.1746313],[85.9991165,20.1746056]]}},{"type":"Feature","properties":{"id":866959595,"highway":"residential"},"geometry":{"type":"LineString","coordinates":[[86.0000861,20.1753625],[85.9999627,20.1747935]]}},{"type":"Feature","properties":{"id":866959597,"highway":"residential"},"geometry":{"type":"LineString","coordinates":[[85.9989999,20.17585],[85.9991017,20.1761221],[85.9991245,20.1761846],[85.9991785,20.1762632],[85.9992707,20.1763499],[85.9993239,20.1764149],[85.9994884,20.1766536],[85.9996231,20.176918],[85.9997827,20.1772621],[85.999803,20.1773516],[85.9998157,20.1774074],[85.9998899,20.1777348],[85.9999612,20.178038],[86.0000281,20.1782459],[86.0001092,20.1784463]]}},{"type":"Feature","properties":{"id":866959598,"highway":"residential"},"geometry":{"type":"LineString","coordinates":[[85.9978881,20.1691619],[85.9979438,20.1691747]]}},{"type":"Feature","properties":{"id":866959599,"highway":"residential"},"geometry":{"type":"LineString","coordinates":[[85.9981438,20.169223],[85.9981777,20.1692533],[85.9981997,20.1692868],[85.9982137,20.1693216],[85.9982192,20.1693548],[85.9982032,20.1702462],[85.9982152,20.1703289],[85.998289,20.1706389],[85.9983433,20.1707361],[85.9983799,20.1707837],[85.9984014,20.1708015],[85.998427,20.1708154],[85.9989661,20.1709575],[85.9990425,20.1709854],[85.9990987,20.1710169],[85.9991486,20.1710465],[85.9992033,20.1710849],[85.9992247,20.1711117],[85.9992389,20.1711412],[85.9995443,20.1724619],[86.000247,20.1742395]]}},{"type":"Feature","properties":{"id":866959600,"highway":"residential"},"geometry":{"type":"LineString","coordinates":[[85.9979438,20.1691747],[85.9981438,20.169223]]}},{"type":"Feature","properties":{"id":866959601,"highway":"residential"},"geometry":{"type":"LineString","coordinates":[[86.0022834,20.1773816],[86.0022512,20.1771851],[86.0022336,20.1771392],[86.0022056,20.1770933],[86.0020003,20.1769481],[86.0017446,20.1767525],[86.0016372,20.176655],[86.0015344,20.1765378],[86.0011704,20.176059],[86.0009712,20.17571],[86.0007298,20.1752467],[86.0000163,20.1727238],[85.9997588,20.1717166],[85.9995872,20.1711878],[85.9995228,20.1710519],[85.9994638,20.1708353],[85.9991366,20.1700447],[85.9989488,20.1694706],[85.9986806,20.1685138],[85.9986377,20.1682419],[85.9986256,20.1681498],[85.9986323,20.1680657],[85.998643,20.1679874],[85.9986646,20.1679058],[85.9987235,20.1677685],[85.9988791,20.1674463],[85.999099,20.1670937],[85.9993619,20.1667715],[85.9995174,20.1666506],[86.0001102,20.1662691],[86.0009336,20.1658449],[86.0016954,20.1655125],[86.0018231,20.1654571],[86.00191,20.1654236],[86.0020387,20.1653916]]}},{"type":"Feature","properties":{"id":866965579,"highway":"residential"},"geometry":{"type":"LineString","coordinates":[[85.9890622,20.1726084],[85.9891588,20.1732328],[85.9891976,20.1734163],[85.9892659,20.1735892],[85.9892983,20.1736165],[85.9893468,20.1736314],[85.9894131,20.1736313],[85.9894779,20.1736243],[85.9897725,20.1735654],[85.989894,20.1735531],[85.9899892,20.1735654],[85.9908642,20.1737582],[85.9909182,20.1737751],[85.9909723,20.1737969],[85.9911165,20.1738863],[85.991222,20.1739576],[85.9912928,20.1740044]]}},{"type":"Feature","properties":{"id":866965580,"highway":"residential"},"geometry":{"type":"LineString","coordinates":[[85.9915058,20.1731625],[85.9917937,20.1731559],[85.9918253,20.1731629],[85.9918476,20.1731873],[85.9918681,20.1732292],[85.9918731,20.1732809],[85.9917744,20.1738372],[85.9917417,20.1740491],[85.9917287,20.174316],[85.9917045,20.1747713]]}},{"type":"Feature","properties":{"id":866965581,"highway":"residential"},"geometry":{"type":"LineString","coordinates":[[85.991355,20.1737968],[85.99163,20.173821],[85.9917744,20.1738372]]}},{"type":"Feature","properties":{"id":866965582,"highway":"residential"},"geometry":{"type":"LineString","coordinates":[[85.9912086,20.171145],[85.9912366,20.1713588],[85.9912407,20.1713721],[85.9912498,20.1713845],[85.991266,20.171391],[85.9912832,20.1713929],[85.9915837,20.1714049]]}},{"type":"Feature","properties":{"id":867180752,"highway":"residential"},"geometry":{"type":"LineString","coordinates":[[85.9986584,20.186218],[85.9984143,20.1857011],[85.9982174,20.1851584],[85.9981361,20.1849776],[85.998125,20.1849307],[85.9981313,20.1848921],[85.9981563,20.1848633],[85.9981797,20.1848422],[85.9982121,20.1848275],[85.9983234,20.1848124],[85.9986477,20.184753],[85.9987559,20.1847051],[85.9988036,20.1846358],[85.9988172,20.1845504],[85.9986967,20.1833131],[85.9986443,20.182971],[85.9986123,20.1828949],[85.998562,20.1828246],[85.9984347,20.1827004],[85.9982077,20.1824825],[85.9981262,20.1823662],[85.9980896,20.182272],[85.9980699,20.1821805],[85.997965,20.1815678],[85.9979564,20.1809569],[85.9979081,20.1804416],[85.997904,20.1803359],[85.9979065,20.1802571],[85.9979067,20.1802488],[85.9979135,20.1801002],[85.998135,20.1792468]]}},{"type":"Feature","properties":{"id":867180753,"highway":"residential"},"geometry":{"type":"LineString","coordinates":[[85.9979135,20.1801002],[85.9978437,20.1801111],[85.9971181,20.1802132]]}},{"type":"Feature","properties":{"id":867180760,"highway":"residential"},"geometry":{"type":"LineString","coordinates":[[85.9988147,20.1789805],[85.9989756,20.1797285],[85.9990776,20.1802108]]}},{"type":"Feature","properties":{"id":867180761,"highway":"residential"},"geometry":{"type":"LineString","coordinates":[[85.9988172,20.1845504],[85.9990691,20.1844998],[85.999585,20.1843889],[85.9996183,20.1843777],[85.9996516,20.1843602],[85.999696,20.1843315],[85.9997746,20.1842808],[85.9998294,20.1842573],[85.9998908,20.1842429],[86.0002416,20.1842034],[86.0004374,20.1841657],[86.0004609,20.1841512],[86.0004797,20.1841241],[86.0004884,20.1840927],[86.0004857,20.1840411],[86.000365,20.1834691],[86.0002272,20.1827966],[86.0001573,20.18243],[86.0000825,20.1820472],[86.0000428,20.1818515],[86.0000117,20.1817632],[85.9999646,20.181676],[85.9999025,20.1815866],[85.9998698,20.1815467],[85.9998223,20.1815068],[85.9997313,20.1814565],[85.9996395,20.1814072],[85.9995902,20.1813754],[85.9995496,20.1813395],[85.9993638,20.1810606],[85.9993583,20.1810495],[85.9993581,20.1810384],[85.9993635,20.181026],[85.9993743,20.1810157],[85.999394,20.1810076],[85.9994168,20.1810037],[85.9994856,20.1810036],[85.9996833,20.1809919],[85.9997039,20.1809876],[85.9997195,20.1809757],[85.9997248,20.1809582],[85.999722,20.1809361],[85.9996247,20.1806548],[85.9996623,20.1801917]]}},{"type":"Feature","properties":{"id":867188067,"highway":"residential"},"geometry":{"type":"LineString","coordinates":[[86.0004609,20.1841512],[86.0004992,20.1843286],[86.0005145,20.1844045],[86.000542,20.1844861],[86.0007244,20.1847761],[86.0007548,20.1848153],[86.0007727,20.1848385],[86.0009802,20.1852581],[86.0009882,20.1852781],[86.0009861,20.1852981],[86.0009744,20.1853176],[86.0009583,20.185333],[86.0003221,20.1855886],[85.999952,20.1856893],[85.9995443,20.1858957],[85.9986584,20.186218],[85.9985678,20.1862913],[85.9984589,20.1863503],[85.9983276,20.1863959],[85.9981871,20.1864244],[85.9973127,20.1864798],[85.9968138,20.1865452],[85.9967146,20.1865495],[85.9966153,20.1865452],[85.9954512,20.186408],[85.9953452,20.1863902],[85.9952393,20.1863609],[85.9949004,20.1862412],[85.994664,20.186152],[85.9945554,20.1861072],[85.9944481,20.1860462],[85.9943877,20.1859934],[85.9942844,20.185904],[85.9942157,20.1858661],[85.9939003,20.1857292],[85.9935139,20.1855745],[85.9929192,20.1853269],[85.9922004,20.1849392],[85.9919858,20.1847882],[85.9916094,20.1844589],[85.9913933,20.1843272],[85.9911663,20.1842239],[85.990228,20.1838439],[85.9902064,20.1838358],[85.990178,20.1838316],[85.9891265,20.183892],[85.9886169,20.1838618],[85.9883541,20.1837913],[85.9881119,20.1836758],[85.9879893,20.1836101],[85.9878856,20.1835605],[85.9877479,20.1835195],[85.9876008,20.1834948],[85.9874582,20.1834892],[85.986872,20.1834879],[85.986298,20.1835152],[85.9852373,20.1836705],[85.9846097,20.1837914],[85.9840663,20.1839496],[85.9835952,20.1841259],[85.9831621,20.1843107],[85.9829185,20.1843715],[85.9828263,20.1843848],[85.9827318,20.1843938],[85.9820768,20.184414],[85.9819474,20.1844287],[85.9818385,20.1844563],[85.9816764,20.1845149],[85.9814195,20.1846117],[85.9813077,20.1846602],[85.9811336,20.1847378],[85.9810037,20.1847851],[85.9807044,20.184909],[85.980528,20.1849797],[85.9800875,20.1851405],[85.979731,20.185333],[85.9795655,20.1854359],[85.9794085,20.1855388],[85.9791058,20.1858051],[85.9785891,20.186118],[85.9782847,20.1862818],[85.9781456,20.1863287],[85.9776252,20.1866207],[85.9774427,20.1867196],[85.9771156,20.1869026],[85.9768206,20.1870738],[85.9762453,20.187441],[85.975575,20.1877951],[85.9744977,20.188501],[85.9744908,20.1885017],[85.9744842,20.1885011],[85.9744766,20.1884992],[85.9744692,20.1884954]]}},{"type":"Feature","properties":{"id":867188073,"highway":"tertiary"},"geometry":{"type":"LineString","coordinates":[[85.9951442,20.1804697],[85.995395,20.1803666]]}},{"type":"Feature","properties":{"id":867196033,"highway":"unclassified"},"geometry":{"type":"LineString","coordinates":[[85.9983674,20.1885579],[85.9985054,20.1889078],[85.9985516,20.1890249],[85.9985568,20.1890501],[85.9985591,20.1890753],[85.9985579,20.1891057],[85.9985516,20.1891286]]}},{"type":"Feature","properties":{"id":867212840,"highway":"residential"},"geometry":{"type":"LineString","coordinates":[[85.9986242,20.1894474],[85.9986618,20.1896726],[85.9987074,20.1898878],[85.9987369,20.1899923],[85.9987771,20.1900489],[85.9988241,20.1901005],[85.9988563,20.1901484],[85.9988683,20.1902264],[85.9988683,20.1903372],[85.9988831,20.1904366],[85.9989341,20.1906229],[85.9989931,20.1908004],[85.9990279,20.1909325],[85.9990454,20.1910661],[85.9991527,20.1917558],[85.9993029,20.1924707],[85.9993116,20.1925531],[85.9993137,20.1926419],[85.9992815,20.193528],[85.9994639,20.1946557],[85.9995604,20.1949527],[85.9996033,20.1950371],[85.9997106,20.1951705],[85.9997575,20.1952391],[85.9997669,20.1952913],[85.9997897,20.1954247],[85.999893,20.196171],[85.9999359,20.1968004],[85.9999697,20.1970171],[86.0000208,20.1972865],[86.0000431,20.1974001],[86.0001074,20.1977316],[86.0001504,20.1979288],[86.0002577,20.1983417],[86.0003328,20.1991372],[86.0004401,20.1998723],[86.0005115,20.2006651],[86.0005367,20.2008792],[86.0005416,20.2012951],[86.0005045,20.2017855],[86.0005009,20.2018627],[86.0005203,20.2019069],[86.0005553,20.2019266],[86.0006417,20.2019288],[86.0013857,20.2019009]]}},{"type":"Feature","properties":{"id":867212841,"highway":"residential"},"geometry":{"type":"LineString","coordinates":[[85.9986738,20.1891534],[85.9986599,20.1891841]]}},{"type":"Feature","properties":{"id":867212842,"highway":"unclassified"},"geometry":{"type":"LineString","coordinates":[[85.9984696,20.1893313],[85.9984485,20.1893835]]}},{"type":"Feature","properties":{"id":867212843,"highway":"unclassified"},"geometry":{"type":"LineString","coordinates":[[85.9985516,20.1891286],[85.9984696,20.1893313]]}},{"type":"Feature","properties":{"id":867212844,"highway":"residential"},"geometry":{"type":"LineString","coordinates":[[85.9986599,20.1891841],[85.9985631,20.1893987]]}},{"type":"Feature","properties":{"id":867212845,"highway":"residential"},"geometry":{"type":"LineString","coordinates":[[85.9985631,20.1893987],[85.9985521,20.1894223]]}},{"type":"Feature","properties":{"id":867217253,"highway":"residential"},"geometry":{"type":"LineString","coordinates":[[85.9992301,20.1773935],[85.9996899,20.1773956],[85.9998157,20.1774074]]}},{"type":"Feature","properties":{"id":867217254,"highway":"residential"},"geometry":{"type":"LineString","coordinates":[[85.9954315,20.1803516],[85.9957078,20.1791172],[85.9959421,20.1781777],[85.9960239,20.177926]]}},{"type":"Feature","properties":{"id":867217255,"highway":"residential"},"geometry":{"type":"LineString","coordinates":[[85.998881,20.1802168],[85.9989005,20.1803326],[85.9990862,20.1807809],[85.9991231,20.1808409],[85.9991734,20.1808983],[85.999235,20.1809505],[85.9993583,20.1810495]]}},{"type":"Feature","properties":{"id":867217952,"highway":"residential"},"geometry":{"type":"LineString","coordinates":[[85.9985579,20.1891057],[85.9980261,20.1889215],[85.9978576,20.1888561],[85.9977311,20.1888107],[85.9971356,20.1885942],[85.9968674,20.1884885],[85.9967067,20.188425],[85.99639,20.1883123],[85.9962359,20.1882521],[85.9960413,20.1882015],[85.9958378,20.1881411],[85.995675,20.1880994],[85.9955021,20.1880711],[85.9939706,20.1878139],[85.9937993,20.1877551],[85.9924257,20.187537],[85.9912941,20.1873197]]}},{"type":"Feature","properties":{"id":867217953,"highway":"unclassified"},"geometry":{"type":"LineString","coordinates":[[85.9912187,20.1875989],[85.991227,20.1875682]]}},{"type":"Feature","properties":{"id":867217954,"highway":"unclassified"},"geometry":{"type":"LineString","coordinates":[[85.991227,20.1875682],[85.9912877,20.1873435]]}},{"type":"Feature","properties":{"id":867251134,"highway":"residential"},"geometry":{"type":"LineString","coordinates":[[85.9933248,20.1458704],[85.9933634,20.1458624],[85.9934555,20.1458319],[85.9938224,20.1457059],[85.9938403,20.1457051],[85.9938583,20.1457082],[85.9938789,20.145716],[85.9938947,20.1457258],[85.9943837,20.1462355],[85.9945696,20.1464308],[85.994598,20.1464707],[85.9946197,20.1465074],[85.9948209,20.1468986],[85.9950382,20.1472578],[85.9956547,20.1480794],[85.9957986,20.1483148],[85.9958164,20.148338],[85.9958386,20.1483477],[85.9958665,20.1483544],[85.9959023,20.1483509],[85.9959321,20.1483402],[85.9961511,20.1482176],[85.996463,20.1480926],[85.9965706,20.1480468],[85.9966671,20.147992],[85.9968359,20.1478513]]}},{"type":"Feature","properties":{"id":867251137,"highway":"residential"},"geometry":{"type":"LineString","coordinates":[[85.9915338,20.147571],[85.9914466,20.1474846],[85.9913796,20.1474047],[85.9911107,20.1470935],[85.9910921,20.1470594],[85.9910782,20.1470253]]}},{"type":"Feature","properties":{"id":867251138,"highway":"residential"},"geometry":{"type":"LineString","coordinates":[[85.9936278,20.146771],[85.9934818,20.146514],[85.9934523,20.1463954],[85.9934334,20.1462977],[85.9934396,20.1462464],[85.9934523,20.1462015],[85.9934851,20.1461214],[85.9934999,20.1460398],[85.9934999,20.1459752],[85.9934905,20.1459354],[85.9934555,20.1458319]]}},{"type":"Feature","properties":{"id":867605776,"highway":"residential"},"geometry":{"type":"LineString","coordinates":[[85.9976584,20.1211437],[85.9982985,20.1213351],[85.9983748,20.1213542],[85.9984089,20.1213567],[85.998443,20.1213563],[85.9984756,20.1213523],[85.9985036,20.1213441],[85.9985346,20.1213153],[85.9985549,20.1212822],[85.9986949,20.1209395],[85.9987192,20.1208637],[85.9989107,20.1202672],[85.9989381,20.1202158],[85.9989596,20.1202001],[85.998981,20.1201956],[85.9989987,20.1201928],[85.9990203,20.1201936],[85.9991045,20.1202111],[85.9991445,20.120215],[85.9991652,20.1202098],[85.9991834,20.1202001],[85.9992143,20.1201662],[85.9992868,20.1200395],[85.9993941,20.1197826],[85.9994083,20.119736],[85.9994102,20.1196818],[85.9994043,20.1196471],[85.9993861,20.1196105],[85.999322,20.1195303],[85.9993063,20.119494],[85.9992988,20.1194539],[85.9992981,20.1194019],[85.9993042,20.1193537],[85.9994424,20.1187248],[85.9995968,20.1184027],[85.9996892,20.1180772],[85.9996877,20.1180628],[85.9996796,20.1180477],[85.9996684,20.1180367],[85.9996513,20.1180283],[85.9993351,20.1179541],[85.9991822,20.1178774],[85.9990615,20.1177943],[85.998853,20.1176344]]}},{"type":"Feature","properties":{"id":867605779,"highway":"residential"},"geometry":{"type":"LineString","coordinates":[[85.9990662,20.1213216],[85.9991325,20.1209332]]}},{"type":"Feature","properties":{"id":867605780,"highway":"residential"},"geometry":{"type":"LineString","coordinates":[[85.9993068,20.1215363],[85.9994308,20.1211733],[85.9994485,20.1210943],[85.9994632,20.1209889]]}},{"type":"Feature","properties":{"id":867605781,"highway":"unclassified"},"geometry":{"type":"LineString","coordinates":[[85.9978893,20.1171646],[85.9977325,20.1171085]]}},{"type":"Feature","properties":{"id":867605782,"highway":"unclassified"},"geometry":{"type":"LineString","coordinates":[[85.9938741,20.1167604],[85.9936629,20.116769],[85.9935951,20.1167604],[85.9935597,20.1167497],[85.9935308,20.1167352],[85.9934503,20.1166697],[85.9929997,20.116166],[85.9929422,20.1161139],[85.9928709,20.1160703],[85.9917283,20.1155817],[85.9916784,20.115572],[85.9916204,20.1155654],[85.9915716,20.1155642],[85.9915212,20.1155677],[85.9911556,20.1156293],[85.9910242,20.1156485],[85.9906769,20.1156925],[85.9902611,20.1156938],[85.9901923,20.1157086],[85.9901512,20.1157454],[85.9901431,20.1157782],[85.990131,20.1158663],[85.9901458,20.1160464],[85.9901348,20.1161158],[85.9900921,20.1161813],[85.9900301,20.1162073],[85.9899617,20.1162175],[85.989887,20.1162189],[85.9897288,20.1161987],[85.9895933,20.1161723],[85.9894645,20.1161623],[85.9892768,20.1161673],[85.9884721,20.1162882],[85.9882925,20.1164021],[85.9881556,20.1165249],[85.988075,20.116626],[85.9880323,20.1167315],[85.988004,20.1168442],[85.9879947,20.1169481],[85.9880054,20.1173662],[85.9880323,20.1175577],[85.9882254,20.1181068],[85.9884185,20.1185803],[85.9885365,20.1189783],[85.9885848,20.1192302],[85.9886545,20.1200059],[85.9886545,20.1201772],[85.9886331,20.1202528],[85.9885902,20.1203082],[85.9885258,20.1203485],[85.988397,20.1203787],[85.9883058,20.1203787],[85.9882147,20.1203535],[85.9879142,20.1202075],[85.9878354,20.1201877],[85.9877533,20.1201772],[85.9866637,20.1202154],[85.9857286,20.1202664],[85.9855808,20.1202863],[85.9854964,20.1203061],[85.9854251,20.1203284],[85.9851033,20.1204896],[85.9849287,20.1205536],[85.9847331,20.1205954],[85.9842587,20.1206542],[85.9840373,20.1206713],[85.9838212,20.120676],[85.9834745,20.1206382],[85.983334,20.1206193],[85.9831935,20.1205954],[85.9830427,20.1205544],[85.9829607,20.120529],[85.9828919,20.1204986],[85.9823352,20.1202075],[85.9822446,20.1201736],[85.9818552,20.120105],[85.9818116,20.1200838],[85.9817785,20.1200526],[85.9816918,20.1199464],[85.9816326,20.1198982],[85.9815735,20.1198649],[85.9815279,20.1198494],[85.9814743,20.1198438],[85.9814234,20.1198481],[85.9813857,20.1198548],[85.9811497,20.1199354],[85.9805328,20.1202024],[85.9802163,20.1202931],[85.9798515,20.1203384],[85.9792668,20.1203586],[85.9789985,20.120409],[85.9785211,20.1206155],[85.978033,20.1209379],[85.9779846,20.1209592],[85.9779312,20.1209647],[85.9778672,20.1209595],[85.9777929,20.1209368]]}},{"type":"Feature","properties":{"id":867605784,"highway":"residential"},"geometry":{"type":"LineString","coordinates":[[85.9899983,20.1299781],[85.9900546,20.1300436],[85.9900976,20.1300552],[85.9901405,20.1300588],[85.990457,20.1299731],[85.9907413,20.1299177],[85.9911458,20.1298253],[85.9913322,20.1297644],[85.9914109,20.1297281],[85.9914787,20.1296917],[85.9916014,20.1295927],[85.9916716,20.1295295],[85.9917008,20.1295089],[85.9917337,20.1294895],[85.9919889,20.1294221],[85.992093,20.12937],[85.9925327,20.1291024],[85.9928227,20.1289556],[85.9932197,20.1288195],[85.9933818,20.1287395]]}},{"type":"Feature","properties":{"id":867606409,"highway":"unclassified"},"geometry":{"type":"LineString","coordinates":[[85.9902003,20.1238763],[85.9900918,20.1238516]]}},{"type":"Feature","properties":{"id":867606410,"highway":"unclassified"},"geometry":{"type":"LineString","coordinates":[[85.9900918,20.1238516],[85.9900472,20.1238556],[85.9898582,20.1238724],[85.9897165,20.1238897],[85.9896352,20.1239003],[85.9896199,20.1239137],[85.9896101,20.1239288],[85.9896044,20.1239448],[85.9896032,20.1239625],[85.9896935,20.1242834],[85.9898523,20.1246801],[85.9898804,20.1248525],[85.9898342,20.1253408],[85.9897343,20.1257901],[85.9897082,20.1258651],[85.9896761,20.1259337],[85.9896127,20.126037],[85.9895112,20.1262161],[85.9894712,20.1263432],[85.9894496,20.1265137],[85.9894651,20.1267893],[85.9895018,20.1269075],[85.9895568,20.1270326],[85.9897632,20.1273491],[85.9899261,20.1276915],[85.9900086,20.127856],[85.9900536,20.1279091],[85.9900985,20.1279545],[85.990199,20.1280453],[85.990377,20.1282154],[85.9904536,20.1282906],[85.9904942,20.1284287],[85.9905106,20.128477],[85.9906608,20.1287238],[85.9907012,20.1288195],[85.9907252,20.1289153],[85.9907425,20.1290761],[85.9907378,20.1291513],[85.9906944,20.1292661],[85.9906179,20.1293787],[85.9904408,20.1296356],[85.9904115,20.1296748],[85.9903765,20.1297061],[85.9902987,20.1297746],[85.9899983,20.1299781],[85.9888691,20.1306078],[85.9881234,20.1310914],[85.9878659,20.1313937],[85.9876621,20.1316909],[85.9874958,20.1320335],[85.9874761,20.1320932],[85.9874649,20.1321498],[85.9874409,20.1322883],[85.987427,20.1323043],[85.9874046,20.1323156]]}},{"type":"Feature","properties":{"id":867638839,"highway":"unclassified"},"geometry":{"type":"LineString","coordinates":[[85.9807774,20.1337448],[85.9812194,20.1334986],[85.9820133,20.1332921],[85.9824264,20.1332216],[85.982459,20.1332084],[85.9824854,20.1331863],[85.9825016,20.1331543],[85.9825068,20.1331209],[85.982421,20.1322696],[85.9823552,20.1314636],[85.9822386,20.1306527],[85.98223,20.1306002],[85.9822332,20.1305318],[85.9822463,20.1304909],[85.9822708,20.1304512],[85.9822926,20.1304254],[85.9823244,20.1304008],[85.9826239,20.1303032],[85.982832,20.1302189],[85.9828394,20.1302128],[85.9828449,20.1302048],[85.9828454,20.1301958],[85.9828424,20.1301873],[85.9824533,20.1297158],[85.9821904,20.1294689],[85.9820134,20.1293329],[85.9819007,20.1293128],[85.9816432,20.1293632],[85.9812463,20.1293732],[85.9809029,20.1293128],[85.9805542,20.1291415],[85.9803075,20.129076],[85.9801358,20.129071],[85.9799749,20.1290861],[85.9796047,20.1291768],[85.9793633,20.1292775],[85.9787518,20.1296402]]}},{"type":"Feature","properties":{"id":867638842,"highway":"tertiary"},"geometry":{"type":"LineString","coordinates":[[85.9748527,20.126],[85.9749538,20.1262058],[85.975002,20.126382],[85.9750664,20.1269159],[85.975095,20.1271013],[85.9751415,20.1274196],[85.9752381,20.1284672],[85.9753346,20.1289708],[85.9754205,20.1291924],[85.9755117,20.1293637],[85.9762198,20.1303206],[85.976429,20.1305523],[85.9765103,20.130612],[85.9766114,20.130653],[85.9767247,20.1306883],[85.9772122,20.1307538],[85.9772671,20.1307659],[85.9773141,20.130789],[85.9776843,20.1310862],[85.9787143,20.1323654],[85.9796807,20.1338308],[85.979718,20.1338713],[85.9797579,20.1338897],[85.979802,20.1338963],[85.9798536,20.1338978],[85.9799051,20.1338915],[85.9806507,20.1337304],[85.9807125,20.1337259],[85.9807774,20.1337448],[85.980814,20.1337862],[85.9808561,20.133841],[85.9809894,20.1340654],[85.9810857,20.134211],[85.9811873,20.1343457],[85.9818256,20.1350199],[85.9820938,20.1353372],[85.9827268,20.1361079],[85.9827651,20.1361501],[85.9828019,20.1361986],[85.9834134,20.1374528],[85.9838533,20.1384703],[85.9844434,20.1398603],[85.984471,20.1399308],[85.9845335,20.1400706],[85.9845608,20.1401555],[85.9847009,20.1411899],[85.9847305,20.1412465],[85.9847653,20.1413007],[85.9849798,20.1415223],[85.98502,20.1415702],[85.9850496,20.141618],[85.9851461,20.1418144],[85.985169,20.141878],[85.9851783,20.1419353],[85.9851783,20.1426303],[85.9850871,20.1444837],[85.9850764,20.1450326],[85.9850883,20.1451837],[85.9851086,20.1453348],[85.9851803,20.1457241],[85.9857345,20.1479248],[85.9859456,20.1487466],[85.9859484,20.1487611],[85.9859991,20.1490264],[85.986086,20.1497103],[85.9862613,20.1505468],[85.9863284,20.1507999],[85.9864159,20.1511295],[85.9864475,20.1511999],[85.9865013,20.1512734],[85.9866965,20.1515243],[85.9869497,20.151698],[85.9872436,20.1517761],[85.9873884,20.1518386],[85.9877203,20.1519819],[85.9879283,20.1521102],[85.9879529,20.1521254]]}},{"type":"Feature","properties":{"id":867638843,"highway":"unclassified"},"geometry":{"type":"LineString","coordinates":[[85.9758995,20.1313527],[85.9756901,20.1314596]]}},{"type":"Feature","properties":{"id":867638844,"highway":"unclassified"},"geometry":{"type":"LineString","coordinates":[[85.9756901,20.1314596],[85.975557,20.1315715],[85.9754989,20.1316297],[85.9754641,20.1316914],[85.975452,20.1317416],[85.9754091,20.1321097],[85.9754029,20.1321349],[85.9753883,20.1321537],[85.9753678,20.1321699],[85.9753405,20.1321813],[85.9744602,20.1324207],[85.9743377,20.13245],[85.9742005,20.1324615],[85.9739506,20.132461],[85.9738913,20.132453],[85.9738379,20.1324257],[85.973677,20.1323199],[85.9736495,20.1323117],[85.973618,20.1323099],[85.9735764,20.1323212],[85.9735429,20.1323351],[85.9734356,20.1324005],[85.9731942,20.1326171],[85.9729206,20.1328085],[85.9729042,20.1328255],[85.9728886,20.1328499],[85.9728785,20.132872],[85.9728723,20.1328942],[85.9728241,20.1332014],[85.972813,20.1332243],[85.9727949,20.1332438],[85.9727624,20.1332573],[85.9727275,20.1332619],[85.9723144,20.1332568],[85.9719711,20.1333022],[85.9714131,20.1334211],[85.9713327,20.1334282],[85.9712472,20.1334332],[85.9707234,20.1334029]]}},{"type":"Feature","properties":{"id":867644898,"highway":"residential"},"geometry":{"type":"LineString","coordinates":[[85.9753883,20.1321537],[85.9754799,20.1322306],[85.9757954,20.1324336],[85.9758132,20.1324424],[85.9758323,20.1324488],[85.9758578,20.1324504],[85.9758846,20.1324485],[85.9761824,20.1323534]]}},{"type":"Feature","properties":{"id":867644899,"highway":"residential"},"geometry":{"type":"LineString","coordinates":[[85.9706297,20.1337103],[85.97004,20.1337757],[85.9692138,20.1339671],[85.9691608,20.1339741],[85.9688067,20.1340153],[85.9686988,20.1340265],[85.9685615,20.1340558],[85.9684804,20.1340691],[85.9684434,20.1340726],[85.968408,20.1340724],[85.9683121,20.1340503],[85.9682059,20.134017],[85.9681099,20.1340018],[85.9679904,20.1340004],[85.9678974,20.1339921],[85.9678628,20.1339896],[85.9678469,20.1339913],[85.9678328,20.1339947],[85.9678205,20.1340024],[85.967811,20.1340108],[85.9678008,20.1340257],[85.9677942,20.1340415],[85.9677386,20.1342748],[85.9675325,20.1348948],[85.9675279,20.1349211],[85.9675288,20.1349501],[85.9675352,20.134971],[85.9675472,20.1349933],[85.9676576,20.1350416]]}},{"type":"Feature","properties":{"id":867644902,"highway":"residential"},"geometry":{"type":"LineString","coordinates":[[85.9784756,20.1141157],[85.9779578,20.1143336],[85.9775823,20.1144343],[85.9774482,20.1144847],[85.9766382,20.1149179],[85.9764111,20.1150083],[85.9762198,20.1151245],[85.9749591,20.1156195],[85.9746641,20.1157743],[85.9745085,20.1158348],[85.9743878,20.1158739],[85.9742577,20.115918],[85.9741142,20.1159507],[85.973964,20.1159986],[85.9738407,20.1160363],[85.9737454,20.1160577],[85.9735966,20.1161257],[85.9735295,20.1161648]]}},{"type":"Feature","properties":{"id":867644903,"highway":"residential"},"geometry":{"type":"LineString","coordinates":[[85.9791872,20.1139443],[85.9794438,20.1139457],[85.9805381,20.1140666],[85.9812892,20.1140464],[85.9817076,20.1139709],[85.9823299,20.1137895],[85.9834349,20.1136082],[85.9841001,20.1134822],[85.9861294,20.1129985],[85.9862068,20.112989],[85.9863066,20.1130078],[85.9863996,20.1130514],[85.9864482,20.1130911],[85.9864755,20.1131307],[85.9865248,20.1132243],[85.9866719,20.1141724],[85.9866938,20.1142285],[85.9867127,20.1142571],[85.9867394,20.1142821],[85.9867926,20.1143054],[85.9868379,20.1143082],[85.9876836,20.1142166],[85.9883917,20.1140666]]}},{"type":"Feature","properties":{"id":867644904,"highway":"residential"},"geometry":{"type":"LineString","coordinates":[[85.9884721,20.1162882],[85.9884561,20.1161874],[85.9884882,20.1158902],[85.9885419,20.1155577],[85.9885848,20.1154419],[85.9886063,20.1152655],[85.9885902,20.1150288],[85.9885097,20.1147718],[85.9884829,20.1144746],[85.9883917,20.1140666],[85.9881717,20.1131447],[85.9881291,20.1130251],[85.9880982,20.1129726],[85.9880323,20.1129321],[85.9878767,20.1128717],[85.987528,20.1128213],[85.9868896,20.1128112],[85.9865517,20.1128968],[85.9863066,20.1130078]]}},{"type":"Feature","properties":{"id":867644909,"highway":"unclassified"},"geometry":{"type":"LineString","coordinates":[[85.9698416,20.117498],[85.9698153,20.1175091],[85.9697838,20.1174977],[85.969305,20.1172434],[85.968709,20.1169003],[85.9686237,20.1168611],[85.9678566,20.1164833],[85.9671569,20.1160406],[85.9671112,20.1160228],[85.9670793,20.1160254],[85.9669716,20.1160559],[85.9669115,20.1160647],[85.9668481,20.1160703],[85.9667922,20.1160616],[85.9667397,20.1160402],[85.966655,20.1159846],[85.9662312,20.1155867],[85.9659362,20.1153147],[85.9647667,20.1144735],[85.9638011,20.1136172],[85.9636048,20.1134765],[85.9635443,20.1134226],[85.9630964,20.112982],[85.962802,20.1126412],[85.9627658,20.1125909],[85.9625325,20.1122748],[85.9624962,20.1122244],[85.9623205,20.1119247],[85.9622978,20.1118819],[85.9620832,20.1113404],[85.962055,20.11129],[85.9619048,20.1109336],[85.9618847,20.1108857],[85.9617143,20.1105496],[85.9616809,20.1104991],[85.96119,20.1098959],[85.9610532,20.1097322],[85.9610237,20.1096868],[85.9609929,20.1095974],[85.9609741,20.1095534],[85.9608319,20.1092681],[85.9608299,20.1092429],[85.9608393,20.1092184],[85.9608876,20.109168],[85.9609184,20.1091453],[85.9610713,20.1090528],[85.9611035,20.1090358],[85.9616205,20.1088305],[85.9616453,20.1088248],[85.9616929,20.1088242],[85.9617251,20.108833],[85.9617439,20.1088418],[85.9617989,20.108879],[85.9618284,20.1088935],[85.961935,20.1089205],[85.9619638,20.1089237],[85.961994,20.1089256],[85.9622508,20.1089024],[85.9623004,20.1088935],[85.9623889,20.1088702],[85.9625928,20.1088166],[85.9626357,20.1087965],[85.962764,20.1087129]]}},{"type":"Feature","properties":{"id":867644911,"highway":"unclassified"},"geometry":{"type":"LineString","coordinates":[[85.9698416,20.117498],[85.9699233,20.1173964]]}},{"type":"Feature","properties":{"id":867644913,"highway":"unclassified"},"geometry":{"type":"LineString","coordinates":[[85.9699233,20.1173964],[85.9699449,20.1173711]]}},{"type":"Feature","properties":{"id":867644914,"highway":"residential"},"geometry":{"type":"LineString","coordinates":[[85.9688274,20.1166876],[85.9688195,20.1167018]]}},{"type":"Feature","properties":{"id":867644915,"highway":"residential"},"geometry":{"type":"LineString","coordinates":[[85.9687164,20.116887],[85.968709,20.1169003]]}},{"type":"Feature","properties":{"id":867644916,"highway":"residential"},"geometry":{"type":"LineString","coordinates":[[85.9688195,20.1167018],[85.9687164,20.116887]]}},{"type":"Feature","properties":{"id":867644917,"highway":"residential"},"geometry":{"type":"LineString","coordinates":[[85.970957,20.132636],[85.9708941,20.1325909],[85.9708399,20.1325252],[85.9705663,20.1319611],[85.9705287,20.1319258],[85.9702551,20.1313164],[85.9698849,20.1300269],[85.9695255,20.1291807],[85.9693806,20.1287677],[85.9692948,20.1286267],[85.9692143,20.128531],[85.9688227,20.1281683],[85.968799,20.128116],[85.9687851,20.1280575],[85.9687757,20.1279905],[85.9686985,20.1274475],[85.9686977,20.1273898],[85.9687151,20.1272897],[85.9689032,20.1266825],[85.968918,20.1265965],[85.9689085,20.1265163],[85.9688495,20.1263903],[85.9686977,20.1261787],[85.9685325,20.1259774],[85.9683302,20.1258374],[85.9681465,20.1257219],[85.9679285,20.1255203],[85.967776,20.1253663],[85.9675825,20.1251384],[85.967266,20.1247074],[85.967145,20.1245343],[85.9671255,20.1245149],[85.9671031,20.1244996],[85.9670714,20.1244726],[85.9670575,20.1244416],[85.967053,20.1243968],[85.9670598,20.1243531],[85.9670757,20.1243179],[85.967099,20.1242853],[85.9671268,20.1242582],[85.9673505,20.124126],[85.9677059,20.123966],[85.9679092,20.1238583],[85.9683759,20.123611],[85.9686155,20.1234926],[85.9686994,20.1234441],[85.969171,20.1231776],[85.9705925,20.1223515],[85.9708285,20.1221702],[85.9709567,20.1220274],[85.9709625,20.1220187],[85.9709869,20.121982],[85.9710093,20.1219317],[85.9711737,20.1215154],[85.971837,20.1210419],[85.9721939,20.1207115],[85.9723453,20.12061],[85.972867,20.1202561]]}},{"type":"Feature","properties":{"id":867644918,"highway":"residential"},"geometry":{"type":"LineString","coordinates":[[85.9716707,20.1218471],[85.9715366,20.1219277],[85.9714468,20.1219644],[85.9713542,20.1219932],[85.9711988,20.1220201],[85.9710377,20.1220284],[85.9709625,20.1220187]]}},{"type":"Feature","properties":{"id":867655127,"highway":"residential"},"geometry":{"type":"LineString","coordinates":[[85.9710223,20.1244461],[85.9719719,20.1236956],[85.9725298,20.1231668],[85.9729322,20.1229049],[85.9734356,20.1226487]]}},{"type":"Feature","properties":{"id":867655129,"highway":"residential"},"geometry":{"type":"LineString","coordinates":[[85.9705287,20.1319258],[85.9693051,20.1322545],[85.9682788,20.132371],[85.9682445,20.1323894],[85.9682243,20.1324144],[85.9680504,20.1327726]]}},{"type":"Feature","properties":{"id":867655130,"highway":"residential"},"geometry":{"type":"LineString","coordinates":[[85.9721939,20.1207115],[85.9719819,20.1202051],[85.9719794,20.1201648],[85.9719875,20.120122],[85.9719995,20.1200804],[85.9720194,20.1200389],[85.9720477,20.1200024],[85.9720838,20.1199684],[85.9724378,20.1197222]]}},{"type":"Feature","properties":{"id":867655131,"highway":"residential"},"geometry":{"type":"LineString","coordinates":[[85.9764111,20.1150083],[85.976262,20.1148],[85.9761178,20.1145049],[85.9760696,20.1144192],[85.9760502,20.1144048],[85.976027,20.1143964],[85.9759956,20.114393],[85.9759669,20.1143931],[85.9758228,20.1144243],[85.9752059,20.1146358]]}},{"type":"Feature","properties":{"id":867655132,"highway":"residential"},"geometry":{"type":"LineString","coordinates":[[85.9720144,20.1188537],[85.9720349,20.1188151],[85.9720462,20.118773],[85.9720494,20.1187156],[85.9720229,20.118646],[85.9719241,20.1184704],[85.971737,20.1182682],[85.9717053,20.1182168],[85.9716753,20.1181716],[85.9716655,20.1181524],[85.971661,20.118129],[85.9716658,20.1181153],[85.9716723,20.1181024],[85.9716818,20.1180911],[85.971693,20.1180812],[85.9720301,20.117868],[85.9724828,20.117641],[85.9725287,20.1176181],[85.9725747,20.1175828],[85.9725813,20.1175566],[85.9725827,20.1175255],[85.9725719,20.1174701],[85.9725022,20.117319],[85.9724526,20.1172226],[85.9724446,20.1171955],[85.9724459,20.1171772],[85.972456,20.1171602],[85.9724881,20.1171395],[85.9733078,20.1166103],[85.9734018,20.1165223],[85.9734794,20.1164188],[85.9735226,20.1162955],[85.9735295,20.1161648],[85.9732863,20.1156783],[85.9729215,20.1151493]]}},{"type":"Feature","properties":{"id":867655134,"highway":"residential"},"geometry":{"type":"LineString","coordinates":[[85.9776148,20.1212502],[85.9775201,20.1212289],[85.9773946,20.12122],[85.9762321,20.1213953],[85.9761574,20.1214012],[85.9760857,20.1214014],[85.9759477,20.1213934],[85.9758067,20.1213711],[85.9752114,20.1213695],[85.9750235,20.121356],[85.9747338,20.1213006],[85.9746587,20.1213006],[85.9740472,20.1214064],[85.9739104,20.1214248],[85.9737723,20.1214323],[85.9737012,20.1214298],[85.9736073,20.1214109],[85.9734464,20.1213605],[85.9733136,20.1213278],[85.9731757,20.1212873]]}},{"type":"Feature","properties":{"id":867659838,"highway":"unclassified"},"geometry":{"type":"LineString","coordinates":[[85.9896199,20.1239137],[85.989312,20.1224694],[85.9892905,20.12241],[85.9892604,20.1223466],[85.9892101,20.1222822],[85.9891576,20.1222257],[85.9890247,20.1221299],[85.9884106,20.121795],[85.9883327,20.1217572],[85.9882366,20.1217004],[85.9880376,20.1215759],[85.9879408,20.1215205],[85.9873724,20.1211981],[85.9872375,20.1211129],[85.9871801,20.1210841],[85.9871667,20.1210773],[85.9870734,20.1210327],[85.9867936,20.1209119],[85.9864337,20.1207749],[85.9863816,20.1207551],[85.9862955,20.1207426],[85.9860112,20.1207233],[85.9858241,20.1207327],[85.9857772,20.1207351],[85.9856612,20.1207397],[85.9855003,20.1207296],[85.9854203,20.1207194],[85.9853814,20.120711],[85.9853501,20.1206944],[85.9853059,20.1206658],[85.9852267,20.1205936],[85.9851033,20.1204896]]}},{"type":"Feature","properties":{"id":867659839,"highway":"residential"},"geometry":{"type":"LineString","coordinates":[[85.9900472,20.1238556],[85.9900325,20.1236939],[85.9899702,20.123115]]}},{"type":"Feature","properties":{"id":867659840,"highway":"residential"},"geometry":{"type":"LineString","coordinates":[[85.9872443,20.1227832],[85.9872598,20.1225531],[85.9872383,20.1222307],[85.9872313,20.121695],[85.9871488,20.1214002],[85.987133,20.1212809],[85.9871334,20.1212195],[85.9871399,20.121157]]}},{"type":"Feature","properties":{"id":867659841,"highway":"residential"},"geometry":{"type":"LineString","coordinates":[[85.9871399,20.121157],[85.9871717,20.1210992]]}},{"type":"Feature","properties":{"id":867659842,"highway":"residential"},"geometry":{"type":"LineString","coordinates":[[85.9871717,20.1210992],[85.9871801,20.1210841]]}},{"type":"Feature","properties":{"id":867659847,"highway":"residential"},"geometry":{"type":"LineString","coordinates":[[85.9724078,20.1196521],[85.9727767,20.1194705],[85.9731413,20.1193126],[85.9732999,20.1192393],[85.973603,20.1190081]]}},{"type":"Feature","properties":{"id":867659848,"highway":"residential"},"geometry":{"type":"LineString","coordinates":[[85.9862582,20.1311174],[85.9863718,20.131074],[85.986555,20.1309983],[85.98679,20.1308879],[85.9868508,20.1308651],[85.9873583,20.1307175],[85.9874725,20.1306927],[85.987823,20.1306023]]}},{"type":"Feature","properties":{"id":867659849,"highway":"residential"},"geometry":{"type":"LineString","coordinates":[[85.9868508,20.1308651],[85.9868744,20.1310962],[85.9868657,20.1311208],[85.9868359,20.1311413],[85.9863263,20.1313931]]}},{"type":"Feature","properties":{"id":867659850,"highway":"residential"},"geometry":{"type":"LineString","coordinates":[[85.9853814,20.1312593],[85.9855996,20.1311723],[85.9856652,20.131134],[85.9857309,20.1310859],[85.9859669,20.1308592]]}},{"type":"Feature","properties":{"id":867659851,"highway":"unclassified"},"geometry":{"type":"LineString","coordinates":[[85.9874046,20.1323156],[85.987311,20.1323231]]}},{"type":"Feature","properties":{"id":867659852,"highway":"unclassified"},"geometry":{"type":"LineString","coordinates":[[85.987311,20.1323231],[85.9872557,20.1323276],[85.9871068,20.1323244],[85.9869861,20.1322948],[85.9868665,20.1322219],[85.9867501,20.1321336],[85.986557,20.1318868],[85.9863263,20.1313931],[85.9862582,20.1311174],[85.9862301,20.1310593],[85.9861923,20.1310012],[85.9861599,20.1309726],[85.986018,20.1309029],[85.9859903,20.130884],[85.9859669,20.1308592],[85.9857255,20.1304613],[85.9857008,20.1304422],[85.985671,20.1304313],[85.9856398,20.1304261],[85.9856073,20.1304268],[85.9853929,20.1304965],[85.9846196,20.1307951],[85.9845951,20.1308016],[85.9845721,20.1307992],[85.9845493,20.1307864],[85.9845346,20.1307685],[85.9842986,20.1302296],[85.9841363,20.1300202],[85.9840523,20.1299436],[85.9839367,20.1298792],[85.9837954,20.1298255],[85.9837155,20.1298086],[85.9836119,20.1298064],[85.9834778,20.1298316],[85.9832321,20.1299631],[85.9831667,20.1300029],[85.9828449,20.1302048]]}},{"type":"Feature","properties":{"id":867660153,"highway":"residential"},"geometry":{"type":"LineString","coordinates":[[85.9846258,20.1296503],[85.9841698,20.1297712],[85.9840017,20.129844],[85.9839367,20.1298792]]}},{"type":"Feature","properties":{"id":867660710,"highway":"secondary"},"geometry":{"type":"LineString","coordinates":[[85.9777353,20.1210418],[85.9777137,20.1210811],[85.97767,20.121154],[85.9776148,20.1212502],[85.9763615,20.1233893],[85.975765,20.124474],[85.975145,20.1255],[85.9749378,20.1258289],[85.9748527,20.126],[85.974693,20.1262503],[85.974128,20.127168],[85.9736119,20.1280651],[85.973153,20.128989],[85.971409,20.131723],[85.970957,20.132636],[85.9708998,20.1328237],[85.9707234,20.1334029],[85.9706297,20.1337103],[85.970582,20.133867],[85.970009,20.137201],[85.969898,20.13764],[85.9698222,20.1385541],[85.9697906,20.1387523],[85.9696466,20.1396554],[85.9695912,20.1401054],[85.9694861,20.1407439],[85.9694058,20.1413576],[85.9694021,20.1413858],[85.9694027,20.1414788],[85.9694176,20.1415674],[85.9694523,20.1416905],[85.9695134,20.1418063],[85.9696428,20.1420155],[85.9701064,20.1426139],[85.9702149,20.1427936],[85.9705021,20.1432694],[85.97059,20.143415],[85.9711365,20.1444144],[85.9712135,20.1446003],[85.9712728,20.1447829],[85.9713825,20.1451746],[85.971559,20.1458674],[85.9717196,20.146557],[85.9718691,20.1470517],[85.971896,20.1471724],[85.9718948,20.1472898],[85.9719045,20.1474399],[85.9719329,20.147879],[85.972026,20.148765],[85.9720592,20.1490848],[85.9720348,20.1493068],[85.9719887,20.1494736],[85.9719547,20.1495748],[85.9718278,20.1499258],[85.9717212,20.1504725],[85.9716812,20.1506225],[85.9714169,20.1516126],[85.9713123,20.1519574],[85.9712949,20.1521702],[85.971297,20.15236],[85.97139,20.1531573],[85.9714914,20.153924],[85.9715719,20.1543044],[85.9716841,20.1546584],[85.9718992,20.1551355],[85.972019,20.15551],[85.9721139,20.1556715],[85.9723314,20.1560256],[85.9726999,20.1566021],[85.9727682,20.1567931],[85.972797,20.156994],[85.9728045,20.1571523],[85.9727968,20.1572438],[85.972776,20.157323],[85.9725404,20.1579396],[85.972474,20.158099],[85.9724474,20.158258],[85.9724496,20.1582956],[85.9724658,20.1583502],[85.9725027,20.1583999],[85.9726652,20.1585373],[85.9728624,20.1587589],[85.9730612,20.1589414],[85.9738027,20.159622],[85.9741516,20.1600894],[85.97425,20.1602455],[85.9743347,20.1604071],[85.9748155,20.1613472],[85.9752632,20.1623001],[85.9753315,20.1624858],[85.975384,20.1626666],[85.9754988,20.1632617],[85.9756451,20.1640401],[85.9756471,20.1640507],[85.9757432,20.164684],[85.9757427,20.1648842],[85.9757073,20.1654384],[85.975656,20.165916],[85.975452,20.1666158],[85.975408,20.166767],[85.9753055,20.1673205],[85.9752257,20.1677806],[85.9751723,20.1680883],[85.9751571,20.1682568],[85.9751074,20.1684753],[85.9750562,20.1686698],[85.9750031,20.1688531],[85.9748175,20.1693139],[85.9740738,20.1705728],[85.9739358,20.1708233],[85.973824,20.17108],[85.9738141,20.1713541],[85.9738254,20.171562],[85.9739052,20.1725271],[85.9739144,20.1726383],[85.9739414,20.1730872],[85.9739534,20.1732874],[85.9739805,20.1737376],[85.9740112,20.174118],[85.9740193,20.1742182],[85.9740579,20.1744259],[85.9740867,20.1745813]]}},{"type":"Feature","properties":{"id":867660711,"highway":"secondary"},"geometry":{"type":"LineString","coordinates":[[85.9777794,20.1209614],[85.9777353,20.1210418]]}},{"type":"Feature","properties":{"id":867663386,"highway":"unclassified"},"geometry":{"type":"LineString","coordinates":[[85.9584517,20.1421959],[85.9584897,20.1421645],[85.9585154,20.1421305],[85.9586298,20.1419162],[85.9588205,20.1416528],[85.9588903,20.1415867],[85.9589723,20.1415205],[85.9590505,20.1414691],[85.9591501,20.1414263],[85.9626843,20.1406226],[85.9626916,20.1406418]]}},{"type":"Feature","properties":{"id":867733872,"highway":"residential"},"geometry":{"type":"LineString","coordinates":[[85.9697906,20.1387523],[85.969643,20.1387724],[85.9687627,20.1390439]]}},{"type":"Feature","properties":{"id":867733873,"highway":"unclassified"},"geometry":{"type":"LineString","coordinates":[[85.9827651,20.1361501],[85.9847116,20.1361532],[85.9868896,20.1357704],[85.9877929,20.1355534],[85.9878322,20.135553],[85.9878636,20.13556],[85.9878937,20.1355765],[85.9879097,20.1355959],[85.9881234,20.1360374],[85.9881679,20.1360853],[85.9882361,20.136123],[85.9884593,20.1362203],[85.9885265,20.1362591],[85.9886153,20.1363435],[85.9889978,20.1367778],[85.9890903,20.1368609],[85.9891382,20.1368932],[85.9891959,20.1369193],[85.9896039,20.136953],[85.9896698,20.1369647],[85.9897324,20.1369826],[85.9899903,20.1371406],[85.9900321,20.1371783],[85.9900673,20.1372251],[85.9900944,20.1372736],[85.9901083,20.137322],[85.9901445,20.1376982],[85.9902371,20.1379012],[85.9904785,20.1384703],[85.9906447,20.1388984],[85.9907853,20.1394866],[85.9907863,20.1395648],[85.9907735,20.1396387],[85.9906447,20.1400315],[85.9906279,20.1402158],[85.9905545,20.1402729],[85.9904784,20.1403134],[85.9901565,20.1407867],[85.9898615,20.1412047],[85.9896719,20.1418389],[85.9896602,20.141939],[85.989666,20.1420433],[85.9897166,20.1423227],[85.9897449,20.1425215],[85.9897694,20.1427286],[85.9897864,20.1428212],[85.9898507,20.1431536],[85.9901404,20.1441406],[85.9901441,20.1441708],[85.9901404,20.144201],[85.9900347,20.1445763],[85.990017,20.1446643],[85.9900653,20.1451478],[85.9900493,20.1453474],[85.9900566,20.1454243],[85.9900735,20.1454855],[85.9902209,20.1458377],[85.9904086,20.1461247],[85.9904914,20.1463074],[85.9905246,20.146393],[85.9905374,20.1464671],[85.9905387,20.1465284],[85.9905283,20.1465712],[85.9905146,20.146609],[85.9904866,20.1466557],[85.9904664,20.1466712],[85.9897703,20.1470321],[85.9890729,20.1472234],[85.9869701,20.1475861],[85.9861088,20.147787],[85.9857345,20.1479248]]}},{"type":"Feature","properties":{"id":867737691,"highway":"residential"},"geometry":{"type":"LineString","coordinates":[[85.9909236,20.1441205],[85.9908432,20.1436018],[85.9906286,20.1430025],[85.9905803,20.1425996],[85.9906018,20.1423076],[85.9906005,20.1420912],[85.9905828,20.1418646],[85.9904784,20.1414918],[85.9904408,20.1412047],[85.9904324,20.1411409],[85.9904203,20.1410496],[85.990405,20.1410091],[85.9903818,20.1409731],[85.9903466,20.1409298],[85.9903067,20.1408925],[85.9901565,20.1407867]]}},{"type":"Feature","properties":{"id":867737692,"highway":"residential"},"geometry":{"type":"LineString","coordinates":[[85.9921521,20.1446618],[85.9920394,20.1439089],[85.9920086,20.1438457],[85.9919818,20.1438178],[85.9919482,20.1437931],[85.9918874,20.1437828],[85.9918356,20.1437831],[85.9911556,20.1440347],[85.9909236,20.1441205],[85.9907223,20.1444702],[85.9907137,20.1444917],[85.9907085,20.1445132],[85.9907119,20.1445438],[85.9909022,20.1449715]]}},{"type":"Feature","properties":{"id":867737693,"highway":"residential"},"geometry":{"type":"LineString","coordinates":[[85.9890729,20.1472234],[85.9891265,20.1475398],[85.9892124,20.1478423],[85.9892446,20.1481139],[85.9892403,20.1481463],[85.9892315,20.1481765],[85.9892184,20.1481991],[85.9891963,20.1482196],[85.9889012,20.1483158]]}},{"type":"Feature","properties":{"id":867737694,"highway":"residential"},"geometry":{"type":"LineString","coordinates":[[85.9892124,20.1478423],[85.9899752,20.147649],[85.99007,20.1476107],[85.9901506,20.1475762],[85.990645,20.1472487],[85.9907971,20.1471345],[85.9908902,20.1470528],[85.9910184,20.1469696]]}},{"type":"Feature","properties":{"id":867737695,"highway":"residential"},"geometry":{"type":"LineString","coordinates":[[85.9906279,20.1402158],[85.9910631,20.1402177],[85.9911556,20.1402314],[85.9912654,20.1402417],[85.9913281,20.1402475],[85.9913832,20.1402386],[85.9914326,20.1402083],[85.9914687,20.1401655],[85.991594,20.1399212],[85.9916548,20.1397322],[85.9916719,20.139611],[85.9916624,20.1394255],[85.9915921,20.1391919],[85.9914307,20.1387943],[85.9911895,20.1382059]]}},{"type":"Feature","properties":{"id":867737696,"highway":"residential"},"geometry":{"type":"LineString","coordinates":[[85.9904408,20.1412047],[85.9907627,20.1410385],[85.9909924,20.1409679],[85.9910259,20.1409548],[85.9910528,20.1409387],[85.9910827,20.1409158],[85.9910995,20.1408868],[85.9911556,20.1407112],[85.9912074,20.1406034],[85.9912451,20.140445],[85.9912533,20.1403325],[85.9912654,20.1402417]]}},{"type":"Feature","properties":{"id":867740102,"highway":"residential"},"geometry":{"type":"LineString","coordinates":[[85.9901445,20.1376982],[85.9890837,20.1379263],[85.9883917,20.1381379],[85.9875817,20.1383393],[85.9874825,20.138382],[85.9873832,20.138435],[85.9870915,20.138504],[85.9866125,20.1386829],[85.986256,20.1388502],[85.9861064,20.1389084],[85.9855519,20.1391505],[85.9855283,20.1391676],[85.9855212,20.1391916],[85.9855204,20.1392203],[85.985525,20.1392404],[85.9857684,20.1397646],[85.9857757,20.1398113],[85.9857684,20.1398603],[85.9857558,20.1398965],[85.9857309,20.1399258],[85.9856933,20.139956],[85.9856579,20.13997],[85.9856151,20.1399748],[85.9850228,20.139961],[85.9845335,20.1400706]]}},{"type":"Feature","properties":{"id":867740104,"highway":"residential"},"geometry":{"type":"LineString","coordinates":[[85.9769371,20.1534572],[85.9767562,20.1531446],[85.9766436,20.1528727],[85.9766006,20.152631],[85.9766006,20.1523087],[85.9765792,20.152077],[85.9763968,20.1514425],[85.976268,20.1508382],[85.9762877,20.1503972],[85.9763291,20.1501292],[85.9763464,20.1499985],[85.9763431,20.1498613],[85.9761876,20.1492318]]}},{"type":"Feature","properties":{"id":867740105,"highway":"residential"},"geometry":{"type":"LineString","coordinates":[[85.9778398,20.1449866],[85.9780107,20.1453521],[85.9780651,20.1455205]]}},{"type":"Feature","properties":{"id":867740106,"highway":"residential"},"geometry":{"type":"LineString","coordinates":[[85.9720348,20.1493068],[85.9713596,20.1491723],[85.9713209,20.1491558],[85.9712953,20.149127],[85.9712493,20.1490442],[85.9712329,20.1490254],[85.9712059,20.1490042],[85.9707105,20.1489457],[85.9703672,20.1489608]]}},{"type":"Feature","properties":{"id":867740107,"highway":"residential"},"geometry":{"type":"LineString","coordinates":[[85.9700921,20.1478327],[85.9703291,20.1476748],[85.9704183,20.1475743],[85.9705279,20.1475001],[85.9707266,20.1473997],[85.9709891,20.1473207],[85.971198,20.1472777],[85.9713636,20.1472801],[85.9715318,20.1473135],[85.9716669,20.1473566],[85.9717841,20.1473973],[85.9719045,20.1474399]]}},{"type":"Feature","properties":{"id":867740108,"highway":"residential"},"geometry":{"type":"LineString","coordinates":[[85.9700717,20.1461342],[85.9704616,20.1461055],[85.9705253,20.1461103],[85.9705686,20.1461246],[85.9706145,20.1461605],[85.9707317,20.1465122],[85.9708004,20.1468204],[85.9708234,20.1469236],[85.9709406,20.1471987],[85.9709891,20.1473207]]}},{"type":"Feature","properties":{"id":867740109,"highway":"residential"},"geometry":{"type":"LineString","coordinates":[[85.9731992,20.1420984],[85.9728938,20.1424737],[85.9727436,20.1425845],[85.9723467,20.1427356],[85.9716976,20.1428917],[85.9712791,20.1430428],[85.9711713,20.1430745],[85.9708001,20.1431696],[85.9705021,20.1432694]]}},{"type":"Feature","properties":{"id":867740111,"highway":"residential"},"geometry":{"type":"LineString","coordinates":[[85.9716812,20.1506225],[85.9713221,20.1503355],[85.9711933,20.1501945],[85.971125,20.1501391],[85.9710231,20.1500895],[85.970926,20.1500679],[85.9708381,20.150062],[85.970792,20.1500762],[85.9706896,20.1501275]]}},{"type":"Feature","properties":{"id":867740112,"highway":"residential"},"geometry":{"type":"LineString","coordinates":[[85.9729338,20.1494199],[85.9727991,20.1509055]]}},{"type":"Feature","properties":{"id":867740113,"highway":"residential"},"geometry":{"type":"LineString","coordinates":[[85.9761876,20.1492318],[85.9761232,20.1486426],[85.9762949,20.1462456],[85.9763014,20.1461951],[85.9763101,20.146151],[85.9763968,20.1459031],[85.9765416,20.1452988],[85.9765522,20.1452767],[85.9765674,20.1452568],[85.9765849,20.1452436],[85.9766106,20.1452315],[85.9772229,20.1450571],[85.9778398,20.1449866],[85.9788724,20.1446922]]}},{"type":"Feature","properties":{"id":867741941,"highway":"residential"},"geometry":{"type":"LineString","coordinates":[[85.9628127,20.1407665],[85.9628067,20.140811],[85.9628007,20.1408777],[85.9627878,20.1417259],[85.9628308,20.1424183],[85.9628352,20.1424535],[85.9628531,20.1424823],[85.9628742,20.1424997],[85.9629071,20.1425044],[85.9631366,20.1424637],[85.9640011,20.1421864],[85.9641023,20.1421615],[85.9644188,20.142091],[85.9647246,20.142086],[85.9647997,20.1421011],[85.9648373,20.1421263],[85.9648909,20.1422219],[85.9649343,20.1422862],[85.9649617,20.1423028],[85.9649959,20.1423131],[85.9650349,20.1423193],[85.9650698,20.1423152],[85.9651123,20.1422953],[85.9651643,20.1422779],[85.9652397,20.1422622],[85.9661303,20.1421565],[85.9668264,20.1420268],[85.9668527,20.1420283],[85.9668803,20.1420349],[85.9669055,20.1420513],[85.9669197,20.1420728],[85.9670553,20.1425566],[85.9670623,20.1425734],[85.9670739,20.1425846],[85.9670903,20.1425903],[85.967109,20.1425904],[85.9675456,20.1425498],[85.9676226,20.1425484],[85.9676388,20.1425536],[85.9676481,20.1425625],[85.967653,20.1425713],[85.9676589,20.1425902],[85.9676613,20.1426369],[85.9676792,20.1427034],[85.9677058,20.1428176],[85.967759,20.1428889],[85.9678597,20.142962],[85.9679155,20.1429969],[85.9679812,20.1430226],[85.9681122,20.1430511],[85.9683022,20.143069],[85.9686977,20.1431262],[85.9689457,20.1431536],[85.9692085,20.1431435],[85.9694928,20.1430931],[85.9702149,20.1427936]]}},{"type":"Feature","properties":{"id":867741944,"highway":"residential"},"geometry":{"type":"LineString","coordinates":[[85.9873884,20.1518386],[85.9864336,20.1521627],[85.9863187,20.1522171],[85.986294,20.1522407],[85.98628,20.1522662],[85.9862694,20.1523056],[85.9862651,20.1523411],[85.9862995,20.1525806],[85.9863746,20.1528072]]}},{"type":"Feature","properties":{"id":867741945,"highway":"tertiary"},"geometry":{"type":"LineString","coordinates":[[85.9880108,20.1521574],[85.9880909,20.1522331],[85.9882803,20.1526306],[85.9884667,20.1529041],[85.9886096,20.1531732],[85.9886314,20.1532323],[85.988645,20.1533066],[85.9886574,20.1535346],[85.9887029,20.1537374],[85.9887081,20.1538156],[85.9887021,20.1538975],[85.9885946,20.1542649],[85.9885202,20.1543809],[85.9884566,20.154567],[85.9884185,20.1548682],[85.9884057,20.1550457],[85.9883966,20.1550851],[85.9883737,20.1551181],[85.9883628,20.1551257],[85.9883361,20.1551444],[85.9881131,20.1552086],[85.9880838,20.1552211],[85.9880588,20.1552322],[85.9880434,20.1552535],[85.9880387,20.1552793],[85.9880394,20.1553052],[85.9880943,20.1554703],[85.9880985,20.1554895],[85.9880984,20.1555081],[85.9880922,20.1555318],[85.988083,20.1555479],[85.9878943,20.1556043],[85.9878791,20.1556179],[85.9878719,20.1556343],[85.9878699,20.1556503],[85.9878689,20.1556749],[85.9878882,20.1557593],[85.9878884,20.1557732],[85.9878822,20.1557883],[85.987871,20.1557977],[85.9878266,20.1558159],[85.9878182,20.1558245],[85.9878119,20.1558325],[85.9878065,20.1558459],[85.9878046,20.1558596],[85.9878072,20.155964],[85.9878127,20.1563463],[85.987825,20.1567426],[85.9878555,20.1570065],[85.9878716,20.1571459],[85.9879251,20.1574766],[85.9879839,20.1577688],[85.9880215,20.1579904],[85.9880305,20.1580909],[85.9880307,20.1582062],[85.9880168,20.1583215],[85.9880034,20.1583801],[85.9879688,20.1584354],[85.9879255,20.1584886],[85.9878927,20.1585393],[85.9878873,20.1586112],[85.9879029,20.158688],[85.9879625,20.1588666],[85.9881718,20.1593547],[85.9882934,20.1595856],[85.988358,20.1596716],[85.988735,20.16005],[85.9890139,20.1602766],[85.9892729,20.1604724],[85.9895326,20.1606957],[85.9897655,20.1609602],[85.990001,20.1612284],[85.9900467,20.1612724],[85.9902424,20.1614752],[85.9904247,20.1616917],[85.9905908,20.1619132],[85.9906286,20.1619636],[85.9907681,20.1621801],[85.9909022,20.1623363],[85.9909717,20.1624367],[85.9911114,20.1626183],[85.9913193,20.1629059],[85.9915513,20.1632376],[85.9916027,20.163323],[85.9916808,20.1634478]]}},{"type":"Feature","properties":{"id":867741946,"highway":"tertiary"},"geometry":{"type":"LineString","coordinates":[[85.9879529,20.1521254],[85.9880108,20.1521574]]}},{"type":"Feature","properties":{"id":867746054,"highway":"residential"},"geometry":{"type":"LineString","coordinates":[[85.9681122,20.1430511],[85.9680686,20.14334],[85.9680496,20.1435076],[85.9680439,20.1435968],[85.9680648,20.1436752],[85.9681066,20.1437929],[85.968155,20.1438865]]}},{"type":"Feature","properties":{"id":867746055,"highway":"residential"},"geometry":{"type":"LineString","coordinates":[[85.9689196,20.1454717],[85.9692877,20.1453578],[85.96932,20.1453631],[85.9693484,20.1453827],[85.9693883,20.1454701],[85.9695707,20.1459194]]}},{"type":"Feature","properties":{"id":867746056,"highway":"residential"},"geometry":{"type":"LineString","coordinates":[[85.9696024,20.1512058],[85.9695664,20.1514786],[85.9695531,20.1516212],[85.9695967,20.1519137],[85.9696651,20.1520991],[85.9697468,20.152231],[85.9698019,20.1522913],[85.9698434,20.1523183],[85.9698798,20.1523347],[85.969911,20.1523448],[85.9699356,20.1523463],[85.970099,20.1523194],[85.970406,20.1522643],[85.9706724,20.1522068],[85.9708008,20.1521686],[85.9708432,20.1521502],[85.9711367,20.1519925],[85.9711754,20.1519715],[85.9711971,20.1519634],[85.9712255,20.1519569],[85.9713123,20.1519574]]}},{"type":"Feature","properties":{"id":867746057,"highway":"residential"},"geometry":{"type":"LineString","coordinates":[[85.9693038,20.15407],[85.9694197,20.1543],[85.9694615,20.1544712],[85.969507,20.1547868],[85.9695488,20.1549989],[85.9695678,20.155154],[85.9695792,20.1554607],[85.969583,20.1557656],[85.9695887,20.1559688],[85.9695754,20.1560544]]}},{"type":"Feature","properties":{"id":867746058,"highway":"unclassified"},"geometry":{"type":"LineString","coordinates":[[85.9634924,20.1539774],[85.9636134,20.1540687],[85.9636788,20.154094],[85.9637847,20.1541195],[85.9639633,20.1541291],[85.9642206,20.1541068],[85.9642865,20.154124],[85.9643361,20.1541578],[85.9643734,20.1542126],[85.9644108,20.1543477],[85.9644725,20.1545625],[85.9645235,20.1547302],[85.9645724,20.1548761],[85.9646518,20.1550189],[85.9647271,20.155153],[85.9647609,20.1552421],[85.9647722,20.1552888],[85.9647789,20.1553334],[85.96484,20.1565272],[85.9649194,20.1567076],[85.9649384,20.156741],[85.9649576,20.1567576],[85.9649839,20.1567676],[85.9650147,20.1567762],[85.9650456,20.1567763],[85.9656411,20.1565396],[85.9664028,20.1561819],[85.9670542,20.1558676],[85.9671262,20.1558383],[85.9672165,20.1558047],[85.9677553,20.1556507],[85.9683399,20.1554915],[85.9686056,20.1554531],[85.9687446,20.1554512],[85.9687886,20.1554558],[85.9688325,20.1554684],[85.9688735,20.1554903],[85.968911,20.1555185],[85.9689674,20.1555797],[85.9690267,20.1556795],[85.9690731,20.1557355],[85.9691228,20.155785],[85.969272,20.1558733],[85.9693802,20.155941],[85.9694682,20.1559961],[85.9695754,20.1560544],[85.9696645,20.1561324],[85.969922,20.1562935],[85.970061,20.1563761],[85.9701918,20.1564048],[85.9703226,20.1563933],[85.9704637,20.1563454],[85.9705516,20.1562839],[85.9707498,20.156165],[85.9709215,20.1560729],[85.9711464,20.1560038],[85.9713217,20.1559786],[85.9716472,20.1558925],[85.9719129,20.1557985],[85.9721139,20.1556715]]}},{"type":"Feature","properties":{"id":867960234,"highway":"unclassified"},"geometry":{"type":"LineString","coordinates":[[85.9787518,20.1296402],[85.9772122,20.1307538],[85.976919,20.1309791],[85.9768564,20.1310161],[85.9767938,20.1310456],[85.9758995,20.1313527]]}},{"type":"Feature","properties":{"id":868518808,"highway":"residential"},"geometry":{"type":"LineString","coordinates":[[85.9756861,20.1604362],[85.9756404,20.1603736],[85.9756217,20.1603342],[85.9755787,20.1602112],[85.9755626,20.1601646],[85.9755331,20.1601068],[85.9754055,20.1599216],[85.9753186,20.1598172],[85.9747033,20.1590735],[85.9744442,20.1587864],[85.974276,20.1586263],[85.9741873,20.1585431],[85.9737902,20.1582462],[85.9736036,20.1581429]]}},{"type":"Feature","properties":{"id":868518809,"highway":"residential"},"geometry":{"type":"LineString","coordinates":[[85.972797,20.156994],[85.9730709,20.1572646],[85.9731261,20.1573367],[85.9734558,20.1578233],[85.9734773,20.1578653],[85.9735197,20.1579766],[85.9735374,20.1580113],[85.9735982,20.1581097],[85.9736036,20.1581429],[85.9735882,20.158174],[85.9728624,20.1587589]]}},{"type":"Feature","properties":{"id":868518810,"highway":"residential"},"geometry":{"type":"LineString","coordinates":[[85.9693802,20.155941],[85.9692621,20.1562114],[85.9691549,20.1564531],[85.9691375,20.1565164],[85.9691323,20.1565797],[85.969128,20.1566948],[85.9691227,20.1569416],[85.9691472,20.1570053],[85.9691656,20.1570368],[85.9691931,20.1570662],[85.9692786,20.1571191],[85.9693241,20.1571491],[85.9693582,20.1571854],[85.9693907,20.1572302],[85.9694164,20.1572765],[85.9694354,20.1573141],[85.9694392,20.1573596],[85.9694392,20.157425],[85.9694472,20.1577123],[85.9694434,20.1577665],[85.9694328,20.1578081],[85.969394,20.1579263],[85.9693566,20.158005],[85.9693156,20.158058],[85.9693049,20.1580774],[85.9692719,20.1581367],[85.9692455,20.1582179],[85.9692291,20.1584565],[85.9692264,20.1585899],[85.9692293,20.1586226],[85.9692386,20.1586564],[85.9692607,20.1586977],[85.9692696,20.1587144],[85.9692837,20.1587302],[85.9693034,20.1587417],[85.9693284,20.1587515],[85.9693727,20.1587579],[85.9694191,20.1587599],[85.9694641,20.1587567],[85.9695092,20.1587497],[85.9695543,20.1587344],[85.9695738,20.1587258],[85.9696427,20.1586956],[85.9696814,20.1586866],[85.9697335,20.1586769],[85.9699536,20.1586504],[85.9699747,20.1586518],[85.9699954,20.1586551],[85.9700121,20.15866],[85.9700261,20.1586691],[85.9700682,20.1587101],[85.9701088,20.1587689],[85.9701482,20.158841],[85.9701748,20.1588861],[85.970191,20.1589059],[85.9702116,20.1589257],[85.9702355,20.1589339],[85.9702656,20.1589355],[85.9705089,20.158905],[85.9706096,20.1588911],[85.9707052,20.1588693],[85.9710646,20.1587142],[85.9713006,20.1586286],[85.9717929,20.1584298],[85.971819,20.1584235],[85.9718451,20.1584197],[85.9718684,20.1584198],[85.9718918,20.1584224],[85.9720933,20.1584913],[85.9721218,20.158496],[85.9721371,20.1584969],[85.9721529,20.158496],[85.9721689,20.1584929],[85.9721839,20.1584882],[85.9722091,20.1584755],[85.9722675,20.1584427],[85.9724496,20.1582956]]}},{"type":"Feature","properties":{"id":868518811,"highway":"residential"},"geometry":{"type":"LineString","coordinates":[[85.9725404,20.1579396],[85.9722953,20.157544],[85.9717899,20.1568296],[85.971667,20.1566133],[85.9714574,20.1562443],[85.9713217,20.1559786]]}},{"type":"Feature","properties":{"id":868518812,"highway":"residential"},"geometry":{"type":"LineString","coordinates":[[85.9711976,20.156823],[85.971496,20.1566752],[85.9715977,20.1566398],[85.971667,20.1566133]]}},{"type":"Feature","properties":{"id":868518813,"highway":"residential"},"geometry":{"type":"LineString","coordinates":[[85.9768221,20.1605358],[85.9768349,20.1605296],[85.976846,20.1605296],[85.9768562,20.1605383],[85.9769119,20.1606247],[85.9769318,20.1606484],[85.9769539,20.1606559],[85.9769915,20.1606559],[85.9770261,20.1606462],[85.9771728,20.1605951],[85.9772056,20.160565],[85.9772088,20.1605274],[85.9771901,20.1603996]]}},{"type":"Feature","properties":{"id":868518814,"highway":"secondary"},"geometry":{"type":"LineString","coordinates":[[85.9740867,20.1745813],[85.9741138,20.1746519]]}},{"type":"Feature","properties":{"id":868518815,"highway":"secondary"},"geometry":{"type":"LineString","coordinates":[[85.9741138,20.1746519],[85.9742262,20.1750231],[85.9742632,20.1754435],[85.9742707,20.1762203],[85.974302,20.176671],[85.9743645,20.1770474],[85.9743591,20.1771807],[85.9743453,20.177308],[85.9742177,20.1777488],[85.9741486,20.1780435],[85.974125,20.1781968],[85.9741141,20.1783515],[85.9741371,20.1787026],[85.974162,20.179441],[85.9741663,20.1795271],[85.9742143,20.1804921],[85.9742341,20.181],[85.9742639,20.1813272],[85.9743367,20.1816187],[85.974462,20.1819225],[85.9746366,20.1824496],[85.9746829,20.1826989],[85.9746718,20.1828193],[85.974618,20.1829254],[85.9738662,20.1833648],[85.9734997,20.1835858],[85.971855,20.18456],[85.9712798,20.1848905],[85.9712546,20.184905],[85.9712297,20.1849191]]}},{"type":"Feature","properties":{"id":868527859,"highway":"unclassified"},"geometry":{"type":"LineString","coordinates":[[85.9599448,20.1735514],[85.9599729,20.17353],[85.9599985,20.1735205],[85.9604667,20.1734133],[85.9606307,20.1733538],[85.9608869,20.1732852],[85.9611053,20.1731639],[85.9613084,20.1730368],[85.9614099,20.1729905],[85.9614655,20.1729607],[85.9615218,20.1729374],[85.9615737,20.1729261],[85.9616332,20.1729195],[85.9621503,20.1728958],[85.9625673,20.1728654],[85.9635226,20.1726474],[85.9636172,20.1726272],[85.9637232,20.1726081],[85.9644448,20.1724273],[85.9650671,20.1722813],[85.9651314,20.1722554],[85.9651958,20.1722209],[85.9652285,20.1721825],[85.9652522,20.1721378],[85.9652886,20.172068],[85.9653206,20.1720349],[85.9653616,20.1720039],[85.965421,20.1719778],[85.9654917,20.1719602],[85.9655691,20.1719533],[85.9656398,20.1719549],[85.9656579,20.1719761],[85.9656753,20.1720309],[85.9656787,20.1721448],[85.9656679,20.1723814],[85.9656411,20.1725224],[85.9656465,20.1726936],[85.9656894,20.1729303],[85.9657538,20.1730813],[85.9660274,20.1735698],[85.9661722,20.1738921],[85.9664511,20.1743806],[85.9666228,20.1747331],[85.9667086,20.1750503],[85.9667815,20.1756207],[85.9668052,20.1757302],[85.9668341,20.175839],[85.9668735,20.1759502],[85.9669681,20.1761529],[85.9669946,20.1761954],[85.967027,20.176236],[85.9670526,20.176263],[85.9670776,20.1762841],[85.9671088,20.1763048],[85.9671419,20.1763208],[85.9672226,20.1763426],[85.9673265,20.1763587],[85.9674633,20.1763954],[85.9675501,20.1764263],[85.9676418,20.1764493],[85.9677383,20.1764642],[85.9678395,20.1764679],[85.9679436,20.1764619],[85.9680671,20.1764447],[85.9682015,20.1764034],[85.9684386,20.1763128],[85.9686026,20.1762325],[85.9687068,20.1761832],[85.9690583,20.1760474],[85.9710646,20.1752165],[85.9716869,20.1750101],[85.9725774,20.1748338],[85.9726268,20.1748223],[85.9734249,20.1746374],[85.9734659,20.1746237],[85.9739314,20.1744682],[85.9740579,20.1744259]]}},{"type":"Feature","properties":{"id":868527860,"highway":"residential"},"geometry":{"type":"LineString","coordinates":[[85.9734095,20.1736619],[85.973382,20.1734489],[85.973358,20.1730944]]}},{"type":"Feature","properties":{"id":868527861,"highway":"residential"},"geometry":{"type":"LineString","coordinates":[[85.9739414,20.1730872],[85.973358,20.1730944],[85.9732547,20.1730701],[85.9732312,20.1730614],[85.9732113,20.1730503],[85.9731966,20.173037],[85.9731863,20.1730195],[85.9731521,20.1727651]]}},{"type":"Feature","properties":{"id":868527862,"highway":"residential"},"geometry":{"type":"LineString","coordinates":[[85.9733979,20.1743556],[85.9733759,20.1741939],[85.9733788,20.1741783],[85.9733857,20.1741618],[85.9733941,20.1741546],[85.9734064,20.174148],[85.973767,20.1741239],[85.9740112,20.174118]]}},{"type":"Feature","properties":{"id":868527863,"highway":"residential"},"geometry":{"type":"LineString","coordinates":[[85.9902199,20.1682698],[85.990447,20.1676808],[85.9906316,20.1671354],[85.9906462,20.1668899],[85.9906334,20.1668131],[85.9905536,20.1665705],[85.9905414,20.1662363],[85.9905092,20.1661134],[85.9904675,20.1660076],[85.9904576,20.1659824],[85.9902049,20.1654624],[85.9901941,20.165407],[85.9902063,20.1653382],[85.9902349,20.1652694],[85.9902597,20.1652081],[85.9902871,20.1651724],[85.9903184,20.165144],[85.9903478,20.1651313],[85.9904087,20.1651048],[85.9911572,20.1648338],[85.9913366,20.1647835],[85.991639,20.1647091],[85.9916616,20.16471],[85.9916853,20.164718],[85.9917138,20.1647366],[85.9917314,20.1647573],[85.9918441,20.1650377],[85.9918586,20.165055],[85.9918811,20.16507],[85.9919011,20.1650742],[85.9919227,20.1650738],[85.9921911,20.1650655]]}},{"type":"Feature","properties":{"id":868527864,"highway":"residential"},"geometry":{"type":"LineString","coordinates":[[85.9903478,20.1651313],[85.9903122,20.1650594],[85.9901029,20.1646968],[85.9898444,20.1642732],[85.98983,20.1642348],[85.98983,20.1641983],[85.9898919,20.1640837],[85.9899184,20.1640571],[85.9900175,20.1639757],[85.9900848,20.1639209],[85.9902087,20.1638494],[85.9904617,20.1637431]]}},{"type":"Feature","properties":{"id":868527866,"highway":"residential"},"geometry":{"type":"LineString","coordinates":[[85.9887286,20.160949],[85.9883648,20.1605677],[85.9880848,20.1602295],[85.9879454,20.1600614]]}},{"type":"Feature","properties":{"id":868527867,"highway":"unclassified"},"geometry":{"type":"LineString","coordinates":[[85.9815528,20.162205],[85.9816922,20.1621744]]}},{"type":"Feature","properties":{"id":868527868,"highway":"unclassified"},"geometry":{"type":"LineString","coordinates":[[85.9816922,20.1621744],[85.9817674,20.1621648],[85.9822836,20.1619962],[85.9827927,20.1617652],[85.983156,20.1615859],[85.9837192,20.1613996],[85.984084,20.1612637],[85.9844621,20.1611886],[85.9850228,20.1610673],[85.9852733,20.161072],[85.9854841,20.1610874],[85.9856401,20.1610907],[85.9857847,20.1610781],[85.9860725,20.1610171],[85.986321,20.1609263],[85.9867203,20.1608147],[85.9867716,20.1608004],[85.9870427,20.1606979],[85.9872745,20.1605647]]}},{"type":"Feature","properties":{"id":868527869,"highway":"unclassified"},"geometry":{"type":"LineString","coordinates":[[85.9873354,20.1605214],[85.9874743,20.1604229],[85.9875418,20.1603751],[85.9877851,20.160202],[85.9879454,20.1600614],[85.9880585,20.1599437],[85.9881943,20.1598118],[85.988358,20.1596716]]}},{"type":"Feature","properties":{"id":868527870,"highway":"unclassified"},"geometry":{"type":"LineString","coordinates":[[85.9872745,20.1605647],[85.9873354,20.1605214]]}},{"type":"Feature","properties":{"id":868533392,"highway":"residential"},"geometry":{"type":"LineString","coordinates":[[85.9785506,20.1140957],[85.9784756,20.1141157]]}},{"type":"Feature","properties":{"id":868533393,"highway":"residential"},"geometry":{"type":"LineString","coordinates":[[85.9791872,20.1139443],[85.9791327,20.1139482],[85.9790897,20.1139558],[85.9785506,20.1140957]]}},{"type":"Feature","properties":{"id":868533394,"highway":"residential"},"geometry":{"type":"LineString","coordinates":[[85.9777929,20.1209368],[85.9773779,20.1207618],[85.9766917,20.1205076]]}},{"type":"Feature","properties":{"id":868533395,"highway":"residential"},"geometry":{"type":"LineString","coordinates":[[85.9899688,20.1139608],[85.9901831,20.1156222],[85.9901923,20.1157086]]}},{"type":"Feature","properties":{"id":868533396,"highway":"residential"},"geometry":{"type":"LineString","coordinates":[[85.9901512,20.1157454],[85.9896898,20.1158184],[85.9892607,20.1158738],[85.9884882,20.1158902]]}},{"type":"Feature","properties":{"id":868533398,"highway":"residential"},"geometry":{"type":"LineString","coordinates":[[85.9714408,20.1177589],[85.9718378,20.1175423],[85.9724459,20.1171772]]}},{"type":"Feature","properties":{"id":868533399,"highway":"residential"},"geometry":{"type":"LineString","coordinates":[[85.9737293,20.1208732],[85.9731666,20.1210751]]}},{"type":"Feature","properties":{"id":868535242,"highway":"residential"},"geometry":{"type":"LineString","coordinates":[[85.9869043,20.1571164],[85.9873914,20.15706],[85.9878555,20.1570065]]}},{"type":"Feature","properties":{"id":868535243,"highway":"residential"},"geometry":{"type":"LineString","coordinates":[[85.9868585,20.1566829],[85.9869043,20.1571164],[85.9869234,20.1572455],[85.9869155,20.1572714],[85.9869037,20.1572912],[85.9868668,20.1573146],[85.9868116,20.1573479],[85.9867919,20.1573665],[85.9867774,20.1573912],[85.9867879,20.1574727],[85.9868866,20.1578443],[85.9869168,20.1579703],[85.9869101,20.1581899],[85.986905,20.1582234],[85.9868856,20.1582521],[85.9868257,20.1582934],[85.9867206,20.158329],[85.9865947,20.1583749],[85.9865141,20.1583863],[85.986486,20.1584001],[85.9864664,20.1584219],[85.9864579,20.1584483],[85.9864635,20.1584896],[85.986519,20.1588934],[85.9865344,20.1589967],[85.9865441,20.159037],[85.9866589,20.1593036],[85.9868413,20.1596057],[85.9870558,20.1599078],[85.9874743,20.1604229]]}},{"type":"Feature","properties":{"id":868535244,"highway":"residential"},"geometry":{"type":"LineString","coordinates":[[85.9856996,20.15677],[85.9857914,20.1573103],[85.9858365,20.1576104],[85.9858859,20.1582924],[85.9858931,20.1583924],[85.9859095,20.1584432],[85.985957,20.1584955],[85.9860161,20.1585017],[85.9864635,20.1584896]]}},{"type":"Feature","properties":{"id":868535245,"highway":"residential"},"geometry":{"type":"LineString","coordinates":[[85.979588,20.1608726],[85.9797032,20.1611612],[85.9797161,20.1612182],[85.9797384,20.1613498],[85.9797547,20.1614185],[85.9798568,20.1617068]]}},{"type":"Feature","properties":{"id":868535246,"highway":"residential"},"geometry":{"type":"LineString","coordinates":[[85.9765889,20.1632594],[85.9765631,20.1630966],[85.9765429,20.1628622],[85.9765448,20.162828],[85.9765571,20.1627938],[85.9765931,20.1627405],[85.9766382,20.1626987],[85.9766623,20.1626277],[85.9766758,20.1625527],[85.9766789,20.1623206],[85.9766205,20.1620761]]}},{"type":"Feature","properties":{"id":868535248,"highway":"residential"},"geometry":{"type":"LineString","coordinates":[[85.9753676,20.1683178],[85.9757741,20.1684396],[85.975968,20.1685182],[85.9761579,20.1686343],[85.9763294,20.1687553],[85.9765301,20.1689808],[85.9765705,20.1690151],[85.9766227,20.169046],[85.9766719,20.1690577],[85.9767258,20.1690595],[85.9768966,20.1690044],[85.9770149,20.1689779],[85.9771247,20.1689592],[85.9771881,20.1689491],[85.9772345,20.1689533],[85.977343,20.1690049],[85.9773984,20.1690318],[85.9774605,20.1690501],[85.9780697,20.1691425]]}},{"type":"Feature","properties":{"id":868535249,"highway":"residential"},"geometry":{"type":"LineString","coordinates":[[85.9752959,20.1687144],[85.9753188,20.1687282],[85.9753348,20.1687508],[85.9753449,20.1688048],[85.9753508,20.168847],[85.9752971,20.1695016]]}},{"type":"Feature","properties":{"id":868535250,"highway":"residential"},"geometry":{"type":"LineString","coordinates":[[85.9761547,20.1679176],[85.9758454,20.1680463],[85.9758286,20.168072],[85.9758302,20.1681078],[85.9758865,20.1682322],[85.9758926,20.1682679],[85.975888,20.168298],[85.9757741,20.1684396]]}},{"type":"Feature","properties":{"id":868536912,"highway":"unclassified"},"geometry":{"type":"LineString","coordinates":[[85.9940109,20.1167453],[85.9938741,20.1167604]]}},{"type":"Feature","properties":{"id":868536913,"highway":"unclassified"},"geometry":{"type":"LineString","coordinates":[[85.9977325,20.1171085],[85.9976465,20.1170738],[85.9975873,20.1170404],[85.9971732,20.1167251],[85.9969856,20.1166183],[85.9968892,20.116584],[85.996803,20.1165689],[85.9954931,20.1163984],[85.9954443,20.1163948],[85.9953916,20.1163965],[85.995208,20.1164365],[85.9950221,20.1164868],[85.9944492,20.1166955],[85.9943922,20.116711],[85.9943077,20.1167249],[85.9940109,20.1167453]]}},{"type":"Feature","properties":{"id":868543485,"highway":"residential"},"geometry":{"type":"LineString","coordinates":[[85.9904536,20.1282906],[85.9905842,20.1284085],[85.9909833,20.128964],[85.9911517,20.1292085],[85.9914787,20.1296917]]}},{"type":"Feature","properties":{"id":868543486,"highway":"residential"},"geometry":{"type":"LineString","coordinates":[[85.9872557,20.1323276],[85.9872802,20.1324981],[85.9873148,20.1326004],[85.987367,20.1326927],[85.9880483,20.1334583],[85.988563,20.1340689],[85.9886599,20.1341837],[85.988708,20.1342677],[85.988735,20.134355],[85.9888637,20.134758],[85.9889764,20.1353675],[85.9891963,20.1359165],[85.9892875,20.1362741]]}},{"type":"Feature","properties":{"id":868544330,"highway":"unclassified"},"geometry":{"type":"LineString","coordinates":[[85.9751723,20.1680883],[85.9744915,20.1677863],[85.9744464,20.1677706],[85.9743855,20.1677531],[85.9742925,20.1677412],[85.9737091,20.1677372],[85.9736186,20.1677339],[85.9735376,20.1677191],[85.9734977,20.1676971],[85.9734597,20.16767],[85.9733981,20.1676133],[85.9731567,20.167286],[85.9730644,20.1671956],[85.973011,20.167155],[85.9729428,20.1671212],[85.9719068,20.1667472],[85.9713866,20.1664598],[85.9713169,20.1664167],[85.9711597,20.1662907],[85.9709715,20.1662162],[85.97085,20.1661682],[85.9705335,20.1660624],[85.9702859,20.1659386],[85.9701364,20.165829],[85.9699238,20.1656155],[85.9697726,20.1654948],[85.9694873,20.1653799],[85.969402,20.165331],[85.9686564,20.1648604],[85.9685556,20.1647967],[85.96853,20.1647728],[85.9685157,20.1647396],[85.9684565,20.1645282],[85.9684042,20.1642593],[85.9683799,20.1641369],[85.9683747,20.1641104],[85.9683737,20.1640849],[85.9683743,20.1640508],[85.9683811,20.1640185],[85.9684255,20.1639222],[85.9684598,20.1638116],[85.9684649,20.1637766],[85.9684645,20.1637416],[85.9684625,20.1637053],[85.9684536,20.1636665],[85.9683725,20.1635139],[85.9682589,20.1632766],[85.9681517,20.1628184],[85.9679317,20.1622594],[85.9678842,20.1621708],[85.9678304,20.1620881],[85.9677725,20.1620256],[85.9677372,20.1619973],[85.9676982,20.1619726],[85.9676642,20.1619548],[85.9676289,20.1619429],[85.9672477,20.1618549],[85.9672248,20.1618471],[85.9672037,20.161836],[85.9671851,20.1618215],[85.96717,20.1618062],[85.9671535,20.161784],[85.9671426,20.1617566],[85.9670251,20.1612573],[85.9667033,20.1605573],[85.9666878,20.1605299],[85.966666,20.1605039],[85.9666199,20.1604791],[85.9665768,20.1604652],[85.9665395,20.1604671],[85.9664748,20.1604809],[85.9663365,20.1605451],[85.9662436,20.1605863],[85.9661915,20.1606094],[85.9659777,20.1606952],[85.9659212,20.1607095],[85.9658718,20.1607084],[85.9658316,20.1606944],[85.965802,20.1606781],[85.9657776,20.1606465],[85.9657591,20.1606127],[85.9657285,20.1605566],[85.9656968,20.1603964],[85.9656189,20.1600917],[85.9655751,20.159934],[85.9655498,20.1598662],[85.9655177,20.1597969],[85.9650146,20.1589541],[85.9648411,20.1586339],[85.9646949,20.1583067],[85.9646348,20.1582059],[85.964418,20.1579387],[85.9643709,20.1578654],[85.9642463,20.157566],[85.9642029,20.1573881],[85.9641231,20.1570606],[85.9641251,20.1570107],[85.9641424,20.1569577],[85.9641681,20.1569185],[85.964199,20.1568952],[85.96484,20.1565272]]}},{"type":"Feature","properties":{"id":868544331,"highway":"residential"},"geometry":{"type":"LineString","coordinates":[[85.9686564,20.1648604],[85.9687867,20.1647066],[85.9688278,20.164661],[85.9688644,20.1646316],[85.9689019,20.1646145],[85.9689281,20.1646067],[85.9689566,20.1646024],[85.9690628,20.1645879],[85.9691276,20.1645834],[85.9691924,20.1645871],[85.9692411,20.1646107],[85.9693342,20.1646837]]}},{"type":"Feature","properties":{"id":868544332,"highway":"residential"},"geometry":{"type":"LineString","coordinates":[[85.9706041,20.1667523],[85.9709715,20.1662162]]}},{"type":"Feature","properties":{"id":868544334,"highway":"residential"},"geometry":{"type":"LineString","coordinates":[[85.9888899,20.1578965],[85.9889656,20.1582815],[85.9889859,20.1583377],[85.9891239,20.1585171],[85.9891452,20.1585538],[85.9892504,20.158759]]}},{"type":"Feature","properties":{"id":868544335,"highway":"residential"},"geometry":{"type":"LineString","coordinates":[[85.989178,20.1577744],[85.9894509,20.1576836],[85.9897542,20.1576198],[85.98986,20.1575885],[85.9902264,20.1573958],[85.990291,20.1573731],[85.9903297,20.1573666],[85.9903603,20.1573652],[85.9904352,20.1573728],[85.9906806,20.1573617],[85.9907043,20.1573562],[85.9907251,20.157347],[85.9907489,20.1573388],[85.9907709,20.1573373],[85.990793,20.1573385],[85.9908233,20.1573449],[85.9908495,20.157355],[85.9908832,20.1573701],[85.9909109,20.1573885],[85.9909214,20.1574039],[85.99093,20.1574193],[85.9909558,20.1574934],[85.9909733,20.1575712],[85.9909934,20.1576454],[85.9910202,20.1577034],[85.9911556,20.1579287]]}},{"type":"Feature","properties":{"id":868544336,"highway":"residential"},"geometry":{"type":"LineString","coordinates":[[85.98984,20.1628348],[85.9898239,20.1627454],[85.9898387,20.1627152],[85.9898722,20.1626913],[85.9901257,20.1626346],[85.9901565,20.1626245],[85.9902196,20.1625994],[85.9902531,20.1625956],[85.9903094,20.1626044],[85.9903538,20.1626014],[85.9905399,20.1625771],[85.9905991,20.1625631],[85.9906599,20.1625471],[85.9909717,20.1624367]]}},{"type":"Feature","properties":{"id":868544337,"highway":"residential"},"geometry":{"type":"LineString","coordinates":[[85.9887387,20.1755836],[85.9888543,20.1755871],[85.9888878,20.1755972],[85.9890572,20.1756604],[85.9891036,20.1756735],[85.9893924,20.1757105],[85.9894471,20.1757155],[85.9897448,20.1757029],[85.9898053,20.1757048],[85.9898852,20.175721],[85.9901418,20.1758313],[85.9902424,20.1758791],[85.9904346,20.1759823]]}},{"type":"Feature","properties":{"id":868544338,"highway":"residential"},"geometry":{"type":"LineString","coordinates":[[85.9854059,20.1800908],[85.9853833,20.1798791],[85.9853322,20.1794251],[85.9852867,20.1790566],[85.9852739,20.178883],[85.9852803,20.1787069],[85.985314,20.1785136],[85.9853413,20.1784162],[85.9853769,20.1783349],[85.9854844,20.1780699],[85.985559,20.1778765],[85.9856201,20.1777031],[85.9856738,20.1775748],[85.9857075,20.1774645],[85.9857185,20.1773842],[85.9857185,20.1771601],[85.9856993,20.1767634],[85.9856675,20.1764248],[85.9856524,20.1762306],[85.9856462,20.1760895],[85.9856251,20.1759437],[85.9855711,20.175795],[85.9854691,20.1756622],[85.98535,20.175564],[85.9852122,20.1754891],[85.9850447,20.1754222],[85.9839613,20.1750901],[85.9838654,20.1750678],[85.9837539,20.1750603],[85.9835229,20.1750825],[85.9833781,20.1751496],[85.9832432,20.1752399],[85.9821146,20.1762342],[85.9820455,20.1762941],[85.9815627,20.1767373],[85.9808278,20.1774775],[85.9799787,20.1782096],[85.9799642,20.1782222],[85.9799494,20.1782351],[85.9798515,20.1783202],[85.9797319,20.1784384],[85.9790414,20.1791091],[85.9790347,20.1791265],[85.9790326,20.179145],[85.9790369,20.1791784],[85.9790435,20.1792123],[85.9790542,20.1792402],[85.9794715,20.1802069],[85.979551,20.1803911]]}},{"type":"Feature","properties":{"id":868544339,"highway":"residential"},"geometry":{"type":"LineString","coordinates":[[85.9835229,20.1750825],[85.9835524,20.1755883],[85.9835753,20.1761011],[85.9835702,20.1761207],[85.9835586,20.1761352],[85.9835464,20.1761466],[85.9835315,20.1761575],[85.9834486,20.1762104],[85.9834298,20.1762246],[85.9834143,20.176243],[85.9834017,20.1762615],[85.9833956,20.17628],[85.983403,20.1764533],[85.9834408,20.1766563],[85.9834653,20.176802],[85.9834702,20.1772609],[85.9834592,20.1772953],[85.9834372,20.1773136],[85.9834042,20.1773251],[85.9831695,20.1773457],[85.9831231,20.1773698],[85.9830999,20.1774008],[85.9830876,20.177441],[85.9830791,20.1775063],[85.9830962,20.177613],[85.9831365,20.1778654],[85.983128,20.1779296],[85.9830974,20.1779927],[85.9830021,20.1781269],[85.9828958,20.1782302],[85.982776,20.1783002],[85.9827533,20.1783207],[85.9827406,20.1783323],[85.9827186,20.1783805],[85.9826709,20.1784917],[85.9825902,20.1786225],[85.9825438,20.178704],[85.9825059,20.1788049],[85.9824643,20.1790401],[85.9824411,20.1790882],[85.9824069,20.1791169],[85.9823617,20.1791376],[85.9822382,20.179172],[85.9822065,20.1791869],[85.982193,20.1792144],[85.9821897,20.179374],[85.9822279,20.1797139]]}},{"type":"Feature","properties":{"id":868546269,"highway":"residential"},"geometry":{"type":"LineString","coordinates":[[85.9882713,20.1559998],[85.9881915,20.1557431],[85.9881635,20.1556851],[85.988083,20.1555479]]}},{"type":"Feature","properties":{"id":868546271,"highway":"residential"},"geometry":{"type":"LineString","coordinates":[[85.9683883,20.1583459],[85.9683818,20.1581135],[85.968393,20.1580879],[85.9684179,20.1580642],[85.9684579,20.1580393],[85.9685096,20.1580162],[85.9686261,20.1579949],[85.9688376,20.1579842],[85.9689885,20.1579934],[85.9691082,20.1580103],[85.9692016,20.1580334],[85.9693049,20.1580774]]}},{"type":"Feature","properties":{"id":868576618,"highway":"unclassified"},"geometry":{"type":"LineString","coordinates":[[85.9509178,20.1748044],[85.9508419,20.1749457]]}},{"type":"Feature","properties":{"id":868576619,"highway":"unclassified"},"geometry":{"type":"LineString","coordinates":[[85.9425528,20.1815243],[85.9426411,20.1814622],[85.9426604,20.1814431],[85.9426809,20.1814179],[85.9427048,20.1813703],[85.9427276,20.1813031],[85.9428522,20.1808696],[85.9429312,20.1806413],[85.9429503,20.1806101],[85.9429772,20.1805801],[85.9429985,20.1805591],[85.9430277,20.1805405],[85.943529,20.1802319],[85.9442954,20.1797197],[85.9446663,20.1794919],[85.9462307,20.1782781],[85.9464256,20.1781278],[85.9467294,20.1779132],[85.9470081,20.1776784],[85.9472596,20.177436],[85.9475772,20.1771583],[85.9479474,20.1768976],[85.9481572,20.1767449],[85.9483543,20.1765602],[85.9486599,20.1762324],[85.9487774,20.1761238],[85.9489621,20.1759792],[85.9491468,20.1758385],[85.9493106,20.1757459],[85.9494781,20.1756747],[85.9496391,20.1756042],[85.9499755,20.1755138],[85.9501922,20.1754209],[85.9503961,20.1752998],[85.9505469,20.1752203],[85.9507012,20.1751208],[85.9508419,20.1749457]]}},{"type":"Feature","properties":{"id":868576620,"highway":"residential"},"geometry":{"type":"LineString","coordinates":[[85.952729,20.161504],[85.9525906,20.1610175]]}},{"type":"Feature","properties":{"id":868576621,"highway":"residential"},"geometry":{"type":"LineString","coordinates":[[85.9505673,20.1736266],[85.9501561,20.173775],[85.9499336,20.1738536],[85.9499259,20.1738593],[85.949921,20.1738659],[85.9499198,20.1738758],[85.949922,20.1738852],[85.9499858,20.174032]]}},{"type":"Feature","properties":{"id":868576622,"highway":"unclassified"},"geometry":{"type":"LineString","coordinates":[[85.9517741,20.1377953],[85.9514053,20.1381147],[85.9513619,20.1381589],[85.9513497,20.1381899],[85.9513454,20.1382224],[85.9513485,20.1382963],[85.9513555,20.1383539],[85.9513689,20.13841],[85.9513761,20.1384426],[85.9513861,20.1384753],[85.9514201,20.1385694],[85.9514641,20.1386647],[85.9517956,20.1393364],[85.9518171,20.1394228],[85.9518288,20.1395184],[85.9518198,20.1396266],[85.9518201,20.1396715],[85.9518278,20.1397141],[85.9519565,20.1399709],[85.9520477,20.140253],[85.9521604,20.1405299],[85.9521662,20.1405889],[85.9521659,20.140645],[85.9521561,20.1407401],[85.9521282,20.1408925],[85.9520853,20.1410537],[85.9520633,20.141124],[85.9520496,20.1411512],[85.9520265,20.1411754],[85.9519992,20.1411965],[85.9519672,20.1412146],[85.9518921,20.141245],[85.9509534,20.1416126],[85.949977,20.1418795],[85.9489685,20.1421918],[85.9484482,20.1423277],[85.9481263,20.1424435],[85.9478345,20.1425985],[85.9477737,20.1426183],[85.9477104,20.1426233],[85.9476113,20.1426148],[85.9474343,20.1425594],[85.9473687,20.1425494],[85.9473109,20.1425543],[85.9470082,20.1426249],[85.9467213,20.142703],[85.9462399,20.142885],[85.94553,20.1431418],[85.9453663,20.1432172]]}},{"type":"Feature","properties":{"id":868576623,"highway":"residential"},"geometry":{"type":"LineString","coordinates":[[85.9685157,20.1647396],[85.9684801,20.1647276],[85.9684513,20.1647109],[85.9682823,20.1646027],[85.9681547,20.1645209],[85.9680973,20.1645023],[85.9680218,20.1644879],[85.9679383,20.1644768],[85.9678434,20.1644806],[85.9673908,20.1646241],[85.9670604,20.1648104],[85.966537,20.1650543],[85.9662945,20.1651098],[85.96614,20.1651143],[85.9660628,20.1651114],[85.9659855,20.1651026],[85.9659289,20.1650906],[85.9658708,20.1650741],[85.9653654,20.1648521],[85.9653197,20.164823],[85.9652837,20.1647919],[85.9652516,20.1647572],[85.9652012,20.1646766],[85.9650081,20.1638004],[85.9649315,20.1634953],[85.9648795,20.1633807],[85.9648063,20.1632681],[85.9641712,20.1624457],[85.9640747,20.1622392],[85.9640161,20.1620892],[85.9639727,20.1619321],[85.9639705,20.161776],[85.9639513,20.1614738],[85.9639566,20.1611767],[85.9640049,20.1607889],[85.9640639,20.1599631],[85.964089,20.1598574],[85.9641337,20.1597516],[85.9643669,20.1594544],[85.9645674,20.1592098],[85.9645825,20.1591758],[85.9646047,20.1591428],[85.9646248,20.1591256],[85.9646448,20.1591139],[85.9650146,20.1589541]]}},{"type":"Feature","properties":{"id":868576624,"highway":"residential"},"geometry":{"type":"LineString","coordinates":[[85.9686771,20.1654659],[85.9685808,20.1651399],[85.9685486,20.1649385],[85.96853,20.1647728]]}},{"type":"Feature","properties":{"id":868576625,"highway":"residential"},"geometry":{"type":"LineString","coordinates":[[85.9682823,20.1646027],[85.9682803,20.1649873],[85.9682672,20.1651689],[85.9682491,20.1652259],[85.9682294,20.1652659],[85.9682245,20.1652982],[85.968236,20.1653521],[85.9682967,20.1654537],[85.9684098,20.1656137]]}},{"type":"Feature","properties":{"id":868576626,"highway":"residential"},"geometry":{"type":"LineString","coordinates":[[85.9679317,20.1622594],[85.9680336,20.1619371],[85.9681758,20.1617129],[85.9682146,20.1616867],[85.9682639,20.1616724],[85.9684353,20.1616424],[85.9684648,20.1616372],[85.9684896,20.1616198],[85.9685079,20.1615918],[85.9685121,20.1615604],[85.9684336,20.1612149],[85.9684324,20.1611732],[85.968436,20.1611314],[85.968449,20.161086],[85.9684627,20.1610429],[85.9684749,20.1610062],[85.9684958,20.1609687],[85.9685198,20.1609489],[85.9685439,20.1609247],[85.9685623,20.1608992],[85.9685776,20.160862],[85.9685851,20.1608262],[85.9685862,20.1607889],[85.9685598,20.1604897]]}},{"type":"Feature","properties":{"id":868576627,"highway":"unclassified"},"geometry":{"type":"LineString","coordinates":[[85.9509178,20.1748044],[85.9509212,20.1747676],[85.9509239,20.1746959],[85.9509265,20.174582],[85.950889,20.1744365],[85.9507817,20.1741439],[85.9505722,20.1736496],[85.9505673,20.1736266],[85.9505771,20.1736107],[85.9509514,20.1734417],[85.9510181,20.1734205],[85.9511044,20.1733945],[85.9513621,20.1733258],[85.9515973,20.1732631],[85.9517703,20.1732265],[85.9523042,20.1731136],[85.952358,20.173111],[85.9524071,20.1731165],[85.9525035,20.1731506],[85.9525788,20.1731971],[85.952694,20.1732802],[85.9527954,20.1733723],[85.9528578,20.173464],[85.952965,20.1736453],[85.9531689,20.1742697],[85.9531936,20.174318],[85.9532333,20.1744057],[85.9532762,20.1744963],[85.9532899,20.1745119],[85.9533108,20.1745251],[85.9533292,20.1745345],[85.9533524,20.1745392],[85.9534747,20.1745316],[85.9538502,20.174456],[85.9542045,20.1743511],[85.9543605,20.1742801],[85.9544564,20.1742371],[85.9545542,20.1741903],[85.9546823,20.1741354],[85.9548012,20.174057],[85.9548913,20.1739808],[85.9553093,20.1735546],[85.955449,20.1733973],[85.9555254,20.1733198],[85.9556097,20.1732424],[85.9557416,20.1731291],[85.9558734,20.1730238],[85.9562051,20.1727892]]}},{"type":"Feature","properties":{"id":868576630,"highway":"unclassified"},"geometry":{"type":"LineString","coordinates":[[85.9599448,20.1735514],[85.9598887,20.1736376]]}},{"type":"Feature","properties":{"id":868576631,"highway":"unclassified"},"geometry":{"type":"LineString","coordinates":[[85.9598887,20.1736376],[85.9598163,20.1736996],[85.9597779,20.1737264],[85.9597394,20.1737468],[85.9596773,20.1737748],[85.9596276,20.1737919],[85.9590429,20.1739883],[85.9584367,20.1741414],[85.9578393,20.1742537],[85.9571224,20.1744566]]}},{"type":"Feature","properties":{"id":868576632,"highway":"residential"},"geometry":{"type":"LineString","coordinates":[[85.9490237,20.1686065],[85.949058,20.1685932],[85.9490785,20.1685903],[85.9490966,20.1685959],[85.9491107,20.1686052],[85.9492682,20.1687103],[85.949289,20.1687191],[85.9493127,20.1687214],[85.9493321,20.1687216],[85.9493494,20.1687153],[85.9499594,20.1684052],[85.9500154,20.1683763],[85.9500619,20.168342],[85.9500999,20.1683023],[85.950138,20.168259],[85.9501604,20.1682014],[85.9501725,20.1681771],[85.9501904,20.1681527],[85.9502319,20.1681134],[85.9502809,20.1680741],[85.9503848,20.1679991],[85.9504935,20.1679179],[85.9505563,20.1678844],[85.9506116,20.1678634],[85.9509186,20.1677863]]}},{"type":"Feature","properties":{"id":868583689,"highway":"residential"},"geometry":{"type":"LineString","coordinates":[[85.9509186,20.1677863],[85.951036,20.1678178]]}},{"type":"Feature","properties":{"id":868583690,"highway":"unclassified"},"geometry":{"type":"LineString","coordinates":[[85.9554557,20.1716032],[85.9554556,20.171583],[85.9554523,20.1715606],[85.9554314,20.171475],[85.9553916,20.1713752],[85.955331,20.1712236],[85.9553081,20.1711457],[85.9552798,20.1710347],[85.9552657,20.17086],[85.9552551,20.170802],[85.955241,20.170768],[85.9552013,20.1707341],[85.9551466,20.1706968],[85.9550416,20.1706446],[85.9548678,20.1705833],[85.9546304,20.170498],[85.9544548,20.1704367],[85.9543172,20.1703879],[85.954146,20.1703001],[85.9540463,20.1702355],[85.9539439,20.1701535],[85.9538795,20.1700541],[85.9537489,20.1698487],[85.9536669,20.1696739],[85.9536369,20.1695654],[85.9536341,20.1694739],[85.9536325,20.169423],[85.9536157,20.1691182],[85.9535784,20.1689532],[85.9535718,20.1689143],[85.9535587,20.1688803],[85.9535409,20.1688563],[85.9534574,20.168797],[85.9533449,20.1687365],[85.953149,20.1686525],[85.9530489,20.1685973],[85.9530272,20.1685702],[85.9530187,20.168539],[85.9530165,20.1684954],[85.9530242,20.168458],[85.9530461,20.1683822],[85.9531636,20.1680909],[85.9531636,20.1678995],[85.953079,20.1676375],[85.9530576,20.1675191],[85.9530455,20.1674512],[85.9530106,20.167387],[85.9529516,20.1673077],[85.9529489,20.1672801],[85.9529664,20.1672321],[85.9530173,20.1671994],[85.9531595,20.1671415],[85.953437,20.1669931],[85.9535309,20.1669118],[85.9536248,20.1668157],[85.9538126,20.1665751],[85.9538822,20.1664253],[85.9539359,20.166283],[85.9540203,20.1657833],[85.9540403,20.1656647],[85.9540621,20.165611],[85.9540941,20.165561],[85.9541332,20.1654792],[85.9541773,20.1653917],[85.9541831,20.1653272],[85.9541827,20.1652607],[85.9537696,20.1639414],[85.9536194,20.163604],[85.9534585,20.1629997],[85.9534049,20.1629493],[85.9533298,20.1629241],[85.9531474,20.1629141],[85.9530294,20.1628788],[85.9529328,20.1627932],[85.9524215,20.1617825],[85.9522908,20.1615113],[85.9521766,20.1612376],[85.952173,20.1612114],[85.9521732,20.161186],[85.952178,20.1611647],[85.952184,20.1611493],[85.9521935,20.1611358],[85.9522064,20.161124],[85.9522402,20.1611094],[85.9523133,20.1610892],[85.9525718,20.1610338],[85.9525823,20.1610271],[85.9525906,20.1610175],[85.9525922,20.1610085],[85.9525904,20.1609975],[85.9525151,20.1606796],[85.9523624,20.160267],[85.9523331,20.1602126],[85.9523164,20.1601548],[85.9523212,20.1601081],[85.9523387,20.1600666],[85.9526271,20.1597012],[85.952711,20.1596451],[85.9528095,20.1596005],[85.9529297,20.1595585],[85.9530401,20.1595302],[85.9536063,20.1592568],[85.9536206,20.1592398],[85.9536291,20.1592159],[85.9536354,20.1591864],[85.9536314,20.1591569],[85.9532654,20.1585783],[85.9531078,20.1582622],[85.9531043,20.1582058],[85.9531106,20.1581566],[85.9531199,20.1580975],[85.9531295,20.1580629],[85.9531469,20.1580283],[85.953303,20.1578229],[85.9535605,20.1575157],[85.9536846,20.1573439],[85.9537091,20.1573217],[85.9537334,20.157307],[85.9537519,20.157301],[85.9537724,20.1572988],[85.9539994,20.1572536],[85.954044,20.1572364],[85.9541041,20.1572105],[85.9543557,20.1570591],[85.9543679,20.1570503],[85.9543781,20.157039],[85.9543812,20.1570292],[85.9543798,20.1570183],[85.9543599,20.1569387],[85.954361,20.156924],[85.9543652,20.1569064],[85.954369,20.1568962],[85.9543758,20.1568875],[85.9549606,20.1565589],[85.9551591,20.1563625],[85.9552878,20.1562668],[85.9560442,20.155864],[85.9565002,20.1555115],[85.9567215,20.1553602],[85.9567585,20.1553323],[85.9567845,20.1553],[85.9567964,20.1552735],[85.9568004,20.1552456],[85.9567982,20.1551705],[85.9567949,20.155153],[85.9567129,20.1549618],[85.9567129,20.1549441],[85.9567148,20.1549273],[85.9567201,20.1549035],[85.9567338,20.1548796],[85.9567501,20.1548563],[85.9567774,20.1548359],[85.9572928,20.1545933],[85.9576322,20.1544584],[85.9580089,20.1543181],[85.9580945,20.1542885],[85.9583203,20.1542104],[85.9585523,20.1541164],[85.9587482,20.1540339],[85.9591493,20.1538493],[85.9594261,20.1536958],[85.959478,20.153667],[85.9596251,20.1535658],[85.9597399,20.153461],[85.959846,20.1533495],[85.9599396,20.15321],[85.9600073,20.1531147],[85.9600552,20.1530675],[85.9601024,20.1530387],[85.9601842,20.1530165],[85.9603006,20.1530055],[85.9603469,20.1530006],[85.9605829,20.1529759],[85.9609022,20.1529479],[85.9611578,20.1529582],[85.9612892,20.1529767],[85.961426,20.1529914],[85.9614594,20.1529885],[85.9614944,20.1529767],[85.9616069,20.1529235],[85.9617437,20.1528674],[85.9618137,20.1528467],[85.9620295,20.1527783]]}},{"type":"Feature","properties":{"id":868583692,"highway":"unclassified"},"geometry":{"type":"LineString","coordinates":[[85.95542,20.1717139],[85.9554267,20.1717409],[85.9554387,20.1717639],[85.9554712,20.1718065],[85.9555089,20.1718461],[85.9556404,20.1719742],[85.9557258,20.1720865],[85.9559063,20.1724217],[85.956024,20.1725875],[85.9561456,20.1727158],[85.9562051,20.1727892],[85.9566147,20.1730474],[85.9568217,20.1731811],[85.9570743,20.1733077],[85.9572129,20.1734182],[85.9572452,20.1734806],[85.9572452,20.1735608],[85.9572053,20.1736197],[85.9571028,20.1738033],[85.9570572,20.1738942],[85.9570325,20.1739655],[85.9570246,20.1740414],[85.9570255,20.1741087],[85.9570368,20.1742017],[85.957058,20.1742854],[85.9571224,20.1744566],[85.9572097,20.1747366],[85.9573155,20.1750759],[85.957455,20.1753528],[85.9578734,20.1758312],[85.9581677,20.176194]]}},{"type":"Feature","properties":{"id":868583693,"highway":"unclassified"},"geometry":{"type":"LineString","coordinates":[[85.9554557,20.1716032],[85.95542,20.1717139]]}},{"type":"Feature","properties":{"id":868583694,"highway":"residential"},"geometry":{"type":"LineString","coordinates":[[85.9495653,20.1730682],[85.9495077,20.173004],[85.9494258,20.1729713],[85.9493695,20.1729624],[85.9482282,20.1731871],[85.9480137,20.1732122]]}},{"type":"Feature","properties":{"id":868583695,"highway":"residential"},"geometry":{"type":"LineString","coordinates":[[85.9501561,20.173775],[85.9500727,20.1735762],[85.9500675,20.1735664],[85.950058,20.1735579],[85.9500469,20.1735517],[85.9500329,20.1735475],[85.9498322,20.1735697],[85.9497745,20.173561],[85.9497235,20.173545],[85.9496933,20.1735334],[85.9496696,20.1735144],[85.949647,20.1734841],[85.9496263,20.1734507],[85.949607,20.1734143],[85.9495962,20.1733784],[85.9495586,20.1731261],[85.9495653,20.1730682],[85.9496002,20.173048],[85.9496431,20.173038],[85.9500024,20.1729892],[85.9509957,20.1727852],[85.9514522,20.1726885]]}},{"type":"Feature","properties":{"id":868583696,"highway":"residential"},"geometry":{"type":"LineString","coordinates":[[85.9531936,20.174318],[85.9538513,20.1740245]]}},{"type":"Feature","properties":{"id":868583697,"highway":"residential"},"geometry":{"type":"LineString","coordinates":[[85.9528578,20.173464],[85.952493,20.1734539],[85.9523642,20.173469],[85.9518396,20.1735849]]}},{"type":"Feature","properties":{"id":868583698,"highway":"residential"},"geometry":{"type":"LineString","coordinates":[[85.9517703,20.1732265],[85.9518396,20.1735849],[85.9518523,20.1737523],[85.9518458,20.1737648],[85.951833,20.1737752],[85.9518062,20.1737853],[85.9517793,20.1737894],[85.9514869,20.1738196],[85.9514672,20.1738138],[85.951449,20.173804],[85.9514388,20.1737919],[85.9514329,20.1737798],[85.9513621,20.1733258]]}},{"type":"Feature","properties":{"id":868588366,"highway":"residential"},"geometry":{"type":"LineString","coordinates":[[85.9915732,20.1476182],[85.9915338,20.147571]]}},{"type":"Feature","properties":{"id":868588367,"highway":"residential"},"geometry":{"type":"LineString","coordinates":[[85.9917694,20.1481128],[85.9916584,20.1478103],[85.9916065,20.1477022],[85.9915732,20.1476182]]}},{"type":"Feature","properties":{"id":868588368,"highway":"residential"},"geometry":{"type":"LineString","coordinates":[[85.9938403,20.1457051],[85.9940692,20.1455873],[85.9942556,20.145501]]}},{"type":"Feature","properties":{"id":868588369,"highway":"residential"},"geometry":{"type":"LineString","coordinates":[[85.9904866,20.1466557],[85.9905193,20.1466686],[85.9906084,20.1466861],[85.9907584,20.1467182],[85.9907989,20.1467324],[85.9908325,20.1467575],[85.9909217,20.1468591],[85.9910184,20.1469696],[85.991062,20.1470186],[85.9910695,20.1470228],[85.9910782,20.1470253],[85.9910902,20.1470272],[85.9911029,20.1470263],[85.9911981,20.1469895],[85.9917605,20.1467693],[85.9918477,20.1467274],[85.9920985,20.14652],[85.9921515,20.1464786],[85.9921864,20.1464482],[85.9922111,20.1464168],[85.9922312,20.1463685],[85.9923037,20.1460892],[85.992315,20.1460694],[85.9923304,20.1460535],[85.9923463,20.1460432],[85.9923689,20.1460355],[85.9925839,20.146024],[85.9928897,20.1459946],[85.9930801,20.1459568],[85.993307,20.1458817],[85.9933163,20.1458776],[85.9933248,20.1458704],[85.9933286,20.1458569],[85.993329,20.1458431],[85.9932357,20.1455506],[85.9930508,20.1451006],[85.9929822,20.1448704],[85.9929476,20.1447563],[85.9929312,20.1446974]]}},{"type":"Feature","properties":{"id":868588370,"highway":"unclassified"},"geometry":{"type":"LineString","coordinates":[[85.992248,20.1446581],[85.992195,20.1446556]]}},{"type":"Feature","properties":{"id":868588371,"highway":"unclassified"},"geometry":{"type":"LineString","coordinates":[[85.992195,20.1446556],[85.9921521,20.1446618],[85.9916693,20.1447902],[85.9913045,20.144896],[85.9911556,20.1449239],[85.9909022,20.1449715],[85.9905052,20.1450873],[85.9902423,20.1451377],[85.9900653,20.1451478]]}},{"type":"Feature","properties":{"id":868588372,"highway":"residential"},"geometry":{"type":"LineString","coordinates":[[85.9930508,20.1451006],[85.9925477,20.1451966],[85.9925132,20.145195],[85.9924787,20.1451851],[85.992452,20.1451676],[85.9924342,20.1451478],[85.9923384,20.1447081]]}},{"type":"Feature","properties":{"id":868591177,"highway":"residential"},"geometry":{"type":"LineString","coordinates":[[85.9499631,20.1747148],[85.9499887,20.1746806],[85.9500156,20.1746608],[85.9501959,20.1745646]]}},{"type":"Feature","properties":{"id":868591178,"highway":"residential"},"geometry":{"type":"LineString","coordinates":[[85.9501295,20.1744374],[85.9498813,20.1745597],[85.9499408,20.174665],[85.9499542,20.1746889],[85.9499631,20.1747148],[85.9499652,20.1747519],[85.9500378,20.1749444],[85.9500964,20.1750748],[85.950119,20.1750976],[85.9501436,20.1751167],[85.9502149,20.1751513],[85.950285,20.1751788],[85.9503232,20.1752028],[85.9503589,20.175247],[85.9503961,20.1752998]]}},{"type":"Feature","properties":{"id":868591179,"highway":"residential"},"geometry":{"type":"LineString","coordinates":[[85.9519873,20.1692088],[85.9521236,20.1691801],[85.9521325,20.1691682],[85.9521453,20.1691275],[85.952116,20.1689744],[85.9521236,20.1689469],[85.9521478,20.168917],[85.9522001,20.1688752],[85.9528842,20.1686288],[85.9530272,20.1685702]]}},{"type":"Feature","properties":{"id":868591180,"highway":"residential"},"geometry":{"type":"LineString","coordinates":[[85.9510739,20.1678229],[85.950752,20.16867],[85.9506857,20.1689131],[85.9506704,20.1690449],[85.950671,20.1691005],[85.9506747,20.1691676],[85.9506869,20.1692279],[85.9506992,20.1692882],[85.9507978,20.1695411],[85.9509373,20.1698685],[85.9509586,20.1698984],[85.9509835,20.1699266],[85.9512216,20.1701807],[85.9512621,20.1702045],[85.9513192,20.1702195],[85.9517469,20.1701528],[85.9518211,20.1701459],[85.9518953,20.1701474],[85.9520267,20.1701677],[85.9521259,20.1701682],[85.9521905,20.1701531],[85.9522589,20.1701174],[85.9522978,20.1700773],[85.9523168,20.1700265],[85.9523159,20.1699222],[85.9523282,20.169907],[85.9523614,20.1698901],[85.9525656,20.1698366],[85.9527289,20.1698027],[85.9530366,20.1697537],[85.9531705,20.1697279],[85.9532123,20.16971],[85.953256,20.1696762],[85.9532949,20.1696156],[85.9533262,20.1695514],[85.953349,20.1695166],[85.9533766,20.1694961],[85.9534203,20.1694863],[85.9536341,20.1694739]]}},{"type":"Feature","properties":{"id":868591181,"highway":"residential"},"geometry":{"type":"LineString","coordinates":[[85.9543172,20.1703879],[85.9543476,20.1703546],[85.9543882,20.1703236],[85.9555479,20.1698909],[85.9555604,20.1698795],[85.9555684,20.1698639],[85.9555746,20.1698482],[85.9555743,20.1698334],[85.9554595,20.1692792],[85.9554273,20.1689267],[85.9554313,20.1688966],[85.9554501,20.1688705],[85.9554755,20.1688574],[85.9555403,20.1688451],[85.9559265,20.1688035],[85.9562101,20.1687643],[85.9562979,20.168745],[85.9563249,20.1687297],[85.9563405,20.1687112],[85.9563536,20.1686481],[85.9563577,20.1683995],[85.9563028,20.1679483]]}},{"type":"Feature","properties":{"id":868591183,"highway":"residential"},"geometry":{"type":"LineString","coordinates":[[85.9537696,20.1639414],[85.9539632,20.1638579],[85.9541077,20.163837],[85.9543539,20.1638444],[85.9545953,20.1638385],[85.9547128,20.1638444],[85.9547573,20.1638623],[85.9547763,20.1638966],[85.954851,20.1641709],[85.9549135,20.1644984],[85.9549876,20.1648866]]}},{"type":"Feature","properties":{"id":868591184,"highway":"residential"},"geometry":{"type":"LineString","coordinates":[[85.954851,20.1641709],[85.9552731,20.1641116],[85.9554723,20.1640521],[85.9556317,20.1640147],[85.9557748,20.1639939],[85.9558914,20.1639883],[85.9560228,20.164005],[85.9561231,20.164005],[85.956188,20.1639925],[85.9570986,20.1637653]]}},{"type":"Feature","properties":{"id":868592955,"highway":"residential"},"geometry":{"type":"LineString","coordinates":[[85.9556121,20.16439],[85.9549135,20.1644984]]}},{"type":"Feature","properties":{"id":868592956,"highway":"residential"},"geometry":{"type":"LineString","coordinates":[[85.9522263,20.1553972],[85.9527506,20.1552106],[85.9528076,20.1552245],[85.9528609,20.1552694],[85.953078,20.1556804],[85.9535858,20.1566129],[85.9536189,20.1566458],[85.9536612,20.1566579],[85.9537145,20.1566579],[85.9539978,20.1565698],[85.9540156,20.1565661],[85.9540352,20.1565684],[85.954062,20.1565785]]}},{"type":"Feature","properties":{"id":868592957,"highway":"residential"},"geometry":{"type":"LineString","coordinates":[[85.9541737,20.156674],[85.9543652,20.1569064]]}},{"type":"Feature","properties":{"id":868592958,"highway":"residential"},"geometry":{"type":"LineString","coordinates":[[85.954062,20.1565785],[85.9541737,20.156674]]}},{"type":"Feature","properties":{"id":868592959,"highway":"residential"},"geometry":{"type":"LineString","coordinates":[[85.9515613,20.1605512],[85.9517015,20.1610749],[85.9517546,20.1611732],[85.9518004,20.1612079],[85.9518302,20.1612204],[85.9518653,20.1612231]]}},{"type":"Feature","properties":{"id":868592960,"highway":"residential"},"geometry":{"type":"LineString","coordinates":[[85.9520999,20.1611594],[85.9521935,20.1611358]]}},{"type":"Feature","properties":{"id":868592961,"highway":"residential"},"geometry":{"type":"LineString","coordinates":[[85.9518653,20.1612231],[85.9520999,20.1611594]]}},{"type":"Feature","properties":{"id":868592962,"highway":"residential"},"geometry":{"type":"LineString","coordinates":[[85.9516095,20.1586544],[85.9518763,20.1588691],[85.9519004,20.1588769],[85.9519271,20.158881],[85.9519518,20.1588779],[85.9519764,20.1588661],[85.9520694,20.1587239],[85.9520755,20.1587179],[85.9520836,20.1587149],[85.9520924,20.1587146],[85.9521017,20.1587163],[85.95211,20.1587196]]}},{"type":"Feature","properties":{"id":868592963,"highway":"residential"},"geometry":{"type":"LineString","coordinates":[[85.9525084,20.1591434],[85.9527753,20.1589585],[85.9530611,20.1587543],[85.9532654,20.1585783]]}},{"type":"Feature","properties":{"id":868592964,"highway":"residential"},"geometry":{"type":"LineString","coordinates":[[85.95211,20.1587196],[85.9522178,20.1588199]]}},{"type":"Feature","properties":{"id":868592965,"highway":"residential"},"geometry":{"type":"LineString","coordinates":[[85.9522178,20.1588199],[85.9525084,20.1591434],[85.9525338,20.159212],[85.9525958,20.1594834],[85.9526271,20.1597012]]}},{"type":"Feature","properties":{"id":868593853,"highway":"residential"},"geometry":{"type":"LineString","coordinates":[[85.998008,20.1709936],[85.9982736,20.1710005],[85.9983165,20.170993],[85.998344,20.1709772],[85.9983614,20.170954],[85.9983681,20.17093],[85.9984014,20.1708015]]}},{"type":"Feature","properties":{"id":868593855,"highway":"residential"},"geometry":{"type":"LineString","coordinates":[[85.9916723,20.1702017],[85.9917779,20.1703491],[85.9918101,20.1704108],[85.9918329,20.170475],[85.9918544,20.1705165],[85.9918798,20.1705442],[85.9919241,20.1705694],[85.9920757,20.1705857]]}},{"type":"Feature","properties":{"id":868601686,"highway":"residential"},"geometry":{"type":"LineString","coordinates":[[85.964238,20.1716611],[85.9642221,20.1717982],[85.9642396,20.1719011],[85.9643476,20.1721709],[85.9644448,20.1724273]]}},{"type":"Feature","properties":{"id":868601687,"highway":"residential"},"geometry":{"type":"LineString","coordinates":[[85.9597228,20.1728004],[85.9604436,20.1727593],[85.9609013,20.1727333]]}},{"type":"Feature","properties":{"id":868601688,"highway":"residential"},"geometry":{"type":"LineString","coordinates":[[85.9606307,20.1733538],[85.9604436,20.1727593]]}},{"type":"Feature","properties":{"id":868601689,"highway":"residential"},"geometry":{"type":"LineString","coordinates":[[85.9617813,20.1777791],[85.9617918,20.1777737],[85.9617957,20.1777709],[85.9617987,20.1777674],[85.9617999,20.1777629],[85.9617993,20.1777587],[85.9616232,20.1771754],[85.9612333,20.1762342],[85.9610224,20.1757251],[85.9609851,20.1756319],[85.9609044,20.1754028],[85.9607327,20.1745819],[85.9607034,20.1744789],[85.9606254,20.1742043],[85.9605327,20.1740501],[85.9604162,20.1739071],[85.9603665,20.1738468],[85.9602991,20.1737866],[85.9599729,20.17353]]}},{"type":"Feature","properties":{"id":868601690,"highway":"residential"},"geometry":{"type":"LineString","coordinates":[[85.9601587,20.1754078],[85.9601146,20.1750229],[85.9600796,20.1748436],[85.9600186,20.1746543],[85.9596773,20.1737748]]}},{"type":"Feature","properties":{"id":868601691,"highway":"residential"},"geometry":{"type":"LineString","coordinates":[[85.9596008,20.1767826],[85.9597043,20.1765207],[85.9597738,20.1762342],[85.9597886,20.176138],[85.9597916,20.1760547],[85.9597811,20.1759464],[85.9597598,20.1758625],[85.9597173,20.1757801],[85.9596604,20.1756921],[85.9596365,20.1756542],[85.9596224,20.1756215],[85.959622,20.1756014],[85.9596243,20.1755831],[85.9596427,20.1755394],[85.9596683,20.1755141],[85.9597027,20.1754934],[85.9601587,20.1754078],[85.9606514,20.1754696],[85.9607161,20.1754909]]}},{"type":"Feature","properties":{"id":868601692,"highway":"residential"},"geometry":{"type":"LineString","coordinates":[[85.9636172,20.1726272],[85.9637539,20.1731715],[85.9637562,20.1732297],[85.9637475,20.1732828],[85.9637296,20.173348],[85.9636938,20.1734036],[85.9636053,20.1734895],[85.9635222,20.1735497],[85.9634417,20.1735899],[85.9627443,20.1738216],[85.9623437,20.1739958],[85.9607034,20.1744789]]}},{"type":"Feature","properties":{"id":868601694,"highway":"residential"},"geometry":{"type":"LineString","coordinates":[[85.9495591,20.1747115],[85.9497833,20.1745687],[85.9498228,20.1745568],[85.9498516,20.1745523],[85.9498813,20.1745597]]}},{"type":"Feature","properties":{"id":868601695,"highway":"residential"},"geometry":{"type":"LineString","coordinates":[[85.9563781,20.1749241],[85.9572097,20.1747366]]}},{"type":"Feature","properties":{"id":868649826,"highway":"unclassified"},"geometry":{"type":"LineString","coordinates":[[85.9600552,20.1530675],[85.96002,20.1530513]]}},{"type":"Feature","properties":{"id":868649827,"highway":"unclassified"},"geometry":{"type":"LineString","coordinates":[[85.96002,20.1530513],[85.9598764,20.1530198]]}},{"type":"Feature","properties":{"id":868649828,"highway":"unclassified"},"geometry":{"type":"LineString","coordinates":[[85.9598764,20.1530198],[85.9598686,20.1530095],[85.9598676,20.1529993],[85.9599141,20.152688],[85.9599065,20.152072],[85.9599111,20.1514733],[85.9599112,20.1514576],[85.95991,20.1513687],[85.9598761,20.150975],[85.9598433,20.1507129],[85.9597631,20.1504309],[85.9597158,20.1501638],[85.9597027,20.1500315],[85.9596974,20.1499691],[85.9597027,20.1499066],[85.9597295,20.1497757],[85.9597558,20.1496877],[85.9597926,20.1496046],[85.959949,20.1493263],[85.9601265,20.1490555],[85.9601512,20.1489982],[85.9601706,20.1489384],[85.9601962,20.1488138],[85.9601934,20.1486365],[85.9601748,20.1484815],[85.9601104,20.1481793],[85.9600028,20.1478014],[85.9599404,20.1475915],[85.9598722,20.1474136],[85.9598349,20.1473311],[85.9598056,20.1472805],[85.9597402,20.1471923],[85.9596098,20.1470479],[85.9595407,20.1469848],[85.9594556,20.1469216],[85.9590143,20.1465808],[85.95855,20.1462464],[85.9584616,20.1461727],[85.95838,20.1460927],[85.9582905,20.1460126],[85.9582328,20.1459283],[85.9581781,20.1458305],[85.9581416,20.1457369],[85.9581237,20.1456855],[85.9581148,20.1456362],[85.9581076,20.1455391],[85.9581094,20.1454398],[85.9581246,20.1453643],[85.9581488,20.1452888],[85.9582097,20.1450788],[85.9583452,20.144805],[85.9584008,20.1446681],[85.9584534,20.1445254],[85.9585009,20.144266],[85.9585393,20.1439808],[85.9585542,20.1438154],[85.95856,20.1436471],[85.9585339,20.1434176],[85.9584925,20.1431795],[85.9584098,20.1427205],[85.9584133,20.1425996],[85.958426,20.1424672],[85.9584536,20.1422194],[85.9584517,20.1421959],[85.9584429,20.1421754],[85.9584259,20.1421582],[85.9582417,20.142019],[85.9581322,20.1419297],[85.9580779,20.1418794],[85.9580345,20.1418292],[85.9577873,20.1414141],[85.9577333,20.1413309],[85.9576696,20.1412551],[85.9575916,20.1411782],[85.957498,20.1411141],[85.9570259,20.1408774],[85.9566961,20.1407185],[85.9565753,20.1406659],[85.9565141,20.1406559],[85.9564388,20.1406517],[85.956355,20.1406484],[85.9562569,20.140651],[85.956085,20.1406942],[85.95542,20.1409309],[85.9548406,20.1411102],[85.9548102,20.1411145],[85.9547782,20.1411141],[85.9546776,20.1411007],[85.9545771,20.1410714],[85.9544081,20.1410033],[85.9543137,20.1409534],[85.9542285,20.1408993],[85.9540602,20.1407504],[85.9534907,20.1401422],[85.9532547,20.1397897],[85.9528685,20.1390947],[85.9527585,20.1389765],[85.9523159,20.1384753],[85.9518138,20.1378584],[85.9517741,20.1377953],[85.9517515,20.1377385],[85.9515804,20.1367825],[85.9515649,20.1365764],[85.9515687,20.1365163],[85.9515791,20.13645],[85.9516293,20.1363144],[85.9518154,20.1360615],[85.9518761,20.1359518],[85.951899,20.1358921],[85.9519177,20.1358285],[85.9519268,20.1357601],[85.9519297,20.1356898],[85.9518849,20.1354329],[85.9518481,20.1352667],[85.9517822,20.135088],[85.9517044,20.1349443],[85.9513396,20.1341082],[85.9513172,20.1340689],[85.9511036,20.1336951],[85.9509831,20.1334253],[85.9509778,20.1334088],[85.9509778,20.1333909],[85.9509856,20.1333758],[85.951004,20.133365],[85.9514952,20.1332619],[85.9516094,20.1331995],[85.9516184,20.1331884],[85.9516225,20.1331743],[85.9516258,20.1331613],[85.951625,20.1331475],[85.9515459,20.1329501],[85.9515439,20.1329381],[85.9515444,20.1329256],[85.9515493,20.1329139],[85.9515597,20.1329022],[85.9517581,20.1328086],[85.9522999,20.1324509],[85.9524305,20.1323475],[85.9524513,20.13232],[85.9524602,20.1322847],[85.952462,20.1322451],[85.9524554,20.1321991],[85.9522999,20.1318515],[85.9517849,20.1306628]]}},{"type":"Feature","properties":{"id":868649829,"highway":"residential"},"geometry":{"type":"LineString","coordinates":[[85.9626843,20.1406226],[85.9625523,20.140478],[85.962487,20.1403871],[85.9624445,20.1402983],[85.9624319,20.1402261],[85.9624123,20.139694]]}},{"type":"Feature","properties":{"id":868649830,"highway":"unclassified"},"geometry":{"type":"LineString","coordinates":[[85.9626916,20.1406418],[85.9627359,20.140757]]}},{"type":"Feature","properties":{"id":868649831,"highway":"unclassified"},"geometry":{"type":"LineString","coordinates":[[85.9627359,20.140757],[85.9627489,20.1407661],[85.9627664,20.1407716],[85.9628127,20.1407665],[85.9628576,20.1407565],[85.9633619,20.14054],[85.963598,20.140399],[85.963947,20.1401503],[85.964001,20.1401304],[85.9640647,20.140122],[85.9650304,20.139976],[85.9657652,20.1399302],[85.9658654,20.1399206],[85.9659602,20.1399037],[85.9661035,20.1398776],[85.9665085,20.1398148],[85.9666497,20.1397735],[85.9667462,20.1397366],[85.9668213,20.1397282],[85.9668754,20.1397286],[85.966912,20.1397383],[85.9669404,20.1397532],[85.9669639,20.1397724],[85.966982,20.1397916],[85.967178,20.1400215],[85.9674436,20.1404219],[85.9675241,20.1405264],[85.9676005,20.1406108],[85.9678793,20.1408522],[85.9681958,20.1411946],[85.9684587,20.1414011],[85.9686458,20.1415179],[85.9686977,20.1415373],[85.9687309,20.1415433],[85.9687659,20.1415441],[85.9694058,20.1413576]]}},{"type":"Feature","properties":{"id":868654471,"highway":"residential"},"geometry":{"type":"LineString","coordinates":[[85.9528534,20.1433692],[85.9529328,20.1436018],[85.9531742,20.144196],[85.9532413,20.1443619],[85.9532647,20.1443927],[85.9532923,20.1444176],[85.9533439,20.1444299],[85.9533955,20.1444323],[85.9534656,20.1444224],[85.9535337,20.1444025],[85.9536409,20.1443521],[85.9537429,20.1442766],[85.9539092,20.1440802],[85.9540808,20.143909],[85.9541497,20.1438477],[85.9542339,20.1437893],[85.9544145,20.1436839],[85.9544584,20.1436522],[85.9544993,20.1436119],[85.954536,20.1435496],[85.9545636,20.1434759],[85.9547227,20.1429872],[85.9548104,20.1426148],[85.9548177,20.1424359],[85.9548158,20.1419752],[85.9548124,20.1418625],[85.9547782,20.1411141]]}},{"type":"Feature","properties":{"id":868654475,"highway":"residential"},"geometry":{"type":"LineString","coordinates":[[85.9601802,20.1337505],[85.9602033,20.1340232],[85.9602138,20.1340677],[85.9602233,20.1341051],[85.9603303,20.1343453],[85.9604162,20.1347986],[85.9604537,20.1352368],[85.960577,20.1357163],[85.9605882,20.1357334],[85.9606039,20.1357455],[85.960632,20.1357597],[85.9606704,20.1357616],[85.9607111,20.1357561],[85.9609741,20.1357052],[85.9614426,20.135567],[85.9615373,20.1355441],[85.9615745,20.1355434],[85.9616118,20.1355453],[85.9616822,20.1355592],[85.9618196,20.1356093],[85.9619343,20.13567],[85.9620952,20.1358614],[85.9623205,20.1360477],[85.9623965,20.1361307],[85.9624386,20.136219],[85.962632,20.1368126],[85.9626585,20.1374127],[85.9626712,20.1377],[85.9626711,20.1377735],[85.9626583,20.1378529],[85.9626383,20.1378988],[85.9626056,20.1379328],[85.9625244,20.1379919],[85.96211,20.1382802],[85.9620362,20.1383193],[85.9619015,20.1383578],[85.9617332,20.1383773]]}},{"type":"Feature","properties":{"id":868654476,"highway":"residential"},"geometry":{"type":"LineString","coordinates":[[85.9582684,20.137803],[85.9586834,20.1377703],[85.9593486,20.1376494],[85.9597696,20.1376156],[85.9597947,20.1376202],[85.959824,20.1376315],[85.959849,20.1376445],[85.9598641,20.1376641],[85.9601492,20.1380422],[85.9602659,20.1382186],[85.9602853,20.1382462],[85.9603191,20.1382757],[85.960361,20.1382831],[85.9603947,20.138279],[85.9608131,20.1382488],[85.9615983,20.1382968],[85.9616806,20.1383178],[85.9617144,20.1383381],[85.9617332,20.1383773],[85.9618114,20.1388731],[85.9618408,20.1389419],[85.9618812,20.1390141],[85.9624123,20.139694],[85.962466,20.1396688],[85.9627449,20.1394724],[85.9628308,20.139422]]}},{"type":"Feature","properties":{"id":868654478,"highway":"unclassified"},"geometry":{"type":"LineString","coordinates":[[85.966327,20.1371042],[85.9665209,20.1371909],[85.9665698,20.1372275],[85.9666068,20.1372664],[85.9666446,20.1373232],[85.9666658,20.1373823],[85.9667409,20.1376845],[85.9668052,20.1384703],[85.9667677,20.1390242],[85.966773,20.1392156],[85.9667556,20.1394774],[85.9667462,20.1397366]]}},{"type":"Feature","properties":{"id":868654479,"highway":"unclassified"},"geometry":{"type":"LineString","coordinates":[[85.9662286,20.1370788],[85.966327,20.1371042]]}},{"type":"Feature","properties":{"id":868654480,"highway":"unclassified"},"geometry":{"type":"LineString","coordinates":[[85.9662286,20.1370788],[85.9660918,20.1370146],[85.9660381,20.1369843],[85.9659961,20.1369532],[85.9659684,20.1369088],[85.9658182,20.1364101],[85.9657163,20.1359769],[85.9656197,20.13572],[85.9655768,20.1355387],[85.9655778,20.1354827],[85.9655862,20.1354302],[85.9656694,20.1349959],[85.9656896,20.1349295],[85.9657134,20.1348799],[85.9658611,20.1346824],[85.9658647,20.1346662],[85.9658591,20.1346526],[85.9656626,20.1343902],[85.9656122,20.1343459],[85.9655553,20.1342996],[85.9655179,20.1342809],[85.9654801,20.1342643],[85.9654373,20.1342573],[85.9653548,20.1342573],[85.9653313,20.1342544],[85.9653146,20.1342503],[85.9652971,20.1342403]]}},{"type":"Feature","properties":{"id":868654481,"highway":"unclassified"},"geometry":{"type":"LineString","coordinates":[[85.9652646,20.1342403],[85.9651745,20.1342656]]}},{"type":"Feature","properties":{"id":868654482,"highway":"residential"},"geometry":{"type":"LineString","coordinates":[[85.9646071,20.1296827],[85.9645807,20.1296568],[85.9643513,20.1294314],[85.9643332,20.1294221],[85.9643087,20.1294166],[85.9642948,20.1294183],[85.964281,20.129423],[85.9638357,20.1297496],[85.9638294,20.1297583],[85.9638266,20.1297682],[85.9638279,20.1297821],[85.9638327,20.1297921],[85.964005,20.13021],[85.9640167,20.1302772],[85.9640171,20.1303444],[85.9639807,20.130561]]}},{"type":"Feature","properties":{"id":868654484,"highway":"residential"},"geometry":{"type":"LineString","coordinates":[[85.9656872,20.1381112],[85.9656841,20.1382285],[85.9657431,20.1384703],[85.9657809,20.1386434],[85.9658074,20.1389487],[85.9658248,20.1390195],[85.965854,20.1390903],[85.9659684,20.1393767],[85.9660274,20.1395506],[85.9661035,20.1398776]]}},{"type":"Feature","properties":{"id":868656751,"highway":"residential"},"geometry":{"type":"LineString","coordinates":[[85.9601304,20.1513926],[85.9601324,20.1515105],[85.9601516,20.1515966],[85.9602773,20.1518746],[85.9603412,20.1520726],[85.9603838,20.1523607],[85.9603561,20.1526208],[85.9603469,20.1530006]]}},{"type":"Feature","properties":{"id":868656752,"highway":"residential"},"geometry":{"type":"LineString","coordinates":[[85.9614113,20.1534229],[85.9619,20.1533593],[85.9622226,20.1533055],[85.9622362,20.1533006],[85.9622479,20.1532934],[85.9622561,20.1532816],[85.9622606,20.1532679],[85.962271,20.1531106]]}},{"type":"Feature","properties":{"id":868656753,"highway":"residential"},"geometry":{"type":"LineString","coordinates":[[85.9618053,20.1515368],[85.9622762,20.1514074],[85.9628967,20.151237],[85.9631413,20.1511655],[85.9636885,20.1510648],[85.9638119,20.1510598],[85.9638816,20.1510749],[85.9639271,20.1510876],[85.9639448,20.1511039],[85.9639539,20.1511269],[85.9639528,20.1511637],[85.9638548,20.1519259]]}},{"type":"Feature","properties":{"id":868656754,"highway":"residential"},"geometry":{"type":"LineString","coordinates":[[85.9625159,20.1522091],[85.9622762,20.1514074]]}},{"type":"Feature","properties":{"id":868656755,"highway":"residential"},"geometry":{"type":"LineString","coordinates":[[85.9682016,20.1439715],[85.9682984,20.1441549],[85.9683914,20.1443492],[85.9684959,20.1445774],[85.9685795,20.1447558],[85.9686364,20.1449216],[85.9686934,20.1450428],[85.9689196,20.1454717],[85.9692245,20.1460497]]}},{"type":"Feature","properties":{"id":868656756,"highway":"residential"},"geometry":{"type":"LineString","coordinates":[[85.968155,20.1438865],[85.9682016,20.1439715]]}},{"type":"Feature","properties":{"id":868656757,"highway":"residential"},"geometry":{"type":"LineString","coordinates":[[85.9700018,20.1464937],[85.9701146,20.146858],[85.9701194,20.1468719],[85.9701287,20.1468829],[85.9701403,20.146892],[85.9701538,20.1468969],[85.9705659,20.1468564],[85.9708004,20.1468204]]}},{"type":"Feature","properties":{"id":868657957,"highway":"residential"},"geometry":{"type":"LineString","coordinates":[[85.9667048,20.1411605],[85.9669715,20.1415111],[85.9669789,20.1415457],[85.9669605,20.1415768],[85.9668575,20.1416338],[85.9668299,20.1416597],[85.9668225,20.1416907],[85.9669055,20.1420513]]}},{"type":"Feature","properties":{"id":868954316,"highway":"residential"},"geometry":{"type":"LineString","coordinates":[[85.9744692,20.1884954],[85.9743412,20.1883661]]}},{"type":"Feature","properties":{"id":868954317,"highway":"residential"},"geometry":{"type":"LineString","coordinates":[[85.9743412,20.1883661],[85.9743315,20.1883525]]}},{"type":"Feature","properties":{"id":868954319,"highway":"unclassified"},"geometry":{"type":"LineString","coordinates":[[85.9722554,20.1897315],[85.9723065,20.1896909]]}},{"type":"Feature","properties":{"id":868954320,"highway":"residential"},"geometry":{"type":"LineString","coordinates":[[85.9739449,20.1762024],[85.9738407,20.1764326],[85.9738161,20.1765362],[85.973812,20.1766629],[85.9738713,20.1774342],[85.9739633,20.1781344],[85.9739707,20.1783171],[85.9739781,20.1783435],[85.9739976,20.1783538],[85.9740392,20.1783584],[85.9741141,20.1783515]]}},{"type":"Feature","properties":{"id":868977700,"highway":"residential"},"geometry":{"type":"LineString","coordinates":[[85.9760751,20.187159],[85.9759526,20.1869369],[85.9759451,20.1869136],[85.9759436,20.1868893],[85.975945,20.1868654],[85.9759515,20.1868434],[85.9761393,20.1864193],[85.9761478,20.1863627],[85.9761427,20.1863019],[85.9761178,20.1861978],[85.9759262,20.18556],[85.9755814,20.1847277],[85.9755205,20.184532],[85.9754694,20.1843364],[85.975469,20.1842694],[85.9754741,20.1842041],[85.9754829,20.1841503],[85.9755117,20.1841034],[85.9755451,20.1840664],[85.9755839,20.1840328],[85.9758228,20.183897],[85.9758539,20.1838771],[85.9758809,20.1838495],[85.976028,20.1836179],[85.9760992,20.1835377]]}},{"type":"Feature","properties":{"id":868977701,"highway":"residential"},"geometry":{"type":"LineString","coordinates":[[85.9761345,20.1835565],[85.9765607,20.1833261],[85.9766279,20.1833046],[85.9766769,20.1832901],[85.9767309,20.1832788],[85.9767885,20.1832812],[85.9769838,20.1832947],[85.9770631,20.1832974],[85.9771425,20.1832959],[85.9776413,20.183162],[85.9780326,20.1830902]]}},{"type":"Feature","properties":{"id":868977702,"highway":"residential"},"geometry":{"type":"LineString","coordinates":[[85.9777906,20.1811037],[85.9779481,20.1813663],[85.9782314,20.1821199],[85.9782444,20.1821901],[85.9782458,20.1822204],[85.9782476,20.182258],[85.9782516,20.1824076],[85.9782422,20.1824672],[85.9782227,20.1825114],[85.9781885,20.1825579],[85.9781354,20.182597],[85.978092,20.1826384],[85.9780506,20.1826988],[85.978019,20.1827638],[85.9779996,20.1828333],[85.97799,20.1829052],[85.9780134,20.18301],[85.9780326,20.1830902],[85.9780368,20.1831069],[85.9783012,20.1843099],[85.978311,20.1844946],[85.9783088,20.1845264],[85.9783012,20.1845566],[85.9782926,20.1845738],[85.9782803,20.1845893],[85.9782046,20.1846421],[85.978049,20.1848385],[85.9777272,20.1853218],[85.9776191,20.1854864],[85.977528,20.1855845],[85.9774998,20.1856381],[85.9774945,20.1856708],[85.9775003,20.1857034],[85.9775223,20.185778],[85.9775801,20.1859288]]}},{"type":"Feature","properties":{"id":868977703,"highway":"residential"},"geometry":{"type":"LineString","coordinates":[[85.9765985,20.1868227],[85.9767572,20.1865524],[85.9768385,20.1864189],[85.9769222,20.1862878],[85.9769747,20.1862309],[85.977044,20.1861702],[85.977109,20.1861158],[85.9771887,20.1860675],[85.9774957,20.1859582],[85.9775801,20.1859288],[85.9777957,20.1858538],[85.978071,20.1857743],[85.9782969,20.1857461],[85.9784929,20.1857496]]}},{"type":"Feature","properties":{"id":868977704,"highway":"residential"},"geometry":{"type":"LineString","coordinates":[[85.977528,20.1855845],[85.9772927,20.1853419],[85.9771787,20.1851464],[85.977168,20.1851262],[85.9771608,20.1851037],[85.9771433,20.1849864],[85.9770389,20.1845752],[85.9770191,20.1845314],[85.9769322,20.1843755],[85.9768268,20.1842195],[85.976711,20.1840648],[85.9765846,20.1839323],[85.9764928,20.1838263],[85.9763766,20.1837318],[85.9761345,20.1835565],[85.9760992,20.1835377],[85.9752703,20.1829959],[85.9751846,20.1829562],[85.9750825,20.1829204],[85.9747604,20.1828415],[85.9746718,20.1828193]]}},{"type":"Feature","properties":{"id":868977705,"highway":"residential"},"geometry":{"type":"LineString","coordinates":[[85.9759262,20.18556],[85.9761389,20.1855509],[85.9763875,20.1855557],[85.9764895,20.1855354],[85.9765957,20.1855072],[85.9766787,20.1854868],[85.9767617,20.1854764],[85.9770322,20.1854561],[85.9770685,20.1854482],[85.9771037,20.1854349],[85.9772927,20.1853419]]}},{"type":"Feature","properties":{"id":868996458,"highway":"residential"},"geometry":{"type":"LineString","coordinates":[[85.9780368,20.1831069],[85.9784414,20.1829931],[85.9791784,20.1827531]]}},{"type":"Feature","properties":{"id":868996459,"highway":"unclassified"},"geometry":{"type":"LineString","coordinates":[[85.9722104,20.1897823],[85.9720302,20.1895306],[85.9720036,20.1894702],[85.9719872,20.1894098],[85.9719762,20.1893531],[85.971968,20.1892924],[85.9719591,20.1891681],[85.9719487,20.1887742],[85.9719604,20.1883827],[85.9719658,20.1877635],[85.971998,20.1871443],[85.9719987,20.1870512],[85.971997,20.1870033],[85.9719872,20.186958],[85.971719,20.1861877],[85.9713984,20.1855123],[85.9710868,20.1850003]]}},{"type":"Feature","properties":{"id":868996461,"highway":"residential"},"geometry":{"type":"LineString","coordinates":[[85.9752431,20.1791215],[85.9752686,20.1792651],[85.9752661,20.1792775],[85.9752582,20.1792871],[85.9752418,20.1792942],[85.9752269,20.1792969],[85.9751147,20.1793156],[85.9741663,20.1795271]]}},{"type":"Feature","properties":{"id":868996462,"highway":"residential"},"geometry":{"type":"LineString","coordinates":[[85.9712546,20.184905],[85.9717941,20.1859461],[85.971998,20.1864243],[85.9720491,20.1865288],[85.9721535,20.1868674],[85.9721804,20.1870687],[85.9721804,20.1874413],[85.9721482,20.1880303],[85.9721482,20.1891631],[85.9721603,20.1893242],[85.9721713,20.1894059],[85.9722018,20.1894853],[85.9722591,20.1895782],[85.9723359,20.1896665]]}},{"type":"Feature","properties":{"id":868996463,"highway":"secondary"},"geometry":{"type":"LineString","coordinates":[[85.9711,20.1849928],[85.9710868,20.1850003],[85.970865,20.185105],[85.9704382,20.185428],[85.9702814,20.1855326],[85.9700314,20.1856995],[85.96971,20.185863],[85.965034,20.1885494],[85.9645595,20.1887753],[85.9645081,20.1887983],[85.964113,20.188975],[85.9629526,20.1894638],[85.9619537,20.1899008],[85.960583,20.190526],[85.9600403,20.1907493],[85.959802,20.1908471],[85.9595877,20.1909261],[85.958278,20.191252],[85.9580604,20.1913008],[85.9580129,20.1913115],[85.9561896,20.1916981]]}},{"type":"Feature","properties":{"id":868996464,"highway":"secondary"},"geometry":{"type":"LineString","coordinates":[[85.9712297,20.1849191],[85.9711,20.1849928]]}},{"type":"Feature","properties":{"id":869006369,"highway":"residential"},"geometry":{"type":"LineString","coordinates":[[85.9801572,20.1801871],[85.9800982,20.1800759],[85.9800553,20.1799794],[85.9800263,20.1799144],[85.9800094,20.1798493],[85.9800017,20.1797235],[85.979998,20.1795859],[85.9799856,20.1791192],[85.9800017,20.1786156],[85.9799695,20.1783185],[85.9799494,20.1782351]]}},{"type":"Feature","properties":{"id":869006371,"highway":"residential"},"geometry":{"type":"LineString","coordinates":[[85.9788022,20.1768202],[85.9788661,20.177088],[85.9789039,20.1772204],[85.9789744,20.1773189],[85.9790186,20.1774158],[85.9790744,20.1778175],[85.9791121,20.1780007],[85.9791236,20.1780391],[85.9791236,20.1780653],[85.9791154,20.1781084],[85.9790645,20.1781715],[85.9789842,20.1782577],[85.9789612,20.1783177],[85.978917,20.1785393],[85.9788907,20.1787286],[85.9788907,20.1787831],[85.9788998,20.1788393],[85.9789088,20.1788782],[85.9789215,20.1789136],[85.9789786,20.1790156],[85.9790061,20.1790651]]}},{"type":"Feature","properties":{"id":869006372,"highway":"residential"},"geometry":{"type":"LineString","coordinates":[[85.9827814,20.179799],[85.9828234,20.1800507],[85.9828993,20.180364],[85.982995,20.1806146],[85.9830693,20.1808265],[85.9830813,20.1808785],[85.9830927,20.1809284],[85.9831512,20.181312],[85.9831512,20.1813499],[85.9831399,20.1813798],[85.9829736,20.1816013],[85.982945,20.1816491],[85.9829306,20.181697],[85.9829251,20.1817448],[85.9829253,20.1817926],[85.9830648,20.1823112],[85.9832954,20.182719],[85.9837299,20.1835597]]}},{"type":"Feature","properties":{"id":869006373,"highway":"residential"},"geometry":{"type":"LineString","coordinates":[[85.9823669,20.1811331],[85.9825905,20.1810334],[85.9829218,20.1809311],[85.9830813,20.1808785]]}},{"type":"Feature","properties":{"id":869006374,"highway":"residential"},"geometry":{"type":"LineString","coordinates":[[85.9819572,20.1781234],[85.9820117,20.178359],[85.9820344,20.1783781],[85.9820662,20.1783931],[85.9822104,20.1783824],[85.9826533,20.1782854],[85.982678,20.1782869],[85.9827021,20.1782961],[85.9827533,20.1783207]]}},{"type":"Feature","properties":{"id":869006375,"highway":"residential"},"geometry":{"type":"LineString","coordinates":[[85.9855538,20.1809569],[85.9855431,20.1807706],[85.9854377,20.180268],[85.9854059,20.1800908]]}},{"type":"Feature","properties":{"id":869006376,"highway":"residential"},"geometry":{"type":"LineString","coordinates":[[85.9855538,20.1809569],[85.9856167,20.1817673],[85.9856611,20.1823364],[85.9856967,20.1830495]]}},{"type":"Feature","properties":{"id":869006377,"highway":"residential"},"geometry":{"type":"LineString","coordinates":[[85.9855538,20.1809569],[85.9848082,20.181123],[85.9845462,20.1811627]]}},{"type":"Feature","properties":{"id":869006378,"highway":"residential"},"geometry":{"type":"LineString","coordinates":[[85.9869105,20.1804521],[85.9868653,20.1792856],[85.9868836,20.1792338],[85.9869218,20.1791961],[85.9872986,20.1790538],[85.9873509,20.1790148],[85.9873764,20.1789519],[85.9873791,20.178797]]}},{"type":"Feature","properties":{"id":869013828,"highway":"residential"},"geometry":{"type":"LineString","coordinates":[[85.9892682,20.177966],[85.9888341,20.1778018],[85.9887638,20.1777816],[85.9886829,20.1777688],[85.9882273,20.1777575],[85.9877927,20.1777125],[85.9875817,20.1776931],[85.9871148,20.1777019],[85.9865042,20.177779],[85.9864254,20.1777974],[85.9863262,20.1778087],[85.9858374,20.1778764],[85.9857593,20.1778764],[85.9857108,20.177858],[85.9856974,20.1778253],[85.9857067,20.1777799],[85.9857886,20.1775143],[85.9858087,20.1773079],[85.9858087,20.1771065],[85.9857684,20.1765111],[85.9857269,20.176078],[85.9857061,20.1759528],[85.9856712,20.1758193],[85.9856424,20.175747],[85.985637,20.1757218],[85.9856383,20.1757029],[85.9856457,20.1756784],[85.9856611,20.1756538],[85.985686,20.1756142],[85.9856974,20.1755739],[85.9857007,20.1754946],[85.9855217,20.1743937]]}},{"type":"Feature","properties":{"id":869013829,"highway":"residential"},"geometry":{"type":"LineString","coordinates":[[85.9864254,20.1777974],[85.9864357,20.1779751],[85.9865142,20.1783336],[85.9866487,20.1788323],[85.9866898,20.17887],[85.9868252,20.178938],[85.9868856,20.1789443],[85.9869499,20.1789468],[85.9870438,20.1789342],[85.9873791,20.178797],[85.9875146,20.1787593],[85.9876084,20.1787442],[85.9878096,20.1787291],[85.9883836,20.1787542],[85.9884225,20.178787],[85.9884372,20.1788121],[85.9884372,20.178933],[85.9884547,20.1789619],[85.9884869,20.1789859],[85.9889829,20.1791769]]}},{"type":"Feature","properties":{"id":869013830,"highway":"residential"},"geometry":{"type":"LineString","coordinates":[[85.9869559,20.176507],[85.9869861,20.1767025],[85.9871148,20.1777019]]}},{"type":"Feature","properties":{"id":869013832,"highway":"residential"},"geometry":{"type":"LineString","coordinates":[[85.9794718,20.1804172],[85.9798551,20.181078],[85.9798551,20.1811158],[85.9798432,20.1811536],[85.9797722,20.1812091],[85.9796396,20.1813047],[85.9795544,20.1813825],[85.97941,20.1816313]]}},{"type":"Feature","properties":{"id":869013834,"highway":"residential"},"geometry":{"type":"LineString","coordinates":[[85.9898968,20.1812036],[85.9899083,20.1812073],[85.9899168,20.181213],[85.9899239,20.1812285],[85.9899258,20.1812439],[85.9897961,20.1824197]]}},{"type":"Feature","properties":{"id":869013835,"highway":"residential"},"geometry":{"type":"LineString","coordinates":[[85.9897961,20.1824197],[85.9897327,20.1830512],[85.9896737,20.1833835]]}},{"type":"Feature","properties":{"id":869013836,"highway":"tertiary"},"geometry":{"type":"LineString","coordinates":[[85.9896028,20.182411],[85.9897753,20.1824188]]}},{"type":"Feature","properties":{"id":869013837,"highway":"tertiary"},"geometry":{"type":"LineString","coordinates":[[85.9897753,20.1824188],[85.9897961,20.1824197],[85.9901565,20.1824122],[85.9905296,20.1823505],[85.9907788,20.1822889],[85.9909853,20.1822108],[85.9911679,20.1821396],[85.9920001,20.1818217],[85.9932232,20.1813383],[85.9944892,20.180714],[85.9951161,20.1804813],[85.9951442,20.1804697]]}},{"type":"Feature","properties":{"id":869016246,"highway":"residential"},"geometry":{"type":"LineString","coordinates":[[85.9873161,20.1811726],[85.9873419,20.1809823],[85.9873637,20.1808215],[85.9874118,20.1806356]]}},{"type":"Feature","properties":{"id":869016247,"highway":"residential"},"geometry":{"type":"LineString","coordinates":[[85.9867108,20.1810782],[85.9868219,20.1810832],[85.9869084,20.1810617],[85.9870813,20.181002],[85.9871696,20.1809822],[85.9872649,20.1809722],[85.9873419,20.1809823]]}},{"type":"Feature","properties":{"id":869016248,"highway":"residential"},"geometry":{"type":"LineString","coordinates":[[85.9702814,20.1855326],[85.9706622,20.1861172],[85.9710051,20.1864529],[85.9710269,20.1864643],[85.9710608,20.1864767],[85.9711299,20.1865053],[85.9711487,20.1865152],[85.9711629,20.1865261],[85.9713293,20.1867143],[85.971338,20.1867248],[85.971343,20.1867353],[85.9713445,20.1867476],[85.9713437,20.1867577],[85.9713301,20.1868892],[85.9713295,20.1869074],[85.971331,20.1869264],[85.9713323,20.1869394],[85.9713352,20.1869509],[85.9714369,20.1872819]]}},{"type":"Feature","properties":{"id":869016249,"highway":"residential"},"geometry":{"type":"LineString","coordinates":[[85.9718465,20.187433],[85.9715319,20.1875214],[85.9715126,20.1875257],[85.9714922,20.1875256],[85.9714714,20.1875194],[85.9714553,20.1875077],[85.9713993,20.187384],[85.9713897,20.1873424],[85.9713914,20.1873308],[85.9713967,20.1873204],[85.9714147,20.1872999],[85.9714369,20.1872819],[85.9715812,20.1872603],[85.9716303,20.1872478],[85.9716817,20.1872225],[85.9717754,20.1871633]]}},{"type":"Feature","properties":{"id":869016250,"highway":"residential"},"geometry":{"type":"LineString","coordinates":[[85.9837933,20.1790449],[85.9831678,20.1793116],[85.9831504,20.1793343],[85.9831368,20.1793727],[85.9831493,20.1795251],[85.983138,20.1795539],[85.9831209,20.1795826],[85.9830766,20.1796029],[85.9829756,20.1796349],[85.9829494,20.1796423],[85.9829256,20.1796615],[85.9829108,20.1796935],[85.9829145,20.1798712]]}},{"type":"Feature","properties":{"id":869016251,"highway":"residential"},"geometry":{"type":"LineString","coordinates":[[85.9771507,20.1825403],[85.9776695,20.1823747],[85.9782458,20.1822204]]}},{"type":"Feature","properties":{"id":869024303,"highway":"residential"},"geometry":{"type":"LineString","coordinates":[[85.9894447,20.1806894],[85.9895451,20.1807077],[85.9896444,20.1807299],[85.9896727,20.1807462],[85.9896991,20.1807744],[85.9897182,20.180806],[85.9897729,20.1810258],[85.9897865,20.1811489],[85.9897958,20.1811795],[85.9898011,20.1811905],[85.9898111,20.1811993]]}},{"type":"Feature","properties":{"id":869024304,"highway":"residential"},"geometry":{"type":"LineString","coordinates":[[85.9898111,20.1811993],[85.9898968,20.1812036]]}},{"type":"Feature","properties":{"id":869024305,"highway":"residential"},"geometry":{"type":"LineString","coordinates":[[85.9905296,20.1823505],[85.9905228,20.1821665],[85.9905231,20.1821055],[85.9905132,20.1820597],[85.9904515,20.1818782],[85.9903975,20.1817016],[85.9903459,20.1812754],[85.9903403,20.1812145]]}},{"type":"Feature","properties":{"id":869024306,"highway":"residential"},"geometry":{"type":"LineString","coordinates":[[85.9905334,20.1806491],[85.9904874,20.1811603],[85.9904742,20.181175],[85.9904597,20.1811837],[85.9904321,20.1811917],[85.9904012,20.1812014],[85.9903403,20.1812145],[85.9900446,20.1812135],[85.9899168,20.181213]]}},{"type":"Feature","properties":{"id":869024307,"highway":"residential"},"geometry":{"type":"LineString","coordinates":[[85.9900523,20.1806219],[85.9900446,20.1812135]]}},{"type":"Feature","properties":{"id":869024308,"highway":"residential"},"geometry":{"type":"LineString","coordinates":[[85.9757471,20.1983254],[85.9758032,20.198115],[85.9758124,20.1980719],[85.9758062,20.1980027],[85.9757004,20.1976855],[85.9756328,20.1973122],[85.9756125,20.1971387],[85.9756083,20.1971024],[85.9755689,20.1968274],[85.9755553,20.1967782],[85.9755332,20.1967349],[85.9750699,20.1961033]]}},{"type":"Feature","properties":{"id":869024309,"highway":"residential"},"geometry":{"type":"LineString","coordinates":[[85.9756125,20.1971387],[85.976075,20.1970924],[85.9760943,20.1970926],[85.9761101,20.197096],[85.9761281,20.1971055],[85.9761391,20.1971171],[85.9763927,20.1976237]]}},{"type":"Feature","properties":{"id":869024310,"highway":"residential"},"geometry":{"type":"LineString","coordinates":[[85.9800446,20.1904066],[85.9797067,20.1907036],[85.9785564,20.1919666],[85.978483,20.1920365],[85.9765846,20.1940163],[85.9765729,20.1940289],[85.9754815,20.1952032],[85.9754575,20.1952383],[85.9754525,20.1952537],[85.9754527,20.1952699],[85.9754567,20.1952893]]}},{"type":"Feature","properties":{"id":869024311,"highway":"residential"},"geometry":{"type":"LineString","coordinates":[[85.9754567,20.1952893],[85.9756301,20.1954337]]}},{"type":"Feature","properties":{"id":869024312,"highway":"residential"},"geometry":{"type":"LineString","coordinates":[[85.9756301,20.1954337],[85.9756706,20.1954703]]}},{"type":"Feature","properties":{"id":869027049,"highway":"residential"},"geometry":{"type":"LineString","coordinates":[[85.9785564,20.1919666],[85.9785452,20.1919271],[85.9785304,20.1918365],[85.9784975,20.1917321],[85.9784396,20.1916457],[85.9783638,20.1915536],[85.9783283,20.1915104],[85.9781954,20.1913708],[85.9781239,20.1912901],[85.9781075,20.1912819],[85.9780888,20.1912778],[85.9780721,20.1912765],[85.9780553,20.1912788],[85.9777353,20.1915383],[85.9773485,20.19181],[85.9773431,20.1918181],[85.9773417,20.1918263],[85.9773415,20.1918352],[85.9773445,20.1918434],[85.9775815,20.1921879],[85.9775853,20.1921982],[85.9775846,20.1922098],[85.9775813,20.1922212],[85.9775764,20.1922276],[85.9772883,20.1925158],[85.9768284,20.1928995],[85.9765093,20.1932192],[85.9761902,20.1936242],[85.9761766,20.1936658],[85.9761811,20.1936967],[85.9762027,20.1937244],[85.9763163,20.1938235],[85.9765729,20.1940289]]}},{"type":"Feature","properties":{"id":869027050,"highway":"residential"},"geometry":{"type":"LineString","coordinates":[[85.9790852,20.1907296],[85.9788989,20.1908134],[85.9787428,20.1909159],[85.9785585,20.1912635],[85.9784788,20.191424],[85.9784389,20.191497],[85.9784245,20.1915127],[85.9784057,20.1915274],[85.9783638,20.1915536]]}},{"type":"Feature","properties":{"id":869042630,"highway":"residential"},"geometry":{"type":"LineString","coordinates":[[85.9875724,20.1863557],[85.9878865,20.1862199],[85.9879801,20.18621],[85.9880207,20.1862249],[85.9880524,20.1862613],[85.9881071,20.1863872],[85.9882483,20.1868708],[85.9882395,20.1869039],[85.9882201,20.1869255],[85.9881389,20.1869569],[85.9874595,20.1871275],[85.9869654,20.1873329],[85.9869238,20.1873506],[85.9859948,20.1877453],[85.9851954,20.1880783],[85.9848742,20.1882223],[85.9845509,20.1882217]]}},{"type":"Feature","properties":{"id":869042631,"highway":"residential"},"geometry":{"type":"LineString","coordinates":[[85.9869654,20.1873329],[85.9869815,20.1873747]]}},{"type":"Feature","properties":{"id":869042632,"highway":"residential"},"geometry":{"type":"LineString","coordinates":[[85.9870688,20.1876009],[85.9870793,20.1876281]]}},{"type":"Feature","properties":{"id":869042633,"highway":"residential"},"geometry":{"type":"LineString","coordinates":[[85.9869815,20.1873747],[85.9870688,20.1876009]]}},{"type":"Feature","properties":{"id":869042634,"highway":"residential"},"geometry":{"type":"LineString","coordinates":[[85.9854884,20.1873564],[85.9861607,20.1871104],[85.9865671,20.1869945],[85.9866393,20.1870088],[85.9866913,20.1870205],[85.98674,20.187048],[85.9867893,20.1871069],[85.9869238,20.1873506]]}},{"type":"Feature","properties":{"id":869042635,"highway":"residential"},"geometry":{"type":"LineString","coordinates":[[85.9828932,20.1893854],[85.9831447,20.1898127],[85.9832038,20.1899504],[85.9833033,20.190346],[85.9832965,20.190413],[85.9832938,20.1904393],[85.9832986,20.1904971],[85.9833199,20.1905704],[85.98363,20.190977]]}},{"type":"Feature","properties":{"id":869042636,"highway":"residential"},"geometry":{"type":"LineString","coordinates":[[85.9785564,20.1919666],[85.9785765,20.1919979]]}},{"type":"Feature","properties":{"id":869042637,"highway":"residential"},"geometry":{"type":"LineString","coordinates":[[85.9786938,20.1922331],[85.9787458,20.1922778],[85.9787883,20.1923632],[85.9788156,20.1924866],[85.9788383,20.1926022],[85.978868,20.1926527],[85.9789077,20.1926779],[85.9789558,20.1926872],[85.9793706,20.1927231],[85.9796608,20.1927577],[85.9798476,20.1927935],[85.9799547,20.1928004],[85.9800858,20.1927958],[85.9808683,20.1928121],[85.9812986,20.1928382],[85.9813793,20.1928347],[85.981511,20.1928121],[85.9817779,20.1927646],[85.9819034,20.1927262],[85.9819517,20.1926922],[85.9819718,20.1926506],[85.982008,20.1924342],[85.9820294,20.1923901],[85.9820603,20.1923637],[85.9822896,20.1922894],[85.9823956,20.1922454],[85.9824854,20.1921887],[85.9826437,20.1920666],[85.9829052,20.1919055]]}},{"type":"Feature","properties":{"id":869042638,"highway":"residential"},"geometry":{"type":"LineString","coordinates":[[85.9772015,20.1938347],[85.9774457,20.1939644],[85.9775428,20.1940688],[85.9777281,20.1943603],[85.9778569,20.1945441]]}},{"type":"Feature","properties":{"id":869042639,"highway":"residential"},"geometry":{"type":"LineString","coordinates":[[85.9767077,20.1943406],[85.9767797,20.1946224],[85.9768247,20.1947797],[85.9769167,20.1949792],[85.977027,20.1951902],[85.9770509,20.1952096],[85.9771333,20.1952765],[85.9776035,20.1955988],[85.9778058,20.1957178],[85.9783168,20.1959537]]}},{"type":"Feature","properties":{"id":869042640,"highway":"residential"},"geometry":{"type":"LineString","coordinates":[[85.9759342,20.1951887],[85.97635,20.195218],[85.9766982,20.1952512],[85.9769106,20.1952432],[85.9770509,20.1952096]]}},{"type":"Feature","properties":{"id":869042641,"highway":"residential"},"geometry":{"type":"LineString","coordinates":[[85.9788383,20.1926022],[85.9787073,20.1927594],[85.9786085,20.1929537],[85.9784965,20.1931925],[85.9783654,20.193385],[85.9781926,20.1936185],[85.9780995,20.1937487]]}},{"type":"Feature","properties":{"id":869042642,"highway":"residential"},"geometry":{"type":"LineString","coordinates":[[85.9845846,20.1902504],[85.9843725,20.190091],[85.9842352,20.1899407],[85.984224,20.1899299],[85.9842069,20.1899191],[85.9841734,20.1899158],[85.9841422,20.1899187],[85.9841169,20.1899258],[85.9838275,20.1901311],[85.9835875,20.1902852],[85.9834463,20.1903498],[85.9832965,20.190413]]}},{"type":"Feature","properties":{"id":869045748,"highway":"residential"},"geometry":{"type":"LineString","coordinates":[[85.9580766,20.1542424],[85.9580451,20.1541656]]}},{"type":"Feature","properties":{"id":869045749,"highway":"residential"},"geometry":{"type":"LineString","coordinates":[[85.9580945,20.1542885],[85.9580766,20.1542424]]}},{"type":"Feature","properties":{"id":869045750,"highway":"residential"},"geometry":{"type":"LineString","coordinates":[[85.9580451,20.1541656],[85.9579734,20.1540548],[85.95796,20.1540385],[85.9579419,20.1540316],[85.9579224,20.1540334],[85.9577742,20.1540876]]}},{"type":"Feature","properties":{"id":869045751,"highway":"unclassified"},"geometry":{"type":"LineString","coordinates":[[85.9634242,20.1539137],[85.9634924,20.1539774]]}},{"type":"Feature","properties":{"id":869045752,"highway":"unclassified"},"geometry":{"type":"LineString","coordinates":[[85.9600474,20.1513637],[85.9600665,20.1513721],[85.9600955,20.1513882],[85.9601101,20.1513911],[85.9601304,20.1513926],[85.9601547,20.1513878],[85.9603112,20.1513092],[85.9604572,20.1512425],[85.9605743,20.151203],[85.960736,20.1511882],[85.9609741,20.1511832],[85.9612409,20.1511727],[85.9614463,20.1511647],[85.9615752,20.1511733],[85.9616594,20.1512203],[85.9617015,20.1512832],[85.96173,20.151334],[85.9618053,20.1515368],[85.9618363,20.1516461],[85.9619268,20.1520316],[85.9619316,20.1523116],[85.9619891,20.1526535],[85.9620295,20.1527783],[85.9620954,20.1529816],[85.9621565,20.1530745],[85.9621755,20.1530934],[85.9621968,20.1531078],[85.9622249,20.1531106],[85.9622518,20.1531113],[85.962271,20.1531106],[85.9622921,20.1531099],[85.9623313,20.1531009],[85.9624535,20.1530573],[85.9625031,20.1530407],[85.9625291,20.153033],[85.9625586,20.1530264],[85.9626012,20.1530282],[85.9626356,20.1530367],[85.9626603,20.1530442],[85.9626804,20.1530538],[85.9629182,20.1532146],[85.9630457,20.1533249],[85.9630994,20.1533831],[85.9631459,20.1534652],[85.9632647,20.1537403],[85.9632958,20.1537881],[85.9633371,20.1538331],[85.9634242,20.1539137]]}},{"type":"Feature","properties":{"id":869045753,"highway":"residential"},"geometry":{"type":"LineString","coordinates":[[85.9626843,20.1406226],[85.9630046,20.140528],[85.9633335,20.1403992],[85.9635885,20.1402387],[85.9638011,20.1400616],[85.9639352,20.1399206]]}},{"type":"Feature","properties":{"id":869045754,"highway":"unclassified"},"geometry":{"type":"LineString","coordinates":[[85.9652971,20.1342403],[85.9652646,20.1342403]]}},{"type":"Feature","properties":{"id":869045755,"highway":"residential"},"geometry":{"type":"LineString","coordinates":[[85.9658654,20.1399206],[85.9658644,20.1400272],[85.9658691,20.140082],[85.9658758,20.1401273],[85.9660032,20.1405441],[85.9660368,20.1406675]]}},{"type":"Feature","properties":{"id":869045756,"highway":"residential"},"geometry":{"type":"LineString","coordinates":[[85.9646071,20.1296827],[85.9646911,20.1297463]]}},{"type":"Feature","properties":{"id":869046268,"highway":"residential"},"geometry":{"type":"LineString","coordinates":[[85.9594261,20.1536958],[85.9595364,20.1538635],[85.9595378,20.1538887],[85.9595311,20.1539075],[85.959118,20.1541694],[85.9589289,20.1542664],[85.958764,20.1543318],[85.9586969,20.1543545],[85.9586781,20.1543545],[85.958654,20.1543444],[85.9585523,20.1541164]]}},{"type":"Feature","properties":{"id":869046487,"highway":"residential"},"geometry":{"type":"LineString","coordinates":[[85.9612409,20.1511727],[85.9612551,20.151421],[85.9613174,20.1518516],[85.9613389,20.1520033],[85.9613409,20.1520625],[85.9613335,20.1521229],[85.9613094,20.1521815],[85.961253,20.152257],[85.9611954,20.1522998],[85.9608842,20.1524396]]}},{"type":"Feature","properties":{"id":869046629,"highway":"residential"},"geometry":{"type":"LineString","coordinates":[[85.9757891,20.1953438],[85.976333,20.1963203],[85.9764765,20.1966241]]}},{"type":"Feature","properties":{"id":869046630,"highway":"residential"},"geometry":{"type":"LineString","coordinates":[[85.9785765,20.1919979],[85.9787421,20.1921453]]}},{"type":"Feature","properties":{"id":869046631,"highway":"residential"},"geometry":{"type":"LineString","coordinates":[[85.9787421,20.1921453],[85.9787603,20.1921615]]}},{"type":"Feature","properties":{"id":869046632,"highway":"residential"},"geometry":{"type":"LineString","coordinates":[[85.9707129,20.1839834],[85.9710499,20.1845226],[85.9712798,20.1848905]]}},{"type":"Feature","properties":{"id":869046633,"highway":"residential"},"geometry":{"type":"LineString","coordinates":[[85.9790327,20.1790983],[85.9790414,20.1791091]]}},{"type":"Feature","properties":{"id":869046634,"highway":"residential"},"geometry":{"type":"LineString","coordinates":[[85.9790061,20.1790651],[85.9790327,20.1790983]]}},{"type":"Feature","properties":{"id":869046635,"highway":"residential"},"geometry":{"type":"LineString","coordinates":[[85.979998,20.1795859],[85.9797967,20.1797339],[85.9796733,20.1798659],[85.9795132,20.1801205],[85.9794715,20.1802069]]}},{"type":"Feature","properties":{"id":869046796,"highway":"residential"},"geometry":{"type":"LineString","coordinates":[[85.9629495,20.1503206],[85.9630032,20.1504201],[85.9630166,20.1504667],[85.9630354,20.1505586],[85.9630595,20.1507814],[85.9630796,20.1508834],[85.9631199,20.1510081],[85.9631306,20.1510798],[85.9631413,20.1511655]]}},{"type":"Feature","properties":{"id":869046797,"highway":"unclassified"},"geometry":{"type":"LineString","coordinates":[[85.9599619,20.1513641],[85.9600474,20.1513637]]}},{"type":"Feature","properties":{"id":869046798,"highway":"unclassified"},"geometry":{"type":"LineString","coordinates":[[85.95991,20.1513687],[85.9599619,20.1513641]]}},{"type":"Feature","properties":{"id":869050800,"highway":"residential"},"geometry":{"type":"LineString","coordinates":[[85.9518138,20.1378584],[85.9523401,20.1377224],[85.9525412,20.1376695],[85.9527424,20.1376317],[85.952898,20.1376242],[85.9530508,20.1376469],[85.9532037,20.1376871],[85.9533003,20.1377627],[85.9533808,20.1378936],[85.9534096,20.1379497],[85.9534639,20.1380139],[85.95359,20.1381895],[85.9536155,20.1382059],[85.9536651,20.1382009],[85.9540272,20.13808]]}},{"type":"Feature","properties":{"id":869059755,"highway":"residential"},"geometry":{"type":"LineString","coordinates":[[85.9673586,20.1986577],[85.9674131,20.1977228],[85.9674271,20.1973125],[85.9673792,20.1971276],[85.9672934,20.1969262],[85.9670413,20.1964379],[85.9668857,20.1960704],[85.9664834,20.1945298],[85.9662049,20.1937847],[85.966137,20.1936332],[85.9660435,20.1934877],[85.9655017,20.1929037],[85.9649652,20.1924405],[85.9643215,20.19164],[85.9641659,20.191348],[85.963711,20.1906239],[85.9631949,20.1898024],[85.9629526,20.1894638]]}},{"type":"Feature","properties":{"id":869059756,"highway":"unclassified"},"geometry":{"type":"LineString","coordinates":[[85.9629526,20.1894638],[85.9626143,20.1889278],[85.962516,20.1888122],[85.9624477,20.1887415],[85.9623672,20.1886686],[85.962294,20.1886202],[85.9622244,20.1885787],[85.9619901,20.1884754],[85.9619412,20.1884531],[85.9619052,20.1884306],[85.9618605,20.1883941],[85.9614447,20.1878189],[85.9611526,20.1874652],[85.9608094,20.1871243],[85.9605232,20.1868725],[85.9598314,20.1861373],[85.9596943,20.1859496],[85.9596651,20.1858907],[85.959648,20.1858381],[85.9596352,20.1857815],[85.9596222,20.1856742],[85.9595686,20.18507],[85.9595037,20.1839376],[85.9594931,20.1838517],[85.9594829,20.1837892],[85.9593862,20.1834087],[85.9592735,20.1828549],[85.9592704,20.1828114],[85.9592722,20.1827611],[85.9593003,20.1826535],[85.9593594,20.1824723],[85.9593932,20.1824017]]}},{"type":"Feature","properties":{"id":869059757,"highway":"unclassified"},"geometry":{"type":"LineString","coordinates":[[85.9593932,20.1824017],[85.9594299,20.1823286]]}},{"type":"Feature","properties":{"id":869059758,"highway":"unclassified"},"geometry":{"type":"LineString","coordinates":[[85.9594299,20.1823286],[85.9604379,20.1798099],[85.960446,20.1797902],[85.9604735,20.1797235],[85.9606093,20.1792401],[85.9606146,20.1791884],[85.9606058,20.1791366],[85.9605825,20.1790437],[85.9604408,20.1786086],[85.9602397,20.1782027],[85.9602345,20.1781907],[85.9599173,20.1774675],[85.9596759,20.176979],[85.9596008,20.1767826],[85.9595067,20.1766754],[85.9594793,20.1766502],[85.9594465,20.1766267],[85.959411,20.1766091],[85.9593747,20.1765992],[85.9593309,20.1765906],[85.9592926,20.1765889],[85.958876,20.176613],[85.9588461,20.1766132],[85.9588161,20.1766102],[85.9587906,20.1766076],[85.9587672,20.1766008],[85.9586806,20.1765657],[85.9585987,20.1765276],[85.9585191,20.1764828],[85.9584474,20.1764351],[85.958307,20.1763398],[85.9581997,20.1762342]]}},{"type":"Feature","properties":{"id":869059759,"highway":"unclassified"},"geometry":{"type":"LineString","coordinates":[[85.9581677,20.176194],[85.9581997,20.1762342]]}},{"type":"Feature","properties":{"id":869076743,"highway":"residential"},"geometry":{"type":"LineString","coordinates":[[85.9616587,20.1778279],[85.9617813,20.1777791]]}},{"type":"Feature","properties":{"id":869076744,"highway":"residential"},"geometry":{"type":"LineString","coordinates":[[85.9617987,20.1777674],[85.9620792,20.1776639],[85.9624398,20.1775153]]}},{"type":"Feature","properties":{"id":869076745,"highway":"residential"},"geometry":{"type":"LineString","coordinates":[[85.9710868,20.1850003],[85.9710535,20.1849329],[85.9706123,20.1841702],[85.9703028,20.1836806],[85.9702437,20.1835851],[85.9702071,20.1835381],[85.9701658,20.1834926],[85.9700839,20.1834119],[85.9700406,20.183373],[85.9699926,20.18334],[85.96989,20.1832893],[85.9697701,20.1832429],[85.96963,20.183203],[85.9694813,20.183171],[85.9693117,20.1831317],[85.9691285,20.1831019],[85.9686977,20.1830472],[85.9684222,20.1830055],[85.9680185,20.1829339],[85.9678573,20.1828834],[85.9677056,20.182827],[85.9676121,20.1827716],[85.9675327,20.182706],[85.9674258,20.1825832],[85.9673363,20.1824471],[85.9672187,20.1822378],[85.967111,20.1820192],[85.9669408,20.181629],[85.9667838,20.1812388],[85.9667462,20.1811175],[85.9667164,20.1809907],[85.9666175,20.1805189],[85.96658,20.180434],[85.9665287,20.1803491],[85.9664532,20.1802601],[85.96636,20.1801766],[85.9661894,20.180047],[85.9660587,20.1799747],[85.9659163,20.1799152],[85.9658287,20.1798876],[85.9657312,20.1798766],[85.9649627,20.1798795],[85.9646841,20.1798616],[85.9646331,20.1798461],[85.9645754,20.1798194],[85.9644949,20.179772],[85.9643698,20.1797084],[85.9642673,20.1796544],[85.9634963,20.1790297],[85.9633953,20.1789576],[85.9632806,20.1788876],[85.9631726,20.1788275],[85.9630419,20.1787802],[85.962767,20.1787419],[85.9627152,20.1787347],[85.9625237,20.1786888],[85.9623401,20.1786354],[85.9622177,20.1785801],[85.9620954,20.1785145],[85.962011,20.1784521],[85.9619361,20.1783824],[85.9618588,20.1782601],[85.9617879,20.1781305],[85.961653,20.1778573],[85.9616457,20.1778485],[85.9616375,20.1778425],[85.9616279,20.1778432],[85.9616125,20.1778466],[85.9612647,20.1779963],[85.9611651,20.1780278],[85.9608673,20.1781017],[85.9608247,20.1781076],[85.9607833,20.1781074],[85.960516,20.1781108],[85.9604682,20.1781198],[85.9604181,20.178132],[85.9602397,20.1782027]]}},{"type":"Feature","properties":{"id":869076746,"highway":"residential"},"geometry":{"type":"LineString","coordinates":[[85.959972,20.1786555],[85.9598901,20.1783767],[85.9599024,20.1783446],[85.9599292,20.1783205],[85.9600673,20.178254],[85.9602345,20.1781907]]}},{"type":"Feature","properties":{"id":869076747,"highway":"residential"},"geometry":{"type":"LineString","coordinates":[[85.9580129,20.1913115],[85.9581463,20.1918989],[85.9581477,20.1919278],[85.958145,20.1919568],[85.958138,20.1919729],[85.958116,20.191989],[85.9577248,20.1920572]]}},{"type":"Feature","properties":{"id":869076748,"highway":"secondary"},"geometry":{"type":"LineString","coordinates":[[85.9561896,20.1916981],[85.956089,20.1917195]]}},{"type":"Feature","properties":{"id":869076749,"highway":"secondary"},"geometry":{"type":"LineString","coordinates":[[85.956089,20.1917195],[85.9560608,20.1917258],[85.9518664,20.1926691],[85.9506537,20.1929462],[85.950444,20.1929906],[85.9483464,20.1935682],[85.9482431,20.1935937],[85.9482158,20.1936014],[85.9481018,20.1936331],[85.9478194,20.1937014],[85.9470545,20.1939535],[85.946248,20.1942526],[85.9451137,20.1946525],[85.9448288,20.1947549],[85.9441964,20.1949814],[85.94218,20.195724],[85.9420488,20.195768],[85.9405494,20.1963765],[85.940027,20.196638],[85.939271,20.1970838],[85.938881,20.1973055],[85.9379858,20.1978254],[85.9374934,20.1981114],[85.9372648,20.1982451],[85.9369321,20.1984398],[85.9358799,20.1990275],[85.935323,20.199316],[85.9341425,20.1998989],[85.9340683,20.199942],[85.9339684,20.2000002],[85.9316117,20.2013835],[85.93122,20.2015889],[85.9311066,20.2016461],[85.9308002,20.2017749],[85.9304511,20.2018999],[85.9301309,20.2020003],[85.9301002,20.2020099]]}},{"type":"Feature","properties":{"id":869076750,"highway":"residential"},"geometry":{"type":"LineString","coordinates":[[85.9525407,20.1947447],[85.9522604,20.1942256],[85.952259,20.1942123],[85.9522604,20.1941999],[85.9522651,20.1941867],[85.9522787,20.1941699],[85.9522909,20.1941455],[85.9522941,20.1941312],[85.9522955,20.1941169],[85.952265,20.193974],[85.9522211,20.1938721],[85.952169,20.1937924],[85.9520918,20.1936833],[85.9520675,20.193643],[85.9520531,20.1936047],[85.9519465,20.1933101],[85.951915,20.1931579],[85.9518922,20.1929389],[85.9518761,20.1927715],[85.9518664,20.1926691]]}},{"type":"Feature","properties":{"id":869076751,"highway":"unclassified"},"geometry":{"type":"LineString","coordinates":[[85.9481572,20.1767449],[85.9481961,20.1769941],[85.9482283,20.1775279],[85.9482605,20.1778955],[85.9482712,20.1787868],[85.9482927,20.1789581],[85.9483409,20.1791545],[85.9484214,20.1793559],[85.948526,20.1795702],[85.9485461,20.1795957],[85.9485788,20.1796303],[85.9486735,20.1797235],[85.948837,20.1798984],[85.9489585,20.1800062],[85.9490374,20.1800529],[85.9493321,20.180172],[85.9493727,20.1801925],[85.9494085,20.1802219],[85.9495847,20.1804108],[85.9496668,20.1805306],[85.9497384,20.1806448],[85.9498412,20.1808719],[85.9498503,20.1809312],[85.9498475,20.1809933],[85.9498082,20.1810946],[85.9497973,20.18115],[85.9497901,20.1812035],[85.9497941,20.1815145],[85.9498014,20.1815811],[85.9498001,20.1821501],[85.9497411,20.1824723],[85.9497316,20.1825279],[85.9497341,20.1825617],[85.9506469,20.1853504],[85.9507692,20.1856466],[85.950771,20.1857195],[85.9507549,20.18579],[85.9507184,20.1858446],[85.9505934,20.1859808],[85.9502882,20.186238],[85.9502474,20.1862823],[85.9502229,20.1863287],[85.9502023,20.1863812],[85.9501909,20.1864424],[85.9501914,20.1865999],[85.9501839,20.1866801],[85.9501702,20.1867516],[85.950081,20.1870115],[85.9500535,20.1871225],[85.9500415,20.1872248],[85.9500337,20.1873234],[85.9500415,20.1874161],[85.9500567,20.187505],[85.9500844,20.1875823],[85.9503043,20.1880807],[85.9504867,20.188564],[85.9508676,20.1900542],[85.9509105,20.1903865],[85.9509296,20.1916914],[85.9509212,20.1917409],[85.9509066,20.1917846],[85.9508814,20.1918206],[85.9507993,20.1919379],[85.950707,20.1921295],[85.9506562,20.1922328],[85.9506352,20.192283],[85.9506262,20.1923399],[85.9506537,20.1929462]]}},{"type":"Feature","properties":{"id":869076753,"highway":"unclassified"},"geometry":{"type":"LineString","coordinates":[[85.923152,20.1402258],[85.9231858,20.1404372]]}},{"type":"Feature","properties":{"id":869076755,"highway":"residential"},"geometry":{"type":"LineString","coordinates":[[85.9510334,20.1997338],[85.9507809,20.1997548],[85.9506829,20.199763],[85.9505851,20.1997711],[85.9505314,20.1997667],[85.950508,20.199747],[85.9504924,20.1997009],[85.9504687,20.1996176],[85.950441,20.1995221],[85.9504275,20.1994522],[85.9504009,20.199314],[85.9503719,20.1990898],[85.9503482,20.1988469],[85.9503208,20.1986865],[85.9503054,20.1986171],[85.9502099,20.1984147],[85.9500312,20.1980359],[85.9499634,20.197845],[85.9499634,20.1977207],[85.9500525,20.1973138],[85.9500817,20.197178],[85.9502235,20.1964165],[85.9502292,20.1962768],[85.9502189,20.1962164],[85.9501984,20.1961465],[85.9501481,20.1960623],[85.9500838,20.195978],[85.9499028,20.1958128],[85.949749,20.1956509],[85.9496039,20.1954837],[85.9495551,20.1953891],[85.9493903,20.1946038],[85.9493458,20.1945032],[85.9492853,20.1944082],[85.9492249,20.1943483],[85.9491546,20.1942903],[85.9484279,20.1937852],[85.9482158,20.1936014]]}},{"type":"Feature","properties":{"id":869079651,"highway":"residential"},"geometry":{"type":"LineString","coordinates":[[85.9488017,20.1829261],[85.9491363,20.182717],[85.9492245,20.1826731],[85.9495664,20.1825643],[85.9497316,20.1825279]]}},{"type":"Feature","properties":{"id":869079652,"highway":"residential"},"geometry":{"type":"LineString","coordinates":[[85.9488712,20.1818186],[85.9493807,20.1816068],[85.9495537,20.18156],[85.9496839,20.181534],[85.9497941,20.1815145]]}},{"type":"Feature","properties":{"id":869079653,"highway":"residential"},"geometry":{"type":"LineString","coordinates":[[85.9505234,20.1814909],[85.9502104,20.1815613],[85.9500622,20.181574],[85.9498014,20.1815811]]}},{"type":"Feature","properties":{"id":869079654,"highway":"residential"},"geometry":{"type":"LineString","coordinates":[[85.9519465,20.1933101],[85.9522105,20.193254],[85.952238,20.1932608],[85.9522583,20.1932742],[85.9522786,20.1933045],[85.9524065,20.1936478]]}},{"type":"Feature","properties":{"id":869079655,"highway":"residential"},"geometry":{"type":"LineString","coordinates":[[85.9642937,20.1903409],[85.963711,20.1906239]]}},{"type":"Feature","properties":{"id":869079656,"highway":"residential"},"geometry":{"type":"LineString","coordinates":[[85.9662049,20.1937847],[85.9659953,20.1941117],[85.9657259,20.1945557],[85.9656184,20.194801],[85.9654965,20.1951081],[85.9654083,20.1952766],[85.9653676,20.1953355],[85.965351,20.1953747],[85.9653392,20.1954301],[85.9653073,20.1957342],[85.96531,20.1957772],[85.9653209,20.1958163],[85.9656609,20.1967325]]}},{"type":"Feature","properties":{"id":869080976,"highway":"residential"},"geometry":{"type":"LineString","coordinates":[[85.962767,20.1787419],[85.9623968,20.179005],[85.9622535,20.1790891],[85.9621004,20.1791636],[85.9613455,20.1794788],[85.9608175,20.1797005],[85.9605257,20.1797744],[85.960446,20.1797902]]}},{"type":"Feature","properties":{"id":869080977,"highway":"residential"},"geometry":{"type":"LineString","coordinates":[[85.9628389,20.1803808],[85.9635985,20.1801365],[85.9640998,20.179985],[85.9642858,20.1799206],[85.9643512,20.1798999],[85.964405,20.1798876],[85.9644916,20.1798816],[85.9645991,20.1798696],[85.9646841,20.1798616]]}},{"type":"Feature","properties":{"id":869080978,"highway":"residential"},"geometry":{"type":"LineString","coordinates":[[85.964906,20.1808234],[85.9646236,20.1802759],[85.9643512,20.1798999]]}},{"type":"Feature","properties":{"id":869110987,"highway":"unclassified"},"geometry":{"type":"LineString","coordinates":[[85.9508609,20.1307824],[85.9508039,20.1307378]]}},{"type":"Feature","properties":{"id":869110988,"highway":"unclassified"},"geometry":{"type":"LineString","coordinates":[[85.9508039,20.1307378],[85.9498676,20.1298778],[85.949823,20.1298503],[85.9497949,20.1298372],[85.9497668,20.1298283],[85.9497326,20.1298255],[85.9497072,20.1298295],[85.9490276,20.1300331],[85.9489469,20.1300431],[85.9489032,20.1300428],[85.948864,20.1300382],[85.9487844,20.1300087],[85.9487305,20.1299991],[85.9486894,20.1299964],[85.9485849,20.129999],[85.9484804,20.130014],[85.9479547,20.1301188],[85.9469864,20.1304206],[85.946922,20.1304407],[85.9463681,20.1305641],[85.9463038,20.1305767],[85.9458357,20.1306523],[85.9446368,20.1308508],[85.9445948,20.1308442],[85.9445644,20.1308267],[85.9445427,20.1307997],[85.944476,20.1305381],[85.9444607,20.1305002],[85.9444302,20.1304769],[85.9440847,20.1303755]]}},{"type":"Feature","properties":{"id":869110989,"highway":"unclassified"},"geometry":{"type":"LineString","coordinates":[[85.95959,20.1162818],[85.9601407,20.1158168],[85.9602311,20.1157505],[85.9604326,20.1156356],[85.9605825,20.1155588],[85.9609955,20.1153399],[85.96212,20.1149619],[85.962253,20.1148796],[85.9623574,20.1147808],[85.9629643,20.1140302],[85.9635443,20.1134226]]}},{"type":"Feature","properties":{"id":869110990,"highway":"unclassified"},"geometry":{"type":"LineString","coordinates":[[85.9508609,20.1307824],[85.9509931,20.1308796],[85.9510149,20.130892],[85.9510443,20.1309004],[85.9510903,20.1309056],[85.9511285,20.1309048],[85.9512157,20.1309005],[85.9512768,20.1308905],[85.9513379,20.130877],[85.9514128,20.1308576],[85.9517849,20.1306628],[85.95205,20.1304049],[85.9520871,20.13038],[85.9521143,20.1303673],[85.9521524,20.130358],[85.9522194,20.1303454],[85.9527398,20.1303001],[85.9535799,20.1301059],[85.953633,20.1300878],[85.9536438,20.1300705],[85.95365,20.1300422],[85.9536461,20.1299866],[85.9535075,20.1294772],[85.9530562,20.1276607],[85.9530616,20.1274592],[85.9530348,20.1273182],[85.9530187,20.1272792],[85.9529911,20.1272403],[85.9529642,20.127214],[85.9529272,20.1271973],[85.9528828,20.1271939],[85.9528451,20.1271969],[85.9524894,20.1272099],[85.9523803,20.1272275],[85.9519726,20.1273333],[85.9519378,20.1273391],[85.9519,20.1273416],[85.9518597,20.1273349],[85.9518224,20.1273182],[85.9517989,20.1272922],[85.9517848,20.1272628],[85.9517555,20.1271782],[85.9517403,20.1270958],[85.95164,20.1268296],[85.9513664,20.1262302],[85.9509158,20.1251421],[85.9508861,20.125062],[85.9508705,20.1249687],[85.9508498,20.1247523],[85.9508461,20.1246787],[85.9508568,20.1243966],[85.9514522,20.1209966],[85.9515542,20.1205835],[85.9516132,20.1204274],[85.9520262,20.1198229],[85.9521389,20.1196466],[85.9529972,20.1184327],[85.9531259,20.1181909],[85.9531387,20.1181372],[85.9531351,20.1180743],[85.9529704,20.117793],[85.9514389,20.11563],[85.9514329,20.1156162],[85.9514325,20.1156019],[85.9514454,20.1155854],[85.951467,20.115577],[85.9542739,20.1150578],[85.9543866,20.115078],[85.9544456,20.1151082],[85.9546924,20.1153147],[85.9548855,20.1154003],[85.9552127,20.1154406],[85.9559101,20.1155867],[85.9564197,20.115758],[85.9567254,20.1157916],[85.9570312,20.1157983],[85.9573155,20.1157831],[85.9575247,20.1157378],[85.9578198,20.115622],[85.9581539,20.1154162],[85.9581664,20.1154125],[85.9581826,20.1154102],[85.9581951,20.1154135],[85.9582023,20.1154197],[85.9583622,20.1156014],[85.9584612,20.1157031],[85.9585601,20.1157781],[85.9590268,20.11604],[85.95959,20.1162818],[85.9603518,20.1170273],[85.9604162,20.1170676],[85.9604859,20.1171079],[85.960738,20.1173547],[85.961017,20.1176368],[85.9610974,20.1177073],[85.9611565,20.1177577],[85.9612316,20.1178383],[85.9612691,20.1178836],[85.961371,20.1179693],[85.9620416,20.1186039],[85.962283,20.1188256],[85.9623368,20.1188802],[85.9623906,20.1189409],[85.9624395,20.1190031],[85.9624654,20.1190623],[85.9624833,20.1191611],[85.9624815,20.1192537],[85.9622776,20.1215204],[85.9618538,20.1232482],[85.9617948,20.1236159],[85.96143,20.1247744],[85.9611618,20.125404],[85.9609955,20.1258725],[85.9609687,20.1260488],[85.9609687,20.1263611],[85.9609043,20.1267792],[85.9610116,20.127162],[85.9612798,20.1277312],[85.9613549,20.1281039],[85.9613388,20.128789],[85.9614869,20.1295583],[85.9615159,20.12961]]}},{"type":"Feature","properties":{"id":869110994,"highway":"residential"},"geometry":{"type":"LineString","coordinates":[[85.9581826,20.1154102],[85.9581095,20.1152643],[85.9575945,20.1146498],[85.957396,20.1144433],[85.9570312,20.114]]}},{"type":"Feature","properties":{"id":869110996,"highway":"residential"},"geometry":{"type":"LineString","coordinates":[[85.9646911,20.1297463],[85.9647147,20.1297651],[85.9651154,20.1300835],[85.9651868,20.1301653],[85.9652549,20.1302749],[85.9654265,20.1307686],[85.9654732,20.1308954],[85.9654963,20.1309902],[85.9655285,20.131373],[85.9655177,20.131514],[85.9654943,20.1315885],[85.9654587,20.1316601],[85.96533,20.1318213],[85.9653133,20.1318627],[85.9653192,20.131912],[85.9653461,20.1320026],[85.9653472,20.1320339],[85.9653369,20.1320626],[85.9653231,20.1320933],[85.9653065,20.1321134],[85.9650832,20.1321991],[85.9648686,20.1323351],[85.9647721,20.1324157],[85.9647457,20.1324524],[85.9647345,20.1324963],[85.9649223,20.1332065],[85.9649276,20.1332317],[85.9650242,20.1334987],[85.9652971,20.1342403]]}},{"type":"Feature","properties":{"id":869114575,"highway":"residential"},"geometry":{"type":"LineString","coordinates":[[85.9647147,20.1297651],[85.9647878,20.1295117],[85.9648233,20.1294322],[85.9648843,20.1293114],[85.964985,20.1291501],[85.9651196,20.1289673],[85.9652313,20.1288147],[85.9653185,20.128701],[85.9654818,20.1284905],[85.9656342,20.12826],[85.9657586,20.1280828],[85.9658187,20.127993],[85.9658416,20.1279445],[85.9658763,20.1278229],[85.9659338,20.1276504],[85.9660024,20.1272753],[85.9660456,20.1270226],[85.9660794,20.1267858],[85.9660913,20.1265235],[85.9660909,20.1264067],[85.9660702,20.1262931],[85.9660408,20.1262139],[85.9659858,20.126129],[85.9659007,20.1260043],[85.9658953,20.1259954],[85.9658906,20.1259853],[85.9658877,20.1259746],[85.965888,20.1259627],[85.9658936,20.1259433],[85.9659017,20.1259286],[85.9659429,20.1258633],[85.9663066,20.1255052],[85.9663321,20.1254914],[85.9663556,20.1254886],[85.9663733,20.125496],[85.9669571,20.12616]]}},{"type":"Feature","properties":{"id":869200600,"highway":"residential"},"geometry":{"type":"LineString","coordinates":[[85.9672404,20.1277981],[85.9670544,20.1281186],[85.9670237,20.1281953],[85.9670217,20.1282452],[85.9670523,20.1282836],[85.9671116,20.1283162],[85.9673256,20.1283864],[85.9674038,20.1283926],[85.9678352,20.1283763],[85.9685112,20.1282806],[85.9688227,20.1281683]]}},{"type":"Feature","properties":{"id":869200601,"highway":"residential"},"geometry":{"type":"LineString","coordinates":[[85.9520262,20.1198229],[85.9521764,20.1200093],[85.9523106,20.120382],[85.9523106,20.120508],[85.9521603,20.1212081],[85.9521979,20.1215255],[85.9522751,20.1218563],[85.9522764,20.1218955],[85.9522724,20.1219452],[85.952247,20.1220614],[85.9522391,20.1221205],[85.9522299,20.1222141],[85.9522318,20.1223066],[85.952351,20.1226413]]}},{"type":"Feature","properties":{"id":869200602,"highway":"residential"},"geometry":{"type":"LineString","coordinates":[[85.9508498,20.1247523],[85.9509318,20.124714],[85.9512966,20.1245629],[85.9524124,20.1241498],[85.9524847,20.1241111],[85.9525289,20.1240559],[85.9525447,20.1240071],[85.9525428,20.1239484],[85.9525144,20.1238375],[85.9524124,20.1236159]]}},{"type":"Feature","properties":{"id":869200603,"highway":"residential"},"geometry":{"type":"LineString","coordinates":[[85.9606169,20.1308939],[85.9607151,20.1312548],[85.9607406,20.1313888],[85.9607508,20.1315275],[85.9607457,20.1316328],[85.9607049,20.1317381],[85.9606438,20.1319151],[85.9606107,20.1320969],[85.9606209,20.1321926],[85.9606056,20.1322381],[85.9605546,20.1322812],[85.9605164,20.1323242],[85.9604858,20.1323673],[85.9604809,20.1323998],[85.9604811,20.1324323],[85.9605826,20.1328912]]}},{"type":"Feature","properties":{"id":869200604,"highway":"unclassified"},"geometry":{"type":"LineString","coordinates":[[85.9615159,20.12961],[85.9615613,20.1296755],[85.9619572,20.1300585],[85.9620515,20.1301368],[85.9627282,20.1307535],[85.96277,20.1308356]]}},{"type":"Feature","properties":{"id":869976575,"highway":"unclassified"},"geometry":{"type":"LineString","coordinates":[[85.9445459,20.187303],[85.9441727,20.1873859],[85.9439895,20.1874397],[85.943824,20.1875067],[85.9430206,20.1879209],[85.9421772,20.1880203],[85.9416515,20.1881763],[85.9413993,20.1883374],[85.9410882,20.1884784],[85.9406867,20.1886717]]}},{"type":"Feature","properties":{"id":869976576,"highway":"unclassified"},"geometry":{"type":"LineString","coordinates":[[85.9405264,20.1887587],[85.9403457,20.1888655],[85.9403311,20.188878],[85.9403207,20.188893],[85.9403128,20.1889098],[85.9403104,20.1889265],[85.9403694,20.1895809],[85.9404391,20.1899082],[85.9405893,20.1904267],[85.9406698,20.1908798],[85.940659,20.1913229],[85.9406215,20.1918263],[85.9406376,20.1921233],[85.9407717,20.1925009],[85.9416032,20.1944845],[85.9420488,20.195768]]}},{"type":"Feature","properties":{"id":869976577,"highway":"unclassified"},"geometry":{"type":"LineString","coordinates":[[85.9406867,20.1886717],[85.9405264,20.1887587]]}},{"type":"Feature","properties":{"id":869976579,"highway":"residential"},"geometry":{"type":"LineString","coordinates":[[85.9443649,20.186884],[85.9447413,20.1871392],[85.9451973,20.1874413],[85.9452662,20.187513],[85.9453181,20.187582],[85.9453771,20.1876784]]}},{"type":"Feature","properties":{"id":869980397,"highway":"residential"},"geometry":{"type":"LineString","coordinates":[[85.9458614,20.187727],[85.9453771,20.1876784],[85.9452134,20.1876797],[85.9446398,20.1876967]]}},{"type":"Feature","properties":{"id":869980398,"highway":"residential"},"geometry":{"type":"LineString","coordinates":[[85.9451863,20.1880408],[85.9447146,20.1881411],[85.9446398,20.1881597]]}},{"type":"Feature","properties":{"id":869980399,"highway":"residential"},"geometry":{"type":"LineString","coordinates":[[85.945115,20.1884318],[85.9449092,20.1885793],[85.9447813,20.1886535],[85.9447139,20.1886771],[85.9446534,20.1886953],[85.9445915,20.1887111]]}},{"type":"Feature","properties":{"id":869980400,"highway":"residential"},"geometry":{"type":"LineString","coordinates":[[85.9446533,20.1889136],[85.9446097,20.1889256],[85.94455,20.1889479],[85.9442867,20.1890531],[85.9439614,20.1891462],[85.943939,20.1891481],[85.9439059,20.1891431],[85.9438778,20.1891355],[85.9438574,20.1891271],[85.94384,20.1891159],[85.9438111,20.1890826],[85.9436589,20.1889115],[85.943622,20.1888671],[85.9435901,20.1888181],[85.9434003,20.1884633],[85.9430206,20.1879209]]}},{"type":"Feature","properties":{"id":869980401,"highway":"residential"},"geometry":{"type":"LineString","coordinates":[[85.9426523,20.1887772],[85.9432625,20.1885413],[85.9434003,20.1884633]]}},{"type":"Feature","properties":{"id":869980402,"highway":"residential"},"geometry":{"type":"LineString","coordinates":[[85.9414789,20.185513],[85.9418124,20.185357],[85.9422261,20.1851569],[85.9422784,20.185128],[85.942316,20.1850997],[85.9423669,20.1850273],[85.9423837,20.1849971],[85.9424146,20.1849612],[85.9427203,20.1847862],[85.9427901,20.1847516]]}},{"type":"Feature","properties":{"id":869980404,"highway":"residential"},"geometry":{"type":"LineString","coordinates":[[85.9322975,20.1845487],[85.9321859,20.184261],[85.9320505,20.1839862],[85.9320371,20.1839751],[85.9320195,20.1839656],[85.9320032,20.1839593],[85.9319886,20.1839545],[85.9319291,20.1839499],[85.9318818,20.1839498],[85.9318717,20.183946],[85.9318626,20.1839408],[85.9318475,20.1839287],[85.9318234,20.1839017],[85.9315593,20.1834381],[85.9315503,20.1833986],[85.9315479,20.1833622],[85.9315525,20.1833368],[85.9315652,20.1833113],[85.9315979,20.1832819],[85.9316401,20.1832526],[85.931734,20.1831992],[85.9320653,20.1830814],[85.9324545,20.1829439],[85.9328431,20.1828146],[85.9331979,20.1827378],[85.9332289,20.1827252],[85.9332615,20.1827095],[85.9332964,20.182687],[85.933328,20.1826552],[85.9334139,20.1824908],[85.93343,20.1824695],[85.9334526,20.1824527],[85.9334767,20.1824377],[85.9335138,20.1824234],[85.9336102,20.1824018],[85.9342003,20.1822357],[85.9345222,20.1821752],[85.9348655,20.182135],[85.9351927,20.1821249],[85.9353376,20.18214],[85.9354931,20.1821803],[85.9370434,20.182724],[85.9371831,20.1827446],[85.9373338,20.1827583],[85.9374946,20.1827679],[85.9376663,20.1827648],[85.9381543,20.1826539],[85.9382234,20.1826378],[85.9383114,20.1826342],[85.9383948,20.182649],[85.9384573,20.1826746],[85.9385331,20.1827209],[85.9385937,20.1827743],[85.9386665,20.1828439],[85.9387279,20.1829153],[85.9392951,20.1838107],[85.9393501,20.1838674],[85.9393997,20.1838938],[85.9394521,20.1838787],[85.9395231,20.1838422],[85.9400714,20.1834803],[85.9401822,20.1834176],[85.9408293,20.1830874],[85.941198,20.1828359],[85.9412603,20.1828015],[85.9413312,20.1827728],[85.941366,20.1827695],[85.941405,20.1827717],[85.9414361,20.1827756],[85.9414655,20.182785],[85.9416977,20.1828851]]}},{"type":"Feature","properties":{"id":869980407,"highway":"unclassified"},"geometry":{"type":"LineString","coordinates":[[85.9277796,20.1751288],[85.9275949,20.1751359],[85.9273924,20.1751587],[85.9272548,20.1751838],[85.9270955,20.1752232],[85.9269363,20.1752794],[85.9267859,20.1753476],[85.9266623,20.1754182],[85.9265171,20.1755174],[85.9264305,20.1755832],[85.9263693,20.1756573],[85.9262852,20.1758056],[85.9262062,20.1759216],[85.9260763,20.1760747],[85.9259276,20.1762267],[85.9257192,20.1765207],[85.9255475,20.176702],[85.9254714,20.1768013],[85.925408,20.1769035],[85.9253566,20.1770213],[85.9251646,20.1774582],[85.9251023,20.177538],[85.9250299,20.1775851],[85.9249574,20.1776202],[85.9244635,20.1778015],[85.9238695,20.1779395],[85.923774,20.1779634],[85.9231892,20.1781182],[85.9231111,20.1781458],[85.9227668,20.1782673],[85.9224237,20.1783716],[85.9222633,20.1783955],[85.9220695,20.1784133],[85.9217805,20.1784104],[85.9216423,20.1783969],[85.9214914,20.1783612],[85.9213788,20.17833]]}},{"type":"Feature","properties":{"id":869982862,"highway":"unclassified"},"geometry":{"type":"LineString","coordinates":[[85.9277796,20.1751288],[85.9278421,20.1751264]]}},{"type":"Feature","properties":{"id":869982863,"highway":"unclassified"},"geometry":{"type":"LineString","coordinates":[[85.9278421,20.1751264],[85.9280797,20.1751311],[85.9282924,20.1751418],[85.9284434,20.1751552],[85.9286,20.1751677],[85.9287093,20.1751873],[85.9288099,20.1752149],[85.9288963,20.175247],[85.9289448,20.1752764],[85.9290103,20.1753281],[85.9290768,20.1754039],[85.9291413,20.1754636],[85.9291964,20.1755046],[85.9292895,20.1755528],[85.9294025,20.1755938],[85.9295658,20.1756285],[85.9298668,20.175674],[85.9301356,20.1757283],[85.9302999,20.1757497],[85.9304433,20.1757604],[85.930542,20.1757622],[85.9306645,20.1757426],[85.9307566,20.175715],[85.9308858,20.1756775]]}},{"type":"Feature","properties":{"id":869982864,"highway":"unclassified"},"geometry":{"type":"LineString","coordinates":[[85.9308858,20.1756775],[85.9313482,20.1755028]]}},{"type":"Feature","properties":{"id":869982865,"highway":"unclassified"},"geometry":{"type":"LineString","coordinates":[[85.9313482,20.1755028],[85.931448,20.1754779],[85.9314907,20.1754707],[85.9315363,20.1754743],[85.9315875,20.1754868],[85.931635,20.1755109],[85.9316892,20.1755688],[85.931842,20.1757417],[85.9320605,20.1759788],[85.9322247,20.176158],[85.9322625,20.1761926],[85.932303,20.176223],[85.9323254,20.1762377],[85.9323494,20.1762499],[85.9326721,20.1763651],[85.9327278,20.1763731],[85.9327937,20.1763714],[85.9328675,20.1763621],[85.9329392,20.1763414],[85.9333325,20.1762054],[85.9336052,20.1761131],[85.9338913,20.1760066],[85.9339472,20.1759822],[85.9340286,20.1759357],[85.934077,20.1758975],[85.9341562,20.1758077],[85.9342772,20.1756177],[85.9343663,20.1754742],[85.9344367,20.1754143],[85.9346083,20.1752946],[85.9347953,20.1751562],[85.9349746,20.1750303],[85.9350746,20.1749704],[85.9352028,20.1749148],[85.9352472,20.1749006],[85.9353485,20.1748744],[85.9354959,20.1748186],[85.935629,20.1747639],[85.9356939,20.1747185],[85.9357434,20.1746627],[85.9357687,20.1746028],[85.9358083,20.1745078],[85.935816,20.1744221],[85.9358028,20.1742931],[85.9358061,20.1742435],[85.9358171,20.1742084],[85.9358391,20.1741589],[85.9359051,20.1741093],[85.9360228,20.1740277],[85.9360767,20.1739586],[85.9361152,20.1738243],[85.9361317,20.173781],[85.9361746,20.173717],[85.9362241,20.1736612],[85.9363946,20.1735446],[85.9365189,20.1734423],[85.9366652,20.1732999],[85.9367257,20.1732152],[85.9367873,20.1730996],[85.9368477,20.1729726],[85.9369005,20.1728879],[85.9369654,20.1727981],[85.9370248,20.1727299]]}},{"type":"Feature","properties":{"id":869982866,"highway":"residential"},"geometry":{"type":"LineString","coordinates":[[85.9437683,20.176732],[85.9440027,20.177074],[85.9440983,20.1771948],[85.9441225,20.1772104],[85.9441406,20.1772142],[85.9441581,20.177214],[85.9441798,20.1772092],[85.9442218,20.1772068],[85.9442346,20.1772098],[85.9442461,20.1772151],[85.9443633,20.1773204],[85.9443712,20.1773312],[85.944376,20.1773443],[85.9443778,20.1773552],[85.9443749,20.1773669],[85.9443678,20.1773819],[85.9443582,20.177397],[85.9443244,20.1774268],[85.9437216,20.1777746],[85.9436476,20.177824],[85.9432252,20.1781744],[85.9431951,20.1782055],[85.9431847,20.1782235],[85.9431791,20.1782449],[85.9431764,20.1782705],[85.9431799,20.178295],[85.9432018,20.1783336],[85.9434486,20.1787516],[85.9435405,20.1789362],[85.9435796,20.1790342],[85.9436095,20.1791293],[85.9436187,20.179175],[85.9436126,20.1792235],[85.9435441,20.1794361],[85.9435094,20.1795206],[85.9434733,20.1795894],[85.9434456,20.1796341],[85.9434279,20.179661],[85.943358,20.179767],[85.9433343,20.1798056],[85.9433266,20.1798245],[85.9433215,20.1798453],[85.9433193,20.1798657],[85.9433197,20.1798871],[85.9433219,20.179909],[85.9433305,20.1799299],[85.943529,20.1802319]]}},{"type":"Feature","properties":{"id":869986145,"highway":"unclassified"},"geometry":{"type":"LineString","coordinates":[[85.9293249,20.1911279],[85.9296607,20.1913955]]}},{"type":"Feature","properties":{"id":869986146,"highway":"unclassified"},"geometry":{"type":"LineString","coordinates":[[85.9296607,20.1913955],[85.9297622,20.1914973],[85.9298065,20.1915613],[85.9298331,20.1916158],[85.9299839,20.1920126],[85.930059,20.1921536],[85.9301555,20.1922795],[85.9304506,20.1925362],[85.9305364,20.192657],[85.930633,20.1929088],[85.9306383,20.1930346],[85.9305954,20.1933367],[85.9304345,20.1937999],[85.9304345,20.1939308],[85.9304935,20.194112],[85.9309012,20.1947967],[85.9316308,20.1962063],[85.9318883,20.1967551],[85.9319794,20.1969061],[85.9321618,20.1971276],[85.9322155,20.1971679],[85.9322701,20.1971989],[85.9323389,20.1972283],[85.9326813,20.1973085],[85.9327532,20.1973242],[85.9328158,20.1973461],[85.9328809,20.197375],[85.9329182,20.1973971],[85.9329449,20.1974217],[85.9330609,20.1975783],[85.9332313,20.1978238],[85.9335415,20.1983227],[85.9336315,20.1985282],[85.9337309,20.1988204],[85.9338327,20.199097],[85.9340198,20.1996248],[85.9341425,20.1998989]]}},{"type":"Feature","properties":{"id":869986147,"highway":"residential"},"geometry":{"type":"LineString","coordinates":[[85.9259176,20.1912834],[85.9258801,20.191484],[85.9258691,20.1917423],[85.9257893,20.19204],[85.925772,20.1921734]]}},{"type":"Feature","properties":{"id":869986148,"highway":"residential"},"geometry":{"type":"LineString","coordinates":[[85.9269798,20.1915704],[85.9268709,20.1918899],[85.9268486,20.1919447],[85.9267742,20.192058],[85.9267658,20.1920775],[85.9267615,20.1920969],[85.9267655,20.1921172],[85.9267755,20.1921374],[85.9268059,20.1921702],[85.9268628,20.1922118],[85.9269085,20.1922357],[85.9269582,20.1922577],[85.9270881,20.1922937],[85.9278365,20.1925013]]}},{"type":"Feature","properties":{"id":869986149,"highway":"residential"},"geometry":{"type":"LineString","coordinates":[[85.9278266,20.1917804],[85.9278229,20.1922522]]}},{"type":"Feature","properties":{"id":869989548,"highway":"residential"},"geometry":{"type":"LineString","coordinates":[[85.9270881,20.1922937],[85.9270721,20.1923908]]}},{"type":"Feature","properties":{"id":869989549,"highway":"residential"},"geometry":{"type":"LineString","coordinates":[[85.9270721,20.1923908],[85.9270561,20.1925058]]}},{"type":"Feature","properties":{"id":869989550,"highway":"residential"},"geometry":{"type":"LineString","coordinates":[[85.9270561,20.1925058],[85.9270626,20.1925279],[85.9270731,20.1925499],[85.9270923,20.1925736],[85.9271115,20.1925899],[85.9277507,20.1927219],[85.9280427,20.1927939],[85.9282195,20.1928539],[85.9282994,20.1928986],[85.9283638,20.1929439],[85.9284429,20.1930081]]}},{"type":"Feature","properties":{"id":869989551,"highway":"residential"},"geometry":{"type":"LineString","coordinates":[[85.9429283,20.1890714],[85.9435901,20.1888181]]}},{"type":"Feature","properties":{"id":869993444,"highway":"unclassified"},"geometry":{"type":"LineString","coordinates":[[85.931297,20.1602921],[85.9315503,20.1605975]]}},{"type":"Feature","properties":{"id":869993445,"highway":"unclassified"},"geometry":{"type":"LineString","coordinates":[[85.9315503,20.1605975],[85.9316084,20.1606451],[85.9316844,20.1606832],[85.9318732,20.1607094],[85.9320279,20.1607111],[85.9321571,20.1607272],[85.9322373,20.1607514],[85.9322972,20.1607876],[85.9323819,20.1608639],[85.9324462,20.1609451],[85.9326554,20.1612623],[85.9326554,20.1617105],[85.932709,20.1620731],[85.9328777,20.1627604],[85.9329129,20.162904],[85.9330989,20.1634341],[85.9332133,20.1637601],[85.9332685,20.1639692],[85.9332876,20.1640431],[85.9333194,20.1641147],[85.9335351,20.16445],[85.9337068,20.1647118],[85.9340716,20.1653413],[85.9345061,20.1663334],[85.9346509,20.1667211],[85.9348052,20.167044],[85.9348177,20.167089],[85.9348226,20.167134],[85.9348562,20.1674614],[85.934856,20.1675477],[85.9348601,20.1677534],[85.9348731,20.1678511],[85.9349036,20.1679547],[85.9353108,20.1687505],[85.9353732,20.1689702],[85.9354157,20.1692233],[85.9354827,20.1695791],[85.9355329,20.1697375],[85.9355911,20.169896],[85.9362173,20.1713993],[85.936249,20.1714821],[85.9363029,20.1715649],[85.93636,20.1716227],[85.9364172,20.1716685],[85.9364727,20.1717248],[85.9365124,20.1717871],[85.9368994,20.1725317],[85.9369533,20.1726215],[85.9369918,20.1726804],[85.9370248,20.1727299],[85.9370908,20.1727836],[85.9372822,20.1729148],[85.9374197,20.1730128],[85.9376386,20.1731801],[85.9378212,20.1733236],[85.9380104,20.1734682],[85.9383514,20.1737242],[85.9385527,20.1738708],[85.938766,20.1740432],[85.9388276,20.1741238],[85.9389398,20.1743777],[85.9389893,20.1745285],[85.9390014,20.1746307],[85.9389942,20.1747047],[85.9389872,20.1747341],[85.9389771,20.1747607],[85.9389328,20.1748503],[85.9388888,20.174965],[85.9388794,20.1750362],[85.9388696,20.1750994],[85.9388727,20.1751378],[85.9388843,20.1751785],[85.9389063,20.1752267],[85.9389343,20.1752749],[85.9390113,20.1753926],[85.9392137,20.1756518],[85.9394095,20.1759698],[85.9395217,20.1761412],[85.9395689,20.1762342],[85.9399509,20.1767781],[85.9403085,20.1773278],[85.9405067,20.1776771],[85.9405753,20.1778033],[85.9406134,20.1778852],[85.9406805,20.1780919],[85.94071,20.1782099],[85.9407181,20.1783336],[85.9407679,20.1787077],[85.9407844,20.1787791],[85.9408061,20.1788278],[85.9408327,20.1788697],[85.941055,20.1791405],[85.9413152,20.1794376],[85.9415978,20.1797285],[85.94187,20.1800027],[85.9419949,20.1801736],[85.9420481,20.1802529],[85.9420921,20.1803371],[85.9422093,20.1806297],[85.9424627,20.1813062],[85.9425126,20.1814183],[85.9425528,20.1815243],[85.9425755,20.1815996],[85.9425917,20.1816749],[85.9425948,20.1817595],[85.9425848,20.1818379],[85.9425634,20.1819286],[85.9424883,20.1820695],[85.9417203,20.1828391],[85.9416977,20.1828851],[85.9416847,20.1829244],[85.9416776,20.1829647],[85.9416746,20.1830129],[85.9416891,20.1830545],[85.941866,20.1833483],[85.9421275,20.1837994],[85.9423454,20.1841462],[85.9426589,20.1845835],[85.9427244,20.1846689],[85.9427901,20.1847516],[85.9432983,20.1852563],[85.9435599,20.1855364],[85.9436055,20.1856271],[85.9436269,20.1856925],[85.9436738,20.1858977],[85.943706,20.1859611],[85.9439099,20.1862531],[85.9439313,20.1863085],[85.9443649,20.186884],[85.9443981,20.1869681],[85.9445459,20.187303],[85.9445826,20.187369],[85.9446013,20.1874147],[85.9446154,20.1874583],[85.9446298,20.187537],[85.9446398,20.1876967],[85.9446398,20.1881597],[85.9446179,20.1882994],[85.9445788,20.1884884],[85.9445712,20.1885377],[85.9445697,20.1885841],[85.9445791,20.1886498],[85.9445839,20.1886792],[85.9445915,20.1887111],[85.9445978,20.1887379],[85.9446159,20.1888175],[85.9446271,20.1888573],[85.9446533,20.1889136],[85.944715,20.1890291],[85.9448987,20.189343],[85.9449979,20.189492],[85.9451069,20.1896386],[85.9451312,20.1896639],[85.9451605,20.1896892],[85.9453375,20.1898242],[85.9454401,20.1899221],[85.9455092,20.1900285],[85.9456951,20.1903723],[85.9457956,20.1905378],[85.9459144,20.1907032],[85.9460283,20.1908395],[85.946238,20.1910968],[85.946576,20.1915293],[85.9469891,20.1920378],[85.947429,20.1925311],[85.9474766,20.1925655],[85.9475047,20.192579],[85.9475363,20.1925909],[85.9477924,20.1926415],[85.9478408,20.1926575],[85.9478754,20.19268],[85.94791,20.1927147],[85.9479307,20.1927494],[85.9482431,20.1935937]]}},{"type":"Feature","properties":{"id":869993446,"highway":"unclassified"},"geometry":{"type":"LineString","coordinates":[[85.9294297,20.155776],[85.9294554,20.1558263]]}},{"type":"Feature","properties":{"id":869993447,"highway":"unclassified"},"geometry":{"type":"LineString","coordinates":[[85.9294554,20.1558263],[85.9295655,20.1561057],[85.9297103,20.1566093],[85.9301824,20.1575258],[85.9309548,20.1594897],[85.9312366,20.1601704],[85.931297,20.1602921]]}},{"type":"Feature","properties":{"id":869998065,"highway":"residential"},"geometry":{"type":"LineString","coordinates":[[85.9739052,20.1725271],[85.9740659,20.1725206],[85.9741079,20.1725381],[85.9741523,20.1725819],[85.9741803,20.1728055],[85.9741966,20.1728647],[85.9742247,20.1728997],[85.974283,20.1729677],[85.9743017,20.173005],[85.9743232,20.1731171]]}},{"type":"Feature","properties":{"id":869998066,"highway":"residential"},"geometry":{"type":"LineString","coordinates":[[85.9751363,20.1730237],[85.9749432,20.1730294],[85.9748822,20.1730389],[85.9747379,20.1730752],[85.9746871,20.1730771],[85.9743456,20.1731057],[85.9743232,20.1731171],[85.9743131,20.17314],[85.9742805,20.1732419]]}},{"type":"Feature","properties":{"id":869998068,"highway":"residential"},"geometry":{"type":"LineString","coordinates":[[85.9752329,20.1687026],[85.9752959,20.1687144]]}},{"type":"Feature","properties":{"id":869998069,"highway":"residential"},"geometry":{"type":"LineString","coordinates":[[85.9750562,20.1686698],[85.9752329,20.1687026]]}},{"type":"Feature","properties":{"id":869998070,"highway":"residential"},"geometry":{"type":"LineString","coordinates":[[85.9752941,20.168297],[85.9753676,20.1683178]]}},{"type":"Feature","properties":{"id":869998071,"highway":"residential"},"geometry":{"type":"LineString","coordinates":[[85.9751571,20.1682568],[85.9752941,20.168297]]}},{"type":"Feature","properties":{"id":869998072,"highway":"residential"},"geometry":{"type":"LineString","coordinates":[[85.9755077,20.1678021],[85.9754423,20.1677964]]}},{"type":"Feature","properties":{"id":869998073,"highway":"residential"},"geometry":{"type":"LineString","coordinates":[[85.9754423,20.1677964],[85.9752257,20.1677806]]}},{"type":"Feature","properties":{"id":869998074,"highway":"residential"},"geometry":{"type":"LineString","coordinates":[[85.9757941,20.1678319],[85.9755077,20.1678021]]}},{"type":"Feature","properties":{"id":869998075,"highway":"residential"},"geometry":{"type":"LineString","coordinates":[[85.9748521,20.1666534],[85.9750114,20.1666003],[85.9750751,20.166592],[85.9752272,20.1665886],[85.975452,20.1666158]]}},{"type":"Feature","properties":{"id":869998076,"highway":"residential"},"geometry":{"type":"LineString","coordinates":[[85.9759321,20.1640175],[85.9756451,20.1640401]]}},{"type":"Feature","properties":{"id":869998077,"highway":"residential"},"geometry":{"type":"LineString","coordinates":[[85.9763958,20.1637301],[85.9760816,20.1637937],[85.9760323,20.1638125],[85.976003,20.1638414],[85.9759368,20.1639846],[85.9759321,20.1640175],[85.975926,20.1640612],[85.9759291,20.1642579],[85.9759422,20.1645929]]}},{"type":"Feature","properties":{"id":869998079,"highway":"residential"},"geometry":{"type":"LineString","coordinates":[[85.9743385,20.1575802],[85.9741728,20.1576498],[85.9741098,20.157667],[85.9739268,20.1576956],[85.9737754,20.157689],[85.9737449,20.157689],[85.9737104,20.1577014],[85.9734773,20.1578653]]}},{"type":"Feature","properties":{"id":869998080,"highway":"residential"},"geometry":{"type":"LineString","coordinates":[[85.9761191,20.159581],[85.9761689,20.1595523]]}},{"type":"Feature","properties":{"id":869998081,"highway":"residential"},"geometry":{"type":"LineString","coordinates":[[85.9761689,20.1595523],[85.9764472,20.1594367]]}},{"type":"Feature","properties":{"id":869998082,"highway":"residential"},"geometry":{"type":"LineString","coordinates":[[85.9753186,20.1598172],[85.9754392,20.1597315],[85.975527,20.1596853],[85.9757272,20.1596202],[85.9758228,20.1596115],[85.9759504,20.1596468],[85.975984,20.1596496],[85.9760317,20.1596315],[85.9761191,20.159581]]}},{"type":"Feature","properties":{"id":869998083,"highway":"residential"},"geometry":{"type":"LineString","coordinates":[[85.9749653,20.1602597],[85.9752202,20.1600321],[85.9752998,20.1599789],[85.9754055,20.1599216]]}},{"type":"Feature","properties":{"id":869998084,"highway":"residential"},"geometry":{"type":"LineString","coordinates":[[85.9759448,20.1606191],[85.9761031,20.1605964],[85.9761366,20.160604],[85.9761769,20.1606291],[85.9762852,20.1607774]]}},{"type":"Feature","properties":{"id":869998085,"highway":"residential"},"geometry":{"type":"LineString","coordinates":[[85.9767748,20.1605602],[85.9768221,20.1605358]]}},{"type":"Feature","properties":{"id":869998086,"highway":"residential"},"geometry":{"type":"LineString","coordinates":[[85.9768904,20.1620617],[85.976649,20.1614094],[85.976295,20.1608198],[85.9762859,20.160801],[85.9762852,20.1607774],[85.9763029,20.1607544],[85.9763325,20.1607346],[85.9766387,20.160623],[85.9766916,20.1606021],[85.9767748,20.1605602]]}},{"type":"Feature","properties":{"id":869998087,"highway":"residential"},"geometry":{"type":"LineString","coordinates":[[85.9728367,20.1557643],[85.9727501,20.1558027],[85.9723314,20.1560256]]}},{"type":"Feature","properties":{"id":869998088,"highway":"residential"},"geometry":{"type":"LineString","coordinates":[[85.9852246,20.1581625],[85.9854495,20.1581784],[85.985505,20.1581907],[85.9857329,20.1582724],[85.9857899,20.1582854],[85.9858859,20.1582924]]}},{"type":"Feature","properties":{"id":869998089,"highway":"residential"},"geometry":{"type":"LineString","coordinates":[[85.9890954,20.1578074],[85.989178,20.1577744]]}},{"type":"Feature","properties":{"id":869998090,"highway":"residential"},"geometry":{"type":"LineString","coordinates":[[85.9880305,20.1580909],[85.9883245,20.1580499],[85.9884909,20.1580105],[85.9888288,20.1579152],[85.9888899,20.1578965],[85.9889088,20.1578907],[85.9890954,20.1578074]]}},{"type":"Feature","properties":{"id":869998091,"highway":"residential"},"geometry":{"type":"LineString","coordinates":[[85.991109,20.161592],[85.9905908,20.1619132]]}},{"type":"Feature","properties":{"id":869998092,"highway":"residential"},"geometry":{"type":"LineString","coordinates":[[85.9898585,20.1663388],[85.9901697,20.1661422],[85.9902436,20.166106],[85.9904675,20.1660076]]}},{"type":"Feature","properties":{"id":870033457,"highway":"unclassified"},"geometry":{"type":"LineString","coordinates":[[85.9208979,20.1618589],[85.9209287,20.1606681],[85.9209486,20.1603833]]}},{"type":"Feature","properties":{"id":870033458,"highway":"residential"},"geometry":{"type":"LineString","coordinates":[[85.9293347,20.1530752],[85.9293592,20.1531258],[85.929372,20.153181],[85.9293592,20.1532317],[85.9293308,20.1532952],[85.9292867,20.1533918],[85.9292465,20.1534526],[85.929221,20.1535243],[85.9292102,20.1536099],[85.9291955,20.1537526],[85.9291975,20.1537986],[85.9292259,20.1538713],[85.929621,20.1546861],[85.9296495,20.1547545],[85.9296516,20.1547961],[85.92964,20.1548228],[85.9296147,20.1548575],[85.9295947,20.1548872],[85.9295852,20.1549239],[85.9295883,20.1549684],[85.9296283,20.155153],[85.9296566,20.1552949],[85.9296835,20.1554862],[85.9296827,20.1555211],[85.9296727,20.1555517],[85.9296596,20.155584],[85.9296405,20.1556121],[85.9295225,20.1556826],[85.9294372,20.1557365],[85.9294137,20.1557483]]}},{"type":"Feature","properties":{"id":870033459,"highway":"unclassified"},"geometry":{"type":"LineString","coordinates":[[85.9309548,20.1594897],[85.9300214,20.1597717],[85.9282726,20.1601343],[85.9274519,20.1602753],[85.9259069,20.1606077],[85.9247053,20.1608897],[85.923782,20.1610803],[85.9236806,20.1611012],[85.9235826,20.1611169],[85.9234341,20.1611441],[85.9234142,20.161154],[85.9233984,20.1611746],[85.9233838,20.1612024],[85.9233726,20.1612263],[85.9233664,20.1612538],[85.9233785,20.1614602],[85.9233788,20.1614828],[85.9233689,20.1615055],[85.9233554,20.1615238],[85.9233381,20.1615362],[85.9232568,20.1615645],[85.9223234,20.1618011],[85.9219837,20.1618647],[85.9218153,20.1618779],[85.9216497,20.1618831],[85.9208979,20.1618589],[85.9207089,20.1618528],[85.920301,20.1618364],[85.9189455,20.1616469],[85.9180182,20.1615173],[85.9180009,20.1615184],[85.9179876,20.161522],[85.9179769,20.1615259],[85.9179687,20.1615305],[85.9179477,20.1615477],[85.9179319,20.1615672],[85.9179227,20.1615816],[85.917916,20.1615968],[85.9178225,20.1618272],[85.917816,20.1619226],[85.917836,20.1622562],[85.9178331,20.1623156],[85.9178153,20.1623712],[85.9178051,20.162393],[85.9177909,20.1624135],[85.9177574,20.162454]]}},{"type":"Feature","properties":{"id":870235052,"highway":"residential"},"geometry":{"type":"LineString","coordinates":[[85.9881717,20.1878777],[85.9878799,20.1873245]]}},{"type":"Feature","properties":{"id":870235053,"highway":"residential"},"geometry":{"type":"LineString","coordinates":[[85.9815198,20.1904505],[85.9814037,20.1900367]]}},{"type":"Feature","properties":{"id":870236204,"highway":"residential"},"geometry":{"type":"LineString","coordinates":[[85.9698401,20.1945726],[85.9699823,20.1946179]]}},{"type":"Feature","properties":{"id":870236205,"highway":"residential"},"geometry":{"type":"LineString","coordinates":[[85.9697805,20.1945531],[85.9698401,20.1945726]]}},{"type":"Feature","properties":{"id":870236206,"highway":"residential"},"geometry":{"type":"LineString","coordinates":[[85.9699823,20.1946179],[85.9700239,20.1946299],[85.9700809,20.1946463],[85.9701157,20.1946645],[85.9701325,20.1946897],[85.9701405,20.1947275],[85.9701835,20.1953782]]}},{"type":"Feature","properties":{"id":870236207,"highway":"residential"},"geometry":{"type":"LineString","coordinates":[[85.9678701,20.193713],[85.9698254,20.1943587]]}},{"type":"Feature","properties":{"id":870236208,"highway":"residential"},"geometry":{"type":"LineString","coordinates":[[85.9740196,20.1885579],[85.9740096,20.1884605],[85.9739949,20.18839],[85.9739774,20.188361],[85.9736797,20.1881068],[85.973673,20.1880791],[85.9736757,20.1880426],[85.9737428,20.1879217],[85.9737575,20.1878651],[85.9737615,20.1878173],[85.9737454,20.1877757],[85.9736636,20.1876826]]}},{"type":"Feature","properties":{"id":870236209,"highway":"residential"},"geometry":{"type":"LineString","coordinates":[[85.97155,20.1842928],[85.9710499,20.1845226]]}},{"type":"Feature","properties":{"id":870239383,"highway":"residential"},"geometry":{"type":"LineString","coordinates":[[85.96849,20.1987667],[85.9684997,20.1982371],[85.9685023,20.1980408],[85.9685238,20.1978872],[85.968546,20.1977747],[85.9685902,20.197606],[85.9686157,20.1975179],[85.9686519,20.1974121],[85.9687163,20.1972573],[85.968841,20.1969943],[85.9689577,20.1967627],[85.9691468,20.1963775],[85.9695008,20.1957017],[85.9697677,20.1951516],[85.9700239,20.1946299]]}},{"type":"Feature","properties":{"id":870256710,"highway":"secondary"},"geometry":{"type":"LineString","coordinates":[[85.9693831,20.222565],[85.9694715,20.2223861],[85.9696195,20.2220618],[85.9697035,20.2218116],[85.9697835,20.2215232],[85.9698098,20.2213161],[85.9698253,20.2211305],[85.9698323,20.2209294],[85.9698169,20.2206211],[85.9698089,20.2205274],[85.9697938,20.2203508],[85.969723,20.2200522],[85.9694121,20.2189616],[85.9691474,20.2180444],[85.9690282,20.2176315],[85.96887,20.2170942],[85.9687875,20.2167599],[85.9687709,20.2166451],[85.9687649,20.2165386],[85.9687833,20.2162488],[85.9689574,20.2149606],[85.9690238,20.2144103],[85.9690733,20.2140008],[85.969244,20.2126037],[85.9692769,20.2123103],[85.969322,20.2120512],[85.9693415,20.2119563],[85.9693749,20.2117854],[85.969566,20.2108079],[85.9697474,20.2097954],[85.9698174,20.2092166],[85.9698836,20.2087873],[85.9699335,20.2084637],[85.9699908,20.208153],[85.9700481,20.2078726],[85.9701506,20.2075648],[85.9703416,20.2071891],[85.9704861,20.2069564],[85.9705984,20.2067388],[85.9708286,20.2061761],[85.9716457,20.2037018],[85.9716959,20.2035654],[85.9718004,20.203281],[85.9720084,20.2027468],[85.9720983,20.2023256],[85.9721488,20.2019237],[85.972164,20.2018178],[85.9722212,20.2014184],[85.9723312,20.200623],[85.9723611,20.2004062],[85.9724299,20.200009],[85.9726041,20.1990943],[85.972681,20.1988227],[85.9728015,20.198586],[85.9729256,20.1983883],[85.9729449,20.1983577],[85.9731487,20.1981261],[85.9737535,20.1974461],[85.9750699,20.1961033],[85.9756706,20.1954703],[85.9757891,20.1953438],[85.9758061,20.1953256],[85.9759342,20.1951887],[85.9767077,20.1943406],[85.976826,20.1942274],[85.9772015,20.1938347],[85.9777505,20.1932482],[85.9786938,20.1922331],[85.9787453,20.1921776],[85.9787603,20.1921615],[85.9799079,20.1909265],[85.9803118,20.1905707],[85.9805945,20.1903828],[85.9814037,20.1900367],[85.9816266,20.1899368],[85.9828932,20.1893854],[85.9829271,20.1893712],[85.9870793,20.1876281],[85.9870991,20.1876198],[85.987615,20.1874032],[85.9878799,20.1873245],[85.9881579,20.1872664],[85.9884184,20.1872227],[85.9887096,20.1872204],[85.9892043,20.1872639],[85.9912187,20.1875989],[85.9914923,20.1876468],[85.9958837,20.1883991],[85.9965624,20.1886596],[85.9984485,20.1893835],[85.9985521,20.1894223],[85.9986242,20.1894474],[86.0022297,20.1907756],[86.0030955,20.1910921],[86.0040638,20.1914745],[86.0042113,20.191523],[86.0047153,20.1916961],[86.0049779,20.1917479],[86.0052577,20.1917793],[86.005837,20.1917954],[86.0063732,20.1917412],[86.0066451,20.1916834],[86.0068696,20.1916072],[86.0074606,20.1913334],[86.0079125,20.191028],[86.0083834,20.1906093],[86.0089434,20.1900039],[86.0105185,20.1883011],[86.0116052,20.1871814],[86.0131055,20.1854774],[86.0132383,20.1852285],[86.0133656,20.1849898],[86.013532,20.1845524],[86.0136198,20.183913],[86.0136155,20.1834907],[86.0134603,20.1825184],[86.0133203,20.1815691],[86.0132746,20.1812595],[86.0131527,20.1805647],[86.01253,20.1759956],[86.0121071,20.1731828],[86.0119997,20.1722137],[86.0117268,20.1703179],[86.011464,20.16807],[86.0114206,20.1678504],[86.0111714,20.1661807],[86.0112313,20.1656287],[86.0113821,20.1650907],[86.011768,20.1642758],[86.0120206,20.16369],[86.0121887,20.163321],[86.0136184,20.1602601],[86.0140978,20.1591825],[86.0141082,20.1591517],[86.0141145,20.1591183],[86.0141992,20.1585935],[86.0143051,20.1580013],[86.0143868,20.1575549],[86.0144484,20.1570831],[86.0145447,20.1565281],[86.0146476,20.155967],[86.0146837,20.1557785],[86.0147362,20.1555952],[86.0147896,20.1554837],[86.0148548,20.155368],[86.0149871,20.1551477],[86.0155044,20.1543482],[86.0157315,20.1539972],[86.0159477,20.1537414],[86.0162119,20.1534977],[86.0164368,20.1533949],[86.0165387,20.1533483],[86.0166487,20.1532981],[86.0188154,20.1523936],[86.0190106,20.1522896],[86.0191771,20.1521706],[86.0195789,20.1517999],[86.0197219,20.151612],[86.0198361,20.1514167],[86.0200004,20.1510199],[86.0200776,20.1506575],[86.0200939,20.150271],[86.020054,20.1500102],[86.0199743,20.1497519],[86.0198722,20.149486],[86.0197931,20.149355],[86.019698,20.1492241],[86.0194757,20.1489442],[86.0190306,20.1484324],[86.017972,20.1471218],[86.0179591,20.1471061],[86.0179303,20.147071]]}},{"type":"Feature","properties":{"id":870262795,"highway":"unclassified"},"geometry":{"type":"LineString","coordinates":[[85.9326554,20.1612623],[85.9328836,20.1612364],[85.9332949,20.1612626],[85.9333096,20.1612608],[85.9333157,20.1612574],[85.9333219,20.1612524],[85.9333253,20.1612459],[85.9333271,20.1612391],[85.9333269,20.1612236],[85.9332477,20.1607817],[85.933243,20.1607532],[85.9332466,20.1607262],[85.9332527,20.1607071],[85.9332654,20.1606911],[85.9334707,20.1604263],[85.9338087,20.1600537],[85.9350103,20.1591372],[85.9352303,20.1589861],[85.9358043,20.1587091],[85.9358353,20.1586918],[85.9358601,20.1586581],[85.9358746,20.1586246],[85.9358831,20.1585854],[85.9358901,20.1581502],[85.9359063,20.1579544],[85.9359169,20.1576969],[85.935933,20.1575291],[85.9359545,20.1557884],[85.9359563,20.1555953],[85.9359751,20.155153],[85.9359786,20.1540991],[85.9359999,20.1532848],[85.9360107,20.1530055],[85.9360155,20.1523984],[85.9360192,20.1521873],[85.936029,20.1521001],[85.9360413,20.1520477],[85.9360641,20.1519872],[85.9360947,20.1519178],[85.9361569,20.1518114],[85.9363236,20.1516099],[85.9366498,20.1512357],[85.9371871,20.1506167],[85.9377497,20.149996],[85.9378439,20.149899],[85.9384065,20.1493974],[85.938545,20.1493058],[85.9387217,20.1492101],[85.9389795,20.1491083],[85.9393557,20.1489852],[85.9395297,20.1489373],[85.9396591,20.1489193],[85.9398254,20.1489052]]}},{"type":"Feature","properties":{"id":870262796,"highway":"residential"},"geometry":{"type":"LineString","coordinates":[[85.9333219,20.1612524],[85.9333347,20.1612521],[85.933349,20.1612488],[85.9338068,20.1610782],[85.9338671,20.1610553],[85.9339106,20.1610357],[85.9342915,20.1609198],[85.9346282,20.1608434],[85.9346604,20.1608361],[85.9349492,20.1607436],[85.9349894,20.1607307],[85.9350199,20.1607185],[85.9350547,20.160709],[85.9352401,20.1606889]]}},{"type":"Feature","properties":{"id":870262797,"highway":"residential"},"geometry":{"type":"LineString","coordinates":[[85.9346282,20.1608434],[85.9345695,20.1606449],[85.9345745,20.1606287],[85.9345868,20.1606118],[85.9346056,20.1606002],[85.9348204,20.1605717],[85.9348336,20.1605748],[85.9348475,20.160581],[85.934858,20.160588],[85.934863,20.1605964],[85.9349492,20.1607436]]}},{"type":"Feature","properties":{"id":870262798,"highway":"residential"},"geometry":{"type":"LineString","coordinates":[[85.9348562,20.1674614],[85.9356562,20.167235],[85.9357487,20.1672088],[85.9357623,20.1672052],[85.9358466,20.1671605],[85.9359585,20.1671042],[85.9360278,20.167083],[85.936096,20.1670697],[85.9362979,20.1670537],[85.9367877,20.1670051],[85.9372636,20.166966],[85.9378771,20.1668756],[85.9384704,20.1668271],[85.9386991,20.1668141],[85.9394101,20.1667042]]}},{"type":"Feature","properties":{"id":870262799,"highway":"residential"},"geometry":{"type":"LineString","coordinates":[[85.9360603,20.1676397],[85.93582,20.1672944],[85.9357623,20.1672052]]}},{"type":"Feature","properties":{"id":870262800,"highway":"residential"},"geometry":{"type":"LineString","coordinates":[[85.9394101,20.1667042],[85.9395843,20.1666872]]}},{"type":"Feature","properties":{"id":870262801,"highway":"residential"},"geometry":{"type":"LineString","coordinates":[[85.9395843,20.1666872],[85.9398544,20.1666808],[85.9401387,20.1666758],[85.9412384,20.166419],[85.941689,20.1662578],[85.9418607,20.1662125],[85.9422201,20.1660715],[85.9424186,20.1660018],[85.942536,20.1659483],[85.9427783,20.1658561],[85.9429672,20.1657932],[85.9431698,20.1657259],[85.9432986,20.1656938],[85.9433679,20.1656931],[85.9434212,20.1657009],[85.9434806,20.1657352],[85.9435324,20.165796],[85.9436185,20.1659591],[85.9437046,20.1661443],[85.9438324,20.1666298],[85.9439001,20.1667897],[85.9439988,20.1669761],[85.9441001,20.1671379],[85.9441823,20.1672706],[85.9442198,20.1673113],[85.9442809,20.1673823],[85.9443717,20.1674533],[85.9444375,20.1674928],[85.9444847,20.1675119],[85.9445036,20.1675154],[85.9445225,20.1675152],[85.9447735,20.1674211],[85.946076,20.1669163]]}},{"type":"Feature","properties":{"id":870262803,"highway":"residential"},"geometry":{"type":"LineString","coordinates":[[85.9346509,20.1667211],[85.9345651,20.1667412],[85.9340621,20.1667831],[85.9339869,20.1667778],[85.9339296,20.1667712],[85.9334839,20.1667199],[85.9332436,20.1667162],[85.9330032,20.1667305]]}},{"type":"Feature","properties":{"id":870262804,"highway":"residential"},"geometry":{"type":"LineString","coordinates":[[85.9355516,20.1662812],[85.9355796,20.1664762],[85.9355847,20.1665336],[85.9355809,20.1665754],[85.9355809,20.1666233],[85.9356038,20.1666771],[85.9356611,20.1667811],[85.9356624,20.166811],[85.9356484,20.1668481],[85.9356127,20.1668924],[85.9355847,20.166945],[85.9355643,20.1669797],[85.9355554,20.167012],[85.9355528,20.167055],[85.9356562,20.167235]]}},{"type":"Feature","properties":{"id":870262805,"highway":"residential"},"geometry":{"type":"LineString","coordinates":[[85.9340716,20.1653413],[85.9342451,20.1650387],[85.934447,20.1647672],[85.9344806,20.1646989],[85.9344953,20.1646262],[85.9344971,20.1645523],[85.9344931,20.1644729],[85.9344823,20.1643856],[85.9344758,20.1643375],[85.9344574,20.1642771],[85.9343183,20.1639313]]}},{"type":"Feature","properties":{"id":870262806,"highway":"residential"},"geometry":{"type":"LineString","coordinates":[[85.9332685,20.1639692],[85.9326602,20.1643222],[85.9326432,20.1643274],[85.9326261,20.1643291],[85.9326062,20.1643247],[85.9325927,20.1643161],[85.9325749,20.1642884],[85.9324761,20.1640751],[85.9323817,20.1638261],[85.9323742,20.1637897],[85.932378,20.1637716],[85.932389,20.1637523],[85.9324001,20.1637379],[85.9324185,20.1637246],[85.9325587,20.1636609],[85.9328052,20.1635556],[85.9330989,20.1634341]]}},{"type":"Feature","properties":{"id":870262808,"highway":"residential"},"geometry":{"type":"LineString","coordinates":[[85.9338671,20.1610553],[85.9338999,20.1617306]]}},{"type":"Feature","properties":{"id":870262811,"highway":"residential"},"geometry":{"type":"LineString","coordinates":[[85.938227,20.1751971],[85.9386166,20.1750641],[85.9386623,20.1750447],[85.9386962,20.1750419],[85.9387627,20.1750752],[85.9388843,20.1751785]]}},{"type":"Feature","properties":{"id":870262812,"highway":"residential"},"geometry":{"type":"LineString","coordinates":[[85.9228,20.1736472],[85.9233824,20.1736944],[85.9235117,20.1737089],[85.923634,20.1737311],[85.9238698,20.17379],[85.9239481,20.1738139],[85.9239743,20.1738245],[85.9239966,20.17384],[85.9242089,20.1741158],[85.9244959,20.174608],[85.9246107,20.1748457],[85.9246074,20.1748733],[85.9245993,20.1748916],[85.9245735,20.1749109],[85.9244009,20.1750065]]}},{"type":"Feature","properties":{"id":870269231,"highway":"unclassified"},"geometry":{"type":"LineString","coordinates":[[85.9651745,20.1342656],[85.9651329,20.1342661],[85.9651121,20.1342529],[85.965098,20.1342239],[85.9647667,20.1332512],[85.9646755,20.1329849],[85.964182,20.1318465],[85.9641236,20.1316045],[85.9639955,20.1305813],[85.963993,20.1305749],[85.9639896,20.1305701],[85.9639807,20.130561],[85.9639683,20.1305576],[85.9639573,20.1305577],[85.9639428,20.1305662],[85.9639343,20.1305754],[85.9639079,20.1306039],[85.9638285,20.1306941],[85.963769,20.1307843],[85.9636733,20.1310004],[85.9636531,20.1310292],[85.9636379,20.1310491],[85.963611,20.1310658],[85.9635812,20.1310757],[85.9632443,20.1310926],[85.9632062,20.131091],[85.9631732,20.131083],[85.9631351,20.1310694],[85.9631004,20.1310478],[85.9630388,20.1309821],[85.9629433,20.13085],[85.9629214,20.1308346],[85.9628853,20.1308259],[85.9628606,20.1308228],[85.962835,20.1308231],[85.96277,20.1308356],[85.9623313,20.1310109],[85.9620148,20.1310663],[85.9619582,20.1310667],[85.9619129,20.1310512],[85.9618056,20.1309656],[85.9617036,20.1308497],[85.9616017,20.1307792],[85.9615266,20.130749],[85.961371,20.1307188],[85.9610653,20.130744],[85.9606844,20.1308749],[85.9606169,20.1308939],[85.9593469,20.1312519],[85.9592721,20.1312685],[85.9591921,20.1312752],[85.9585011,20.1312376],[85.9582328,20.1312779],[85.9577071,20.1313988],[85.957278,20.1314592],[85.9572493,20.1314636],[85.9572192,20.1314611],[85.9571906,20.1314517],[85.9571707,20.1314341],[85.9570634,20.1312981],[85.9570419,20.1312853],[85.9570088,20.1312752],[85.9569768,20.1312691],[85.9569522,20.1312725],[85.9566355,20.1313549],[85.9564329,20.1314171],[85.955982,20.1315627],[85.9559155,20.1315695],[85.9558386,20.1315718],[85.9553945,20.1315569],[85.9550732,20.1315191],[85.9544058,20.1313806],[85.9543538,20.1313587],[85.9543241,20.1313406],[85.9542826,20.1312968],[85.9542611,20.131253],[85.9542083,20.1310631],[85.9541483,20.1309047],[85.9538902,20.1303474],[85.9538678,20.1303121],[85.9538068,20.1302501],[85.953758,20.13021],[85.9537296,20.1301709],[85.95365,20.1300422]]}},{"type":"Feature","properties":{"id":870272988,"highway":"residential"},"geometry":{"type":"LineString","coordinates":[[85.9246074,20.1748733],[85.9246577,20.1748557],[85.9246999,20.1748331],[85.9247386,20.174799],[85.9247728,20.174771],[85.9248056,20.1747315],[85.9249041,20.1746131],[85.9249749,20.1745466],[85.925031,20.1745106],[85.9251992,20.1744302],[85.9253055,20.1743984],[85.9253158,20.1743873],[85.9253232,20.1743596],[85.9253084,20.1742931],[85.9252494,20.1741033],[85.9252406,20.174041],[85.9252465,20.1738623],[85.9252397,20.1736811],[85.9252302,20.1734246]]}},{"type":"Feature","properties":{"id":870272989,"highway":"unclassified"},"geometry":{"type":"LineString","coordinates":[[85.9190956,20.2037524],[85.9190511,20.2031406],[85.9190166,20.2028754],[85.9189657,20.202614],[85.9189251,20.2024309],[85.9188722,20.2022592],[85.9188214,20.2020742],[85.9187889,20.2019139],[85.9187706,20.2017174],[85.9187828,20.2012539],[85.9187747,20.2008227],[85.9187564,20.2002848],[85.9187604,20.1998231],[85.9187767,20.1995923],[85.9188011,20.1994702],[85.9188539,20.1993843],[85.9189373,20.1993156],[85.9192706,20.1991039],[85.9194333,20.198978],[85.9195146,20.1988921],[85.9195857,20.1987624],[85.9196101,20.1986537],[85.9196081,20.1985278],[85.9195918,20.1983656],[85.9195654,20.1981239],[85.9195471,20.1977895],[85.9195563,20.1974638],[85.9195499,20.1973765],[85.9195463,20.1973609],[85.9195395,20.1973464],[85.9195318,20.1973366],[85.9195208,20.1973274],[85.9194681,20.1972974],[85.9192408,20.1971463],[85.9191852,20.1971069],[85.9191368,20.1970653],[85.9190959,20.1970209],[85.9190672,20.1969766],[85.9189227,20.196719]]}},{"type":"Feature","properties":{"id":870272990,"highway":"unclassified"},"geometry":{"type":"LineString","coordinates":[[85.9225901,20.168916],[85.9224937,20.1687658]]}},{"type":"Feature","properties":{"id":870272991,"highway":"residential"},"geometry":{"type":"LineString","coordinates":[[85.9254992,20.1698937],[85.9254065,20.1697294],[85.9253539,20.1696663],[85.9252649,20.1695088],[85.9252179,20.1694525],[85.9251613,20.1694001],[85.9251199,20.1693745],[85.9250966,20.1693666],[85.925069,20.1693598],[85.9250375,20.1693606],[85.9248155,20.169394],[85.9247708,20.1694046],[85.9247321,20.1694153],[85.9244101,20.169547],[85.9242304,20.1696139],[85.9239374,20.1697413],[85.923914,20.1697416],[85.9238894,20.1697377],[85.9238696,20.1697291],[85.923851,20.1697162],[85.9237801,20.1696342],[85.9237042,20.1695376],[85.9236174,20.1694493],[85.9234763,20.1692973],[85.9233253,20.1691355],[85.923252,20.1690701],[85.9232378,20.1690608],[85.9232208,20.1690546],[85.9232043,20.1690502],[85.923183,20.1690483],[85.9231218,20.1690466],[85.9230577,20.1690489],[85.9229856,20.1690678],[85.9229074,20.1690994],[85.9228261,20.1691435],[85.9227585,20.1691784]]}},{"type":"Feature","properties":{"id":870272992,"highway":"residential"},"geometry":{"type":"LineString","coordinates":[[85.9350199,20.1607185],[85.9350631,20.1606339],[85.9351619,20.1605189],[85.9352075,20.1604815],[85.9352293,20.1604494],[85.9352227,20.1603406],[85.9352056,20.1601686],[85.9352113,20.1600794],[85.9352293,20.1600464],[85.9352578,20.1600233],[85.9352939,20.160001],[85.935622,20.1599048],[85.9356399,20.1599027],[85.935656,20.1599044],[85.9356709,20.1599083],[85.9356915,20.1599187],[85.9357079,20.1599323],[85.9357285,20.1599672],[85.9357361,20.1599744],[85.935745,20.1599805],[85.9357567,20.1599842],[85.9357696,20.1599849],[85.9357901,20.159983],[85.9358132,20.1599757],[85.9358342,20.1599653],[85.9359909,20.1599199],[85.9360539,20.1598985],[85.9361144,20.159869],[85.9362217,20.1597737],[85.9362466,20.1597469],[85.9362578,20.1597335],[85.9362653,20.1597166],[85.9362696,20.1596931],[85.9362653,20.1596364],[85.9362572,20.1595562],[85.9362602,20.159544],[85.9362674,20.1595349],[85.9362762,20.1595301],[85.9362879,20.1595265],[85.9363152,20.1595194],[85.9363423,20.1595127],[85.9363994,20.1594941],[85.9364412,20.1594857],[85.936501,20.1594757],[85.9366437,20.1594664],[85.9366756,20.1594687],[85.936697,20.1594818],[85.9367068,20.1594964],[85.9367496,20.159684],[85.936798,20.1599339],[85.936842,20.1601105],[85.9368959,20.1602932],[85.9368948,20.1603118],[85.9368849,20.1603304],[85.9365219,20.1604904]]}},{"type":"Feature","properties":{"id":870272993,"highway":"residential"},"geometry":{"type":"LineString","coordinates":[[85.9333194,20.1641147],[85.933398,20.1640704],[85.9334063,20.1640682],[85.9334175,20.1640673],[85.9334283,20.1640672],[85.9334388,20.1640685],[85.9334527,20.1640733],[85.9334797,20.1640905],[85.9335482,20.1641232],[85.933577,20.1641321],[85.9336085,20.1641376],[85.9336565,20.1641366],[85.9337281,20.164127],[85.9338425,20.1640963],[85.93405,20.1640052]]}},{"type":"Feature","properties":{"id":870272994,"highway":"residential"},"geometry":{"type":"LineString","coordinates":[[85.9257058,20.173564],[85.9252397,20.1736811]]}},{"type":"Feature","properties":{"id":870285594,"highway":"unclassified"},"geometry":{"type":"LineString","coordinates":[[85.9189227,20.196719],[85.918733,20.1962214]]}},{"type":"Feature","properties":{"id":870285595,"highway":"unclassified"},"geometry":{"type":"LineString","coordinates":[[85.918733,20.1962214],[85.9187277,20.1961745],[85.9186739,20.1956943],[85.9186867,20.1956395],[85.918717,20.1955748],[85.9187936,20.1954814],[85.9189772,20.1952908],[85.9190151,20.195222],[85.9190429,20.1951534],[85.9190297,20.194847],[85.9190842,20.194374],[85.9191262,20.1939962],[85.919255,20.1935531],[85.9193623,20.1931051],[85.9193872,20.1929459],[85.9194071,20.1927436],[85.9194105,20.1925614],[85.9191248,20.1910923],[85.919094,20.1907238],[85.9191155,20.1905023],[85.9193211,20.1892947],[85.9193366,20.1891248],[85.9193407,20.1889585],[85.9193363,20.18892],[85.9192399,20.1880758],[85.9192067,20.1876528],[85.9193366,20.1866589],[85.9193369,20.1865855],[85.9193358,20.1865121],[85.9192121,20.1859864],[85.9191745,20.185352],[85.9191799,20.1846321],[85.9194803,20.1835597],[85.9195178,20.1831872],[85.9195629,20.1827896],[85.9195696,20.1827563],[85.9195827,20.1827249],[85.9196005,20.1826915],[85.919631,20.1826601],[85.9196647,20.1826347],[85.9197153,20.182625],[85.9203044,20.1826509],[85.9203406,20.182643],[85.9203742,20.1826257],[85.9203961,20.1826112],[85.9204137,20.1825946],[85.920431,20.1825717],[85.9204439,20.1825477],[85.9204742,20.1824144],[85.9205429,20.1819768],[85.9205407,20.1818821],[85.9205563,20.1815823],[85.9205786,20.1814165],[85.920613,20.1809369],[85.9206486,20.1805973],[85.9206805,20.1803916],[85.920697,20.1803151],[85.9207951,20.1799731],[85.9209226,20.1794876],[85.9210079,20.1791181],[85.9211047,20.1786648],[85.9211532,20.1785477],[85.9211965,20.1784867],[85.9212793,20.1784041],[85.9213634,20.1783491],[85.9213788,20.17833],[85.9213952,20.1783097],[85.9214411,20.1782487],[85.9214933,20.1781399],[85.9215379,20.1780047],[85.9216628,20.1775766],[85.9217176,20.1774032],[85.9217851,20.177133],[85.9218526,20.176883],[85.9219609,20.1764824],[85.9220361,20.1761775],[85.9221253,20.1758558],[85.9222323,20.175454],[85.9223164,20.1751347],[85.922417,20.1747675],[85.9225623,20.1742605],[85.9226285,20.1740392],[85.9226986,20.1738443],[85.9227483,20.1737319],[85.9227787,20.173682],[85.9228,20.1736472],[85.9228273,20.1735979],[85.9229674,20.1733767],[85.9231241,20.1731315],[85.9232655,20.1728936],[85.9234439,20.1726341],[85.9236388,20.1723303],[85.923782,20.1721138],[85.9238033,20.1720699],[85.9238681,20.1719265],[85.9238818,20.1718731],[85.9238873,20.1718197],[85.9238897,20.1717411],[85.9238812,20.1716599],[85.923845,20.1714976],[85.9237795,20.1713137],[85.923489,20.1706354],[85.9232554,20.1701466],[85.922998,20.1696356],[85.9227585,20.1691784],[85.9225901,20.168916]]}},{"type":"Feature","properties":{"id":870292764,"highway":"unclassified"},"geometry":{"type":"LineString","coordinates":[[85.9195395,20.1973464],[85.9195629,20.1972818],[85.9195789,20.1972146],[85.919597,20.1971637],[85.9196072,20.197141],[85.9196228,20.1971173],[85.9196406,20.1970978],[85.9196643,20.1970772],[85.9197267,20.1970447],[85.9197861,20.1970219],[85.9198996,20.1969929],[85.9200086,20.1969814],[85.9202132,20.196961],[85.9204406,20.1969379],[85.9205525,20.1969305],[85.9205877,20.1969241],[85.9206335,20.1969138],[85.920729,20.1968818],[85.9207755,20.196852],[85.920784,20.1968278],[85.9207915,20.1967954],[85.920801,20.1967526],[85.9208103,20.1967056],[85.9208316,20.196622],[85.9208685,20.1964955],[85.9208782,20.1964592],[85.92088,20.1964229],[85.9208751,20.1962831],[85.9208483,20.196166],[85.9205277,20.1952974],[85.9205171,20.195261],[85.9205157,20.1952246],[85.9204727,20.1944594],[85.9204674,20.1940214],[85.9204835,20.1938603],[85.9204906,20.1938296],[85.9205016,20.1937977],[85.9205322,20.1937364],[85.9205438,20.1937183],[85.9205617,20.1937002],[85.9205807,20.193687],[85.9206048,20.1936774],[85.9208912,20.1936673],[85.9209211,20.193648],[85.9209358,20.1936208],[85.9209609,20.1934575],[85.9210092,20.1925261],[85.9210077,20.1923029],[85.9210197,20.1921833],[85.9210486,20.1920557],[85.9210875,20.1919262],[85.9211518,20.1917835],[85.9211949,20.1916487],[85.9212238,20.1915192],[85.9212384,20.1911069],[85.921251,20.1910501],[85.9212612,20.1910048],[85.921284,20.190973],[85.9213214,20.1909436],[85.9213555,20.1909305],[85.9213976,20.1909225],[85.9214604,20.1909287],[85.9215207,20.1909464],[85.9219587,20.1910661],[85.9222376,20.1911014],[85.9225005,20.1910611],[85.922994,20.1908647],[85.9231764,20.1908194],[85.9233588,20.1908043],[85.9235305,20.1908245],[85.923782,20.1909006],[85.9239006,20.1909361],[85.9239543,20.1909445],[85.9240079,20.1909462],[85.9240964,20.1909263],[85.9241849,20.1908908],[85.9243351,20.1908203],[85.9243957,20.1908036],[85.92448,20.1908002],[85.9246588,20.1908336],[85.9248179,20.1908707],[85.9259176,20.1912834],[85.9263951,20.1913741],[85.9269798,20.1915704],[85.9275753,20.1917566],[85.9276675,20.1917734],[85.9277598,20.191786],[85.9277888,20.1917848],[85.9278266,20.1917804],[85.9278501,20.1917682],[85.9278784,20.1917512],[85.9279072,20.1917303],[85.9279293,20.1917055],[85.927967,20.1916472],[85.9279937,20.1915847],[85.9280277,20.1913939],[85.9280488,20.1913456],[85.9280688,20.1913179],[85.9280926,20.1913039],[85.9281208,20.191292],[85.9284827,20.1912156],[85.928755,20.1911201],[85.9289452,20.1910665],[85.9290324,20.1910561],[85.9291351,20.1910683],[85.9292377,20.1910898],[85.9293249,20.1911279]]}},{"type":"Feature","properties":{"id":870292765,"highway":"residential"},"geometry":{"type":"LineString","coordinates":[[85.9205407,20.1818821],[85.9213686,20.1818984],[85.9217342,20.1819013]]}},{"type":"Feature","properties":{"id":870292766,"highway":"residential"},"geometry":{"type":"LineString","coordinates":[[85.9217824,20.1816406],[85.9217342,20.1819013],[85.9217394,20.1820052],[85.921766,20.1821164],[85.921782,20.1821977],[85.9217864,20.18222],[85.9218437,20.1824004],[85.9218638,20.1824383],[85.9218948,20.1824694],[85.9219261,20.1824811],[85.921952,20.1824944],[85.9219771,20.1825175],[85.9219949,20.1825423],[85.9220971,20.1828608]]}},{"type":"Feature","properties":{"id":870292767,"highway":"residential"},"geometry":{"type":"LineString","coordinates":[[85.92277,20.1816184],[85.9224358,20.1818776],[85.9221999,20.1820516],[85.9221147,20.182098],[85.9220255,20.1821335],[85.9218545,20.1821786],[85.921782,20.1821977]]}},{"type":"Feature","properties":{"id":870292768,"highway":"residential"},"geometry":{"type":"LineString","coordinates":[[85.9218545,20.1821786],[85.9220941,20.1824612],[85.9224097,20.1827821],[85.9224314,20.1827918],[85.9224667,20.1827973],[85.9225299,20.1828008],[85.9225635,20.1828124],[85.9225811,20.1828389],[85.9225935,20.1828969],[85.9226078,20.1830059],[85.9226235,20.1836958],[85.9226241,20.183795],[85.9226132,20.183887],[85.9224684,20.1847126],[85.9222765,20.1853603],[85.92222,20.1856082],[85.9221787,20.1858454],[85.9221304,20.1863992],[85.9221247,20.1864632],[85.9221282,20.1864982],[85.9221465,20.1865351],[85.9221787,20.1865624],[85.9222689,20.1866058],[85.9222918,20.1866345],[85.9223021,20.186671],[85.9223129,20.1870698],[85.9223611,20.187839],[85.9223987,20.187984],[85.9225542,20.1884029]]}},{"type":"Feature","properties":{"id":870292769,"highway":"residential"},"geometry":{"type":"LineString","coordinates":[[85.9238243,20.1880262],[85.9235037,20.188121],[85.9230636,20.1882521],[85.92295,20.1882889],[85.9225542,20.1884029],[85.9220976,20.1885742],[85.9218839,20.1886128],[85.9216871,20.1886416],[85.9216359,20.1886529],[85.9215912,20.1886684],[85.9215596,20.1886864],[85.921539,20.1887044],[85.9215012,20.188753],[85.9214564,20.1887817],[85.9214175,20.1888008],[85.9213707,20.1888171],[85.9213239,20.1888266],[85.920943,20.1888749],[85.9202187,20.188887],[85.9193363,20.18892]]}},{"type":"Feature","properties":{"id":870292770,"highway":"residential"},"geometry":{"type":"LineString","coordinates":[[85.9215596,20.1886864],[85.9214415,20.1883108],[85.9214268,20.1882744],[85.9214153,20.188255],[85.9213549,20.1881771],[85.9212926,20.1880975],[85.9212557,20.1880098],[85.9212358,20.1879227],[85.9212347,20.1878828],[85.9212392,20.1878429],[85.92125,20.1878227],[85.9212621,20.1878132],[85.9212808,20.1878072],[85.9214394,20.1877783],[85.9214938,20.1877605],[85.9215175,20.1877272],[85.9215388,20.1875805],[85.9214749,20.1870627]]}},{"type":"Feature","properties":{"id":870292772,"highway":"residential"},"geometry":{"type":"LineString","coordinates":[[85.9231111,20.1781458],[85.9231073,20.1778696],[85.923131,20.1777074],[85.9231689,20.1776207],[85.9231945,20.1775905],[85.9232352,20.1775696],[85.9235974,20.177474],[85.9238578,20.1774207],[85.9238966,20.1774112],[85.9239312,20.1773918],[85.9239573,20.1773585],[85.9239746,20.1773159],[85.9239904,20.177294],[85.924097,20.1772429],[85.924471,20.1770696],[85.9246912,20.1769251]]}},{"type":"Feature","properties":{"id":870293286,"highway":"residential"},"geometry":{"type":"LineString","coordinates":[[85.9237466,20.1766693],[85.9238597,20.1770026],[85.9239746,20.1773159]]}},{"type":"Feature","properties":{"id":870299059,"highway":"residential"},"geometry":{"type":"LineString","coordinates":[[85.9616375,20.1778425],[85.961643,20.1778364],[85.9616477,20.1778323],[85.9616587,20.1778279]]}},{"type":"Feature","properties":{"id":870299060,"highway":"residential"},"geometry":{"type":"LineString","coordinates":[[85.951036,20.1678178],[85.9510739,20.1678229],[85.9524608,20.1674425],[85.9529489,20.1672801]]}},{"type":"Feature","properties":{"id":870299062,"highway":"residential"},"geometry":{"type":"LineString","coordinates":[[85.9648957,20.168813],[85.9649437,20.1688563],[85.9652388,20.1691736],[85.965539,20.1695852],[85.9656055,20.1696648],[85.9656719,20.1697352],[85.9658183,20.1698276],[85.9658417,20.1698461],[85.9658558,20.1698657],[85.9658575,20.1698873],[85.965858,20.1699176],[85.9658417,20.1700553],[85.965786,20.1703469],[85.9657818,20.170494],[85.9657893,20.1705685],[85.9658009,20.1706351],[85.9658664,20.1709194],[85.9658569,20.1709529],[85.9658372,20.1709822],[85.9658089,20.1710079],[85.9657777,20.1710349],[85.965758,20.1710594],[85.9657427,20.1710949],[85.9657166,20.1711685],[85.9656219,20.1715971],[85.965611,20.1716905],[85.965615,20.1717746],[85.9656398,20.1719549]]}},{"type":"Feature","properties":{"id":870299063,"highway":"residential"},"geometry":{"type":"LineString","coordinates":[[85.9495384,20.175009],[85.9499321,20.1747746],[85.9499652,20.1747519]]}},{"type":"Feature","properties":{"id":870301453,"highway":"residential"},"geometry":{"type":"LineString","coordinates":[[85.9737535,20.1974461],[85.9739769,20.1975575],[85.9741149,20.1975973],[85.9742671,20.1976206],[85.9744299,20.197604],[85.9746564,20.1975442],[85.9747626,20.1975243],[85.9748617,20.197511],[85.9749926,20.1975309],[85.9751448,20.1976206],[85.9753218,20.1976771],[85.9755129,20.197687],[85.9757004,20.1976855]]}},{"type":"Feature","properties":{"id":870301454,"highway":"residential"},"geometry":{"type":"LineString","coordinates":[[85.9751979,20.1984277],[85.9749962,20.1984244],[85.9747449,20.1984078],[85.9745502,20.1983846],[85.9744547,20.1983447],[85.9743733,20.1982683],[85.9742459,20.1980723],[85.9740583,20.1978033],[85.9740017,20.1976605],[85.9739769,20.1975575]]}},{"type":"Feature","properties":{"id":870301455,"highway":"residential"},"geometry":{"type":"LineString","coordinates":[[85.976527,20.1980878],[85.9762158,20.1981835],[85.9761568,20.1982011],[85.9760951,20.1982011],[85.9759878,20.1981759],[85.9758124,20.1980719]]}},{"type":"Feature","properties":{"id":870301456,"highway":"residential"},"geometry":{"type":"LineString","coordinates":[[85.9753969,20.1995122],[85.9753092,20.1993184],[85.9752909,20.1992955],[85.9752564,20.1992784],[85.9752157,20.1992822],[85.9750503,20.1993252],[85.9748223,20.1993906],[85.974589,20.1994686],[85.9744978,20.1994737],[85.9744656,20.1994535],[85.9744388,20.1994133],[85.974412,20.1993528],[85.9743744,20.1993025],[85.9743208,20.1992572],[85.974133,20.1991867],[85.9734035,20.1990105],[85.972681,20.1988227]]}},{"type":"Feature","properties":{"id":870301483,"highway":"residential"},"geometry":{"type":"LineString","coordinates":[[85.9682438,20.1987311],[85.9683098,20.1987347]]}},{"type":"Feature","properties":{"id":870301547,"highway":"residential"},"geometry":{"type":"LineString","coordinates":[[85.9022586,20.1964633],[85.9025046,20.1970833],[85.9025236,20.1971001],[85.9025449,20.1971126],[85.9025921,20.1971298],[85.9026461,20.1971363],[85.9030415,20.1971165],[85.9031192,20.1971126],[85.9032169,20.197094],[85.9034609,20.1970229],[85.9039756,20.1968589],[85.9041997,20.1967805],[85.9042453,20.1967484],[85.9042814,20.1966949],[85.904346,20.1965951],[85.9043972,20.1965487],[85.9044694,20.1964988],[85.9045359,20.1964685],[85.9046688,20.1964329],[85.9050753,20.196301],[85.9053412,20.1961869],[85.9054133,20.1961299],[85.9055102,20.1960176],[85.9057001,20.1957912],[85.9058748,20.1956361],[85.9060773,20.1954952],[85.9061444,20.1954864],[85.9061766,20.1955015],[85.9061846,20.1955405],[85.9061377,20.1956803],[85.9061149,20.1957495],[85.9061055,20.1958112],[85.9061149,20.1958703],[85.9061578,20.195971],[85.9062208,20.1961346],[85.9062316,20.1962542],[85.9062839,20.1965361],[85.9062999,20.1966054],[85.9063321,20.1966431],[85.9063737,20.1966658],[85.9064072,20.1966746],[85.9066084,20.1966444]]}},{"type":"Feature","properties":{"id":870301549,"highway":"residential"},"geometry":{"type":"LineString","coordinates":[[85.9025921,20.1971298],[85.9025634,20.1971587],[85.9025548,20.1971817],[85.9025597,20.1972207],[85.9027894,20.1979922]]}},{"type":"Feature","properties":{"id":870301550,"highway":"residential"},"geometry":{"type":"LineString","coordinates":[[85.9065321,20.18446],[85.9054417,20.1849543],[85.9046472,20.185166]]}},{"type":"Feature","properties":{"id":870301551,"highway":"residential"},"geometry":{"type":"LineString","coordinates":[[85.9044975,20.184919],[85.9047711,20.1847579],[85.9048891,20.1846321],[85.9051034,20.1844516],[85.9052959,20.1843153],[85.9055189,20.1841897],[85.9061015,20.1839172]]}},{"type":"Feature","properties":{"id":870301552,"highway":"residential"},"geometry":{"type":"LineString","coordinates":[[85.9031109,20.1879931],[85.9029817,20.1878038],[85.902894,20.187657],[85.9028606,20.187564],[85.9028442,20.1874703],[85.9028392,20.1873793],[85.9028292,20.1871946],[85.9028133,20.1871031],[85.9027755,20.1870033],[85.9024962,20.1864617],[85.9024507,20.186255],[85.9024215,20.1860971],[85.9024158,20.1860608],[85.9024215,20.1860266],[85.9024345,20.1859964],[85.9025505,20.1858096],[85.9025931,20.1857447],[85.9026379,20.1857198],[85.9027063,20.1856994],[85.9032176,20.1856101],[85.9033663,20.1855841],[85.9036956,20.1855051]]}},{"type":"Feature","properties":{"id":870301553,"highway":"residential"},"geometry":{"type":"LineString","coordinates":[[85.9023522,20.1842284],[85.9024669,20.1844057],[85.9025571,20.1845296],[85.9027052,20.1847237],[85.9027828,20.1848595],[85.9028463,20.1850119],[85.9029293,20.1852736],[85.9029452,20.1852968],[85.9029716,20.1853133],[85.9030281,20.18532],[85.9030952,20.1853249],[85.9031322,20.1853531],[85.9031728,20.1854425],[85.9032176,20.1856101]]}},{"type":"Feature","properties":{"id":870301554,"highway":"residential"},"geometry":{"type":"LineString","coordinates":[[85.9043348,20.1860653],[85.904649,20.186041],[85.9046901,20.1860539],[85.9047282,20.1860796],[85.9047693,20.1861197],[85.9048151,20.1862841],[85.9049948,20.1869019],[85.9050725,20.1871921]]}},{"type":"Feature","properties":{"id":870301555,"highway":"residential"},"geometry":{"type":"LineString","coordinates":[[85.9037806,20.1875614],[85.903551,20.1876907],[85.9034084,20.1878],[85.9033559,20.1878431],[85.9033247,20.1878646],[85.9032936,20.1878708],[85.9032261,20.1878483]]}},{"type":"Feature","properties":{"id":870301556,"highway":"residential"},"geometry":{"type":"LineString","coordinates":[[85.9025088,20.1892546],[85.9013241,20.189672],[85.9011436,20.189736],[85.9009556,20.1897936],[85.9008575,20.1898137],[85.9007267,20.1898205],[85.9005304,20.189832]]}},{"type":"Feature","properties":{"id":870301557,"highway":"unclassified"},"geometry":{"type":"LineString","coordinates":[[85.9080834,20.1689466],[85.9080864,20.1690464],[85.9080628,20.1692805],[85.9080569,20.1693497],[85.908066,20.1693788],[85.9080893,20.1694079],[85.9082015,20.1694813],[85.9083033,20.1695506],[85.908336,20.1695817],[85.9083579,20.1696157],[85.9083862,20.1696697],[85.9084022,20.1697237],[85.9084179,20.1698024],[85.9084214,20.169883],[85.9084057,20.1699708],[85.908386,20.1700451],[85.9082315,20.170432],[85.9081336,20.1707793],[85.90811,20.1708527],[85.9080939,20.1708746],[85.9080687,20.1708908],[85.9080274,20.1709109],[85.9077242,20.1709761],[85.9076912,20.1709777],[85.9076029,20.1709786],[85.9075891,20.170983],[85.9075804,20.1709922],[85.9075747,20.1710018],[85.9075724,20.1710123],[85.9075345,20.1713361],[85.9075035,20.1715453],[85.9074932,20.1716534],[85.9074976,20.1717628],[85.9075271,20.1718653],[85.9075714,20.1719955],[85.9076544,20.1723554],[85.9076863,20.1729335],[85.9077225,20.1731988],[85.9077567,20.1734535],[85.9078191,20.1739135],[85.9078267,20.174236],[85.9078465,20.174502],[85.9078405,20.1745935],[85.907813,20.1746715],[85.9077909,20.1747258],[85.9077589,20.1747673],[85.9077087,20.174793],[85.9075975,20.1748352],[85.9075251,20.1748645],[85.907455,20.1749046],[85.9074207,20.174941],[85.9074078,20.1749732],[85.9074078,20.1750054],[85.9074436,20.1752385],[85.9074443,20.1754673],[85.9074382,20.175498],[85.9074276,20.1755102],[85.9074085,20.1755216],[85.9072806,20.1755567],[85.9071701,20.1755867],[85.9069819,20.1756382],[85.9068593,20.1756668],[85.9068052,20.1756768],[85.906774,20.1756936],[85.9067534,20.1757132],[85.9067024,20.1757948],[85.9066323,20.1758934],[85.9065599,20.175995],[85.9065142,20.1760622],[85.9064693,20.1761315],[85.9064611,20.1761543],[85.9064571,20.1761837],[85.9064557,20.1762342],[85.906486,20.1764287],[85.9064829,20.1764572],[85.9064716,20.1764857],[85.9064555,20.1765102],[85.9064394,20.1765308],[85.9063956,20.1765587],[85.9063482,20.1765762],[85.906048,20.1766308],[85.9058979,20.1766426],[85.9057441,20.1766474],[85.9056709,20.1766406],[85.905605,20.1766235],[85.9049159,20.1763596],[85.9045737,20.1762379],[85.9042784,20.176107],[85.9038735,20.175927],[85.9035688,20.175759],[85.9033728,20.175623],[85.9031981,20.175531],[85.903002,20.175471],[85.9028943,20.1754425],[85.9027676,20.175409],[85.9024757,20.175351],[85.9023138,20.175313],[85.902154,20.175269],[85.9019664,20.175223],[85.9019035,20.1752181],[85.9017619,20.175231],[85.9016809,20.175249],[85.9016331,20.175273],[85.9015929,20.1753097],[85.9015389,20.1753786],[85.9014231,20.175499],[85.9013229,20.175617],[85.9012441,20.175719],[85.9011929,20.175811],[85.9011652,20.175917],[85.9011482,20.176045],[85.9011461,20.176197],[85.9011461,20.176394],[85.901161,20.176449],[85.9011823,20.176515],[85.9011957,20.176569],[85.9011953,20.1766394],[85.9011759,20.176789],[85.901112,20.1772191],[85.9010331,20.1776511],[85.9009287,20.1782051],[85.9008989,20.1784091],[85.9008733,20.1784771],[85.9008371,20.1785111],[85.900771,20.1785411],[85.9007115,20.17856],[85.9006361,20.1785844],[85.9005689,20.1786359],[85.9004674,20.1787363],[85.9004016,20.178829],[85.9003664,20.1788699],[85.9003276,20.1789152],[85.9002563,20.1789873],[85.9002277,20.1790211],[85.9002122,20.1790478],[85.9002028,20.1790735],[85.9001965,20.1791077],[85.9001973,20.1791391],[85.9002022,20.1791932],[85.9002178,20.1792597],[85.900242,20.1793263],[85.9003797,20.1796527],[85.9005003,20.1800053],[85.9006182,20.1802678],[85.9006545,20.1803504],[85.9007005,20.1804815],[85.9007773,20.1807041],[85.9008605,20.1809861],[85.9009734,20.1813502],[85.901094,20.1816501],[85.901164,20.1818354],[85.9012394,20.1819834]]}},{"type":"Feature","properties":{"id":870309154,"highway":"residential"},"geometry":{"type":"LineString","coordinates":[[85.9049213,20.1801162],[85.9043795,20.1802823],[85.903843,20.1804182],[85.9036606,20.1804535],[85.9032932,20.1805011],[85.9032356,20.1805104],[85.9028372,20.1806192],[85.902518,20.1807084],[85.9023586,20.1807685],[85.9022015,20.1808175],[85.9019461,20.1808678],[85.9019093,20.1808686],[85.9018743,20.1808611],[85.9018488,20.1808419],[85.9018321,20.1808227],[85.9018083,20.1807618],[85.9017938,20.1806297],[85.9017749,20.1801994],[85.9017615,20.1801645],[85.9017301,20.1801359],[85.9016939,20.1801189],[85.9016597,20.1801162],[85.9014359,20.1800905],[85.9013899,20.1800852],[85.9013273,20.1800902],[85.9012532,20.1801089],[85.9010706,20.1801834],[85.9007863,20.1802967],[85.9006545,20.1803504]]}},{"type":"Feature","properties":{"id":870309155,"highway":"residential"},"geometry":{"type":"LineString","coordinates":[[85.9014946,20.1804115],[85.9014359,20.1800905]]}},{"type":"Feature","properties":{"id":870309156,"highway":"residential"},"geometry":{"type":"LineString","coordinates":[[85.9049159,20.1763596],[85.9047566,20.176759],[85.9047537,20.1767721],[85.9047548,20.1767871],[85.9047654,20.1767983],[85.904779,20.1768086],[85.904824,20.1768254],[85.9049459,20.1768708],[85.9051587,20.176915],[85.9053332,20.1769712],[85.9055243,20.177031],[85.9055383,20.1770403],[85.905547,20.177052],[85.9055548,20.1770648],[85.90556,20.1770776],[85.9056046,20.1773144],[85.9056352,20.1774926]]}},{"type":"Feature","properties":{"id":870309157,"highway":"residential"},"geometry":{"type":"LineString","coordinates":[[85.9048461,20.1771755],[85.904829,20.1770302],[85.904824,20.1768254]]}},{"type":"Feature","properties":{"id":870309158,"highway":"residential"},"geometry":{"type":"LineString","coordinates":[[85.9072726,20.1773105],[85.9072201,20.1773189],[85.9070655,20.1773367],[85.9068944,20.1773648],[85.9068018,20.1773922],[85.9067229,20.1774274],[85.9065843,20.1774977]]}},{"type":"Feature","properties":{"id":870309159,"highway":"residential"},"geometry":{"type":"LineString","coordinates":[[85.9074382,20.175498],[85.9074983,20.1756382],[85.9075627,20.1757889],[85.9075909,20.1759024],[85.907613,20.1760191],[85.9076297,20.1761558],[85.9076421,20.1762363],[85.9076609,20.176417],[85.9076563,20.1764382],[85.907643,20.1764574],[85.9075283,20.1765722],[85.9074996,20.1766058],[85.9074797,20.1766395],[85.9072726,20.1773105],[85.9072915,20.1775381],[85.9073326,20.1778264]]}},{"type":"Feature","properties":{"id":870309162,"highway":"residential"},"geometry":{"type":"LineString","coordinates":[[85.9011953,20.1766394],[85.9015402,20.1768142],[85.9016006,20.1768442],[85.9016515,20.176857],[85.901706,20.1768559],[85.9017416,20.1768628],[85.9017833,20.1768763],[85.9018558,20.1769055],[85.9018912,20.1769242],[85.9019232,20.1769475],[85.9019448,20.1769763],[85.9019596,20.1770052],[85.9019718,20.1770454],[85.901972,20.1770807],[85.9019415,20.1771747],[85.9019302,20.1772352],[85.9019331,20.1774015],[85.9019401,20.1775562],[85.9019494,20.1781826],[85.9019655,20.1786207],[85.9019805,20.1788217],[85.9020152,20.1789921],[85.9020192,20.1790116],[85.9021244,20.1794285]]}},{"type":"Feature","properties":{"id":870309163,"highway":"residential"},"geometry":{"type":"LineString","coordinates":[[85.9014474,20.1792012],[85.9020152,20.1789921]]}},{"type":"Feature","properties":{"id":870313882,"highway":"unclassified"},"geometry":{"type":"LineString","coordinates":[[85.9012394,20.1819834],[85.9012764,20.1820503]]}},{"type":"Feature","properties":{"id":870313883,"highway":"unclassified"},"geometry":{"type":"LineString","coordinates":[[85.8914016,20.2007844],[85.8914201,20.2005591],[85.8914575,20.2004845],[85.8915696,20.2003969],[85.8922654,20.2000901],[85.8924032,20.1999849],[85.8924674,20.1999214],[85.8925199,20.1998315],[85.8925269,20.1997482],[85.8924989,20.1995379],[85.8924491,20.1994319],[85.8921366,20.1989427],[85.891677,20.1983063],[85.8916536,20.1982099],[85.8916536,20.198131],[85.8917377,20.1980258],[85.8925816,20.1973805],[85.8928935,20.1972112],[85.8930095,20.197135],[85.8931196,20.1970421],[85.8933154,20.1968495],[85.8935228,20.1966323],[85.8936842,20.196477],[85.8938427,20.1963619],[85.8945975,20.195903],[85.8947075,20.1958137],[85.8948268,20.1957042],[85.8951326,20.195382],[85.8964374,20.1942594],[85.8965182,20.1941978],[85.896548,20.1941822],[85.8966062,20.1941517],[85.8966887,20.1941133],[85.8967811,20.194078],[85.8969204,20.1940386],[85.8969659,20.1940258],[85.8979422,20.1937445],[85.8983453,20.1936653],[85.8983689,20.1936582],[85.8983889,20.1936441],[85.8983998,20.1936264],[85.898401,20.1936066],[85.8983888,20.1933792],[85.8983932,20.1933256],[85.8984028,20.1932701],[85.8984229,20.1932122],[85.8985594,20.1929207],[85.8987429,20.1925398],[85.8988874,20.192232],[85.8991075,20.1918187],[85.8992062,20.1916272],[85.899369,20.1914012],[85.8997221,20.1909341],[85.8999698,20.1906199],[85.9001992,20.1903293],[85.9003482,20.1901076],[85.9005304,20.189832],[85.900667,20.1896298],[85.9008688,20.1893134],[85.9010546,20.1891132],[85.9013241,20.188869],[85.9013754,20.1888208],[85.9017563,20.1884935],[85.9019119,20.1883928],[85.902004,20.1883587],[85.9020714,20.1883447],[85.9021211,20.1883375],[85.9022456,20.1883419],[85.9023201,20.1883409],[85.9023839,20.1883384],[85.9024764,20.1883235],[85.9026022,20.1882813],[85.9027482,20.1882269],[85.9028813,20.1881551],[85.9030004,20.1880861],[85.9031109,20.1879931],[85.9032261,20.1878483],[85.9033656,20.1876729],[85.9036385,20.1873039],[85.9036881,20.1872539],[85.9037373,20.1872246],[85.9037897,20.1872062],[85.9038586,20.1871861],[85.9039586,20.1871554],[85.9040472,20.18712],[85.9041086,20.1870676],[85.9041455,20.1870153],[85.904196,20.1869146],[85.9042482,20.1867706],[85.9042915,20.1866224],[85.9043282,20.1864495],[85.9043473,20.1862683],[85.9043348,20.1860653],[85.9043312,20.1860065],[85.9042854,20.1858307],[85.9042722,20.1857799],[85.9042609,20.1856782],[85.9042581,20.185653],[85.9042617,20.1856249],[85.9042745,20.1856003],[85.9042937,20.1855772],[85.9043661,20.1855183],[85.9044863,20.1854311],[85.9045726,20.185347],[85.9046,20.1853048],[85.9046227,20.1852614],[85.9046356,20.1852169],[85.9046472,20.185166],[85.9046336,20.1851308],[85.9044975,20.184919],[85.9040852,20.1844597],[85.9037586,20.184044],[85.9034486,20.1836335],[85.9034042,20.1835852],[85.9032507,20.1834182],[85.9030253,20.1832259],[85.9029381,20.1831627],[85.902691,20.1830315],[85.9025705,20.1829802],[85.9024623,20.182926],[85.9020001,20.18257],[85.901739,20.1824249],[85.90159,20.1823375],[85.9014411,20.1822394],[85.9013736,20.1821802],[85.9013199,20.1821132],[85.9012764,20.1820503]]}},{"type":"Feature","properties":{"id":870313884,"highway":"unclassified"},"geometry":{"type":"LineString","coordinates":[[85.9105378,20.1660011],[85.9105709,20.1659018],[85.9105932,20.1658701],[85.910618,20.1658468],[85.9106384,20.1658336],[85.9106664,20.1658217],[85.9106983,20.1658157],[85.9107301,20.1658169],[85.9108945,20.1658408],[85.9111277,20.1659102],[85.9113493,20.165952],[85.9114555,20.165954],[85.9115468,20.1659389],[85.9115749,20.1659318],[85.9115991,20.1659174],[85.9116398,20.1658791],[85.911661,20.1658513],[85.9116742,20.1658217],[85.9116843,20.1657561],[85.9116844,20.1656794],[85.9116653,20.16561],[85.9116373,20.1655371],[85.9116194,20.1654904],[85.9116118,20.165439],[85.9116296,20.1652572],[85.9116407,20.1650541],[85.9116526,20.164835],[85.9116643,20.1645995],[85.9116821,20.1645672],[85.9117089,20.1645493],[85.9117586,20.1645409],[85.9121051,20.1645624],[85.9124771,20.1646103],[85.912774,20.1646677],[85.9129702,20.1646904],[85.9131728,20.1647024],[85.9133677,20.1647167],[85.9135588,20.164755],[85.9138238,20.1648483],[85.914085,20.1649451],[85.9145105,20.1651293],[85.914564,20.1651556],[85.9145972,20.1651879],[85.9146354,20.1652573],[85.9147067,20.1653876],[85.9147526,20.1654666],[85.9147883,20.165499],[85.9148227,20.1655197],[85.9148641,20.1655304],[85.9149109,20.1655354],[85.9149515,20.1655362],[85.9150821,20.165523],[85.9153265,20.1654857],[85.9155515,20.1654294],[85.9158347,20.1653714],[85.9159627,20.1653623],[85.9160994,20.1653565],[85.9162521,20.165349],[85.9165124,20.1653308],[85.916748,20.1653234],[85.9170144,20.1653176],[85.917175,20.1653176],[85.9173312,20.1653018],[85.9174856,20.1652745],[85.9176435,20.1652397]]}},{"type":"Feature","properties":{"id":870313885,"highway":"unclassified"},"geometry":{"type":"LineString","coordinates":[[85.9105169,20.1660704],[85.9105378,20.1660011]]}},{"type":"Feature","properties":{"id":870313886,"highway":"unclassified"},"geometry":{"type":"LineString","coordinates":[[85.8998012,20.1692072],[85.8998704,20.1692407],[85.9000613,20.1693318],[85.9003033,20.1694442],[85.9006053,20.1695686],[85.9006906,20.1695937],[85.9007645,20.1695973],[85.9008665,20.1695877],[85.9011111,20.1695458],[85.901245,20.1695263],[85.9012754,20.1695219],[85.9013672,20.1695064],[85.901506,20.16951],[85.9017162,20.1695279],[85.901915,20.1695458],[85.9020768,20.1695339],[85.9022017,20.1695279],[85.9024437,20.1695291],[85.9026463,20.1695434],[85.9027189,20.1695434],[85.9028208,20.1695255],[85.9030667,20.1694884],[85.903277,20.1694537],[85.9034426,20.169431],[85.9036808,20.1694238],[85.904072,20.1694203],[85.9042401,20.1694095],[85.9045034,20.1693719],[85.9048135,20.1693198],[85.9050543,20.1692911],[85.9054263,20.1692361],[85.9057231,20.1692146],[85.9061028,20.1691524],[85.9065984,20.1690878],[85.9071705,20.1690089],[85.9075272,20.1689586],[85.9079655,20.1689371],[85.9080834,20.1689466],[85.9083604,20.1689347],[85.9085566,20.1689096],[85.9086152,20.1688857],[85.9086764,20.168851],[85.9087783,20.1687577],[85.9088802,20.1686537],[85.9089758,20.1685807],[85.9091223,20.1684958],[85.9091911,20.1684456],[85.9092535,20.1683822],[85.909316,20.1682841],[85.9093363,20.1682255],[85.9093529,20.1681239],[85.9094137,20.1677898],[85.9094561,20.1675642],[85.9095236,20.1673166],[85.9096001,20.1671205],[85.9096523,20.1670272],[85.9096755,20.1669923],[85.909795,20.1668574],[85.909902,20.1667294],[85.9101275,20.1664998],[85.910353,20.1662893],[85.9104779,20.1661446],[85.9105169,20.1660704]]}},{"type":"Feature","properties":{"id":870315043,"highway":"residential"},"geometry":{"type":"LineString","coordinates":[[85.9579191,20.1904782],[85.9580604,20.1913008]]}},{"type":"Feature","properties":{"id":870315044,"highway":"residential"},"geometry":{"type":"LineString","coordinates":[[85.9623139,20.1876813],[85.9614447,20.1878189]]}},{"type":"Feature","properties":{"id":870315045,"highway":"residential"},"geometry":{"type":"LineString","coordinates":[[85.9583107,20.1829044],[85.9582852,20.1826149],[85.9582879,20.1825784],[85.958304,20.182552],[85.9583415,20.1825356],[85.9585413,20.1824966],[85.959118,20.1824097],[85.9591985,20.1824135],[85.9592521,20.1824223],[85.9593594,20.1824723]]}},{"type":"Feature","properties":{"id":870315046,"highway":"residential"},"geometry":{"type":"LineString","coordinates":[[85.9645081,20.1887983],[85.9645964,20.1889136],[85.9646501,20.1889929],[85.9647091,20.1890797],[85.9647681,20.1892081],[85.9648848,20.1894196]]}},{"type":"Feature","properties":{"id":870315304,"highway":"residential"},"geometry":{"type":"LineString","coordinates":[[85.920431,20.1825717],[85.920403,20.1826686],[85.920153,20.1834217]]}},{"type":"Feature","properties":{"id":870315432,"highway":"residential"},"geometry":{"type":"LineString","coordinates":[[85.9597043,20.1765207],[85.95992,20.1764204],[85.9599683,20.1764041],[85.9600112,20.1764041],[85.9600407,20.1764192],[85.9604564,20.1768283],[85.9605141,20.1768547],[85.9605865,20.1768648],[85.9606442,20.1768535],[85.9606884,20.1768195]]}},{"type":"Feature","properties":{"id":870327031,"highway":"unclassified"},"geometry":{"type":"LineString","coordinates":[[85.9177193,20.1624904],[85.9177574,20.162454]]}},{"type":"Feature","properties":{"id":870327032,"highway":"unclassified"},"geometry":{"type":"LineString","coordinates":[[85.9177193,20.1624904],[85.9176972,20.1624999],[85.9170824,20.162763],[85.9169358,20.1628377],[85.9169116,20.1628662],[85.916898,20.1628997],[85.9168872,20.1629415],[85.9168839,20.1629543],[85.9168729,20.1630178],[85.9168725,20.1630763],[85.916925,20.1633229],[85.9170586,20.1637706],[85.9173334,20.164403],[85.9173788,20.1645098],[85.9174322,20.1646017],[85.9175626,20.1648079],[85.9175801,20.1648531],[85.9175924,20.1649008],[85.9176435,20.1652397],[85.917672,20.1652864],[85.9177085,20.1653306],[85.9177718,20.165381],[85.9178493,20.1654215],[85.9181399,20.1655184],[85.918271,20.1655751],[85.9183846,20.1656384],[85.9184918,20.1657243],[85.9185792,20.1658129],[85.9187491,20.1660416],[85.9189175,20.1662346],[85.9189847,20.16629],[85.9190689,20.1663348],[85.9192439,20.1664007],[85.9193696,20.1664705],[85.9194924,20.166551],[85.9196519,20.1666763],[85.9198487,20.166877],[85.9199541,20.1669733],[85.9200681,20.167059],[85.9206094,20.1674155],[85.9206444,20.1674329],[85.9206837,20.1674424],[85.920726,20.1674465],[85.9207641,20.1674407],[85.9210735,20.1672398],[85.9213057,20.1671],[85.9213274,20.1670929],[85.9213549,20.1670926],[85.9213853,20.1671007],[85.9214069,20.1671128],[85.9216814,20.1673603],[85.9220441,20.1676313],[85.9220746,20.1676603],[85.9221013,20.1676928],[85.9221232,20.1677236],[85.9221359,20.1677596],[85.9222409,20.1681284],[85.9223559,20.168492],[85.9223883,20.1685747],[85.9224937,20.1687658]]}},{"type":"Feature","properties":{"id":870327033,"highway":"unclassified"},"geometry":{"type":"LineString","coordinates":[[85.9209515,20.1603323],[85.920936,20.1579838],[85.9209431,20.1579462],[85.9209503,20.1579256],[85.9209655,20.1579134],[85.9209872,20.157913],[85.9210089,20.1579192],[85.9210435,20.1579384],[85.9210659,20.1579584],[85.9211227,20.1579853],[85.9211827,20.1580033],[85.9215449,20.1581046],[85.921586,20.1581135],[85.921646,20.1581211],[85.9217163,20.1581232],[85.9217883,20.1581208],[85.9218543,20.1581192],[85.9219219,20.1581101],[85.9221629,20.1580544],[85.9224367,20.1579875],[85.9230524,20.1577328],[85.9231764,20.157697],[85.9234734,20.1576952],[85.9235538,20.1576872],[85.9236214,20.1576776],[85.9237859,20.1576273],[85.9238057,20.1576207],[85.9242715,20.1574645],[85.9245782,20.1573486],[85.9252739,20.1569517],[85.9254831,20.1568812],[85.9262932,20.1566697],[85.9272266,20.1563172],[85.9276289,20.1561107],[85.9283316,20.1556625],[85.9289886,20.1553627]]}},{"type":"Feature","properties":{"id":870327034,"highway":"unclassified"},"geometry":{"type":"LineString","coordinates":[[85.9209486,20.1603833],[85.9209515,20.1603323]]}},{"type":"Feature","properties":{"id":870342480,"highway":"residential"},"geometry":{"type":"LineString","coordinates":[[85.9215452,20.1662197],[85.921587,20.16642],[85.9215912,20.1664894],[85.9215826,20.1665656],[85.921565,20.1667112],[85.9215012,20.1669053],[85.9214506,20.1670209],[85.9214069,20.1671128]]}},{"type":"Feature","properties":{"id":870342481,"highway":"residential"},"geometry":{"type":"LineString","coordinates":[[85.9077225,20.1731988],[85.908057,20.1731775],[85.9083694,20.1731408],[85.9084983,20.1731097],[85.9086067,20.1730574],[85.9086858,20.1730105],[85.9087807,20.1729657],[85.9089124,20.1729246],[85.9091332,20.172872],[85.9094504,20.1728228],[85.9097571,20.1727835],[85.9100998,20.172765],[85.9104646,20.1727367]]}},{"type":"Feature","properties":{"id":870342482,"highway":"residential"},"geometry":{"type":"LineString","coordinates":[[85.9004888,20.1735267],[85.9007052,20.1734974],[85.9009233,20.1734651],[85.9010495,20.1734159],[85.9011955,20.1733728],[85.9015283,20.1733035]]}},{"type":"Feature","properties":{"id":870342483,"highway":"residential"},"geometry":{"type":"LineString","coordinates":[[85.9006906,20.1695937],[85.9006728,20.1697018],[85.9006707,20.1698124],[85.9007888,20.1701018],[85.900833,20.1702772],[85.9008546,20.1704308],[85.9008757,20.1704865],[85.9008948,20.1705241],[85.9009249,20.1705558],[85.9009619,20.1705865],[85.9010036,20.1706112],[85.9010429,20.1706296],[85.9010823,20.1706435],[85.9012298,20.1706528],[85.901402,20.1706789],[85.9015611,20.170702],[85.9017939,20.1707036]]}},{"type":"Feature","properties":{"id":870342485,"highway":"unclassified"},"geometry":{"type":"LineString","coordinates":[[85.9061692,20.1560602],[85.9059593,20.1560413]]}},{"type":"Feature","properties":{"id":870342486,"highway":"unclassified"},"geometry":{"type":"LineString","coordinates":[[85.9059593,20.1560413],[85.9056716,20.1560174]]}},{"type":"Feature","properties":{"id":870342487,"highway":"unclassified"},"geometry":{"type":"LineString","coordinates":[[85.9233666,20.1414941],[85.9232764,20.1415291],[85.9231339,20.1415685],[85.9229889,20.1415924],[85.9229095,20.1416065],[85.9228326,20.1416135],[85.92268,20.1416203],[85.9220971,20.141574],[85.9215289,20.1415595],[85.9209345,20.1415495],[85.9183359,20.1416613],[85.9170177,20.1417023],[85.9162834,20.1417263],[85.9160588,20.1417441],[85.9158512,20.1417779],[85.9156259,20.1418387],[85.9155076,20.1418771],[85.9154034,20.1419181],[85.9151705,20.1420342],[85.9149544,20.1421995],[85.9139841,20.1428602],[85.9139039,20.1429217],[85.913842,20.1429919],[85.9131739,20.1439245],[85.9130281,20.1441367],[85.9124687,20.1449195],[85.9119924,20.1455851],[85.9115066,20.1462809],[85.9111075,20.1467647],[85.9107237,20.1471699],[85.9099513,20.1480105],[85.9093932,20.148598],[85.909036,20.1490303],[85.9088595,20.1492689],[85.9086696,20.1495899],[85.9085299,20.1499295],[85.9079723,20.1513005],[85.9077181,20.1519422],[85.9075834,20.1522594],[85.9074107,20.1525624],[85.9071269,20.1529894],[85.9069717,20.1532083],[85.9067862,20.1533915],[85.9064224,20.1537653],[85.9063908,20.1537931],[85.9063592,20.1538164],[85.9062984,20.1538371],[85.9062195,20.1538716],[85.9061932,20.1538935],[85.90618,20.1539153],[85.9061711,20.15395],[85.9061701,20.1539848],[85.9062375,20.1541955],[85.906266,20.1543145],[85.9062761,20.1544261],[85.9062907,20.1547771],[85.9062864,20.1551495],[85.9062245,20.1560474],[85.9058481,20.1573684],[85.9056917,20.1578562],[85.9056372,20.1579792],[85.9056127,20.1580594],[85.9056089,20.158072],[85.9055221,20.1583614],[85.9054845,20.1584521],[85.9052617,20.1588545],[85.9052325,20.1589458],[85.9051305,20.1593134],[85.9050802,20.1594373],[85.9050343,20.159561],[85.9049783,20.1596892],[85.9048086,20.1600386],[85.9017404,20.1646826],[85.9013146,20.1653238],[85.9010643,20.165719],[85.9010067,20.1658162],[85.9009552,20.1659212],[85.9009171,20.166028],[85.9008891,20.1661271],[85.9007853,20.1665549],[85.9007796,20.1665754],[85.9002221,20.1685894],[85.9001041,20.1688361],[85.8998704,20.1692407]]}},{"type":"Feature","properties":{"id":870342488,"highway":"residential"},"geometry":{"type":"LineString","coordinates":[[85.9070508,20.1556918],[85.9072628,20.1563556],[85.907294,20.1564533],[85.9073203,20.156693],[85.9073287,20.1569519],[85.9073137,20.1572409],[85.9073274,20.1573044],[85.9073512,20.1573716],[85.9073717,20.1573959],[85.9073983,20.1574165],[85.9074119,20.1574351],[85.9074214,20.1574613],[85.90742,20.1575079],[85.9073609,20.1578433],[85.9073619,20.1578813],[85.9073516,20.1579194],[85.9073198,20.1579423],[85.9072813,20.1579525],[85.9069621,20.1579669],[85.906429,20.157965],[85.9058301,20.1580677],[85.9057206,20.158072],[85.9056089,20.158072]]}},{"type":"Feature","properties":{"id":870342489,"highway":"residential"},"geometry":{"type":"LineString","coordinates":[[85.9010823,20.1706435],[85.9010717,20.170837],[85.9010593,20.1708966],[85.9010223,20.1709513],[85.9008987,20.1710241],[85.9007787,20.171102],[85.9007258,20.171155],[85.9007028,20.1712146],[85.9006923,20.1712643],[85.9006605,20.1712925],[85.9006287,20.1713041],[85.9000781,20.1714134],[85.9000411,20.1714283],[85.9000234,20.1714532],[85.9000146,20.1714896],[85.9000136,20.1715105],[85.9000128,20.1715277],[85.9000834,20.1718988],[85.900091,20.17199],[85.9000898,20.1721036],[85.9001191,20.1722642],[85.9002035,20.1724741],[85.9003294,20.1727758],[85.900432,20.1731739],[85.9004645,20.1733879],[85.9004888,20.1735267],[85.9005358,20.173782],[85.9006031,20.1741179],[85.9006689,20.1743257],[85.9007058,20.1744281],[85.9007283,20.1744598],[85.9007636,20.1744824],[85.900847,20.174511],[85.9009385,20.1745396],[85.9009906,20.1745659],[85.9010331,20.1745983],[85.9011487,20.1747294],[85.9011599,20.1747481],[85.901257,20.1748921],[85.9013875,20.1750785],[85.9014411,20.1751288],[85.9016331,20.175273]]}},{"type":"Feature","properties":{"id":870355028,"highway":"residential"},"geometry":{"type":"LineString","coordinates":[[85.9018358,20.1668337],[85.9017068,20.1661156],[85.9016774,20.1659519],[85.9016754,20.1659176],[85.9016829,20.1658833],[85.9017038,20.1658507],[85.9017547,20.1658159],[85.9018381,20.1657746],[85.9019378,20.1657072],[85.9019646,20.1656757],[85.9019795,20.1656398],[85.9019911,20.1655875],[85.9019823,20.1651937],[85.9020291,20.1649021],[85.9020283,20.1648784],[85.9020242,20.1648515],[85.9020146,20.1648286],[85.9019999,20.1648088],[85.9017404,20.1646826]]}},{"type":"Feature","properties":{"id":870355029,"highway":"residential"},"geometry":{"type":"LineString","coordinates":[[85.9017068,20.1661156],[85.901602,20.1661584],[85.9015122,20.1662141],[85.9014255,20.1662924],[85.9013726,20.1663693],[85.9013212,20.1664732],[85.9012757,20.1666347],[85.9012427,20.1667957],[85.9012321,20.166873],[85.9012119,20.1670188],[85.9012273,20.167312],[85.9012713,20.1677601],[85.9012845,20.1679005],[85.9012847,20.1679364],[85.9012823,20.1679625],[85.9012647,20.1679996],[85.9012251,20.1680616],[85.9011855,20.1681173],[85.9010799,20.1682846],[85.9010271,20.1684168],[85.9009919,20.1685159],[85.9009865,20.1685763],[85.9009941,20.1686398],[85.9010491,20.1688773],[85.9010711,20.168933],[85.9010741,20.168964],[85.9010711,20.168995],[85.9010535,20.1690693],[85.9010315,20.1691292],[85.9010288,20.1691604],[85.9010359,20.1691953],[85.9010674,20.1692678],[85.9011014,20.1693481],[85.9011393,20.1694265],[85.9011587,20.16945],[85.9011899,20.1694715],[85.901245,20.1695263]]}},{"type":"Feature","properties":{"id":870355030,"highway":"residential"},"geometry":{"type":"LineString","coordinates":[[85.9074214,20.1574613],[85.9075888,20.1574788],[85.9077211,20.1575041],[85.9078161,20.1575154],[85.9080211,20.1575126],[85.9084412,20.1575107],[85.9090702,20.1574703],[85.9095941,20.1574531],[85.9099758,20.1574193],[85.9100892,20.157399],[85.9102044,20.1573585],[85.9102692,20.1573128],[85.9102993,20.157272],[85.9103232,20.1572283],[85.9103556,20.1570087],[85.9103582,20.1569943],[85.910366,20.156973],[85.9103825,20.1569591],[85.9104042,20.1569529],[85.9105374,20.1569343],[85.9113151,20.1567788],[85.9114163,20.1567649],[85.9115693,20.1567514],[85.9116827,20.1567514],[85.9117583,20.1567666],[85.9118339,20.1567953],[85.9118735,20.1568376],[85.9119185,20.1568781],[85.9119761,20.1569018],[85.9120337,20.1569069],[85.9121183,20.1568798],[85.912473,20.1566906],[85.9124946,20.1566568],[85.912491,20.1566027],[85.9124046,20.1564083],[85.9124082,20.1563729],[85.9124442,20.1563441],[85.9124892,20.1563222],[85.9127106,20.1562884],[85.912752,20.1562698],[85.912797,20.1562394],[85.9128168,20.1562089],[85.9128132,20.1561566],[85.912728,20.1558251],[85.9126764,20.1556242],[85.9125144,20.1551544],[85.9124489,20.154871],[85.9124377,20.154838],[85.9124124,20.1548094],[85.9123811,20.1547894],[85.9123403,20.1547768],[85.9119763,20.1548425],[85.9119571,20.1548448],[85.9119387,20.1548425],[85.9119229,20.1548371],[85.9119103,20.1548302],[85.9118996,20.1548181],[85.9118913,20.154806],[85.9118839,20.1547889],[85.9118806,20.1547717],[85.9118696,20.1546749],[85.9117667,20.1542655],[85.911544,20.1536423]]}},{"type":"Feature","properties":{"id":870355031,"highway":"residential"},"geometry":{"type":"LineString","coordinates":[[85.912728,20.1558251],[85.9131971,20.1556373],[85.9135353,20.1554725],[85.9135501,20.1554662],[85.913564,20.1554634],[85.913585,20.1554673],[85.9136012,20.1554739],[85.9136338,20.1555031],[85.9136632,20.155552],[85.9137862,20.1557569]]}},{"type":"Feature","properties":{"id":870355032,"highway":"residential"},"geometry":{"type":"LineString","coordinates":[[85.9136632,20.155552],[85.913973,20.1554276],[85.9143014,20.1552957],[85.9144184,20.1552451],[85.9144305,20.1552294],[85.914438,20.1552085],[85.914437,20.155191],[85.9142315,20.1548456],[85.9141276,20.1546708],[85.9137756,20.1540791]]}},{"type":"Feature","properties":{"id":870355033,"highway":"residential"},"geometry":{"type":"LineString","coordinates":[[85.9140916,20.1556648],[85.913973,20.1554276]]}},{"type":"Feature","properties":{"id":870355034,"highway":"residential"},"geometry":{"type":"LineString","coordinates":[[85.9211272,20.1562535],[85.9208603,20.1562887],[85.9208144,20.1562789],[85.9207789,20.1562535],[85.9207581,20.1562006],[85.9207456,20.156183],[85.9207039,20.1561673],[85.9202326,20.1562358],[85.9198532,20.1563181],[85.9198323,20.1563318],[85.9198198,20.1563826],[85.9200304,20.1570403],[85.9202723,20.1575277]]}},{"type":"Feature","properties":{"id":870355035,"highway":"residential"},"geometry":{"type":"LineString","coordinates":[[85.9195298,20.1578373],[85.9195766,20.1574856],[85.9196051,20.157429],[85.9196285,20.1574071],[85.9196753,20.1574023],[85.9197255,20.1574165],[85.919876,20.157495],[85.9199847,20.1575185],[85.9201386,20.1575217],[85.9202723,20.1575277],[85.9205986,20.1575452],[85.9206337,20.1575594],[85.9206672,20.1575939],[85.9207291,20.1576693],[85.9208712,20.1577917],[85.9209424,20.1578573],[85.9209569,20.1578863],[85.9209655,20.1579134]]}},{"type":"Feature","properties":{"id":870355036,"highway":"residential"},"geometry":{"type":"LineString","coordinates":[[85.9231485,20.1565565],[85.9233117,20.1565346],[85.923335,20.1565419],[85.9233754,20.1565652],[85.923565,20.1569314],[85.9237437,20.1574377],[85.9238057,20.1576207]]}},{"type":"Feature","properties":{"id":870355038,"highway":"residential"},"geometry":{"type":"LineString","coordinates":[[85.9171768,20.1607102],[85.9176273,20.1606723],[85.9177443,20.1606845],[85.9178352,20.160713],[85.9178988,20.1607414],[85.9179233,20.161182],[85.9179378,20.1614016],[85.9179522,20.1614585],[85.9179687,20.1615305]]}},{"type":"Feature","properties":{"id":870355039,"highway":"residential"},"geometry":{"type":"LineString","coordinates":[[85.9199555,20.160792],[85.9197519,20.1609167],[85.9196234,20.1609777],[85.9194342,20.1610252],[85.9192017,20.1611011],[85.9190645,20.1611689],[85.9190024,20.1612109],[85.9189678,20.1612651],[85.9189505,20.1613071],[85.9189447,20.1613492],[85.9189461,20.1614413],[85.9189455,20.1616469]]}},{"type":"Feature","properties":{"id":870368141,"highway":"residential"},"geometry":{"type":"LineString","coordinates":[[85.9116979,20.1634353],[85.9115463,20.1637588],[85.9115195,20.1638167],[85.9114753,20.1638658],[85.911376,20.1639565],[85.9113345,20.1640093],[85.9113197,20.1640661],[85.9112973,20.16448]]}},{"type":"Feature","properties":{"id":870368142,"highway":"residential"},"geometry":{"type":"LineString","coordinates":[[85.9116821,20.1645672],[85.911656,20.1645388],[85.9116431,20.1645294],[85.9116301,20.1645233],[85.911483,20.164494],[85.9112973,20.16448],[85.9112059,20.1644549],[85.9111576,20.1644484],[85.9111289,20.1644472],[85.9111015,20.1644565],[85.9110753,20.1644753],[85.9110454,20.1645104],[85.911033,20.1645712],[85.9110142,20.1647515],[85.911003,20.1648182],[85.9109831,20.1648486],[85.9109557,20.1648755],[85.910932,20.1648942],[85.9109183,20.1649118],[85.9109108,20.1649527],[85.9109719,20.1652898]]}},{"type":"Feature","properties":{"id":870610509,"highway":"residential"},"geometry":{"type":"LineString","coordinates":[[85.9683098,20.1987347],[85.9684384,20.1987476]]}},{"type":"Feature","properties":{"id":870610510,"highway":"residential"},"geometry":{"type":"LineString","coordinates":[[85.9684384,20.1987476],[85.96849,20.1987667],[85.9685525,20.1988062],[85.9686379,20.1988787],[85.9686915,20.1989246],[85.9687901,20.1989593],[85.9688671,20.198968],[85.9689718,20.1989535],[85.9691043,20.1988841],[85.9691721,20.1988552],[85.9692491,20.1988408],[85.9693539,20.1988466],[85.9695634,20.1989102],[85.9698162,20.1990055]]}},{"type":"Feature","properties":{"id":870610515,"highway":"residential"},"geometry":{"type":"LineString","coordinates":[[85.9657102,20.1997992],[85.9658325,20.199741],[85.9659539,20.1997125],[85.9661197,20.1996818],[85.9665913,20.1996468]]}},{"type":"Feature","properties":{"id":870610516,"highway":"residential"},"geometry":{"type":"LineString","coordinates":[[85.9624682,20.198264],[85.9626985,20.1987652],[85.9627416,20.1988056],[85.9628279,20.1988403],[85.9628988,20.1988664],[85.9629668,20.1989084],[85.9630158,20.1989387],[85.9631267,20.1990543],[85.9632407,20.1992654],[85.9632685,20.1993493],[85.96329,20.1993724],[85.9633393,20.199384],[85.9634164,20.1993666],[85.9637861,20.1992914],[85.9638693,20.1992885],[85.9640172,20.1992914],[85.9643314,20.1993522],[85.9644424,20.1993984],[85.9644886,20.1994447],[85.9645101,20.1995025],[85.9644917,20.1996326],[85.96443,20.1999536],[85.9644115,20.2001271],[85.964427,20.2002746],[85.9645269,20.2006718]]}},{"type":"Feature","properties":{"id":870610522,"highway":"residential"},"geometry":{"type":"LineString","coordinates":[[85.9499634,20.1977207],[85.9501644,20.1977902],[85.9502824,20.1978254],[85.9503843,20.1978808],[85.9504755,20.1979765],[85.9505238,20.1980771],[85.9505702,20.1981851],[85.9506271,20.1982792]]}},{"type":"Feature","properties":{"id":870610533,"highway":"unclassified"},"geometry":{"type":"LineString","coordinates":[[85.9506537,20.1929462],[85.9507042,20.1937533],[85.950712,20.1945651],[85.9507218,20.1946222],[85.9507353,20.1946759],[85.9507657,20.1947564],[85.9509266,20.1951491],[85.9512055,20.196005],[85.9512185,20.1960781],[85.951219,20.1961513],[85.9512055,20.1965084],[85.9511994,20.1966368],[85.9512042,20.1967248],[85.9512044,20.1968066],[85.9512139,20.1968822],[85.9512346,20.1969276],[85.951535,20.1974474],[85.9515491,20.1974615],[85.9515668,20.1974706],[85.9515907,20.1974632],[85.9517071,20.1974096],[85.9519561,20.1973137],[85.9519853,20.197307],[85.9520101,20.197322],[85.9521478,20.1975772],[85.9521968,20.1976189],[85.9522715,20.1976518],[85.9523299,20.1976781],[85.9523766,20.1977219],[85.9524583,20.1978797],[85.9525307,20.197998],[85.9526148,20.1980791],[85.9526965,20.1981514],[85.9527642,20.1982434],[85.9528343,20.19841],[85.9529674,20.1987781],[85.9530561,20.1990301],[85.9531051,20.1990806],[85.9531915,20.19912],[85.9533013,20.1991441],[85.9535675,20.1991792],[85.9536632,20.1992055],[85.9537239,20.1992427],[85.9537659,20.1993085],[85.9537963,20.1994684],[85.953822,20.1996328],[85.9538383,20.1997139],[85.9538733,20.1997621],[85.9539644,20.1997971],[85.9541092,20.1998147],[85.9547093,20.1998212],[85.9550245,20.1998519],[85.9550852,20.1998673],[85.9551319,20.1998936],[85.9551506,20.1999505],[85.9551483,20.2000601],[85.9551553,20.200196],[85.9551763,20.2002507],[85.9552183,20.2003121],[85.955307,20.2003757],[85.9557904,20.2006583],[85.9558768,20.2006956],[85.9560145,20.2007263],[85.9562784,20.2007438]]}},{"type":"Feature","properties":{"id":870610536,"highway":"residential"},"geometry":{"type":"LineString","coordinates":[[85.9506894,20.2008427],[85.9506829,20.199763]]}},{"type":"Feature","properties":{"id":870610551,"highway":"residential"},"geometry":{"type":"LineString","coordinates":[[85.9591019,20.200581],[85.9591833,20.2005013],[85.9592187,20.2004349],[85.9592293,20.2002887],[85.9592117,20.1999499],[85.9592293,20.1998237],[85.9592754,20.1996776],[85.9595019,20.1993952],[85.9604242,20.1984203]]}},{"type":"Feature","properties":{"id":870610553,"highway":"residential"},"geometry":{"type":"LineString","coordinates":[[85.9600816,20.2004408],[85.9600125,20.1999536],[85.960026,20.1999134],[85.9600635,20.1998882],[85.960144,20.1998731],[85.9605744,20.1997972]]}},{"type":"Feature","properties":{"id":870612307,"highway":"residential"},"geometry":{"type":"LineString","coordinates":[[85.9493022,20.1994846],[85.9495614,20.1994167],[85.9496174,20.1994057],[85.9496688,20.1994101],[85.9497459,20.1994583],[85.9498393,20.1995263],[85.9498906,20.1995482],[85.9499397,20.1995504],[85.9500377,20.1995263],[85.9502245,20.1994715],[85.9503389,20.1994561],[85.9504275,20.1994522]]}},{"type":"Feature","properties":{"id":870612308,"highway":"residential"},"geometry":{"type":"LineString","coordinates":[[85.9507618,20.1992684],[85.9507809,20.1997548]]}},{"type":"Feature","properties":{"id":870612327,"highway":"residential"},"geometry":{"type":"LineString","coordinates":[[85.9629668,20.1989084],[85.9631362,20.1988008],[85.9631979,20.1987379],[85.963222,20.1986749],[85.963222,20.1985717],[85.963214,20.198471]]}},{"type":"Feature","properties":{"id":870612328,"highway":"residential"},"geometry":{"type":"LineString","coordinates":[[85.9654375,20.1988335],[85.9654026,20.1993873],[85.9654053,20.1994326],[85.9654278,20.1994881],[85.9655072,20.1995912],[85.9655397,20.1996136],[85.9656029,20.1996331]]}},{"type":"Feature","properties":{"id":870654415,"highway":"unclassified"},"geometry":{"type":"LineString","coordinates":[[85.8842635,20.1813847],[85.8842984,20.181363],[85.8843958,20.1813282],[85.8845509,20.1812571],[85.8845709,20.1812479],[85.8847988,20.1811469],[85.8852536,20.1809023],[85.8857886,20.1806072],[85.8863815,20.1802625],[85.88685,20.1799981],[85.8872868,20.1797535],[85.8876741,20.1795376],[85.8880951,20.179294],[85.8886121,20.1790028],[85.8890246,20.1787295],[85.8893486,20.1784591],[85.889364,20.1784456],[85.8897126,20.1781402],[85.8899943,20.1778649],[85.8902971,20.177547],[85.8905302,20.1772703],[85.8906042,20.1771825],[85.8908257,20.1769072],[85.8911127,20.1765427],[85.8913333,20.1762337],[85.8914442,20.1760794],[85.8917142,20.1757249],[85.8919119,20.1754135],[85.8920689,20.1750888],[85.8922877,20.1745754],[85.8925507,20.1739459],[85.8928736,20.1731757],[85.893133,20.1725694],[85.8931379,20.1725573],[85.8934295,20.1718406],[85.893636,20.1713751],[85.8936463,20.1713495],[85.8938548,20.1708318],[85.8940419,20.1703945],[85.8942077,20.1700069],[85.8943648,20.1696441],[85.8945024,20.1692995],[85.8947636,20.1686883],[85.8949101,20.1683388],[85.8949842,20.1681665],[85.8950777,20.1679644],[85.8952913,20.1676049],[85.895473,20.167383],[85.8956513,20.1671941],[85.8958158,20.1670434],[85.8958389,20.1670279],[85.896126,20.1668347],[85.8965795,20.1665613],[85.8968583,20.166351],[85.8970242,20.1661986],[85.8972765,20.1659335],[85.8974036,20.1657579],[85.8975948,20.1654262],[85.8976771,20.1652875],[85.8980283,20.1646829],[85.898186,20.1643723],[85.8984024,20.1639888],[85.8987889,20.1633328],[85.8990536,20.1628805],[85.8994259,20.1622792],[85.8997242,20.1617905],[85.8999412,20.1614443],[85.9001777,20.1610451],[85.9004265,20.1606309],[85.9007106,20.1601422],[85.9009824,20.1595575],[85.9011059,20.1592676],[85.9011677,20.1590942],[85.9012168,20.1588467],[85.9013189,20.158484],[85.9013417,20.1584114],[85.9013604,20.1583235],[85.9013851,20.1578249],[85.901408,20.1571688],[85.9014398,20.1564946],[85.9014628,20.1557872],[85.9014809,20.1554723],[85.9015069,20.1550235],[85.9015332,20.1543049],[85.9015303,20.1538369],[85.901529,20.1536179],[85.9015228,20.1526276],[85.901531,20.1521324],[85.9015061,20.1519837],[85.9014477,20.1515199],[85.9013894,20.1511382],[85.9013227,20.1508412],[85.9011092,20.1503778],[85.9009417,20.1500093],[85.9007742,20.1496457],[85.9005973,20.1492961],[85.9004191,20.149052],[85.9000654,20.1485778],[85.8998202,20.1482571],[85.8995134,20.1478533],[85.8991999,20.1474533],[85.8988676,20.1470042],[85.8985072,20.1465413],[85.8981802,20.1460998],[85.8978828,20.1457325],[85.8975679,20.145369],[85.8972196,20.144969],[85.8967453,20.1444583],[85.8963861,20.1440793],[85.8962549,20.1439388],[85.8956024,20.1432356],[85.8952071,20.1427689],[85.8947556,20.1422582],[85.8942237,20.1416431],[85.8938163,20.1412104],[85.8933876,20.1408544],[85.8931544,20.1406757],[85.8928369,20.1404682],[85.8927678,20.1404324],[85.8927499,20.1404231],[85.8926038,20.1403474],[85.892328,20.14022],[85.8922634,20.1401902],[85.8914823,20.1398292],[85.8909825,20.1395939],[85.8907819,20.1395054],[85.8905578,20.1394065],[85.8899803,20.1391373],[85.8897043,20.1389801],[85.8895382,20.1388731],[85.8892957,20.1386505],[85.8890679,20.1384253],[85.8886365,20.1379838],[85.8881327,20.1374818],[85.8876945,20.1370567],[85.8872631,20.1366403],[85.8868343,20.1362402],[85.8866519,20.1360643],[85.8864752,20.1359053],[85.8862502,20.1356955],[85.8856968,20.1351622],[85.8852681,20.1347407],[85.8848031,20.1342615],[85.8846048,20.1340702],[85.8843022,20.1337549],[85.8839241,20.1333636],[85.8835709,20.1330149],[85.8831633,20.1326087],[85.8827147,20.1321716],[85.8822696,20.1317696],[85.882089,20.131647],[85.8818982,20.1315319],[85.8817442,20.1314585],[85.8817099,20.1314357],[85.8815121,20.1313431],[85.8809091,20.1310936],[85.8804254,20.1308857],[85.8799791,20.1306725],[85.8794431,20.1304507],[85.878898,20.1302396],[85.8786936,20.1301692],[85.8784336,20.1300904],[85.8781622,20.1300317],[85.8778556,20.1299987],[85.8775206,20.1299731],[85.8770925,20.1299443],[85.8764293,20.1299187],[85.8759376,20.1298846],[85.8756162,20.1298515],[85.8750473,20.1297545],[85.8747407,20.1296863],[85.8743614,20.129586],[85.8742535,20.1295402],[85.8741638,20.1294794],[85.8740264,20.129376],[85.8736914,20.1290998],[85.8732928,20.1287544],[85.8729794,20.1284079],[85.8726444,20.1280166],[85.872317,20.1276297],[85.8720221,20.127283],[85.8716758,20.1268821],[85.8713328,20.1264641],[85.8709751,20.1260579],[85.8705005,20.1255099],[85.8701848,20.1251356],[85.869768,20.124675],[85.8694569,20.1243114],[85.8690935,20.1238849],[85.868796,20.1235448],[85.8687633,20.1235077],[85.8683883,20.123081],[85.8680681,20.1227078],[85.8677183,20.1223335],[85.8675729,20.1222093]]}},{"type":"Feature","properties":{"id":870657035,"highway":"residential"},"geometry":{"type":"LineString","coordinates":[[85.9005869,20.1984819],[85.9005252,20.1983511],[85.9004514,20.1982328],[85.9003562,20.1980692],[85.9001631,20.1976387],[85.8999979,20.1973186],[85.899931,20.1972035]]}},{"type":"Feature","properties":{"id":870715942,"highway":"unclassified"},"geometry":{"type":"LineString","coordinates":[[85.9407993,20.1516388],[85.9407632,20.1517666],[85.9406976,20.1519205],[85.9406501,20.1520668],[85.940614,20.1521822],[85.9406025,20.1523269],[85.940632,20.1524885],[85.9406796,20.1526486],[85.9407288,20.1527841],[85.9407927,20.1531027],[85.9408386,20.1533844],[85.9408894,20.1537307],[85.9409108,20.1539786],[85.9409421,20.1541079],[85.9409649,20.1542018],[85.941142,20.1547682],[85.9413217,20.155153],[85.9414476,20.1553402],[85.9418285,20.1558085],[85.9419787,20.1560301],[85.942086,20.1562265],[85.9422791,20.1566948],[85.9423417,20.1569695],[85.9423864,20.1572538],[85.9423917,20.1579789],[85.9424239,20.1583466],[85.9425312,20.1589357],[85.9425741,20.1590465],[85.94266,20.1591271],[85.9427029,20.1591422],[85.9428048,20.1591422],[85.9442537,20.1588252],[85.9446037,20.158774],[85.9446552,20.158764],[85.9447156,20.1587674],[85.9447641,20.1587896],[85.944809,20.1588267],[85.9448287,20.1588596],[85.9448448,20.1588926],[85.94487,20.1589601],[85.9449667,20.159399],[85.945133,20.1599429],[85.9454188,20.1605497],[85.9456855,20.1611565],[85.9460664,20.1621335],[85.9462399,20.1624843],[85.946517,20.163045],[85.9466082,20.1633522],[85.946694,20.163755],[85.9467369,20.1640622],[85.9467369,20.1642032],[85.9465599,20.1648025],[85.9463346,20.1658147],[85.9462917,20.1659406],[85.9462399,20.1660224],[85.9461734,20.1661138],[85.9460471,20.1662212],[85.9459576,20.1663076],[85.94593,20.1663533],[85.9459208,20.1664249],[85.9459458,20.166541],[85.9460352,20.166804],[85.946076,20.1669163],[85.9461418,20.1670472],[85.9461829,20.1670877],[85.9462267,20.1671232],[85.9462728,20.1671514],[85.9463936,20.1671895],[85.9480512,20.1675319],[85.9483302,20.1676175],[85.9484482,20.1677031],[85.9486091,20.1678995],[85.9490237,20.1686065],[85.9493494,20.1694505],[85.9494518,20.1696423],[85.9495182,20.1697326],[85.9496015,20.169803],[85.9496793,20.1698467],[85.9497571,20.1698786],[85.9504577,20.1700161],[85.9504953,20.1700328],[85.9505278,20.1700514],[85.9505505,20.1700679],[85.9505722,20.1700863],[85.9505919,20.1701042],[85.9506056,20.1701212],[85.9506323,20.1701701],[85.9506891,20.1703329],[85.9507028,20.1703721],[85.9507301,20.170478],[85.9510392,20.17148],[85.9514522,20.1726885],[85.9515973,20.1732631]]}},{"type":"Feature","properties":{"id":870715943,"highway":"unclassified"},"geometry":{"type":"LineString","coordinates":[[85.9407829,20.1514433],[85.9407993,20.1516388]]}},{"type":"Feature","properties":{"id":870715944,"highway":"unclassified"},"geometry":{"type":"LineString","coordinates":[[85.9452079,20.1432932],[85.9447428,20.143475],[85.9445937,20.143533],[85.9445359,20.1435735],[85.9445163,20.1436093],[85.9445114,20.1436517],[85.9445222,20.1436931],[85.9445457,20.1437465],[85.9446291,20.1438961],[85.9446898,20.1440443],[85.9447144,20.1441244],[85.9447183,20.144186],[85.9447124,20.1442404],[85.9446938,20.1443213],[85.9446644,20.144383],[85.9446232,20.1444309],[85.9445379,20.144487],[85.9444467,20.1445478],[85.9442701,20.1446693],[85.9442469,20.1447083],[85.9442273,20.1447519],[85.9442114,20.1448173],[85.9441845,20.1449608],[85.9441613,20.1450319],[85.9441308,20.1450812],[85.9440916,20.1451053],[85.9440428,20.1451179],[85.9440049,20.1451306],[85.9439743,20.1451581],[85.943945,20.1452097],[85.9438717,20.1452545],[85.943802,20.1452763],[85.9432393,20.1453735],[85.9430057,20.1454274],[85.9428869,20.1454577],[85.9427344,20.1455079],[85.9426125,20.1455596],[85.9425456,20.1456105],[85.9424753,20.1456814],[85.9424176,20.1457411],[85.9423679,20.1457754],[85.9423087,20.1457953],[85.9422411,20.1458064],[85.9421573,20.1458252],[85.9421199,20.1458509],[85.9420753,20.145921],[85.9420088,20.1460307],[85.9419531,20.1460874],[85.9419096,20.1461193],[85.9418482,20.1461432],[85.9415291,20.1462322],[85.941408,20.1462934],[85.9413649,20.1463331],[85.9413056,20.1464324],[85.9411375,20.1467398],[85.9410956,20.1468245],[85.9410637,20.1469416],[85.9410278,20.147151],[85.940955,20.1477883],[85.9409262,20.1479512],[85.9409,20.1480274],[85.9408662,20.1480831],[85.9407874,20.1481451],[85.9407036,20.1481927],[85.9405868,20.1482468],[85.9404438,20.1483397],[85.9402705,20.1484753],[85.9400244,20.1486309],[85.9399362,20.1487064],[85.9398568,20.1487947],[85.9398313,20.1488545],[85.9398254,20.1489052],[85.9398352,20.1489567],[85.9398703,20.1490271],[85.9399673,20.1492419],[85.9401942,20.1497978],[85.9404172,20.1503889],[85.9405566,20.1506937],[85.9406451,20.1509246],[85.9407605,20.1512861],[85.9407829,20.1514433]]}},{"type":"Feature","properties":{"id":870715945,"highway":"unclassified"},"geometry":{"type":"LineString","coordinates":[[85.9453663,20.1432172],[85.9452079,20.1432932]]}},{"type":"Feature","properties":{"id":870715946,"highway":"residential"},"geometry":{"type":"LineString","coordinates":[[85.9445114,20.1436517],[85.9443823,20.1433224],[85.9443288,20.1431858],[85.9443052,20.1430898],[85.944295,20.1430285],[85.9442887,20.1428845]]}},{"type":"Feature","properties":{"id":870715947,"highway":"unclassified"},"geometry":{"type":"LineString","coordinates":[[85.9378439,20.149899],[85.9377293,20.1498115],[85.9376342,20.1497056],[85.9375862,20.1496329],[85.9374901,20.1494718],[85.937445,20.1493513],[85.9374342,20.149227],[85.9374313,20.1488764],[85.9374215,20.1487061],[85.9373764,20.1484723],[85.9373372,20.1483416]]}},{"type":"Feature","properties":{"id":870715948,"highway":"unclassified"},"geometry":{"type":"LineString","coordinates":[[85.9345386,20.1427357],[85.9343923,20.1423908],[85.9342784,20.1420578],[85.934236,20.1419148],[85.9342093,20.1418469],[85.934181,20.1418041],[85.9341511,20.1417849],[85.9341157,20.1417672],[85.9340599,20.1417649],[85.9339741,20.1417686],[85.9334519,20.1418572],[85.9331783,20.1418942],[85.9326112,20.1419584],[85.9324437,20.1419687],[85.932196,20.1419769],[85.9317965,20.1419857],[85.9316203,20.1419872],[85.9311964,20.1419621],[85.9308387,20.1419434],[85.930723,20.1419281],[85.9306522,20.1419119],[85.9305735,20.1418809],[85.9300576,20.1415848],[85.9297005,20.141399],[85.9294859,20.1412871],[85.9293042,20.1411805],[85.9292066,20.1410962],[85.9291191,20.1410035],[85.9290839,20.1409331],[85.9290328,20.1407647],[85.9289226,20.1403905],[85.9287175,20.1395381],[85.9286434,20.1391137],[85.9286292,20.1389946],[85.9286185,20.1389055],[85.9286185,20.138738],[85.928644,20.1385692],[85.9287303,20.1382436],[85.9288379,20.1379525],[85.9289138,20.1376856],[85.9289185,20.1376048],[85.9289087,20.1375432],[85.928885,20.1373741],[85.9288784,20.1372509],[85.928887,20.1371359],[85.9289046,20.1369014],[85.9289112,20.1367213],[85.9289063,20.1365458],[85.9288964,20.136398],[85.9289079,20.1362456],[85.9289571,20.1359701],[85.9289932,20.1358623],[85.9290456,20.1357361],[85.9290817,20.1356391],[85.9290899,20.1355621],[85.929103,20.1352096],[85.9291227,20.1350479],[85.9291489,20.1349709],[85.9291998,20.1349232],[85.9293047,20.134894],[85.9294167,20.1348675],[85.9295434,20.1348294],[85.9296835,20.1347616],[85.929754,20.13468],[85.9298001,20.1345737],[85.9298426,20.1344235],[85.9298823,20.1343171],[85.9299304,20.1342507],[85.9299941,20.1341723],[85.930093,20.134062],[85.9301946,20.1339296],[85.9302881,20.1338419],[85.9306193,20.1336094],[85.930985,20.1332784],[85.9312377,20.1330445],[85.9312823,20.133009],[85.9313542,20.1329517],[85.9315271,20.1328556],[85.9320226,20.1326571],[85.9321718,20.1325485],[85.9323959,20.1323927],[85.9324406,20.1323523],[85.9324859,20.1323115],[85.9325706,20.1321972],[85.9326183,20.1320779],[85.9326201,20.1319702],[85.932583,20.1318493],[85.9324957,20.1316596],[85.9323093,20.1313171],[85.9322664,20.1312328],[85.9317917,20.1302305],[85.9315328,20.1297306],[85.9315006,20.1296877],[85.931388,20.1295681],[85.9313451,20.1295392],[85.9312686,20.1294875],[85.9312056,20.1294686],[85.9310433,20.1294901],[85.9307738,20.1295518],[85.9307067,20.1295568],[85.9303875,20.1295832],[85.9303312,20.1295908],[85.9299007,20.1297167],[85.9298323,20.1297268],[85.9290464,20.1297834],[85.9289582,20.1297948],[85.9284644,20.129922],[85.9283276,20.1299711],[85.9282807,20.1300038]]}},{"type":"Feature","properties":{"id":870715949,"highway":"unclassified"},"geometry":{"type":"LineString","coordinates":[[85.9347324,20.143251],[85.9345386,20.1427357]]}},{"type":"Feature","properties":{"id":870715950,"highway":"unclassified"},"geometry":{"type":"LineString","coordinates":[[85.9373372,20.1483416],[85.9372637,20.1481161]]}},{"type":"Feature","properties":{"id":870715951,"highway":"unclassified"},"geometry":{"type":"LineString","coordinates":[[85.9372637,20.1481161],[85.9371708,20.1478642],[85.9370945,20.1477049],[85.9370327,20.1476173],[85.936909,20.1474876],[85.9366644,20.147248],[85.936425,20.1469986]]}},{"type":"Feature","properties":{"id":870715952,"highway":"unclassified"},"geometry":{"type":"LineString","coordinates":[[85.936425,20.1469986],[85.9362928,20.1468174]]}},{"type":"Feature","properties":{"id":870715953,"highway":"unclassified"},"geometry":{"type":"LineString","coordinates":[[85.9362928,20.1468174],[85.936054,20.1464367],[85.9356792,20.145786],[85.9354313,20.1451945],[85.9353382,20.1449805],[85.9352641,20.1447059],[85.9352072,20.1444973],[85.9350932,20.144196],[85.9347324,20.143251]]}},{"type":"Feature","properties":{"id":870715954,"highway":"residential"},"geometry":{"type":"LineString","coordinates":[[85.9308387,20.1419434],[85.9309065,20.1418642],[85.9309467,20.1418136],[85.9309771,20.141763],[85.9309957,20.1416903],[85.9309957,20.141589],[85.9309957,20.1415034],[85.9310065,20.1414445],[85.9310251,20.141416],[85.9310584,20.1413828],[85.9311192,20.1413718],[85.9316934,20.1412808],[85.9319594,20.141204],[85.9320899,20.1411708],[85.9322235,20.1411459],[85.9327993,20.1410383]]}},{"type":"Feature","properties":{"id":870715955,"highway":"residential"},"geometry":{"type":"LineString","coordinates":[[85.9322235,20.1411459],[85.9321265,20.1406101],[85.9321159,20.1404971],[85.9321159,20.1404299],[85.9321281,20.1403799],[85.9321601,20.1403355],[85.9322195,20.1403069],[85.9325851,20.1402325],[85.9336409,20.1400423]]}},{"type":"Feature","properties":{"id":870715956,"highway":"residential"},"geometry":{"type":"LineString","coordinates":[[85.9341511,20.1417849],[85.9341741,20.1416817],[85.9341868,20.1415876],[85.9341878,20.1414806],[85.9341762,20.1413726],[85.9341583,20.1412646],[85.9341193,20.1411795],[85.9338745,20.1408337]]}},{"type":"Feature","properties":{"id":870723569,"highway":"residential"},"geometry":{"type":"LineString","coordinates":[[85.9359999,20.1532848],[85.9358788,20.1532882],[85.9358211,20.153296],[85.9357396,20.1533454],[85.9353595,20.1536652],[85.935003,20.1540208],[85.9347715,20.1542468],[85.9345979,20.1544036],[85.9344782,20.154477],[85.9343454,20.1545453],[85.9342625,20.1545687],[85.9342204,20.1545655],[85.9341773,20.1545431],[85.9340456,20.1543065]]}},{"type":"Feature","properties":{"id":870723570,"highway":"unclassified"},"geometry":{"type":"LineString","coordinates":[[85.9048365,20.1504734],[85.9054095,20.1503102],[85.9055667,20.1502687],[85.9057258,20.1502161],[85.9060185,20.1500962],[85.906454,20.149866],[85.9068749,20.1496137],[85.9069775,20.149544],[85.9070746,20.1494587],[85.9071039,20.1493952],[85.9071148,20.1493306],[85.9071144,20.1492068],[85.9071137,20.149171],[85.9071181,20.149132],[85.9071304,20.149095],[85.9071479,20.1490564],[85.9071875,20.1489899],[85.9072178,20.1489533],[85.9072514,20.1489166],[85.9077381,20.1484646],[85.9078315,20.1483714],[85.907853,20.1483466],[85.9082882,20.1478441],[85.9084005,20.1477071],[85.9086281,20.1474292],[85.9089915,20.1468733],[85.9092904,20.1463914],[85.9097272,20.145706],[85.9101816,20.1450073],[85.9105171,20.1445362],[85.9108315,20.1440817],[85.9114425,20.1432124],[85.9126452,20.1414955],[85.9131482,20.1408461],[85.9133655,20.1406079],[85.913401,20.1405718],[85.9134565,20.1405303],[85.9135873,20.1404756],[85.9137195,20.1404204],[85.9139034,20.1403566],[85.9141071,20.1402956],[85.9145825,20.140208],[85.9150964,20.1401476],[85.915291,20.1401237],[85.915494,20.1401078],[85.9156449,20.1401103],[85.9171603,20.1402579],[85.9172281,20.1402716],[85.9172885,20.1402963],[85.9173443,20.1403225],[85.9173962,20.1403469],[85.9178778,20.1406028],[85.9180179,20.1406483],[85.9181453,20.1406626],[85.9183211,20.1406579],[85.9187976,20.1406292],[85.9203392,20.140476],[85.9224567,20.1403062],[85.923152,20.1402258],[85.9237672,20.1401547],[85.9243164,20.1400949],[85.9253682,20.1399846],[85.9258665,20.1399487],[85.926117,20.13995],[85.926413,20.1399686],[85.9266833,20.1400032],[85.9268348,20.1400431],[85.9271349,20.1401547],[85.9274067,20.1402823],[85.9276219,20.1403886],[85.9285916,20.1409109],[85.9288549,20.1410558],[85.9289087,20.1410611],[85.9289936,20.1410478],[85.9291191,20.1410035]]}},{"type":"Feature","properties":{"id":870723571,"highway":"unclassified"},"geometry":{"type":"LineString","coordinates":[[85.923718,20.1423471],[85.9237902,20.1425]]}},{"type":"Feature","properties":{"id":870723572,"highway":"unclassified"},"geometry":{"type":"LineString","coordinates":[[85.9237902,20.1425],[85.9239391,20.1427192],[85.9240549,20.143013],[85.9242743,20.1435632],[85.9243763,20.1437506],[85.9243915,20.143826],[85.9243936,20.1439131],[85.9243925,20.1440053],[85.9243778,20.1441053],[85.9243672,20.1441875],[85.9243651,20.14424],[85.9243757,20.1442856],[85.9244544,20.1445359],[85.9246268,20.1450393],[85.9246924,20.1452641],[85.9247399,20.1454303],[85.9247547,20.1455412],[85.9247662,20.1456843],[85.9247695,20.1458537],[85.9247563,20.146003],[85.9247268,20.1461446],[85.9246638,20.1463381],[85.9245903,20.1465517],[85.9245206,20.1467588],[85.9244726,20.1469594],[85.9244383,20.1470782],[85.924401,20.1471822],[85.9243755,20.1472549],[85.9243219,20.1474011],[85.9243026,20.1475024],[85.9243026,20.1476389],[85.9243196,20.1477988],[85.9243193,20.1479479],[85.9243009,20.1480409],[85.9242486,20.1481592],[85.9241812,20.1482625],[85.9241299,20.1483181],[85.9238763,20.1485034],[85.9237811,20.1485932],[85.9236785,20.1487191],[85.9236351,20.1487944],[85.9236153,20.1488513],[85.9236035,20.1489019],[85.923614,20.1489599],[85.9237101,20.1491797],[85.9238916,20.149686],[85.9239389,20.1497502],[85.9240297,20.1498107],[85.9241494,20.1498947],[85.9244052,20.1501187],[85.9248879,20.1505113],[85.9250497,20.1506126],[85.9251536,20.1506336],[85.9252891,20.1506657],[85.9253706,20.1506978],[85.9254719,20.1507583],[85.9256679,20.1508966],[85.9258634,20.1510498],[85.9259862,20.1511868],[85.9261453,20.1513893],[85.9262979,20.1515696],[85.9265649,20.1518437],[85.9267806,20.1520573],[85.9269398,20.1522611],[85.9269964,20.1523623],[85.9270661,20.1524648],[85.927195,20.1526327],[85.927412,20.1529143],[85.9276555,20.1533285],[85.9280231,20.1539097],[85.9284261,20.1545368],[85.9287922,20.1551511],[85.9289886,20.1553627],[85.9290612,20.1554136],[85.929397,20.1557264],[85.9294137,20.1557483],[85.9294297,20.155776]]}},{"type":"Feature","properties":{"id":870723574,"highway":"unclassified"},"geometry":{"type":"LineString","coordinates":[[85.9061692,20.1560602],[85.9062245,20.1560474],[85.9065467,20.1558975],[85.9070508,20.1556918],[85.907158,20.1556444],[85.9072651,20.1555871],[85.9079658,20.1551568],[85.9090816,20.1545956],[85.9091166,20.1545669],[85.9091402,20.1545328],[85.9091555,20.1544965],[85.9091566,20.1544601],[85.9091077,20.1541821],[85.9091104,20.1541574],[85.909119,20.154132],[85.9091353,20.15411],[85.9091524,20.1540888],[85.909204,20.1540663],[85.9092613,20.1540545],[85.9093789,20.1540318],[85.9094999,20.1540123],[85.9097907,20.1538911],[85.9100621,20.1537621],[85.9101583,20.153719],[85.9102511,20.153695],[85.9104368,20.1536471],[85.9105527,20.1536428],[85.91065,20.1536417],[85.9107434,20.1536512],[85.9108233,20.1536669],[85.9109713,20.1537112],[85.9110719,20.1537335],[85.9111223,20.1537375],[85.9111777,20.153732],[85.9115212,20.1536513],[85.911544,20.1536423],[85.9119721,20.1534838],[85.9123349,20.1533309],[85.9127416,20.1530984],[85.9131407,20.1528851],[85.9139621,20.1524391],[85.9148024,20.1520177],[85.9148415,20.1519994],[85.9150106,20.1519203],[85.915513,20.1516853],[85.9162324,20.1513238],[85.9164259,20.1512516],[85.9164902,20.1512396],[85.9165623,20.151235],[85.9169253,20.151233],[85.9171541,20.1512144],[85.9176087,20.1511833],[85.9177606,20.1511729],[85.918101,20.1511279],[85.9188377,20.1511287],[85.9189534,20.1511238],[85.9190784,20.1510991],[85.9191928,20.1510633],[85.9192902,20.1510497],[85.9194362,20.1510448],[85.9195703,20.1510448],[85.9199478,20.1510645],[85.9201293,20.1510732],[85.9203714,20.1510559],[85.9214841,20.1509299],[85.9217788,20.1508966],[85.9220339,20.1508596],[85.922393,20.150825],[85.9226193,20.1508213],[85.9227613,20.1508102],[85.9228705,20.1507793],[85.9230033,20.1507138],[85.9231967,20.1505731],[85.9236084,20.1502471],[85.923786,20.1500903],[85.9238058,20.1500675],[85.9240297,20.1498107]]}},{"type":"Feature","properties":{"id":870723575,"highway":"residential"},"geometry":{"type":"LineString","coordinates":[[85.9241299,20.1483181],[85.9245596,20.1484584]]}},{"type":"Feature","properties":{"id":870723576,"highway":"residential"},"geometry":{"type":"LineString","coordinates":[[85.9280231,20.1539097],[85.928412,20.1537596],[85.9284669,20.1537201],[85.9285042,20.1536777],[85.9285159,20.1536483],[85.9285159,20.1536151],[85.9282787,20.1527933]]}},{"type":"Feature","properties":{"id":870725760,"highway":"residential"},"geometry":{"type":"LineString","coordinates":[[85.9393997,20.1838938],[85.9396988,20.184622],[85.9399134,20.1852815],[85.9399674,20.1854878],[85.9399669,20.1855061],[85.9399637,20.1855244],[85.9399576,20.1855411],[85.9399488,20.185557],[85.9398304,20.1856774],[85.9397689,20.1857258],[85.9396991,20.1857818],[85.9396237,20.1858252],[85.939222,20.185961]]}},{"type":"Feature","properties":{"id":870729770,"highway":"residential"},"geometry":{"type":"LineString","coordinates":[[85.9246638,20.1463381],[85.9252516,20.1462998],[85.9255375,20.1462617],[85.9256963,20.1462269],[85.9258005,20.1461954],[85.9258481,20.1461507],[85.9258587,20.1460911],[85.9257899,20.1459138],[85.9257105,20.1458227],[85.925631,20.1457349],[85.9256187,20.1456603],[85.9256116,20.1455112],[85.9255781,20.1454565],[85.9255199,20.1454217],[85.9254299,20.1454052],[85.9252146,20.1454168],[85.9247547,20.1455412]]}},{"type":"Feature","properties":{"id":870729771,"highway":"residential"},"geometry":{"type":"LineString","coordinates":[[85.9239391,20.1427192],[85.9242451,20.142543],[85.9244217,20.1424429],[85.9246119,20.1423326],[85.9247109,20.1422994],[85.9248123,20.1422822],[85.9250543,20.142273],[85.9254222,20.1422913],[85.9258768,20.1423269]]}},{"type":"Feature","properties":{"id":870729772,"highway":"residential"},"geometry":{"type":"LineString","coordinates":[[85.9244217,20.1424429],[85.9245268,20.1426603],[85.9245595,20.1427416],[85.9245827,20.1428169],[85.9245964,20.1428892],[85.9246523,20.1431309],[85.9247049,20.1433779]]}},{"type":"Feature","properties":{"id":870729773,"highway":"unclassified"},"geometry":{"type":"LineString","coordinates":[[85.9233469,20.1414462],[85.9233666,20.1414941],[85.9233802,20.141527],[85.923718,20.1423471]]}},{"type":"Feature","properties":{"id":870729774,"highway":"unclassified"},"geometry":{"type":"LineString","coordinates":[[85.9231858,20.1404372],[85.9233469,20.1414462]]}},{"type":"Feature","properties":{"id":870729776,"highway":"residential"},"geometry":{"type":"LineString","coordinates":[[85.926117,20.13995],[85.9261164,20.1399135]]}},{"type":"Feature","properties":{"id":870729777,"highway":"residential"},"geometry":{"type":"LineString","coordinates":[[85.9261164,20.1399135],[85.9261148,20.1398124]]}},{"type":"Feature","properties":{"id":870729778,"highway":"residential"},"geometry":{"type":"LineString","coordinates":[[85.9261148,20.1398124],[85.9261285,20.1397333],[85.9261599,20.1396633],[85.9264481,20.1392675],[85.926701,20.1388662],[85.9268194,20.1386919],[85.9268959,20.1385802],[85.9269935,20.1384805],[85.9270728,20.138438],[85.9276957,20.1383091],[85.9279703,20.1382546],[85.9282591,20.1382121],[85.9284233,20.1382094],[85.9285606,20.1382174],[85.9287303,20.1382436]]}},{"type":"Feature","properties":{"id":870729779,"highway":"residential"},"geometry":{"type":"LineString","coordinates":[[85.9289138,20.1376856],[85.9292241,20.1377221],[85.9293466,20.137741],[85.9294254,20.1377716],[85.9294858,20.1378054],[85.9295347,20.1378188],[85.9295951,20.1378188],[85.9297845,20.1378086],[85.9298627,20.1377926],[85.9298945,20.137765],[85.9299043,20.1376939],[85.9299393,20.1368523],[85.9299511,20.1366967],[85.9299564,20.1365991],[85.929938,20.1364781],[85.9299064,20.1362558],[85.9298998,20.1361459],[85.9299091,20.1360557],[85.9299446,20.1359816],[85.9302371,20.1356409],[85.930303,20.1355598],[85.9303187,20.1355294],[85.9303216,20.1354981],[85.9303089,20.1354631],[85.9302218,20.1353337]]}},{"type":"Feature","properties":{"id":870729780,"highway":"residential"},"geometry":{"type":"LineString","coordinates":[[85.9272259,20.1371015],[85.9278578,20.1370883],[85.9282202,20.1370793],[85.9283015,20.1370873],[85.9283556,20.1371056],[85.928442,20.1371302],[85.9285215,20.1371461],[85.9285859,20.1371485],[85.928887,20.1371359]]}},{"type":"Feature","properties":{"id":870729781,"highway":"residential"},"geometry":{"type":"LineString","coordinates":[[85.9295434,20.1348294],[85.9298556,20.1352624],[85.9299137,20.1353218],[85.9299791,20.1353555],[85.9300529,20.1353714],[85.9301205,20.1353714],[85.9302218,20.1353337],[85.9303811,20.1352148],[85.9306749,20.1349028],[85.9310073,20.134589],[85.9314954,20.1342199],[85.9317157,20.134063],[85.9319424,20.1339137],[85.932003,20.1338567],[85.9320588,20.1337875],[85.9320817,20.1337228],[85.9320965,20.1336782],[85.9321473,20.1336073],[85.9323084,20.1334114],[85.9323912,20.1332954],[85.9324268,20.1332133],[85.9324268,20.1331534],[85.9324004,20.1330961],[85.9323311,20.1330097],[85.9320226,20.1326571]]}},{"type":"Feature","properties":{"id":870729783,"highway":"residential"},"geometry":{"type":"LineString","coordinates":[[85.922584,20.1376948],[85.9226976,20.1384564],[85.9227015,20.1384823],[85.9227197,20.1385357],[85.9227474,20.1385854],[85.922779,20.1386149],[85.9228163,20.1386408],[85.922864,20.1386575],[85.9229212,20.138667],[85.9230573,20.1386578],[85.9237837,20.1385038],[85.9240214,20.1384576]]}},{"type":"Feature","properties":{"id":870729784,"highway":"residential"},"geometry":{"type":"LineString","coordinates":[[85.9230573,20.1386578],[85.9230999,20.1388529],[85.923113,20.1390159],[85.9230999,20.1393173],[85.923152,20.1402258]]}},{"type":"Feature","properties":{"id":870729785,"highway":"residential"},"geometry":{"type":"LineString","coordinates":[[85.9323084,20.1334114],[85.9326069,20.1336765],[85.9326918,20.1337747],[85.9328743,20.1340552],[85.932997,20.1342847],[85.9332561,20.1348392]]}},{"type":"Feature","properties":{"id":870758199,"highway":"residential"},"geometry":{"type":"LineString","coordinates":[[85.9003129,20.1664544],[85.9003471,20.1664632]]}},{"type":"Feature","properties":{"id":870758200,"highway":"residential"},"geometry":{"type":"LineString","coordinates":[[85.9007796,20.1665754],[85.9009582,20.1666111],[85.9009857,20.1666212],[85.9010133,20.1666365],[85.9010372,20.1666603],[85.9010501,20.1666859],[85.9010583,20.1667454],[85.901069,20.1667749],[85.9010869,20.166801],[85.9011104,20.1668226],[85.9011339,20.1668356],[85.9012321,20.166873]]}},{"type":"Feature","properties":{"id":870758201,"highway":"residential"},"geometry":{"type":"LineString","coordinates":[[85.9007189,20.1665615],[85.9007796,20.1665754]]}},{"type":"Feature","properties":{"id":870758202,"highway":"residential"},"geometry":{"type":"LineString","coordinates":[[85.9003471,20.1664632],[85.9007189,20.1665615]]}},{"type":"Feature","properties":{"id":870766005,"highway":"residential"},"geometry":{"type":"LineString","coordinates":[[85.9446232,20.1444309],[85.9447206,20.144558],[85.94474,20.1445681],[85.9447568,20.1445687],[85.9449821,20.144558],[85.9450585,20.1445662],[85.9451068,20.1445788],[85.945139,20.1446033],[85.9451913,20.1447708],[85.9452161,20.1447947],[85.9452429,20.1448067],[85.9452792,20.1448067],[85.9454723,20.1447714]]}},{"type":"Feature","properties":{"id":870777596,"highway":"residential"},"geometry":{"type":"LineString","coordinates":[[85.9177606,20.1511729],[85.9180169,20.151436],[85.9183134,20.1517123],[85.9187154,20.1520729],[85.9187755,20.1521105],[85.9188029,20.1521244],[85.9188335,20.1521284],[85.918862,20.1521214],[85.9189317,20.1520996],[85.9190899,20.1520709],[85.9193305,20.1520273],[85.9194276,20.1520145],[85.9194466,20.1520147],[85.9194656,20.152017],[85.9194863,20.152023],[85.9195025,20.1520303],[85.9195344,20.1520519],[85.9195595,20.1520749],[85.9196808,20.1522314],[85.9197705,20.152377],[85.919779,20.1523956],[85.9197839,20.152413],[85.9197942,20.1524697],[85.919804,20.152489],[85.9198145,20.1525002],[85.9198285,20.1525074],[85.9198638,20.1525111],[85.9199128,20.152512],[85.920203,20.152513],[85.9202726,20.152489],[85.9203756,20.1524623],[85.9208217,20.1523758],[85.9212246,20.1522663],[85.9212766,20.1522626],[85.9213236,20.1522589],[85.9219242,20.152219]]}},{"type":"Feature","properties":{"id":872140003,"highway":"residential"},"geometry":{"type":"LineString","coordinates":[[85.9372384,20.2006899],[85.9373426,20.2006203],[85.9373833,20.2005821],[85.9374187,20.200524],[85.9374541,20.2004459],[85.9375001,20.2003745],[85.9375231,20.2003264],[85.9375479,20.2001985],[85.9375691,20.2000474],[85.9375762,20.1999826],[85.9375656,20.1999394],[85.9375267,20.1998846],[85.9374222,20.1998148],[85.9372364,20.1997169],[85.9368931,20.1995591],[85.9366012,20.1994413],[85.9364543,20.1993897],[85.9363693,20.1993714],[85.9363056,20.1993498],[85.9361977,20.19929],[85.9359676,20.1991306],[85.9358799,20.1990275]]}},{"type":"Feature","properties":{"id":872140004,"highway":"residential"},"geometry":{"type":"LineString","coordinates":[[85.9375762,20.1999826],[85.9378731,20.1999895],[85.9379097,20.1999838],[85.9379402,20.1999666],[85.9379565,20.199938],[85.9379585,20.1997682],[85.9379727,20.1997377],[85.9380073,20.1997186],[85.9380601,20.1996843],[85.9380805,20.1996538],[85.9380947,20.1995775],[85.9381049,20.1995393],[85.9381324,20.199506],[85.9381974,20.1994869],[85.9384109,20.1994602],[85.9384658,20.1994469],[85.9385166,20.1994182],[85.9385776,20.1993553],[85.9386162,20.1992752],[85.9386487,20.1990844],[85.9386264,20.1986838]]}},{"type":"Feature","properties":{"id":872141918,"highway":"residential"},"geometry":{"type":"LineString","coordinates":[[85.9238476,20.200048],[85.9238336,20.1998639],[85.9238172,20.1996908],[85.9237973,20.1995352],[85.9237822,20.199488],[85.9237436,20.1994146]]}},{"type":"Feature","properties":{"id":872141919,"highway":"residential"},"geometry":{"type":"LineString","coordinates":[[85.9214617,20.203428],[85.9213017,20.202185],[85.9212787,20.2020985],[85.921232,20.2020261],[85.9211596,20.201967],[85.9210546,20.2019275],[85.9209798,20.2018925],[85.9209495,20.201853],[85.9209463,20.2018046],[85.920949,20.2017262],[85.9210102,20.2014454],[85.9210896,20.2011803],[85.9211269,20.2009984],[85.9211713,20.2006237],[85.9211853,20.2004155],[85.9211736,20.2001087],[85.921176,20.2000408],[85.921177,20.1999899],[85.9212297,20.1999334],[85.9213838,20.1998501],[85.9216056,20.1997603],[85.9216873,20.1997296],[85.9217387,20.1997055],[85.9219068,20.1996682],[85.9220236,20.1996682],[85.922145,20.1996682],[85.9222501,20.1996595],[85.9224018,20.1996332],[85.9226494,20.1996178],[85.9228759,20.1995871],[85.9231374,20.1995652],[85.9233008,20.1995609],[85.9234249,20.1995352],[85.9235487,20.1994804],[85.9236351,20.1994497],[85.9237436,20.1994146],[85.9238546,20.1993818],[85.9239223,20.1993796],[85.9239737,20.1993971],[85.9240461,20.1994453],[85.9241325,20.1994979],[85.9242352,20.199522],[85.9243356,20.1995374],[85.9245154,20.1995418]]}},{"type":"Feature","properties":{"id":872160233,"highway":"residential"},"geometry":{"type":"LineString","coordinates":[[85.90367,20.175183],[85.9033173,20.1752321],[85.9032838,20.1752472],[85.9032664,20.1752749],[85.903253,20.1753618],[85.9032395,20.1754134],[85.9031981,20.175531]]}},{"type":"Feature","properties":{"id":872162106,"highway":"residential"},"geometry":{"type":"LineString","coordinates":[[85.9091927,20.1664881],[85.9092101,20.16658],[85.9092276,20.1666203],[85.9092531,20.1666556],[85.9092946,20.1666858],[85.9094609,20.1667953],[85.90953,20.1668337],[85.9095682,20.166862],[85.9096004,20.166896],[85.9096755,20.1669923]]}},{"type":"Feature","properties":{"id":872162107,"highway":"residential"},"geometry":{"type":"LineString","coordinates":[[85.9112594,20.1690688],[85.9110099,20.1689958],[85.9109429,20.1689681],[85.9109113,20.1689499],[85.9108959,20.1689322],[85.9108912,20.1689108],[85.9108926,20.1688806],[85.9109227,20.1686622],[85.9109308,20.168569],[85.9109348,20.1684671],[85.9109509,20.168389],[85.9109911,20.1682317],[85.9109992,20.1681788],[85.9109978,20.1681297],[85.9109804,20.1680957],[85.9109549,20.1680731],[85.9107497,20.1680227],[85.9103796,20.1679283],[85.9102227,20.1678993],[85.9098083,20.1678326],[85.9094137,20.1677898]]}},{"type":"Feature","properties":{"id":872162108,"highway":"residential"},"geometry":{"type":"LineString","coordinates":[[85.9108195,20.1642108],[85.9109724,20.1643065],[85.9110287,20.164343],[85.9110783,20.1643807],[85.9111085,20.1644128],[85.9111289,20.1644472]]}},{"type":"Feature","properties":{"id":872162109,"highway":"residential"},"geometry":{"type":"LineString","coordinates":[[85.9178988,20.1607414],[85.9179334,20.1607482],[85.9182468,20.1607577],[85.9185139,20.1607685]]}},{"type":"Feature","properties":{"id":872171180,"highway":"residential"},"geometry":{"type":"LineString","coordinates":[[85.9003797,20.1796527],[85.9008631,20.1794]]}},{"type":"Feature","properties":{"id":872171181,"highway":"residential"},"geometry":{"type":"LineString","coordinates":[[85.9003664,20.1788699],[85.9005104,20.1790022],[85.900678,20.1791268],[85.9007357,20.1791571],[85.9007733,20.1791652],[85.9008128,20.1791659],[85.9008618,20.1791508],[85.9012467,20.1789676]]}},{"type":"Feature","properties":{"id":872235351,"highway":"residential"},"geometry":{"type":"LineString","coordinates":[[85.9519853,20.197307],[85.9521027,20.1972548],[85.9522609,20.1971566],[85.9525385,20.1970245],[85.952619,20.1970081],[85.9526767,20.1970157],[85.952855,20.197056]]}},{"type":"Feature","properties":{"id":872235352,"highway":"residential"},"geometry":{"type":"LineString","coordinates":[[85.9503054,20.1986171],[85.9504965,20.19838],[85.9506271,20.1982792],[85.9507214,20.1982065],[85.9510048,20.1979723],[85.9513825,20.1976614],[85.9515668,20.1974706]]}},{"type":"Feature","properties":{"id":872829355,"highway":"residential"},"geometry":{"type":"LineString","coordinates":[[85.90618,20.1539153],[85.9061531,20.1539015],[85.9061286,20.1538739],[85.9060141,20.1536266],[85.9059072,20.1533977],[85.9058913,20.1533833],[85.9058702,20.1533731],[85.9058491,20.1533692],[85.9058294,20.1533695]]}},{"type":"Feature","properties":{"id":872829356,"highway":"residential"},"geometry":{"type":"LineString","coordinates":[[85.9058294,20.1533695],[85.9057399,20.1533998]]}},{"type":"Feature","properties":{"id":872829357,"highway":"residential"},"geometry":{"type":"LineString","coordinates":[[85.9057399,20.1533998],[85.9056659,20.1534204]]}},{"type":"Feature","properties":{"id":872829359,"highway":"residential"},"geometry":{"type":"LineString","coordinates":[[85.9173443,20.1403225],[85.9173705,20.1402583],[85.9173833,20.1402311]]}},{"type":"Feature","properties":{"id":872829360,"highway":"residential"},"geometry":{"type":"LineString","coordinates":[[85.9173833,20.1402311],[85.9174144,20.1401669]]}},{"type":"Feature","properties":{"id":872839999,"highway":"residential"},"geometry":{"type":"LineString","coordinates":[[85.9174144,20.1401669],[85.9174152,20.1401518],[85.9174108,20.1401378],[85.9173981,20.1401144],[85.917361,20.1400386],[85.917299,20.1399235],[85.9171899,20.1395919],[85.9171686,20.1395127],[85.9171616,20.1394694],[85.9171593,20.1394261],[85.9171695,20.1392742],[85.9171938,20.1390905],[85.9172108,20.1390177],[85.9172428,20.1388806],[85.9172456,20.1387723]]}},{"type":"Feature","properties":{"id":872840000,"highway":"residential"},"geometry":{"type":"LineString","coordinates":[[85.9174424,20.1387811],[85.9172456,20.1387723],[85.9171746,20.1387844],[85.9168728,20.1388356],[85.9164124,20.1389209],[85.9163473,20.1389205],[85.9162855,20.138911],[85.9162136,20.1388978],[85.9161354,20.1388635],[85.9160651,20.1388473],[85.9160045,20.1388431],[85.9152725,20.1390084],[85.9151479,20.1390727],[85.91505,20.1391474],[85.9149556,20.1392299],[85.9148767,20.1393146],[85.9147648,20.1394045],[85.9146285,20.1394757],[85.9141698,20.1396161],[85.9139188,20.1396994],[85.913826,20.1397558],[85.9137412,20.1398331],[85.9136708,20.1399329],[85.9136241,20.1400261],[85.9135947,20.1401354],[85.9135781,20.1403055],[85.9135741,20.1403926],[85.9135873,20.1404756]]}},{"type":"Feature","properties":{"id":872840001,"highway":"residential"},"geometry":{"type":"LineString","coordinates":[[85.9126452,20.1414955],[85.9126175,20.1414803]]}},{"type":"Feature","properties":{"id":872840002,"highway":"residential"},"geometry":{"type":"LineString","coordinates":[[85.9126175,20.1414803],[85.9125644,20.1414513],[85.9125114,20.1414222]]}},{"type":"Feature","properties":{"id":872840003,"highway":"residential"},"geometry":{"type":"LineString","coordinates":[[85.9125114,20.1414222],[85.9124911,20.141413],[85.9123686,20.1413573],[85.9122896,20.1413267],[85.9122009,20.1412996],[85.9121367,20.141289],[85.9120561,20.1412796],[85.9115137,20.1412392],[85.9112208,20.1412405],[85.910749,20.1412762],[85.9103136,20.1412725],[85.9095226,20.1412259],[85.909247,20.1412097],[85.9091033,20.1411909],[85.909072,20.1411917],[85.908869,20.1411991],[85.9086314,20.1412412],[85.9083922,20.1412717],[85.9082647,20.1412855],[85.9081195,20.1413098],[85.907858,20.1413835],[85.9077156,20.1414368],[85.9076482,20.1414714],[85.9075916,20.1415074],[85.9075657,20.1415334],[85.9075494,20.1415613],[85.9075465,20.1415953],[85.9075511,20.1416303],[85.9075682,20.1416754],[85.9075885,20.1417215],[85.9076343,20.1418147],[85.9076567,20.1418741],[85.9076618,20.1419019],[85.9076636,20.1419336],[85.907657,20.1419547],[85.9076365,20.1419707],[85.907574,20.1419963],[85.907099,20.142116],[85.9070109,20.1421424],[85.906925,20.142175],[85.906781,20.1422435],[85.9065228,20.142369],[85.9063104,20.1425355],[85.9061682,20.1426459],[85.9060148,20.1427355],[85.9052048,20.1431172],[85.9050583,20.1431729],[85.9048196,20.1432637],[85.9045875,20.1433438],[85.9042174,20.1435447],[85.9039848,20.1437008],[85.9038173,20.1437717],[85.9035071,20.1439354],[85.9030424,20.1442552],[85.9026257,20.1444404],[85.902607,20.1444435],[85.9025883,20.14444],[85.9025752,20.1444349],[85.902564,20.1444243],[85.902455,20.1442684],[85.9024369,20.1442619],[85.9024166,20.144258],[85.902396,20.1442613],[85.9023776,20.1442674],[85.9017851,20.1445432]]}},{"type":"Feature","properties":{"id":872840004,"highway":"unclassified"},"geometry":{"type":"LineString","coordinates":[[85.9049561,20.1510928],[85.9050173,20.1510568],[85.905029,20.1510372],[85.9050323,20.1510156],[85.9050305,20.1509766],[85.9050118,20.1509143],[85.9049873,20.1508583],[85.9049623,20.1507949],[85.9049324,20.150711],[85.9049024,20.1506266],[85.9048365,20.1504734],[85.9046482,20.1499754],[85.9044625,20.149605],[85.904453,20.1495859],[85.9042241,20.1492094],[85.9039269,20.1487219],[85.9037895,20.1484876],[85.9037498,20.1484199],[85.9035352,20.1480284],[85.9033713,20.1477117],[85.9032412,20.1474422],[85.9029777,20.1468697],[85.9028067,20.1465527],[85.9023658,20.1456419],[85.9021953,20.145287],[85.9018887,20.1447448],[85.9017851,20.1445432],[85.9017283,20.1444784],[85.9016506,20.1443819],[85.9016116,20.1443312],[85.9015662,20.1442632],[85.9012421,20.1438079],[85.9008771,20.1432795],[85.9007614,20.1430995],[85.9006905,20.1429199],[85.9006217,20.1427096],[85.9006127,20.1426702],[85.9005698,20.142418]]}},{"type":"Feature","properties":{"id":872840005,"highway":"unclassified"},"geometry":{"type":"LineString","coordinates":[[85.9048485,20.1511354],[85.9049561,20.1510928]]}},{"type":"Feature","properties":{"id":872840006,"highway":"residential"},"geometry":{"type":"LineString","coordinates":[[85.9048156,20.1511757],[85.9047177,20.1511128],[85.9046893,20.1510811],[85.9046676,20.1510473],[85.9046376,20.1509755],[85.9045087,20.1506107],[85.9045078,20.1506012],[85.9045117,20.1505911],[85.9045162,20.150582],[85.9045248,20.1505754],[85.9045481,20.1505648]]}},{"type":"Feature","properties":{"id":872840007,"highway":"residential"},"geometry":{"type":"LineString","coordinates":[[85.9045481,20.1505648],[85.9047784,20.1504939]]}},{"type":"Feature","properties":{"id":872840008,"highway":"residential"},"geometry":{"type":"LineString","coordinates":[[85.9047784,20.1504939],[85.9048365,20.1504734]]}},{"type":"Feature","properties":{"id":872840601,"highway":"residential"},"geometry":{"type":"LineString","coordinates":[[85.9207755,20.196852],[85.9208343,20.1968594],[85.9208887,20.1968735],[85.9209413,20.1968829],[85.9209972,20.1968984],[85.9210195,20.1969064],[85.9210351,20.1969176],[85.9210426,20.1969355],[85.9211156,20.1973179],[85.9211755,20.1975052],[85.9212519,20.1977684],[85.921272,20.1978375],[85.9213525,20.1981069],[85.9214276,20.1983347],[85.9215242,20.1986128],[85.9215456,20.1987135],[85.9215456,20.1988947],[85.9215752,20.1990407],[85.9217387,20.1997055]]}},{"type":"Feature","properties":{"id":872840602,"highway":"residential"},"geometry":{"type":"LineString","coordinates":[[85.9192706,20.1991039],[85.9194444,20.1991397],[85.9197713,20.1991682],[85.919811,20.1991769],[85.919853,20.1992032],[85.9198904,20.1992668],[85.9201005,20.1997138],[85.9201309,20.1997533],[85.9201846,20.1997796],[85.9202756,20.1997927],[85.9206889,20.1997839],[85.9207567,20.1997905],[85.920829,20.1998124],[85.9210345,20.1999593],[85.9210976,20.1999855],[85.921177,20.1999899]]}},{"type":"Feature","properties":{"id":872840644,"highway":"residential"},"geometry":{"type":"LineString","coordinates":[[85.9015456,20.200529],[85.9016935,20.2004307],[85.9018475,20.2003555],[85.9021094,20.2002398],[85.9022454,20.2002058],[85.9023713,20.2001849],[85.9025038,20.2001502],[85.9029351,20.1999738],[85.9034805,20.1997743],[85.9039519,20.199595],[85.9040166,20.1995863],[85.9040813,20.1995979],[85.9041121,20.1996355],[85.9041398,20.1997338],[85.9043093,20.2004104],[85.9043832,20.2006533],[85.9044849,20.2008673],[85.9046605,20.2012056],[85.9048639,20.2015699],[85.9050703,20.2019342],[85.9051258,20.2020759],[85.9051443,20.2021713],[85.9051444,20.2022391]]}},{"type":"Feature","properties":{"id":872840655,"highway":"residential"},"geometry":{"type":"LineString","coordinates":[[85.9216298,20.1976785],[85.9212519,20.1977684]]}},{"type":"Feature","properties":{"id":872844043,"highway":"residential"},"geometry":{"type":"LineString","coordinates":[[85.9057528,20.1494479],[85.9064687,20.1492714],[85.9066315,20.1492212],[85.9069987,20.1491081],[85.9071479,20.1490564]]}},{"type":"Feature","properties":{"id":872844044,"highway":"residential"},"geometry":{"type":"LineString","coordinates":[[85.906476,20.148283],[85.9066315,20.1492212]]}},{"type":"Feature","properties":{"id":872844045,"highway":"residential"},"geometry":{"type":"LineString","coordinates":[[85.9044625,20.149605],[85.9047179,20.1493539],[85.9048222,20.1492892],[85.9049922,20.1492259],[85.9051514,20.1491847],[85.9057879,20.1490196]]}},{"type":"Feature","properties":{"id":872844046,"highway":"residential"},"geometry":{"type":"LineString","coordinates":[[85.9049599,20.1486203],[85.9051514,20.1491847]]}},{"type":"Feature","properties":{"id":872844047,"highway":"residential"},"geometry":{"type":"LineString","coordinates":[[85.907853,20.1483466],[85.9077773,20.1481554],[85.9076526,20.147835],[85.9075302,20.1474728],[85.9074837,20.1473353],[85.9074671,20.1473113],[85.9074349,20.1472957],[85.9073793,20.1472821],[85.9072162,20.1472822],[85.9070519,20.1472819],[85.9070125,20.1472875],[85.9069732,20.1473017],[85.9067001,20.1474463],[85.9060688,20.1476569],[85.9037895,20.1484876]]}},{"type":"Feature","properties":{"id":872844048,"highway":"residential"},"geometry":{"type":"LineString","coordinates":[[85.9075302,20.1474728],[85.9077795,20.1474242],[85.9078304,20.1474199],[85.9078889,20.1474229],[85.9079286,20.147432],[85.9079721,20.1474448],[85.9081549,20.1475035],[85.9082214,20.1475365],[85.9082589,20.1475631],[85.9084005,20.1477071]]}},{"type":"Feature","properties":{"id":872844049,"highway":"residential"},"geometry":{"type":"LineString","coordinates":[[85.9094905,20.1392444],[85.9095281,20.1398893],[85.9094717,20.1404561],[85.9094959,20.1410632],[85.9095226,20.1412259]]}},{"type":"Feature","properties":{"id":872844050,"highway":"residential"},"geometry":{"type":"LineString","coordinates":[[85.9141698,20.1396161],[85.9139516,20.1385104]]}},{"type":"Feature","properties":{"id":872844051,"highway":"residential"},"geometry":{"type":"LineString","coordinates":[[85.9184994,20.1363089],[85.9174586,20.1365996],[85.9173235,20.1366564],[85.9172598,20.1366852],[85.9172069,20.1367271],[85.9171749,20.1367648],[85.9171491,20.1368025],[85.9171137,20.1368813],[85.9169878,20.1371951],[85.9169335,20.1373158],[85.9168644,20.137433],[85.9167459,20.1375677],[85.9165718,20.1377095],[85.9160394,20.1380654],[85.9159869,20.1381026],[85.9159536,20.1381398],[85.9159461,20.1381991],[85.9159505,20.1382629],[85.916013,20.1384236],[85.9160397,20.1385158],[85.9160595,20.1385844],[85.9160666,20.1386598],[85.9160613,20.1387284],[85.9160356,20.1387916],[85.9160045,20.1388431]]}},{"type":"Feature","properties":{"id":872850222,"highway":"residential"},"geometry":{"type":"LineString","coordinates":[[85.920195,20.1348248],[85.9202578,20.1351553],[85.9203766,20.1355837],[85.9204323,20.1358007],[85.9204465,20.1358136],[85.920464,20.1358232],[85.920484,20.1358315],[85.920504,20.1358322],[85.920529,20.1358227],[85.9206209,20.1357909],[85.9206521,20.1357873],[85.9206758,20.1357906],[85.920703,20.1358003],[85.9207679,20.1358776],[85.920806,20.1359626],[85.9211321,20.1367427],[85.9212899,20.1373475],[85.921409,20.1378056],[85.9214122,20.1378529],[85.9214013,20.1379235],[85.9213969,20.1379973],[85.9214566,20.1384352],[85.9214668,20.1384597],[85.9214916,20.1385023],[85.9215133,20.1385295],[85.9215365,20.1385445],[85.9215597,20.1385479],[85.9215959,20.1385459],[85.9218435,20.1384763],[85.9222244,20.1383555],[85.922296,20.138362],[85.9223145,20.1383714],[85.9223299,20.1383859],[85.9223414,20.1384075],[85.9223591,20.1384321],[85.9223837,20.1384437],[85.9224145,20.1384494],[85.9224407,20.1384422],[85.9225684,20.138448],[85.9226976,20.1384564]]}},{"type":"Feature","properties":{"id":872850223,"highway":"residential"},"geometry":{"type":"LineString","coordinates":[[85.9193643,20.1349717],[85.919954,20.1348795],[85.920195,20.1348248],[85.9205024,20.1347588],[85.9205916,20.134724],[85.9206788,20.1346814],[85.9207408,20.1346415],[85.920763,20.1346194],[85.9207837,20.1345891],[85.9207942,20.1345457],[85.9208011,20.1342649],[85.9208128,20.1341689],[85.9208335,20.1340728]]}},{"type":"Feature","properties":{"id":872850224,"highway":"residential"},"geometry":{"type":"LineString","coordinates":[[85.9214566,20.1384352],[85.9209556,20.1385655],[85.9208997,20.1385799],[85.9208475,20.1385869],[85.920811,20.1385844],[85.9207755,20.1385778],[85.9207265,20.1385628],[85.9206796,20.1385423],[85.9206381,20.1385178],[85.9206015,20.1384916],[85.9205639,20.1384703],[85.9204925,20.1384405],[85.9204275,20.1384206],[85.9204006,20.1384151],[85.9203794,20.1384167],[85.9203556,20.1384203],[85.920328,20.1384269],[85.9199958,20.1385566],[85.9198065,20.1386596],[85.9195878,20.1388202],[85.9194711,20.13895],[85.9193582,20.1390395],[85.9193419,20.1390539],[85.9193356,20.139062],[85.9193325,20.1390685],[85.9193303,20.1390746],[85.9193261,20.1390913],[85.9193257,20.1391448],[85.9193246,20.1391893],[85.9193219,20.1392004],[85.9193173,20.1392108],[85.9193081,20.1392214],[85.9192988,20.1392291],[85.9192762,20.1392416],[85.9192503,20.1392523],[85.9189458,20.1393299],[85.9187579,20.1393735],[85.9186929,20.1393657],[85.9185948,20.1393415],[85.9185029,20.1393163],[85.9184523,20.1393124],[85.9184141,20.1393182],[85.9183037,20.139357],[85.9181819,20.1394229],[85.9180188,20.1394733],[85.9179424,20.139482],[85.9178949,20.1394723],[85.9178536,20.139452],[85.9178133,20.1394093],[85.9177338,20.1392901],[85.9176781,20.1392611],[85.9176162,20.1392426],[85.9175232,20.1392194],[85.9173694,20.1391467],[85.9172108,20.1390177]]}},{"type":"Feature","properties":{"id":872850225,"highway":"residential"},"geometry":{"type":"LineString","coordinates":[[85.9203766,20.1355837],[85.9200238,20.1356613],[85.9199027,20.1356879],[85.9196374,20.1357647],[85.9195571,20.1358266],[85.9194918,20.1358654],[85.9194535,20.1358781],[85.9194141,20.1358858],[85.9193608,20.1358847],[85.9193075,20.1358777],[85.9192545,20.1358594],[85.9192026,20.1358461],[85.9191635,20.1358355],[85.9191201,20.1358268],[85.9190299,20.1358219],[85.9188474,20.1358314],[85.9185009,20.1358811],[85.918482,20.1358872],[85.9184672,20.1358943],[85.9184409,20.1359153],[85.9184351,20.1359289],[85.9184322,20.1359415],[85.918438,20.1359739],[85.9184744,20.1361036],[85.9184946,20.1362603],[85.9184994,20.1363089],[85.918555,20.136643]]}},{"type":"Feature","properties":{"id":872850226,"highway":"residential"},"geometry":{"type":"LineString","coordinates":[[85.9174158,20.1358169],[85.9175635,20.136025],[85.9175865,20.1360772],[85.9175904,20.1361132],[85.9175798,20.1361366],[85.9175434,20.1361645],[85.9173371,20.1362789],[85.9173189,20.136296],[85.9173114,20.1363121],[85.9173079,20.1363303],[85.9173081,20.1363485],[85.9173122,20.1363645],[85.9174586,20.1365996],[85.917623,20.1369422],[85.9176685,20.137069],[85.9177139,20.1372386],[85.9177462,20.1374676],[85.917751,20.1376281],[85.9177199,20.1377606],[85.9177035,20.1377824],[85.9176816,20.1378033],[85.9176494,20.1378172],[85.9176135,20.1378268],[85.9173289,20.1378639],[85.9172846,20.1378762],[85.9172703,20.1378942],[85.9172595,20.1379458],[85.9172619,20.1381423],[85.9172477,20.1381726],[85.9172272,20.1382018],[85.9172003,20.138227],[85.917177,20.1382568],[85.9171614,20.1382978],[85.9171531,20.1383399],[85.9171447,20.1385666],[85.9171746,20.1387844]]}},{"type":"Feature","properties":{"id":872850227,"highway":"residential"},"geometry":{"type":"LineString","coordinates":[[85.9160397,20.1385158],[85.9164509,20.1384009],[85.9166631,20.1383393],[85.9167642,20.1383174],[85.9168148,20.1383148],[85.916872,20.1383185],[85.9171531,20.1383399]]}},{"type":"Feature","properties":{"id":872855664,"highway":"residential"},"geometry":{"type":"LineString","coordinates":[[85.915607,20.1428735],[85.9155659,20.1428451]]}},{"type":"Feature","properties":{"id":872855665,"highway":"residential"},"geometry":{"type":"LineString","coordinates":[[85.9155659,20.1428451],[85.9154034,20.1427378],[85.9153609,20.1427037],[85.9153219,20.1426676],[85.9149544,20.1421995]]}},{"type":"Feature","properties":{"id":872855666,"highway":"residential"},"geometry":{"type":"LineString","coordinates":[[85.9159524,20.1431033],[85.9159709,20.1431961],[85.9160614,20.1436123],[85.9160854,20.1436776],[85.916104,20.1437093],[85.916113,20.1437245],[85.9161834,20.1438241],[85.9163358,20.1440668],[85.916449,20.1443111],[85.9165571,20.1445063],[85.916556,20.1445512],[85.9165471,20.1445929],[85.9165205,20.1446336],[85.9163294,20.144742],[85.9160194,20.144861],[85.9159645,20.1448742],[85.9159083,20.1448808],[85.9157883,20.1448776],[85.9156916,20.1448818],[85.9156432,20.1448884],[85.9156033,20.144899],[85.9155105,20.144935]]}},{"type":"Feature","properties":{"id":872855668,"highway":"residential"},"geometry":{"type":"LineString","coordinates":[[85.9097172,20.1526914],[85.9098063,20.1529764],[85.909918,20.1534167],[85.9099538,20.1535428],[85.9100129,20.1536689],[85.9100621,20.1537621]]}},{"type":"Feature","properties":{"id":872855671,"highway":"residential"},"geometry":{"type":"LineString","coordinates":[[85.915607,20.1428735],[85.915913,20.1430629],[85.9159524,20.1431033],[85.9160084,20.1431244],[85.9160593,20.1431309],[85.916113,20.1431321],[85.9161669,20.1431439],[85.9162237,20.1431611],[85.9165339,20.1433103],[85.9167746,20.1435155],[85.9170012,20.1437075],[85.9170596,20.1437538],[85.9171581,20.1438396],[85.9173203,20.1439605],[85.9176051,20.1441178],[85.9179544,20.1442223],[85.9182108,20.1443504],[85.918575,20.144542],[85.9187392,20.144621],[85.9188097,20.1446675],[85.9188408,20.1447001],[85.9188636,20.1447327],[85.9189598,20.1448748],[85.9193161,20.1455784],[85.9196412,20.1462204],[85.9196847,20.1463015],[85.9197163,20.1463916],[85.9199247,20.147017],[85.919932,20.1470699],[85.9199272,20.1470967],[85.9199164,20.1471174],[85.9198978,20.1471414],[85.9196702,20.1472827],[85.9196512,20.147301],[85.9196352,20.147321],[85.9196277,20.147351],[85.9196252,20.147381],[85.919644,20.1477677],[85.919648,20.1483469],[85.9196551,20.1495011],[85.9196509,20.1495333],[85.9196464,20.149549],[85.9196378,20.1495643],[85.9196128,20.1495808],[85.9194619,20.1496505],[85.9185401,20.1498963],[85.9184136,20.1499149],[85.9182856,20.1499235],[85.9181588,20.1499192],[85.9180474,20.1499033],[85.917792,20.1498493],[85.9175582,20.1497722],[85.917525,20.1497558],[85.9174888,20.1497401],[85.9174465,20.1497314],[85.9174181,20.1497376],[85.9173917,20.1497687],[85.917374,20.1500116],[85.9173489,20.1502974],[85.9173596,20.1505495],[85.9173646,20.1506279],[85.9173862,20.1507062],[85.9175665,20.1510698],[85.9176087,20.1511833]]}},{"type":"Feature","properties":{"id":872855672,"highway":"residential"},"geometry":{"type":"LineString","coordinates":[[85.9196378,20.1495643],[85.9196702,20.1495826],[85.9196836,20.1495848],[85.9197,20.1495836],[85.9197179,20.1495801],[85.9197346,20.1495727],[85.9199845,20.149372],[85.9201519,20.1492638],[85.9202421,20.1492113],[85.9203358,20.1491665],[85.920511,20.1491158],[85.9206996,20.1490775],[85.9208303,20.1490603],[85.9209765,20.1490515],[85.9211104,20.1490685],[85.9212287,20.1490959],[85.9236691,20.1499815],[85.9238058,20.1500675]]}},{"type":"Feature","properties":{"id":872862880,"highway":"residential"},"geometry":{"type":"LineString","coordinates":[[85.9136546,20.1551465],[85.9142315,20.1548456]]}},{"type":"Feature","properties":{"id":872862881,"highway":"residential"},"geometry":{"type":"LineString","coordinates":[[85.9140844,20.1539042],[85.9142544,20.1542204],[85.9143956,20.1544795],[85.9143956,20.1545141],[85.9143779,20.1545367],[85.9141276,20.1546708],[85.9138036,20.1548349]]}},{"type":"Feature","properties":{"id":872862883,"highway":"residential"},"geometry":{"type":"LineString","coordinates":[[85.9145507,20.1513259],[85.914729,20.1517376],[85.9148415,20.1519994]]}},{"type":"Feature","properties":{"id":872862884,"highway":"unclassified"},"geometry":{"type":"LineString","coordinates":[[85.9045457,20.1306101],[85.9045028,20.1313507],[85.9044924,20.1314094],[85.9044776,20.1314627],[85.9043413,20.1318284],[85.9042265,20.1323381],[85.9040807,20.1327284],[85.9039601,20.1332906],[85.90392,20.1334503],[85.9039073,20.133543]]}},{"type":"Feature","properties":{"id":872862888,"highway":"residential"},"geometry":{"type":"LineString","coordinates":[[85.903307,20.1377728],[85.9030774,20.1378427],[85.9029059,20.1378805],[85.9027464,20.1379043],[85.9024562,20.1379083],[85.902183,20.13791],[85.9014934,20.1379264],[85.9013219,20.1379154],[85.901234,20.1379075],[85.9011061,20.1378805],[85.9009518,20.1378446],[85.9007641,20.1378345],[85.9005417,20.1378423],[85.9004209,20.137821],[85.9003504,20.1377873],[85.9002978,20.1377447],[85.9002141,20.1377099],[85.9001459,20.1376953],[85.9000216,20.1377054],[85.8996437,20.1377683],[85.8994058,20.1378233],[85.8992706,20.1378727],[85.8992487,20.1378862],[85.8992314,20.1379024],[85.8992206,20.1379212],[85.8992144,20.1379411]]}},{"type":"Feature","properties":{"id":872864969,"highway":"residential"},"geometry":{"type":"LineString","coordinates":[[85.9035174,20.135812],[85.9045634,20.1358618]]}},{"type":"Feature","properties":{"id":872864970,"highway":"residential"},"geometry":{"type":"LineString","coordinates":[[85.9039798,20.1368609],[85.90328,20.1368289]]}},{"type":"Feature","properties":{"id":872864971,"highway":"residential"},"geometry":{"type":"LineString","coordinates":[[85.9032581,20.1375014],[85.90399,20.1374434]]}},{"type":"Feature","properties":{"id":872864972,"highway":"residential"},"geometry":{"type":"LineString","coordinates":[[85.9024729,20.138619],[85.902183,20.13791]]}},{"type":"Feature","properties":{"id":872864973,"highway":"residential"},"geometry":{"type":"LineString","coordinates":[[85.9033332,20.1365152],[85.904114,20.1365005]]}},{"type":"Feature","properties":{"id":872864974,"highway":"residential"},"geometry":{"type":"LineString","coordinates":[[85.9050583,20.1431729],[85.9053178,20.1434482],[85.9053334,20.1434855],[85.9053334,20.1435212],[85.9052954,20.1435763],[85.9051227,20.1437254],[85.905083,20.1437704],[85.9050752,20.1437909],[85.9050709,20.1438113],[85.9050741,20.1438524],[85.905083,20.1438924],[85.9051641,20.1440804]]}},{"type":"Feature","properties":{"id":872867568,"highway":"residential"},"geometry":{"type":"LineString","coordinates":[[85.9004146,20.1540288],[85.901236,20.1538898],[85.9015303,20.1538369]]}},{"type":"Feature","properties":{"id":872867569,"highway":"residential"},"geometry":{"type":"LineString","coordinates":[[85.9201203,20.1453988],[85.9193161,20.1455784]]}},{"type":"Feature","properties":{"id":873984976,"highway":"residential"},"geometry":{"type":"LineString","coordinates":[[85.9202578,20.1351553],[85.9201629,20.1351865],[85.9200932,20.1352255],[85.9200342,20.1352898],[85.9200047,20.1353804],[85.9200101,20.1354937],[85.9200238,20.1356613]]}},{"type":"Feature","properties":{"id":874474212,"highway":"residential"},"geometry":{"type":"LineString","coordinates":[[85.9856686,20.104722],[85.9850067,20.1049835],[85.9845561,20.1050994],[85.9839898,20.1052559],[85.9839576,20.1052617],[85.9839239,20.1052566],[85.9838904,20.1052348],[85.9837782,20.1050994],[85.9834081,20.1045705],[85.9832687,20.1044221],[85.9832418,20.1044042],[85.9832125,20.1043882],[85.9820723,20.1039432]]}},{"type":"Feature","properties":{"id":874474213,"highway":"residential"},"geometry":{"type":"LineString","coordinates":[[85.9868896,20.1128112],[85.9869969,20.111834],[85.9869594,20.1114663],[85.986718,20.1109122],[85.9862352,20.1100106],[85.9859624,20.1093699],[85.9857427,20.1088492],[85.9856449,20.1085828],[85.9855968,20.1084138],[85.9854037,20.1080008],[85.9853334,20.1077855],[85.9851998,20.1073762],[85.9848512,20.1061672],[85.9847843,20.1057753],[85.98476,20.1056686],[85.9845561,20.1050994]]}},{"type":"Feature","properties":{"id":874474214,"highway":"residential"},"geometry":{"type":"LineString","coordinates":[[85.988397,20.1068574],[85.9885097,20.1071747],[85.9886706,20.107759],[85.988735,20.1081015],[85.9886865,20.1084005],[85.9886414,20.1084781],[85.9885701,20.1085416],[85.9884273,20.1086157],[85.9882522,20.1086858],[85.9879089,20.1087664],[85.9875709,20.1088873],[85.9869647,20.1090434],[85.986941,20.1090511],[85.9859624,20.1093699]]}},{"type":"Feature","properties":{"id":874474215,"highway":"residential"},"geometry":{"type":"LineString","coordinates":[[85.9923554,20.0997884],[85.9923495,20.0998178],[85.9923381,20.0998424],[85.9923042,20.0998734],[85.9922115,20.0999259],[85.9921751,20.0999537],[85.9921548,20.0999943],[85.9921438,20.10003],[85.9921396,20.1000817],[85.9921497,20.1001612],[85.9922048,20.1004195],[85.9922039,20.1004473],[85.9921921,20.1004664],[85.9921751,20.1004855],[85.9921396,20.1005053],[85.9921032,20.1005197],[85.9918878,20.100559],[85.9911556,20.1006181],[85.9909666,20.1006314],[85.9908057,20.1006617],[85.9905911,20.1007322],[85.9904355,20.1008128],[85.9902478,20.1009437],[85.9901834,20.1010143],[85.990178,20.1010747],[85.9904624,20.1020418],[85.9905643,20.1025355],[85.990693,20.103019],[85.9907038,20.1031752],[85.9907467,20.1034069],[85.9907842,20.1041172],[85.9909505,20.1051145],[85.991019,20.1057731],[85.991031,20.1058298],[85.9910859,20.105971],[85.9911012,20.1060253],[85.9910948,20.1060867],[85.9910471,20.1062025],[85.9909398,20.1063033],[85.990752,20.1063788],[85.9904463,20.1064544],[85.9902907,20.1064594],[85.9902263,20.1064443],[85.9901512,20.1064091],[85.9899742,20.1062731],[85.9898979,20.106255],[85.9897933,20.1062582],[85.989706,20.1062781],[85.9896255,20.1063048],[85.9891749,20.1064796],[85.988735,20.1067063],[85.988397,20.1068574],[85.9880645,20.1069682],[85.9870291,20.1071193],[85.9856826,20.1072755],[85.9851998,20.1073762]]}},{"type":"Feature","properties":{"id":874474220,"highway":"residential"},"geometry":{"type":"LineString","coordinates":[[85.9896255,20.1063048],[85.9897337,20.1065832],[85.9898508,20.1069077],[85.9898463,20.1069627],[85.9898132,20.1070336],[85.9897631,20.1070979],[85.9896959,20.1071502],[85.9896254,20.1071872],[85.9893991,20.1072426]]}},{"type":"Feature","properties":{"id":874477032,"highway":"residential"},"geometry":{"type":"LineString","coordinates":[[85.9782215,20.1085343],[85.9782039,20.1084897],[85.9781928,20.1084696],[85.9781707,20.1084267],[85.9781117,20.108293],[85.978105,20.1082687],[85.9781028,20.1082472],[85.9781072,20.1082285],[85.9781316,20.1082036],[85.9781831,20.1081754],[85.9782785,20.1081191],[85.9783523,20.1080526],[85.9784033,20.1079919],[85.9785051,20.1078345],[85.9793473,20.1063133],[85.9799052,20.1054117],[85.980388,20.1045503],[85.9806776,20.104097],[85.9807351,20.1040326],[85.9807834,20.1039965],[85.9808203,20.1039821],[85.98086,20.1039833],[85.9808955,20.103991],[85.9810256,20.1040518],[85.9811744,20.1041086],[85.9813201,20.1041459],[85.9817721,20.1042999],[85.981923,20.1043488]]}},{"type":"Feature","properties":{"id":874477034,"highway":"unclassified"},"geometry":{"type":"LineString","coordinates":[[85.9753434,20.0989184],[85.9753232,20.0989305],[85.9753139,20.0989495],[85.9753108,20.0989703],[85.9753121,20.0989926],[85.9753523,20.0991987],[85.9754537,20.0995259],[85.9755653,20.0999215],[85.9757316,20.1005159],[85.975973,20.1012615],[85.9759998,20.1016594],[85.9759676,20.1018509],[85.9756833,20.1029188],[85.975678,20.10308],[85.9758657,20.1036996],[85.9764773,20.1055434],[85.9764823,20.1055844],[85.97649,20.1057203],[85.9764887,20.1057628]]}},{"type":"Feature","properties":{"id":874477036,"highway":"residential"},"geometry":{"type":"LineString","coordinates":[[85.9735597,20.1057116],[85.9735671,20.1059278],[85.9735536,20.1060219],[85.9734636,20.1063017],[85.9733993,20.10646],[85.9733489,20.1065297],[85.9731796,20.1066722],[85.9731352,20.1066969],[85.9728847,20.1068077],[85.9728296,20.1068448],[85.9727599,20.1069142],[85.9727378,20.1069443],[85.9727253,20.1069927],[85.9727135,20.1070649]]}},{"type":"Feature","properties":{"id":874477037,"highway":"tertiary"},"geometry":{"type":"LineString","coordinates":[[85.9743324,20.1056566],[85.9744929,20.1056449]]}},{"type":"Feature","properties":{"id":874477038,"highway":"tertiary"},"geometry":{"type":"LineString","coordinates":[[85.9744929,20.1056449],[85.974631,20.1056169],[85.974669,20.1056007],[85.9747041,20.1055834],[85.9747359,20.1055792],[85.9747579,20.1055815],[85.9747889,20.1056022],[85.9748882,20.1057206],[85.9749203,20.1057518],[85.974972,20.1057747],[85.9750292,20.1057835],[85.975084,20.1057796],[85.9752953,20.1056964],[85.9753607,20.1056815],[85.9757853,20.1056182],[85.9762466,20.1056082],[85.9763038,20.1056145],[85.9763721,20.1056474],[85.9764247,20.1056849],[85.9764887,20.1057628],[85.9767455,20.106304],[85.9770193,20.1068211],[85.9772466,20.1071818],[85.9773459,20.1073347],[85.977733,20.1079244],[85.9780183,20.1083524],[85.9780928,20.1084493],[85.9781416,20.1084939],[85.9782215,20.1085343],[85.9790848,20.1091421],[85.9792132,20.1091946],[85.9792969,20.1092108],[85.9794277,20.1091946],[85.9795105,20.1091589],[85.9799454,20.10877],[85.9800764,20.1086593],[85.9801541,20.1086026],[85.9803,20.1085297]]}},{"type":"Feature","properties":{"id":874482452,"highway":"residential"},"geometry":{"type":"LineString","coordinates":[[85.9758228,20.1144243],[85.9756816,20.11409],[85.9756173,20.1139932],[85.9754677,20.1138305],[85.9754247,20.1138084],[85.9753596,20.1137993],[85.9752695,20.1138006],[85.9751698,20.1138084],[85.9751364,20.1138237],[85.975067,20.113864],[85.9750397,20.1138699],[85.9750166,20.1138708],[85.9749978,20.1138656],[85.9749817,20.1138496],[85.9749269,20.1137787],[85.9749089,20.1137593],[85.9748915,20.1137507],[85.9748712,20.1137481],[85.9748348,20.1137502],[85.9747861,20.1137567],[85.9747589,20.1137563],[85.9747387,20.1137498],[85.9747221,20.1137386],[85.9747069,20.1137182],[85.9746853,20.1136858],[85.9746251,20.1134868],[85.9746091,20.1134654],[85.9745825,20.1134514],[85.9745547,20.1134445],[85.974501,20.1134532],[85.9743621,20.1134822],[85.9742429,20.1134903],[85.9740966,20.1135089],[85.9740212,20.113528],[85.9739663,20.1135402],[85.9739379,20.1135419],[85.9739169,20.1135367],[85.9738891,20.1135199],[85.9738718,20.1135002],[85.9737392,20.1131531],[85.9737117,20.1131069],[85.9736571,20.1130797],[85.9735543,20.1130661],[85.9733519,20.1130857],[85.9731929,20.1131265],[85.972779,20.1134553],[85.9727513,20.1134688],[85.9727275,20.1134754],[85.9727095,20.1134718],[85.972693,20.1134596],[85.9722875,20.1128084],[85.9722664,20.112784],[85.9722292,20.1127534],[85.9722051,20.1127443],[85.9721746,20.1127443],[85.972128,20.1127685],[85.9721058,20.112781],[85.9720843,20.1127911],[85.9720481,20.1127911],[85.9720252,20.1127772],[85.9720131,20.1127558],[85.9720172,20.1127091],[85.9720037,20.1126486],[85.9719473,20.1125528],[85.971895,20.112462],[85.9716666,20.1121668],[85.9716384,20.1121202],[85.9716344,20.1120899],[85.9716492,20.1120496],[85.9717002,20.1120004],[85.9720118,20.1118112],[85.972083,20.1117633],[85.9721474,20.1117015],[85.9721756,20.1116485],[85.9722653,20.1106291],[85.972267,20.1105269],[85.9722569,20.1105018],[85.9722117,20.1104861],[85.9721314,20.1104876],[85.9720091,20.1105175]]}},{"type":"Feature","properties":{"id":874482453,"highway":"residential"},"geometry":{"type":"LineString","coordinates":[[85.9772466,20.1071818],[85.9770149,20.1072988],[85.9767975,20.1073837],[85.9767309,20.1073933],[85.9766449,20.1073959],[85.9762411,20.1073448],[85.9762,20.1073453],[85.9761491,20.1073593],[85.9758648,20.1074569],[85.9753186,20.1076079],[85.9751362,20.1076129],[85.9750074,20.1075878],[85.9749109,20.1075273],[85.9747765,20.1073961],[85.9747549,20.1073808],[85.9747248,20.1073769],[85.9746916,20.1073784],[85.974647,20.1073938],[85.974045,20.107546]]}},{"type":"Feature","properties":{"id":874482460,"highway":"secondary"},"geometry":{"type":"LineString","coordinates":[[85.9860841,20.0937326],[85.9861804,20.0939937],[85.9861724,20.0942051],[85.9860976,20.094522],[85.9860382,20.0947741],[85.9858796,20.0952201],[85.98573,20.095554],[85.984964,20.096446],[85.984727,20.096809],[85.9844688,20.0972631],[85.984138,20.098014],[85.984,20.098434],[85.9835695,20.0995627],[85.9833945,20.1000217],[85.982965,20.101169],[85.982908,20.101462],[85.9826461,20.1022395],[85.9826221,20.1022947],[85.9820723,20.1039432],[85.9820041,20.1041457],[85.981923,20.1043488],[85.98169,20.104932],[85.980335,20.10837],[85.9803,20.1085297],[85.979599,20.111725],[85.979432,20.112596],[85.9791872,20.1139443],[85.9791521,20.1143582],[85.979017,20.115148],[85.979011,20.115703],[85.979135,20.117083],[85.979144,20.117761],[85.97888,20.119071],[85.978615,20.119611],[85.9781006,20.1204181],[85.9780452,20.120501],[85.9779818,20.1206251],[85.9777929,20.1209368],[85.9777794,20.1209614]]}},{"type":"Feature","properties":{"id":874498210,"highway":"residential"},"geometry":{"type":"LineString","coordinates":[[85.9910859,20.105971],[85.9913115,20.105969],[85.9913617,20.1059633],[85.9913877,20.1059559],[85.991402,20.1059323],[85.9914045,20.1059069],[85.9913833,20.1057452],[85.9913904,20.1056991],[85.9914219,20.1056151]]}},{"type":"Feature","properties":{"id":874498822,"highway":"unclassified"},"geometry":{"type":"LineString","coordinates":[[85.9132582,20.1192423],[85.9132311,20.1192603],[85.9124226,20.1197956],[85.9121388,20.1199826],[85.9117001,20.1202664],[85.9114217,20.1204961],[85.9113394,20.1205943],[85.9112846,20.1206867],[85.9112622,20.120778],[85.9112014,20.1213087],[85.9111737,20.121512],[85.9111957,20.1217117],[85.9112057,20.1217449],[85.9112237,20.1217999],[85.9112548,20.121937],[85.9112643,20.1220523],[85.9112833,20.1222085],[85.911284,20.1223969],[85.9112614,20.1224504],[85.9112388,20.1224947],[85.9111593,20.1225924],[85.910734,20.1229616],[85.9103361,20.1232768],[85.9098983,20.1235616],[85.9098412,20.1236015],[85.9097973,20.1236413],[85.9097621,20.1236886],[85.9095185,20.124131],[85.9090311,20.1247561],[85.9089122,20.1249357],[85.9087162,20.125325],[85.9085005,20.1256196],[85.9084281,20.1257066],[85.9083741,20.1257961],[85.9083395,20.1258584],[85.9083196,20.1259392],[85.9083174,20.1260053],[85.9083225,20.1260646],[85.9084354,20.1263617],[85.9085313,20.1266925],[85.9085721,20.1269025],[85.9086524,20.1271044],[85.908707,20.1272844],[85.908708,20.1276063],[85.9086652,20.1278203],[85.9086329,20.1278812],[85.9085644,20.1279391],[85.9083908,20.1280301],[85.9082258,20.1280939],[85.9080009,20.1281721],[85.9079587,20.1281883],[85.907801,20.1282367],[85.9070616,20.1284508],[85.9069045,20.1285212],[85.9064302,20.1286863],[85.9063958,20.1286962],[85.9063658,20.128702],[85.9063103,20.128707],[85.9058329,20.1286847],[85.9057997,20.1286857],[85.9057687,20.1286917],[85.9057435,20.1286978],[85.9057216,20.1287069],[85.905603,20.1288084],[85.9055838,20.1288191],[85.9055625,20.1288238],[85.9055293,20.1288296],[85.9054972,20.1288293],[85.9053392,20.1288135],[85.9050536,20.1287795],[85.9049962,20.1287684],[85.904972,20.1287692],[85.9049497,20.1287727],[85.904925,20.1287797],[85.9049041,20.1287903],[85.9047705,20.1288804],[85.9047251,20.1288949],[85.9046856,20.1288936],[85.904507,20.1288664],[85.9044403,20.1288571],[85.9037446,20.128759],[85.9037128,20.1287539],[85.9036875,20.1287427],[85.903667,20.1287297],[85.9036405,20.128713],[85.9034749,20.1286035],[85.9034212,20.1285807],[85.9033617,20.1285703],[85.9031214,20.1285728],[85.9028921,20.1285802],[85.9028491,20.1285812],[85.9028033,20.1285699],[85.902771,20.1285458],[85.9027461,20.1285121],[85.9027058,20.1284484],[85.9025933,20.1282201],[85.90234,20.1276633],[85.9023121,20.127636],[85.9022774,20.127623],[85.9022404,20.1276208],[85.9022,20.1276267],[85.9015632,20.1278936],[85.9013223,20.1279755],[85.9005119,20.1282154],[85.8996059,20.1284345]]}},{"type":"Feature","properties":{"id":874505606,"highway":"unclassified"},"geometry":{"type":"LineString","coordinates":[[85.9586353,20.1037091],[85.9584434,20.1036885],[85.9583777,20.1036809],[85.9583026,20.103657],[85.9571596,20.1032172],[85.9565163,20.1029983],[85.9564304,20.1029782],[85.955607,20.1028434],[85.9554353,20.102817],[85.9549458,20.1027427],[85.9541439,20.1026142],[85.9540701,20.102606],[85.9535953,20.1025966],[85.9535122,20.1026009],[85.9526807,20.1026621],[85.9526204,20.1026608],[85.9525627,20.1026457],[85.9519619,20.1023581],[85.9517366,20.1022502],[85.951695,20.1022376],[85.9516534,20.1022376],[85.9516186,20.102259]]}},{"type":"Feature","properties":{"id":874507897,"highway":"residential"},"geometry":{"type":"LineString","coordinates":[[85.9616929,20.1088242],[85.9616353,20.1087549],[85.9615964,20.108731],[85.9615508,20.1087184],[85.961308,20.1086756],[85.9612476,20.1086506],[85.961013,20.1084955],[85.9609647,20.1084816],[85.9609124,20.1084842],[85.9598878,20.1087977],[85.9598167,20.1088229],[85.9592413,20.1090888]]}},{"type":"Feature","properties":{"id":874507898,"highway":"residential"},"geometry":{"type":"LineString","coordinates":[[85.9628531,20.1086427],[85.9628999,20.1086254],[85.9632164,20.1084894],[85.9640908,20.1081821]]}},{"type":"Feature","properties":{"id":874507899,"highway":"unclassified"},"geometry":{"type":"LineString","coordinates":[[85.962818,20.1086668],[85.9628531,20.1086427]]}},{"type":"Feature","properties":{"id":874507900,"highway":"unclassified"},"geometry":{"type":"LineString","coordinates":[[85.962764,20.1087129],[85.962818,20.1086668]]}},{"type":"Feature","properties":{"id":874509267,"highway":"residential"},"geometry":{"type":"LineString","coordinates":[[85.9855968,20.1084138],[85.9859992,20.1082174],[85.9860791,20.1081924],[85.9861566,20.108189],[85.9862359,20.1082161],[85.9863007,20.108277],[85.9863692,20.1083819],[85.9864032,20.1085052],[85.9864284,20.1085477],[85.9864689,20.108564],[85.9865542,20.1085653],[85.9867045,20.1085613],[85.9867305,20.1085653],[85.9867666,20.1085925],[85.9867935,20.1086366],[85.9868042,20.1086739],[85.986941,20.1090511]]}},{"type":"Feature","properties":{"id":874510501,"highway":"unclassified"},"geometry":{"type":"LineString","coordinates":[[85.9516186,20.102259],[85.95153,20.1023063]]}},{"type":"Feature","properties":{"id":874512089,"highway":"residential"},"geometry":{"type":"LineString","coordinates":[[85.9020743,20.1266158],[85.9016907,20.1266517],[85.9016503,20.1266465],[85.90161,20.1266344],[85.9015604,20.1266078],[85.9015289,20.126577],[85.9014991,20.1265427],[85.9014759,20.1265064],[85.9014564,20.1264633],[85.901408,20.1262491],[85.9012819,20.1257855],[85.901231,20.1256534],[85.9011605,20.1255323],[85.9010312,20.1254111],[85.9008713,20.1252631],[85.9004474,20.1247441],[85.8999414,20.124164]]}},{"type":"Feature","properties":{"id":874512101,"highway":"residential"},"geometry":{"type":"LineString","coordinates":[[85.9514325,20.1156019],[85.9509976,20.1149416],[85.9509654,20.1149041],[85.9509212,20.1148714],[85.9503753,20.114524],[85.9503132,20.1144858],[85.9496768,20.1141002],[85.949623,20.1140655],[85.9494942,20.1139597],[85.949452,20.1139131],[85.9493041,20.1136986],[85.9492645,20.1136474],[85.9488437,20.1131633],[85.9482658,20.1124775],[85.9482611,20.1124404],[85.9482993,20.112429],[85.948351,20.1124284],[85.9486064,20.1124574],[85.9487084,20.1124624],[85.9487955,20.1124637],[85.9492279,20.1123999],[85.9492898,20.1123899],[85.9494951,20.1123533]]}},{"type":"Feature","properties":{"id":874512631,"highway":"residential"},"geometry":{"type":"LineString","coordinates":[[85.9610237,20.1096868],[85.9608041,20.1098457],[85.9607663,20.1098671],[85.9602944,20.1100872],[85.9602537,20.1101076],[85.9599977,20.1102504]]}},{"type":"Feature","properties":{"id":874512632,"highway":"residential"},"geometry":{"type":"LineString","coordinates":[[85.96119,20.1098959],[85.9617038,20.1094587],[85.9617412,20.1094162],[85.9618602,20.1092517],[85.9618881,20.1091946],[85.9619638,20.1089237]]}},{"type":"Feature","properties":{"id":874512633,"highway":"residential"},"geometry":{"type":"LineString","coordinates":[[85.9623889,20.1088702],[85.9626891,20.1096147],[85.9627101,20.1096739],[85.9627804,20.1099982],[85.9627982,20.1100542],[85.9628482,20.1101716],[85.9628843,20.1102291],[85.9632929,20.1108789]]}},{"type":"Feature","properties":{"id":874515322,"highway":"residential"},"geometry":{"type":"LineString","coordinates":[[85.900159,20.1264637],[85.9009467,20.1263049],[85.901408,20.1262491]]}},{"type":"Feature","properties":{"id":874516951,"highway":"unclassified"},"geometry":{"type":"LineString","coordinates":[[85.896087,20.1090399],[85.8968205,20.1088721],[85.8971803,20.108754],[85.8975099,20.1086703],[85.897595,20.1086591],[85.8976923,20.1086586],[85.8977449,20.1086802],[85.897779,20.1087221],[85.8978135,20.1087925],[85.8978292,20.108853],[85.8978983,20.1091848],[85.8979318,20.1094133],[85.8979512,20.1095139],[85.8979693,20.1095937],[85.8980352,20.1096094],[85.8980617,20.1096239],[85.8980909,20.1097237],[85.8979885,20.1100513],[85.8979228,20.1103],[85.8979149,20.1103716],[85.8979124,20.1104408],[85.8979301,20.1105182],[85.8981656,20.1108391],[85.89822,20.1109388],[85.8982625,20.1110384],[85.8982664,20.1111196],[85.8982472,20.1113148],[85.8982637,20.1115992],[85.8983957,20.1120657],[85.8984319,20.1122672],[85.8984592,20.1125016],[85.8985018,20.1126283],[85.8985316,20.1126871],[85.8985712,20.1127367],[85.8986245,20.1127969],[85.8987786,20.112919],[85.8988138,20.1129548],[85.898849,20.1129905],[85.8988761,20.1130325],[85.8989898,20.1133732],[85.899162,20.113775],[85.8994833,20.1144681],[85.9000958,20.1162398],[85.9001717,20.1165097],[85.9002395,20.1168428],[85.9002452,20.116925],[85.9002328,20.117005],[85.9000263,20.117541],[85.9000234,20.1175541],[85.9000237,20.1175656],[85.9000268,20.1175758],[85.9000321,20.117586],[85.9004591,20.1183156],[85.9005031,20.1183941],[85.9005343,20.1184276],[85.9005776,20.1184554],[85.9008678,20.1185974],[85.9008847,20.118611],[85.9008957,20.118629],[85.9008998,20.1186504],[85.9008935,20.1186675],[85.9007737,20.1188657],[85.9007697,20.1189012],[85.9007767,20.1189344],[85.9007865,20.1189677],[85.900801,20.1189974],[85.9011065,20.1192239],[85.9011941,20.1192814],[85.9013275,20.1193596],[85.9014812,20.119428],[85.9018628,20.1195654],[85.9019226,20.1195912],[85.901979,20.1196288],[85.9020217,20.1196867],[85.9021722,20.1199323],[85.9022757,20.1200913],[85.9022981,20.1201258],[85.9023077,20.1201486],[85.9023756,20.1205433],[85.9023888,20.120796],[85.9023716,20.120884],[85.9023675,20.1209053],[85.9023634,20.1211322],[85.9023856,20.1213689],[85.9024141,20.1214813],[85.9024557,20.1215814],[85.9026621,20.1219819],[85.9029109,20.1223791],[85.9030107,20.1226538],[85.9031054,20.1229428],[85.9031791,20.1233452],[85.9031908,20.1233786],[85.9032148,20.1234471],[85.9032709,20.1235586],[85.9034085,20.123772],[85.9039133,20.1243088],[85.9039377,20.1243216],[85.9039651,20.1243276],[85.9039921,20.1243272],[85.9040192,20.1243213],[85.9041618,20.1242739],[85.9043024,20.1242155],[85.9051248,20.1237841],[85.9051628,20.1237738],[85.9052072,20.1237695],[85.9052559,20.1237782],[85.9052968,20.1237972],[85.9055428,20.1241058],[85.9056092,20.1242244],[85.9056416,20.1242843],[85.9057216,20.1244063],[85.905757,20.1244603],[85.9059245,20.1246769],[85.9059445,20.1246957],[85.9059702,20.1247124],[85.9060041,20.1247196],[85.9060439,20.1247191],[85.9064844,20.1246276],[85.9067441,20.1245532],[85.9069972,20.1244604],[85.9074444,20.1242578],[85.9075285,20.1242072],[85.9076585,20.124092],[85.9077588,20.1240097],[85.907882,20.1239182],[85.9080262,20.1238495],[85.9081868,20.1237901],[85.9089935,20.1235499],[85.9093193,20.1234316],[85.9094576,20.1233675],[85.9096172,20.1232902],[85.9098553,20.1231442],[85.910105,20.1229614],[85.9104787,20.1226459],[85.910763,20.1223441],[85.9112057,20.1217449]]}},{"type":"Feature","properties":{"id":874523837,"highway":"residential"},"geometry":{"type":"LineString","coordinates":[[85.961886,20.1074518],[85.9621999,20.1073067],[85.9629213,20.1068675],[85.9629911,20.106812],[85.9632206,20.1065723],[85.9632841,20.1065329],[85.963785,20.1063285]]}},{"type":"Feature","properties":{"id":874525261,"highway":"residential"},"geometry":{"type":"LineString","coordinates":[[85.9584395,20.105296],[85.9585784,20.105381],[85.9586268,20.1054106],[85.9593074,20.106041],[85.959352,20.106077],[85.959419,20.1061099],[85.9599485,20.1062462],[85.9600228,20.1062649],[85.9600626,20.1062683],[85.9601346,20.1062727],[85.9604616,20.1062456],[85.9609848,20.1062114],[85.9610568,20.1062067],[85.961093,20.1062019],[85.9611255,20.1061912],[85.9612298,20.1061323],[85.9612589,20.1061175]]}},{"type":"Feature","properties":{"id":874525262,"highway":"residential"},"geometry":{"type":"LineString","coordinates":[[85.961423,20.1061036],[85.9620145,20.1056983]]}},{"type":"Feature","properties":{"id":874525263,"highway":"residential"},"geometry":{"type":"LineString","coordinates":[[85.9626357,20.1087965],[85.9624997,20.1085018],[85.9624638,20.108442],[85.9624193,20.1083872],[85.9621386,20.1081001],[85.9620885,20.1080479],[85.9619051,20.1077973],[85.9618773,20.1077503],[85.9617355,20.1074371],[85.961709,20.1073712],[85.9613859,20.1063815],[85.9613769,20.1063526],[85.9613609,20.1063205],[85.9612298,20.1061323]]}},{"type":"Feature","properties":{"id":874525264,"highway":"residential"},"geometry":{"type":"LineString","coordinates":[[85.9613436,20.1060663],[85.9613677,20.1060462]]}},{"type":"Feature","properties":{"id":874525265,"highway":"residential"},"geometry":{"type":"LineString","coordinates":[[85.9612589,20.1061175],[85.9613436,20.1060663]]}},{"type":"Feature","properties":{"id":874525907,"highway":"residential"},"geometry":{"type":"LineString","coordinates":[[85.9609848,20.1062114],[85.9609665,20.106251],[85.9609463,20.1062699],[85.9607923,20.1063836],[85.9607538,20.1064111],[85.960398,20.1066694],[85.9603742,20.1067004],[85.9603742,20.1067331],[85.9603833,20.1067693],[85.9606547,20.1070793],[85.9606694,20.1071085],[85.9606694,20.1071447],[85.9606492,20.1071705],[85.9603118,20.1073703],[85.9602678,20.107391],[85.9600367,20.1074805],[85.9600092,20.1075029],[85.9600019,20.1075339],[85.9600496,20.1078042]]}},{"type":"Feature","properties":{"id":874527679,"highway":"residential"},"geometry":{"type":"LineString","coordinates":[[85.9014035,20.1072382],[85.9014226,20.1073261],[85.901417,20.1074066],[85.9014329,20.1074718],[85.9015884,20.1077239],[85.9017109,20.1078862],[85.9017904,20.1079911],[85.9018061,20.1080343],[85.9018151,20.108109],[85.9018177,20.1081634],[85.9018254,20.1082186],[85.9018053,20.1082534],[85.9017763,20.1082737],[85.9017176,20.108287],[85.9012794,20.1083455],[85.9011342,20.1083538],[85.9010446,20.108369],[85.9010126,20.1083951],[85.9009952,20.1084336],[85.9009928,20.1085011],[85.9010054,20.1086011],[85.9010449,20.1087498],[85.9010954,20.1089092],[85.9011299,20.1090394],[85.9011406,20.1091047],[85.9011203,20.1091703],[85.9010735,20.1092104],[85.9008484,20.109294],[85.9008013,20.1093049],[85.9007578,20.1093073],[85.9007302,20.1093033],[85.900704,20.1092967],[85.9006545,20.1092714],[85.9005964,20.1092395],[85.9005742,20.1092322],[85.9005476,20.1092266],[85.9005221,20.1092223],[85.9004922,20.1092222],[85.9001954,20.1092032],[85.8998703,20.109212],[85.8996983,20.1092502],[85.8992299,20.1093754],[85.8987475,20.1094988],[85.8983826,20.1095732],[85.8981884,20.109605],[85.8980617,20.1096239]]}},{"type":"Feature","properties":{"id":874552231,"highway":"residential"},"geometry":{"type":"LineString","coordinates":[[85.9007956,20.1011209],[85.901033,20.1016683],[85.9010694,20.1016985],[85.9011559,20.1016866],[85.9013132,20.1016318],[85.9016502,20.1015245],[85.9019896,20.1014058],[85.9025975,20.1011641]]}},{"type":"Feature","properties":{"id":874552232,"highway":"residential"},"geometry":{"type":"LineString","coordinates":[[85.9023186,20.1000752],[85.9023299,20.1001307],[85.9023659,20.1002123],[85.9024015,20.1003129],[85.9024149,20.1004008],[85.9024703,20.1007121],[85.9025283,20.100932],[85.9025975,20.1011641],[85.9027611,20.1013834],[85.9028296,20.1015364],[85.9028869,20.1017295],[85.9030022,20.1020921],[85.9031098,20.1024135],[85.9033305,20.1030871],[85.9034416,20.1033907],[85.9036634,20.1042228],[85.9040088,20.1052615],[85.9040226,20.1052918],[85.9042695,20.1059538],[85.9043424,20.1062296],[85.9043408,20.1062737],[85.9043265,20.1063024],[85.9043023,20.1063311],[85.9042789,20.1063534],[85.9039537,20.1064663],[85.9032279,20.106643],[85.9028397,20.1067491],[85.9025123,20.1068368],[85.9017651,20.1070824],[85.9014035,20.1072382],[85.9012349,20.107269],[85.9011068,20.1073029],[85.9009023,20.1073598],[85.9007385,20.1074113],[85.9006284,20.1075075],[85.900538,20.1076168],[85.9004449,20.1076988],[85.9000095,20.1079491],[85.8998587,20.1080521],[85.8997944,20.1081339],[85.8997905,20.1081738],[85.8998018,20.1082478],[85.8998795,20.1084792],[85.8998868,20.1086044],[85.8999194,20.1089126],[85.8998703,20.109212]]}},{"type":"Feature","properties":{"id":874558948,"highway":"residential"},"geometry":{"type":"LineString","coordinates":[[85.9551162,20.103478],[85.9544562,20.1034377],[85.9543952,20.1034358],[85.9543276,20.1034427],[85.9539424,20.1034806],[85.953877,20.103483],[85.9526033,20.1033581],[85.9525215,20.1033398],[85.9522355,20.1032489],[85.9521709,20.1032096],[85.9521359,20.1031781],[85.9521163,20.1031405],[85.9521115,20.1030996],[85.9521278,20.1027187],[85.9521279,20.1026698],[85.9521083,20.1026318],[85.9520772,20.1025943],[85.9520249,20.1025638],[85.9515242,20.1023556],[85.9515024,20.1023417],[85.9514777,20.1023195]]}},{"type":"Feature","properties":{"id":874563025,"highway":"residential"},"geometry":{"type":"LineString","coordinates":[[85.9521279,20.1026698],[85.9521834,20.1026813],[85.9522182,20.1026951],[85.9523647,20.1027708],[85.9524069,20.1027863],[85.9525992,20.1028155],[85.9526441,20.1028187],[85.9535522,20.1027554],[85.9536288,20.1027484],[85.9540996,20.1027725],[85.9541802,20.1027828],[85.9552721,20.1029618],[85.9555395,20.102995],[85.95595,20.1030461],[85.9560214,20.1030564],[85.9565783,20.1031699],[85.9566443,20.1031923],[85.9571031,20.1033633]]}},{"type":"Feature","properties":{"id":874563027,"highway":"residential"},"geometry":{"type":"LineString","coordinates":[[85.9571596,20.1032172],[85.9571448,20.1032527]]}},{"type":"Feature","properties":{"id":874563028,"highway":"residential"},"geometry":{"type":"LineString","coordinates":[[85.9571448,20.1032527],[85.9571156,20.1033218]]}},{"type":"Feature","properties":{"id":874563029,"highway":"residential"},"geometry":{"type":"LineString","coordinates":[[85.9571156,20.1033218],[85.9571031,20.1033633],[85.9570226,20.1035878],[85.9570156,20.103623],[85.9569573,20.1042084],[85.9569434,20.1042279],[85.9569198,20.1042397],[85.9568865,20.1042436],[85.9566588,20.1042344]]}},{"type":"Feature","properties":{"id":874563030,"highway":"residential"},"geometry":{"type":"LineString","coordinates":[[85.9552721,20.1029618],[85.9551162,20.103478],[85.9550801,20.1038499]]}},{"type":"Feature","properties":{"id":874564028,"highway":"residential"},"geometry":{"type":"LineString","coordinates":[[85.9477898,20.1006855],[85.948161,20.1005504],[85.9482166,20.1005232],[85.9486805,20.1002605]]}},{"type":"Feature","properties":{"id":874565638,"highway":"residential"},"geometry":{"type":"LineString","coordinates":[[85.9465653,20.0995463],[85.9461982,20.0998181],[85.9458935,20.1000343],[85.9458766,20.1000661],[85.9458814,20.1001024],[85.9459056,20.1001342],[85.9461546,20.1003431],[85.9461763,20.1003749],[85.9461763,20.1004135],[85.946157,20.100443],[85.9460506,20.1005065],[85.9460386,20.1005383],[85.9460482,20.1005724],[85.9460796,20.1006019],[85.9461691,20.1006677],[85.9462102,20.1007086],[85.9466284,20.1013714],[85.9469088,20.1017869]]}},{"type":"Feature","properties":{"id":874565639,"highway":"residential"},"geometry":{"type":"LineString","coordinates":[[85.9532462,20.1017623],[85.9528743,20.1017623],[85.9528184,20.1017696],[85.9522727,20.1019354],[85.9522312,20.1019436],[85.9519186,20.1019945],[85.951874,20.1020095],[85.9518421,20.1020275],[85.9517289,20.1021278],[85.9517145,20.1021578],[85.951695,20.1022376]]}},{"type":"Feature","properties":{"id":874565640,"highway":"residential"},"geometry":{"type":"LineString","coordinates":[[85.9528743,20.1017623],[85.9528817,20.1015404],[85.9528872,20.1015129],[85.9529037,20.1014905],[85.9534148,20.1012703]]}},{"type":"Feature","properties":{"id":874637405,"highway":"unclassified"},"geometry":{"type":"LineString","coordinates":[[85.9187964,20.1147094],[85.9190313,20.1144537],[85.9197256,20.1136982],[85.9199819,20.1134839],[85.9200702,20.11341],[85.9207249,20.1129874],[85.9209755,20.1128197],[85.921784,20.1122535],[85.9218781,20.112185],[85.9225529,20.111694],[85.9226412,20.1116437],[85.9227368,20.1116001],[85.9228222,20.1115813],[85.9229059,20.1115728],[85.9230523,20.1115694]]}},{"type":"Feature","properties":{"id":874637406,"highway":"unclassified"},"geometry":{"type":"LineString","coordinates":[[85.9187964,20.1147094],[85.918775,20.1147479]]}},{"type":"Feature","properties":{"id":874637407,"highway":"unclassified"},"geometry":{"type":"LineString","coordinates":[[85.918775,20.1147479],[85.9187682,20.1147806],[85.918358,20.1167353],[85.9183235,20.116855],[85.9182708,20.1169769],[85.9182439,20.1170332],[85.918208,20.1170896],[85.918154,20.1171427],[85.9180908,20.1171852],[85.9167399,20.1178229],[85.9154188,20.118418],[85.9150386,20.1185786],[85.9139312,20.118914],[85.9138468,20.1189436],[85.9133104,20.1192116]]}},{"type":"Feature","properties":{"id":874637408,"highway":"unclassified"},"geometry":{"type":"LineString","coordinates":[[85.9133104,20.1192116],[85.9132582,20.1192423]]}},{"type":"Feature","properties":{"id":874637409,"highway":"unclassified"},"geometry":{"type":"LineString","coordinates":[[85.9045457,20.1306101],[85.9045321,20.1305356]]}},{"type":"Feature","properties":{"id":874637410,"highway":"unclassified"},"geometry":{"type":"LineString","coordinates":[[85.9039073,20.133543],[85.903921,20.1336281]]}},{"type":"Feature","properties":{"id":874637411,"highway":"unclassified"},"geometry":{"type":"LineString","coordinates":[[85.903921,20.1336281],[85.9039113,20.1337587],[85.903887,20.1338791],[85.9038326,20.1340675],[85.9035859,20.1349211],[85.9035623,20.1350059],[85.903547,20.1350985],[85.9035303,20.1351897],[85.9035235,20.1352779],[85.9035409,20.1357042],[85.9035408,20.1357725],[85.9035174,20.135812],[85.903444,20.1358727],[85.9034073,20.1359289],[85.9033826,20.1359874],[85.9033332,20.1365152],[85.90328,20.1368289],[85.9032581,20.1375014],[85.903278,20.1376845],[85.903307,20.1377728],[85.9035262,20.1384409],[85.9038772,20.1397119],[85.9038796,20.1397858],[85.9038724,20.1398561],[85.9038364,20.1399211],[85.9037928,20.1399842],[85.9037773,20.1400034],[85.9033465,20.1405461],[85.9028733,20.1410963],[85.9025879,20.1413842],[85.9016335,20.1421904],[85.9013279,20.1424287],[85.9012068,20.1424985],[85.9010761,20.1425504],[85.9008595,20.1426362],[85.9007071,20.1426784],[85.9006217,20.1427096]]}},{"type":"Feature","properties":{"id":874637412,"highway":"unclassified"},"geometry":{"type":"LineString","coordinates":[[85.9045321,20.1305356],[85.9044756,20.1304905],[85.9044412,20.1304485],[85.9044282,20.1304076],[85.9044231,20.1303609],[85.904427,20.1302689],[85.9045389,20.1298165],[85.9045366,20.1297602],[85.9045297,20.1297017],[85.9045001,20.1295954],[85.9044733,20.1295364],[85.9044398,20.129488],[85.9044267,20.1294375],[85.9044181,20.1293763],[85.904507,20.1288664]]}},{"type":"Feature","properties":{"id":874654883,"highway":"unclassified"},"geometry":{"type":"LineString","coordinates":[[85.9031908,20.1233786],[85.9037364,20.1232037],[85.9046498,20.1228988],[85.9047367,20.1228511],[85.9048235,20.1227943],[85.90486,20.1227355],[85.9048842,20.1226676],[85.9048948,20.1225855],[85.904894,20.1224928],[85.9048561,20.1218439],[85.9047544,20.1210151],[85.9046896,20.1204207],[85.9046785,20.120365],[85.9046165,20.1200537],[85.9045989,20.1198656],[85.9046144,20.1196909],[85.9046332,20.1196405],[85.9046685,20.1195884],[85.9047129,20.1195429],[85.9047573,20.1195111],[85.9049269,20.119369],[85.9050965,20.1192561],[85.9054497,20.1190568],[85.9063898,20.1186219],[85.9065364,20.1185494],[85.9066072,20.1185074],[85.9066683,20.1184516],[85.9066974,20.1184058],[85.9067191,20.1183601],[85.9067237,20.1183018],[85.9067137,20.118248],[85.9066724,20.1180791],[85.9063597,20.1172849],[85.9063552,20.1172429],[85.9063619,20.1172052],[85.9063803,20.1171638],[85.9064195,20.1171335],[85.9064665,20.1171088],[85.9071698,20.11682],[85.9072512,20.1167616],[85.9073484,20.1167106],[85.9075375,20.1166086],[85.9091543,20.1160875],[85.9092396,20.1160543],[85.9093619,20.1160068],[85.9097406,20.1158861],[85.9097632,20.115888],[85.9097848,20.1158965],[85.9098022,20.1159111],[85.9098116,20.1159285],[85.9099504,20.1164631],[85.9099838,20.1166018],[85.909994,20.1166243],[85.9100109,20.1166451],[85.9100373,20.1166566],[85.9100687,20.1166618],[85.910793,20.1166784],[85.9108652,20.11668],[85.9112079,20.1166654]]}},{"type":"Feature","properties":{"id":874654884,"highway":"unclassified"},"geometry":{"type":"LineString","coordinates":[[85.916052,20.0990143],[85.9149953,20.1001931],[85.9147136,20.1005299],[85.9141562,20.1013796],[85.9135952,20.1022441],[85.9132144,20.1028474],[85.9131237,20.1029718],[85.9130441,20.1030745],[85.9129898,20.1031446],[85.9126141,20.1035991],[85.9117176,20.1047173],[85.9113425,20.1052147],[85.911292,20.105307],[85.911271,20.1053972],[85.9112619,20.1054563],[85.9112572,20.1055133],[85.9112593,20.1056358],[85.9112723,20.105836],[85.9112943,20.1060362],[85.9113521,20.1064281],[85.9114688,20.1072502],[85.9114774,20.1073169],[85.9119681,20.1094379],[85.9124693,20.1112671],[85.9128013,20.1125186],[85.9128076,20.1126205],[85.9127979,20.112699],[85.9127736,20.1127837],[85.9127311,20.1128641],[85.9126405,20.1129806],[85.9119682,20.113778],[85.9117782,20.114014],[85.911718,20.1140935],[85.9116694,20.11417],[85.9116515,20.1142201],[85.9116431,20.1142692],[85.9116442,20.1143233],[85.9116495,20.1143635],[85.9119409,20.1153274],[85.9122174,20.1163556],[85.912445,20.1171739],[85.9124518,20.1171936],[85.9126398,20.1177369],[85.9127842,20.118177],[85.9129388,20.1186193],[85.9130609,20.1189412],[85.9132311,20.1192603]]}},{"type":"Feature","properties":{"id":874654885,"highway":"residential"},"geometry":{"type":"LineString","coordinates":[[85.9008957,20.118629],[85.9010499,20.1186048],[85.9013237,20.1185432],[85.9014699,20.1184988],[85.901681,20.1184344],[85.9018392,20.11837],[85.9018835,20.1183502],[85.9019057,20.1183363],[85.9019162,20.1183066],[85.9019184,20.1182174],[85.9019257,20.1181659],[85.9019363,20.1181282],[85.9019563,20.1181064],[85.9020534,20.1180609],[85.9021631,20.1179975],[85.9022929,20.1178786],[85.9024217,20.1177547],[85.9024443,20.1177228],[85.902467,20.1176814],[85.9024828,20.1176273],[85.9024924,20.1175685],[85.9024978,20.1175188],[85.9024945,20.1174763],[85.9024618,20.1173654],[85.9023299,20.1170622],[85.9022518,20.116872],[85.9022502,20.1168519],[85.9022531,20.1168258],[85.9022608,20.1168117],[85.9022708,20.1167996],[85.9022866,20.1167867],[85.9023035,20.1167778],[85.9023678,20.116762],[85.9025704,20.1167174],[85.9026042,20.1167204],[85.9026348,20.1167362],[85.9026675,20.1167749],[85.9027065,20.1168026],[85.9027414,20.1168155],[85.9027931,20.1168294],[85.9028927,20.1168409],[85.9029978,20.1168422],[85.9032067,20.1168125],[85.9032924,20.1168057],[85.9033576,20.1168056],[85.9033809,20.1168094],[85.9034043,20.1168196],[85.9034821,20.116867],[85.9035327,20.1168759],[85.9035918,20.1168769],[85.9036372,20.1168829],[85.9036661,20.1168929],[85.903691,20.1169086],[85.9037151,20.1169354],[85.9037321,20.1169631],[85.9037691,20.1170295],[85.9037933,20.1170652],[85.9038086,20.1170752],[85.9038239,20.117081],[85.9038464,20.1170863],[85.9038682,20.1170879],[85.9040624,20.1170622],[85.9042849,20.1170093],[85.9050273,20.1168225],[85.9052091,20.1167796],[85.9052642,20.1167701],[85.9053246,20.116773],[85.9055898,20.1168932],[85.9057179,20.1169336],[85.9058565,20.116969],[85.9059343,20.1169974],[85.9063552,20.1172429]]}},{"type":"Feature","properties":{"id":874654887,"highway":"unclassified"},"geometry":{"type":"LineString","coordinates":[[85.9122174,20.1163556],[85.9118159,20.1165397],[85.9116616,20.116606],[85.9115835,20.1166311],[85.9115074,20.1166452],[85.9113042,20.1166592]]}},{"type":"Feature","properties":{"id":874654888,"highway":"unclassified"},"geometry":{"type":"LineString","coordinates":[[85.9113042,20.1166592],[85.9112079,20.1166654]]}},{"type":"Feature","properties":{"id":874654889,"highway":"residential"},"geometry":{"type":"LineString","coordinates":[[85.9093416,20.1169366],[85.9092396,20.1160543]]}},{"type":"Feature","properties":{"id":874654890,"highway":"residential"},"geometry":{"type":"LineString","coordinates":[[85.9100109,20.1166451],[85.9099266,20.1167742],[85.9098392,20.1169086],[85.9098006,20.1169448],[85.9097756,20.1169598],[85.9097302,20.1169704],[85.9093416,20.1169366],[85.9089716,20.116915],[85.9088649,20.1169075],[85.9088206,20.1169043],[85.908791,20.1169107],[85.9087502,20.1169257],[85.9087286,20.1169491],[85.9086862,20.1170234],[85.9086673,20.1170727],[85.9086575,20.1171277],[85.9086577,20.1171394],[85.9086621,20.1174439],[85.908675,20.1175819],[85.9086891,20.1176524],[85.9087032,20.1177057],[85.9087961,20.1178988]]}},{"type":"Feature","properties":{"id":874654891,"highway":"residential"},"geometry":{"type":"LineString","coordinates":[[85.9079545,20.1172854],[85.9083871,20.1171996],[85.9086577,20.1171394]]}},{"type":"Feature","properties":{"id":874654892,"highway":"residential"},"geometry":{"type":"LineString","coordinates":[[85.9086621,20.1174439],[85.9088914,20.1174785],[85.9090453,20.1174828],[85.9092022,20.11748],[85.9093592,20.1174714],[85.9097827,20.1173913]]}},{"type":"Feature","properties":{"id":874654893,"highway":"residential"},"geometry":{"type":"LineString","coordinates":[[85.9107754,20.1156039],[85.9105748,20.1157252],[85.910513,20.1157795],[85.9104986,20.1158054],[85.910488,20.11584],[85.910488,20.1158721],[85.9105064,20.1159364],[85.9106353,20.1162488],[85.9107656,20.1164712],[85.9107958,20.1165181],[85.9107998,20.1165638],[85.910793,20.1166784]]}},{"type":"Feature","properties":{"id":874654894,"highway":"residential"},"geometry":{"type":"LineString","coordinates":[[85.9122174,20.1163556],[85.9124673,20.1162593],[85.9126821,20.116192],[85.9131315,20.116099],[85.9134058,20.1160003]]}},{"type":"Feature","properties":{"id":874654895,"highway":"residential"},"geometry":{"type":"LineString","coordinates":[[85.9138971,20.1161445],[85.9135219,20.1163545],[85.9134987,20.116374],[85.913487,20.1163908],[85.9134791,20.1164084],[85.9134705,20.1164647],[85.9134583,20.1165266],[85.9134576,20.1165424],[85.9134607,20.1165573],[85.9134804,20.1166309],[85.9134799,20.1166459],[85.9134767,20.1166581],[85.9134705,20.1166676],[85.9134644,20.1166735],[85.913429,20.1166953],[85.9129267,20.1169352],[85.9126627,20.1170672],[85.9125356,20.1171406],[85.9124518,20.1171936]]}},{"type":"Feature","properties":{"id":874654896,"highway":"residential"},"geometry":{"type":"LineString","coordinates":[[85.9153293,20.115916],[85.9153256,20.1158365],[85.9153351,20.1157422],[85.9153439,20.1156964],[85.9153658,20.1156555],[85.9154067,20.1156241],[85.9159457,20.1153375],[85.9161808,20.1152041],[85.9163,20.1151452],[85.9164225,20.1150955],[85.9165214,20.1150596],[85.9166248,20.1150344],[85.9167377,20.1150164],[85.916837,20.1150134],[85.9172742,20.1150142],[85.9174116,20.1150104],[85.9175603,20.114981],[85.9178484,20.1148956],[85.918133,20.114805],[85.9184236,20.1146389],[85.9184445,20.1146279],[85.9184724,20.1146234],[85.9184928,20.1146256],[85.9185091,20.1146306],[85.9187682,20.1147806]]}},{"type":"Feature","properties":{"id":874654898,"highway":"residential"},"geometry":{"type":"LineString","coordinates":[[85.9199819,20.1134839],[85.9199927,20.1134957]]}},{"type":"Feature","properties":{"id":874657781,"highway":"residential"},"geometry":{"type":"LineString","coordinates":[[85.9200239,20.1135295],[85.920067,20.1135391],[85.9201408,20.1135508],[85.9201987,20.1135722],[85.9202385,20.113602],[85.9202669,20.1136489],[85.9203089,20.1137524],[85.9203259,20.1138675],[85.9203441,20.1139145],[85.9203577,20.1139354],[85.9203743,20.1139481],[85.920392,20.1139553],[85.9204097,20.1139584],[85.9208717,20.1139361],[85.9209369,20.1139226],[85.9209941,20.1139027],[85.9212543,20.1137699],[85.9212971,20.113751],[85.9213489,20.1137342],[85.9214428,20.1137235],[85.9215445,20.1137226],[85.9217402,20.1136912],[85.9217926,20.1136715],[85.9218372,20.113632],[85.9219025,20.1135637],[85.9219261,20.1135396],[85.9220278,20.1134357],[85.9223031,20.113289],[85.9224713,20.1132026],[85.9226564,20.1131348],[85.9234941,20.1131228]]}},{"type":"Feature","properties":{"id":874657782,"highway":"residential"},"geometry":{"type":"LineString","coordinates":[[85.9199927,20.1134957],[85.9200239,20.1135295]]}},{"type":"Feature","properties":{"id":874657783,"highway":"residential"},"geometry":{"type":"LineString","coordinates":[[85.9238085,20.114521],[85.9237613,20.1145491],[85.9237186,20.1145907],[85.9237055,20.114643],[85.9237203,20.1147754],[85.9238498,20.1151126],[85.9240269,20.115553]]}},{"type":"Feature","properties":{"id":874672209,"highway":"unclassified"},"geometry":{"type":"LineString","coordinates":[[85.9179382,20.1282815],[85.9179355,20.1282572],[85.917933,20.1282346]]}},{"type":"Feature","properties":{"id":874672210,"highway":"unclassified"},"geometry":{"type":"LineString","coordinates":[[85.917933,20.1282346],[85.9179275,20.128181]]}},{"type":"Feature","properties":{"id":874672211,"highway":"unclassified"},"geometry":{"type":"LineString","coordinates":[[85.9111957,20.1217117],[85.9112216,20.1216943]]}},{"type":"Feature","properties":{"id":874672212,"highway":"unclassified"},"geometry":{"type":"LineString","coordinates":[[85.9179433,20.128329],[85.9179382,20.1282815]]}},{"type":"Feature","properties":{"id":874672213,"highway":"unclassified"},"geometry":{"type":"LineString","coordinates":[[85.9181087,20.1289565],[85.9180765,20.1289162]]}},{"type":"Feature","properties":{"id":874672214,"highway":"unclassified"},"geometry":{"type":"LineString","coordinates":[[85.9180765,20.1289162],[85.9180698,20.1289035],[85.918038,20.1288434],[85.9180134,20.1287768],[85.917983,20.1285456],[85.9179433,20.128329]]}},{"type":"Feature","properties":{"id":874672215,"highway":"residential"},"geometry":{"type":"LineString","coordinates":[[85.9187194,20.1301984],[85.9192964,20.1302666],[85.9193543,20.1302651],[85.9194207,20.1302555],[85.9195747,20.1302322],[85.9196162,20.1302329],[85.919668,20.1302337],[85.9199058,20.1302593],[85.9200195,20.1302502],[85.920122,20.1302171],[85.9203515,20.1301284],[85.9205644,20.1300249],[85.9206256,20.1299698],[85.9207254,20.12988],[85.9211135,20.1296454],[85.9213941,20.1294594],[85.9217776,20.1292783],[85.9219528,20.1292117],[85.9221433,20.1291594],[85.9229363,20.1289956],[85.9233977,20.1289331],[85.9235346,20.1288954],[85.9237858,20.1288104],[85.9240427,20.128735],[85.9241115,20.1287084],[85.9241386,20.1286827],[85.9241968,20.1285084],[85.9242289,20.1284862],[85.9247213,20.1284124],[85.9247803,20.1284036],[85.9248407,20.1284147],[85.9249453,20.1284852],[85.9249695,20.1285243],[85.9249882,20.1285734],[85.9251197,20.1289965],[85.925227,20.1293956],[85.92529,20.1296953],[85.9253128,20.1297494],[85.9255528,20.1301776],[85.9255823,20.1302468],[85.9258249,20.1307702]]}},{"type":"Feature","properties":{"id":874672216,"highway":"residential"},"geometry":{"type":"LineString","coordinates":[[85.9233977,20.1289331],[85.9237782,20.1294029],[85.923941,20.1296342],[85.9239691,20.1296912],[85.9241195,20.1300867],[85.9241461,20.1301404],[85.9242093,20.1302443],[85.9244186,20.1305886],[85.9246504,20.1310011]]}},{"type":"Feature","properties":{"id":874672217,"highway":"residential"},"geometry":{"type":"LineString","coordinates":[[85.9206256,20.1299698],[85.9205024,20.1297781],[85.9202939,20.1291442]]}},{"type":"Feature","properties":{"id":874672218,"highway":"residential"},"geometry":{"type":"LineString","coordinates":[[85.918799,20.1312536],[85.9191731,20.1312843],[85.9196284,20.1313174],[85.9201667,20.1313588]]}},{"type":"Feature","properties":{"id":874672219,"highway":"residential"},"geometry":{"type":"LineString","coordinates":[[85.9184359,20.1294169],[85.9188227,20.1293355],[85.9193811,20.1292548],[85.9193982,20.1292547],[85.9194171,20.1292589],[85.9194315,20.1292712],[85.9194411,20.1292887],[85.9195232,20.1296362],[85.9196162,20.1302329]]}},{"type":"Feature","properties":{"id":874672220,"highway":"residential"},"geometry":{"type":"LineString","coordinates":[[85.9179355,20.1282572],[85.9178135,20.1282399],[85.917742,20.1282324],[85.9176783,20.1282324],[85.9172632,20.1282771],[85.9170978,20.1283167],[85.917015,20.1283414],[85.9169402,20.1283711],[85.9165122,20.1284958],[85.9162678,20.1285431],[85.9161002,20.1285666],[85.9160175,20.1285785],[85.9159123,20.1285901],[85.9156797,20.1286203],[85.9151713,20.1286742],[85.9149266,20.1287012],[85.9146866,20.128746],[85.9136749,20.1289912],[85.9131113,20.129204],[85.9123854,20.1295639],[85.9115035,20.1300062],[85.9110516,20.1301682],[85.9103514,20.1304991],[85.9096698,20.1309656],[85.9093952,20.131088],[85.909364,20.1311334],[85.909353,20.1311864],[85.909337,20.1315874],[85.9093426,20.1316366],[85.909352,20.1316614],[85.9093719,20.1316773],[85.9093927,20.1316831],[85.9094182,20.1316824],[85.9095873,20.1316727],[85.9100984,20.1315886],[85.9105813,20.1314557],[85.9106151,20.1314519],[85.9106467,20.1314553],[85.9106723,20.1314616],[85.9106914,20.131471],[85.910802,20.1315759],[85.9108554,20.1316355],[85.9108974,20.1316951],[85.9113012,20.1326],[85.9113604,20.1326864]]}},{"type":"Feature","properties":{"id":874672221,"highway":"residential"},"geometry":{"type":"LineString","coordinates":[[85.9110516,20.1301682],[85.9104973,20.1291693]]}},{"type":"Feature","properties":{"id":874672222,"highway":"residential"},"geometry":{"type":"LineString","coordinates":[[85.9104772,20.1291122],[85.9104764,20.1291003],[85.9104811,20.1290865],[85.9104872,20.1290723],[85.9104969,20.1290589],[85.9105577,20.1290055],[85.9105989,20.1289625],[85.9106087,20.1289287],[85.910608,20.1288972],[85.9106053,20.1288639],[85.910487,20.1286196],[85.9104514,20.1284494],[85.9104343,20.1283742],[85.9103988,20.1283039],[85.9103148,20.12823],[85.9102229,20.1282267],[85.9101335,20.1282613],[85.9098795,20.1284152],[85.9097321,20.1284996],[85.909665,20.1285332],[85.9095953,20.1285593],[85.9091461,20.1286431],[85.9089069,20.1286878],[85.9087498,20.1287167],[85.9086833,20.1287258],[85.9086203,20.128727],[85.9085729,20.1287159],[85.9085162,20.1287031],[85.9084324,20.1286729],[85.9083536,20.1286467],[85.9083062,20.1286388],[85.9082724,20.1286396],[85.908147,20.1286668],[85.9076892,20.1288337],[85.9075252,20.128928],[85.9073735,20.1290223],[85.9072907,20.1290963],[85.9072344,20.1291801],[85.9071648,20.1293109],[85.9071379,20.1293855],[85.9071312,20.1294211],[85.9071318,20.1294589],[85.9071434,20.1295025],[85.9071574,20.1295439],[85.9073897,20.1299615]]}},{"type":"Feature","properties":{"id":874672223,"highway":"residential"},"geometry":{"type":"LineString","coordinates":[[85.9104973,20.1291693],[85.9104772,20.1291122]]}},{"type":"Feature","properties":{"id":874675251,"highway":"residential"},"geometry":{"type":"LineString","coordinates":[[85.9080009,20.1281721],[85.9080079,20.128196]]}},{"type":"Feature","properties":{"id":874675252,"highway":"residential"},"geometry":{"type":"LineString","coordinates":[[85.9080207,20.1282409],[85.9080275,20.1282629],[85.9080891,20.1284645],[85.908147,20.1286668]]}},{"type":"Feature","properties":{"id":874675253,"highway":"residential"},"geometry":{"type":"LineString","coordinates":[[85.9080079,20.128196],[85.9080207,20.1282409]]}},{"type":"Feature","properties":{"id":874675254,"highway":"residential"},"geometry":{"type":"LineString","coordinates":[[85.9080275,20.1282629],[85.9082086,20.1281825],[85.9083373,20.1281379],[85.9083922,20.1281359],[85.9084365,20.1281577],[85.9084998,20.1282013],[85.9085335,20.1282172],[85.9085663,20.1282291],[85.9086095,20.1282271],[85.9088469,20.1281934],[85.9089155,20.1281984],[85.908983,20.1282162],[85.9090316,20.128234],[85.9090801,20.1282667],[85.9091097,20.1283123],[85.9091461,20.1286431]]}},{"type":"Feature","properties":{"id":874675256,"highway":"residential"},"geometry":{"type":"LineString","coordinates":[[85.9071911,20.1274301],[85.9078633,20.1273486],[85.9078809,20.1273535],[85.9079,20.1273624],[85.9079168,20.127375],[85.9079307,20.1273946],[85.9079443,20.1274214],[85.9079476,20.1274496],[85.9079256,20.1276871],[85.9079366,20.1278317],[85.907977,20.1280911],[85.9080009,20.1281721]]}},{"type":"Feature","properties":{"id":874675257,"highway":"residential"},"geometry":{"type":"LineString","coordinates":[[85.9057216,20.1244063],[85.905911,20.124403],[85.9059591,20.1243972],[85.9060103,20.1243885],[85.9061035,20.124354],[85.9065926,20.1241645]]}},{"type":"Feature","properties":{"id":874675258,"highway":"residential"},"geometry":{"type":"LineString","coordinates":[[85.9043549,20.1253861],[85.9039982,20.1244428],[85.9039651,20.1243276]]}},{"type":"Feature","properties":{"id":874675259,"highway":"residential"},"geometry":{"type":"LineString","coordinates":[[85.9023716,20.120884],[85.9027033,20.1208182],[85.9027351,20.1208246],[85.9027612,20.1208396],[85.9027715,20.1208492],[85.9028771,20.1211051],[85.9030383,20.1214708]]}},{"type":"Feature","properties":{"id":874675260,"highway":"residential"},"geometry":{"type":"LineString","coordinates":[[85.9022757,20.1200913],[85.9026876,20.1199678],[85.9028646,20.1199003],[85.9030294,20.1198213],[85.9035566,20.1195535]]}},{"type":"Feature","properties":{"id":874677214,"highway":"unclassified"},"geometry":{"type":"LineString","coordinates":[[85.9256557,20.1187803],[85.9251254,20.1189957],[85.9250627,20.1190114],[85.9247012,20.1190841],[85.9246481,20.1191019],[85.924609,20.1191285],[85.9242651,20.119436],[85.9242233,20.1194799],[85.9241069,20.1195736],[85.9240627,20.1196019],[85.9238486,20.1197149],[85.9238256,20.1197332],[85.923815,20.1197581],[85.923815,20.1197913],[85.9238804,20.1203297],[85.9238769,20.1203679],[85.9238256,20.1205374],[85.9238114,20.120564],[85.9237746,20.1206321],[85.9237142,20.1207368],[85.9236562,20.1208199],[85.9235893,20.1208947],[85.9235338,20.1209584],[85.923473,20.1210072],[85.9233521,20.1210891],[85.9232295,20.1211611],[85.9231044,20.1212525],[85.9229847,20.1213488],[85.9229528,20.1213826],[85.9229315,20.1214148],[85.9229076,20.1214569],[85.9228925,20.1214973],[85.9228745,20.1217688],[85.9228637,20.1218301],[85.9228122,20.1218631],[85.9222354,20.1219871],[85.9217442,20.1221292],[85.9214702,20.1221913],[85.9211985,20.1222224],[85.9210416,20.1222377],[85.9208871,20.1222375],[85.9208339,20.1222266],[85.9207917,20.122201],[85.920759,20.1221713],[85.9207148,20.1221428],[85.9202518,20.1219926],[85.9195978,20.1216436],[85.9189756,20.1213179],[85.9188225,20.121202],[85.9187676,20.1211501],[85.9186757,20.1210772],[85.9183665,20.1208515],[85.9180268,20.1206332],[85.9178442,20.1204828],[85.9175706,20.1202309],[85.9174311,20.1200798],[85.9173602,20.1200178],[85.917335,20.119982],[85.9173118,20.1199405],[85.9172322,20.1197164],[85.9171491,20.1194986],[85.9171275,20.1194364],[85.9171155,20.1194184],[85.9170969,20.119405],[85.9170745,20.1193933],[85.9170472,20.1193831],[85.9169966,20.1193842],[85.9169418,20.1193963],[85.9168985,20.1194182],[85.9168649,20.1194492],[85.9167792,20.1195773],[85.9165283,20.1200486],[85.9157497,20.1213978],[85.9154488,20.1219344],[85.9153704,20.1220453],[85.915292,20.1221504],[85.9151351,20.1223425]]}},{"type":"Feature","properties":{"id":874677215,"highway":"residential"},"geometry":{"type":"LineString","coordinates":[[85.9119918,20.1210819],[85.9121369,20.1217194],[85.9121558,20.1217781],[85.9124552,20.1222428]]}},{"type":"Feature","properties":{"id":874677216,"highway":"unclassified"},"geometry":{"type":"LineString","coordinates":[[85.9112613,20.1216598],[85.9112929,20.1216348],[85.9119918,20.1210819],[85.9120617,20.1210266],[85.9121379,20.1209801],[85.9122256,20.1209337],[85.913111,20.1207181],[85.9133536,20.1206472],[85.9133934,20.1206433],[85.913429,20.1206497],[85.9134866,20.1206729],[85.9135387,20.120727],[85.9135716,20.1207733],[85.9136018,20.1208068],[85.9136224,20.1208177],[85.9136457,20.1208248],[85.9137505,20.1208531],[85.9140656,20.1209319],[85.9141841,20.1209687],[85.9142273,20.1209881],[85.9142575,20.1210099],[85.9142792,20.1210357],[85.9144291,20.1213117],[85.9149835,20.1221334],[85.9151351,20.1223425],[85.9152778,20.1225308],[85.915438,20.1227856],[85.915491,20.1228927],[85.9155321,20.1230053],[85.9156321,20.1233006],[85.9156806,20.1234198],[85.915983,20.1239735],[85.9161931,20.1244668],[85.9164044,20.1249728],[85.9165391,20.1252961],[85.9167092,20.125616],[85.916928,20.1261172],[85.9171444,20.1266448],[85.9173042,20.1269832],[85.9174809,20.1273244],[85.9176372,20.1276073],[85.917728,20.1277408],[85.9178217,20.1278663],[85.917868,20.1279277],[85.9178972,20.1280051],[85.9179275,20.128181]]}},{"type":"Feature","properties":{"id":874677217,"highway":"unclassified"},"geometry":{"type":"LineString","coordinates":[[85.9112216,20.1216943],[85.9112613,20.1216598]]}},{"type":"Feature","properties":{"id":874697256,"highway":"residential"},"geometry":{"type":"LineString","coordinates":[[85.9180698,20.1289035],[85.9178918,20.1289796],[85.9177934,20.1290082],[85.9176962,20.1290316],[85.9170743,20.1292195],[85.9169863,20.1292672],[85.916913,20.12932],[85.9168557,20.1293777],[85.9168094,20.1294543],[85.9165763,20.1300881],[85.9163379,20.1307157],[85.9162707,20.130897],[85.9162354,20.130953],[85.9161854,20.131005],[85.9158476,20.1311906],[85.9150249,20.1316658],[85.9147175,20.131915],[85.9143454,20.1322399],[85.9140402,20.132459],[85.9137765,20.1326137],[85.9137051,20.1326414],[85.9136285,20.132663],[85.9135557,20.1326747],[85.9134857,20.1326752],[85.9130775,20.1326764],[85.911959,20.1326083],[85.9117195,20.132588],[85.9116262,20.1325906],[85.9115303,20.1326179],[85.9114414,20.1326497],[85.9113604,20.1326864],[85.9107441,20.1331717]]}},{"type":"Feature","properties":{"id":874697257,"highway":"residential"},"geometry":{"type":"LineString","coordinates":[[85.9146756,20.1335032],[85.9143815,20.1335889],[85.9140655,20.133647],[85.9140455,20.1336451],[85.91403,20.1336374],[85.9140169,20.1336242],[85.9140091,20.133611],[85.9139731,20.1335052]]}},{"type":"Feature","properties":{"id":874697258,"highway":"residential"},"geometry":{"type":"LineString","coordinates":[[85.9139618,20.1334458],[85.9139454,20.1333619],[85.9139597,20.1329982],[85.9139609,20.1329472],[85.9139564,20.1329191],[85.9139424,20.132891],[85.9138059,20.1326629]]}},{"type":"Feature","properties":{"id":874697259,"highway":"residential"},"geometry":{"type":"LineString","coordinates":[[85.9139731,20.1335052],[85.9139618,20.1334458]]}},{"type":"Feature","properties":{"id":874697260,"highway":"residential"},"geometry":{"type":"LineString","coordinates":[[85.9137838,20.1326259],[85.9137765,20.1326137]]}},{"type":"Feature","properties":{"id":874697261,"highway":"residential"},"geometry":{"type":"LineString","coordinates":[[85.9138059,20.1326629],[85.9137838,20.1326259]]}},{"type":"Feature","properties":{"id":874697263,"highway":"residential"},"geometry":{"type":"LineString","coordinates":[[85.9110002,20.1187587],[85.9110762,20.1190865],[85.9111225,20.11923],[85.9111263,20.1192457],[85.9111251,20.1192691],[85.9111168,20.1192859],[85.9111064,20.1192989],[85.9110161,20.1193391],[85.9110042,20.1193497],[85.9109974,20.1193602],[85.9109915,20.1193757],[85.9109885,20.1193941],[85.9110131,20.1197896],[85.9110102,20.1198298],[85.9110025,20.1198693],[85.9109247,20.1199845],[85.9109151,20.1200129],[85.9109102,20.1200412],[85.9109133,20.1200913],[85.9109228,20.1201375],[85.9109648,20.1202184],[85.9111488,20.1205344],[85.9112102,20.1206229],[85.9112846,20.1206867]]}},{"type":"Feature","properties":{"id":874697264,"highway":"residential"},"geometry":{"type":"LineString","coordinates":[[85.912692,20.1238514],[85.9121534,20.1240306],[85.9121374,20.1240302],[85.9121207,20.1240256],[85.9121081,20.1240187],[85.9120987,20.1240074],[85.9119321,20.1236506],[85.9117878,20.1232487],[85.9116877,20.1230171],[85.9115307,20.122788],[85.9115163,20.1227758],[85.9114958,20.1227637],[85.9114732,20.122758],[85.9114527,20.1227561],[85.9112895,20.1227331],[85.911262,20.1227249],[85.911242,20.1227062]]}},{"type":"Feature","properties":{"id":874697265,"highway":"residential"},"geometry":{"type":"LineString","coordinates":[[85.9112394,20.1226757],[85.9112513,20.1226368],[85.9112627,20.1226179],[85.9113667,20.1224796],[85.9113787,20.1224389],[85.9113855,20.1223839],[85.9112929,20.1216348]]}},{"type":"Feature","properties":{"id":874697266,"highway":"residential"},"geometry":{"type":"LineString","coordinates":[[85.911242,20.1227062],[85.9112394,20.1226757]]}},{"type":"Feature","properties":{"id":874697267,"highway":"residential"},"geometry":{"type":"LineString","coordinates":[[85.9103087,20.1232573],[85.9101307,20.1229965]]}},{"type":"Feature","properties":{"id":874697268,"highway":"residential"},"geometry":{"type":"LineString","coordinates":[[85.9101307,20.1229965],[85.910105,20.1229614]]}},{"type":"Feature","properties":{"id":874697269,"highway":"residential"},"geometry":{"type":"LineString","coordinates":[[85.9103478,20.1232872],[85.9103361,20.1232768],[85.9103087,20.1232573]]}},{"type":"Feature","properties":{"id":874697270,"highway":"residential"},"geometry":{"type":"LineString","coordinates":[[85.9103888,20.1233234],[85.9103478,20.1232872]]}},{"type":"Feature","properties":{"id":874697271,"highway":"residential"},"geometry":{"type":"LineString","coordinates":[[85.9103888,20.1233234],[85.9103983,20.1233287],[85.9104081,20.123331],[85.9104788,20.1233191],[85.9104891,20.1233209],[85.9104994,20.1233256],[85.9105108,20.1233323],[85.9105186,20.1233401],[85.9108558,20.1238245],[85.9108869,20.123858],[85.9109041,20.1238688],[85.9109269,20.1238751],[85.9109493,20.1238794],[85.9109725,20.1238811],[85.9110454,20.1238623],[85.9111492,20.123817],[85.9112767,20.1237229],[85.9114352,20.1235869],[85.9115464,20.1235279]]}},{"type":"Feature","properties":{"id":874697963,"highway":"residential"},"geometry":{"type":"LineString","coordinates":[[85.9131496,20.1319242],[85.9134699,20.1319501],[85.9135296,20.131955],[85.913585,20.131956],[85.913814,20.1319283],[85.9138558,20.1319283],[85.9138815,20.1319444],[85.9139021,20.1319685],[85.913968,20.1322361],[85.9140402,20.132459]]}},{"type":"Feature","properties":{"id":874697964,"highway":"residential"},"geometry":{"type":"LineString","coordinates":[[85.9217776,20.1292783],[85.9215341,20.1285404]]}},{"type":"Feature","properties":{"id":874699686,"highway":"residential"},"geometry":{"type":"LineString","coordinates":[[85.9017651,20.1070824],[85.9016069,20.106776],[85.9015818,20.1067212],[85.9015686,20.1066649],[85.9015779,20.1066342],[85.9016262,20.1065989],[85.9016429,20.1065678],[85.9016686,20.1065104],[85.9017788,20.1064285],[85.9019036,20.1063655],[85.9024244,20.1062326]]}},{"type":"Feature","properties":{"id":874962157,"highway":"unclassified"},"geometry":{"type":"LineString","coordinates":[[85.9310433,20.1294901],[85.9309508,20.1289373],[85.9309481,20.1288731],[85.9309709,20.1284663],[85.9309722,20.1284072],[85.9309441,20.1281175],[85.9308261,20.1277209],[85.9308046,20.1276617],[85.9306466,20.1272454]]}},{"type":"Feature","properties":{"id":874969699,"highway":"unclassified"},"geometry":{"type":"LineString","coordinates":[[85.9231084,20.1116731],[85.9230681,20.1115986]]}},{"type":"Feature","properties":{"id":874969700,"highway":"unclassified"},"geometry":{"type":"LineString","coordinates":[[85.923238,20.1119124],[85.9236384,20.1117938],[85.923785,20.1117504],[85.924388,20.1115577],[85.9250105,20.1113587],[85.9250735,20.1113368],[85.9254027,20.1112645],[85.9254518,20.1112579],[85.9254868,20.1112645],[85.9255101,20.1112908],[85.9255903,20.111575],[85.9256591,20.1118187],[85.9256806,20.1118823],[85.9258131,20.1122671],[85.9258378,20.1123337],[85.9259997,20.1126241],[85.9261772,20.1128894],[85.9262099,20.1129201],[85.9262589,20.1129399],[85.9266162,20.1129508]]}},{"type":"Feature","properties":{"id":874969701,"highway":"residential"},"geometry":{"type":"LineString","coordinates":[[85.9226546,20.1106591],[85.9228979,20.1106061],[85.9232586,20.1105229],[85.9235587,20.1104906],[85.9237817,20.1104582],[85.9238386,20.1104455],[85.9238869,20.1104203],[85.9241632,20.1100954],[85.9241766,20.1100626],[85.9241712,20.1100223],[85.9240237,20.1096848]]}},{"type":"Feature","properties":{"id":874969702,"highway":"residential"},"geometry":{"type":"LineString","coordinates":[[85.9217303,20.1113523],[85.9219625,20.1112725],[85.922104,20.1112194],[85.9222088,20.1111556],[85.9223249,20.1110426],[85.9224339,20.1109136],[85.9225273,20.1108418],[85.922688,20.1107357]]}},{"type":"Feature","properties":{"id":874969703,"highway":"residential"},"geometry":{"type":"LineString","coordinates":[[85.9164665,20.1076038],[85.9168509,20.1075263],[85.9170701,20.1074544],[85.9173627,20.1073585],[85.9174129,20.107337],[85.9174773,20.1073208],[85.9175353,20.1073128],[85.9175849,20.1073181],[85.9177985,20.1074108],[85.9182445,20.1077318],[85.91835,20.1077884],[85.9184612,20.1078423],[85.9186865,20.1079475],[85.9190538,20.108152],[85.9192738,20.1082745],[85.919981,20.1087357],[85.9202159,20.1088734],[85.9203031,20.1089142],[85.9203971,20.1089551],[85.9205139,20.1089751],[85.9206376,20.1089802],[85.9208714,20.1089732],[85.9209853,20.1089566],[85.9210992,20.1089336],[85.9213134,20.1088791]]}},{"type":"Feature","properties":{"id":874985779,"highway":"residential"},"geometry":{"type":"LineString","coordinates":[[85.91408,20.0992509],[85.9140221,20.0993625],[85.9138987,20.0996108],[85.9137205,20.1001657],[85.9137145,20.1002193],[85.9137217,20.1002759],[85.913733,20.1003441],[85.9137345,20.1004062],[85.9136827,20.1005221],[85.9136325,20.1005965],[85.9135606,20.100674],[85.9134931,20.1007508],[85.9134666,20.1008314],[85.9134584,20.1009715],[85.9134482,20.1011117],[85.9134359,20.101175],[85.9133711,20.1012938],[85.9132785,20.1014111],[85.9131538,20.1015186],[85.9129862,20.1016741],[85.9127614,20.1018756],[85.9126899,20.1019661],[85.9126326,20.1020599],[85.9125304,20.1022653],[85.9124895,20.1023728],[85.9124793,20.1024035],[85.9124854,20.102447],[85.9125052,20.1024799],[85.9125364,20.1025064],[85.9125727,20.1025281],[85.9126264,20.1025605],[85.9126663,20.1026012],[85.9127964,20.1027415],[85.9129326,20.102903],[85.9130441,20.1030745]]}},{"type":"Feature","properties":{"id":874985781,"highway":"residential"},"geometry":{"type":"LineString","coordinates":[[85.9125656,20.0980002],[85.9123303,20.098473],[85.912272,20.098584],[85.9122335,20.098695],[85.9122087,20.09894],[85.9120919,20.0989198],[85.9119465,20.099772],[85.9119603,20.0999958],[85.9119948,20.1003227],[85.9119783,20.1004751],[85.9119255,20.1008464],[85.9118817,20.1010013],[85.9117853,20.1014043],[85.9117305,20.1015801],[85.9116612,20.1016972],[85.9113532,20.1021316],[85.9111577,20.102509],[85.9110541,20.1027287],[85.9109819,20.1029043],[85.9109399,20.1029994],[85.9108748,20.1031311],[85.9106734,20.1033775],[85.9104107,20.1037349],[85.9101504,20.1041212],[85.9101268,20.1041574],[85.9101105,20.1041768],[85.910083,20.1041949],[85.9100574,20.1041943],[85.9100393,20.1041822],[85.9100222,20.1041647],[85.9100061,20.1041409],[85.9098848,20.1038878],[85.9098421,20.1038084],[85.9098048,20.1037544],[85.9097226,20.1037322],[85.9095373,20.1037361],[85.9092576,20.1038186],[85.9080207,20.1041999],[85.9076724,20.1043075],[85.9058965,20.1047809],[85.9040226,20.1052918]]}},{"type":"Feature","properties":{"id":874985782,"highway":"residential"},"geometry":{"type":"LineString","coordinates":[[85.9113532,20.1021316],[85.9111885,20.1019989],[85.9111213,20.1019743],[85.911077,20.1019758],[85.9110278,20.1019835],[85.9109573,20.1019727],[85.910813,20.1019081],[85.9107982,20.1018927],[85.9107884,20.1018603],[85.9107901,20.1018311],[85.9109475,20.1016987],[85.9109573,20.1016694],[85.910954,20.1016401],[85.9109245,20.1016063],[85.9109147,20.1015755],[85.910913,20.1015416],[85.910936,20.1014954],[85.9112656,20.1011382],[85.9116148,20.1007732],[85.9116361,20.1007301],[85.911646,20.1006716],[85.9116214,20.1005884],[85.9116205,20.1005312],[85.9116368,20.1004758],[85.9116298,20.1004234],[85.9115915,20.1003742],[85.9115379,20.1003331],[85.9114254,20.1002391],[85.9112988,20.1001204],[85.9112919,20.1000976],[85.9112889,20.1000762],[85.9112928,20.100058],[85.9113459,20.1000123],[85.9115349,20.099907],[85.9116439,20.0998256],[85.911694,20.0997688],[85.9117409,20.0997102],[85.9117891,20.0996426],[85.9118178,20.0995214],[85.9118342,20.0994507],[85.9118724,20.0993486],[85.9119704,20.0991377],[85.9120919,20.0989198]]}},{"type":"Feature","properties":{"id":874985783,"highway":"residential"},"geometry":{"type":"LineString","coordinates":[[85.9085436,20.1035113],[85.9092585,20.1034241],[85.9092778,20.1034296],[85.9092952,20.1034378],[85.9093113,20.1034519],[85.9093245,20.1034677],[85.9092576,20.1038186]]}},{"type":"Feature","properties":{"id":874985784,"highway":"residential"},"geometry":{"type":"LineString","coordinates":[[85.9093245,20.1034677],[85.9094909,20.1034478],[85.9095129,20.1034445],[85.9095348,20.1034386],[85.9097703,20.1033476]]}},{"type":"Feature","properties":{"id":874988659,"highway":"residential"},"geometry":{"type":"LineString","coordinates":[[85.9016502,20.1015245],[85.9015905,20.1012159],[85.901542,20.1010093],[85.9015002,20.1008288],[85.9014994,20.1007253],[85.9015283,20.1006688],[85.9016164,20.100581],[85.9017921,20.1004397],[85.9019345,20.1003548],[85.9020704,20.1002744],[85.9023299,20.1001307]]}},{"type":"Feature","properties":{"id":874990702,"highway":"residential"},"geometry":{"type":"LineString","coordinates":[[85.9117176,20.1047173],[85.9120668,20.1049986],[85.9125961,20.1054196],[85.9127134,20.1055158],[85.912716,20.1055368],[85.9127068,20.1055676],[85.9126871,20.1055923],[85.9126239,20.1056195],[85.9125897,20.1056467],[85.9124884,20.1057504],[85.9124569,20.1057863],[85.9124358,20.1058344],[85.9124306,20.1058789],[85.9125779,20.1063446]]}},{"type":"Feature","properties":{"id":874990704,"highway":"residential"},"geometry":{"type":"LineString","coordinates":[[85.9181217,20.1087488],[85.9185352,20.1086455],[85.9187508,20.1085732],[85.9188564,20.108503],[85.9189488,20.108379],[85.9190538,20.108152]]}},{"type":"Feature","properties":{"id":874990705,"highway":"residential"},"geometry":{"type":"LineString","coordinates":[[85.9204789,20.1122684],[85.920673,20.1123284],[85.9207315,20.1123434],[85.9207938,20.1123529],[85.9208299,20.1123529],[85.9208621,20.1123473],[85.9212105,20.1122529],[85.9216319,20.1121195],[85.9217452,20.1120991],[85.9217955,20.1121034],[85.921829,20.112122],[85.9218781,20.112185]]}},{"type":"Feature","properties":{"id":874990706,"highway":"residential"},"geometry":{"type":"LineString","coordinates":[[85.9119681,20.1094379],[85.9117175,20.1094418],[85.9112193,20.1094646],[85.9107286,20.1094671]]}},{"type":"Feature","properties":{"id":874990707,"highway":"residential"},"geometry":{"type":"LineString","coordinates":[[85.9107286,20.1094671],[85.9106456,20.1094676]]}},{"type":"Feature","properties":{"id":874990708,"highway":"residential"},"geometry":{"type":"LineString","coordinates":[[85.9106456,20.1094676],[85.9100355,20.1095075],[85.9095417,20.1095441],[85.9093532,20.1095952],[85.9091874,20.1096535],[85.9088167,20.1097317]]}},{"type":"Feature","properties":{"id":875005647,"highway":"residential"},"geometry":{"type":"LineString","coordinates":[[85.9022997,20.0999885],[85.9023186,20.1000752]]}},{"type":"Feature","properties":{"id":875072324,"highway":"residential"},"geometry":{"type":"LineString","coordinates":[[85.9046785,20.120365],[85.9052002,20.1202644]]}},{"type":"Feature","properties":{"id":875072325,"highway":"residential"},"geometry":{"type":"LineString","coordinates":[[85.9154325,20.1184469],[85.9154188,20.118418]]}},{"type":"Feature","properties":{"id":875072326,"highway":"residential"},"geometry":{"type":"LineString","coordinates":[[85.915449,20.1184945],[85.9154325,20.1184469]]}},{"type":"Feature","properties":{"id":875072327,"highway":"residential"},"geometry":{"type":"LineString","coordinates":[[85.9142575,20.1210099],[85.9143117,20.1208934],[85.9143385,20.1208077],[85.91436,20.1206881],[85.9143493,20.1205722],[85.9142802,20.1203632],[85.9142701,20.1203242],[85.9142782,20.1202921],[85.9143037,20.1202751],[85.9147342,20.1202134],[85.915225,20.1201384],[85.9152438,20.1201284],[85.9152552,20.1201069],[85.9152532,20.1200717],[85.9151727,20.1198457],[85.915107,20.1195636],[85.91506,20.1193306],[85.9150587,20.1192513],[85.9150775,20.1191266],[85.9151023,20.1189686],[85.9151144,20.118893],[85.9151398,20.1188382],[85.9151727,20.118791],[85.9152733,20.1186871],[85.9153531,20.1186015],[85.9154242,20.118548],[85.9154423,20.1185234],[85.915449,20.1184945]]}},{"type":"Feature","properties":{"id":875226644,"highway":"residential"},"geometry":{"type":"LineString","coordinates":[[85.9258666,20.1308579],[85.9260169,20.1311358],[85.9260356,20.1311874],[85.926092,20.1314065],[85.9261107,20.1314607],[85.9262945,20.1317956],[85.9264205,20.1320903]]}},{"type":"Feature","properties":{"id":875226645,"highway":"residential"},"geometry":{"type":"LineString","coordinates":[[85.9258249,20.1307702],[85.9258666,20.1308579]]}},{"type":"Feature","properties":{"id":875228054,"highway":"unclassified"},"geometry":{"type":"LineString","coordinates":[[85.9291887,20.1236229],[85.92916,20.1235643]]}},{"type":"Feature","properties":{"id":875228055,"highway":"unclassified"},"geometry":{"type":"LineString","coordinates":[[85.92916,20.1235643],[85.9289016,20.1230945],[85.9288654,20.1230379],[85.9285502,20.1226198],[85.9283531,20.1222999],[85.9283195,20.1222395],[85.9282866,20.1221651],[85.928105,20.1217547],[85.9280848,20.1217031],[85.9279333,20.1214374],[85.9279025,20.1214046],[85.9278526,20.1213777],[85.9277321,20.1213127],[85.9276825,20.1212976],[85.9275591,20.1212447],[85.9275189,20.1212069],[85.9273888,20.1210029],[85.927362,20.1209588],[85.9270576,20.1202839],[85.9270361,20.1202335],[85.9268349,20.1198897],[85.9267813,20.1198154],[85.9262824,20.1192878],[85.9262516,20.1192349],[85.9261738,20.1190636],[85.926147,20.1190208],[85.9259184,20.1187112],[85.925699,20.1183585],[85.9256682,20.1183068],[85.9254549,20.1179593],[85.9254308,20.1179127],[85.925345,20.1177263],[85.9253235,20.117652],[85.9252806,20.1174556],[85.9252632,20.1174027],[85.9250942,20.1170828],[85.9249386,20.1167781],[85.9248058,20.116433],[85.9245685,20.115889],[85.9245462,20.1158296],[85.9243713,20.1154508],[85.9243365,20.1153815],[85.9240022,20.1148361],[85.9238989,20.1146675],[85.9238085,20.114521],[85.9237941,20.1144706],[85.9237932,20.1144245],[85.9237957,20.1139247],[85.9237974,20.1137107],[85.9237896,20.1136465],[85.9237608,20.1135897],[85.9234941,20.1131228],[85.9234473,20.1129882],[85.9234151,20.1128226],[85.923238,20.1119124],[85.9231084,20.1116731]]}},{"type":"Feature","properties":{"id":875228056,"highway":"unclassified"},"geometry":{"type":"LineString","coordinates":[[85.9306197,20.1271833],[85.9305122,20.1268659],[85.9304948,20.1268105],[85.9303889,20.1263421],[85.9303674,20.1262753],[85.9300871,20.1255676],[85.930067,20.1255047],[85.9298591,20.1250551],[85.9295467,20.1243374],[85.9291887,20.1236229]]}},{"type":"Feature","properties":{"id":875228057,"highway":"unclassified"},"geometry":{"type":"LineString","coordinates":[[85.9306466,20.1272454],[85.9306197,20.1271833]]}},{"type":"Feature","properties":{"id":875230238,"highway":"unclassified"},"geometry":{"type":"LineString","coordinates":[[85.9431656,20.1301488],[85.9440847,20.1303755]]}},{"type":"Feature","properties":{"id":875230239,"highway":"unclassified"},"geometry":{"type":"LineString","coordinates":[[85.9324957,20.1316596],[85.9329048,20.1313914],[85.933578,20.130923],[85.9339683,20.1306334],[85.9343813,20.1303312],[85.9344269,20.1303022],[85.9349929,20.1298804],[85.9350398,20.1298514],[85.9354354,20.1296361],[85.9359812,20.1293582],[85.9365258,20.1291904],[85.9365888,20.1291627],[85.9368423,20.1290053],[85.9368838,20.1289763],[85.9372459,20.1288265],[85.937317,20.1288088],[85.9376603,20.128766],[85.9377502,20.1287748],[85.9378079,20.1287912],[85.93841,20.1290267],[85.9384704,20.1290493],[85.9386796,20.129101],[85.9387399,20.1291199],[85.9389465,20.1291513],[85.9390001,20.1291564],[85.9392428,20.1291425],[85.9393206,20.1291387],[85.9402272,20.1290418],[85.9409246,20.1289902],[85.9409809,20.1289952],[85.9410962,20.1290229],[85.9411539,20.1290506],[85.9414141,20.1292571],[85.941914,20.129805],[85.9419487,20.1298291],[85.9419897,20.1298414],[85.9431656,20.1301488]]}},{"type":"Feature","properties":{"id":875230240,"highway":"residential"},"geometry":{"type":"LineString","coordinates":[[85.9400408,20.1244646],[85.9400623,20.1244381],[85.9400676,20.1244029],[85.9400649,20.1242014],[85.9400851,20.1241554],[85.9405518,20.1237707],[85.9405799,20.123738],[85.9406389,20.1236398],[85.9406577,20.1235995],[85.9406912,20.1235718],[85.9410024,20.1234282],[85.9410506,20.1234093],[85.9412022,20.1233325],[85.9412183,20.1233061],[85.9412183,20.1232708],[85.9411177,20.1230341],[85.9411123,20.1229938],[85.9411231,20.1229598],[85.9412369,20.1228255],[85.9412464,20.1227923],[85.9412371,20.1227583],[85.9411284,20.1225908],[85.9410949,20.1225354],[85.9409179,20.122208],[85.9408951,20.1221509],[85.9406403,20.1213706],[85.9406295,20.1213215],[85.9406121,20.1211502],[85.9406067,20.1210999],[85.9405638,20.120916],[85.9405585,20.1208631],[85.9405558,20.1206856],[85.9405544,20.1206277],[85.9404713,20.1201768],[85.9404606,20.1201239],[85.9404176,20.1199369],[85.9403747,20.1197588]]}},{"type":"Feature","properties":{"id":875234612,"highway":"residential"},"geometry":{"type":"LineString","coordinates":[[85.9398772,20.1245212],[85.9400408,20.1244646]]}},{"type":"Feature","properties":{"id":875234613,"highway":"residential"},"geometry":{"type":"LineString","coordinates":[[85.9358042,20.1290002],[85.9354877,20.128489],[85.9354341,20.1284084],[85.9352665,20.1280823],[85.9352517,20.1280092],[85.9352611,20.1277524],[85.9352866,20.1276944],[85.9354006,20.1275093],[85.9354529,20.1274489],[85.9358847,20.1270548],[85.9359692,20.1269918],[85.937195,20.1258686],[85.9372406,20.1258346],[85.9375088,20.1255752],[85.9375584,20.1255299],[85.938245,20.1252332],[85.9383,20.1252075],[85.9389599,20.1248675],[85.9390229,20.1248404],[85.9398772,20.1245212]]}},{"type":"Feature","properties":{"id":875236886,"highway":"residential"},"geometry":{"type":"LineString","coordinates":[[85.9358297,20.1290456],[85.9358042,20.1290002]]}},{"type":"Feature","properties":{"id":875236887,"highway":"residential"},"geometry":{"type":"LineString","coordinates":[[85.9359812,20.1293582],[85.9358297,20.1290456]]}},{"type":"Feature","properties":{"id":875238083,"highway":"unclassified"},"geometry":{"type":"LineString","coordinates":[[85.9282807,20.1300038],[85.9282351,20.1300491]]}},{"type":"Feature","properties":{"id":875238084,"highway":"unclassified"},"geometry":{"type":"LineString","coordinates":[[85.9282351,20.1300491],[85.9281667,20.1301574],[85.9281412,20.1302065],[85.9279266,20.1306913],[85.9277388,20.1311031],[85.9275678,20.131434],[85.9275538,20.1314833],[85.9274901,20.131818],[85.9274811,20.1318544],[85.9274492,20.131884],[85.9274057,20.131903],[85.9270214,20.132014],[85.9269684,20.1320264],[85.9266686,20.1320411],[85.926615,20.1320474],[85.9264205,20.1320903],[85.9259704,20.1322489],[85.9258963,20.1322766],[85.9253838,20.1325091],[85.9244138,20.1329888],[85.9237938,20.133244],[85.9232822,20.1334899],[85.9231752,20.1335194],[85.9221376,20.1337081],[85.9209306,20.1340573],[85.9208816,20.1340719],[85.9208543,20.1340762],[85.9208335,20.1340728],[85.9208107,20.134057],[85.920722,20.1338783],[85.9206152,20.1336565],[85.9204632,20.1332763],[85.9203142,20.1328934],[85.9202005,20.1325547],[85.9201805,20.1325042],[85.9201603,20.1324764],[85.9201355,20.1324608],[85.9200946,20.1324497],[85.9200456,20.1324479],[85.9193701,20.132683],[85.9193439,20.1326863],[85.9193146,20.1326822],[85.9192852,20.1326721],[85.9192621,20.1326592],[85.9192341,20.1326391],[85.9192124,20.1326146],[85.9191926,20.1325566],[85.919102,20.1322987],[85.9189357,20.1317876],[85.9189043,20.1317078],[85.9188835,20.1316231],[85.9188352,20.1314512],[85.9188113,20.1313499],[85.918799,20.1312536],[85.9187739,20.1310349],[85.9187194,20.1301984],[85.9186263,20.1297769],[85.9185872,20.1296842],[85.9185396,20.1295942],[85.9184359,20.1294169],[85.9181087,20.1289565]]}},{"type":"Feature","properties":{"id":875241343,"highway":"residential"},"geometry":{"type":"LineString","coordinates":[[85.9295966,20.1332123],[85.9297897,20.1337335],[85.9298192,20.1337889],[85.9298595,20.1338318],[85.930093,20.134062]]}},{"type":"Feature","properties":{"id":875241344,"highway":"residential"},"geometry":{"type":"LineString","coordinates":[[85.9312823,20.133009],[85.9310015,20.132801],[85.9309751,20.1327724],[85.9309589,20.132738],[85.9309012,20.1324088],[85.9307984,20.1319379],[85.9307831,20.1318735],[85.9306264,20.1314203]]}},{"type":"Feature","properties":{"id":875243461,"highway":"residential"},"geometry":{"type":"LineString","coordinates":[[85.9324406,20.1323523],[85.9329753,20.1328621]]}},{"type":"Feature","properties":{"id":875243463,"highway":"residential"},"geometry":{"type":"LineString","coordinates":[[85.925227,20.1293956],[85.9257193,20.1292988]]}},{"type":"Feature","properties":{"id":875243464,"highway":"residential"},"geometry":{"type":"LineString","coordinates":[[85.9240427,20.128735],[85.924024,20.1292297]]}},{"type":"Feature","properties":{"id":875243465,"highway":"residential"},"geometry":{"type":"LineString","coordinates":[[85.9228319,20.1306369],[85.9231698,20.1305185],[85.9232315,20.1305084],[85.9235507,20.1304933],[85.9236204,20.1304732],[85.9239369,20.130317],[85.9240013,20.1302969],[85.9242093,20.1302443]]}},{"type":"Feature","properties":{"id":875244538,"highway":"residential"},"geometry":{"type":"LineString","coordinates":[[85.9283195,20.1222395],[85.9292907,20.1219532],[85.929342,20.1219487],[85.9293745,20.1219583],[85.929405,20.121985],[85.9295473,20.1221511],[85.9295635,20.1221835],[85.9295717,20.122214],[85.9296001,20.1224125],[85.9296164,20.1224507],[85.929781,20.1227103],[85.9298075,20.1227275],[85.92984,20.1227256],[85.929968,20.1227027],[85.9300006,20.1227141],[85.9300189,20.1227466],[85.9300534,20.1228286],[85.9300819,20.1228534],[85.9301144,20.1228554],[85.9303136,20.1227847],[85.9303604,20.1227599],[85.9306998,20.1225824],[85.9309682,20.122424],[85.9310129,20.122403],[85.9313507,20.1223102]]}},{"type":"Feature","properties":{"id":875244539,"highway":"residential"},"geometry":{"type":"LineString","coordinates":[[85.9293023,20.1230377],[85.9297502,20.1228287],[85.9297931,20.1227985],[85.92984,20.1227256]]}},{"type":"Feature","properties":{"id":875246386,"highway":"unclassified"},"geometry":{"type":"LineString","coordinates":[[85.9257671,20.1187354],[85.9259184,20.1187112]]}},{"type":"Feature","properties":{"id":875246387,"highway":"unclassified"},"geometry":{"type":"LineString","coordinates":[[85.9256557,20.1187803],[85.9257671,20.1187354]]}},{"type":"Feature","properties":{"id":875247723,"highway":"residential"},"geometry":{"type":"LineString","coordinates":[[85.9259184,20.1187112],[85.9261459,20.1186639],[85.9261789,20.1186395],[85.9261915,20.1186054],[85.9262368,20.1181879],[85.9262356,20.1181375],[85.9262083,20.117864],[85.9261966,20.1178202],[85.9261592,20.1177083],[85.9261522,20.1176623],[85.9261359,20.1171032],[85.9261335,20.1170484],[85.9261499,20.1168774],[85.9261639,20.1168467],[85.9261919,20.1168291],[85.9265211,20.116748],[85.9265819,20.1167305],[85.9268956,20.116661],[85.9269575,20.116656],[85.9272513,20.1166543],[85.9273061,20.1166527],[85.9273539,20.1166469],[85.9280175,20.1165646]]}},{"type":"Feature","properties":{"id":875249663,"highway":"residential"},"geometry":{"type":"LineString","coordinates":[[85.9262368,20.1181879],[85.9264533,20.1181938],[85.9265008,20.118205],[85.9266993,20.11833],[85.9267553,20.118341],[85.926844,20.1183322],[85.9269001,20.1183147],[85.9275562,20.1180318]]}},{"type":"Feature","properties":{"id":875249665,"highway":"residential"},"geometry":{"type":"LineString","coordinates":[[85.9237932,20.1144245],[85.9246466,20.1140807],[85.9247083,20.114058],[85.9248502,20.1140089],[85.9249121,20.1139875],[85.9249604,20.1139522],[85.925057,20.1138238],[85.9250892,20.1137885],[85.9251374,20.1137658],[85.9256176,20.1136777],[85.9256632,20.1136777],[85.9257034,20.1137004],[85.9259555,20.1139144],[85.9259904,20.1139598],[85.9261433,20.114189],[85.9261594,20.1142368],[85.926154,20.1142872],[85.9260387,20.1147582],[85.9260172,20.1148035],[85.9259818,20.1148526],[85.9257869,20.1150071],[85.9254242,20.115263],[85.9253781,20.1152879],[85.9249676,20.1154441],[85.9249216,20.1154673],[85.9247358,20.115587],[85.9247092,20.1156136],[85.9246455,20.1157149],[85.9246274,20.1157441],[85.9245462,20.1158296]]}},{"type":"Feature","properties":{"id":875251700,"highway":"residential"},"geometry":{"type":"LineString","coordinates":[[85.9248502,20.1140089],[85.9251237,20.1141902],[85.9253198,20.1142872]]}},{"type":"Feature","properties":{"id":875255333,"highway":"unclassified"},"geometry":{"type":"LineString","coordinates":[[85.9345762,20.1046253],[85.9345715,20.1045222]]}},{"type":"Feature","properties":{"id":875255334,"highway":"unclassified"},"geometry":{"type":"LineString","coordinates":[[85.9267468,20.1129597],[85.9269946,20.1130365],[85.9270481,20.1130473],[85.9272419,20.1130604],[85.927312,20.1130561],[85.9275758,20.1130166],[85.9276319,20.1129991],[85.9278537,20.1129004],[85.9279027,20.1128719],[85.928204,20.1127688],[85.9282717,20.1127513],[85.9291776,20.1125803],[85.9307724,20.1118589],[85.9320217,20.1112976],[85.9325424,20.1110608],[85.9325914,20.1110279],[85.9328343,20.1108612],[85.9328833,20.110824],[85.9330933,20.1105814],[85.9331145,20.1105455],[85.9334203,20.1097934],[85.9335748,20.1094062],[85.9336115,20.1093142],[85.9336749,20.1091554],[85.9336935,20.1091027],[85.9338173,20.1087256],[85.9338406,20.1086927],[85.9338733,20.1086752],[85.9341162,20.1086138],[85.9341489,20.1085897],[85.9341652,20.1085546],[85.9341769,20.1082213],[85.9341792,20.1081774],[85.9342376,20.1079384],[85.9342446,20.1079012],[85.9342376,20.1078507],[85.9341862,20.1077279],[85.9341535,20.1076907],[85.9339154,20.1075394],[85.933885,20.1075043],[85.933843,20.1074056],[85.9338383,20.1073618],[85.9338523,20.1073267],[85.9341419,20.1070394],[85.9341675,20.1070022],[85.9342353,20.1068026],[85.9342469,20.1067632],[85.9342703,20.1067325],[85.9343427,20.1066689],[85.934373,20.1066382],[85.9345388,20.1063466],[85.9345551,20.1063071],[85.9345598,20.1062632],[85.9345582,20.1061797],[85.9345481,20.1056646],[85.9345481,20.1056186],[85.9345061,20.1052831],[85.9345038,20.105237],[85.9345178,20.1050353],[85.9345271,20.1049827],[85.9345762,20.1046253]]}},{"type":"Feature","properties":{"id":875255335,"highway":"unclassified"},"geometry":{"type":"LineString","coordinates":[[85.9266162,20.1129508],[85.9267468,20.1129597]]}},{"type":"Feature","properties":{"id":875257506,"highway":"residential"},"geometry":{"type":"LineString","coordinates":[[85.9267491,20.1108013],[85.9264619,20.1105842],[85.9264082,20.1105404],[85.9262144,20.1103014],[85.9261863,20.1102619],[85.9259131,20.10983],[85.9258945,20.1097751],[85.9258968,20.1097335],[85.925915,20.1096862],[85.9267666,20.1084557],[85.9275484,20.1073932],[85.9276599,20.1072246],[85.9280258,20.1067306],[85.9280701,20.1066671],[85.9288939,20.1054604],[85.9290887,20.1052117],[85.9294208,20.1047876],[85.9294568,20.1047493],[85.9295033,20.1047221],[85.9295651,20.1047037],[85.9313683,20.1043202],[85.9319585,20.1041895],[85.9320181,20.1041734],[85.9321921,20.1041107],[85.932244,20.1040858],[85.9332907,20.1034706],[85.9334549,20.103372],[85.9343242,20.1028504],[85.9343878,20.1028173],[85.934749,20.1026211]]}},{"type":"Feature","properties":{"id":875257507,"highway":"residential"},"geometry":{"type":"LineString","coordinates":[[85.9268051,20.110843],[85.9267491,20.1108013]]}},{"type":"Feature","properties":{"id":875257508,"highway":"residential"},"geometry":{"type":"LineString","coordinates":[[85.9274939,20.1117354],[85.927543,20.1116389],[85.927557,20.1116038],[85.927557,20.1115643],[85.9274519,20.1112026],[85.9274309,20.1111609],[85.9273982,20.1111346],[85.9273585,20.1111192],[85.9271063,20.111071],[85.9270573,20.1110469],[85.9268051,20.110843]]}},{"type":"Feature","properties":{"id":875260126,"highway":"residential"},"geometry":{"type":"LineString","coordinates":[[85.9291776,20.1125803],[85.9291552,20.1126543],[85.9289995,20.1129618],[85.9283942,20.1139953],[85.9283541,20.1140329],[85.9283048,20.1140387],[85.928234,20.1140214],[85.9281939,20.1140156],[85.9281534,20.1140148],[85.9278503,20.1140677],[85.9277913,20.1140904],[85.927338,20.1144883],[85.9272898,20.114511],[85.9272468,20.1145085],[85.9272066,20.1144782],[85.9270054,20.114176],[85.9269867,20.1141181],[85.9269894,20.1140501],[85.9270028,20.1140148],[85.9270323,20.1139921],[85.927161,20.1139468],[85.9271959,20.1139267],[85.92722,20.1138864],[85.9272227,20.1138184],[85.9272173,20.1137781],[85.9271664,20.1135942],[85.927161,20.1135514],[85.9271744,20.1135111],[85.9272442,20.113438],[85.9272737,20.1134078],[85.9272817,20.1133575],[85.927279,20.1132643],[85.9272419,20.1130604]]}},{"type":"Feature","properties":{"id":875260127,"highway":"residential"},"geometry":{"type":"LineString","coordinates":[[85.9255903,20.111575],[85.9262192,20.1113991],[85.9262621,20.1113739],[85.9262755,20.1113361],[85.9262675,20.1112983],[85.9261575,20.1110112],[85.926128,20.1109608],[85.9259644,20.1107568]]}},{"type":"Feature","properties":{"id":875260128,"highway":"residential"},"geometry":{"type":"LineString","coordinates":[[85.9254868,20.1112645],[85.9254843,20.1110364],[85.9254923,20.1109986],[85.9255164,20.1109709],[85.9259644,20.1107568],[85.9264082,20.1105404]]}},{"type":"Feature","properties":{"id":875261534,"highway":"residential"},"geometry":{"type":"LineString","coordinates":[[85.9241422,20.1107618],[85.9236153,20.1108833],[85.9235722,20.1109094],[85.9235506,20.1109499],[85.9235445,20.1110019],[85.9236133,20.1115587]]}},{"type":"Feature","properties":{"id":875261535,"highway":"residential"},"geometry":{"type":"LineString","coordinates":[[85.9236133,20.1115587],[85.9236213,20.1116141]]}},{"type":"Feature","properties":{"id":875261536,"highway":"residential"},"geometry":{"type":"LineString","coordinates":[[85.9236213,20.1116141],[85.9236384,20.1117938]]}},{"type":"Feature","properties":{"id":875261537,"highway":"residential"},"geometry":{"type":"LineString","coordinates":[[85.9234151,20.1128226],[85.9237152,20.1126896],[85.9237474,20.1126594],[85.9237555,20.1126266],[85.9237501,20.1125435],[85.9237608,20.1125058],[85.923793,20.1124881],[85.9238359,20.1124806],[85.9241953,20.1124629],[85.9242543,20.1124655],[85.9244716,20.1124881],[85.9245172,20.1124856],[85.9245494,20.1124604],[85.9245601,20.1124176],[85.9245843,20.1120902],[85.9245843,20.1120448],[85.9245762,20.1120096],[85.924388,20.1115577]]}},{"type":"Feature","properties":{"id":875263775,"highway":"residential"},"geometry":{"type":"LineString","coordinates":[[85.9267666,20.1084557],[85.927224,20.1091165],[85.9276393,20.109666]]}},{"type":"Feature","properties":{"id":875263776,"highway":"residential"},"geometry":{"type":"LineString","coordinates":[[85.9276393,20.109666],[85.9276673,20.1097016]]}},{"type":"Feature","properties":{"id":875263777,"highway":"residential"},"geometry":{"type":"LineString","coordinates":[[85.9276673,20.1097016],[85.9277575,20.1098113],[85.9277894,20.1098329],[85.9279009,20.1098993],[85.9279221,20.1099243],[85.9279221,20.1099442],[85.9279079,20.1099691],[85.9278478,20.1100439],[85.9278372,20.1100688],[85.9278425,20.1100971],[85.9279018,20.1101992],[85.927928,20.1102172],[85.9279646,20.1102172],[85.9282451,20.1101256],[85.9282817,20.1101065],[85.9284159,20.1099901],[85.9284606,20.1099443],[85.9284728,20.1099175],[85.9284687,20.1098889],[85.9283244,20.1096102],[85.9283102,20.109572],[85.9283061,20.1095358],[85.9283346,20.1092991],[85.9283529,20.1092609],[85.9284769,20.1091311],[85.9284952,20.1091006],[85.9284972,20.1090719],[85.9284545,20.1088753],[85.9284403,20.1088467],[85.9284159,20.1088219]]}},{"type":"Feature","properties":{"id":875263778,"highway":"residential"},"geometry":{"type":"LineString","coordinates":[[85.9284159,20.1088219],[85.9283752,20.1087913]]}},{"type":"Feature","properties":{"id":875263779,"highway":"residential"},"geometry":{"type":"LineString","coordinates":[[85.9283752,20.1087913],[85.9282634,20.1087054],[85.9282309,20.1086978],[85.9281943,20.1087035],[85.9276394,20.1089249],[85.927224,20.1091165]]}},{"type":"Feature","properties":{"id":875265332,"highway":"residential"},"geometry":{"type":"LineString","coordinates":[[85.9330933,20.1105814],[85.9332641,20.1106332],[85.9333095,20.1106403],[85.9334658,20.1106531],[85.9335082,20.1106533],[85.9336469,20.110633],[85.9336869,20.1106229],[85.9338502,20.1105592]]}},{"type":"Feature","properties":{"id":875266455,"highway":"residential"},"geometry":{"type":"LineString","coordinates":[[85.932067,20.1049917],[85.9319328,20.1052436],[85.9319064,20.1052856],[85.9316218,20.1056159],[85.931272,20.1059636],[85.9312333,20.1059903],[85.9311846,20.1060113],[85.9308227,20.1061086],[85.9307739,20.1061239],[85.930406,20.1062919],[85.9303491,20.1063091],[85.9302983,20.1063091],[85.9298308,20.1062136],[85.9297779,20.1062136],[85.9296193,20.1062384],[85.9295665,20.1062556],[85.9295177,20.1062881],[85.9292352,20.1065725],[85.9291864,20.1066126],[85.9289079,20.1067882],[85.928853,20.1068149],[85.9282351,20.1070325],[85.9281733,20.1070556],[85.9276599,20.1072246]]}},{"type":"Feature","properties":{"id":875267568,"highway":"residential"},"geometry":{"type":"LineString","coordinates":[[85.9316218,20.1056159],[85.9318251,20.1058728],[85.9318601,20.1058903],[85.9318905,20.1058903],[85.9319232,20.1058772],[85.9325443,20.1055022],[85.932591,20.1054584],[85.93264,20.1053948],[85.932661,20.1053444],[85.9327591,20.10509]]}},{"type":"Feature","properties":{"id":875267569,"highway":"residential"},"geometry":{"type":"LineString","coordinates":[[85.9295177,20.1062881],[85.9290887,20.1052117]]}},{"type":"Feature","properties":{"id":875267570,"highway":"residential"},"geometry":{"type":"LineString","coordinates":[[85.9284545,20.1088753],[85.9290896,20.1083117],[85.9291543,20.1082828],[85.9295179,20.1081382]]}},{"type":"Feature","properties":{"id":876249212,"highway":"residential"},"geometry":{"type":"LineString","coordinates":[[85.9334549,20.103372],[85.9336043,20.1036563],[85.9336531,20.1036945],[85.93371,20.1036983],[85.9339133,20.1036143],[85.9339824,20.1036067],[85.934023,20.1036258],[85.9340515,20.1036716],[85.9341572,20.1039808],[85.9341897,20.1040495],[85.934328,20.1042251],[85.9343808,20.1042519],[85.9345822,20.1042706]]}},{"type":"Feature","properties":{"id":876251425,"highway":"residential"},"geometry":{"type":"LineString","coordinates":[[85.9482631,20.1011671],[85.9478366,20.1007322],[85.9477898,20.1006855],[85.9475081,20.1004039],[85.9474611,20.1003544],[85.9472693,20.1001722],[85.9472492,20.1001445],[85.9472385,20.1001168],[85.9472412,20.1000815],[85.9472962,20.0999581]]}},{"type":"Feature","properties":{"id":1343593628,"highway":"tertiary"},"geometry":{"type":"LineString","coordinates":[[85.9882231,20.1810145],[85.9884063,20.1812093],[85.9885612,20.1814281],[85.9888615,20.1818297],[85.9890086,20.1820439],[85.9890657,20.1821325],[85.9891427,20.1822159],[85.9892071,20.1822832],[85.9893087,20.1823413],[85.9893766,20.1823707],[85.9894484,20.1823817],[85.9896028,20.182411]]}}]}