{"type":"FeatureCollection","features":[{"type":"Feature","properties":{"id":146694043,"highway":"secondary"},"geometry":{"type":"LineString","coordinates":[[85.5858387,20.1309832],[85.5857616,20.1310034],[85.5855744,20.1310561],[85.5853334,20.1310714],[85.5850991,20.1310451],[85.5850392,20.1310384],[85.5838752,20.1309221],[85.5832234,20.130844],[85.5828285,20.1307433],[85.5824088,20.1306362],[85.5815256,20.1304109],[85.5810632,20.1303605],[85.5809945,20.130353],[85.580222,20.1303882],[85.5798164,20.13038],[85.5794737,20.1303731],[85.5787012,20.1303051],[85.577859,20.1302774],[85.5770972,20.1303177],[85.5749462,20.1305458],[85.5746779,20.1306161],[85.5744526,20.1307131],[85.5739349,20.1309863],[85.572913,20.1315492],[85.5721068,20.1320001],[85.5712075,20.1325031],[85.5707556,20.1327664],[85.5700059,20.1332032],[85.5695633,20.133445],[85.5690671,20.1337295],[85.5684019,20.1342407],[85.567431,20.1350063],[85.5669913,20.1353659],[85.566637,20.1356862],[85.5662401,20.1360438],[85.5658973,20.13631],[85.5655212,20.1365273],[85.5646549,20.1369907],[85.564211,20.1372035],[85.5639917,20.1372813],[85.563638,20.1373347],[85.5630144,20.1373655],[85.5557,20.1377273],[85.5555662,20.1377242],[85.5554127,20.1377207],[85.5550929,20.1377032],[85.5547683,20.1377207],[85.554411,20.1377667],[85.5541869,20.1377843],[85.5540631,20.1377777],[85.5539082,20.1377331],[85.5538422,20.1377041],[85.5537657,20.1376705],[85.5534064,20.1375011],[85.5532984,20.1374707],[85.5531879,20.1374396],[85.5529196,20.1374028],[85.5526319,20.1374247],[85.5522695,20.1373854],[85.5519028,20.1372582],[85.5515735,20.1370983],[85.5506321,20.1367332],[85.5504258,20.1366358],[85.5501895,20.1365443],[85.5500467,20.136475],[85.5493139,20.1361192],[85.5482316,20.1356517],[85.5479083,20.1354504],[85.5478332,20.1354036],[85.5474917,20.1351555],[85.547321,20.1350944],[85.5470777,20.1350306],[85.5459184,20.1348463],[85.5451419,20.1347585],[85.5433897,20.1344532],[85.5411008,20.1339188],[85.5394096,20.1336325],[85.5380151,20.1333806],[85.5373281,20.1332585],[85.5365963,20.1333653],[85.5349268,20.1338845],[85.5347897,20.1339271],[85.5341906,20.1340866],[85.5323519,20.134576],[85.5299774,20.1354352],[85.5279808,20.1364526],[85.5261408,20.1375224],[85.5256387,20.1377782],[85.5246731,20.1379343],[85.522758,20.1380048],[85.5204335,20.1381072],[85.5201195,20.138121],[85.5195554,20.1381459],[85.518725,20.1382098],[85.5183415,20.1382393],[85.5166748,20.1383675],[85.5163983,20.1384032],[85.5162058,20.138428],[85.515972,20.1384581],[85.5154812,20.1386004],[85.515269,20.1386619],[85.5144432,20.1389013],[85.5129543,20.1393089],[85.5118307,20.1396165],[85.5113745,20.1397178],[85.5106973,20.1398561],[85.5103605,20.1399248],[85.5097989,20.1400563]]}},{"type":"Feature","properties":{"id":218284674,"highway":"trunk"},"geometry":{"type":"LineString","coordinates":[[85.5137996,20.2195608],[85.5158195,20.2194481],[85.5178185,20.2193231],[85.5209875,20.219158],[85.5250734,20.2190454],[85.5266859,20.2189804],[85.5278906,20.2188254],[85.528405,20.2187378],[85.5307477,20.2182626],[85.5314167,20.2181551],[85.5320804,20.21804],[85.5325415,20.2178825],[85.5328933,20.2177424],[85.5343219,20.2170421],[85.5351908,20.2165169],[85.5358784,20.2161592],[85.537179,20.215604],[85.5377334,20.2153964],[85.5383864,20.2152063],[85.539847,20.2148411],[85.5400919,20.214767],[85.5410117,20.2144885],[85.5426855,20.2137482],[85.543096,20.2135856],[85.5434051,20.213503],[85.5438396,20.2134305],[85.5445352,20.2133505],[85.5450683,20.2131829],[85.5459691,20.2128803],[85.5468193,20.2125401],[85.5474324,20.21224],[85.5479894,20.2119198],[85.5482986,20.2117147],[85.5496952,20.2107118],[85.5508892,20.2099189],[85.551902,20.2092611],[85.5524831,20.2088859],[85.5528109,20.2087108],[85.5532133,20.2085457],[85.5540262,20.208133],[85.5554255,20.2073902],[85.55707,20.2066898],[85.559037,20.2058394],[85.5597768,20.2055156],[85.5599512,20.2054392],[85.5608733,20.205104],[85.561497,20.204949],[85.5618408,20.2048139],[85.5621224,20.2046593],[85.5627178,20.2043776],[85.5629996,20.2042443],[85.5630496,20.2042206],[85.5652282,20.2032868],[85.5673956,20.2024802],[85.5698682,20.2014933],[85.5729298,20.200332],[85.5749261,20.1995941],[85.5755897,20.199364],[85.5761528,20.1991198],[85.5773141,20.1986161],[85.578311,20.1982159],[85.5787587,20.1979932],[85.5793691,20.1976631],[85.5804635,20.1970793],[85.5810532,20.1968619],[85.5822476,20.1964524],[85.5836975,20.1959471],[85.5847424,20.1954962],[85.5854539,20.1951892],[85.5861442,20.194859],[85.5865719,20.1945442],[85.5866133,20.1945138],[85.5870904,20.1941761],[85.5873835,20.194031],[85.5876367,20.193936],[85.5880712,20.1938734],[85.5885213,20.1938194],[85.5891346,20.1937458],[85.5893696,20.193712],[85.5902647,20.1935833],[85.5906007,20.1935285],[85.5913388,20.1934082],[85.5922051,20.1932934],[85.5924902,20.1932556],[85.5930099,20.1932431],[85.593519,20.1932656],[85.5945993,20.1933626],[85.5947717,20.1933781],[85.5951632,20.1934186],[85.5954487,20.1934482],[85.5957952,20.1934482],[85.5962243,20.1934207],[85.5966012,20.1933476],[85.5975009,20.193173],[85.5995985,20.1926302],[85.600526,20.1923375],[85.6012243,20.1920999],[85.6034232,20.1910993],[85.6050676,20.1904139],[85.6056784,20.1901315],[85.6064962,20.1897535],[85.6068747,20.189581],[85.6071439,20.1894583],[85.6073694,20.1893618],[85.6075148,20.1892996],[85.6076583,20.1892382],[85.6081938,20.1890855],[85.6088783,20.1888904],[85.6090362,20.1888454],[85.6095451,20.1886981],[85.6098723,20.1886034],[85.6116722,20.1880825],[85.6118503,20.1880282]]}},{"type":"Feature","properties":{"id":218534710,"highway":"tertiary"},"geometry":{"type":"LineString","coordinates":[[85.5767966,20.1179915],[85.5767305,20.118123],[85.576701,20.1181917],[85.5766829,20.1182862],[85.5766689,20.1184285],[85.5767032,20.118889],[85.5767585,20.1193995],[85.576838,20.1196425],[85.5769112,20.1198554],[85.5771122,20.1201924]]}},{"type":"Feature","properties":{"id":218534713,"highway":"tertiary"},"geometry":{"type":"LineString","coordinates":[[85.5841066,20.128671],[85.5834345,20.1274096],[85.5828764,20.1263526],[85.5826812,20.1259919],[85.5824823,20.1256943],[85.5822001,20.1253085],[85.5818353,20.1249061],[85.5807806,20.1237375],[85.5795938,20.1224937],[85.5783978,20.1211884],[85.5782021,20.1209773],[85.5778588,20.1206069],[85.5777053,20.1204412],[85.5773363,20.1199651],[85.5771929,20.1197154],[85.577072,20.1194412],[85.5768738,20.118842],[85.5768245,20.1185059],[85.5767966,20.1179915]]}},{"type":"Feature","properties":{"id":218534716,"highway":"tertiary"},"geometry":{"type":"LineString","coordinates":[[85.5771122,20.1201924],[85.5766684,20.1202553],[85.5756186,20.1203458],[85.5748272,20.1204324],[85.5746502,20.1204518],[85.5744724,20.1204712],[85.5735413,20.1205687],[85.5683041,20.1212044],[85.5678534,20.1212548],[85.566405,20.1212145],[85.5660939,20.1212548],[85.5658579,20.1213757],[85.5653965,20.121688],[85.565021,20.1218391],[85.5641091,20.1220506],[85.5638301,20.1220204],[85.5624676,20.121688],[85.5623388,20.1216275],[85.5613947,20.1209525],[85.5605042,20.120469],[85.559721,20.1196933],[85.5592382,20.1190385],[85.5588519,20.1186456],[85.5586696,20.1183333],[85.5586159,20.1179706],[85.558573,20.1172453],[85.5587554,20.1160162],[85.5586052,20.1154823],[85.5583906,20.1149382],[85.5578005,20.1140215],[85.5573821,20.1136084],[85.5571353,20.113558],[85.5568242,20.1135983],[85.556438,20.1138099],[85.555762,20.1141625],[85.5555666,20.11427],[85.555011,20.1145756],[85.5546237,20.1147928],[85.5541849,20.115039],[85.5534875,20.1152606],[85.5519426,20.115583],[85.5506229,20.1159356],[85.5494642,20.1162278],[85.5491531,20.1162681],[85.5486488,20.1162378],[85.5482519,20.1161774],[85.5478334,20.115996],[85.544529,20.1143237],[85.5426514,20.1134674],[85.540334,20.1130745],[85.53954,20.1129838],[85.5383706,20.1128528],[85.538038,20.1128528],[85.5376732,20.1129334],[85.5368578,20.1131752],[85.5360424,20.1133968],[85.5349374,20.1136487],[85.5345726,20.1136991],[85.5319226,20.11383],[85.5315041,20.1137998],[85.529809,20.113417],[85.5293476,20.113417],[85.5289292,20.1134875],[85.5284464,20.1136286],[85.5261397,20.1148476],[85.5254531,20.1151095],[85.5250025,20.1152304],[85.5246699,20.1152505],[85.5241334,20.11518],[85.5215049,20.1147418],[85.5210188,20.1146487]]}},{"type":"Feature","properties":{"id":561540148,"highway":"unclassified"},"geometry":{"type":"LineString","coordinates":[[85.5630144,20.1373655],[85.5633581,20.1386113],[85.563755,20.139387],[85.5642593,20.1401626],[85.5648494,20.1411497],[85.5650983,20.1418508],[85.565139,20.1419656],[85.564903,20.1427613],[85.5646133,20.1434362],[85.5639052,20.1441111],[85.5631757,20.1447456],[85.5628323,20.1452593],[85.5629289,20.1456924],[85.5629504,20.1464479],[85.5629933,20.1469213],[85.5631006,20.1473745],[85.5629289,20.1477875],[85.5625534,20.148271],[85.5621886,20.1484321],[85.5617916,20.1487041],[85.5614591,20.1492782],[85.5612016,20.1499027],[85.5609441,20.1503861],[85.5603218,20.1510005],[85.5598068,20.151484],[85.5591094,20.1517962],[85.5583584,20.1523099],[85.5579293,20.1527833],[85.5573928,20.1530754],[85.5569959,20.1537603],[85.556556,20.1543545],[85.5561268,20.1549084],[85.5555367,20.1554926],[85.5550861,20.1562782],[85.5549359,20.1570235],[85.5546892,20.1576681],[85.5546355,20.1581767],[85.5545497,20.1588012],[85.5543351,20.1593853],[85.5540508,20.1598536],[85.5538833,20.1601687]]}},{"type":"Feature","properties":{"id":561540718,"highway":"secondary"},"geometry":{"type":"LineString","coordinates":[[85.6108657,20.1700231],[85.6101251,20.1698544],[85.6091324,20.1696673],[85.6087253,20.1695836],[85.6085305,20.169528],[85.6081019,20.1693638],[85.607955,20.169315],[85.6078709,20.1692895],[85.6073512,20.1691274],[85.6072431,20.1691054],[85.6070888,20.1690487],[85.6063286,20.1688058],[85.6060135,20.1687248],[85.6056534,20.1686854],[85.6053679,20.1687134],[85.6046112,20.1688115],[85.6040288,20.1688311],[85.6038531,20.168833],[85.6031042,20.1687958],[85.6027898,20.1688316],[85.6025179,20.168878],[85.6022955,20.168924],[85.6016776,20.169064],[85.6012501,20.1691363],[85.60063,20.1692501],[85.599761,20.1693911],[85.5989456,20.1694817],[85.5978493,20.1696098],[85.5974121,20.1695944],[85.5969743,20.1695183],[85.5966931,20.1694399],[85.5962312,20.1692702],[85.5956533,20.169014],[85.5955312,20.1689505],[85.5954581,20.168898],[85.5953878,20.1688243],[85.5952542,20.1688093],[85.5949342,20.1688183],[85.5944717,20.1688573],[85.5934716,20.1690106],[85.5930307,20.1690705],[85.5925842,20.1691197],[85.5917981,20.1691619],[85.5915373,20.1691746],[85.590332,20.1692412],[85.5895779,20.169281],[85.5891287,20.1693105],[85.588485,20.1693407],[85.5879915,20.169381],[85.5872848,20.1694284],[85.5872405,20.1694314],[85.5864519,20.1694767],[85.5852956,20.1695871],[85.584358,20.1696675],[85.5837053,20.1697234],[85.5828792,20.1697839],[85.5820799,20.1698544],[85.5815166,20.1698997],[85.5808909,20.1699412],[85.5805172,20.1699498],[85.5798483,20.1698896],[85.5790919,20.1697839],[85.5783332,20.1696903],[85.5777599,20.1696473],[85.5770481,20.1695623],[85.5763721,20.1694717],[85.5759323,20.1694314],[85.5751723,20.1693222],[85.5743819,20.169235],[85.57347,20.1691796],[85.5732125,20.1691595],[85.5723148,20.1690457],[85.5711893,20.1689085],[85.5700627,20.1687742],[85.5697471,20.1687348],[85.5692911,20.1686761],[85.5684167,20.1685552],[85.5672099,20.1684022],[85.5663457,20.1682833],[85.5662012,20.1682531],[85.5653107,20.1680164],[85.5646857,20.1677845],[85.5638409,20.1674323],[85.5631167,20.167115],[85.5628607,20.166991],[85.5621833,20.1667075],[85.5616644,20.166571],[85.5605603,20.1663379],[85.559147,20.1660324],[85.5582404,20.1658603],[85.5574357,20.165695],[85.5565882,20.1655137],[85.5554134,20.1652771],[85.5544617,20.1650566],[85.5535519,20.1648289],[85.5530885,20.1646768],[85.552376,20.1643595],[85.5516733,20.1640474],[85.5510735,20.1637412],[85.5507392,20.1635756],[85.5505039,20.1634481],[85.5499556,20.1631913]]}},{"type":"Feature","properties":{"id":563857118,"highway":"unclassified"},"geometry":{"type":"LineString","coordinates":[[85.5906007,20.1935285],[85.5906656,20.194005],[85.5907059,20.1943801],[85.5907702,20.1948533],[85.5907729,20.195241],[85.5907568,20.1955129],[85.5906388,20.1959811],[85.5905235,20.1961699],[85.5898932,20.1962983],[85.589397,20.1963108],[85.5889168,20.1963713],[85.5885735,20.1963763],[85.5883133,20.1963486],[85.5879673,20.1963914],[85.5875435,20.1965349],[85.5873799,20.1965324],[85.5873477,20.1968797],[85.5868435,20.1968999],[85.5865458,20.1969477],[85.5864894,20.1968873],[85.5863553,20.1969074],[85.5860335,20.1970232],[85.5858511,20.1971264],[85.5854917,20.1972624],[85.5853039,20.1968823],[85.5850545,20.1963511],[85.584856,20.1957168],[85.5847424,20.1954962]]}},{"type":"Feature","properties":{"id":563857154,"highway":"unclassified"},"geometry":{"type":"LineString","coordinates":[[85.5873799,20.1965324],[85.5874604,20.196122],[85.587455,20.1957847],[85.5875033,20.1956488],[85.587793,20.1954424],[85.5881095,20.1953568],[85.5886942,20.1952309],[85.5889302,20.1951655],[85.5891824,20.194954],[85.5894989,20.1946167],[85.5899978,20.1941686],[85.5902767,20.1939118],[85.5906007,20.1935285]]}},{"type":"Feature","properties":{"id":563857249,"highway":"unclassified"},"geometry":{"type":"LineString","coordinates":[[85.5879673,20.1963914],[85.5878305,20.1958099],[85.5875033,20.1956488],[85.5871868,20.1952259],[85.5867361,20.1951178],[85.586704,20.1951101],[85.5866133,20.1945138]]}},{"type":"Feature","properties":{"id":563857349,"highway":"unclassified"},"geometry":{"type":"LineString","coordinates":[[85.5906007,20.1935285],[85.5905664,20.1925122],[85.5905074,20.1913995],[85.5904859,20.1903019],[85.5905074,20.189295],[85.5905337,20.1890703],[85.5906093,20.188424],[85.5906361,20.1880161],[85.5905181,20.1876083],[85.5901802,20.1873868],[85.5901802,20.1868182],[85.5901802,20.1866466],[85.5899012,20.1864503],[85.5896222,20.1858562],[85.589633,20.1853325],[85.5903357,20.1852721],[85.5908185,20.1854937],[85.5911028,20.1856497],[85.5916178,20.1857353],[85.5918002,20.1859669],[85.5911404,20.1858813],[85.5910277,20.1863999],[85.5904216,20.1865107],[85.5903978,20.1865241],[85.5901802,20.1866466]]}},{"type":"Feature","properties":{"id":563857359,"highway":"unclassified"},"geometry":{"type":"LineString","coordinates":[[85.5905664,20.1925122],[85.5912691,20.1927992],[85.5918378,20.1929855],[85.5924902,20.1932556]]}},{"type":"Feature","properties":{"id":563857393,"highway":"unclassified"},"geometry":{"type":"LineString","coordinates":[[85.5787587,20.1979932],[85.5788827,20.1982164],[85.5797839,20.1979295],[85.5804305,20.197774],[85.580433,20.1977734],[85.5805993,20.197567],[85.5804635,20.1970793],[85.5803955,20.1966431],[85.5803525,20.1963889],[85.5803043,20.1960918],[85.5800039,20.1957344]]}},{"type":"Feature","properties":{"id":563857436,"highway":"unclassified"},"geometry":{"type":"LineString","coordinates":[[85.5810532,20.1968619],[85.5812135,20.1973757],[85.5813074,20.1978212],[85.5812028,20.1979999],[85.5812028,20.1981434],[85.5813369,20.1983221],[85.5809855,20.1984631],[85.58072,20.1985915],[85.5802372,20.1987073],[85.5800602,20.1988004],[85.5798,20.198964],[85.5793199,20.1990572],[85.5791965,20.1989892],[85.5791829,20.1989537],[85.5790597,20.1986318],[85.5788827,20.1982164]]}},{"type":"Feature","properties":{"id":563997278,"highway":"unclassified"},"geometry":{"type":"LineString","coordinates":[[85.59692,20.16986],[85.5969743,20.1695183]]}},{"type":"Feature","properties":{"id":563997378,"highway":"unclassified"},"geometry":{"type":"LineString","coordinates":[[85.5954856,20.1679862],[85.5960005,20.1680265],[85.5963331,20.168384],[85.5964404,20.1686811],[85.5964676,20.1686914],[85.5969071,20.1688573],[85.5974382,20.1690034],[85.5979156,20.1691292]]}},{"type":"Feature","properties":{"id":563997379,"highway":"unclassified"},"geometry":{"type":"LineString","coordinates":[[85.5953878,20.1688243],[85.595389,20.1683639],[85.5954856,20.1679862]]}},{"type":"Feature","properties":{"id":564003806,"highway":"unclassified"},"geometry":{"type":"LineString","coordinates":[[85.589633,20.1853325],[85.5890322,20.1854332],[85.5887097,20.1855364],[85.5885601,20.1855843],[85.5882436,20.1857605],[85.5879754,20.1854685],[85.5877876,20.1850909],[85.5876911,20.1843054],[85.5869347,20.1843406],[85.5866879,20.1840889],[85.585717,20.1832732],[85.5845904,20.1823015],[85.5834049,20.1812743],[85.5825895,20.1805241],[85.5819619,20.1800911],[85.5816561,20.1797285],[85.5808568,20.1791646],[85.579741,20.1782029],[85.5791295,20.1775634],[85.578813,20.1771807],[85.5783892,20.1767628],[85.5780727,20.1762492],[85.5778742,20.1755795],[85.5776167,20.1746228],[85.5774075,20.174074],[85.5771768,20.1735906],[85.5770373,20.1731727],[85.576871,20.1725281],[85.5767477,20.1721102],[85.5765009,20.1714103],[85.5762649,20.1707204],[85.5760664,20.1701716],[85.57594,20.16979],[85.5759054,20.1695774],[85.5759323,20.1694314]]}},{"type":"Feature","properties":{"id":564004046,"highway":"unclassified"},"geometry":{"type":"LineString","coordinates":[[85.5483055,20.1644563],[85.5481821,20.1643656],[85.5478013,20.1643052],[85.5474955,20.1643002],[85.5472455,20.164149],[85.547179,20.1641088],[85.5468625,20.1639678],[85.5466425,20.1639829],[85.546326,20.163988],[85.5459827,20.163993],[85.5454842,20.1640371],[85.5454141,20.1640433],[85.5454194,20.1641994],[85.5455482,20.1645872],[85.5458486,20.1647685],[85.5458808,20.164985],[85.5459318,20.1653627],[85.5453122,20.1653224],[85.5447704,20.1652569],[85.5440569,20.1651411],[85.5438584,20.1653778],[85.5437887,20.1656044],[85.5438369,20.1660274],[85.5439067,20.1662439],[85.5439711,20.1667676],[85.544132,20.1670748],[85.5442876,20.1674474],[85.5444404,20.1675305],[85.5442285,20.167815],[85.5439764,20.1680214],[85.5435419,20.1683991],[85.5432522,20.1685804],[85.5428016,20.1686257],[85.542528,20.1687667],[85.5420184,20.1688825],[85.5415946,20.1688976],[85.5411816,20.1688624],[85.5408919,20.1688019],[85.5406934,20.168812],[85.5404091,20.1688674],[85.5399585,20.1689782],[85.5396581,20.1690487]]}},{"type":"Feature","properties":{"id":602562167,"highway":"unclassified"},"geometry":{"type":"LineString","coordinates":[[85.5555662,20.1377242],[85.5554773,20.1375632],[85.5552531,20.1371594],[85.5551628,20.1370524],[85.5551267,20.1369827],[85.555104,20.136915],[85.5550772,20.136609],[85.555046,20.136489],[85.555002,20.1364012],[85.5548619,20.136023],[85.5548304,20.1359068],[85.5547808,20.1357804],[85.5547892,20.1357356],[85.5548237,20.1357109],[85.554961,20.1356896],[85.5550062,20.1356555],[85.5550191,20.1355884],[85.5549947,20.1354692],[85.5549641,20.1353898],[85.5548351,20.1348062],[85.554842,20.1344693],[85.554856,20.1340885],[85.5549139,20.133671],[85.5549798,20.1333228],[85.555033,20.132973],[85.5549273,20.1321456],[85.5548785,20.1320688],[85.5548145,20.1319991],[85.554755,20.1319383],[85.5546724,20.1319041],[85.5545821,20.1318949],[85.5544065,20.1319674],[85.5542929,20.1320355],[85.5542023,20.1321108],[85.5541342,20.13226],[85.5538908,20.1328024],[85.5537638,20.1332888],[85.5537469,20.1334494],[85.5531512,20.1339289],[85.5530825,20.13396],[85.5526193,20.1339617],[85.5523717,20.1339626],[85.552117,20.1340264],[85.5516475,20.1341439],[85.5509233,20.133851],[85.5505867,20.1337747],[85.55025,20.133727],[85.5498286,20.1338009],[85.5494376,20.1339165],[85.5488999,20.1341579],[85.5485304,20.1343238],[85.5480699,20.1345154],[85.5477221,20.1345242],[85.5473194,20.1345678],[85.5471987,20.1345928],[85.5470973,20.1346778],[85.5470787,20.1348257],[85.5470777,20.1350306]]}},{"type":"Feature","properties":{"id":617653494,"highway":"residential"},"geometry":{"type":"LineString","coordinates":[[85.5905831,20.1373548],[85.5903409,20.1375522],[85.5900928,20.1377031],[85.5897889,20.1379816],[85.5897859,20.1381183],[85.5898638,20.1382246],[85.5899279,20.1382796],[85.5899404,20.1384331],[85.5899137,20.1384768],[85.5898732,20.1385433]]}},{"type":"Feature","properties":{"id":617653500,"highway":"unclassified"},"geometry":{"type":"LineString","coordinates":[[85.5183415,20.1382393],[85.5185564,20.1388235],[85.5187085,20.1391499],[85.5189487,20.1396653],[85.5191046,20.1403868],[85.5181221,20.1406167],[85.517854,20.1398445],[85.5178466,20.1398231],[85.5168519,20.1389199],[85.5164082,20.1387095],[85.5159786,20.1386305],[85.5156517,20.1386525],[85.5154812,20.1386004]]}},{"type":"Feature","properties":{"id":617653501,"highway":"tertiary"},"geometry":{"type":"LineString","coordinates":[[85.518725,20.1382098],[85.5186794,20.1378722],[85.5185,20.1365448],[85.5181109,20.1336664],[85.5178105,20.1289722],[85.5175745,20.1266553],[85.5184542,20.126756],[85.5184757,20.125386],[85.5187546,20.1250032],[85.5187976,20.124439],[85.5183899,20.1242376],[85.5178749,20.1240562],[85.5181538,20.1234921],[85.5185225,20.1220337],[85.5193719,20.119867],[85.5197258,20.1190162],[85.5197047,20.1188184],[85.5196267,20.1180857],[85.5193088,20.1173623],[85.5192586,20.1172482],[85.5190746,20.1158392],[85.5191331,20.1153769],[85.5191453,20.1152808],[85.5196125,20.114882],[85.5197034,20.1148793],[85.5204902,20.1148555],[85.5210188,20.1146487]]}},{"type":"Feature","properties":{"id":617653502,"highway":"secondary"},"geometry":{"type":"LineString","coordinates":[[85.5462509,20.1610487],[85.5449457,20.1602366],[85.5431711,20.1591537],[85.540826,20.1577852],[85.5402319,20.1574475],[85.5398171,20.1572139],[85.5397036,20.1571557],[85.5396182,20.1571419],[85.5394617,20.1571681],[85.5393087,20.1571951],[85.5392173,20.1571985],[85.5391285,20.1571824],[85.5390819,20.1571541],[85.5390608,20.1571052],[85.5390868,20.156896],[85.5391572,20.1563953],[85.5391526,20.1562298],[85.539129,20.1560465],[85.539061,20.1558691],[85.5390157,20.1556673],[85.5390423,20.1550923],[85.5390093,20.1549663],[85.5389675,20.1548826],[85.5389062,20.1548111],[85.5381138,20.1542561],[85.5377611,20.1538258],[85.5376673,20.1536952],[85.5372352,20.1528951],[85.5370284,20.15256],[85.5369176,20.1524156],[85.5367096,20.1522181],[85.536344,20.1519688],[85.5355704,20.1513915],[85.5351394,20.1510645],[85.5348876,20.150881],[85.5331621,20.1494199],[85.5327757,20.1491067],[85.5322585,20.1486972],[85.5319553,20.1485039],[85.5314074,20.1481848],[85.5297542,20.1471896],[85.529224,20.1468671],[85.5287735,20.1465344],[85.5283102,20.1461822],[85.5278324,20.1457652],[85.5274052,20.1453949],[85.5269959,20.1450199],[85.5266799,20.1447372],[85.526328,20.14439],[85.5260437,20.1440845],[85.524918,20.1429487],[85.5246938,20.1427075],[85.5245519,20.1425738],[85.5243848,20.1424492],[85.5242011,20.1423244],[85.5236692,20.1420468],[85.5228473,20.1413278],[85.5224782,20.1409283],[85.5215519,20.1399186],[85.5211846,20.1394897],[85.5203975,20.1383031],[85.5203248,20.1382426],[85.5202945,20.1382096],[85.5202574,20.1381816],[85.5202283,20.1381633],[85.5201911,20.1381463],[85.5201195,20.138121]]}},{"type":"Feature","properties":{"id":617657405,"highway":"unclassified"},"geometry":{"type":"LineString","coordinates":[[85.5103605,20.1399248],[85.5104569,20.1401564],[85.5106561,20.1405571],[85.5109163,20.1410571],[85.5110708,20.1416373],[85.5110951,20.1419764],[85.5111115,20.142206],[85.5110405,20.1425836],[85.5110139,20.1427251],[85.5109773,20.1429007],[85.5107496,20.1438549],[85.5106846,20.1440839],[85.510587,20.1441984],[85.510526,20.1445953],[85.5105667,20.1447136],[85.5105043,20.1448033]]}},{"type":"Feature","properties":{"id":617657406,"highway":"unclassified"},"geometry":{"type":"LineString","coordinates":[[85.5109773,20.1429007],[85.5110143,20.1431013],[85.5110327,20.1432558],[85.5110546,20.1434387],[85.5111484,20.1439423],[85.5112825,20.1443956],[85.5113053,20.1444877],[85.5113362,20.1446122],[85.5113201,20.1448111],[85.5113469,20.145151],[85.5113979,20.1455162],[85.5115266,20.1458234],[85.5116339,20.1460802],[85.5117412,20.1463421],[85.5117788,20.1464932],[85.5119129,20.1467979],[85.5119343,20.1470875],[85.511929,20.1472386],[85.511996,20.1476037],[85.5120094,20.1480317],[85.5119665,20.1484095]]}},{"type":"Feature","properties":{"id":617657407,"highway":"unclassified"},"geometry":{"type":"LineString","coordinates":[[85.511929,20.1472386],[85.5103402,20.1473574],[85.5097149,20.1474041],[85.5096727,20.1474041],[85.5094672,20.1474041],[85.5093681,20.1470984],[85.5091841,20.1465203],[85.5092407,20.1460883],[85.5094236,20.1448864],[85.510028,20.1447951],[85.5105667,20.1447136],[85.5108817,20.1446605],[85.5113053,20.1444877],[85.5114091,20.1442086],[85.5118408,20.1436304],[85.5119895,20.143348],[85.5118267,20.143245],[85.5110327,20.1432558]]}},{"type":"Feature","properties":{"id":617657408,"highway":"unclassified"},"geometry":{"type":"LineString","coordinates":[[85.5105043,20.1448033],[85.5107755,20.1457304],[85.5109702,20.1466939],[85.5111684,20.1466374],[85.5114338,20.1465677],[85.5117788,20.1464932]]}},{"type":"Feature","properties":{"id":617657410,"highway":"unclassified"},"geometry":{"type":"LineString","coordinates":[[85.5191046,20.1403868],[85.5192268,20.1405559],[85.5193813,20.1406671],[85.5197132,20.1408801],[85.5199476,20.1412897],[85.5200013,20.1416724],[85.519995,20.1416773],[85.5196472,20.1419444],[85.5190546,20.1425342],[85.5189841,20.1426339],[85.5187567,20.1427804],[85.5183276,20.1428912],[85.5181452,20.1430423],[85.5179842,20.1430927]]}},{"type":"Feature","properties":{"id":617657413,"highway":"unclassified"},"geometry":{"type":"LineString","coordinates":[[85.5094236,20.1448864],[85.5085485,20.1448292],[85.5079823,20.1446166],[85.5074018,20.1445102],[85.5066773,20.1445672],[85.5061407,20.1446436],[85.5059578,20.1446232]]}},{"type":"Feature","properties":{"id":617657414,"highway":"unclassified"},"geometry":{"type":"LineString","coordinates":[[85.510028,20.1447951],[85.5099126,20.1443282],[85.5097663,20.144355],[85.5096118,20.1438015],[85.5095101,20.1434351],[85.5094614,20.1426718],[85.5096118,20.1425801],[85.5097703,20.1425954],[85.5109046,20.1424733],[85.5109818,20.1424962],[85.5110405,20.1425836]]}},{"type":"Feature","properties":{"id":617662693,"highway":"unclassified"},"geometry":{"type":"LineString","coordinates":[[85.5129543,20.1393089],[85.5125048,20.1395352],[85.512278,20.1396684],[85.5121306,20.1398316],[85.5117851,20.1399499],[85.5112781,20.1401614],[85.5107972,20.1403621],[85.5106561,20.1405571],[85.5104313,20.1406522],[85.5099312,20.1407705],[85.5097023,20.1408918]]}},{"type":"Feature","properties":{"id":617662695,"highway":"unclassified"},"geometry":{"type":"LineString","coordinates":[[85.5103605,20.1399248],[85.5099684,20.1391645],[85.5097454,20.1385331],[85.5097277,20.1382866],[85.5096852,20.1376925],[85.5096569,20.1370379],[85.5098728,20.1363201],[85.5099046,20.1358682],[85.5100073,20.1353864],[85.5099896,20.1351305],[85.5093844,20.1350707],[85.5088217,20.1349312],[85.5086447,20.1349744],[85.5087155,20.1354828],[85.5089809,20.1364331],[85.5095578,20.1364929],[85.5097171,20.1366657],[85.5096569,20.1370379]]}},{"type":"Feature","properties":{"id":617662697,"highway":"unclassified"},"geometry":{"type":"LineString","coordinates":[[85.5045276,20.1307324],[85.5053082,20.1329005],[85.5069181,20.1369312],[85.5074939,20.1395968],[85.5079043,20.1418169],[85.5089131,20.1413969]]}},{"type":"Feature","properties":{"id":617662700,"highway":"residential"},"geometry":{"type":"LineString","coordinates":[[85.5162058,20.138428],[85.5161311,20.1380875],[85.5161179,20.1379936],[85.5161068,20.137939],[85.5162115,20.1376844]]}},{"type":"Feature","properties":{"id":617662707,"highway":"residential"},"geometry":{"type":"LineString","coordinates":[[85.5119895,20.143348],[85.5121285,20.1416923],[85.5120458,20.1403007],[85.5120555,20.1400442],[85.5121306,20.1398316]]}},{"type":"Feature","properties":{"id":617845587,"highway":"tertiary"},"geometry":{"type":"LineString","coordinates":[[85.5932241,20.157863],[85.5931267,20.1576035],[85.5935578,20.1574293],[85.5939293,20.1572894],[85.5943617,20.1570926],[85.5945457,20.1569916],[85.5945154,20.156802],[85.5944733,20.156588],[85.5943947,20.1561083],[85.5943695,20.1559486],[85.5943611,20.1558127],[85.5946037,20.155792],[85.5955759,20.1557403],[85.5958393,20.1557125],[85.5963105,20.1556525],[85.5966464,20.1555864],[85.5982502,20.1553449],[85.5984529,20.1553131],[85.598556,20.1552964],[85.5992609,20.1551824],[85.6002121,20.1549774],[85.600919,20.1547862],[85.6015964,20.1545776],[85.6018574,20.1544847],[85.6033262,20.1538018],[85.6034152,20.1537038],[85.6035111,20.1536695]]}},{"type":"Feature","properties":{"id":617845592,"highway":"tertiary"},"geometry":{"type":"LineString","coordinates":[[85.5821764,20.1538937],[85.5826114,20.1540335],[85.5836774,20.1542292],[85.583797,20.1542479],[85.5840859,20.1542932],[85.5852413,20.1544869],[85.5860371,20.1545928],[85.5867712,20.1546108],[85.5873647,20.1546198],[85.5877762,20.1546616],[85.5882724,20.1547519],[85.5897612,20.1551494],[85.5906357,20.1553299],[85.5913346,20.1555036],[85.5922391,20.1556633],[85.5932944,20.155783],[85.5938454,20.1558266],[85.5943611,20.1558127]]}},{"type":"Feature","properties":{"id":618052102,"highway":"residential"},"geometry":{"type":"LineString","coordinates":[[85.5885213,20.1938194],[85.5873808,20.1931219],[85.5839969,20.1910523],[85.5819634,20.1900344],[85.5804106,20.1897915],[85.5796711,20.1899188],[85.5790919,20.1900113],[85.5785003,20.1898956],[85.5769598,20.1895718],[85.5757644,20.1896874],[85.5740029,20.1905083],[85.574002,20.1905087],[85.5738171,20.1898956]]}},{"type":"Feature","properties":{"id":618052103,"highway":"residential"},"geometry":{"type":"LineString","coordinates":[[85.5891346,20.1937458],[85.5889881,20.193315],[85.5887346,20.1931834],[85.5883534,20.1929854]]}},{"type":"Feature","properties":{"id":618052104,"highway":"residential"},"geometry":{"type":"LineString","coordinates":[[85.5889881,20.193315],[85.5892032,20.1932829],[85.5893712,20.1932579],[85.5896844,20.1932112],[85.5903068,20.1931184],[85.5902883,20.1921641],[85.5903246,20.1918859],[85.5900707,20.1917206],[85.5894843,20.1912882],[85.5891668,20.1912677],[85.5880021,20.1911694],[85.5863445,20.1911462],[85.5860917,20.1911311],[85.5852589,20.1910813],[85.5842186,20.191019]]}},{"type":"Feature","properties":{"id":618052105,"highway":"residential"},"geometry":{"type":"LineString","coordinates":[[85.5887346,20.1931834],[85.5887662,20.1930432],[85.5888032,20.1929217],[85.5888772,20.192835],[85.5890127,20.1928061],[85.5891052,20.1927887],[85.5892284,20.1928466],[85.5892962,20.1929507],[85.589327,20.1930952],[85.5893712,20.1932579]]}},{"type":"Feature","properties":{"id":618052106,"highway":"residential"},"geometry":{"type":"LineString","coordinates":[[85.5896844,20.1932112],[85.5896598,20.1922624],[85.5891668,20.1912677]]}},{"type":"Feature","properties":{"id":618052107,"highway":"residential"},"geometry":{"type":"LineString","coordinates":[[85.5896598,20.1922624],[85.5902883,20.1921641]]}},{"type":"Feature","properties":{"id":618052108,"highway":"residential"},"geometry":{"type":"LineString","coordinates":[[85.5858454,20.1919559],[85.5849889,20.1914932],[85.5851042,20.1913174],[85.5852589,20.1910813]]}},{"type":"Feature","properties":{"id":618052109,"highway":"residential"},"geometry":{"type":"LineString","coordinates":[[85.5860917,20.1911311],[85.5859502,20.1917593],[85.5851042,20.1913174]]}},{"type":"Feature","properties":{"id":618053747,"highway":"residential"},"geometry":{"type":"LineString","coordinates":[[85.5893696,20.193712],[85.5892032,20.1932829]]}},{"type":"Feature","properties":{"id":618312754,"highway":"residential"},"geometry":{"type":"LineString","coordinates":[[85.5079043,20.1418169],[85.5065142,20.1427411],[85.505452,20.1432447],[85.504937,20.1423079],[85.5044328,20.1403639],[85.504097,20.1385166]]}},{"type":"Feature","properties":{"id":618312755,"highway":"residential"},"geometry":{"type":"LineString","coordinates":[[85.505452,20.1432447],[85.5047224,20.1436073],[85.5042826,20.1438591],[85.50292,20.1437483],[85.501257,20.1435267],[85.5010746,20.1433857],[85.4980169,20.1430634],[85.4975878,20.1434562]]}},{"type":"Feature","properties":{"id":618312756,"highway":"residential"},"geometry":{"type":"LineString","coordinates":[[85.5047224,20.1436073],[85.5054033,20.1442895],[85.5059578,20.1446232]]}},{"type":"Feature","properties":{"id":618574360,"highway":"residential"},"geometry":{"type":"LineString","coordinates":[[85.6018574,20.1544847],[85.6013046,20.1553796],[85.6010722,20.1557873],[85.6009497,20.1560021],[85.6007255,20.1563353],[85.600295,20.1566289],[85.5997355,20.1570104],[85.5998756,20.1575277],[85.5999876,20.1583607],[85.5996981,20.1593076],[85.5994739,20.1595707],[85.5994141,20.1595759],[85.5987734,20.159632],[85.5984092,20.1595356],[85.5982411,20.1595531],[85.5982411,20.1593076],[85.5981059,20.1592994],[85.5981489,20.1591987],[85.5979772,20.1591735],[85.5979879,20.1590526],[85.5982937,20.1586045],[85.5985136,20.1581613],[85.5986585,20.157839],[85.5987819,20.1576879],[85.5989415,20.1575847],[85.5990635,20.1575058],[85.5992647,20.1573757],[85.5992807,20.1574361],[85.599329,20.1587354]]}},{"type":"Feature","properties":{"id":618574361,"highway":"residential"},"geometry":{"type":"LineString","coordinates":[[85.5997355,20.1570104],[85.5992647,20.1573757]]}},{"type":"Feature","properties":{"id":618574362,"highway":"unclassified"},"geometry":{"type":"LineString","coordinates":[[85.5979879,20.1590526],[85.5978508,20.159175],[85.5977542,20.1594318],[85.5974592,20.1594268],[85.597368,20.1594167],[85.597161,20.1597873],[85.5970783,20.1599354],[85.59703,20.1600562],[85.5965357,20.1603656],[85.5964507,20.1604188],[85.5953724,20.1609727],[85.5953286,20.1610536],[85.5950506,20.1615669],[85.5946965,20.1622619],[85.5945892,20.1624532],[85.5942674,20.1626244],[85.5940796,20.1627906],[85.593924,20.1631884],[85.5938167,20.1635711],[85.593806,20.1640395],[85.5939884,20.1646991],[85.5942298,20.1651624],[85.5946038,20.1657446],[85.5946536,20.1658221],[85.5949165,20.1666227],[85.5950613,20.167091],[85.5952544,20.1672723],[85.5953081,20.1675744],[85.5953885,20.1677406],[85.5954153,20.1679672],[85.5954856,20.1679862]]}},{"type":"Feature","properties":{"id":618574363,"highway":"residential"},"geometry":{"type":"LineString","coordinates":[[85.5990635,20.1575058],[85.5988465,20.1581268],[85.5987245,20.1581344],[85.5987408,20.1584474],[85.5984074,20.1585695],[85.5984074,20.1588748]]}},{"type":"Feature","properties":{"id":618574364,"highway":"unclassified"},"geometry":{"type":"LineString","coordinates":[[85.6038716,20.1548705],[85.6024497,20.1553058],[85.6018305,20.155524],[85.6016927,20.1555718],[85.6010722,20.1557873],[85.5980409,20.1568398],[85.5976756,20.1569666],[85.5974073,20.1572032],[85.5971715,20.1578215],[85.5970983,20.1586001],[85.5970994,20.158602],[85.5972121,20.1587985],[85.5974479,20.1587909],[85.5974886,20.1590199],[85.5978508,20.159175]]}},{"type":"Feature","properties":{"id":618578381,"highway":"residential"},"geometry":{"type":"LineString","coordinates":[[85.5091841,20.1465203],[85.5086927,20.1461138],[85.5084218,20.1458332],[85.5075812,20.145614],[85.5071703,20.1453684],[85.5066939,20.1450177],[85.5061407,20.1446436]]}},{"type":"Feature","properties":{"id":618578388,"highway":"residential"},"geometry":{"type":"LineString","coordinates":[[85.5089131,20.1413969],[85.5088378,20.1413252],[85.5087466,20.1411867],[85.508701,20.1410633],[85.5086844,20.1410141],[85.5086541,20.1409242],[85.5086325,20.14086],[85.5086179,20.1408165],[85.5086145,20.1407843],[85.5086099,20.1407402],[85.5086045,20.1406881],[85.5085952,20.1406167],[85.5085884,20.1405647]]}},{"type":"Feature","properties":{"id":618578395,"highway":"residential"},"geometry":{"type":"LineString","coordinates":[[85.5104313,20.1406522],[85.5103199,20.1405523],[85.5101819,20.1404061],[85.5099731,20.1403163],[85.5098457,20.1402333],[85.5097955,20.14024]]}},{"type":"Feature","properties":{"id":618578413,"highway":"residential"},"geometry":{"type":"LineString","coordinates":[[85.517854,20.1398445],[85.518167,20.1397677],[85.5184166,20.1397272],[85.5186292,20.1396983],[85.5189487,20.1396653]]}},{"type":"Feature","properties":{"id":618578415,"highway":"residential"},"geometry":{"type":"LineString","coordinates":[[85.5197132,20.1408801],[85.5195754,20.1410089],[85.5193822,20.1410381],[85.5191238,20.1411943],[85.5189256,20.1412541],[85.518692,20.1413371],[85.5184337,20.1413737],[85.5183346,20.1412807],[85.5182222,20.1410564],[85.5181417,20.1407889],[85.5181221,20.1406167]]}},{"type":"Feature","properties":{"id":618578418,"highway":"residential"},"geometry":{"type":"LineString","coordinates":[[85.5164082,20.1387095],[85.5163983,20.1384032]]}},{"type":"Feature","properties":{"id":618947407,"highway":"secondary"},"geometry":{"type":"LineString","coordinates":[[85.5203975,20.1383031],[85.520365,20.1382344],[85.520361,20.1381878],[85.5203623,20.1381686],[85.520369,20.1381519],[85.5203939,20.1381296],[85.5204187,20.1381173],[85.5204335,20.1381072]]}},{"type":"Feature","properties":{"id":618949193,"highway":"residential"},"geometry":{"type":"LineString","coordinates":[[85.5951632,20.1934186],[85.5951954,20.193743],[85.5953262,20.1941112],[85.5953542,20.1947511],[85.5952982,20.195128],[85.5953005,20.1951555],[85.5953085,20.1952517],[85.5953449,20.1956891],[85.5955583,20.1963131],[85.5955877,20.1963991],[85.5956344,20.1966884],[85.5951674,20.1968637],[85.5946117,20.196954],[85.5939812,20.1970565],[85.5932434,20.1971705]]}},{"type":"Feature","properties":{"id":618949194,"highway":"residential"},"geometry":{"type":"LineString","coordinates":[[85.5951954,20.193743],[85.594112,20.1941463],[85.5939252,20.1942602],[85.5927857,20.1947248],[85.5925615,20.1949177],[85.5925242,20.1952245],[85.5925522,20.1954874],[85.5917116,20.1958644],[85.5909737,20.1961098],[85.5905235,20.1961699]]}},{"type":"Feature","properties":{"id":618949195,"highway":"residential"},"geometry":{"type":"LineString","coordinates":[[85.5953005,20.1951555],[85.5954196,20.1949966],[85.5956157,20.1949966],[85.5958025,20.1949966],[85.5960734,20.1949966],[85.5962695,20.1949966],[85.5965124,20.1949615],[85.5966058,20.1948738],[85.596886,20.1948738],[85.5970354,20.1948212],[85.5973343,20.1948125],[85.5976244,20.1947756],[85.5978529,20.1946867],[85.5978723,20.1945494],[85.5977325,20.1941995]]}},{"type":"Feature","properties":{"id":618949196,"highway":"residential"},"geometry":{"type":"LineString","coordinates":[[85.5966012,20.1933476],[85.5966768,20.1934346],[85.5967036,20.1937014],[85.5967894,20.1939783]]}},{"type":"Feature","properties":{"id":618949197,"highway":"residential"},"geometry":{"type":"LineString","coordinates":[[85.5953085,20.1952517],[85.5951211,20.1952269],[85.5948743,20.1950507],[85.5947187,20.1948191],[85.5943754,20.1944163],[85.594112,20.1941463],[85.5938175,20.1938374],[85.5936244,20.193636],[85.5933669,20.1935353],[85.5930558,20.1934698],[85.5928573,20.1934547],[85.5925837,20.193495],[85.5924764,20.193641],[85.5923477,20.1937165],[85.5923101,20.193636],[85.5922887,20.1935302],[85.5922243,20.1933641],[85.5922051,20.1932934]]}},{"type":"Feature","properties":{"id":618949198,"highway":"residential"},"geometry":{"type":"LineString","coordinates":[[85.5923477,20.1937165],[85.5924657,20.1937618],[85.5926052,20.1939179],[85.5926803,20.1940136]]}},{"type":"Feature","properties":{"id":618949199,"highway":"residential"},"geometry":{"type":"LineString","coordinates":[[85.5927857,20.1947248],[85.5917454,20.195175],[85.5916847,20.1951969]]}},{"type":"Feature","properties":{"id":618949200,"highway":"residential"},"geometry":{"type":"LineString","coordinates":[[85.5953449,20.1956891],[85.5947246,20.1957802],[85.5942575,20.1958998],[85.5935567,20.1961057],[85.5934293,20.1959861],[85.5932806,20.1957669],[85.5932098,20.1957071],[85.5929975,20.1955743],[85.5927356,20.1954812],[85.5925522,20.1954874]]}},{"type":"Feature","properties":{"id":619211072,"highway":"residential"},"geometry":{"type":"LineString","coordinates":[[85.5956533,20.169014],[85.5957223,20.1687395],[85.5959134,20.1687362],[85.5960762,20.1687329],[85.596147,20.168703],[85.596377,20.1687063],[85.5964676,20.1686914]]}},{"type":"Feature","properties":{"id":619211073,"highway":"residential"},"geometry":{"type":"LineString","coordinates":[[85.5954153,20.1679672],[85.5952764,20.1679887],[85.5951348,20.1680252],[85.5949826,20.1680319],[85.5948021,20.1679953],[85.5945331,20.1679621],[85.5944907,20.1679555]]}},{"type":"Feature","properties":{"id":619211074,"highway":"residential"},"geometry":{"type":"LineString","coordinates":[[85.5960005,20.1680265],[85.5959842,20.1677993],[85.5959771,20.1676399],[85.5960196,20.1675236],[85.5960656,20.1673409],[85.5961364,20.1673575],[85.5962142,20.1671083]]}},{"type":"Feature","properties":{"id":619211075,"highway":"residential"},"geometry":{"type":"LineString","coordinates":[[85.5966931,20.1694399],[85.5967664,20.1693308],[85.5968761,20.1692943],[85.5970176,20.1692179],[85.5973043,20.1691614],[85.5974121,20.1695944]]}},{"type":"Feature","properties":{"id":619512712,"highway":"residential"},"geometry":{"type":"LineString","coordinates":[[85.5905831,20.1373548],[85.5925334,20.1360485]]}},{"type":"Feature","properties":{"id":619512716,"highway":"secondary_link"},"geometry":{"type":"LineString","coordinates":[[85.5857389,20.1308946],[85.585745,20.1309243],[85.5857386,20.1309509],[85.5856863,20.1309934],[85.5855744,20.1310561]]}},{"type":"Feature","properties":{"id":619512717,"highway":"tertiary"},"geometry":{"type":"LineString","coordinates":[[85.5859749,20.1311042],[85.5860776,20.1311709],[85.5900755,20.1341431],[85.5925334,20.1360485]]}},{"type":"Feature","properties":{"id":619512718,"highway":"secondary_link"},"geometry":{"type":"LineString","coordinates":[[85.5855744,20.1310561],[85.5857677,20.1310526]]}},{"type":"Feature","properties":{"id":620300581,"highway":"residential"},"geometry":{"type":"LineString","coordinates":[[85.5858454,20.1919559],[85.5859502,20.1917593],[85.5873667,20.1925146],[85.5874204,20.1928973],[85.5873808,20.1931219]]}},{"type":"Feature","properties":{"id":620906683,"highway":"residential"},"geometry":{"type":"LineString","coordinates":[[85.5761913,20.200292],[85.576565,20.2001533],[85.576594,20.2001417],[85.5770607,20.1998874],[85.577455,20.1995602],[85.5776052,20.1992883],[85.5777114,20.1989588],[85.5777447,20.1988554],[85.5778412,20.1987043],[85.578037,20.1984778],[85.5782784,20.1983343],[85.5785493,20.1982814],[85.5788827,20.1982164]]}},{"type":"Feature","properties":{"id":620906684,"highway":"residential"},"geometry":{"type":"LineString","coordinates":[[85.5804305,20.197774],[85.5808026,20.1978162],[85.5812028,20.1979999]]}},{"type":"Feature","properties":{"id":620914496,"highway":"residential"},"geometry":{"type":"LineString","coordinates":[[85.5740029,20.1905083],[85.5723229,20.1913927],[85.5720439,20.191433],[85.571883,20.1914229],[85.5717221,20.1912316],[85.5707028,20.1898621],[85.5704668,20.189842],[85.5699625,20.1898722],[85.5688896,20.1900434],[85.5681386,20.1901239],[85.5680118,20.1901467],[85.5679231,20.1901028],[85.567825,20.1897084]]}},{"type":"Feature","properties":{"id":620914498,"highway":"residential"},"geometry":{"type":"LineString","coordinates":[[85.5707028,20.1898621],[85.5695257,20.1877666],[85.568229,20.1855871]]}},{"type":"Feature","properties":{"id":620914499,"highway":"residential"},"geometry":{"type":"LineString","coordinates":[[85.587455,20.1957847],[85.5873477,20.1958847],[85.5871688,20.1959648],[85.5869452,20.1960183],[85.5869439,20.1961094],[85.5869427,20.1961871],[85.5868503,20.1962218],[85.5866932,20.1962623],[85.5865761,20.1962854],[85.5865453,20.1962449],[85.586459,20.1962767],[85.5864035,20.1965312],[85.5863419,20.1966555],[85.5863142,20.1968493],[85.5863553,20.1969074]]}},{"type":"Feature","properties":{"id":620914500,"highway":"residential"},"geometry":{"type":"LineString","coordinates":[[85.5867361,20.1951178],[85.5866377,20.1954526],[85.5863604,20.1954208],[85.5862587,20.1953861],[85.5860769,20.1954237],[85.5858305,20.1954006],[85.5859475,20.1958143],[85.5859599,20.1961902],[85.5861262,20.1961787],[85.5863173,20.1961758],[85.5865822,20.1961468],[85.5869439,20.1961094]]}},{"type":"Feature","properties":{"id":620914501,"highway":"residential"},"geometry":{"type":"LineString","coordinates":[[85.5881095,20.1953568],[85.588336,20.1953538],[85.5886287,20.1953462],[85.5887304,20.1953691],[85.5887751,20.1955255],[85.5888076,20.1958575]]}},{"type":"Feature","properties":{"id":620914505,"highway":"residential"},"geometry":{"type":"LineString","coordinates":[[85.5905337,20.1890703],[85.5911932,20.1889656],[85.5917028,20.1889304],[85.592089,20.1889656],[85.5921864,20.1889917],[85.5923519,20.1890361],[85.5927596,20.1889354],[85.5933658,20.188734],[85.5942616,20.1885679],[85.5947873,20.1884974],[85.5948141,20.1883363]]}},{"type":"Feature","properties":{"id":620914506,"highway":"residential"},"geometry":{"type":"LineString","coordinates":[[85.5933658,20.188734],[85.593387,20.1883809],[85.5933952,20.1881138],[85.5932326,20.1880832],[85.5929195,20.1881367],[85.5925739,20.188171],[85.5923341,20.1881863],[85.592204,20.1881519],[85.5920902,20.1880145],[85.5919763,20.1879764],[85.5917365,20.1879993],[85.5914681,20.1879726],[85.5912201,20.1878276],[85.5912201,20.1876597],[85.5906361,20.1880161]]}},{"type":"Feature","properties":{"id":620914507,"highway":"residential"},"geometry":{"type":"LineString","coordinates":[[85.5912201,20.1876597],[85.5915982,20.1875147],[85.5912161,20.1864654],[85.5910277,20.1863999]]}},{"type":"Feature","properties":{"id":620914508,"highway":"residential"},"geometry":{"type":"LineString","coordinates":[[85.5915982,20.1875147],[85.5917852,20.1874575],[85.5920251,20.1872285],[85.5922731,20.1868469],[85.5924317,20.1865073],[85.5926146,20.1861372],[85.5927447,20.1859044]]}},{"type":"Feature","properties":{"id":620914509,"highway":"residential"},"geometry":{"type":"LineString","coordinates":[[85.5903357,20.1852721],[85.5904331,20.1850631],[85.5904084,20.1848028],[85.5903222,20.1843922],[85.590242,20.184369],[85.5902197,20.184405],[85.5901558,20.1845078],[85.5900449,20.1846062],[85.5900017,20.1847103],[85.589633,20.1853325]]}},{"type":"Feature","properties":{"id":620914510,"highway":"residential"},"geometry":{"type":"LineString","coordinates":[[85.5902197,20.184405],[85.5903283,20.183941],[85.5903591,20.1836923],[85.5902051,20.1833627],[85.589669,20.1822175],[85.5895334,20.1819919],[85.589404,20.1819861]]}},{"type":"Feature","properties":{"id":620914512,"highway":"residential"},"geometry":{"type":"LineString","coordinates":[[85.5903283,20.183941],[85.5901537,20.1839697],[85.5899626,20.1839598],[85.5893928,20.1840528]]}},{"type":"Feature","properties":{"id":620914513,"highway":"residential"},"geometry":{"type":"LineString","coordinates":[[85.5893928,20.1840528],[85.5889008,20.1830927],[85.5885929,20.1825745],[85.5884761,20.1824716],[85.5882956,20.1825048],[85.588154,20.1826177],[85.5879488,20.1826742],[85.587878,20.1827506],[85.5877116,20.1827905],[85.5876444,20.1827307],[85.5872763,20.1828469],[85.5868091,20.1818039],[85.5868339,20.1815148],[85.5869472,20.1814351],[85.5870781,20.1814119],[85.5870427,20.1813421],[85.5873931,20.1811827],[85.5874108,20.1809402],[85.5873365,20.1809833],[85.5872339,20.1809568],[85.5871064,20.1809402],[85.5870073,20.1809867],[85.586933,20.1809867],[85.5868622,20.1809867],[85.5867879,20.181083],[85.5868481,20.1812823],[85.5868339,20.1815148]]}},{"type":"Feature","properties":{"id":620914514,"highway":"residential"},"geometry":{"type":"LineString","coordinates":[[85.5876911,20.1843054],[85.587794,20.1842198],[85.5877126,20.184077],[85.5876277,20.1836518],[85.5874613,20.1831767],[85.5873684,20.1830111],[85.5872763,20.1828469]]}},{"type":"Feature","properties":{"id":620914515,"highway":"residential"},"geometry":{"type":"LineString","coordinates":[[85.5873684,20.1830111],[85.5877055,20.1828446]]}},{"type":"Feature","properties":{"id":620914516,"highway":"residential"},"geometry":{"type":"LineString","coordinates":[[85.5885929,20.1825745],[85.5886682,20.1823363],[85.5887319,20.1820872],[85.5888522,20.1818945],[85.5891212,20.1818048],[85.5894716,20.1817948],[85.5895334,20.1819919]]}},{"type":"Feature","properties":{"id":620914517,"highway":"residential"},"geometry":{"type":"LineString","coordinates":[[85.5887097,20.1855364],[85.588674,20.185287],[85.58866,20.1849934],[85.5886647,20.1847304],[85.5887674,20.1843403],[85.5888505,20.1842695],[85.5890196,20.1841255],[85.5893928,20.1840528]]}},{"type":"Feature","properties":{"id":620914518,"highway":"residential"},"geometry":{"type":"LineString","coordinates":[[85.5876911,20.1843054],[85.5888505,20.1842695]]}},{"type":"Feature","properties":{"id":620914519,"highway":"residential"},"geometry":{"type":"LineString","coordinates":[[85.5903978,20.1865241],[85.5903764,20.1862733],[85.5904113,20.1862255],[85.5905025,20.1862053],[85.5905615,20.1861751]]}},{"type":"Feature","properties":{"id":620914520,"highway":"residential"},"geometry":{"type":"LineString","coordinates":[[85.5882436,20.1857605],[85.5886069,20.1863574],[85.5887546,20.1865382],[85.5887697,20.1865567],[85.5889892,20.1865766],[85.589336,20.1865766],[85.5898527,20.1865434],[85.5899012,20.1864503]]}},{"type":"Feature","properties":{"id":620914521,"highway":"residential"},"geometry":{"type":"LineString","coordinates":[[85.5887546,20.1865382],[85.5885361,20.1866165],[85.5883415,20.1866298],[85.5879699,20.1866863],[85.587754,20.186663],[85.5874142,20.1865667],[85.5872054,20.1864703],[85.5867889,20.1862077],[85.586763,20.1861913],[85.5864126,20.185899],[85.5864303,20.185703],[85.5864976,20.1854638],[85.5864268,20.1853376],[85.5851527,20.1854871],[85.5847634,20.1850386]]}},{"type":"Feature","properties":{"id":620914522,"highway":"residential"},"geometry":{"type":"LineString","coordinates":[[85.5882436,20.1857605],[85.5881082,20.1857138],[85.5878802,20.1857543],[85.5876214,20.1858526],[85.587301,20.1859105],[85.5870144,20.1859972],[85.5869066,20.1860406],[85.5867889,20.1862077]]}},{"type":"Feature","properties":{"id":620914523,"highway":"residential"},"geometry":{"type":"LineString","coordinates":[[85.5901802,20.1868182],[85.5891514,20.1873519],[85.58891,20.1874174],[85.5886364,20.1874174],[85.5883736,20.1874174],[85.5883207,20.1874245],[85.5880732,20.1874576],[85.5876226,20.1876792],[85.587408,20.1877547],[85.587188,20.1879964],[85.5867374,20.1884596]]}},{"type":"Feature","properties":{"id":620914524,"highway":"residential"},"geometry":{"type":"LineString","coordinates":[[85.5883207,20.1874245],[85.5882344,20.1878772],[85.588107,20.1880466],[85.5885671,20.1882493],[85.5886981,20.1883522],[85.5888042,20.188319],[85.5888927,20.1883489],[85.5890237,20.1884884],[85.5893068,20.1885947],[85.5893528,20.188628],[85.5898058,20.1886512],[85.5897669,20.1889834],[85.5898801,20.1890232],[85.5899615,20.1893089],[85.5898448,20.1897241],[85.5897704,20.1898337],[85.5895191,20.1899035]]}},{"type":"Feature","properties":{"id":620914525,"highway":"residential"},"geometry":{"type":"LineString","coordinates":[[85.5904859,20.1903019],[85.5882749,20.1906111]]}},{"type":"Feature","properties":{"id":620914526,"highway":"residential"},"geometry":{"type":"LineString","coordinates":[[85.5791829,20.1989537],[85.5790563,20.19901],[85.5790376,20.1990933],[85.5790189,20.1992072],[85.5790376,20.1994571],[85.5790656,20.1995447]]}},{"type":"Feature","properties":{"id":620914531,"highway":"residential"},"geometry":{"type":"LineString","coordinates":[[85.5809855,20.1984631],[85.5811429,20.1987715],[85.581334,20.1989624],[85.5815989,20.199078],[85.5816606,20.1992284],[85.5818762,20.1992573],[85.5821227,20.1992284],[85.5821843,20.1990087],[85.5823938,20.1991359],[85.5825541,20.1991648],[85.5827944,20.199107],[85.58293,20.1990202],[85.5830717,20.1991301],[85.5831579,20.1993614],[85.5832565,20.1996274]]}},{"type":"Feature","properties":{"id":620914532,"highway":"residential"},"geometry":{"type":"LineString","coordinates":[[85.5787587,20.1979932],[85.5785772,20.1978137],[85.5783841,20.1972599]]}},{"type":"Feature","properties":{"id":620924606,"highway":"residential"},"geometry":{"type":"LineString","coordinates":[[85.5895779,20.169281],[85.5895166,20.169076],[85.5891394,20.1682677],[85.5886698,20.1675299],[85.5881391,20.1664298],[85.587771,20.1666491],[85.5874029,20.1673866],[85.5872118,20.1682703],[85.5872897,20.1686756],[85.5872848,20.1694284]]}},{"type":"Feature","properties":{"id":620924608,"highway":"residential"},"geometry":{"type":"LineString","coordinates":[[85.5874029,20.1673866],[85.5885071,20.1675594],[85.5886698,20.1675299]]}},{"type":"Feature","properties":{"id":620924616,"highway":"residential"},"geometry":{"type":"LineString","coordinates":[[85.5895779,20.169281],[85.5895454,20.169447],[85.589549,20.1698513],[85.5895702,20.1704028],[85.5895207,20.1712599]]}},{"type":"Feature","properties":{"id":621757695,"highway":"residential"},"geometry":{"type":"LineString","coordinates":[[85.5994141,20.1595759],[85.5994155,20.1601199],[85.5993968,20.1603216],[85.5993127,20.1604925],[85.5991399,20.1609616]]}},{"type":"Feature","properties":{"id":621757696,"highway":"residential"},"geometry":{"type":"LineString","coordinates":[[85.5982411,20.1595531],[85.5982053,20.1599133],[85.5972987,20.1598217],[85.597161,20.1597873]]}},{"type":"Feature","properties":{"id":621757697,"highway":"residential"},"geometry":{"type":"LineString","coordinates":[[85.5970994,20.158602],[85.5968841,20.1584631],[85.596693,20.1583448],[85.5964897,20.1582684]]}},{"type":"Feature","properties":{"id":621762506,"highway":"residential"},"geometry":{"type":"LineString","coordinates":[[85.5092407,20.1460883],[85.5093701,20.1460639],[85.5093701,20.1461138],[85.5099718,20.1460307],[85.5100602,20.1459975],[85.5101806,20.1461337],[85.5102513,20.1463165],[85.5102867,20.1465623],[85.5102993,20.1466881],[85.5103186,20.1468813],[85.5103402,20.1473574]]}},{"type":"Feature","properties":{"id":622056070,"highway":"residential"},"geometry":{"type":"LineString","coordinates":[[85.5992621,20.1411849],[85.5994142,20.1411668],[85.5995366,20.1411522],[85.5998445,20.1410791],[85.600117,20.1411422],[85.6002055,20.1411455]]}},{"type":"Feature","properties":{"id":622056071,"highway":"residential"},"geometry":{"type":"LineString","coordinates":[[85.5994142,20.1411668],[85.5995578,20.1409362]]}},{"type":"Feature","properties":{"id":622056076,"highway":"residential"},"geometry":{"type":"LineString","coordinates":[[85.5973494,20.1402849],[85.5976856,20.1401387],[85.5977483,20.1401162],[85.5978803,20.1400689],[85.5981776,20.1399992],[85.5985598,20.139956],[85.5988323,20.1399128],[85.5990234,20.1399157],[85.5990517,20.1399161],[85.5991402,20.1394775],[85.5991261,20.1392648],[85.5990836,20.1391352],[85.5989349,20.1390455],[85.5983864,20.1389558]]}},{"type":"Feature","properties":{"id":622056077,"highway":"residential"},"geometry":{"type":"LineString","coordinates":[[85.5977483,20.1401162],[85.5977882,20.1399958],[85.5977882,20.1398629],[85.5977139,20.1397865],[85.5975582,20.1398131]]}},{"type":"Feature","properties":{"id":622056079,"highway":"residential"},"geometry":{"type":"LineString","coordinates":[[85.5990234,20.1399157],[85.5992959,20.1399825],[85.5994446,20.1399626],[85.5996039,20.1398031],[85.599749,20.1398131],[85.5999578,20.1399659],[85.6000533,20.1400291],[85.6002421,20.1400178],[85.6003329,20.1400124],[85.6006444,20.1400191]]}},{"type":"Feature","properties":{"id":622056082,"highway":"residential"},"geometry":{"type":"LineString","coordinates":[[85.5992777,20.1427742],[85.5997171,20.14289],[85.5998693,20.1427471],[85.6000604,20.1425245],[85.600202,20.1423118]]}},{"type":"Feature","properties":{"id":622056084,"highway":"residential"},"geometry":{"type":"LineString","coordinates":[[85.5986613,20.1418246],[85.5988493,20.141819],[85.5990192,20.1418389],[85.5992563,20.1417891]]}},{"type":"Feature","properties":{"id":622056085,"highway":"residential"},"geometry":{"type":"LineString","coordinates":[[85.5985018,20.1435061],[85.5982116,20.1436449],[85.5978152,20.1438709],[85.5975037,20.1443095],[85.5972091,20.1445436],[85.5971357,20.1446019],[85.5965694,20.1447746],[85.5963004,20.1452664],[85.5961447,20.1455056],[85.5953944,20.1455189],[85.595267,20.1458911],[85.5943836,20.1461938],[85.5934832,20.1465024]]}},{"type":"Feature","properties":{"id":622056087,"highway":"residential"},"geometry":{"type":"LineString","coordinates":[[85.5972091,20.1445436],[85.5974277,20.1452353],[85.5974401,20.1453626],[85.5973908,20.1458138]]}},{"type":"Feature","properties":{"id":622056088,"highway":"residential"},"geometry":{"type":"LineString","coordinates":[[85.5971357,20.1446019],[85.5969964,20.1449345],[85.5970642,20.1453221],[85.5965589,20.1455593],[85.5961447,20.1455056]]}},{"type":"Feature","properties":{"id":622056090,"highway":"residential"},"geometry":{"type":"LineString","coordinates":[[85.6005105,20.1480661],[85.6003909,20.1481062],[85.6001637,20.1481973],[85.5997013,20.1485303],[85.5992024,20.1486022],[85.5984753,20.1487526],[85.5978221,20.148851],[85.5973908,20.1488626],[85.5969964,20.1489609],[85.5964048,20.1489898],[85.5957439,20.1488013],[85.594852,20.148604],[85.5943149,20.1484944],[85.5940581,20.1483146],[85.5936948,20.1471696],[85.5934832,20.1465024]]}},{"type":"Feature","properties":{"id":622056092,"highway":"residential"},"geometry":{"type":"LineString","coordinates":[[85.5977798,20.1418589],[85.5976763,20.1418837],[85.5973115,20.1419341],[85.5968448,20.141788],[85.5964639,20.141783],[85.5960508,20.1416067],[85.5953588,20.1413649],[85.5949136,20.1412743],[85.5947312,20.141375]]}},{"type":"Feature","properties":{"id":622056093,"highway":"residential"},"geometry":{"type":"LineString","coordinates":[[85.5989949,20.1436047],[85.5990684,20.1435751],[85.5992671,20.143471]]}},{"type":"Feature","properties":{"id":622812206,"highway":"tertiary"},"geometry":{"type":"LineString","coordinates":[[85.5988708,20.1443941],[85.5990608,20.1448397],[85.5995015,20.1459186],[85.5999172,20.1469314],[85.6000433,20.1472514],[85.60019,20.1476191],[85.6003909,20.1481062]]}},{"type":"Feature","properties":{"id":622812228,"highway":"residential"},"geometry":{"type":"LineString","coordinates":[[85.5945993,20.1933626],[85.5946644,20.1931108],[85.5946271,20.1930188],[85.5946644,20.1929443],[85.5947065,20.1929136],[85.5946598,20.1927427],[85.5941274,20.1926463],[85.5941461,20.1922956]]}},{"type":"Feature","properties":{"id":622812233,"highway":"residential"},"geometry":{"type":"LineString","coordinates":[[85.5955583,20.1963131],[85.5961707,20.1960858],[85.5966911,20.1958645],[85.5971789,20.1954753]]}},{"type":"Feature","properties":{"id":622812234,"highway":"residential"},"geometry":{"type":"LineString","coordinates":[[85.5791965,20.1989892],[85.5793617,20.199437],[85.5794527,20.1995904],[85.5795391,20.1997197],[85.5795158,20.199803],[85.5794948,20.1998292],[85.5796676,20.2001514],[85.5795812,20.2002193]]}},{"type":"Feature","properties":{"id":623474453,"highway":"residential"},"geometry":{"type":"LineString","coordinates":[[85.505452,20.1432447],[85.5059569,20.1439828],[85.5060176,20.1442546],[85.5059578,20.1446232]]}},{"type":"Feature","properties":{"id":623486458,"highway":"residential"},"geometry":{"type":"LineString","coordinates":[[85.5106973,20.1398561],[85.5106385,20.1396841],[85.5104987,20.139724]]}},{"type":"Feature","properties":{"id":627398922,"highway":"residential"},"geometry":{"type":"LineString","coordinates":[[85.5921864,20.1889917],[85.592337,20.1896778],[85.5924113,20.1900764],[85.592383,20.1902458],[85.5923122,20.1903355],[85.5921175,20.1904617],[85.5921883,20.1906311]]}},{"type":"Feature","properties":{"id":627398923,"highway":"residential"},"geometry":{"type":"LineString","coordinates":[[85.5865719,20.1945442],[85.5864153,20.1941849],[85.5860323,20.1937116]]}},{"type":"Feature","properties":{"id":627398924,"highway":"residential"},"geometry":{"type":"LineString","coordinates":[[85.5761528,20.1991198],[85.5763061,20.1994226],[85.576565,20.2001533]]}},{"type":"Feature","properties":{"id":627398925,"highway":"residential"},"geometry":{"type":"LineString","coordinates":[[85.5777114,20.1989588],[85.5778017,20.1990941],[85.577965,20.1992011],[85.5781498,20.1992474],[85.5784271,20.1992532],[85.5785904,20.1992214],[85.5786859,20.1991578]]}},{"type":"Feature","properties":{"id":638699672,"highway":"secondary"},"geometry":{"type":"LineString","coordinates":[[85.5499556,20.1631913],[85.5489485,20.1626479],[85.5486793,20.1625073],[85.5484195,20.1623716],[85.5476222,20.1619322],[85.5462509,20.1610487]]}},{"type":"Feature","properties":{"id":638699673,"highway":"tertiary"},"geometry":{"type":"LineString","coordinates":[[85.5486793,20.1625073],[85.5489156,20.162344],[85.5492,20.1622411],[85.5495368,20.1621634],[85.5504405,20.1620281]]}},{"type":"Feature","properties":{"id":664781448,"highway":"residential"},"geometry":{"type":"LineString","coordinates":[[85.5091078,20.1400195],[85.5090837,20.1400649],[85.5090483,20.1402693],[85.5090221,20.1403813],[85.5089958,20.1404932]]}},{"type":"Feature","properties":{"id":830007889,"highway":"residential"},"geometry":{"type":"LineString","coordinates":[[85.5892032,20.1932829],[85.5891888,20.1931224],[85.589136,20.1930432],[85.589055,20.1930295],[85.5889881,20.193049],[85.5889326,20.1930663],[85.5889141,20.1931473],[85.5889334,20.1932311],[85.5889881,20.193315]]}},{"type":"Feature","properties":{"id":864903691,"highway":"unclassified"},"geometry":{"type":"LineString","coordinates":[[85.5746032,20.1092665],[85.5749804,20.1090452],[85.575097,20.1089662],[85.5752319,20.1088865],[85.5757434,20.1086721],[85.5758478,20.108609],[85.5759504,20.1084927],[85.5760477,20.1083714],[85.5760778,20.1082733],[85.5760796,20.1081653],[85.5760513,20.107941],[85.5759876,20.1075854],[85.5759929,20.1074989],[85.576007,20.1074425],[85.5760654,20.107366],[85.5766751,20.1069762],[85.5769139,20.1068553],[85.5770426,20.1068326],[85.5773886,20.10682],[85.5775013,20.1067848],[85.5776005,20.1067218],[85.577748,20.1066311],[85.5778419,20.106616],[85.5781208,20.1065984],[85.5781852,20.106611],[85.5783006,20.1066639],[85.5786197,20.1068603],[85.5787136,20.1068654],[85.5788343,20.1068377],[85.579419,20.1067319],[85.5796122,20.1067193],[85.5800923,20.1067596],[85.5805107,20.106883],[85.580677,20.1069762],[85.5814575,20.1075303],[85.5815916,20.1075883],[85.5817928,20.1076437],[85.5829005,20.1079157],[85.5831527,20.107956],[85.5840995,20.1080416],[85.5842497,20.108019],[85.5844589,20.107956],[85.5855264,20.1076588],[85.5856015,20.1075958],[85.5856686,20.1075152],[85.5858107,20.107412],[85.5859234,20.1073717],[85.5860709,20.107349],[85.586323,20.1073666],[85.5865188,20.107417],[85.5873208,20.1076588],[85.5873959,20.1077041],[85.5875005,20.1077369],[85.5876668,20.1077595],[85.5882757,20.1077218],[85.588391,20.1076966],[85.588501,20.1076487],[85.5888899,20.1075253],[85.5889838,20.1075077],[85.5891608,20.1075026],[85.5894183,20.1075001],[85.5895685,20.10748],[85.5911537,20.1072356],[85.5919289,20.1070719],[85.5920576,20.1070618],[85.5923357,20.1070642],[85.5928237,20.1071563],[85.5932837,20.1072527],[85.5934659,20.1072747],[85.5943625,20.1073514],[85.5949883,20.1073974],[85.5950677,20.1074238],[85.5951938,20.1074742],[85.5954693,20.1076211],[85.5955534,20.1076408],[85.5956584,20.107665],[85.5961791,20.1078228],[85.596478,20.1078491],[85.5968376,20.1078469],[85.5969754,20.1078119],[85.5971271,20.1077439],[85.5975568,20.1074479],[85.5978066,20.1073229],[85.5979638,20.1072321],[85.5981221,20.1071792],[85.5984654,20.1071389],[85.5987658,20.1071464],[85.5990018,20.1072069],[85.599844,20.1074512],[85.5999969,20.1074739],[85.6001257,20.1074562],[85.6008633,20.1074235],[85.6010162,20.1073958],[85.6011583,20.1073253],[85.6017055,20.1070381],[85.6022366,20.1066855],[85.602309,20.1066553],[85.6023841,20.1066654],[85.6024699,20.1067132],[85.6029849,20.1070432],[85.6031029,20.1070986],[85.6032826,20.1071212],[85.6034865,20.1071187],[85.6040524,20.1071187],[85.6042482,20.1071439],[85.6042992,20.1071529],[85.6045057,20.1071892],[85.6050368,20.1073303],[85.6052809,20.1074033],[85.6054391,20.107426],[85.6056296,20.1074386],[85.6060507,20.1074386],[85.6063001,20.1074185],[85.60685,20.1073807],[85.6070028,20.1073933],[85.6071691,20.1074436],[85.6073596,20.1075192],[85.607483,20.1076149],[85.6076412,20.1077333],[85.6077405,20.1077786],[85.6078504,20.1078038],[85.6082769,20.1078668],[85.6086765,20.1079751],[85.6087999,20.108028],[85.6089233,20.1080935],[85.6093716,20.1084567],[85.6095136,20.1085599],[85.6095621,20.1086015],[85.6098184,20.1088854],[85.6098842,20.1089315],[85.6099695,20.1089629],[85.6104689,20.1090172],[85.61052,20.1090336],[85.6105862,20.1090697],[85.6106244,20.1091034],[85.6109941,20.1096882],[85.6111122,20.1098343],[85.6111873,20.1099086],[85.6112637,20.1099602],[85.6113529,20.1099993],[85.6114233,20.1100232],[85.6114944,20.110027],[85.611556,20.1100156],[85.6117666,20.1098947],[85.6118484,20.1098594],[85.6119383,20.1098393],[85.6128395,20.1096227],[85.613298,20.1095085],[85.6133767,20.1094925],[85.6135694,20.1094969]]}},{"type":"Feature","properties":{"id":966258158,"highway":"residential"},"geometry":{"type":"LineString","coordinates":[[85.5759323,20.1694314],[85.5759859,20.1691997],[85.5759618,20.1688951],[85.5759698,20.1686131],[85.5759644,20.1682808],[85.5759591,20.1678779],[85.5760127,20.1675179],[85.5760369,20.1670899],[85.5760905,20.1667097],[85.5760771,20.1665687],[85.5759591,20.1661583],[85.5758652,20.1659619],[85.5755675,20.1657202],[85.5752912,20.1655817],[85.5746448,20.1654785]]}},{"type":"Feature","properties":{"id":966258161,"highway":"unclassified"},"geometry":{"type":"LineString","coordinates":[[85.5177478,20.2008337],[85.5179563,20.2006884],[85.5180864,20.2005688],[85.5182621,20.2003724],[85.5188361,20.1997293],[85.5189756,20.1995128],[85.5190936,20.1992787],[85.5193108,20.1986444],[85.5193323,20.1984329],[85.5193135,20.1983221],[85.5192357,20.1981182],[85.5191848,20.1979496],[85.5191392,20.197645],[85.5190828,20.1971994],[85.5190828,20.1968747],[85.5191177,20.196623],[85.5191901,20.1962404],[85.5192733,20.1959358],[85.5193725,20.1957369],[85.5194771,20.1955481],[85.5196555,20.195353],[85.5198231,20.1952146],[85.5200726,20.1950648],[85.5203247,20.1949414],[85.5206358,20.1948017],[85.5209751,20.1946985],[85.5212595,20.1946784],[85.5217101,20.1945953],[85.5219743,20.1945248],[85.5222934,20.1943901],[85.522555,20.1942693],[85.5228299,20.1940956],[85.5231048,20.1939106],[85.5240181,20.1932586],[85.5252439,20.1923964],[85.5256449,20.1920956],[85.5258071,20.1919231],[85.5259641,20.1917582],[85.526188,20.1915707],[85.5263422,20.1914574],[85.5265622,20.1913378],[85.5269444,20.1911805],[85.5272233,20.191144],[85.5278832,20.1910861],[85.5283834,20.1910232],[85.5289453,20.19092],[85.5294201,20.1907387],[85.5298533,20.1905285],[85.5300719,20.1904114],[85.5303173,20.1902],[85.5308028,20.189762],[85.5314411,20.1891565],[85.5322766,20.1883459],[85.5326749,20.1879633],[85.5329002,20.1877568],[85.5335641,20.1871401],[85.5345029,20.1861406],[85.5346477,20.1859644],[85.5347362,20.1857404],[85.5348515,20.1855213],[85.5349991,20.1853199],[85.5355597,20.1845093],[85.5362034,20.1835753],[85.5367452,20.1827697],[85.5369893,20.18245],[85.537574,20.1816922],[85.5379522,20.1812013],[85.5381078,20.1810377],[85.5382231,20.1809621],[85.5385825,20.180796],[85.5401972,20.1801112],[85.5407551,20.179867],[85.5414847,20.1795976],[85.5429438,20.1790941],[85.5435044,20.1789053],[85.5446362,20.1785629],[85.5456313,20.1782155],[85.5464092,20.1779562],[85.5469483,20.1778303],[85.5473721,20.1777069],[85.5478924,20.1775659],[85.5484343,20.1773922],[85.5497432,20.1769189],[85.5502313,20.1767376],[85.5510387,20.1764532],[85.5521625,20.1760277],[85.5536351,20.175509],[85.5542225,20.1753051],[85.5544424,20.1751943],[85.5550674,20.1748167],[85.5559605,20.1742955],[85.556556,20.1739758],[85.5575752,20.1734244],[85.5586052,20.1728429],[85.5589431,20.1725986],[85.5592409,20.1723116],[85.559957,20.1716822],[85.5602333,20.171438],[85.5609575,20.1708136],[85.5615503,20.1702899],[85.5621725,20.1697864],[85.5631918,20.1689631],[85.564152,20.1682052],[85.5645773,20.1678587],[85.5646857,20.1677845]]}},{"type":"Feature","properties":{"id":1065059244,"highway":"residential"},"geometry":{"type":"LineString","coordinates":[[85.5538422,20.1377041],[85.5539651,20.1375411],[85.5541706,20.1373637],[85.5544012,20.1371985],[85.5545051,20.1371116],[85.5546129,20.1370062],[85.5547069,20.1368523],[85.5547383,20.1367911]]}},{"type":"Feature","properties":{"id":1065059245,"highway":"residential"},"geometry":{"type":"LineString","coordinates":[[85.5531879,20.1374396],[85.5532628,20.1372448],[85.5532971,20.1370978],[85.5533336,20.1369507],[85.5533561,20.1369114],[85.553398,20.1368721],[85.5534602,20.1368338],[85.5536233,20.1367331],[85.5537112,20.1366626],[85.5537885,20.1365659]]}},{"type":"Feature","properties":{"id":1065059246,"highway":"residential"},"geometry":{"type":"LineString","coordinates":[[85.555104,20.136915],[85.5547383,20.1367911],[85.5545577,20.1367101],[85.5544296,20.1366689],[85.5540745,20.1366239],[85.5537885,20.1365659]]}},{"type":"Feature","properties":{"id":1065076616,"highway":"residential"},"geometry":{"type":"LineString","coordinates":[[85.5537885,20.1365659],[85.5538176,20.1365134],[85.5538446,20.1364508],[85.553875,20.136361],[85.5539023,20.1362827],[85.5539107,20.1362241],[85.553916,20.1361674],[85.5538931,20.1360846],[85.553858,20.135946],[85.5538183,20.1358399],[85.5537988,20.1357159],[85.5538014,20.1356081],[85.5538181,20.1355412],[85.5538515,20.135497],[85.553897,20.1354671],[85.5540047,20.13544],[85.5542111,20.1354187],[85.5544409,20.1353854],[85.5546393,20.1353592],[85.5548131,20.1353494],[85.5548939,20.1353646],[85.5549641,20.1353898]]}},{"type":"Feature","properties":{"id":1065076617,"highway":"residential"},"geometry":{"type":"LineString","coordinates":[[85.5504258,20.1366358],[85.5505336,20.1363359],[85.5506168,20.1361435],[85.5506962,20.1359419],[85.550785,20.1357051],[85.5508673,20.1355004],[85.5508931,20.1354111],[85.5509099,20.1352999],[85.5509352,20.1352147],[85.5509587,20.1351651],[85.5510723,20.1350033],[85.5511593,20.1348968],[85.5512315,20.1348409],[85.5513992,20.1347418],[85.5515366,20.1346476],[85.5516117,20.1346053],[85.5516975,20.1345409],[85.5517516,20.1344767],[85.5518007,20.1343969],[85.5518205,20.134341],[85.5517916,20.1342953],[85.5516475,20.1341439]]}},{"type":"Feature","properties":{"id":1065076618,"highway":"residential"},"geometry":{"type":"LineString","coordinates":[[85.5518205,20.134341],[85.5520377,20.1341059],[85.552117,20.1340264]]}},{"type":"Feature","properties":{"id":1065083715,"highway":"residential"},"geometry":{"type":"LineString","coordinates":[[85.5537638,20.1332888],[85.5541474,20.1333335],[85.5542295,20.1333414],[85.5543148,20.1333496],[85.5544285,20.1333516],[85.5545637,20.1333415],[85.5549798,20.1333228]]}},{"type":"Feature","properties":{"id":1065083716,"highway":"residential"},"geometry":{"type":"LineString","coordinates":[[85.5526319,20.1374247],[85.5526735,20.1372561],[85.5527231,20.1371155],[85.5527676,20.1369715],[85.5527854,20.1368807],[85.5527854,20.1368112],[85.5527701,20.1367286],[85.5527332,20.1366077],[85.552713,20.136571],[85.5526848,20.1365299],[85.552672,20.1364975],[85.5526656,20.1364058],[85.5526592,20.1363327],[85.5526567,20.1362561],[85.5526391,20.136166],[85.5526237,20.1361176],[85.5525958,20.1360762],[85.5525588,20.1360342],[85.5525197,20.1359888],[85.5524896,20.1359395],[85.5524645,20.1358793],[85.5524079,20.135738],[85.5523757,20.1355949],[85.5523414,20.1354398],[85.5523181,20.135236],[85.5523138,20.1351454],[85.5523134,20.1350388],[85.5523054,20.1350011],[85.5522888,20.1349734],[85.5522533,20.1349313],[85.5522208,20.1348977],[85.5520429,20.1346463],[85.5518205,20.134341]]}},{"type":"Feature","properties":{"id":1065088498,"highway":"residential"},"geometry":{"type":"LineString","coordinates":[[85.5523138,20.1351454],[85.5524746,20.1351463],[85.5526548,20.1351511],[85.5528673,20.1351436],[85.552955,20.1351288],[85.5529909,20.135112],[85.5530155,20.1350934],[85.5530401,20.1350687],[85.5530659,20.1350525],[85.5531052,20.135042],[85.5531578,20.1350333],[85.5532778,20.1350303],[85.5533322,20.1350378],[85.5533818,20.1350333],[85.5534266,20.1350168],[85.5534745,20.1349973],[85.5534946,20.1349785],[85.5535065,20.1349597],[85.5535166,20.1349223],[85.5535337,20.1348884],[85.5535576,20.1348579],[85.5535893,20.1348314],[85.5536457,20.1347872],[85.5537041,20.1347296],[85.5537392,20.1346998],[85.5537777,20.1346752],[85.5538115,20.134668],[85.5538805,20.1346627],[85.5539099,20.1346478],[85.55399,20.1345691],[85.5540414,20.1345102],[85.5540725,20.1344481],[85.5540894,20.1343848],[85.5540931,20.134255],[85.5540912,20.1341532],[85.554076,20.1340514],[85.5540373,20.1339114],[85.5539784,20.1337775],[85.5538699,20.133581],[85.5537469,20.1334494]]}},{"type":"Feature","properties":{"id":1065088499,"highway":"residential"},"geometry":{"type":"LineString","coordinates":[[85.5537777,20.1346752],[85.5536772,20.1345525],[85.553565,20.1344364],[85.5534765,20.1343661],[85.5534192,20.134333],[85.5533782,20.1343028],[85.553354,20.1342778],[85.5533291,20.1342435],[85.5532911,20.1341739],[85.5531512,20.1339289]]}},{"type":"Feature","properties":{"id":1065100271,"highway":"residential"},"geometry":{"type":"LineString","coordinates":[[85.5494376,20.1339165],[85.5494482,20.1345297],[85.5494806,20.1351383],[85.5494672,20.135366],[85.5494311,20.1355936],[85.5493139,20.1361192]]}},{"type":"Feature","properties":{"id":1065100272,"highway":"residential"},"geometry":{"type":"LineString","coordinates":[[85.5527854,20.1368112],[85.5529653,20.1366895],[85.5530678,20.1366186],[85.5531734,20.1365366],[85.5533159,20.1364156]]}},{"type":"Feature","properties":{"id":1065100273,"highway":"residential"},"geometry":{"type":"LineString","coordinates":[[85.5531879,20.1374396],[85.5531225,20.1375847],[85.5531017,20.1376583],[85.5530977,20.1377109],[85.5530937,20.1377664],[85.5530969,20.137864],[85.5531097,20.1379571],[85.5531443,20.1382496],[85.5531763,20.1384403],[85.5532211,20.1386633],[85.5532525,20.1387593],[85.5532972,20.1388401],[85.5534393,20.1389912],[85.5534861,20.1390586],[85.5535249,20.1391305],[85.5535542,20.1391779],[85.5535788,20.1392298],[85.5536002,20.1392741],[85.5536136,20.1393198],[85.5536224,20.1393553],[85.5536263,20.1393869],[85.5536301,20.1394243],[85.5536354,20.1394542],[85.5536472,20.1394834],[85.5537043,20.13957],[85.5537859,20.1396841],[85.5538755,20.1397757],[85.5539016,20.1398064],[85.5539265,20.1398213],[85.5539525,20.1398224],[85.5540385,20.1397905]]}},{"type":"Feature","properties":{"id":1065100274,"highway":"residential"},"geometry":{"type":"LineString","coordinates":[[85.5532972,20.1388401],[85.5532948,20.1388795],[85.553296,20.1389411],[85.5533016,20.1390176],[85.5532989,20.1390797],[85.5532801,20.1391701],[85.5532641,20.1392345],[85.5532305,20.1393353],[85.5532155,20.1394442],[85.5532119,20.1395396],[85.5532194,20.1396345],[85.5532308,20.1397398],[85.5532555,20.1398684]]}},{"type":"Feature","properties":{"id":1065108988,"highway":"unclassified"},"geometry":{"type":"LineString","coordinates":[[85.5542023,20.1321108],[85.5541765,20.1319802],[85.5541573,20.1318901],[85.5541589,20.1318345],[85.5541861,20.131779],[85.5542196,20.1317322],[85.5542359,20.1316949],[85.5542441,20.1316543],[85.5542389,20.1316138],[85.5541971,20.1315417],[85.5541717,20.1314905],[85.5541554,20.1314159],[85.5541496,20.1313675],[85.5541343,20.1313292],[85.5540055,20.1310931],[85.5539007,20.1309442],[85.5538388,20.1308128],[85.5537733,20.1306542],[85.5536715,20.1303654],[85.5535068,20.1298982],[85.5534057,20.129633],[85.5532527,20.1292857],[85.5531029,20.1289381],[85.552945,20.1285737],[85.5527897,20.1282906],[85.552674,20.1280294],[85.5525497,20.1278163],[85.5524825,20.1277086],[85.5524088,20.1276039],[85.5523626,20.1275232],[85.5523054,20.1274041],[85.5522754,20.1272821],[85.552223,20.1270514],[85.5521649,20.1267159],[85.5521453,20.1266291],[85.5521212,20.1265221],[85.5520621,20.12631],[85.5519826,20.1260683],[85.551889,20.125869],[85.5517299,20.125547],[85.5516385,20.1253795],[85.5515444,20.1252169],[85.5514656,20.1250525],[85.5514029,20.1248716],[85.551293,20.1245489],[85.5511561,20.1242738],[85.5510613,20.1241124],[85.5509551,20.1239564],[85.5508743,20.123849],[85.5507903,20.1237596],[85.5506064,20.1235959],[85.5505287,20.1235365],[85.5504719,20.1234906],[85.5504205,20.1234319],[85.5503846,20.1233787],[85.5503538,20.1233246],[85.5503269,20.1232655],[85.5502969,20.1232094],[85.5502715,20.1231714],[85.5502132,20.1230844],[85.5501409,20.1229772],[85.5500986,20.1228984],[85.5500771,20.1228353],[85.5500696,20.1227945],[85.5500717,20.1227418],[85.550121,20.1224457],[85.5501659,20.1219763],[85.5501801,20.1218334],[85.5501929,20.1217688],[85.5502153,20.1217102],[85.5502601,20.1216336],[85.5503881,20.121479],[85.5505064,20.1213708],[85.5506568,20.1212567],[85.5508263,20.1211576],[85.5509831,20.1210584],[85.5511558,20.1209563],[85.5513318,20.1208241],[85.5514757,20.120686],[85.5517068,20.1204131],[85.551778,20.1203159],[85.5518645,20.120217],[85.5519629,20.1201438],[85.5520842,20.1200707],[85.5521603,20.1200228],[85.5522135,20.1199606],[85.5522522,20.1199029],[85.5522851,20.1198318],[85.5523543,20.1197203],[85.5524631,20.1196092],[85.5527674,20.1193265],[85.5529544,20.1191608],[85.5529934,20.1191138],[85.5530233,20.1190731],[85.5532245,20.1187145],[85.5533687,20.1184177],[85.5534836,20.1182571],[85.5536167,20.1180965],[85.5537405,20.1179387],[85.5538071,20.1178047],[85.5538394,20.1176672],[85.5539383,20.1172546],[85.5541145,20.1167231],[85.5544303,20.1158193],[85.5545568,20.115455],[85.5546443,20.1150799],[85.5546468,20.1149454],[85.5546237,20.1147928]]}},{"type":"Feature","properties":{"id":1065113014,"highway":"unclassified"},"geometry":{"type":"LineString","coordinates":[[85.5488999,20.1341579],[85.5493026,20.1335478],[85.5498206,20.1329147],[85.5501083,20.1325214],[85.5502052,20.1323633],[85.5502639,20.1322651],[85.5503151,20.1321349],[85.5503432,20.1319864],[85.5504223,20.1316366],[85.5505233,20.1311596],[85.5506827,20.1304927],[85.550873,20.1297366],[85.5510522,20.1288941],[85.5510874,20.1287272],[85.551098,20.1285833],[85.5510889,20.1284565],[85.5510791,20.12833],[85.5510487,20.1282161],[85.5510017,20.1280636],[85.5509539,20.1278366],[85.5508609,20.1274751],[85.5507135,20.1269769],[85.5506709,20.1268407],[85.5506468,20.1267782],[85.5506034,20.126643],[85.550582,20.1265322],[85.5505439,20.1262107],[85.5505029,20.1254116],[85.5505162,20.1245271],[85.5503846,20.1233787]]}},{"type":"Feature","properties":{"id":1065113015,"highway":"residential"},"geometry":{"type":"LineString","coordinates":[[85.5506709,20.1268407],[85.5511571,20.126771],[85.5521453,20.1266291]]}},{"type":"Feature","properties":{"id":1152873549,"highway":"unclassified"},"geometry":{"type":"LineString","coordinates":[[85.5406237,20.171798],[85.5406384,20.1744626],[85.5409159,20.1759021],[85.5408283,20.1769302],[85.5406238,20.1769988],[85.5405946,20.1774237],[85.5404339,20.1780954],[85.5403171,20.1786849],[85.5407551,20.179867]]}},{"type":"Feature","properties":{"id":1152874391,"highway":"unclassified"},"geometry":{"type":"LineString","coordinates":[[85.5462509,20.1610487],[85.5466119,20.1608868],[85.5472006,20.1607026],[85.5478615,20.1606347],[85.5484088,20.1607801],[85.5486877,20.1606735],[85.5492866,20.1608964],[85.5503917,20.1611776],[85.5506189,20.1613036],[85.5511559,20.161449],[85.5517955,20.1615237]]}},{"type":"Feature","properties":{"id":1152875584,"highway":"unclassified"},"geometry":{"type":"LineString","coordinates":[[85.5486793,20.1625073],[85.5482898,20.1626991],[85.5480688,20.1628951],[85.5477679,20.163068],[85.5474179,20.1632524],[85.5471784,20.1634311],[85.5472455,20.164149]]}},{"type":"Feature","properties":{"id":1152875730,"highway":"unclassified"},"geometry":{"type":"LineString","coordinates":[[85.5484195,20.1623716],[85.5477986,20.1624627],[85.547117,20.1626011],[85.5464476,20.1628144],[85.5457783,20.1630449],[85.5454222,20.1635983],[85.5454842,20.1640371]]}},{"type":"Feature","properties":{"id":1152875860,"highway":"unclassified"},"geometry":{"type":"LineString","coordinates":[[85.5489485,20.1626479],[85.5489407,20.1630276],[85.5488118,20.1633793],[85.5485244,20.1642508]]}},{"type":"Feature","properties":{"id":1152876206,"highway":"unclassified"},"geometry":{"type":"LineString","coordinates":[[85.5506294,20.1636387],[85.5507392,20.1635756],[85.551225,20.1633216],[85.5522505,20.1629642],[85.5529014,20.1626645],[85.5529567,20.1625665],[85.5536751,20.1622898],[85.5537304,20.1621169],[85.5539944,20.1618863],[85.5541664,20.1621054],[85.5546146,20.1622668],[85.5552778,20.1622437],[85.5560761,20.1620592],[85.5568314,20.1620535],[85.5575744,20.1622668],[85.558956,20.1627394],[85.5603192,20.1621169],[85.5604605,20.1617537],[85.5608657,20.16165],[85.5613017,20.1609813],[85.5618667,20.1605951],[85.5618851,20.1598515],[85.5617746,20.159667],[85.5618421,20.1590964],[85.5616824,20.1589811],[85.5618789,20.1589004],[85.5619158,20.1584507],[85.5618544,20.1581164],[85.5616333,20.1579147]]}},{"type":"Feature","properties":{"id":1152876412,"highway":"tertiary"},"geometry":{"type":"LineString","coordinates":[[85.5616333,20.1579147],[85.5626138,20.1577454],[85.5631384,20.1576937],[85.5638881,20.1576874],[85.5641412,20.1576594],[85.5643379,20.1575717],[85.5644677,20.1574847],[85.5646685,20.1573561],[85.5648534,20.157275],[85.5650248,20.1572381],[85.5652224,20.1572222],[85.5657785,20.1571807],[85.5664162,20.1571142],[85.56662,20.1570919],[85.56685,20.1570486],[85.5669685,20.1569436],[85.5671639,20.1567303],[85.5672975,20.1566381],[85.5674785,20.156622],[85.567856,20.1565858],[85.5682588,20.1564959],[85.5689616,20.1563393],[85.5694978,20.1561663],[85.5697339,20.1561297],[85.5698707,20.1561346]]}},{"type":"Feature","properties":{"id":1152876823,"highway":"tertiary"},"geometry":{"type":"LineString","coordinates":[[85.5807387,20.1530343],[85.5802919,20.1521622],[85.5800666,20.1517825],[85.5798448,20.1513675],[85.579467,20.1506986],[85.5792966,20.1504119],[85.5791333,20.1501779],[85.5789003,20.1501236],[85.5785462,20.1500903],[85.5782236,20.1501008],[85.5779364,20.1501573],[85.5777891,20.1502053],[85.577495,20.1503818],[85.5771941,20.1505395],[85.57701,20.150595],[85.5768474,20.1506303],[85.5764877,20.1506807],[85.5761486,20.1508033],[85.5758326,20.1509583],[85.5752559,20.1513276],[85.5749236,20.1516103],[85.5740636,20.1523996],[85.5738627,20.152646],[85.5737203,20.1528332],[85.5735984,20.1530484],[85.5735057,20.1532995],[85.5734948,20.1534779],[85.5735054,20.1537541],[85.5735294,20.1539719],[85.5735617,20.1541923]]}},{"type":"Feature","properties":{"id":1152880557,"highway":"unclassified"},"geometry":{"type":"LineString","coordinates":[[85.5650983,20.1418508],[85.5652936,20.1421164],[85.5653919,20.1427505],[85.5657726,20.1432925],[85.5668595,20.1441687],[85.5677353,20.1447875],[85.5692666,20.1458694],[85.569678,20.146394],[85.5706421,20.1473625],[85.5711292,20.1480359],[85.5720974,20.1493744],[85.5723623,20.1497492],[85.5729817,20.1506254],[85.5738149,20.1520124],[85.5740636,20.1523996]]}},{"type":"Feature","properties":{"id":1152883931,"highway":"unclassified"},"geometry":{"type":"LineString","coordinates":[[85.5752559,20.1513276],[85.5748262,20.1510615],[85.5745414,20.150705],[85.5740083,20.150184],[85.573446,20.149896],[85.5727669,20.1496561],[85.5723623,20.1497492]]}},{"type":"Feature","properties":{"id":1152884083,"highway":"unclassified"},"geometry":{"type":"LineString","coordinates":[[85.5676917,20.1448366],[85.5677353,20.1447875],[85.5680568,20.1444253],[85.5683343,20.1439659],[85.568714,20.1435614],[85.5702987,20.1426016],[85.5707441,20.1421286],[85.5714232,20.1419709],[85.5721827,20.1414978],[85.5723872,20.1410933],[85.5728837,20.1410728],[85.5730298,20.1412716],[85.5732781,20.1410659],[85.5735921,20.1411893],[85.573928,20.141155],[85.574242,20.1411482],[85.5749357,20.141299],[85.5753812,20.1413813],[85.5755856,20.1417584],[85.5764181,20.1418064],[85.5767905,20.14206],[85.5770899,20.1420189],[85.5777837,20.1426496],[85.5776011,20.1441236],[85.5808653,20.1444595],[85.5815955,20.1446035],[85.5820045,20.1448983],[85.5824134,20.144864],[85.5840272,20.145817],[85.584553,20.1459267],[85.5850861,20.1459198],[85.5851883,20.146763],[85.5846114,20.1471881],[85.5833846,20.1474829],[85.5827274,20.1478462],[85.5824286,20.1479257],[85.5818,20.148093],[85.5810843,20.1488334],[85.5806827,20.1493407],[85.5805951,20.1496355],[85.5807411,20.1498001],[85.5807046,20.1501154],[85.5805294,20.1503211],[85.5803541,20.1508764],[85.5801058,20.151226],[85.5798448,20.1513675]]}},{"type":"Feature","properties":{"id":1152884325,"highway":"unclassified"},"geometry":{"type":"LineString","coordinates":[[85.5789003,20.1501236],[85.5787832,20.1499944],[85.5782492,20.1497865],[85.5783968,20.1496438],[85.578653,20.1494726],[85.5790351,20.1493136],[85.5791176,20.1495664],[85.5791045,20.1497172],[85.5792478,20.15008],[85.5791333,20.1501779]]}},{"type":"Feature","properties":{"id":1152884447,"highway":"unclassified"},"geometry":{"type":"LineString","coordinates":[[85.5790351,20.1493136],[85.5791914,20.1491873],[85.5795561,20.1490324],[85.5797385,20.1489427],[85.5797993,20.1488653],[85.5797472,20.1487919],[85.5795344,20.1488123],[85.5789699,20.1488]]}},{"type":"Feature","properties":{"id":1152884906,"highway":"unclassified"},"geometry":{"type":"LineString","coordinates":[[85.5805294,20.1503211],[85.5803062,20.1503998],[85.5801306,20.1505113],[85.5798879,20.1504968],[85.579467,20.1506986]]}},{"type":"Feature","properties":{"id":1152885148,"highway":"unclassified"},"geometry":{"type":"LineString","coordinates":[[85.5851883,20.146763],[85.5854208,20.1468426],[85.5859489,20.1469924],[85.5861515,20.1469521],[85.5863419,20.1469521],[85.5865568,20.1466235],[85.586612,20.1465082],[85.5868208,20.146439],[85.5869436,20.146416],[85.5871033,20.1464448],[85.5875823,20.1463987],[85.587527,20.1466869],[85.5876252,20.1469002],[85.5874901,20.1473153],[85.587441,20.1479609],[85.587527,20.149627],[85.5885709,20.1507626],[85.5887613,20.1513333],[85.5885525,20.1516561],[85.5879937,20.1519156],[85.5873489,20.1521807],[85.5870112,20.1525381],[85.5868024,20.1526073],[85.5866857,20.1527399],[85.5865506,20.152763],[85.5864155,20.1527687],[85.5862436,20.1527745],[85.5861576,20.1528379],[85.5853348,20.152763],[85.5847821,20.1527226],[85.5842418,20.152665],[85.5839839,20.1530627],[85.5837874,20.153178],[85.583769,20.1536334],[85.583797,20.1542479]]}},{"type":"Feature","properties":{"id":1152885375,"highway":"unclassified"},"geometry":{"type":"LineString","coordinates":[[85.5936948,20.1471696],[85.5934327,20.1472694],[85.5932417,20.147408],[85.5921822,20.1473754],[85.5910359,20.1472286],[85.5903759,20.1468455],[85.5902717,20.1469188],[85.589907,20.1467395],[85.5890993,20.1465275],[85.588613,20.1463481],[85.5881441,20.146446],[85.588092,20.1468699],[85.5876252,20.1469002]]}},{"type":"Feature","properties":{"id":1152889513,"highway":"unclassified"},"geometry":{"type":"LineString","coordinates":[[85.5971357,20.1446019],[85.5964311,20.1446755],[85.5962996,20.144223],[85.596139,20.1440996],[85.596139,20.1439419],[85.596285,20.1437774],[85.5964457,20.1435923]]}},{"type":"Feature","properties":{"id":1152889644,"highway":"unclassified"},"geometry":{"type":"LineString","coordinates":[[85.6002421,20.1400178],[85.6000648,20.1400931],[85.5999177,20.1401925],[85.5998299,20.1402676],[85.5997189,20.1403791],[85.5996259,20.1403888],[85.5996162,20.1404647]]}},{"type":"Feature","properties":{"id":1152951301,"highway":"unclassified"},"geometry":{"type":"LineString","coordinates":[[85.5989415,20.1575847],[85.5980844,20.1570985],[85.5980409,20.1568398]]}},{"type":"Feature","properties":{"id":1152954072,"highway":"unclassified"},"geometry":{"type":"LineString","coordinates":[[85.5976756,20.1569666],[85.5976862,20.1575132],[85.597993,20.1573777],[85.5981986,20.1574081],[85.5984116,20.1577537]]}},{"type":"Feature","properties":{"id":1152954194,"highway":"unclassified"},"geometry":{"type":"LineString","coordinates":[[85.5997355,20.1570104],[85.5995267,20.156717],[85.5997288,20.156612]]}},{"type":"Feature","properties":{"id":1152954622,"highway":"unclassified"},"geometry":{"type":"LineString","coordinates":[[85.5965357,20.1603656],[85.5962111,20.1595903],[85.5959236,20.1589941],[85.5955202,20.1587121]]}},{"type":"Feature","properties":{"id":1152954759,"highway":"unclassified"},"geometry":{"type":"LineString","coordinates":[[85.5953286,20.1610536],[85.5949022,20.1608996],[85.5945631,20.1605854]]}},{"type":"Feature","properties":{"id":1152955043,"highway":"unclassified"},"geometry":{"type":"LineString","coordinates":[[85.5881391,20.1664298],[85.5880448,20.1660839],[85.587861,20.1655186],[85.5876875,20.1651353],[85.5874783,20.1646035],[85.5859574,20.1640622],[85.5841865,20.1633484],[85.5837119,20.1628693],[85.5829565,20.162213],[85.5829229,20.1621314],[85.5827728,20.1617674],[85.5819001,20.1610775],[85.5812863,20.1608437],[85.5811081,20.1608086],[85.5803333,20.1605889],[85.5786594,20.1602104]]}},{"type":"Feature","properties":{"id":1152955245,"highway":"unclassified"},"geometry":{"type":"LineString","coordinates":[[85.5812863,20.1608437],[85.5813401,20.1605043],[85.581367,20.1603838],[85.5814038,20.1602864],[85.5814753,20.1601593],[85.5815122,20.16006],[85.5815077,20.1592356],[85.5815673,20.1583884],[85.581599,20.1576856],[85.5816716,20.1554595],[85.5817408,20.154403],[85.5817809,20.1540459],[85.581818,20.1537826]]}},{"type":"Feature","properties":{"id":1152955317,"highway":"unclassified"},"geometry":{"type":"LineString","coordinates":[[85.5817809,20.1540459],[85.5814969,20.1544038],[85.5812928,20.1545906],[85.5808692,20.1546242],[85.5805885,20.1547823],[85.5802415,20.1547056],[85.5796185,20.1546501]]}},{"type":"Feature","properties":{"id":1152955796,"highway":"unclassified"},"geometry":{"type":"LineString","coordinates":[[85.5802919,20.1521622],[85.5801088,20.1521759],[85.5800169,20.1523915],[85.5796035,20.1524778],[85.5791289,20.1525017],[85.5781745,20.1523532]]}},{"type":"Feature","properties":{"id":1154876228,"highway":"unclassified"},"geometry":{"type":"LineString","coordinates":[[85.59703,20.1600562],[85.5973861,20.1604701],[85.597478,20.1609635],[85.5975545,20.1612605],[85.5981618,20.1615959],[85.5986109,20.1614905],[85.5988355,20.1611791],[85.5989222,20.1611791],[85.5991399,20.1609616]]}},{"type":"Feature","properties":{"id":1154876355,"highway":"unclassified"},"geometry":{"type":"LineString","coordinates":[[85.5963105,20.1556525],[85.5961435,20.1567144],[85.5966628,20.1568635],[85.5969804,20.1568555],[85.5974911,20.15665],[85.5975511,20.1565251],[85.597843,20.1564848],[85.5980318,20.156235],[85.5980318,20.1561101],[85.5980747,20.1560054],[85.5985554,20.1559812],[85.598556,20.1552964]]}},{"type":"Feature","properties":{"id":1154876395,"highway":"unclassified"},"geometry":{"type":"LineString","coordinates":[[85.6001622,20.1503257],[85.5974127,20.1513335],[85.5973991,20.1513754],[85.5974309,20.1514206],[85.5974754,20.1514248],[85.5975406,20.1514278],[85.5988594,20.15121],[85.5999926,20.1522805],[85.6004942,20.1526464],[85.6008081,20.1529445],[85.6009128,20.153534],[85.6012592,20.1535916],[85.6015964,20.1545776]]}},{"type":"Feature","properties":{"id":1154876475,"highway":"unclassified"},"geometry":{"type":"LineString","coordinates":[[85.5943836,20.1461938],[85.5942476,20.145687],[85.5940179,20.1453037],[85.5940843,20.1449492],[85.59412,20.1445323],[85.5942986,20.1442736],[85.594217,20.1439238],[85.5943956,20.143507],[85.5943548,20.1431572],[85.5948141,20.1426733],[85.595156,20.1426397],[85.5954214,20.1428074],[85.5959011,20.1427116],[85.5967228,20.142726],[85.5974526,20.1430997],[85.5978152,20.1438709]]}},{"type":"Feature","properties":{"id":1154876671,"highway":"unclassified"},"geometry":{"type":"LineString","coordinates":[[85.5782492,20.1497865],[85.5782014,20.1497573],[85.5780166,20.1496441],[85.5777716,20.149668],[85.5770954,20.1498214]]}},{"type":"Feature","properties":{"id":1154876683,"highway":"unclassified"},"geometry":{"type":"LineString","coordinates":[[85.5782014,20.1497573],[85.5780319,20.1499124],[85.5778558,20.1500202],[85.5777742,20.1501256],[85.5777891,20.1502053]]}},{"type":"Feature","properties":{"id":1154876753,"highway":"unclassified"},"geometry":{"type":"LineString","coordinates":[[85.5711292,20.1480359],[85.5714571,20.1477575],[85.571753,20.147544],[85.572049,20.1474593],[85.5726985,20.1475034],[85.5733337,20.1474661],[85.5739002,20.1474458],[85.5741023,20.1470765],[85.5743982,20.1470867],[85.574557,20.1470697],[85.5746906,20.1471883],[85.5754267,20.147395],[85.5760366,20.1472798],[85.5771661,20.1478964],[85.5781585,20.1480387],[85.5784761,20.1482013],[85.5787901,20.1484723],[85.5787684,20.1488518],[85.5788767,20.1488518],[85.5789699,20.1488]]}},{"type":"Feature","properties":{"id":1154876811,"highway":"unclassified"},"geometry":{"type":"LineString","coordinates":[[85.5797432,20.1443986],[85.5797994,20.1446046],[85.5800954,20.1446286],[85.5805394,20.1450981],[85.5812539,20.1454431],[85.581458,20.1454862],[85.5816979,20.1456252],[85.5820909,20.1456779],[85.5823256,20.145697],[85.5823971,20.14563],[85.5825655,20.1456875],[85.5829789,20.145745],[85.5832494,20.1458647],[85.5835454,20.1459893],[85.5838924,20.1461331],[85.5839639,20.1461187],[85.5836117,20.1467847],[85.5830554,20.1473213],[85.5828666,20.1475608],[85.5825604,20.1477333],[85.5824286,20.1479257]]}},{"type":"Feature","properties":{"id":1154876813,"highway":"unclassified"},"geometry":{"type":"LineString","coordinates":[[85.5850991,20.1310451],[85.5848656,20.1313186],[85.5848049,20.1316491],[85.58455,20.1320651],[85.5843255,20.1324241],[85.5843376,20.1327603],[85.584107,20.1330794]]}},{"type":"Feature","properties":{"id":1154876855,"highway":"unclassified"},"geometry":{"type":"LineString","coordinates":[[85.5828285,20.1307433],[85.5828628,20.131501],[85.5829842,20.1318885],[85.5828931,20.1321563],[85.5826868,20.1321506],[85.5823712,20.1323215],[85.5813576,20.1320537],[85.5810481,20.1322531],[85.5808478,20.1321905],[85.5808357,20.1318087],[85.5809085,20.1310793],[85.5810632,20.1303605]]}},{"type":"Feature","properties":{"id":1154876956,"highway":"unclassified"},"geometry":{"type":"LineString","coordinates":[[85.5828931,20.1321563],[85.5828628,20.1325267],[85.5828567,20.1327204],[85.5827353,20.1328914],[85.5826868,20.1335239],[85.5820617,20.1335467],[85.5812969,20.1333643]]}},{"type":"Feature","properties":{"id":1154876997,"highway":"unclassified"},"geometry":{"type":"LineString","coordinates":[[85.5808478,20.1321905],[85.5805504,20.1322759],[85.5801438,20.1321962],[85.5798889,20.1322873],[85.5796765,20.1318087],[85.5796886,20.13133],[85.5798161,20.1308684],[85.5798164,20.13038]]}},{"type":"Feature","properties":{"id":1154877161,"highway":"unclassified"},"geometry":{"type":"LineString","coordinates":[[85.5810632,20.1303605],[85.5805747,20.1299624],[85.580162,20.1297971],[85.5793973,20.1295749],[85.5790878,20.1292216],[85.5788389,20.1289538],[85.5787479,20.1286233],[85.5788693,20.1281161],[85.5789603,20.1276887],[85.5788147,20.1274494],[85.5780621,20.1271873],[85.5777404,20.1274152],[85.5774188,20.1274437]]}},{"type":"Feature","properties":{"id":1154877179,"highway":"unclassified"},"geometry":{"type":"LineString","coordinates":[[85.580162,20.1297971],[85.5805201,20.1294837],[85.5808236,20.1290791],[85.5810481,20.1289139],[85.581655,20.1290108],[85.5819281,20.128874],[85.5821709,20.128686],[85.5826443,20.1285435],[85.583148,20.1284637],[85.5836396,20.1284124],[85.5838096,20.1285549],[85.5840099,20.1286575],[85.5841066,20.128671]]}},{"type":"Feature","properties":{"id":1154877240,"highway":"unclassified"},"geometry":{"type":"LineString","coordinates":[[85.5824088,20.1306362],[85.5823894,20.1304012],[85.5824744,20.1301447],[85.5824865,20.1298769],[85.5827171,20.1296661],[85.582966,20.1295407],[85.5831056,20.1295179],[85.583409,20.1296205],[85.5837185,20.1296547],[85.5840523,20.1300365],[85.5845439,20.1302131],[85.5847928,20.1302473]]}},{"type":"Feature","properties":{"id":1154877430,"highway":"unclassified"},"geometry":{"type":"LineString","coordinates":[[85.5861448,20.1307482],[85.5861822,20.1306504],[85.5861648,20.1305289],[85.5860525,20.1299299],[85.5860372,20.1296616],[85.5864557,20.1293693],[85.5869303,20.1291584],[85.58741,20.1289428],[85.5875274,20.1288661],[85.5883644,20.1288517],[85.5889411,20.1288565],[85.589136,20.1288291],[85.5892473,20.1288134],[85.5896454,20.1289284],[85.5899006,20.1285546]]}},{"type":"Feature","properties":{"id":1154877441,"highway":"unclassified"},"geometry":{"type":"LineString","coordinates":[[85.589136,20.1288291],[85.5890942,20.1286074],[85.5888901,20.1283294]]}},{"type":"Feature","properties":{"id":1154877924,"highway":"unclassified"},"geometry":{"type":"LineString","coordinates":[[85.5842003,20.1279396],[85.5844231,20.1278604],[85.5848449,20.1277122],[85.5851423,20.1276154],[85.5852576,20.1277179],[85.5852971,20.1276667],[85.5853031,20.1276239],[85.5854033,20.1275983],[85.5853881,20.127527],[85.5855307,20.12751],[85.5856946,20.1274444],[85.5857644,20.1275669],[85.5857189,20.1276296],[85.5857462,20.1277692],[85.5857917,20.1279573],[85.5857492,20.128077],[85.5857796,20.128322],[85.5860952,20.1282394],[85.586523,20.1281482],[85.5870237,20.1281596],[85.5875609,20.128265],[85.5878249,20.1282536]]}},{"type":"Feature","properties":{"id":1154980482,"highway":"unclassified"},"geometry":{"type":"LineString","coordinates":[[85.58245,20.095977],[85.5830497,20.0967659],[85.5830012,20.0973928],[85.5835595,20.0980198],[85.5837659,20.0988519],[85.5846156,20.0993763],[85.5846884,20.1004934],[85.5844699,20.1010519],[85.5842757,20.1014965],[85.5839358,20.1018498],[85.5839722,20.1021348],[85.5829041,20.1021576],[85.5824792,20.1020892],[85.5816538,20.1022374],[85.5808527,20.1024882],[85.5797845,20.1024654],[85.5798088,20.1030125],[85.5800151,20.1043348],[85.5799059,20.1049389],[85.578862,20.1051099],[85.5782915,20.1050073],[85.5778788,20.106056],[85.5782672,20.1062269],[85.5782187,20.1063751],[85.5778909,20.1062611],[85.5776846,20.1063295],[85.577748,20.1066311]]}},{"type":"Feature","properties":{"id":1154980506,"highway":"unclassified"},"geometry":{"type":"LineString","coordinates":[[85.5782915,20.1050073],[85.5780868,20.1045895],[85.5778418,20.1040911],[85.5774029,20.1035543],[85.5766986,20.1032763],[85.5760352,20.1029025],[85.5755963,20.1027012],[85.5746878,20.1031038],[85.5741162,20.1035447],[85.5733021,20.1041432]]}},{"type":"Feature","properties":{"id":1155699715,"highway":"unclassified"},"geometry":{"type":"LineString","coordinates":[[85.5587174,20.0944147],[85.5587904,20.0947734],[85.5586402,20.0951563],[85.5584642,20.0957407],[85.5582067,20.0965185],[85.5580351,20.0971835],[85.5582239,20.0979614],[85.5582711,20.0988561],[85.558314,20.0993276],[85.5582368,20.1000691],[85.5581123,20.1008631],[85.5579664,20.1017134],[85.5578334,20.102987],[85.557666,20.1043773],[85.5572755,20.1054211],[85.5568549,20.1067953],[85.5566703,20.1074401],[85.5560137,20.1076457],[85.555885,20.1077545],[85.555885,20.1079922],[85.5559665,20.1083267],[85.5558592,20.1088466],[85.5561468,20.1091488],[85.5567218,20.1094712],[85.5572325,20.1099306],[85.5573227,20.1103054],[85.5570909,20.1107326],[85.5564515,20.1118206],[85.5563614,20.1122599],[85.5559794,20.1130578],[85.5555666,20.11427]]}},{"type":"Feature","properties":{"id":1155939951,"highway":"unclassified"},"geometry":{"type":"LineString","coordinates":[[85.4979579,20.1000017],[85.4982687,20.1005444],[85.4987542,20.1013423],[85.4994097,20.1018667],[85.4995553,20.1031091],[85.4993004,20.1042604],[85.4993611,20.1049443],[85.5000045,20.1060728],[85.5004778,20.1057878],[85.5006722,20.1063615],[85.5009877,20.1072924],[85.5019951,20.1089338],[85.5022754,20.1089395],[85.5031119,20.1089566],[85.5038644,20.1087286],[85.5051167,20.1081071],[85.5053574,20.1079877],[85.5067898,20.1070075],[85.5091082,20.1062552],[85.5110867,20.1055029],[85.5112931,20.104534],[85.5123734,20.1035765],[85.5140363,20.102334],[85.514619,20.1014677],[85.515323,20.0996097],[85.5168038,20.0977402],[85.518661,20.0987775],[85.5211129,20.0979796],[85.5225695,20.0976262],[85.523747,20.0969081],[85.5249122,20.0965661],[85.5257255,20.0960417],[85.5274855,20.0959733],[85.5293306,20.0955744],[85.5309692,20.0958365],[85.5320374,20.0962013],[85.532438,20.0966459],[85.5328628,20.0970107],[85.5329697,20.0976055]]}},{"type":"Feature","properties":{"id":1156477487,"highway":"unclassified"},"geometry":{"type":"LineString","coordinates":[[85.5004778,20.1057878],[85.5011665,20.1054641],[85.5020951,20.1051962],[85.5023014,20.1050765]]}},{"type":"Feature","properties":{"id":1156477598,"highway":"unclassified"},"geometry":{"type":"LineString","coordinates":[[85.5000045,20.1060728],[85.5003714,20.1063304],[85.5005535,20.1064102],[85.5006722,20.1063615]]}},{"type":"Feature","properties":{"id":1156477604,"highway":"unclassified"},"geometry":{"type":"LineString","coordinates":[[85.5006722,20.1063615],[85.5008084,20.1062563],[85.5010572,20.1062449],[85.5013668,20.1061879],[85.5018887,20.1060397],[85.5023257,20.1058858],[85.5023925,20.1058231]]}},{"type":"Feature","properties":{"id":1156477698,"highway":"unclassified"},"geometry":{"type":"LineString","coordinates":[[85.5051167,20.1081071],[85.5056759,20.1097157],[85.5057315,20.1098787],[85.5059793,20.1106048],[85.5060869,20.1111249],[85.5062221,20.1117788],[85.5063071,20.1122632],[85.5060461,20.1123772],[85.5058397,20.1127191],[85.5056759,20.1136652],[85.5057001,20.1158479],[85.5059733,20.1169592],[85.50604,20.1175062],[85.5058033,20.1187486],[85.5056395,20.1193413],[85.5054513,20.1199054],[85.5052874,20.1211649],[85.505336,20.1223502],[85.5053299,20.1229258],[85.5051418,20.1240427],[85.5048262,20.1261911],[85.5046259,20.1282026],[85.5046051,20.1291544],[85.5045834,20.1301458],[85.5045276,20.1307324]]}},{"type":"Feature","properties":{"id":1156477708,"highway":"unclassified"},"geometry":{"type":"LineString","coordinates":[[85.5045276,20.1307324],[85.5048869,20.1307384],[85.5051782,20.130841],[85.5057001,20.13071],[85.5061371,20.1305276],[85.5065862,20.1304934]]}},{"type":"Feature","properties":{"id":1156477857,"highway":"unclassified"},"geometry":{"type":"LineString","coordinates":[[85.5057315,20.1098787],[85.5050315,20.1101043],[85.5044757,20.1102803],[85.5044108,20.1103008],[85.5038478,20.1104431],[85.5038118,20.1105787],[85.5031766,20.1107007],[85.5030972,20.1101314],[85.502693,20.1094265],[85.5022754,20.1089395]]}},{"type":"Feature","properties":{"id":1156477956,"highway":"unclassified"},"geometry":{"type":"LineString","coordinates":[[85.5044757,20.1102803],[85.5045696,20.1108701],[85.5044108,20.1116427],[85.5043953,20.1117863],[85.5043531,20.1121781],[85.5044397,20.112761],[85.5058397,20.1127191]]}},{"type":"Feature","properties":{"id":1156478051,"highway":"unclassified"},"geometry":{"type":"LineString","coordinates":[[85.5044397,20.112761],[85.5042376,20.1126864],[85.5040499,20.1129033],[85.5031622,20.1124086],[85.5031766,20.1122934],[85.5038695,20.1118461],[85.5042376,20.1126864]]}},{"type":"Feature","properties":{"id":1156478249,"highway":"unclassified"},"geometry":{"type":"LineString","coordinates":[[85.5038695,20.1118461],[85.5043953,20.1117863],[85.5052769,20.1113649],[85.5056306,20.11127],[85.5060869,20.1111249]]}},{"type":"Feature","properties":{"id":1156478319,"highway":"unclassified"},"geometry":{"type":"LineString","coordinates":[[85.5056759,20.1097157],[85.5077669,20.1097383],[85.5087196,20.1095621],[85.5108777,20.1089724],[85.5126604,20.1084302],[85.5140389,20.1083557],[85.5155329,20.1090199],[85.5160742,20.1087081],[85.5165867,20.1086471],[85.517294,20.1086268],[85.5177126,20.1088301],[85.5178642,20.1094265],[85.517792,20.1102737],[85.5180085,20.1107346],[85.5182106,20.1114733],[85.5189107,20.1118799],[85.5192571,20.1122934],[85.5192788,20.1131473],[85.5195675,20.1142994],[85.5197034,20.1148793]]}},{"type":"Feature","properties":{"id":1156478377,"highway":"unclassified"},"geometry":{"type":"LineString","coordinates":[[85.5192788,20.1131473],[85.5190334,20.1132557],[85.5189179,20.1135201],[85.5189396,20.1141029],[85.5187736,20.1145095],[85.5186148,20.1150585],[85.5185859,20.115621],[85.5191331,20.1153769]]}},{"type":"Feature","properties":{"id":1156480153,"highway":"unclassified"},"geometry":{"type":"LineString","coordinates":[[85.5185859,20.115621],[85.5181529,20.1157769],[85.5176116,20.1162581],[85.51746,20.1164614]]}},{"type":"Feature","properties":{"id":1156480200,"highway":"unclassified"},"geometry":{"type":"LineString","coordinates":[[85.5190746,20.1158392],[85.5187786,20.1159831],[85.518687,20.1160276],[85.5181168,20.1163801],[85.5181529,20.1166105],[85.5177776,20.116868]]}},{"type":"Feature","properties":{"id":1156480205,"highway":"unclassified"},"geometry":{"type":"LineString","coordinates":[[85.5187786,20.1159831],[85.5186004,20.1164478],[85.5183333,20.1169087],[85.5181529,20.1172814],[85.5182144,20.1174278],[85.5182611,20.1175389],[85.5186364,20.1175999],[85.5189396,20.1175457],[85.5193088,20.1173623]]}},{"type":"Feature","properties":{"id":1156480290,"highway":"unclassified"},"geometry":{"type":"LineString","coordinates":[[85.5182144,20.1174278],[85.517857,20.1175525],[85.5175435,20.1177718],[85.5174889,20.11781],[85.5178281,20.1184471],[85.5185417,20.1184843],[85.5192382,20.1184403],[85.5193862,20.1186267],[85.5197047,20.1188184]]}},{"type":"Feature","properties":{"id":1156480355,"highway":"unclassified"},"geometry":{"type":"LineString","coordinates":[[85.5175435,20.1177718],[85.5171328,20.1169164]]}},{"type":"Feature","properties":{"id":1156480502,"highway":"unclassified"},"geometry":{"type":"LineString","coordinates":[[85.5451419,20.1347585],[85.54513,20.1340168],[85.5448381,20.1331143]]}},{"type":"Feature","properties":{"id":1156480782,"highway":"unclassified"},"geometry":{"type":"LineString","coordinates":[[85.5479083,20.1354504],[85.5480699,20.1345154]]}},{"type":"Feature","properties":{"id":1156480966,"highway":"unclassified"},"geometry":{"type":"LineString","coordinates":[[85.5500467,20.136475],[85.5502657,20.1354604]]}},{"type":"Feature","properties":{"id":1156481234,"highway":"residential"},"geometry":{"type":"LineString","coordinates":[[85.5549798,20.1333228],[85.5555172,20.1332994],[85.5560582,20.1332132],[85.5565583,20.1331557],[85.556645,20.132784],[85.5566757,20.1326525],[85.5566859,20.1321782],[85.5563899,20.1317277],[85.5559459,20.1313779],[85.5554304,20.1313396],[85.555063,20.1314929],[85.5547619,20.1317182],[85.554522,20.1318332],[85.5542441,20.1316543]]}},{"type":"Feature","properties":{"id":1156481508,"highway":"residential"},"geometry":{"type":"LineString","coordinates":[[85.556645,20.132784],[85.5564614,20.1326765],[85.5560122,20.132758],[85.5555631,20.1328586],[85.555211,20.1329784],[85.5555172,20.1332994]]}},{"type":"Feature","properties":{"id":1156481713,"highway":"residential"},"geometry":{"type":"LineString","coordinates":[[85.5451758,20.1348133],[85.5450726,20.1350412],[85.5444353,20.1357649],[85.5438102,20.1364828],[85.5435674,20.1369159],[85.5433793,20.1376738],[85.5430273,20.1383063],[85.5425235,20.1388647],[85.5423233,20.1390755],[85.541947,20.1404145],[85.5418777,20.1408244],[85.5416071,20.1424259],[85.5413097,20.1436738],[85.5410851,20.1447393],[85.5411458,20.1455769],[85.5413836,20.146274],[85.5414918,20.1465911],[85.5419916,20.1473248],[85.5420623,20.1474287],[85.5420987,20.147742],[85.5419652,20.1480668],[85.5420646,20.1485956],[85.5420926,20.1487448],[85.5419894,20.149685],[85.5416192,20.1499072],[85.5412829,20.1500196],[85.5411762,20.1500553],[85.5407999,20.1508131],[85.540483,20.1513038],[85.5403326,20.1515367],[85.5402415,20.1517988],[85.5392765,20.1524882],[85.5383176,20.1533257],[85.5377611,20.1538258]]}},{"type":"Feature","properties":{"id":1156481869,"highway":"residential"},"geometry":{"type":"LineString","coordinates":[[85.5419916,20.1473248],[85.5424082,20.1471609],[85.5426935,20.1462378],[85.5433307,20.1461808],[85.5437317,20.145658],[85.543877,20.1454686],[85.5447388,20.1445285],[85.5448662,20.144198],[85.5441197,20.1442265],[85.5441197,20.1433205],[85.543094,20.1418333],[85.5418777,20.1408244]]}},{"type":"Feature","properties":{"id":1156481959,"highway":"residential"},"geometry":{"type":"LineString","coordinates":[[85.5437317,20.145658],[85.5433603,20.1455343],[85.5429706,20.1454767],[85.5421947,20.1455546]]}},{"type":"Feature","properties":{"id":1156481994,"highway":"unclassified"},"geometry":{"type":"LineString","coordinates":[[85.5426935,20.1462378],[85.5424506,20.1462005],[85.5422275,20.1462408],[85.5420644,20.1463133],[85.5417897,20.1462328],[85.5416223,20.1461602],[85.5413836,20.146274]]}},{"type":"Feature","properties":{"id":1156482034,"highway":"unclassified"},"geometry":{"type":"LineString","coordinates":[[85.5420646,20.1485956],[85.5418151,20.1486768],[85.5409048,20.14907],[85.5402614,20.1491611],[85.5399034,20.1491497]]}},{"type":"Feature","properties":{"id":1156482156,"highway":"unclassified"},"geometry":{"type":"LineString","coordinates":[[85.5419652,20.1480668],[85.5415663,20.1477994],[85.5412386,20.1477823],[85.5410565,20.1478507],[85.5409472,20.1481185]]}},{"type":"Feature","properties":{"id":1156482235,"highway":"unclassified"},"geometry":{"type":"LineString","coordinates":[[85.5399034,20.1491497],[85.5399815,20.1494737],[85.5399836,20.1496734],[85.5399875,20.1500378],[85.539945,20.1505676],[85.540121,20.1510349],[85.540483,20.1513038]]}},{"type":"Feature","properties":{"id":1156482265,"highway":"unclassified"},"geometry":{"type":"LineString","coordinates":[[85.5412829,20.1500196],[85.5409464,20.1498611],[85.5405823,20.1498099],[85.5402303,20.1496503],[85.5399836,20.1496734]]}},{"type":"Feature","properties":{"id":1156573772,"highway":"unclassified"},"geometry":{"type":"LineString","coordinates":[[85.5390157,20.1556673],[85.538088,20.1558594],[85.5369036,20.1559319],[85.5364916,20.1561172],[85.5359766,20.1561857],[85.5356891,20.1557546],[85.5356204,20.1551463],[85.5355947,20.1547313],[85.5362084,20.1547152],[85.536762,20.1546346],[85.5371353,20.1543445],[85.5372512,20.1542599]]}},{"type":"Feature","properties":{"id":1156574648,"highway":"unclassified"},"geometry":{"type":"LineString","coordinates":[[85.5355947,20.1547313],[85.5351496,20.1552261],[85.5344708,20.1559495],[85.5341034,20.1560358],[85.5336543,20.156122],[85.533149,20.1560837],[85.5327305,20.1560262],[85.5318731,20.156534],[85.531766,20.1567353],[85.5315363,20.1569173],[85.5311995,20.1571664],[85.5302145,20.1573629],[85.5289641,20.1573581],[85.5279842,20.1573102],[85.5265144,20.1578036],[85.5248201,20.1585894],[85.5249017,20.1592074],[85.5231869,20.1606063],[85.5218294,20.1619908],[85.5214415,20.1623981],[85.5203034,20.1628053],[85.5186499,20.1633706],[85.5185254,20.1634002],[85.5174404,20.163658],[85.516042,20.1639215],[85.5142149,20.1642329],[85.5128982,20.1641994],[85.5115917,20.1640748],[85.5101015,20.1634233],[85.5083102,20.1626376],[85.5081366,20.1624603],[85.5076314,20.1624316],[85.5071823,20.1620962],[85.5062483,20.1622352],[85.5061382,20.1611744],[85.5060748,20.1605632],[85.5062177,20.159811],[85.5064525,20.1589008],[85.5063861,20.1577174],[85.5058911,20.1563472],[85.5055492,20.1552453],[85.5050235,20.1536738],[85.5047428,20.1527971],[85.5043337,20.1518491]]}},{"type":"Feature","properties":{"id":1156574688,"highway":"unclassified"},"geometry":{"type":"LineString","coordinates":[[85.5062177,20.159811],[85.5069665,20.1601064],[85.507707,20.1599867],[85.5082168,20.1600209],[85.5097341,20.1597246],[85.5102499,20.1594512],[85.5107415,20.1591777]]}},{"type":"Feature","properties":{"id":1156574903,"highway":"unclassified"},"geometry":{"type":"LineString","coordinates":[[85.5061382,20.1611744],[85.5040533,20.161582],[85.5031794,20.1618554],[85.5023904,20.161656],[85.5014891,20.1612327]]}},{"type":"Feature","properties":{"id":1218185167,"highway":"residential"},"geometry":{"type":"LineString","coordinates":[[85.5690014,20.1308693],[85.569055,20.1308643],[85.5692482,20.1307937],[85.5700904,20.130557],[85.5710935,20.1303555],[85.5715978,20.13029],[85.5723435,20.13028],[85.5724776,20.1302447],[85.5725849,20.1301893],[85.5733949,20.130008],[85.57369,20.1299727],[85.5739206,20.1297309],[85.574677,20.1291265],[85.5749023,20.128789],[85.5749023,20.1287285],[85.5744517,20.1279175],[85.5744303,20.1277715],[85.5744464,20.1276959],[85.5745376,20.1275297],[85.5745322,20.1274692],[85.574677,20.1265374],[85.5747414,20.1262805],[85.5747575,20.1261092],[85.5747414,20.1255602],[85.5746448,20.1252479],[85.5746234,20.1250766],[85.574559,20.1248197],[85.5745376,20.1246686],[85.5745376,20.1243664],[85.574559,20.1242455],[85.5746395,20.124175],[85.5747092,20.1240843],[85.5747682,20.1238626],[85.5747736,20.1237216],[85.5748272,20.1233841],[85.5748326,20.1231373],[85.5748058,20.1229862],[85.5747414,20.1227998],[85.5747414,20.1227041],[85.5748058,20.1224019],[85.574838,20.1221198],[85.5749345,20.1217672],[85.5749935,20.1216111],[85.5749828,20.1210267],[85.5748272,20.1204324]]}},{"type":"Feature","properties":{"id":1218185168,"highway":"residential"},"geometry":{"type":"LineString","coordinates":[[85.5700904,20.130557],[85.5702889,20.1311469],[85.5704391,20.1317514],[85.5707556,20.1327664]]}},{"type":"Feature","properties":{"id":1218185169,"highway":"residential"},"geometry":{"type":"LineString","coordinates":[[85.5710453,20.1309907],[85.5715764,20.1309303],[85.5716622,20.1309051],[85.5715978,20.13029]]}},{"type":"Feature","properties":{"id":1218185171,"highway":"residential"},"geometry":{"type":"LineString","coordinates":[[85.5691914,20.1305849],[85.5693555,20.1302603],[85.5697739,20.129948],[85.5700636,20.1298624],[85.5709809,20.1297566],[85.5716461,20.1296306],[85.5718017,20.1296256],[85.572145,20.1296558],[85.572322,20.1296558],[85.5724776,20.1296357],[85.5727136,20.1295652],[85.572837,20.1295601],[85.5730248,20.1296004],[85.5732393,20.1297666],[85.5733949,20.130008]]}},{"type":"Feature","properties":{"id":1218185172,"highway":"residential"},"geometry":{"type":"LineString","coordinates":[[85.5691914,20.1305849],[85.5692482,20.1307937]]}},{"type":"Feature","properties":{"id":1219979719,"highway":"residential"},"geometry":{"type":"LineString","coordinates":[[85.5749667,20.1185031],[85.5748165,20.1189665],[85.574795,20.1191428],[85.574795,20.1193997],[85.5745966,20.1199438],[85.5746502,20.1204518]]}},{"type":"Feature","properties":{"id":1219979720,"highway":"residential"},"geometry":{"type":"LineString","coordinates":[[85.574162,20.1185132],[85.5746985,20.1185233],[85.5749667,20.1185031],[85.5755783,20.1183168],[85.5760503,20.1183671],[85.5762381,20.1183369],[85.5767966,20.1179915]]}},{"type":"Feature","properties":{"id":1219979721,"highway":"residential"},"geometry":{"type":"LineString","coordinates":[[85.5749667,20.1185031],[85.5750204,20.1184175],[85.5751008,20.118216],[85.5752564,20.117536],[85.5752725,20.1170474]]}},{"type":"Feature","properties":{"id":1219979722,"highway":"residential"},"geometry":{"type":"LineString","coordinates":[[85.5752725,20.1170474],[85.5753422,20.1170323],[85.5761629,20.1171028],[85.5766672,20.1171834],[85.5768227,20.1171935]]}},{"type":"Feature","properties":{"id":1219979723,"highway":"residential"},"geometry":{"type":"LineString","coordinates":[[85.5736148,20.1162062],[85.5745214,20.1165991],[85.5746233,20.1166595],[85.5749452,20.1169164],[85.5752725,20.1170474]]}},{"type":"Feature","properties":{"id":1219979724,"highway":"residential"},"geometry":{"type":"LineString","coordinates":[[85.5736148,20.1162062],[85.5732929,20.115909],[85.5730891,20.1157831],[85.5727833,20.1153801],[85.572204,20.1146397],[85.5720538,20.1146145],[85.5718392,20.1143727],[85.5716514,20.1140654],[85.5713939,20.1134711],[85.5712169,20.1131285],[85.571115,20.1130127],[85.5704069,20.112509],[85.5703157,20.112237],[85.5703264,20.1117937],[85.5701279,20.1112245],[85.5698919,20.1107963],[85.5692804,20.1104135],[85.5690551,20.1102221],[85.5688512,20.10994],[85.5686474,20.1091593],[85.568701,20.1088822],[85.5687654,20.1087261],[85.5688029,20.10858],[85.5688029,20.1085095],[85.5687546,20.1084037],[85.568583,20.1082224],[85.5682665,20.1080209],[85.5674028,20.1076431],[85.5669897,20.1075222],[85.5669093,20.1075323],[85.5664962,20.1074114],[85.5663782,20.1074215],[85.5662709,20.1074366],[85.565477,20.1080007],[85.5652195,20.1080964],[85.5647689,20.1082173],[85.5644738,20.1083634],[85.5643987,20.108444],[85.5643236,20.1084944],[85.5642754,20.1086203],[85.5642378,20.1086606]]}},{"type":"Feature","properties":{"id":1219979725,"highway":"residential"},"geometry":{"type":"LineString","coordinates":[[85.5736148,20.1162062],[85.5730086,20.1163221],[85.5727243,20.1162616],[85.5721342,20.1162062]]}},{"type":"Feature","properties":{"id":1219979726,"highway":"residential"},"geometry":{"type":"LineString","coordinates":[[85.5712491,20.1161558],[85.5712116,20.1159896],[85.5712169,20.1154406],[85.5712813,20.1153549],[85.5717587,20.1153801],[85.5721879,20.1154406],[85.5725956,20.1154406],[85.5727833,20.1153801]]}},{"type":"Feature","properties":{"id":1239344940,"highway":"secondary"},"geometry":{"type":"LineString","coordinates":[[85.5858387,20.1309832],[85.5859163,20.1309552],[85.5861448,20.1307482]]}},{"type":"Feature","properties":{"id":1239344942,"highway":"tertiary"},"geometry":{"type":"LineString","coordinates":[[85.5973494,20.1402849],[85.5968018,20.1395058],[85.5961473,20.1387173],[85.5960559,20.1386185],[85.5950386,20.1375786],[85.5947463,20.1373278],[85.5943643,20.137],[85.5930911,20.1359798],[85.5918175,20.1349817],[85.5904462,20.1338974],[85.5895578,20.133255],[85.5880862,20.1321934],[85.586995,20.131371],[85.5861448,20.1307482],[85.5859562,20.1305737],[85.5857252,20.1303878],[85.5854333,20.130077],[85.5851761,20.1297294],[85.5848195,20.1291386],[85.5844323,20.128421],[85.5842003,20.1279396],[85.5839607,20.1275007],[85.5833707,20.1263686],[85.5832157,20.1260723],[85.5831019,20.125863],[85.5829033,20.1255376],[85.5826494,20.1251831],[85.5822454,20.1247193],[85.5815529,20.1239903],[85.5805445,20.1229204],[85.5796758,20.1219697],[85.5792952,20.1215225],[85.5789141,20.1211062],[85.5787884,20.1209642],[85.578211,20.1203478],[85.5778807,20.1199378],[85.5776968,20.1196943],[85.5774707,20.1193181],[85.5772862,20.1188534],[85.5771882,20.1181928],[85.5772247,20.1175322],[85.5773181,20.1161836],[85.5773987,20.1151855],[85.5774317,20.1148849]]}},{"type":"Feature","properties":{"id":1239344944,"highway":"tertiary"},"geometry":{"type":"LineString","coordinates":[[85.5692061,20.0948415],[85.5693564,20.0956497],[85.569853,20.0968753],[85.5703998,20.0979869],[85.5716663,20.1006704],[85.5722541,20.102101],[85.5726028,20.1033107],[85.5731015,20.1049212],[85.5738623,20.1073541],[85.5743316,20.1086935],[85.5744869,20.1090457],[85.5746032,20.1092665],[85.5748615,20.1096748],[85.5751608,20.1100831],[85.5760484,20.1111187],[85.576212,20.1113095],[85.5764957,20.1117187],[85.5767011,20.1121155],[85.5768547,20.1124702],[85.5769728,20.1129364],[85.5770224,20.1131794],[85.5770747,20.113729],[85.5770568,20.1142478],[85.5770105,20.1147804],[85.5768227,20.1171935],[85.5768027,20.1175917],[85.5767966,20.1179915]]}},{"type":"Feature","properties":{"id":1291226528,"highway":"tertiary"},"geometry":{"type":"LineString","coordinates":[[85.5693468,20.0948612],[85.5697972,20.0955958],[85.5699342,20.0959367],[85.5704938,20.0971962],[85.5709552,20.098165],[85.5714705,20.0992766],[85.5720192,20.1004197],[85.5725082,20.101603],[85.5728367,20.1026],[85.5729934,20.1031441],[85.5731857,20.1038116],[85.5733021,20.1041432],[85.5735361,20.1048179],[85.5738607,20.1058984],[85.5742976,20.1072572],[85.5745969,20.1081553],[85.5748106,20.1087152],[85.5749804,20.1090452],[85.575102,20.1092351],[85.5753545,20.1096258],[85.5756669,20.1100314],[85.5761942,20.1106692],[85.5767347,20.1113441],[85.5768526,20.1115259],[85.5769606,20.1117315],[85.5770845,20.1119732],[85.5772144,20.1122888],[85.5772866,20.1124859],[85.5773498,20.1127176],[85.5774089,20.1129745],[85.5774692,20.1133976],[85.5774973,20.1139738],[85.5774662,20.1145371],[85.5774317,20.1148849]]}},{"type":"Feature","properties":{"id":1291226531,"highway":"trunk"},"geometry":{"type":"LineString","coordinates":[[85.5702043,20.0972137],[85.5709167,20.0986902],[85.5717378,20.1004233],[85.572185,20.1014795],[85.5726836,20.1029988],[85.5727588,20.1032684],[85.5732663,20.1048489],[85.5735102,20.1056429],[85.5743205,20.1081761],[85.5744569,20.1085653],[85.5746248,20.1089298],[85.5747844,20.1092666],[85.5748326,20.1093571],[85.5750052,20.1096121],[85.5751783,20.1098485],[85.5753724,20.1100899],[85.5757527,20.1105481],[85.5761068,20.1109668],[85.5764478,20.1114101],[85.576676,20.1117574],[85.5768606,20.1121136]]}},{"type":"Feature","properties":{"id":1291226532,"highway":"trunk"},"geometry":{"type":"LineString","coordinates":[[85.5769693,20.1120811],[85.5768098,20.1117525],[85.5765698,20.1113634],[85.5758419,20.1104766],[85.575145,20.109568],[85.5749898,20.1093693],[85.5748955,20.1092222],[85.5748202,20.1090708],[85.574568,20.108557],[85.5733893,20.1048329],[85.573243,20.1043667],[85.5728762,20.1032083],[85.5728032,20.1029657],[85.572137,20.101026],[85.5709551,20.0984957],[85.5703483,20.0972174]]}},{"type":"Feature","properties":{"id":1291226533,"highway":"trunk_link"},"geometry":{"type":"LineString","coordinates":[[85.5770568,20.1142478],[85.5772199,20.1142812]]}},{"type":"Feature","properties":{"id":1291226534,"highway":"trunk_link"},"geometry":{"type":"LineString","coordinates":[[85.5774317,20.1148849],[85.5772971,20.1148588]]}},{"type":"Feature","properties":{"id":1291226535,"highway":"tertiary"},"geometry":{"type":"LineString","coordinates":[[85.5771122,20.1201924],[85.5773155,20.1203559],[85.577556,20.1204989],[85.5777644,20.1205676],[85.5778588,20.1206069]]}},{"type":"Feature","properties":{"id":1291247260,"highway":"trunk"},"geometry":{"type":"LineString","coordinates":[[85.5768606,20.1121136],[85.5769698,20.1123954],[85.57708,20.1127057],[85.5771691,20.1131023],[85.5772137,20.1134126],[85.5772426,20.113819],[85.5772373,20.1142082],[85.5772199,20.1142812],[85.5771974,20.1145722],[85.5771528,20.1150796],[85.5770872,20.1157717],[85.5769849,20.116981],[85.5769673,20.117264],[85.576963,20.1173339],[85.5769377,20.1176706],[85.5769365,20.1177857],[85.5769333,20.1179518],[85.5769327,20.118128],[85.5769325,20.1181534],[85.5769687,20.118514],[85.5770151,20.1187892],[85.5770911,20.1190731],[85.5772265,20.1194353],[85.5773842,20.1197088],[85.5775455,20.1199456],[85.5778108,20.1202817],[85.5781865,20.1207072],[85.5783691,20.1209139],[85.5784265,20.1209769],[85.5793057,20.1219414],[85.5803203,20.1230299],[85.580656,20.1233956],[85.5818449,20.1246756],[85.5822288,20.1251145],[85.5824588,20.1253897],[85.5826999,20.1257118],[85.5829663,20.1261927],[85.5833484,20.1269258],[85.5837843,20.1277461],[85.5841886,20.1285262],[85.5842764,20.1286946],[85.5844332,20.1289954],[85.5844891,20.1291027],[85.5845518,20.1292143]]}},{"type":"Feature","properties":{"id":1291247261,"highway":"trunk"},"geometry":{"type":"LineString","coordinates":[[85.584859,20.1295064],[85.5848149,20.1294326],[85.5846096,20.1290539],[85.5843166,20.1284862],[85.5839104,20.127699],[85.583456,20.1268614],[85.5830684,20.1261316],[85.5827936,20.1256646],[85.5825799,20.1253638],[85.5823471,20.1250676],[85.581924,20.124598],[85.5807555,20.1233446],[85.5804421,20.1229837],[85.5794073,20.1218789],[85.5784888,20.1208662],[85.5781817,20.1205256],[85.5779258,20.1202278],[85.577655,20.1199003],[85.5775019,20.1196608],[85.5773397,20.1193796],[85.5772117,20.1190592],[85.5771316,20.1187652],[85.5770848,20.1184576],[85.5770618,20.1180665],[85.5770611,20.118001],[85.5770644,20.1179302],[85.577071,20.1177891],[85.577089,20.1175587],[85.5771977,20.1157963],[85.5772819,20.1150973],[85.5772971,20.1148588],[85.5773187,20.1145776],[85.5773528,20.1142156],[85.5773611,20.1138187],[85.5773098,20.1132616],[85.5772505,20.1129077],[85.5771205,20.1124852],[85.577006,20.1121566],[85.5769693,20.1120811]]}},{"type":"Feature","properties":{"id":1291247262,"highway":"trunk"},"geometry":{"type":"LineString","coordinates":[[85.5845518,20.1292143],[85.5846986,20.1294753],[85.5847512,20.1295597]]}},{"type":"Feature","properties":{"id":1291247263,"highway":"trunk"},"geometry":{"type":"LineString","coordinates":[[85.5847512,20.1295597],[85.5849138,20.1298202],[85.5850718,20.1300464],[85.585129,20.1301284],[85.5854109,20.1304471],[85.5856464,20.1306857],[85.5858184,20.1308271],[85.5859226,20.1309123],[85.5859829,20.1309587],[85.5860116,20.1309822],[85.5860628,20.1310247],[85.5863049,20.1312168],[85.5901368,20.1339926],[85.592639,20.1359799],[85.5937834,20.1368889]]}},{"type":"Feature","properties":{"id":1291247264,"highway":"trunk"},"geometry":{"type":"LineString","coordinates":[[85.5938619,20.1368056],[85.59024,20.133928],[85.5863801,20.1311234],[85.5861455,20.1309549],[85.5861424,20.1309527],[85.5860647,20.1308969],[85.5858987,20.1307461],[85.5857577,20.130618],[85.585498,20.1303642],[85.5852402,20.1300503],[85.5850235,20.1297819],[85.584859,20.1295064]]}},{"type":"Feature","properties":{"id":1291247265,"highway":"secondary_link"},"geometry":{"type":"LineString","coordinates":[[85.5857677,20.1310526],[85.5858725,20.1310698],[85.5859749,20.1311042]]}},{"type":"Feature","properties":{"id":1291247266,"highway":"tertiary"},"geometry":{"type":"LineString","coordinates":[[85.5925334,20.1360485],[85.5937289,20.1369969],[85.5944536,20.1375758],[85.5945345,20.1375124]]}},{"type":"Feature","properties":{"id":1291247267,"highway":"tertiary"},"geometry":{"type":"LineString","coordinates":[[85.5857389,20.1308946],[85.5858387,20.1309832],[85.5859749,20.1311042]]}},{"type":"Feature","properties":{"id":1334155433,"highway":"tertiary"},"geometry":{"type":"LineString","coordinates":[[85.5698707,20.1561346],[85.5698869,20.1563075],[85.5699651,20.1569132],[85.5699696,20.1571173],[85.5699596,20.1573073],[85.5699175,20.1575405],[85.5698153,20.1579939]]}},{"type":"Feature","properties":{"id":1334155434,"highway":"unclassified"},"geometry":{"type":"LineString","coordinates":[[85.5698153,20.1579939],[85.5700718,20.1578528],[85.5702882,20.1576816],[85.5704626,20.1574991],[85.5705467,20.1573505],[85.5706048,20.1572715],[85.5706369,20.157217],[85.570705,20.1571756],[85.5708794,20.1571323],[85.5710597,20.1571098],[85.5712,20.1570966],[85.5712761,20.1570928],[85.5713442,20.1570646],[85.5713843,20.157027],[85.5714324,20.1569254],[85.5714605,20.1568088]]}},{"type":"Feature","properties":{"id":1334155817,"highway":"tertiary"},"geometry":{"type":"LineString","coordinates":[[85.5710749,20.1544773],[85.5712424,20.1544107],[85.5716202,20.1543827],[85.5722261,20.1543844],[85.5729798,20.1544248],[85.573251,20.1544388],[85.5734661,20.154416],[85.5735539,20.1543739],[85.5735633,20.1543054],[85.5735617,20.1541923]]}},{"type":"Feature","properties":{"id":1334157084,"highway":"tertiary"},"geometry":{"type":"LineString","coordinates":[[85.5821764,20.1538937],[85.581818,20.1537826]]}},{"type":"Feature","properties":{"id":1334157142,"highway":"tertiary"},"geometry":{"type":"LineString","coordinates":[[85.581818,20.1537826],[85.5812977,20.1535349],[85.5811391,20.1534294],[85.5810128,20.15333],[85.5807387,20.1530343]]}},{"type":"Feature","properties":{"id":1334157143,"highway":"unclassified"},"geometry":{"type":"LineString","coordinates":[[85.5781466,20.1540717],[85.5783428,20.1546728],[85.579107,20.1548279],[85.5796185,20.1546501],[85.5796647,20.154634],[85.5800778,20.1543528],[85.5803876,20.1538002],[85.5807387,20.1530343]]}},{"type":"Feature","properties":{"id":1334157144,"highway":"unclassified"},"geometry":{"type":"LineString","coordinates":[[85.5735617,20.1541923],[85.5737002,20.154103],[85.5737991,20.1540463],[85.5738942,20.1540502],[85.5739969,20.1540751],[85.5748728,20.154188],[85.5755338,20.1540911],[85.5763187,20.1542947],[85.5765665,20.1541783],[85.5771345,20.1542947],[85.5781466,20.1540717]]}},{"type":"Feature","properties":{"id":1334157145,"highway":"tertiary"},"geometry":{"type":"LineString","coordinates":[[85.5710749,20.1544773],[85.5708472,20.1545511],[85.5706143,20.154656],[85.5704225,20.1548294],[85.5701145,20.1549479],[85.5699816,20.1551892],[85.5698772,20.155465],[85.5698472,20.1555614],[85.5698452,20.1556881],[85.5698538,20.1559432],[85.5698707,20.1561346]]}},{"type":"Feature","properties":{"id":1334157146,"highway":"unclassified"},"geometry":{"type":"LineString","coordinates":[[85.5698707,20.1561346],[85.5699866,20.1561403],[85.5701285,20.1561458],[85.5708959,20.1561202],[85.5710064,20.1556245],[85.571252,20.1556014],[85.5711538,20.155123],[85.5710309,20.1548693],[85.5710749,20.1544773]]}},{"type":"Feature","properties":{"id":1334157253,"highway":"tertiary"},"geometry":{"type":"LineString","coordinates":[[85.5698153,20.1579939],[85.5697199,20.1580928],[85.5694191,20.1582752],[85.5693238,20.1583155],[85.5688027,20.1584277],[85.5683133,20.158561],[85.5680219,20.1586189],[85.5677734,20.158661],[85.5676053,20.1586803],[85.5674764,20.1587223],[85.5673979,20.158782],[85.567355,20.1588574],[85.567327,20.1590082],[85.5673083,20.1593115],[85.5671984,20.1600823],[85.5671821,20.160296],[85.5671986,20.160511],[85.5672992,20.1607448],[85.5673838,20.1609219],[85.5674325,20.1611234],[85.5674651,20.1613768],[85.5674683,20.1619325],[85.5674456,20.1627477],[85.5674065,20.1630163],[85.567413,20.163514],[85.5674748,20.1642437],[85.5675008,20.1644421],[85.5675854,20.1646406],[85.5677188,20.1648787],[85.5677838,20.1650619],[85.5678066,20.1652237],[85.5677936,20.1653855],[85.567761,20.1655534],[85.5676472,20.1658648],[85.5675887,20.1660083],[85.5674488,20.1664754],[85.5673285,20.1667807],[85.5672179,20.16697],[85.5670065,20.1672997],[85.5666102,20.1678053],[85.5664007,20.1681109],[85.5663457,20.1682833]]}},{"type":"Feature","properties":{"id":1334158548,"highway":"unclassified"},"geometry":{"type":"LineString","coordinates":[[85.5504405,20.1620281],[85.5504051,20.1623574],[85.550365,20.1626626],[85.5503085,20.1628097],[85.5502009,20.1629361],[85.5499556,20.1631913],[85.5495286,20.1635196],[85.5487668,20.1640232],[85.5485244,20.1642508],[85.5483055,20.1644563],[85.5480373,20.1646879],[85.54778,20.16487],[85.547297,20.1650001],[85.5466103,20.165131],[85.546031,20.1653224],[85.5459318,20.1653627],[85.5459639,20.1655414],[85.5459774,20.1658662],[85.545736,20.1659972],[85.5455026,20.166181],[85.5454677,20.1664025],[85.5454195,20.1666518],[85.5452049,20.1669942],[85.5449983,20.1671654],[85.5446765,20.1673668],[85.5444404,20.1675305],[85.5441347,20.1676614],[85.5437404,20.1677546],[85.5434132,20.1678502],[85.543153,20.1679988],[85.542933,20.1681096],[85.5426621,20.1681524],[85.5423135,20.1681423],[85.5419728,20.1681196],[85.5416241,20.1680088],[85.5413425,20.1680315],[85.5408168,20.1680768],[85.5407041,20.1684696],[85.5406934,20.168812],[85.5406344,20.16923],[85.5405807,20.1698141],[85.5405807,20.1702119],[85.5406129,20.1704989],[85.5405861,20.1706701],[85.5406076,20.1712592],[85.5406237,20.171798]]}},{"type":"Feature","properties":{"id":1334158549,"highway":"tertiary"},"geometry":{"type":"LineString","coordinates":[[85.5538833,20.1601687],[85.5536717,20.1602414],[85.5535151,20.1603185],[85.5533708,20.1604271],[85.5530356,20.1606642],[85.5524876,20.1610703],[85.5521432,20.1613483],[85.5517955,20.1615237],[85.5516583,20.1615708],[85.551197,20.161746],[85.5507635,20.1619213],[85.5504405,20.1620281]]}},{"type":"Feature","properties":{"id":1334158550,"highway":"tertiary"},"geometry":{"type":"LineString","coordinates":[[85.5616333,20.1579147],[85.5608793,20.1580542],[85.5598347,20.1582884],[85.5592373,20.1584929],[85.5587247,20.1586729],[85.5583382,20.1588568],[85.5573374,20.1592606],[85.5570034,20.1593805],[85.5564257,20.1595103],[85.5555591,20.1596859],[85.5548817,20.1598415],[85.5545558,20.1599537],[85.5543135,20.1600476],[85.5538833,20.1601687]]}},{"type":"Feature","properties":{"id":1351828039,"highway":"tertiary"},"geometry":{"type":"LineString","coordinates":[[85.5857389,20.1308946],[85.5854125,20.1306383],[85.5852994,20.1305215],[85.5850978,20.1302964],[85.5848771,20.1299997],[85.5846259,20.1296375],[85.5843134,20.129056],[85.5841066,20.128671]]}},{"type":"Feature","properties":{"id":1351828040,"highway":"tertiary"},"geometry":{"type":"LineString","coordinates":[[85.5843134,20.129056],[85.5844332,20.1289954]]}},{"type":"Feature","properties":{"id":1351829382,"highway":"tertiary"},"geometry":{"type":"LineString","coordinates":[[85.5946316,20.137435],[85.5947463,20.1373278]]}},{"type":"Feature","properties":{"id":1351829946,"highway":"tertiary"},"geometry":{"type":"LineString","coordinates":[[85.5956166,20.1387256],[85.5960802,20.139276],[85.5966743,20.1400258],[85.597081,20.1406112],[85.5976084,20.1415323],[85.5977798,20.1418589]]}},{"type":"Feature","properties":{"id":1351829947,"highway":"tertiary"},"geometry":{"type":"LineString","coordinates":[[85.5977798,20.1418589],[85.5980789,20.1424708],[85.5982093,20.1427808],[85.5983464,20.1430961],[85.5984417,20.1433372],[85.5985018,20.1435061],[85.598725,20.1440592],[85.5988708,20.1443941]]}},{"type":"Feature","properties":{"id":1351829948,"highway":"tertiary"},"geometry":{"type":"LineString","coordinates":[[85.6020166,20.1507271],[85.6019729,20.1504539],[85.6016448,20.1497203],[85.6012485,20.1489253],[85.6008065,20.1480232],[85.6003988,20.1470961],[85.5999477,20.1460004],[85.59954,20.1449844],[85.5990879,20.1438682],[85.5989949,20.1436047],[85.5989219,20.1434283],[85.5988829,20.1433303],[85.5986151,20.1426904],[85.598377,20.1421872]]}},{"type":"Feature","properties":{"id":1351829949,"highway":"tertiary"},"geometry":{"type":"LineString","coordinates":[[85.5944536,20.1375758],[85.5950669,20.1381505]]}},{"type":"Feature","properties":{"id":1351829950,"highway":"tertiary"},"geometry":{"type":"LineString","coordinates":[[85.5950669,20.1381505],[85.5956166,20.1387256]]}},{"type":"Feature","properties":{"id":1351829951,"highway":"tertiary"},"geometry":{"type":"LineString","coordinates":[[85.598377,20.1421872],[85.5979089,20.1412826],[85.5973494,20.1402849]]}},{"type":"Feature","properties":{"id":1351829952,"highway":"trunk"},"geometry":{"type":"LineString","coordinates":[[85.5986941,20.1432692],[85.5983394,20.1423882],[85.5979536,20.1416267],[85.5975494,20.1408882],[85.5972357,20.1404114],[85.5970697,20.140159],[85.5968047,20.1397871],[85.596595,20.139513],[85.5959863,20.138777],[85.5955568,20.138315],[85.5949844,20.1377579],[85.5946736,20.1374706],[85.5946316,20.137435],[85.5942875,20.1371437],[85.5938619,20.1368056]]}},{"type":"Feature","properties":{"id":1351829953,"highway":"trunk"},"geometry":{"type":"LineString","coordinates":[[85.5937834,20.1368889],[85.5942061,20.1372246],[85.5945345,20.1375124],[85.5949016,20.1378341],[85.5950274,20.1379554],[85.5954414,20.1383548],[85.5957687,20.1387115],[85.5958457,20.1387954],[85.5964745,20.1395441],[85.5966933,20.1398349],[85.5969623,20.1402006],[85.5974148,20.1409076],[85.5978303,20.1416494],[85.5979176,20.141826],[85.5981951,20.1424392],[85.5982251,20.1425106],[85.5985743,20.1433145]]}},{"type":"Feature","properties":{"id":1351829954,"highway":"trunk"},"geometry":{"type":"LineString","coordinates":[[85.5985743,20.1433145],[85.5986291,20.1434466],[85.5986607,20.1435247]]}},{"type":"Feature","properties":{"id":1351829955,"highway":"trunk"},"geometry":{"type":"LineString","coordinates":[[85.5987906,20.1435089],[85.5986941,20.1432692]]}},{"type":"Feature","properties":{"id":1464344299,"highway":"residential"},"geometry":{"type":"LineString","coordinates":[[85.5526193,20.1339617],[85.5526634,20.1346689]]}}]}