{"type":"FeatureCollection","features":[{"type":"Feature","properties":{"id":322946179,"highway":"unclassified"},"geometry":{"type":"LineString","coordinates":[[85.9966879,20.3702075],[85.9965145,20.3703764],[85.9962877,20.3704455],[85.9959135,20.370605],[85.995732,20.3706954],[85.995494,20.3709169],[85.9952087,20.370868],[85.9945789,20.3708713],[85.9942101,20.3708778],[85.9935978,20.371067],[85.9932603,20.3711387],[85.9930898,20.3712366],[85.9920844,20.3716116],[85.9917538,20.3717291],[85.9913259,20.3720454],[85.9908145,20.3723422],[85.9906231,20.3725053],[85.9904178,20.3728837],[85.9902195,20.3732587],[85.9900386,20.3735686],[85.9898959,20.3741328],[85.9897185,20.3752483],[85.9894402,20.3767779],[85.9893462,20.377091],[85.9891201,20.3776683],[85.9888418,20.3787772],[85.9885773,20.3793186],[85.988159,20.3799619]]}},{"type":"Feature","properties":{"id":322946192,"highway":"tertiary"},"geometry":{"type":"LineString","coordinates":[[86.0026862,20.3824618],[86.0025287,20.3822196],[86.0024426,20.3821873],[86.0023516,20.3822035],[86.001803,20.3826324],[86.001001,20.383179],[86.0002826,20.3836102],[85.999229,20.3843865],[85.9989787,20.3844796],[85.9980512,20.3847218],[85.9971656,20.3849777],[85.9963562,20.3851738],[85.9958396,20.385266],[85.9955763,20.3852844],[85.9948875,20.3853283],[85.9946857,20.3853398],[85.9943807,20.3853213],[85.994019,20.3852614],[85.9932244,20.3851369],[85.9924765,20.3850192],[85.9922699,20.3850077],[85.9920632,20.3850169],[85.9913498,20.3851507],[85.9911062,20.3851645],[85.9908085,20.3851276],[85.9902353,20.385153],[85.9899746,20.3851023],[85.9898319,20.3850215],[85.9897433,20.3848578],[85.9896424,20.3843205],[85.9896941,20.3838224],[85.9895932,20.3832043],[85.9893152,20.3825102],[85.9890249,20.3819014],[85.988897,20.3815209],[85.9886756,20.3807783],[85.9885181,20.3803932],[85.9883312,20.3801118],[85.988159,20.3799619]]}},{"type":"Feature","properties":{"id":322946196,"highway":"residential"},"geometry":{"type":"LineString","coordinates":[[85.9899746,20.3851023],[85.9895604,20.3852945],[85.9885542,20.3855528],[85.9878309,20.3857511],[85.9873364,20.3857511],[85.9870289,20.385788],[85.9865442,20.3859472],[85.9859882,20.3861731],[85.9854814,20.3863323],[85.9852256,20.3863669],[85.9848498,20.3864591],[85.9844811,20.3866809],[85.9835834,20.3870853],[85.9816142,20.3879952],[85.9800103,20.388967],[85.9790709,20.3897138],[85.9779645,20.390278],[85.9769556,20.3906857],[85.9763919,20.390927],[85.9757239,20.3910868],[85.9753356,20.391206],[85.9739461,20.391801],[85.9731006,20.3921956],[85.9721752,20.3926815],[85.972076,20.3927502],[85.9709331,20.3935424],[85.969778,20.394374],[85.9696041,20.3945958],[85.9694579,20.3948893],[85.9692979,20.3950751],[85.9688665,20.3953817],[85.9683794,20.3955415],[85.9680558,20.3957078],[85.9675409,20.3961546],[85.9671756,20.3966242],[85.9672556,20.3972829],[85.967193,20.3975046],[85.9667163,20.3984112],[85.9663475,20.3990667],[85.9658222,20.3998134],[85.9654986,20.400433],[85.9650011,20.4013135],[85.9647367,20.4019657],[85.9641452,20.4028298],[85.9632128,20.4042092],[85.9631049,20.4043135],[85.9629449,20.4043722]]}},{"type":"Feature","properties":{"id":322946197,"highway":"unclassified"},"geometry":{"type":"LineString","coordinates":[[85.9777381,20.3988533],[85.9780234,20.399036],[85.9787645,20.3995675],[85.9791959,20.3997599],[85.9797908,20.4002914],[85.9798221,20.4003126]]}},{"type":"Feature","properties":{"id":322946198,"highway":"unclassified"},"geometry":{"type":"LineString","coordinates":[[85.9755408,20.3884633],[85.9754504,20.3885579],[85.9753077,20.3889329],[85.9752834,20.3894286],[85.975236,20.3899528],[85.9751755,20.3906222],[85.9751755,20.3907429],[85.9753356,20.391206]]}},{"type":"Feature","properties":{"id":322946200,"highway":"residential"},"geometry":{"type":"LineString","coordinates":[[85.9837521,20.3844144],[85.9840383,20.3849723],[85.9842769,20.3854382],[85.9846262,20.3861992],[85.9846779,20.3862568],[85.9847468,20.3862799],[85.9854037,20.3859847],[85.985534,20.3859686]]}},{"type":"Feature","properties":{"id":322946201,"highway":"unclassified"},"geometry":{"type":"LineString","coordinates":[[85.9716145,20.4287917],[85.9717988,20.4285956],[85.9719206,20.4284293],[85.9720598,20.4281554],[85.9721293,20.427937],[85.9724564,20.4263394],[85.9725644,20.4258512],[85.9726107,20.4256393],[85.9726319,20.4255426],[85.9728982,20.4243244],[85.9735349,20.4213867],[85.9741909,20.4184135],[85.9747144,20.416098],[85.9751075,20.4142982],[85.9753058,20.4133526],[85.975779,20.4111907],[85.9758416,20.4109266],[85.9759564,20.4103494],[85.9765931,20.4075354],[85.9770489,20.4054354],[85.9772855,20.4046886],[85.9776891,20.4036615],[85.9783466,20.4023669],[85.9787572,20.4016984],[85.979262,20.4009999],[85.9795021,20.4006852],[85.9797908,20.4002914],[85.9800344,20.4000575],[85.9805841,20.3995374],[85.9811077,20.3991265],[85.9819636,20.3984775],[85.9827908,20.3978698],[85.9835455,20.3973154],[85.9850142,20.3962224],[85.9874768,20.3944399],[85.9880746,20.394034],[85.9890267,20.3935682],[85.9902026,20.393107],[85.9916,20.392685],[85.9935263,20.3922123],[85.9977918,20.3910742],[86.0026731,20.3897664],[86.0037656,20.3894045],[86.0052373,20.3890131],[86.0062219,20.3888011],[86.0069351,20.3887131],[86.0080937,20.3885794],[86.0085912,20.3884717],[86.0094227,20.3882011],[86.0098959,20.3879793],[86.0100937,20.3878695],[86.010717,20.3875977],[86.0115346,20.3870433],[86.0121295,20.3864954],[86.0127627,20.385791],[86.0131872,20.3851779],[86.0136012,20.384493],[86.0141405,20.3835668],[86.0142066,20.3833613],[86.0143075,20.3832765],[86.0156191,20.3811012]]}},{"type":"Feature","properties":{"id":368869424,"highway":"residential"},"geometry":{"type":"LineString","coordinates":[[85.8999949,20.3009745],[85.9000936,20.3004933]]}},{"type":"Feature","properties":{"id":368869451,"highway":"residential"},"geometry":{"type":"LineString","coordinates":[[85.900394,20.3011332],[85.900426,20.3007858],[85.9004528,20.300597]]}},{"type":"Feature","properties":{"id":561463275,"highway":"unclassified"},"geometry":{"type":"LineString","coordinates":[[85.9872135,20.3810406],[85.986911,20.3804248],[85.9865677,20.3797509],[85.9862566,20.3789966],[85.9855699,20.378353],[85.9851086,20.3777093],[85.9847116,20.3770857],[85.9844541,20.3765627],[85.9841108,20.3762208],[85.9838641,20.3760397],[85.9832632,20.376442],[85.9823942,20.3767941],[85.981611,20.3770857],[85.981257,20.3769952],[85.9811067,20.3764722],[85.9810853,20.3759593],[85.9812891,20.3753458],[85.9814179,20.3747122],[85.9816646,20.374169],[85.9819436,20.3735354],[85.9821474,20.3729722],[85.9820616,20.3725799],[85.9816861,20.3720871],[85.9814393,20.3715339],[85.9811818,20.3711115],[85.9809136,20.3706187],[85.9807312,20.3700454],[85.9806655,20.369417]]}},{"type":"Feature","properties":{"id":561463481,"highway":"tertiary"},"geometry":{"type":"LineString","coordinates":[[85.9612624,20.3850846],[85.9615481,20.3850108],[85.9620309,20.3847594],[85.9628034,20.3843269],[85.9632325,20.3840654],[85.9638011,20.3835123],[85.9642732,20.3830195],[85.964992,20.3825368],[85.9663439,20.3824161],[85.9664645,20.3824406],[85.9669876,20.3825468],[85.9679103,20.382587],[85.9690583,20.3825368],[85.9704316,20.3824563],[85.9713113,20.3823356],[85.9720731,20.3821546],[85.9735644,20.3819736],[85.9747124,20.3821948],[85.9755278,20.3825971],[85.9762037,20.3829793],[85.9770405,20.3833162]]}},{"type":"Feature","properties":{"id":561466499,"highway":"unclassified"},"geometry":{"type":"LineString","coordinates":[[85.9916,20.392685],[85.9913957,20.3921711],[85.9913099,20.3916482],[85.9912026,20.3912459],[85.9918141,20.3911052],[85.9927904,20.3909945],[85.9933483,20.3909845],[85.9943783,20.3909644],[85.9954297,20.390904],[85.9961915,20.390894],[85.9971356,20.3908537],[85.9981441,20.3907431],[85.9989273,20.3904213],[85.9998608,20.3900693],[86.0005152,20.3898682],[86.0015988,20.3895564],[86.0022855,20.3892547],[86.0030794,20.3888927],[86.0034764,20.388772],[86.0037656,20.3894045]]}},{"type":"Feature","properties":{"id":561466594,"highway":"unclassified"},"geometry":{"type":"LineString","coordinates":[[85.9912026,20.3912459],[85.9905052,20.3911353],[85.9895074,20.3910549],[85.9883594,20.391437],[85.9872544,20.391789],[85.9867716,20.3920907],[85.9866106,20.3926337],[85.9865785,20.3933679],[85.985645,20.3935187],[85.9847975,20.3936997],[85.9840679,20.3939008],[85.9832096,20.3943735],[85.9830379,20.3950975],[85.9826302,20.395902],[85.9827697,20.396606],[85.9828555,20.3972496],[85.9827908,20.3978698]]}},{"type":"Feature","properties":{"id":561466955,"highway":"secondary"},"geometry":{"type":"LineString","coordinates":[[86.0280669,20.2982379],[86.0294417,20.30165],[86.0299967,20.30316],[86.0300767,20.3046533],[86.0298883,20.3059017],[86.0293567,20.306865],[86.0283417,20.307675],[86.0272033,20.3084117],[86.0260333,20.3091517],[86.0251033,20.30992],[86.0244483,20.3113017],[86.024205,20.3129117],[86.0241067,20.3138133],[86.0236383,20.3151233],[86.0228117,20.3163317],[86.021895,20.3175667],[86.0208583,20.3191],[86.0204383,20.32057],[86.020458,20.3207424],[86.0205867,20.3218683],[86.0212058,20.3233797],[86.0216778,20.3246725],[86.0217851,20.325002],[86.0217924,20.325214],[86.0217878,20.3258647],[86.021702,20.3262596],[86.0215169,20.3268029],[86.0209833,20.327865],[86.0205617,20.3286783],[86.0198017,20.330175],[86.0190033,20.331695],[86.01815,20.3333117],[86.0173083,20.3349567],[86.0164783,20.33659],[86.0151915,20.3380062],[86.0149933,20.3396633],[86.0152767,20.3413833],[86.0154383,20.3421],[86.015555,20.3428483],[86.0158133,20.3442017],[86.0161267,20.3457633],[86.01643,20.34734],[86.016735,20.34894],[86.0166684,20.3494676],[86.0165567,20.3503517],[86.016025,20.35199],[86.0155717,20.353415],[86.014705,20.35478],[86.0132667,20.3557567],[86.0117467,20.3560317],[86.0099717,20.3562733],[86.008105,20.3565267],[86.0062967,20.356305],[86.00447,20.3560733],[86.00276,20.35587],[86.00138,20.3556717],[85.9997517,20.3554117],[85.9982133,20.3552533],[85.9964367,20.35551],[85.9946367,20.3559367],[85.9930133,20.3562817],[85.9925535,20.3563662],[85.992225,20.3564267],[85.9911267,20.3566367],[85.9893983,20.3570083],[85.9875917,20.3573533],[85.9858367,20.3577233],[85.98425,20.35802],[85.9825817,20.358465],[85.98089,20.359195],[85.979325,20.3599183],[85.977855,20.3605983],[85.9771371,20.3607415],[85.9764719,20.3607717],[85.9758711,20.3607616],[85.9751952,20.3606208],[85.9746373,20.3604096],[85.9742829,20.3602536],[85.9714433,20.3589133],[85.9710338,20.358716],[85.970205,20.3583167],[85.9685133,20.3575117],[85.9668433,20.356735],[85.9651767,20.35599],[85.9633833,20.3557567],[85.9615983,20.3556533],[85.9609151,20.3555965],[85.9601319,20.3555965],[85.9596544,20.3556971],[85.9592146,20.3558279],[85.9588283,20.3560089],[85.9584467,20.356235],[85.9571883,20.3573767],[85.9568043,20.3577531],[85.9564567,20.3580267],[85.95529,20.3590217],[85.954085,20.36009],[85.9528883,20.3611317],[85.9520467,20.36185],[85.9511333,20.362645],[85.9499433,20.363715],[85.9495855,20.3642602],[85.9492083,20.364835],[85.94841,20.3662817],[85.9477133,20.367565],[85.9470083,20.36885],[85.9462983,20.3700985],[85.9457817,20.3708367],[85.9446845,20.3716722],[85.9438187,20.372336],[85.942892,20.3730398],[85.9421267,20.3736617],[85.9408033,20.374655],[85.9395083,20.3756117],[85.9382767,20.3765417],[85.9377617,20.376925],[85.9367433,20.3776683],[85.9354567,20.37864],[85.9351731,20.3788479],[85.93467,20.3792167],[85.9336533,20.3799633],[85.9329367,20.3805],[85.9320308,20.3811238],[85.9319467,20.3811817],[85.9314752,20.3813852],[85.9310782,20.3814808],[85.930692,20.3815763],[85.930236,20.3816266],[85.9297317,20.3816216],[85.926575,20.3816367],[85.9253511,20.3816399],[85.924265,20.381625],[85.9229133,20.381625],[85.9224039,20.3816467],[85.9219855,20.381697],[85.921465,20.3818033],[85.9202433,20.3821967],[85.9189567,20.3827567],[85.91744,20.3833283],[85.915675,20.38399],[85.9144133,20.3845667],[85.9143587,20.3846001],[85.91364,20.38504],[85.9129333,20.385895],[85.9121317,20.386925],[85.911125,20.38819],[85.9108757,20.3884951],[85.9101117,20.38943],[85.9092567,20.3904717],[85.9089496,20.3908431],[85.9088497,20.3909638],[85.9085717,20.3913],[85.9076717,20.3924567],[85.9067817,20.3935567],[85.9057133,20.3949017],[85.9051251,20.3956652],[85.9050246,20.3957957],[85.90474,20.396165],[85.903715,20.3974367],[85.9027617,20.3986383],[85.90183,20.3997483],[85.900275,20.4004933],[85.8998735,20.4005408],[85.8986967,20.40068],[85.8969033,20.4008333],[85.8957106,20.4009232],[85.8953317,20.4009517],[85.8934733,20.4010967],[85.8915383,20.40123],[85.8900458,20.4013476],[85.88955,20.4013867],[85.8876167,20.4015483],[85.8857381,20.401733],[85.88565,20.4017417],[85.8836833,20.4019017],[85.8818767,20.4020433],[85.8811569,20.4020828],[85.880849,20.4020997]]}},{"type":"Feature","properties":{"id":561467170,"highway":"residential"},"geometry":{"type":"LineString","coordinates":[[85.9397639,20.3071101],[85.9398887,20.3072085]]}},{"type":"Feature","properties":{"id":561670945,"highway":"unclassified"},"geometry":{"type":"LineString","coordinates":[[85.9311223,20.3172114],[85.9311611,20.3172576]]}},{"type":"Feature","properties":{"id":561670950,"highway":"residential"},"geometry":{"type":"LineString","coordinates":[[85.934164,20.3218356],[85.9345114,20.3216542],[85.9348279,20.3214782],[85.9350425,20.3213323],[85.9352946,20.3210959],[85.9354824,20.3207286],[85.9356107,20.3206189],[85.9357198,20.3205257],[85.9358366,20.32038],[85.9358629,20.3202303],[85.9358629,20.3201695],[85.9358965,20.320036],[85.9359236,20.3199885],[85.9359843,20.3198824],[85.9360336,20.3196153],[85.9360609,20.3194847],[85.9361028,20.3193818],[85.9362403,20.3191925],[85.9362683,20.3191054],[85.9362817,20.3190635],[85.9362903,20.3189614],[85.9362627,20.3187936],[85.9361989,20.3186802],[85.9361207,20.3185504],[85.9360027,20.3184104],[85.9359878,20.3183659],[85.935964,20.3182949],[85.9358991,20.3179788],[85.9358676,20.317842],[85.9357077,20.3175895],[85.9354739,20.317292],[85.9352185,20.3170165],[85.9350302,20.3168441],[85.9348664,20.3166941],[85.9348179,20.316652],[85.9347495,20.3166247],[85.9346326,20.3165998],[85.9345796,20.3165969],[85.9343953,20.3165866],[85.9342654,20.3165462],[85.9341801,20.3164838],[85.934051,20.3163511],[85.9338283,20.3160308],[85.933694,20.3158705],[85.9335566,20.3157131],[85.9334004,20.3155741]]}},{"type":"Feature","properties":{"id":561671097,"highway":"residential"},"geometry":{"type":"LineString","coordinates":[[85.9015043,20.349571],[85.9016168,20.3496768],[85.9018238,20.3499009],[85.9020191,20.3501093],[85.9022096,20.3503281],[85.9025395,20.3506022],[85.9028145,20.3508491],[85.9030269,20.3510697],[85.9029485,20.3515928],[85.9030271,20.3517611],[85.9032108,20.3518287],[85.9034242,20.3517755],[85.903692,20.3518619],[85.9042991,20.3522858],[85.9044238,20.3522735],[85.904857,20.3518656],[85.9052966,20.351483],[85.9054267,20.3514713],[85.9056085,20.3515862],[85.9057082,20.3515669],[85.9058482,20.351516],[85.905976,20.3515755],[85.9062624,20.3519552],[85.9064019,20.3522268],[85.9065682,20.3524682],[85.9067452,20.3526593],[85.9071207,20.3524732],[85.9073881,20.3523111],[85.9075606,20.3522066],[85.9076625,20.3520608],[85.9075874,20.3518998],[85.9077966,20.3516484],[85.9081024,20.3513768],[85.908258,20.3510448],[85.9083384,20.3506978],[85.9084082,20.3504614],[85.9085637,20.3501797],[85.9088105,20.3499735],[85.909009,20.3497975],[85.9092021,20.3496466],[85.9090304,20.3495007],[85.908789,20.3492392],[85.9085905,20.349038],[85.9084403,20.3488167],[85.9082204,20.3485853],[85.9083974,20.348354],[85.9086227,20.3481377],[85.9089392,20.3479918]]}},{"type":"Feature","properties":{"id":561671105,"highway":"residential"},"geometry":{"type":"LineString","coordinates":[[85.908258,20.3510448],[85.9080166,20.3509241],[85.9077322,20.3506978],[85.9074533,20.3505167],[85.9070778,20.3502954],[85.9070027,20.3502149],[85.9071851,20.3499685],[85.9070563,20.3498277],[85.9069383,20.3496214],[85.907169,20.3494001],[85.9073943,20.3492291],[85.9075338,20.3490833],[85.9073192,20.3488519],[85.9071261,20.3486055],[85.9069329,20.348359],[85.9071153,20.3480824],[85.9072517,20.3480072],[85.9072977,20.3479818],[85.907464,20.3482182],[85.9076679,20.3480824],[85.9077483,20.3480522],[85.9079468,20.3482886],[85.908097,20.3484395],[85.9082204,20.3485853]]}},{"type":"Feature","properties":{"id":561671113,"highway":"unclassified"},"geometry":{"type":"LineString","coordinates":[[85.905976,20.3515755],[85.9062248,20.3512963],[85.9063911,20.3511052],[85.9062141,20.3509643],[85.9061283,20.3508688],[85.9063375,20.3506726],[85.9065521,20.3505217],[85.9067881,20.3503507],[85.9070027,20.3502149]]}},{"type":"Feature","properties":{"id":561671154,"highway":"residential"},"geometry":{"type":"LineString","coordinates":[[85.9215824,20.3420573],[85.9216737,20.3420281],[85.9218947,20.3419969],[85.9219604,20.3419843],[85.9220551,20.3419648],[85.9222351,20.3419067],[85.9228366,20.3416546],[85.9233054,20.3414935],[85.9234267,20.3414599],[85.9235069,20.3414533],[85.9236437,20.3414781],[85.9238168,20.3415006],[85.9242439,20.3415688],[85.9247267,20.3417197],[85.9254241,20.3418304],[85.9260356,20.3420416],[85.9266043,20.3422428]]}},{"type":"Feature","properties":{"id":561671206,"highway":"residential"},"geometry":{"type":"LineString","coordinates":[[85.9067452,20.3526593],[85.9069438,20.3529018],[85.9070295,20.3530063],[85.9072763,20.3532729],[85.9075713,20.3534892],[85.9077805,20.353635],[85.9081989,20.3533031],[85.908553,20.3530214],[85.9087086,20.3533685],[85.9090304,20.3540625],[85.9092343,20.3546158],[85.9093362,20.3549326],[85.909583,20.3554859],[85.9098029,20.3561045],[85.9099585,20.3565571],[85.9102482,20.3571908],[85.9104305,20.3576887],[85.9105325,20.358071],[85.9103447,20.3586493],[85.9102642,20.3590064],[85.9101784,20.3595898],[85.910055,20.3603895],[85.9099102,20.3611891],[85.9098512,20.3617474],[85.9096581,20.3626979],[85.9095722,20.363583],[85.9094167,20.3643575],[85.9093255,20.3650867],[85.9091689,20.3656135],[85.9091431,20.3657003],[85.9091324,20.3660221],[85.9091453,20.366276],[85.9091606,20.3664201]]}},{"type":"Feature","properties":{"id":561671230,"highway":"residential"},"geometry":{"type":"LineString","coordinates":[[85.9073881,20.3523111],[85.9076303,20.3525637],[85.9078932,20.352775],[85.9083009,20.3529208],[85.908553,20.3530214]]}},{"type":"Feature","properties":{"id":561671301,"highway":"residential"},"geometry":{"type":"LineString","coordinates":[[85.9111392,20.328384],[85.9111484,20.3287158],[85.9111368,20.3288062],[85.9111168,20.3289629],[85.9110558,20.3292442],[85.9110615,20.3295121],[85.9110668,20.3297646],[85.9110699,20.3298059],[85.9110972,20.3301735],[85.9111437,20.3304948],[85.9111561,20.3305804],[85.9111698,20.3308716],[85.9111725,20.33093],[85.9111417,20.3313103],[85.9111404,20.331326],[85.9111855,20.3317193],[85.9112023,20.3317444],[85.9112107,20.331757],[85.911241,20.3317678],[85.9114187,20.3317727],[85.911729,20.3317291],[85.9119531,20.3316696],[85.9121691,20.3316044],[85.9124116,20.3315144],[85.9127742,20.3314685],[85.9129903,20.3314761],[85.9132971,20.3314636],[85.9134407,20.3314635],[85.9135812,20.3314811],[85.9136545,20.331517],[85.9137095,20.3315644],[85.9139092,20.331863],[85.9139955,20.3320228],[85.9141171,20.3325214],[85.914198,20.3328713],[85.9142334,20.3330305],[85.9142817,20.3332477],[85.9143057,20.3333084],[85.9143241,20.3333442],[85.9145558,20.3336968],[85.9149447,20.3341143],[85.9150762,20.3342415],[85.9150945,20.3342555],[85.9151375,20.3342883],[85.9151832,20.3343233],[85.915223,20.3343429],[85.9153103,20.3343739],[85.9153386,20.334386],[85.9153658,20.334411]]}},{"type":"Feature","properties":{"id":561671360,"highway":"unclassified"},"geometry":{"type":"LineString","coordinates":[[85.9158305,20.334806],[85.9158727,20.3348437],[85.9159827,20.3349393],[85.9161089,20.3350638],[85.9162225,20.3351961],[85.9164356,20.3354662],[85.9169677,20.3361583],[85.9170786,20.3363068],[85.9171721,20.336432],[85.9174999,20.3368436],[85.9180401,20.3374754],[85.918095,20.337536],[85.9181766,20.3376259],[85.9184814,20.3379618],[85.9186201,20.338098],[85.9188877,20.3383872],[85.9188947,20.3383948],[85.9190297,20.3385408],[85.9193999,20.3389116],[85.9196111,20.3391231],[85.9198084,20.3393282],[85.9198997,20.33944],[85.9200599,20.3396363],[85.9200813,20.3396633],[85.9202206,20.3398385],[85.9203299,20.3400071],[85.9206037,20.3404295],[85.9207173,20.3406171],[85.9208219,20.3407898],[85.9210942,20.3412352],[85.9213823,20.3417046],[85.921464,20.3418376],[85.9215064,20.3419121],[85.9215286,20.3419511]]}},{"type":"Feature","properties":{"id":561671732,"highway":"residential"},"geometry":{"type":"LineString","coordinates":[[85.9184484,20.3321931],[85.9186318,20.3323603],[85.9188871,20.3325928],[85.9189227,20.3326189],[85.9189499,20.3326316],[85.9189786,20.3326308],[85.9190967,20.3325775],[85.9192532,20.3324917],[85.9193277,20.3324498],[85.9195279,20.3323372],[85.9197022,20.3322181],[85.9197611,20.3321933],[85.9198063,20.3321875],[85.919863,20.3321882],[85.919996,20.3322067],[85.9200296,20.332206],[85.9200763,20.3321826],[85.9203011,20.3320671],[85.9204692,20.3319772],[85.9205144,20.331953],[85.9206002,20.3319078],[85.9207005,20.3318551],[85.9209561,20.3317249],[85.9210212,20.3316917],[85.9212764,20.3315653],[85.921522,20.3313971],[85.9217573,20.3312377],[85.9219592,20.3310958],[85.9222311,20.3308813],[85.9224909,20.3306697],[85.9226786,20.3305208],[85.9228085,20.3304141],[85.9228599,20.3303719],[85.9230521,20.3302504]]}},{"type":"Feature","properties":{"id":561680688,"highway":"unclassified"},"geometry":{"type":"LineString","coordinates":[[85.9715795,20.4026144],[85.9721804,20.4017748],[85.9726953,20.4009602],[85.9735536,20.3999949],[85.974015,20.3992708],[85.9747231,20.398768],[85.9751952,20.398396],[85.9757423,20.3981848],[85.9760749,20.3980742],[85.976429,20.3984664],[85.9767401,20.3986675],[85.9768903,20.3988384],[85.9773087,20.3986574],[85.9777381,20.3988533]]}},{"type":"Feature","properties":{"id":561718796,"highway":"unclassified"},"geometry":{"type":"LineString","coordinates":[[85.9416599,20.3046382],[85.9415254,20.3044451],[85.9414464,20.3041899],[85.9413563,20.3039147],[85.9412606,20.3036224],[85.9411886,20.3034163],[85.9411247,20.3032331],[85.9410767,20.3030862],[85.9410388,20.3029702],[85.9409755,20.3027132],[85.9408979,20.3024693],[85.9407982,20.3021559],[85.9407402,20.3019689],[85.9407312,20.3019397],[85.9406003,20.301517],[85.9404623,20.3011053],[85.9404194,20.3009771],[85.9402855,20.3005935],[85.9401513,20.3001322],[85.9401222,20.3000451],[85.9399885,20.2996441],[85.9397525,20.298985],[85.9396955,20.2987483],[85.9396791,20.2986911],[85.93964,20.2985546],[85.9396075,20.2984412],[85.9394176,20.2978114],[85.9393897,20.2977121],[85.9392379,20.2971726],[85.9390712,20.2966354],[85.9390529,20.2965684]]}},{"type":"Feature","properties":{"id":561740496,"highway":"unclassified"},"geometry":{"type":"LineString","coordinates":[[85.9462983,20.3700985],[85.9468764,20.3703647],[85.9476274,20.3705156],[85.9476972,20.3697738],[85.9481156,20.3686272],[85.9483409,20.3677018],[85.9485447,20.3670782],[85.9488451,20.3666055],[85.9493494,20.3657908],[85.9497571,20.3652577],[85.950433,20.3647246],[85.9512591,20.3641513],[85.9521282,20.3637289],[85.9525359,20.363578],[85.9529757,20.3629242],[85.9540701,20.362381],[85.9550571,20.3617775],[85.9564626,20.3615261],[85.9571171,20.3615261],[85.9588444,20.3616267],[85.9596303,20.3616697],[85.9604967,20.3617172],[85.9608227,20.3617172],[85.9614408,20.3617172],[85.9634256,20.3617675],[85.9639286,20.3617225],[85.9644234,20.3618681],[85.9647475,20.3620638],[85.9650943,20.362895],[85.9652454,20.3631391],[85.9654534,20.3632461],[85.9665402,20.363191],[85.9675134,20.3631775],[85.9681526,20.363412],[85.9682214,20.3634372],[85.9686237,20.3636265],[85.9689363,20.3635768],[85.9692407,20.3635881],[85.9697086,20.3636061],[85.9700668,20.3635378],[85.969938,20.3627733],[85.9701097,20.3620189],[85.9702921,20.3614054],[85.9704208,20.3607918],[85.970571,20.3601883],[85.970732,20.3595043],[85.9708285,20.3590416],[85.9710338,20.358716]]}},{"type":"Feature","properties":{"id":561741272,"highway":"unclassified"},"geometry":{"type":"LineString","coordinates":[[85.8988917,20.3873792],[85.899353,20.3870674],[85.8997554,20.386821],[85.9001791,20.3867959],[85.9002845,20.3866499],[85.9004152,20.386469],[85.9005546,20.3863671],[85.9007317,20.3862377],[85.9011394,20.3859964],[85.9013808,20.3857751],[85.9018797,20.385574],[85.9023035,20.3853376],[85.9021103,20.3850359],[85.9019172,20.3847946],[85.9017402,20.3845079],[85.9013218,20.3846688],[85.9010589,20.384513],[85.9008121,20.3841861],[85.9006888,20.3839397],[85.9007263,20.3835978],[85.9010911,20.3834318],[85.9016973,20.3831603],[85.9022069,20.3829742],[85.9025449,20.3828334]]}},{"type":"Feature","properties":{"id":561744020,"highway":"unclassified"},"geometry":{"type":"LineString","coordinates":[[86.0217924,20.325214],[86.0214579,20.3249844],[86.0210019,20.3246876],[86.0207123,20.3244663],[86.0204226,20.3243003],[86.0201222,20.3240689],[86.0197198,20.3238375],[86.0192692,20.3236866],[86.0187542,20.3234552],[86.0183787,20.3233998],[86.0179764,20.3231382],[86.0174078,20.3229068],[86.0170484,20.3227056],[86.0167587,20.3224591],[86.0162276,20.3221774],[86.0157233,20.3219762],[86.0154766,20.3218655],[86.0152459,20.3217429],[86.0151547,20.3216945],[86.0148972,20.3215838],[86.0144573,20.3213222],[86.0142267,20.3212468],[86.0140121,20.3212468],[86.013819,20.3212921],[86.0136098,20.3216995],[86.0132933,20.3225094],[86.0130626,20.322927],[86.0127193,20.3233495],[86.0123867,20.3235357],[86.0121667,20.3237268],[86.0119522,20.3239582],[86.0115981,20.3241544],[86.0112923,20.3242902],[86.0105842,20.3245971],[86.0100639,20.324909],[86.0097903,20.3251907],[86.0094899,20.3256686],[86.0092485,20.3259452],[86.0087603,20.3265841],[86.0085833,20.3268859],[86.0084975,20.3272078],[86.0085136,20.3275399],[86.0085833,20.3279574],[86.008594,20.3282944],[86.0085458,20.3285409],[86.0083902,20.328893],[86.0081756,20.3293357],[86.0078055,20.3297985],[86.006856,20.3306234],[86.0063624,20.331051],[86.0061961,20.3312975],[86.0059869,20.3314886],[86.005708,20.3316093],[86.0052198,20.3317854],[86.0047853,20.3319916],[86.0046941,20.3321023],[86.0043132,20.3327612],[86.0041147,20.3329675],[86.0039645,20.3330027],[86.0036427,20.3329625],[86.0031331,20.3329222],[86.002838,20.3329474],[86.0027361,20.3330027],[86.0026717,20.3330732],[86.0023981,20.3332794],[86.0021675,20.33338],[86.0018188,20.3334353],[86.0013521,20.333556],[86.0009873,20.3335711],[85.9998286,20.3335711],[85.9984982,20.3336214],[85.9976935,20.3335409],[85.9973502,20.3334806],[85.9968942,20.3335007],[85.996626,20.3335359],[85.9964061,20.3334957],[85.9961808,20.3334755],[85.9956443,20.3334806],[85.9951991,20.3335661],[85.9948289,20.3337321],[85.9943139,20.3340389],[85.9939599,20.3341999],[85.9937131,20.3342049],[85.9933966,20.3341797],[85.9928495,20.3341043],[85.9924793,20.3341144],[85.9916317,20.3340791],[85.990473,20.3340741],[85.98984,20.3340037],[85.9895396,20.333722],[85.988853,20.33339],[85.9883916,20.33338],[85.9880161,20.3330379],[85.9876192,20.3326657],[85.9875226,20.3323941],[85.9870613,20.3324444],[85.9862029,20.3324846],[85.9852373,20.3326355],[85.9846794,20.3327663],[85.9843039,20.3329071],[85.9839713,20.3323437],[85.9838211,20.3317804],[85.9836173,20.3314283],[85.9832311,20.3314182],[85.9827697,20.3315892],[85.9820938,20.3316999],[85.9812999,20.3318407],[85.9802055,20.3322029],[85.9796262,20.3323739],[85.9789073,20.3325248],[85.9786284,20.3317904],[85.9784996,20.3309957],[85.9781885,20.330392],[85.9780894,20.3297482],[85.9777164,20.3289735],[85.9773302,20.3277864],[85.9770512,20.3269815],[85.9765582,20.3262931],[85.9762573,20.3259352],[85.9758925,20.3252712],[85.9758496,20.3240035],[85.9749484,20.3230779],[85.9741759,20.3221523],[85.972867,20.3208846],[85.9719014,20.3209852],[85.9707856,20.3219309],[85.9701633,20.322434],[85.969601,20.3231671],[85.9692836,20.3235809],[85.9689966,20.3241983],[85.9689188,20.3243657],[85.9671163,20.3252309],[85.9658289,20.3260157],[85.9656127,20.3267233],[85.9660414,20.3274753],[85.9655275,20.3280148],[85.9653247,20.328061],[85.9652243,20.3280839],[85.9643922,20.3281652],[85.9639974,20.3280717],[85.963792,20.3280534],[85.9632506,20.3282837],[85.9620575,20.3288373],[85.9609542,20.3293312],[85.9608346,20.3289509],[85.9604692,20.3281784],[85.9602157,20.3276861],[85.9599375,20.3272789],[85.9593701,20.3265187],[85.9586879,20.3256388],[85.9584356,20.3258678],[85.9577148,20.3263121],[85.9569025,20.3267199],[85.9563246,20.3270446],[85.9557448,20.3273636],[85.95543,20.3276407],[85.9548073,20.3281948],[85.9537267,20.3291948],[85.9529474,20.3297903],[85.9525525,20.3301041],[85.9519211,20.3306721],[85.9516318,20.3310851],[85.950568,20.3323188],[85.9504219,20.3325494],[85.9501433,20.3323538],[85.9494996,20.3315892],[85.9487057,20.3306234],[85.9479546,20.3300399],[85.9473109,20.3293156],[85.9463668,20.328551],[85.9458947,20.3280681],[85.9453153,20.3277059],[85.9449935,20.3272632],[85.9441566,20.3280681],[85.9435773,20.3289534],[85.9428906,20.3297381],[85.9425258,20.3300802],[85.9420109,20.3296576],[85.9413242,20.3291144],[85.9409594,20.3287522],[85.9408629,20.3287471],[85.9410292,20.328395],[85.941233,20.3280982],[85.9410506,20.3279423]]}},{"type":"Feature","properties":{"id":561745066,"highway":"unclassified"},"geometry":{"type":"LineString","coordinates":[[85.9895396,20.333722],[85.9895611,20.3345168],[85.9896469,20.3354423],[85.9892285,20.3356335],[85.9895074,20.3363477],[85.9897542,20.3369614],[85.9899795,20.3376153],[85.9900868,20.3382289],[85.9903335,20.3388828],[85.9907734,20.3392852],[85.9915566,20.3392651],[85.9918141,20.3393355],[85.9923613,20.3402912],[85.9928119,20.3410558],[85.9933483,20.3418706],[85.9934449,20.3422831],[85.9928119,20.3430174],[85.9920609,20.3438423],[85.9916854,20.3442346],[85.9913313,20.3449891],[85.9912777,20.3457637],[85.9912509,20.3461962],[85.9911919,20.3468199],[85.9914762,20.3472575],[85.9918249,20.3476196],[85.9924471,20.348188],[85.992828,20.3487513],[85.99271,20.3492593],[85.992592,20.3495259],[85.9923828,20.350225],[85.9922701,20.3508084],[85.9923238,20.3511001],[85.992313,20.3517137],[85.9924847,20.3518998],[85.9931552,20.3521312],[85.9934235,20.3522418],[85.9936219,20.3525134],[85.9938526,20.3528504],[85.9941745,20.3532125],[85.9940779,20.3536149],[85.9937561,20.3541078],[85.9935737,20.3544045],[85.9933752,20.3546309],[85.992946,20.3549628],[85.9926456,20.3552595],[85.9926027,20.3556468],[85.9925598,20.3561598],[85.9925535,20.3563662]]}},{"type":"Feature","properties":{"id":561977265,"highway":"residential"},"geometry":{"type":"LineString","coordinates":[[85.9063426,20.3108917],[85.906466,20.3103836],[85.9065222,20.3101679],[85.9066759,20.3095072],[85.9067679,20.3091452],[85.9069221,20.308626],[85.9070151,20.308322],[85.9071477,20.3080223],[85.9071725,20.3079729],[85.9073019,20.3077144],[85.9073315,20.3075749],[85.9073171,20.3074965],[85.9072519,20.3074176],[85.9070754,20.3073274],[85.9068455,20.307199],[85.9067777,20.3071306],[85.906766,20.3070333],[85.9067866,20.3068822],[85.9068415,20.3066456],[85.9068755,20.3065076],[85.90691,20.3063672],[85.9069964,20.3061566],[85.9070571,20.3060479],[85.9070712,20.3060291],[85.9072099,20.3058427],[85.9075507,20.3054381],[85.9077925,20.3049381],[85.9080283,20.3044757],[85.9082074,20.3041365],[85.9084689,20.3036174],[85.9085355,20.3034628],[85.9085951,20.3033016],[85.9086242,20.3031482],[85.9085006,20.3030504],[85.9084386,20.30302],[85.9083668,20.3030144],[85.9082911,20.3030138],[85.9081783,20.3030888],[85.9080252,20.3032555],[85.9078341,20.3035095],[85.9077271,20.3036108],[85.907661,20.3036328],[85.9073666,20.3035747],[85.9072975,20.3035901],[85.9072171,20.3036269],[85.9071092,20.303818],[85.9070436,20.3038648],[85.90693,20.3039013],[85.906805,20.3039128],[85.9066149,20.3038805],[85.9063265,20.303808],[85.9058312,20.3036036],[85.9058145,20.3035968],[85.9057901,20.3035867],[85.9054814,20.3034132]]}},{"type":"Feature","properties":{"id":561977266,"highway":"residential"},"geometry":{"type":"LineString","coordinates":[[85.9018224,20.3175461],[85.9019216,20.317368],[85.9020288,20.317264],[85.9022292,20.3171195],[85.9023623,20.3170179],[85.9024266,20.3169688],[85.9026948,20.316828],[85.9028601,20.3167686],[85.903091,20.3166466],[85.9032078,20.3165353],[85.9032695,20.3164796],[85.9034083,20.3165865],[85.9035601,20.3168027],[85.9036594,20.3169318],[85.9038364,20.3170616],[85.9038753,20.3171099],[85.9038891,20.317127],[85.9039063,20.3171443]]}},{"type":"Feature","properties":{"id":562011676,"highway":"unclassified"},"geometry":{"type":"LineString","coordinates":[[85.9245409,20.3443172],[85.9243462,20.344381],[85.9239599,20.3444615],[85.9239443,20.3444644],[85.923533,20.3445411],[85.9232448,20.3445625],[85.9230483,20.3445771],[85.9226726,20.344594],[85.9225112,20.344608],[85.9222916,20.3446378],[85.9220262,20.3447275],[85.9217236,20.3450586],[85.921711,20.3450724],[85.92152,20.345493],[85.9213301,20.3456848],[85.92111,20.3458911],[85.9209381,20.3461266],[85.9209233,20.3461541],[85.9208835,20.3462283]]}},{"type":"Feature","properties":{"id":563832209,"highway":"unclassified"},"geometry":{"type":"LineString","coordinates":[[85.9549935,20.3898451],[85.9554119,20.390187],[85.9559376,20.3904183],[85.9564733,20.3907833]]}},{"type":"Feature","properties":{"id":563832210,"highway":"unclassified"},"geometry":{"type":"LineString","coordinates":[[85.9573753,20.386114],[85.9570105,20.3865565],[85.9565277,20.3869789],[85.9560664,20.3872404],[85.9564633,20.387532],[85.956753,20.3877533],[85.9566672,20.3882058],[85.9565599,20.3885478],[85.9562059,20.3887288],[85.9557123,20.3891311],[85.9553797,20.3895132],[85.9549935,20.3898451],[85.9544356,20.3897445],[85.9534485,20.3894529],[85.9527834,20.3891612],[85.9522898,20.3888495],[85.9517742,20.3882653]]}},{"type":"Feature","properties":{"id":563832211,"highway":"unclassified"},"geometry":{"type":"LineString","coordinates":[[85.9530267,20.3848432],[85.9535666,20.3851083],[85.9542317,20.385581],[85.9555192,20.3854905],[85.9567423,20.3855508],[85.9573753,20.386114],[85.958298,20.3861341],[85.95877,20.3864459],[85.9589095,20.3870493],[85.9590383,20.3875823],[85.9591552,20.3878225]]}},{"type":"Feature","properties":{"id":563832212,"highway":"unclassified"},"geometry":{"type":"LineString","coordinates":[[85.9065027,20.4271223],[85.9063858,20.4270933],[85.9058587,20.427273],[85.9057528,20.4273019],[85.9056409,20.4272889],[85.9054859,20.4272441],[85.9052901,20.4270618],[85.9050132,20.4267635],[85.9046195,20.4263719],[85.9044452,20.4261947],[85.9043688,20.4260903],[85.9043225,20.4259793],[85.9042682,20.425002],[85.9042569,20.4247488],[85.9042427,20.4243472],[85.9042963,20.424121],[85.9043695,20.4238477],[85.9045841,20.4226714],[85.904643,20.4223295],[85.9047557,20.421676],[85.9048475,20.4209173],[85.9048985,20.4206283],[85.9049374,20.4204624],[85.9050138,20.4203254],[85.9051822,20.4201314],[85.9053987,20.4198792],[85.9056374,20.4195499],[85.9060754,20.4190115],[85.906542,20.4183001],[85.9067908,20.4178758],[85.9069565,20.4175473],[85.9071502,20.4171179],[85.9075881,20.4162766],[85.9078489,20.4156714],[85.9079154,20.4154559],[85.907975,20.4150982],[85.9079837,20.4147331],[85.9078631,20.4139351],[85.9078851,20.4138011],[85.9079964,20.413698],[85.9082319,20.4135417],[85.9084806,20.4133498],[85.9085476,20.4132656],[85.9086074,20.413142],[85.9087468,20.4124783],[85.9090177,20.4113069],[85.9093423,20.4098891],[85.9097017,20.4082224],[85.9097446,20.4076794],[85.9097339,20.4058393],[85.9096481,20.4042505],[85.9096373,20.402722],[85.9096481,20.4015857],[85.9101201,20.4008416],[85.9106137,20.3996852],[85.9106511,20.3991326],[85.9106566,20.3990516],[85.9107639,20.3980762],[85.9114827,20.3977242],[85.9121693,20.3972616],[85.9132422,20.3973019],[85.9141079,20.3972948],[85.9150769,20.3972013],[85.9159352,20.3970907],[85.916772,20.3969499],[85.9174157,20.3966683],[85.9185423,20.3962158],[85.9193899,20.3957432],[85.919819,20.3954817],[85.9201838,20.3953912],[85.9210636,20.395361],[85.9220613,20.3953711],[85.922587,20.3952303],[85.9230377,20.3946873],[85.9234239,20.3941241],[85.923896,20.3937922],[85.925162,20.3930481],[85.9253489,20.3929525],[85.9258701,20.392686],[85.9263743,20.3927866],[85.9272863,20.3928469],[85.9278871,20.3928469],[85.9290887,20.3927162],[85.9301187,20.3923441],[85.9310736,20.3920223],[85.9311711,20.3920067],[85.9317541,20.3919136],[85.9320177,20.3918715],[85.9335841,20.3914692],[85.935172,20.391077],[85.9362878,20.3907653],[85.9376825,20.3904133],[85.9386267,20.3901417],[85.9395808,20.3898829],[85.9402574,20.3896993],[85.9408153,20.3896087],[85.9420921,20.3897898],[85.9432722,20.3897294],[85.9437336,20.3897093],[85.9445597,20.3899909],[85.945182,20.3900613],[85.9462441,20.3898702],[85.9467484,20.3899104],[85.9472419,20.3897596],[85.9476603,20.3897093],[85.9485723,20.3894378],[85.9492482,20.3891763],[85.9498597,20.3890556],[85.9513189,20.3885427],[85.9517742,20.3882653],[85.9523918,20.3878891],[85.9528853,20.3870543],[85.9529711,20.3864912],[85.9529497,20.3855056],[85.9530267,20.3848432],[85.9530784,20.3843993],[85.9534861,20.3836953],[85.95428,20.3827299],[85.9546234,20.382227],[85.9546877,20.3812012],[85.9548001,20.3806113],[85.9549023,20.3800748],[85.9552027,20.3789282],[85.9555675,20.3775001],[85.9556107,20.377338],[85.9558679,20.3763737],[85.9564794,20.3749153],[85.9568335,20.3742918],[85.9569099,20.3736833],[85.9569408,20.3734369],[85.9570266,20.3728233],[85.9577025,20.3719885],[85.9586681,20.3712945],[85.9594835,20.3706006],[85.959505,20.3703391],[85.960653,20.3698362],[85.9615327,20.369464],[85.9625627,20.369112],[85.9630562,20.3689913],[85.9639467,20.3691522],[85.9655024,20.3696451],[85.9657294,20.3697046]]}},{"type":"Feature","properties":{"id":563863733,"highway":"unclassified"},"geometry":{"type":"LineString","coordinates":[[85.9253511,20.3816399],[85.9253448,20.3819237],[85.9255808,20.3826277],[85.9257632,20.3830904],[85.9261387,20.3832412],[85.9264284,20.3834926],[85.9266751,20.3839251],[85.9268254,20.3842067],[85.9268863,20.3843835]]}},{"type":"Feature","properties":{"id":563882701,"highway":"unclassified"},"geometry":{"type":"LineString","coordinates":[[85.9879409,20.3318271],[85.9882413,20.3319277],[85.9885417,20.3320535]]}},{"type":"Feature","properties":{"id":563882702,"highway":"unclassified"},"geometry":{"type":"LineString","coordinates":[[85.9866051,20.3315253],[85.9863423,20.3315505]]}},{"type":"Feature","properties":{"id":563882703,"highway":"unclassified"},"geometry":{"type":"LineString","coordinates":[[85.9875226,20.3323941],[85.987737,20.3322094],[85.9878658,20.3319831],[85.9879409,20.3318271],[85.9878336,20.3317064],[85.9876887,20.331641],[85.9874152,20.3315655],[85.9872589,20.3315714],[85.9871469,20.3315756],[85.9866051,20.3315253]]}},{"type":"Feature","properties":{"id":585310549,"highway":"residential"},"geometry":{"type":"LineString","coordinates":[[85.9141079,20.3972948],[85.9142259,20.3977649],[85.9143412,20.3980717],[85.9145129,20.3984186],[85.9145907,20.3987127],[85.9141374,20.3988686],[85.913507,20.3989666],[85.9126997,20.3989993],[85.912056,20.3989968],[85.9109911,20.3990496],[85.9106511,20.3991326]]}},{"type":"Feature","properties":{"id":592547659,"highway":"unclassified"},"geometry":{"type":"LineString","coordinates":[[85.9462983,20.3700985],[85.9459563,20.3699418],[85.9448088,20.370707],[85.9445543,20.3702794],[85.9444505,20.3700497],[85.9443059,20.3692785],[85.9442611,20.3688428],[85.9440649,20.3685878],[85.9439444,20.3682425],[85.9430994,20.3680805],[85.942634,20.3679866],[85.9422201,20.3677051],[85.942051,20.3673308],[85.9421035,20.3669127],[85.9421793,20.3665219],[85.9421822,20.3662733],[85.9421268,20.3659317],[85.9419956,20.3655245],[85.9419723,20.3654179],[85.9419723,20.365295],[85.9420073,20.365131],[85.9421297,20.3648659],[85.9422055,20.3646828],[85.9422259,20.3646145],[85.9421705,20.3643413],[85.9419985,20.3637838],[85.9418411,20.3633192],[85.9417566,20.3629995],[85.9415759,20.3624084],[85.9415771,20.3623663],[85.9415879,20.3623368],[85.9416156,20.3622998],[85.9418576,20.3620991],[85.9423658,20.3625486],[85.9425873,20.3627372],[85.9430246,20.3630159],[85.9435055,20.3632291],[85.9439223,20.363352],[85.9444149,20.3634286],[85.9445811,20.3634368],[85.9449192,20.3633056],[85.9451466,20.3632482],[85.9454235,20.3632919],[85.9456567,20.3633411],[85.9457703,20.3633411],[85.9459892,20.3632538],[85.9461957,20.3631377],[85.9463748,20.3629827],[85.9466054,20.3626213],[85.94675,20.3624018],[85.9468154,20.3623341],[85.9469703,20.3622631],[85.9472767,20.3626116],[85.9475211,20.3629053],[85.9477242,20.3629537],[85.9478481,20.3630021],[85.9479548,20.363086],[85.9481097,20.3632248],[85.9482509,20.3633958],[85.9486708,20.3633377],[85.9488326,20.3635346],[85.9492285,20.3637831],[85.9495855,20.3642602]]}},{"type":"Feature","properties":{"id":592547663,"highway":"unclassified"},"geometry":{"type":"LineString","coordinates":[[85.9323081,20.3816072],[85.9320308,20.3811238]]}},{"type":"Feature","properties":{"id":592547664,"highway":"residential"},"geometry":{"type":"LineString","coordinates":[[85.9072517,20.3480072],[85.9067918,20.3474869],[85.9065357,20.3475632],[85.9057829,20.3468707],[85.9056779,20.3467741],[85.9054909,20.3468465],[85.9053038,20.3467551],[85.9051819,20.3467284],[85.9047556,20.3463579]]}},{"type":"Feature","properties":{"id":592550984,"highway":"unclassified"},"geometry":{"type":"LineString","coordinates":[[85.9242496,20.3424136],[85.9249289,20.3425381],[85.9259564,20.342358],[85.9266043,20.3422428]]}},{"type":"Feature","properties":{"id":592552176,"highway":"unclassified"},"geometry":{"type":"LineString","coordinates":[[85.9596303,20.3616697],[85.959629,20.3604152],[85.9597311,20.3602185],[85.9599919,20.3597826],[85.9600107,20.3596694],[85.9600089,20.3594052],[85.9600486,20.3590915],[85.9602414,20.3584802],[85.9603094,20.3582409],[85.9605306,20.3575445],[85.9608311,20.3566195],[85.9609048,20.3558859],[85.9609151,20.3555965]]}},{"type":"Feature","properties":{"id":592552177,"highway":"unclassified"},"geometry":{"type":"LineString","coordinates":[[85.9569888,20.3579296],[85.9570113,20.357945],[85.9575539,20.3581606],[85.9579958,20.3583992],[85.9581699,20.3585373],[85.9583573,20.358788],[85.9587942,20.3590131],[85.9593782,20.3591472],[85.9596448,20.359252],[85.9598769,20.3594654],[85.9599919,20.3597826],[85.9601794,20.3600236],[85.960381,20.3603747],[85.9605923,20.3607888],[85.960842,20.3612075],[85.9608516,20.3613425],[85.9608227,20.3617172]]}},{"type":"Feature","properties":{"id":592552178,"highway":"unclassified"},"geometry":{"type":"LineString","coordinates":[[85.9705986,20.3636605],[85.9705801,20.3633452],[85.9705079,20.3632677],[85.9704975,20.3629902],[85.9706387,20.3629579],[85.9706731,20.3622866],[85.9714339,20.3623189],[85.9716783,20.3622899],[85.9718848,20.362193],[85.9723977,20.3621253],[85.9725251,20.3624545],[85.9727004,20.3626903]]}},{"type":"Feature","properties":{"id":592552179,"highway":"unclassified"},"geometry":{"type":"LineString","coordinates":[[85.9717573,20.3636605],[85.9713906,20.3640802],[85.9706278,20.364172],[85.9701547,20.3642289],[85.9691871,20.3643661],[85.9690123,20.3643242],[85.9681526,20.363412]]}},{"type":"Feature","properties":{"id":592552180,"highway":"unclassified"},"geometry":{"type":"LineString","coordinates":[[85.9705548,20.363652],[85.9706278,20.364172]]}},{"type":"Feature","properties":{"id":592552181,"highway":"unclassified"},"geometry":{"type":"LineString","coordinates":[[85.9742866,20.3626052],[85.974546,20.3624857],[85.9755893,20.3624432],[85.9759069,20.3623475],[85.9764853,20.3620286],[85.9772791,20.3615182],[85.9778008,20.3612524],[85.9780559,20.3611248],[85.9784358,20.3609601],[85.9788498,20.3608006],[85.979275,20.360657],[85.9800349,20.3605188],[85.9806869,20.3604019],[85.9814864,20.3603912],[85.9822122,20.3604125],[85.9830118,20.3604072],[85.9837607,20.3604035],[85.9844953,20.360273],[85.9854555,20.3601109],[85.986531,20.3599894],[85.987837,20.3598183],[85.9890229,20.3597013],[85.9902616,20.3595573],[85.9911787,20.3593187],[85.992211,20.3591206],[85.992966,20.3589193],[85.993224,20.3588505],[85.9939346,20.3586075],[85.9948613,20.3583734],[85.9955863,20.3581798],[85.9963833,20.3579638],[85.9967146,20.3579052],[85.9969114,20.3578692],[85.9971611,20.3578737],[85.9974252,20.3579188],[85.9982942,20.3582744],[85.9993601,20.358711],[86.0007765,20.3593142],[86.002068,20.3598318],[86.002793,20.3601199],[86.0033836,20.3603585],[86.0047567,20.360498],[86.0059474,20.3606556]]}},{"type":"Feature","properties":{"id":592552182,"highway":"unclassified"},"geometry":{"type":"LineString","coordinates":[[85.9925535,20.3563662],[85.9926812,20.3568679],[85.9928397,20.3570052],[85.9929414,20.3573711],[85.9933845,20.3573673],[85.9934536,20.3577141],[85.9933195,20.3579504],[85.9927666,20.3581143],[85.9927869,20.3583163],[85.992966,20.3589193]]}},{"type":"Feature","properties":{"id":594262197,"highway":"primary"},"geometry":{"type":"LineString","coordinates":[[85.8925778,20.3600751],[85.8925942,20.3600415],[85.8928473,20.3595502],[85.8932242,20.3588543],[85.8934575,20.3584494],[85.8936474,20.358169],[85.8937325,20.3580433],[85.8940304,20.357613],[85.8940999,20.3575127],[85.8945358,20.356928],[85.8949341,20.3563647],[85.8950275,20.3562336],[85.895059,20.3561921],[85.8954236,20.3557122],[85.8959165,20.3550712],[85.8963409,20.3546082],[85.8967929,20.3541254],[85.8973521,20.3535847],[85.8978711,20.3530805],[85.898602,20.3523839],[85.8992511,20.3517665],[85.8999353,20.3511003],[85.9000866,20.350953],[85.9007652,20.3502841],[85.9012185,20.3498528],[85.9015043,20.349571],[85.901818,20.3492731],[85.9024161,20.3486884],[85.9032436,20.3478736],[85.9039369,20.347177],[85.9045592,20.3465496],[85.9047556,20.3463579],[85.9051306,20.3459812],[85.90551,20.3456002],[85.9062932,20.3448042],[85.9068002,20.3442686],[85.906862,20.3442035],[85.9074116,20.3436251],[85.907468,20.3435657],[85.9076128,20.3434086],[85.9082801,20.3426845],[85.908372,20.3425848],[85.908623,20.3423107],[85.9092933,20.3415789],[85.9093484,20.3415193],[85.9097304,20.3411059],[85.9100497,20.3407603],[85.910186,20.3406123],[85.9103577,20.3404258],[85.9108892,20.3398486],[85.9111199,20.3396024],[85.9119272,20.3387407],[85.9123486,20.3382892],[85.9124308,20.3382006],[85.9125094,20.3381154],[85.9125325,20.33804]]}},{"type":"Feature","properties":{"id":594430895,"highway":"unclassified"},"geometry":{"type":"LineString","coordinates":[[85.9143769,20.3868958],[85.9145625,20.3867431],[85.914841,20.3866576],[85.9149468,20.3866349],[85.9150715,20.3866081],[85.9153548,20.3866036],[85.915662,20.3866036],[85.9158781,20.3865991],[85.9160269,20.3865991],[85.9162574,20.3866486],[85.9164062,20.3866621],[85.9169008,20.3867386],[85.9170832,20.3867521],[85.9172609,20.3867971],[85.9174529,20.3868241],[85.9175874,20.3868421]]}},{"type":"Feature","properties":{"id":594430897,"highway":"unclassified"},"geometry":{"type":"LineString","coordinates":[[85.9149468,20.3866349],[85.9148547,20.3861479],[85.9145862,20.3857607],[85.9144898,20.3852767],[85.9144588,20.385025],[85.9145035,20.3848217],[85.9143587,20.3846001]]}},{"type":"Feature","properties":{"id":594430899,"highway":"unclassified"},"geometry":{"type":"LineString","coordinates":[[85.9144133,20.3845667],[85.9143039,20.3842635],[85.9140457,20.3836149],[85.9138667,20.3831502],[85.9137531,20.3829404],[85.9134811,20.38245],[85.9132264,20.381882],[85.9131197,20.3813657],[85.913099,20.3811076],[85.9129958,20.3809172],[85.912803,20.3806074],[85.912803,20.3805074],[85.9127995,20.3803428]]}},{"type":"Feature","properties":{"id":594430901,"highway":"tertiary"},"geometry":{"type":"LineString","coordinates":[[86.0024426,20.3821873],[86.0029753,20.3816692],[86.0038155,20.3810166],[86.0041804,20.3807285],[86.0046845,20.3801029],[86.0053471,20.3794773],[86.005592,20.3792703],[86.0057696,20.3788517],[86.0056064,20.3786267],[86.0050974,20.3782261],[86.0048766,20.3780371],[86.0043196,20.3771234],[86.0038587,20.3762862],[86.0032105,20.375116],[86.00274,20.3743599],[86.0024711,20.3739908],[86.0022551,20.3738738],[86.0018277,20.3730951],[86.0012852,20.3720509],[86.0010259,20.3715603],[86.0007331,20.3713802],[86.0000177,20.3711687],[85.9991006,20.3709661],[85.9980155,20.3708221],[85.9976938,20.3707501],[85.9969592,20.3703945],[85.9966879,20.3702075],[85.9964695,20.3700569],[85.9960422,20.3694673],[85.9955621,20.3692197],[85.9949379,20.3686571],[85.9949331,20.3685176],[85.9948851,20.3680945],[85.9947603,20.3677479],[85.9946018,20.3673788],[85.9941025,20.3668747],[85.9936319,20.366375],[85.9931422,20.366069],[85.9924124,20.3656729],[85.9917738,20.3653353],[85.990756,20.3655108],[85.9895124,20.3656819],[85.9886482,20.3659384],[85.9874911,20.3664741],[85.987275,20.3665776],[85.987011,20.3669107],[85.9866653,20.3670052],[85.9859499,20.3671537],[85.9852729,20.3673923],[85.984716,20.3676804],[85.984087,20.3679504],[85.9835396,20.368162],[85.9826898,20.3686481],[85.9819204,20.3689759],[85.9811618,20.3692505],[85.9806655,20.369417]]}},{"type":"Feature","properties":{"id":594430906,"highway":"tertiary"},"geometry":{"type":"LineString","coordinates":[[85.965878,20.3786718],[85.9658613,20.3785904],[85.9657475,20.3782855],[85.9656702,20.3780607],[85.9656377,20.3774928],[85.9656336,20.3765743],[85.9656499,20.3758198],[85.9656743,20.3749241],[85.9657027,20.3738837],[85.9657027,20.3729424],[85.9657515,20.3719248],[85.9657434,20.3707967],[85.9657294,20.3697046]]}},{"type":"Feature","properties":{"id":594430908,"highway":"unclassified"},"geometry":{"type":"LineString","coordinates":[[85.9548001,20.3806113],[85.9553934,20.380424],[85.9562288,20.3800459],[85.9567578,20.3797686],[85.9578324,20.3791863],[85.9584854,20.3787632],[85.959292,20.3783086],[85.9592776,20.377737],[85.959076,20.3765668],[85.9588839,20.3756036],[85.9587111,20.3750275],[85.9584662,20.3744109],[85.9581973,20.3736322],[85.9574723,20.3736818],[85.9569099,20.3736833]]}},{"type":"Feature","properties":{"id":599288588,"highway":"unclassified"},"geometry":{"type":"LineString","coordinates":[[85.9875226,20.3323941],[85.9873905,20.3322565],[85.9873637,20.332098],[85.9873074,20.3318893],[85.9872589,20.3315714]]}},{"type":"Feature","properties":{"id":749341570,"highway":"tertiary"},"geometry":{"type":"LineString","coordinates":[[85.9657294,20.3697046],[85.9665002,20.3699066],[85.967455,20.370158],[85.9683455,20.3703491],[85.9692789,20.3702184],[85.9696323,20.3700982],[85.9700192,20.3699166],[85.9706415,20.3695646],[85.971017,20.3695143],[85.9713945,20.3696405],[85.9715742,20.3696506],[85.9717083,20.3696129],[85.9729153,20.3691854],[85.9732854,20.36911],[85.9736288,20.36911],[85.974123,20.3691724],[85.974721,20.3692099]]}},{"type":"Feature","properties":{"id":749341571,"highway":"tertiary"},"geometry":{"type":"LineString","coordinates":[[85.9806655,20.369417],[85.9797606,20.3692579],[85.978961,20.3690999],[85.9781885,20.3690396],[85.9772766,20.3689893],[85.9761715,20.3690999],[85.9759239,20.3691226],[85.9751308,20.3691955],[85.974721,20.3692099],[85.974697,20.3689712]]}},{"type":"Feature","properties":{"id":749341572,"highway":"tertiary"},"geometry":{"type":"LineString","coordinates":[[85.9743322,20.362891],[85.9742866,20.3626052],[85.9742457,20.3620089],[85.9741276,20.3606359],[85.9741545,20.36048],[85.9742829,20.3602536]]}},{"type":"Feature","properties":{"id":749341573,"highway":"unclassified"},"geometry":{"type":"LineString","coordinates":[[85.9770405,20.3833162],[85.9770995,20.3828837],[85.9771424,20.3825116],[85.9774053,20.3813601],[85.9774268,20.3811941],[85.9773731,20.3811288],[85.9764612,20.3807013],[85.9754741,20.3803493],[85.9752327,20.3802337],[85.9751308,20.3800878],[85.9750825,20.3796302],[85.9749913,20.3795246],[85.974589,20.3792581],[85.9744763,20.3791223],[85.9742671,20.3789061],[85.9739506,20.3787351],[85.9738702,20.3785994],[85.9737039,20.3770555],[85.9731299,20.3741137],[85.9731084,20.37346],[85.9730333,20.3726956],[85.9726524,20.3713277],[85.9724754,20.3704778],[85.9729689,20.3703119],[85.9736878,20.36998],[85.9744656,20.3695626],[85.9749538,20.3693664],[85.9755599,20.3692156],[85.9759239,20.3691226]]}},{"type":"Feature","properties":{"id":749341574,"highway":"tertiary"},"geometry":{"type":"LineString","coordinates":[[85.9770405,20.3833162],[85.9772122,20.3834721],[85.9770512,20.3839649],[85.976783,20.3844174],[85.9765577,20.3847242],[85.9764612,20.3850661],[85.9763539,20.3851516],[85.9759784,20.385232],[85.975796,20.3853779],[85.9756696,20.385763],[85.9755339,20.3867642],[85.97552,20.3878306],[85.9754712,20.3882546],[85.9754921,20.3883785],[85.9755408,20.3884633],[85.9757078,20.3885285],[85.9759201,20.3884894],[85.9761601,20.3884111],[85.9776144,20.3878632],[85.9786095,20.3875241],[85.9789574,20.3873447],[85.9792357,20.3871295],[85.9799385,20.3867675],[85.9807596,20.3865196],[85.9809962,20.3864185],[85.9812397,20.3862196],[85.9815285,20.3859652],[85.9820504,20.385613],[85.9837521,20.3844144],[85.9847015,20.3837442],[85.9849451,20.3834768],[85.9853521,20.3829746],[85.9857348,20.3825408],[85.9858879,20.3822212],[85.9861906,20.3818918],[85.9872135,20.3810406],[85.9876136,20.3806199],[85.988159,20.3799619]]}},{"type":"Feature","properties":{"id":749341581,"highway":"tertiary"},"geometry":{"type":"LineString","coordinates":[[85.974697,20.3689712],[85.9743322,20.362891]]}},{"type":"Feature","properties":{"id":749341582,"highway":"unclassified"},"geometry":{"type":"LineString","coordinates":[[85.9742866,20.3626052],[85.9738816,20.3625943],[85.973034,20.3625641],[85.9727004,20.3626903],[85.9723796,20.3629061],[85.9719826,20.363399],[85.9717573,20.3636605],[85.9713335,20.3635649],[85.971017,20.3636052],[85.9705986,20.3636605],[85.9705548,20.363652],[85.9703143,20.3636052],[85.9700668,20.3635378]]}},{"type":"Feature","properties":{"id":749341583,"highway":"unclassified"},"geometry":{"type":"LineString","coordinates":[[85.9609795,20.3851415],[85.960679,20.3844677],[85.9604216,20.3840353],[85.9601104,20.3836129],[85.9599066,20.383281],[85.9597671,20.3828485],[85.959295,20.3825468],[85.9589624,20.3822552],[85.9586406,20.3819032],[85.9583616,20.3815109],[85.9578359,20.3812092],[85.9575677,20.3808472],[85.9571922,20.380475],[85.9568918,20.3800828],[85.9567737,20.3798012],[85.9567578,20.3797686],[85.9565484,20.3793386],[85.9563231,20.3788659],[85.9559591,20.3779275],[85.9558303,20.3775454],[85.9556107,20.377338]]}},{"type":"Feature","properties":{"id":749341584,"highway":"unclassified"},"geometry":{"type":"LineString","coordinates":[[85.9311711,20.3920067],[85.9312208,20.3924827],[85.931194,20.392719],[85.9311403,20.3929302],[85.9310706,20.393242],[85.9311725,20.3935738],[85.9316446,20.393599],[85.9319665,20.3941269],[85.9322347,20.394504],[85.9324761,20.3949566],[85.9327229,20.3954644],[85.9330823,20.396113],[85.9333237,20.3965656],[85.9336616,20.3971337],[85.9340371,20.3977974],[85.9341766,20.3981192],[85.9345092,20.3986019],[85.9347882,20.3992153],[85.9351154,20.3998589],[85.9353514,20.4002813],[85.935684,20.4008997],[85.9358557,20.4012265],[85.9359171,20.4013561],[85.935963,20.4014528],[85.9361668,20.4018852],[85.936376,20.402398],[85.936258,20.4027198],[85.9361507,20.403107],[85.9361376,20.4031917]]}},{"type":"Feature","properties":{"id":864966792,"highway":"residential"},"geometry":{"type":"LineString","coordinates":[[85.9266231,20.3122267],[85.9265379,20.3124432],[85.9265029,20.3125579],[85.9264752,20.3126693],[85.9264653,20.3127993],[85.9264514,20.3132189],[85.9264181,20.3138459],[85.9263818,20.3145722],[85.9263604,20.3151762],[85.9263232,20.3159604],[85.9263312,20.3161448],[85.9263498,20.3162419],[85.9263843,20.3163615],[85.9266063,20.3170035],[85.9268755,20.3177841],[85.9269951,20.3181403],[85.9270333,20.3182993],[85.9270546,20.3184463],[85.9270572,20.3185883],[85.9270732,20.3189968],[85.9270438,20.3200337],[85.9270111,20.3211912],[85.9269888,20.3220284],[85.9269888,20.3221165],[85.9269934,20.3221423],[85.9270141,20.3221767],[85.9270657,20.3222422]]}},{"type":"Feature","properties":{"id":864966793,"highway":"residential"},"geometry":{"type":"LineString","coordinates":[[85.9286301,20.3238444],[85.9289581,20.3235154],[85.9289947,20.3234724],[85.9290085,20.3234444],[85.9290177,20.3233971],[85.9290314,20.3233541],[85.9290544,20.3233046],[85.9290773,20.3232724],[85.9293181,20.3230745],[85.929452,20.3229883],[85.9294718,20.3229756],[85.9296162,20.3228982],[85.9297118,20.3228198],[85.9297325,20.3227919],[85.929737,20.322766],[85.9297256,20.3227359],[85.929627,20.3226392],[85.929565,20.322551],[85.9295582,20.3225187],[85.929565,20.3224972],[85.9295857,20.3224736],[85.9298186,20.3222349],[85.930094,20.3219569],[85.930264,20.321775],[85.9304606,20.3216106],[85.9309465,20.3211877],[85.9312609,20.3209143],[85.9319479,20.3203013]]}},{"type":"Feature","properties":{"id":864966796,"highway":"residential"},"geometry":{"type":"LineString","coordinates":[[85.9367949,20.311021],[85.93688,20.3111044]]}},{"type":"Feature","properties":{"id":864966797,"highway":"residential"},"geometry":{"type":"LineString","coordinates":[[85.9412441,20.3084829],[85.9412074,20.3085866],[85.941157,20.3086727],[85.940897,20.3091152],[85.9408841,20.3091372],[85.940735,20.3094641],[85.9405373,20.3098481],[85.9405344,20.3098537],[85.940295,20.3102842],[85.9401096,20.3106835],[85.9400581,20.3107559],[85.9399209,20.3109007],[85.9399115,20.3109272],[85.9399066,20.3109409],[85.9399066,20.3109731],[85.9399657,20.3112366]]}},{"type":"Feature","properties":{"id":864966798,"highway":"residential"},"geometry":{"type":"LineString","coordinates":[[85.9386758,20.3123645],[85.9387571,20.312228],[85.9388262,20.3121134],[85.9388714,20.3120611],[85.9389139,20.3120212],[85.9390865,20.3119166],[85.9392964,20.3117895],[85.9393708,20.3117297],[85.9394876,20.3116002],[85.9396278,20.3114809],[85.9399168,20.3112659],[85.9399657,20.3112366],[85.9400984,20.3111571],[85.9402401,20.3110723],[85.940775,20.3107469],[85.9410602,20.3105739],[85.9412711,20.310446],[85.9416897,20.3101849],[85.9417212,20.3101554],[85.9417269,20.3101286],[85.9417126,20.3100965],[85.9415125,20.3099007],[85.9412613,20.3096333],[85.9410812,20.3093974],[85.940897,20.3091152]]}},{"type":"Feature","properties":{"id":864966799,"highway":"residential"},"geometry":{"type":"LineString","coordinates":[[85.9446011,20.3074226],[85.944202,20.3077956],[85.9441772,20.3078193],[85.9438833,20.3080986],[85.9438733,20.308112],[85.9438714,20.3081298],[85.9440166,20.308398],[85.944087,20.3085445],[85.9442797,20.3089701],[85.9442862,20.3089876],[85.9442955,20.3090042]]}},{"type":"Feature","properties":{"id":864966801,"highway":"residential"},"geometry":{"type":"LineString","coordinates":[[85.9397989,20.3070652],[85.9397578,20.3070146]]}},{"type":"Feature","properties":{"id":864966802,"highway":"residential"},"geometry":{"type":"LineString","coordinates":[[85.9323637,20.3058554],[85.9326493,20.3056263],[85.9327081,20.3055889],[85.932732,20.3055737],[85.9327851,20.3055571],[85.9329858,20.3055294],[85.9330625,20.3055045],[85.9331894,20.3054353],[85.933399,20.3052498],[85.9338122,20.3048789],[85.9338586,20.3048345],[85.9338728,20.3048056],[85.9338751,20.3047612],[85.9338664,20.3046684],[85.9338745,20.3046424],[85.9338941,20.3045969],[85.9339066,20.3045621],[85.9339166,20.3044634],[85.9339201,20.3044459],[85.933939,20.304417],[85.9340361,20.304306],[85.934074,20.3042949],[85.9341166,20.3042971],[85.9343486,20.304397],[85.9343763,20.3043944],[85.9344092,20.3043738],[85.9347909,20.3040737],[85.9348178,20.3040703],[85.934837,20.3040832],[85.9350674,20.3043584],[85.9353718,20.3046593],[85.9354941,20.304788],[85.9356405,20.3049422],[85.9359615,20.3053302],[85.9361239,20.3055046],[85.9361908,20.3055764],[85.9363717,20.3057365],[85.9365636,20.30588],[85.9365848,20.3058883],[85.9366068,20.3058809],[85.9369465,20.3055406],[85.9369696,20.3055175],[85.9369981,20.3055017],[85.9370239,20.3054874],[85.9370708,20.3054689],[85.9371374,20.3054573],[85.9371794,20.3054597],[85.9372287,20.3054828],[85.937979,20.3059527],[85.9379981,20.3059666],[85.9381765,20.3060962],[85.9382283,20.3061379],[85.9382671,20.3061935]]}},{"type":"Feature","properties":{"id":864991423,"highway":"residential"},"geometry":{"type":"LineString","coordinates":[[85.9329823,20.3064607],[85.9323637,20.3058554],[85.9323351,20.3058274],[85.9320897,20.3056193],[85.9320079,20.3055733],[85.9319793,20.3055676],[85.9319527,20.3055733],[85.9319221,20.3055944],[85.931685,20.3060602],[85.9316584,20.3060852],[85.9316216,20.3061005],[85.9315521,20.3061005],[85.9314438,20.3060737],[85.9313477,20.3060315],[85.9313109,20.3060257],[85.9312741,20.3060315],[85.9312003,20.306088],[85.9307232,20.3063606],[85.9302405,20.3065869],[85.9298895,20.3067181],[85.9296196,20.3068008]]}},{"type":"Feature","properties":{"id":864991424,"highway":"residential"},"geometry":{"type":"LineString","coordinates":[[85.9354941,20.304788],[85.9357213,20.3045825],[85.9357393,20.3045511],[85.9357471,20.3045125],[85.9357316,20.3044305],[85.9356056,20.3041409],[85.935603,20.3041023],[85.9356107,20.3040661],[85.9356269,20.3040478],[85.935829,20.3039027],[85.9358539,20.3038917],[85.9358774,20.3038997],[85.9361579,20.3041875],[85.9361961,20.3042377],[85.9362114,20.3042831],[85.9362114,20.3043189],[85.9361808,20.3043906],[85.9361833,20.3044169],[85.9362012,20.3044504],[85.9364748,20.3049615],[85.9365434,20.3050644],[85.936612,20.3051415],[85.9369981,20.3055017]]}},{"type":"Feature","properties":{"id":864991426,"highway":"residential"},"geometry":{"type":"LineString","coordinates":[[85.9290861,20.3105598],[85.9275213,20.309875],[85.9274971,20.3098727],[85.9274702,20.3098852],[85.9271085,20.3108656],[85.9266798,20.3120339],[85.9266231,20.3122267]]}},{"type":"Feature","properties":{"id":864991427,"highway":"residential"},"geometry":{"type":"LineString","coordinates":[[85.9316584,20.3060852],[85.9317951,20.306143],[85.9319689,20.3062358],[85.9320899,20.3062894],[85.9321936,20.3063344],[85.9322525,20.30637],[85.9322753,20.3063932],[85.9322943,20.3064377],[85.9323266,20.3067441],[85.9323399,20.3067922],[85.9323608,20.3068207],[85.9323931,20.3068492],[85.9325203,20.3069329],[85.9325317,20.3069525],[85.9325317,20.3069774],[85.9325241,20.3069988],[85.9325064,20.3070273],[85.9318916,20.3077488],[85.9315352,20.3081388],[85.9310721,20.3086568],[85.9309557,20.3087768]]}},{"type":"Feature","properties":{"id":864991428,"highway":"residential"},"geometry":{"type":"LineString","coordinates":[[85.9335558,20.3098286],[85.9334278,20.3101685],[85.9334183,20.3101769],[85.9334022,20.3101737],[85.9332067,20.310092],[85.9331188,20.3100536],[85.9330575,20.3100191],[85.9330166,20.309977],[85.9329848,20.3099403],[85.9329469,20.3099091],[85.9328725,20.3098521],[85.9328451,20.3098337],[85.9326414,20.3097293],[85.9326274,20.30972],[85.9323195,20.3095162],[85.9320511,20.3093669],[85.9317927,20.3092154],[85.9317731,20.3092039],[85.9313316,20.308949],[85.9311435,20.3088589],[85.93107,20.3088301],[85.9310127,20.308811],[85.9309636,20.3088065]]}},{"type":"Feature","properties":{"id":864991429,"highway":"residential"},"geometry":{"type":"LineString","coordinates":[[85.9328326,20.315647],[85.9323865,20.3153248],[85.9323252,20.3152864],[85.9322884,20.3152749],[85.9322495,20.3152692],[85.932198,20.315282],[85.931571,20.3155337],[85.9315358,20.3155543],[85.931527,20.3155811],[85.931527,20.3156121],[85.93156,20.315773],[85.93156,20.3158927],[85.9315617,20.3161182],[85.9315546,20.3161471],[85.9315333,20.3161604],[85.9308011,20.3164051]]}},{"type":"Feature","properties":{"id":864991430,"highway":"residential"},"geometry":{"type":"LineString","coordinates":[[85.9305791,20.3149183],[85.9308883,20.3148023],[85.9309167,20.3148046],[85.9309357,20.3148179],[85.9310209,20.3149333],[85.931099,20.3150999],[85.9312754,20.3154535],[85.9313055,20.3154973],[85.9313392,20.3155327],[85.9313551,20.3155443],[85.931378,20.3155509],[85.9315358,20.3155543]]}},{"type":"Feature","properties":{"id":864991432,"highway":"residential"},"geometry":{"type":"LineString","coordinates":[[85.9292931,20.3139297],[85.9290191,20.3142037],[85.9288116,20.3144021],[85.9286616,20.3145456],[85.9284177,20.3148276],[85.9283684,20.3148759],[85.9283254,20.3149027],[85.928168,20.3149641],[85.9281374,20.3149775],[85.9280985,20.3150062],[85.9280209,20.3151217],[85.9280045,20.3151462],[85.9279688,20.3152103],[85.927933,20.3152746],[85.927834,20.3153907],[85.9276888,20.3155475],[85.9276668,20.3155929],[85.9276646,20.3156259],[85.9276712,20.3156671],[85.927782,20.3158985],[85.9278076,20.3159518],[85.9278178,20.3159743],[85.9279313,20.3162258],[85.9279505,20.3163235],[85.9279862,20.316465],[85.928063,20.3166579],[85.9281321,20.3168139],[85.9281452,20.3168323],[85.9281633,20.31684],[85.9282931,20.3168372],[85.9283092,20.3168369],[85.9283369,20.3168348],[85.9284535,20.3168262],[85.928506,20.3168262],[85.9285486,20.3168354],[85.9286796,20.31687],[85.9287053,20.3168768],[85.9287175,20.31688],[85.9287798,20.3168892],[85.9288257,20.3168892],[85.9289717,20.3168784],[85.9290044,20.3168738],[85.9290389,20.3168646],[85.9293012,20.3167877]]}},{"type":"Feature","properties":{"id":864991433,"highway":"residential"},"geometry":{"type":"LineString","coordinates":[[85.927782,20.3158985],[85.9274837,20.316048],[85.9273598,20.3161101],[85.9273132,20.3161334],[85.9269794,20.3163154],[85.9269534,20.3163398],[85.9269463,20.3163754],[85.9269534,20.3164264],[85.926996,20.3166085],[85.9270268,20.3166773],[85.9272138,20.3170881],[85.9273147,20.3173166],[85.9273338,20.3173522],[85.9273584,20.3173807],[85.9273926,20.3173985],[85.9274268,20.3173985],[85.9276681,20.3173388],[85.9277422,20.3173201],[85.9280927,20.3172319],[85.928158,20.3172037],[85.9282286,20.3171557],[85.9283822,20.3170449],[85.9283974,20.3170367],[85.9284651,20.3170002],[85.9287053,20.3168768]]}},{"type":"Feature","properties":{"id":864991434,"highway":"residential"},"geometry":{"type":"LineString","coordinates":[[85.9282931,20.3168372],[85.9282328,20.3166108],[85.9282341,20.3165948],[85.928242,20.3165787],[85.9282591,20.3165664],[85.9285629,20.3164936],[85.9285787,20.3164973],[85.9285958,20.3165158],[85.928617,20.3165184],[85.9286332,20.3165144],[85.9289584,20.3164347],[85.9291521,20.3163917],[85.9291877,20.3163845],[85.9292107,20.3163439],[85.9293279,20.316148],[85.9293712,20.3160835],[85.9293809,20.3160457],[85.929389,20.3160142],[85.9294043,20.3159162],[85.9294322,20.3158499],[85.9294476,20.3158134],[85.9294683,20.3157419],[85.9294766,20.3155097],[85.9294577,20.3152411],[85.9294493,20.3152241],[85.9294435,20.3152122],[85.9294269,20.3151966],[85.9293937,20.3151944],[85.9292326,20.3152311],[85.9292091,20.3152312],[85.9291962,20.3152134],[85.9290907,20.3149968],[85.9288116,20.3144021]]}},{"type":"Feature","properties":{"id":864991435,"highway":"residential"},"geometry":{"type":"LineString","coordinates":[[85.9322661,20.3188389],[85.9324511,20.3186686],[85.932726,20.3184293],[85.932924,20.318258],[85.9330054,20.3182044],[85.9331418,20.318126],[85.9333134,20.3180187],[85.933397,20.3179507],[85.9335726,20.3177853],[85.9335988,20.3177437],[85.9336054,20.3177084],[85.9336152,20.3176469],[85.9336267,20.3176238],[85.9336414,20.3176084],[85.9337825,20.3175162],[85.9338021,20.3175131],[85.9338218,20.3175162],[85.9338677,20.3175469],[85.9338858,20.3175439],[85.9339005,20.3175362],[85.9340546,20.3174408],[85.9346412,20.3170828],[85.9350302,20.3168441]]}},{"type":"Feature","properties":{"id":864991436,"highway":"residential"},"geometry":{"type":"LineString","coordinates":[[85.9366312,20.3150974],[85.9369187,20.3153938],[85.9371294,20.3155781],[85.9373969,20.315789],[85.9376408,20.3159822]]}},{"type":"Feature","properties":{"id":864991437,"highway":"residential"},"geometry":{"type":"LineString","coordinates":[[85.9398754,20.3159651],[85.9396808,20.3160701],[85.939443,20.3162161],[85.9392419,20.31637],[85.9389666,20.3165752],[85.9388201,20.316706],[85.9387848,20.3167672],[85.9387442,20.3168334],[85.9387036,20.3168814],[85.938656,20.3169195],[85.9384442,20.317075],[85.9382852,20.3171872],[85.9381997,20.317262],[85.9381541,20.3173386],[85.9381237,20.3173778],[85.9380934,20.3174116],[85.9380231,20.3174544],[85.9378178,20.317557],[85.9377069,20.3176124],[85.9375111,20.3177795],[85.937243,20.3179647],[85.937057,20.3180699],[85.9369525,20.318132],[85.936871,20.3182108],[85.936741,20.3183327],[85.936657,20.3183877],[85.9361989,20.3186802]]}},{"type":"Feature","properties":{"id":864994218,"highway":"residential"},"geometry":{"type":"LineString","coordinates":[[85.9273598,20.3161101],[85.9275123,20.3164741],[85.9275788,20.3166594],[85.9277422,20.3173201]]}},{"type":"Feature","properties":{"id":864994219,"highway":"residential"},"geometry":{"type":"LineString","coordinates":[[85.9291877,20.3163845],[85.9292504,20.316652],[85.9292808,20.3167446],[85.9293012,20.3167877],[85.9293511,20.316839],[85.9293689,20.3168686],[85.9293833,20.3168924],[85.9293928,20.3169423],[85.9293947,20.3171347],[85.9294278,20.3176019],[85.9294514,20.3178205],[85.9294678,20.3178626],[85.9295025,20.3179144],[85.9298589,20.3182623]]}},{"type":"Feature","properties":{"id":864994220,"highway":"residential"},"geometry":{"type":"LineString","coordinates":[[85.9274268,20.3173985],[85.9276116,20.3180486],[85.927627,20.3180734],[85.9276512,20.3180899],[85.9277942,20.3181188],[85.9278338,20.3181208],[85.9278668,20.3181146],[85.9280032,20.3180796],[85.9280538,20.3180754],[85.9282694,20.3180713],[85.928309,20.3180569],[85.9283376,20.3180362],[85.928353,20.3180115],[85.928386,20.3178217],[85.9284058,20.3177804],[85.9284322,20.3177474],[85.9284586,20.3177433],[85.9286587,20.3177557],[85.9287027,20.317766],[85.9287291,20.3177887],[85.9287687,20.3178258],[85.9287929,20.3178403],[85.9288782,20.3178494],[85.9290441,20.3178941],[85.9291253,20.3179256],[85.9291623,20.317952],[85.9292665,20.3180662],[85.9292947,20.318106],[85.929397,20.3183178],[85.9295191,20.3185028],[85.9295869,20.3185988]]}},{"type":"Feature","properties":{"id":864994222,"highway":"residential"},"geometry":{"type":"LineString","coordinates":[[85.9309304,20.320436],[85.9313371,20.3201235],[85.9315906,20.3199433],[85.9316183,20.3199271],[85.9317672,20.319857]]}},{"type":"Feature","properties":{"id":864994223,"highway":"residential"},"geometry":{"type":"LineString","coordinates":[[85.9371357,20.3189188],[85.9369754,20.3190753],[85.9369593,20.3190959],[85.9369504,20.3191207],[85.9369363,20.3191819],[85.9369169,20.3192034],[85.9368851,20.3192266],[85.9366081,20.319402],[85.9365781,20.319407],[85.9365446,20.319402],[85.9365216,20.3193871],[85.9362683,20.3191054]]}},{"type":"Feature","properties":{"id":864994224,"highway":"residential"},"geometry":{"type":"LineString","coordinates":[[85.930445,20.3144179],[85.9306093,20.3143487],[85.9307632,20.3142732],[85.9309478,20.314191],[85.9310118,20.3141711],[85.9311017,20.3141644],[85.9315563,20.3141133],[85.9316534,20.3141267],[85.9319919,20.3141489],[85.9322547,20.3141888],[85.9323198,20.3142135],[85.9323811,20.314248],[85.9324363,20.3142902],[85.932461,20.3143225],[85.9326897,20.3146218],[85.932715,20.3146484],[85.9327879,20.3147253],[85.9328493,20.314778],[85.9330097,20.3150593],[85.9331018,20.3152291],[85.9331426,20.3153193]]}},{"type":"Feature","properties":{"id":864994225,"highway":"residential"},"geometry":{"type":"LineString","coordinates":[[85.9354657,20.3107396],[85.9357918,20.3108304],[85.9360033,20.3108854],[85.9361409,20.3109045],[85.9364179,20.3109203],[85.9365961,20.3109574],[85.9367949,20.311021]]}},{"type":"Feature","properties":{"id":864994226,"highway":"residential"},"geometry":{"type":"LineString","coordinates":[[85.9320311,20.3106962],[85.9310571,20.3099074],[85.9309981,20.3098714],[85.9309626,20.3098686],[85.9309243,20.3098769],[85.9305081,20.3103115],[85.9301019,20.3107125],[85.9300038,20.3107934],[85.9298242,20.3109202]]}},{"type":"Feature","properties":{"id":864994227,"highway":"residential"},"geometry":{"type":"LineString","coordinates":[[85.9251654,20.3037366],[85.9255384,20.303924],[85.9259362,20.3041483],[85.9260096,20.3041794],[85.9262132,20.3042571],[85.9269353,20.3045258],[85.9279897,20.3048763],[85.9282709,20.3049805],[85.9283039,20.3049867],[85.9283347,20.3049867],[85.9284733,20.3049743],[85.9285019,20.3049846],[85.9285415,20.3050259],[85.9288575,20.3055367],[85.9288888,20.3055707]]}},{"type":"Feature","properties":{"id":864994228,"highway":"residential"},"geometry":{"type":"LineString","coordinates":[[85.940578,20.3036358],[85.9409347,20.303502],[85.9410494,20.3034638],[85.9411886,20.3034163]]}},{"type":"Feature","properties":{"id":864994231,"highway":"residential"},"geometry":{"type":"LineString","coordinates":[[85.9417641,20.3052388],[85.9416779,20.3051984],[85.9415601,20.3051592],[85.9415323,20.3051439],[85.9414956,20.3051236]]}},{"type":"Feature","properties":{"id":864994232,"highway":"residential"},"geometry":{"type":"LineString","coordinates":[[85.9431652,20.3025062],[85.9432438,20.3025526]]}},{"type":"Feature","properties":{"id":864994233,"highway":"residential"},"geometry":{"type":"LineString","coordinates":[[85.9453994,20.2998164],[85.945418,20.2998316],[85.945427,20.2998473],[85.9454227,20.2998658],[85.9453204,20.3000411],[85.945315,20.3000517],[85.945313,20.3000703],[85.945315,20.3000926],[85.945412,20.3003191],[85.9455115,20.300522],[85.9455683,20.3006586],[85.9456596,20.3009248],[85.9458036,20.3012617],[85.9458235,20.3012935],[85.9458678,20.3013461],[85.9459357,20.3014042],[85.9459858,20.3014333],[85.9460404,20.3014748],[85.9460862,20.3015163],[85.9461246,20.3015551],[85.9461305,20.3015744],[85.9461319,20.301598],[85.9461216,20.3016215],[85.9459393,20.3018985],[85.9458135,20.3020948],[85.945742,20.3022063],[85.9455962,20.3024728],[85.9455339,20.3026237],[85.9454522,20.3028837],[85.9452939,20.3033712]]}},{"type":"Feature","properties":{"id":864994234,"highway":"residential"},"geometry":{"type":"LineString","coordinates":[[85.9460239,20.3039491],[85.9463396,20.3042236],[85.9464016,20.3042885],[85.9464826,20.3043731],[85.9467259,20.304676],[85.9469157,20.3048904],[85.9469351,20.304902],[85.9469581,20.3049036],[85.9470587,20.3049069],[85.9470922,20.3049119],[85.9471187,20.3049285],[85.9471681,20.3049715],[85.9473193,20.3051982]]}},{"type":"Feature","properties":{"id":864994235,"highway":"residential"},"geometry":{"type":"LineString","coordinates":[[85.9438989,20.306133],[85.9442342,20.3063912],[85.9442448,20.3064127],[85.9442483,20.3064375],[85.9442439,20.306465]]}},{"type":"Feature","properties":{"id":864994236,"highway":"residential"},"geometry":{"type":"LineString","coordinates":[[85.9423929,20.3110706],[85.9420615,20.3113059],[85.9417963,20.3115058],[85.9415358,20.3117256],[85.9412707,20.3119432],[85.9408437,20.3122625],[85.9408011,20.3122847],[85.9407789,20.3122885],[85.9407751,20.3122891],[85.940749,20.3122825],[85.9405028,20.3121337],[85.9404985,20.3121153],[85.9404965,20.3120885],[85.9404965,20.3118335],[85.9404862,20.311776],[85.9404658,20.3117358],[85.9403963,20.3116495],[85.9403792,20.3116223],[85.9403294,20.3115164],[85.9400984,20.3111571]]}},{"type":"Feature","properties":{"id":864994237,"highway":"residential"},"geometry":{"type":"LineString","coordinates":[[85.9293809,20.3160457],[85.9295461,20.316136],[85.929586,20.3161645],[85.9297588,20.3163693],[85.9298044,20.3164459],[85.9299926,20.3168688],[85.9300196,20.3169295],[85.9300431,20.3169674],[85.9300506,20.3169762],[85.9302191,20.3171717],[85.9304014,20.317373],[85.9304242,20.3174068],[85.9304394,20.3174407],[85.9304451,20.3174995],[85.9304457,20.3175131],[85.9304546,20.3177328]]}},{"type":"Feature","properties":{"id":864994238,"highway":"residential"},"geometry":{"type":"LineString","coordinates":[[85.9290665,20.3203891],[85.9290894,20.3203472],[85.9292277,20.3200033],[85.9293289,20.3197269],[85.9294917,20.3193514],[85.9295027,20.3193256],[85.9296499,20.3189808],[85.9297674,20.3187247],[85.9298151,20.3186242],[85.9299361,20.318453],[85.9299889,20.3183911],[85.930003,20.3183778],[85.9301099,20.3182777],[85.9303272,20.3180943],[85.9304334,20.3180047],[85.9305059,20.3179435],[85.9308789,20.3176464],[85.9312434,20.3173561]]}},{"type":"Feature","properties":{"id":865003840,"highway":"residential"},"geometry":{"type":"LineString","coordinates":[[85.9398536,20.3087846],[85.939455,20.3091488],[85.9393937,20.3091948],[85.9393569,20.3092121],[85.9393222,20.309214],[85.939267,20.3092197],[85.9392281,20.3092351],[85.9391079,20.3093577],[85.9390853,20.3093838],[85.9390769,20.3094133],[85.9390585,20.3094823],[85.9390349,20.3095805],[85.9390102,20.3096185],[85.9389901,20.3096383]]}},{"type":"Feature","properties":{"id":865003841,"highway":"residential"},"geometry":{"type":"LineString","coordinates":[[85.9375451,20.3100358],[85.9376222,20.3100823]]}},{"type":"Feature","properties":{"id":865003842,"highway":"residential"},"geometry":{"type":"LineString","coordinates":[[85.9382655,20.3094115],[85.9382455,20.3093994]]}},{"type":"Feature","properties":{"id":865003843,"highway":"residential"},"geometry":{"type":"LineString","coordinates":[[85.9405373,20.3098481],[85.9407124,20.3100401],[85.9408474,20.3102156],[85.9410602,20.3105739]]}},{"type":"Feature","properties":{"id":865003844,"highway":"residential"},"geometry":{"type":"LineString","coordinates":[[85.9369963,20.3112184],[85.9365366,20.3117061],[85.9361791,20.3121391],[85.9361203,20.3122318]]}},{"type":"Feature","properties":{"id":865003846,"highway":"residential"},"geometry":{"type":"LineString","coordinates":[[85.9312434,20.3173561],[85.9314917,20.3171827],[85.9319455,20.316876],[85.9321969,20.3167111],[85.9324393,20.3165431],[85.9325316,20.3164609],[85.9326145,20.3163876],[85.9334004,20.3155741]]}},{"type":"Feature","properties":{"id":865003847,"highway":"residential"},"geometry":{"type":"LineString","coordinates":[[85.9334004,20.3155741],[85.9343722,20.3145355],[85.9346898,20.3141917],[85.9348376,20.3140318],[85.9350029,20.3138657],[85.9350796,20.3137633],[85.9352508,20.3134533]]}},{"type":"Feature","properties":{"id":865003848,"highway":"residential"},"geometry":{"type":"LineString","coordinates":[[85.9299926,20.3168688],[85.9302924,20.3167999],[85.9304171,20.3167891],[85.9304416,20.3167968],[85.9304597,20.3168107],[85.9304892,20.3168568],[85.9305056,20.3168675],[85.9305253,20.3168645],[85.9308822,20.3167513]]}},{"type":"Feature","properties":{"id":865003849,"highway":"residential"},"geometry":{"type":"LineString","coordinates":[[85.9293689,20.3168686],[85.9296427,20.3168711],[85.929664,20.3168739],[85.9296793,20.3168882],[85.9296976,20.3169911],[85.9297052,20.3170082],[85.9297204,20.3170168],[85.9297433,20.3170196],[85.9300506,20.3169762]]}},{"type":"Feature","properties":{"id":865003850,"highway":"residential"},"geometry":{"type":"LineString","coordinates":[[85.9285958,20.3165158],[85.9286047,20.316565],[85.9286796,20.31687]]}},{"type":"Feature","properties":{"id":865003851,"highway":"residential"},"geometry":{"type":"LineString","coordinates":[[85.9267741,20.3159697],[85.9269534,20.3163398]]}},{"type":"Feature","properties":{"id":865003852,"highway":"residential"},"geometry":{"type":"LineString","coordinates":[[85.9280209,20.3151217],[85.9278111,20.3151135],[85.9277374,20.3151107],[85.9277063,20.3151124],[85.9276638,20.3151212],[85.9276185,20.3151358],[85.9272405,20.3153296],[85.9272207,20.3153442],[85.9272108,20.3153575],[85.9272087,20.3153744],[85.9272851,20.3156268],[85.9273115,20.3156847],[85.9274837,20.316048]]}},{"type":"Feature","properties":{"id":865003853,"highway":"residential"},"geometry":{"type":"LineString","coordinates":[[85.9279688,20.3152103],[85.9280978,20.3153954],[85.9281159,20.3154308],[85.9281175,20.3154508],[85.928106,20.3154769],[85.9280454,20.315543],[85.9280257,20.3155723],[85.9280191,20.3155938],[85.9280257,20.3156184],[85.9280765,20.3157614],[85.9280765,20.315786],[85.9280667,20.3158044],[85.9280519,20.3158183],[85.9278178,20.3159743]]}},{"type":"Feature","properties":{"id":865003854,"highway":"residential"},"geometry":{"type":"LineString","coordinates":[[85.9305819,20.3149492],[85.9302875,20.3151451],[85.9302267,20.3151825],[85.9301508,20.3152145],[85.929883,20.3153196],[85.9298564,20.3153303],[85.9298431,20.3153499],[85.9298393,20.3153766],[85.929845,20.3154888],[85.9298402,20.3155354],[85.9298025,20.31564],[85.9297632,20.315703],[85.9297336,20.3157292],[85.929673,20.3157553],[85.9294322,20.3158499]]}},{"type":"Feature","properties":{"id":865003855,"highway":"residential"},"geometry":{"type":"LineString","coordinates":[[85.928394,20.31118],[85.9282695,20.3114359],[85.9281919,20.3115534],[85.9280878,20.3116908],[85.9280066,20.3117835],[85.9279572,20.3118762],[85.9279342,20.3119357],[85.927924,20.311961],[85.9279201,20.3119705],[85.9279003,20.3120023],[85.9275232,20.3122991],[85.9274135,20.3123925],[85.9273084,20.3124821],[85.9271087,20.3126651]]}},{"type":"Feature","properties":{"id":865003856,"highway":"residential"},"geometry":{"type":"LineString","coordinates":[[85.927924,20.311961],[85.9279978,20.3120382],[85.9280091,20.3120595],[85.9280147,20.312082],[85.9279907,20.3122161],[85.9279963,20.3122546],[85.9280176,20.3122984],[85.9280416,20.312321],[85.9281151,20.3123953],[85.9281158,20.3124129],[85.9281053,20.3124285],[85.9279593,20.3125678],[85.9278058,20.3127029],[85.9277864,20.3127095],[85.9277687,20.3127079],[85.9277493,20.312698],[85.9274135,20.3123925]]}},{"type":"Feature","properties":{"id":865003860,"highway":"residential"},"geometry":{"type":"LineString","coordinates":[[85.9306393,20.3186312],[85.9304664,20.318437],[85.9304285,20.3183836],[85.9303981,20.3183248],[85.9303272,20.3180943]]}},{"type":"Feature","properties":{"id":865003861,"highway":"residential"},"geometry":{"type":"LineString","coordinates":[[85.9308235,20.3185385],[85.930607,20.3182838],[85.9305234,20.3181485],[85.9304334,20.3180047]]}},{"type":"Feature","properties":{"id":865003864,"highway":"residential"},"geometry":{"type":"LineString","coordinates":[[85.9279635,20.3109801],[85.928366,20.3111711],[85.928394,20.31118],[85.928527,20.3112221],[85.9286098,20.3112488],[85.9286643,20.3112799],[85.9287064,20.3113064],[85.9287346,20.3113177],[85.9287605,20.3113205],[85.9287772,20.3113177],[85.9287923,20.3112923],[85.9289978,20.310855],[85.9290137,20.3108401],[85.9290331,20.3108335],[85.9290614,20.3108401],[85.9294778,20.3109891],[85.9295855,20.3110404],[85.9297249,20.3111281],[85.929804,20.3111929]]}},{"type":"Feature","properties":{"id":865003866,"highway":"residential"},"geometry":{"type":"LineString","coordinates":[[85.9304375,20.3093405],[85.930766,20.3096396],[85.9307791,20.3096561],[85.9307833,20.3096726],[85.9307833,20.309688],[85.9307751,20.309708],[85.9306407,20.3098694]]}},{"type":"Feature","properties":{"id":865003869,"highway":"residential"},"geometry":{"type":"LineString","coordinates":[[85.9423026,20.3052091],[85.941801,20.3047664]]}},{"type":"Feature","properties":{"id":865003870,"highway":"residential"},"geometry":{"type":"LineString","coordinates":[[85.9425585,20.304566],[85.9424134,20.3044454],[85.9422053,20.3042726],[85.9421869,20.3042614],[85.9421693,20.3042729],[85.9420305,20.3044526],[85.9420163,20.3044711],[85.941948,20.3045598],[85.941801,20.3047664],[85.9416998,20.3049086],[85.9415323,20.3051439]]}},{"type":"Feature","properties":{"id":865003872,"highway":"residential"},"geometry":{"type":"LineString","coordinates":[[85.942289,20.3077295],[85.9421737,20.3075621],[85.942172,20.3075356],[85.9421755,20.3075108],[85.9423114,20.307337],[85.9423326,20.3073022],[85.9423573,20.3072211],[85.9423591,20.3072054],[85.9423563,20.3071906],[85.9423491,20.3071437],[85.9423534,20.307129],[85.9425021,20.307011],[85.9428938,20.3067316]]}},{"type":"Feature","properties":{"id":865007174,"highway":"residential"},"geometry":{"type":"LineString","coordinates":[[85.9444434,20.320591],[85.9447221,20.3208619],[85.9448613,20.3209973],[85.9449709,20.3210857],[85.9451926,20.3212362],[85.9452869,20.3212697],[85.9453557,20.3212745],[85.9453939,20.3212649],[85.9454219,20.3212482],[85.9454398,20.3212099],[85.9454651,20.3211494],[85.9455519,20.3209614],[85.9457282,20.3205998],[85.9458429,20.3204229],[85.9460467,20.3200956],[85.9461666,20.3199301],[85.9462021,20.3198968],[85.9462731,20.3198479],[85.9463015,20.3198169],[85.9463323,20.319768],[85.9465027,20.3194618]]}},{"type":"Feature","properties":{"id":865007176,"highway":"residential"},"geometry":{"type":"LineString","coordinates":[[85.9449611,20.3224476],[85.9450416,20.3222967],[85.9451102,20.3222167],[85.9452902,20.3219636],[85.9453788,20.3218347],[85.9454117,20.3217421],[85.9455186,20.3212843],[85.9455374,20.3212257],[85.945547,20.3211966],[85.9455511,20.3211808],[85.9455501,20.3211736],[85.945539,20.3211656]]}},{"type":"Feature","properties":{"id":865007177,"highway":"residential"},"geometry":{"type":"LineString","coordinates":[[85.9334024,20.3214665],[85.9332687,20.321745]]}},{"type":"Feature","properties":{"id":865007178,"highway":"residential"},"geometry":{"type":"LineString","coordinates":[[85.9338828,20.3214964],[85.9337602,20.3216843],[85.9337479,20.3217245],[85.933752,20.3217552],[85.9337857,20.3218468]]}},{"type":"Feature","properties":{"id":865007184,"highway":"residential"},"geometry":{"type":"LineString","coordinates":[[85.9279593,20.3125678],[85.9281397,20.3127218],[85.9281528,20.3127448],[85.9281577,20.3127817],[85.928143,20.3128248],[85.9280446,20.3130785],[85.9280085,20.3131247],[85.9278912,20.3132816]]}},{"type":"Feature","properties":{"id":865014837,"highway":"residential"},"geometry":{"type":"LineString","coordinates":[[85.9283369,20.3168348],[85.9283974,20.3170367]]}},{"type":"Feature","properties":{"id":865014840,"highway":"residential"},"geometry":{"type":"LineString","coordinates":[[85.9345796,20.3165969],[85.9344613,20.3167112],[85.9344482,20.3167343],[85.9344466,20.3167666],[85.9344564,20.3167989],[85.9346412,20.3170828]]}},{"type":"Feature","properties":{"id":865014843,"highway":"residential"},"geometry":{"type":"LineString","coordinates":[[85.9354392,20.3212932],[85.9358475,20.3210734],[85.9359016,20.3210364],[85.9359278,20.3210103],[85.9359314,20.3209705],[85.9359139,20.3209427],[85.9358853,20.3209123],[85.9356107,20.3206189]]}},{"type":"Feature","properties":{"id":865014845,"highway":"residential"},"geometry":{"type":"LineString","coordinates":[[85.9340123,20.3213932],[85.9340885,20.3215546],[85.9340916,20.3215975],[85.9340855,20.3216204],[85.9340165,20.3218198]]}},{"type":"Feature","properties":{"id":865014850,"highway":"residential"},"geometry":{"type":"LineString","coordinates":[[85.9369763,20.3117928],[85.9372941,20.3115133]]}},{"type":"Feature","properties":{"id":865014853,"highway":"residential"},"geometry":{"type":"LineString","coordinates":[[85.9394239,20.3057641],[85.9393667,20.3058462],[85.9391781,20.3060763],[85.939042,20.3062439],[85.9388675,20.3064704]]}},{"type":"Feature","properties":{"id":865014854,"highway":"residential"},"geometry":{"type":"LineString","coordinates":[[85.9402665,20.3064654],[85.9400987,20.3063311],[85.9397626,20.3060282],[85.9395567,20.3058595],[85.9394993,20.3058087],[85.9394239,20.3057641],[85.9393911,20.305741],[85.9393698,20.3057134],[85.9393058,20.3055842],[85.9390812,20.3052274],[85.9390545,20.3052045],[85.939032,20.3051949],[85.9389993,20.3051949],[85.9389625,20.3052064],[85.938818,20.3052772],[85.9384534,20.3054992],[85.938361,20.3055681],[85.9382687,20.3056524],[85.9379981,20.3059666]]}},{"type":"Feature","properties":{"id":865014860,"highway":"residential"},"geometry":{"type":"LineString","coordinates":[[85.9310084,20.3094698],[85.9306343,20.3091653]]}},{"type":"Feature","properties":{"id":865014861,"highway":"residential"},"geometry":{"type":"LineString","coordinates":[[85.9315208,20.3096874],[85.931547,20.3095844],[85.9315618,20.3095444],[85.9315896,20.3094983],[85.9317927,20.3092154]]}},{"type":"Feature","properties":{"id":865014864,"highway":"residential"},"geometry":{"type":"LineString","coordinates":[[85.9387085,20.3134376],[85.9384985,20.3132671],[85.9384577,20.3132395],[85.9383426,20.3131758]]}},{"type":"Feature","properties":{"id":865021383,"highway":"residential"},"geometry":{"type":"LineString","coordinates":[[85.9381298,20.3135634],[85.937993,20.3137205],[85.9378078,20.3139402],[85.9377247,20.3140089],[85.9374237,20.3142372],[85.937223,20.3144208],[85.9370465,20.3146509],[85.9369838,20.3147478],[85.9368554,20.3148918],[85.9366312,20.3150974],[85.9366109,20.315116],[85.936327,20.3153498],[85.9359919,20.315663],[85.9355624,20.3160375],[85.9352914,20.3162636],[85.9348179,20.316652]]}},{"type":"Feature","properties":{"id":865021384,"highway":"residential"},"geometry":{"type":"LineString","coordinates":[[85.9343856,20.3139504],[85.9345772,20.3141032]]}},{"type":"Feature","properties":{"id":865021385,"highway":"residential"},"geometry":{"type":"LineString","coordinates":[[85.9398887,20.3072085],[85.9399756,20.307277]]}},{"type":"Feature","properties":{"id":865021386,"highway":"residential"},"geometry":{"type":"LineString","coordinates":[[85.9399756,20.307277],[85.9399974,20.3072972],[85.940265,20.3075455],[85.9405664,20.3078087],[85.9407636,20.308046],[85.940868,20.3081716],[85.9411275,20.3084169],[85.9412167,20.3084832],[85.9412441,20.3084829],[85.9412693,20.3084827],[85.9413267,20.3084676],[85.941651,20.3081936],[85.9417425,20.3081003],[85.9420377,20.3078801],[85.9421951,20.3077941],[85.942289,20.3077295],[85.9423818,20.3076657],[85.9425841,20.3074748],[85.9427813,20.3073358],[85.9427941,20.3073267],[85.9429981,20.307179],[85.9430369,20.3071509],[85.9431034,20.3070721],[85.9431196,20.3070434],[85.9431025,20.3070099],[85.9429727,20.3068134],[85.9428938,20.3067316],[85.9428577,20.3066942],[85.9426707,20.3064865],[85.9424643,20.306248],[85.942411,20.306189],[85.9422278,20.3059171],[85.9421991,20.3058066],[85.9421139,20.3056208],[85.9420395,20.3054951],[85.9420183,20.3054593],[85.9419452,20.305387],[85.9417641,20.3052388]]}},{"type":"Feature","properties":{"id":865021387,"highway":"residential"},"geometry":{"type":"LineString","coordinates":[[85.9409066,20.3059639],[85.9411706,20.3056202],[85.9411987,20.3055832],[85.9413616,20.3053686],[85.9415323,20.3051439]]}},{"type":"Feature","properties":{"id":865021388,"highway":"residential"},"geometry":{"type":"LineString","coordinates":[[85.9411957,20.3052567],[85.9412787,20.3053126]]}},{"type":"Feature","properties":{"id":865021389,"highway":"residential"},"geometry":{"type":"LineString","coordinates":[[85.9413378,20.3053525],[85.9413616,20.3053686]]}},{"type":"Feature","properties":{"id":865021390,"highway":"residential"},"geometry":{"type":"LineString","coordinates":[[85.9412787,20.3053126],[85.9413378,20.3053525]]}},{"type":"Feature","properties":{"id":865021391,"highway":"residential"},"geometry":{"type":"LineString","coordinates":[[85.9415402,20.3047976],[85.9415994,20.304838]]}},{"type":"Feature","properties":{"id":865021392,"highway":"residential"},"geometry":{"type":"LineString","coordinates":[[85.9415994,20.304838],[85.9416719,20.3048892]]}},{"type":"Feature","properties":{"id":865021393,"highway":"residential"},"geometry":{"type":"LineString","coordinates":[[85.9416719,20.3048892],[85.9416998,20.3049086]]}},{"type":"Feature","properties":{"id":865021394,"highway":"residential"},"geometry":{"type":"LineString","coordinates":[[85.9418666,20.3043477],[85.9419346,20.3043912]]}},{"type":"Feature","properties":{"id":865021395,"highway":"residential"},"geometry":{"type":"LineString","coordinates":[[85.9419993,20.3044326],[85.9420305,20.3044526]]}},{"type":"Feature","properties":{"id":865021396,"highway":"residential"},"geometry":{"type":"LineString","coordinates":[[85.9419346,20.3043912],[85.9419993,20.3044326]]}},{"type":"Feature","properties":{"id":865021397,"highway":"residential"},"geometry":{"type":"LineString","coordinates":[[85.9414956,20.3051236],[85.9414295,20.3050784]]}},{"type":"Feature","properties":{"id":865021398,"highway":"residential"},"geometry":{"type":"LineString","coordinates":[[85.9414295,20.3050784],[85.9413634,20.3050332]]}},{"type":"Feature","properties":{"id":865021399,"highway":"residential"},"geometry":{"type":"LineString","coordinates":[[85.9409066,20.3059639],[85.9407425,20.3062289],[85.940711,20.3062677],[85.9406597,20.3063035],[85.940615,20.3063314],[85.9404931,20.3064849],[85.9404362,20.3065566],[85.9403799,20.3066792],[85.9403799,20.3067305],[85.9403848,20.30677],[85.940394,20.306802],[85.9404147,20.3068469],[85.9404196,20.3068764],[85.940413,20.3068966],[85.9403749,20.3069525],[85.9401744,20.3071478],[85.9399974,20.3072972]]}},{"type":"Feature","properties":{"id":865021400,"highway":"residential"},"geometry":{"type":"LineString","coordinates":[[85.9403445,20.3063653],[85.9404188,20.3064251]]}},{"type":"Feature","properties":{"id":865021401,"highway":"residential"},"geometry":{"type":"LineString","coordinates":[[85.9404769,20.3064719],[85.9404931,20.3064849]]}},{"type":"Feature","properties":{"id":865021402,"highway":"residential"},"geometry":{"type":"LineString","coordinates":[[85.9404188,20.3064251],[85.9404769,20.3064719]]}},{"type":"Feature","properties":{"id":865021403,"highway":"residential"},"geometry":{"type":"LineString","coordinates":[[85.9346582,20.3141667],[85.9346898,20.3141917]]}},{"type":"Feature","properties":{"id":865021404,"highway":"residential"},"geometry":{"type":"LineString","coordinates":[[85.9345772,20.3141032],[85.9346582,20.3141667]]}},{"type":"Feature","properties":{"id":865021405,"highway":"residential"},"geometry":{"type":"LineString","coordinates":[[85.9333646,20.3155453],[85.933276,20.3154737]]}},{"type":"Feature","properties":{"id":865021406,"highway":"residential"},"geometry":{"type":"LineString","coordinates":[[85.933276,20.3154737],[85.9331426,20.3153193]]}},{"type":"Feature","properties":{"id":865021407,"highway":"unclassified"},"geometry":{"type":"LineString","coordinates":[[85.9312289,20.3173388],[85.9312434,20.3173561],[85.9314568,20.3176107],[85.9317105,20.317892],[85.9317639,20.3180115],[85.9319116,20.3184266],[85.9319477,20.3184891],[85.9320125,20.3185627],[85.9321849,20.3187301],[85.9322661,20.3188389],[85.9322918,20.3188863],[85.9322763,20.3189682],[85.9321145,20.319241],[85.9319513,20.3195163],[85.9317867,20.3198208],[85.9317672,20.319857],[85.9317559,20.3198744],[85.9317462,20.3199214],[85.9317478,20.3199722],[85.9317663,20.3200394],[85.931814,20.3201207],[85.9318989,20.3202407],[85.9319479,20.3203013],[85.9321919,20.3205949],[85.9322472,20.3207143],[85.9324389,20.3211552],[85.9326298,20.3214561],[85.9327912,20.3216499],[85.9328588,20.3216969],[85.9329398,20.3217113],[85.9332508,20.3217398],[85.9332687,20.321745],[85.9336692,20.3218605],[85.9337857,20.3218468],[85.9340165,20.3218198],[85.9340554,20.3218152],[85.934164,20.3218356],[85.9345275,20.3223937],[85.9349245,20.3228918],[85.9351444,20.3231936],[85.9355038,20.3236262],[85.9358364,20.3240488],[85.9361851,20.3244613],[85.9364748,20.3247178],[85.9367216,20.3249945],[85.9370381,20.324909],[85.9372741,20.3251253],[85.9377247,20.3250649],[85.9378588,20.3254623],[85.9380841,20.3257993],[85.9384811,20.3260458],[85.9389585,20.3263577],[85.939393,20.3267249],[85.9397739,20.3270418],[85.9402406,20.3273839],[85.9406859,20.3276908],[85.9410506,20.3279423]]}},{"type":"Feature","properties":{"id":865021408,"highway":"unclassified"},"geometry":{"type":"LineString","coordinates":[[85.9311611,20.3172576],[85.9312289,20.3173388]]}},{"type":"Feature","properties":{"id":865021409,"highway":"residential"},"geometry":{"type":"LineString","coordinates":[[85.9298685,20.3182527],[85.9299133,20.3182944]]}},{"type":"Feature","properties":{"id":865021410,"highway":"residential"},"geometry":{"type":"LineString","coordinates":[[85.9299764,20.3183531],[85.930003,20.3183778]]}},{"type":"Feature","properties":{"id":865021411,"highway":"residential"},"geometry":{"type":"LineString","coordinates":[[85.9299133,20.3182944],[85.9299764,20.3183531]]}},{"type":"Feature","properties":{"id":865021416,"highway":"tertiary"},"geometry":{"type":"LineString","coordinates":[[85.9360761,20.3122044],[85.9360109,20.312161]]}},{"type":"Feature","properties":{"id":865021417,"highway":"tertiary"},"geometry":{"type":"LineString","coordinates":[[85.9360109,20.312161],[85.9359572,20.3121253]]}},{"type":"Feature","properties":{"id":865021418,"highway":"residential"},"geometry":{"type":"LineString","coordinates":[[85.9369634,20.3111861],[85.9369963,20.3112184],[85.937059,20.3112798],[85.937213,20.3114345],[85.9372941,20.3115133],[85.9375825,20.3117935],[85.9376551,20.3118637],[85.9377685,20.3119386],[85.9379241,20.3120166],[85.9379987,20.3120386],[85.9381244,20.3120605],[85.938314,20.3121045],[85.9383758,20.3121245],[85.9384206,20.3121465],[85.9386081,20.3123063],[85.9386758,20.3123645],[85.9387661,20.312442],[85.9387932,20.3124906],[85.9388031,20.3125601],[85.9387883,20.312611],[85.9387562,20.3126689],[85.9387118,20.3127082],[85.938576,20.3128124],[85.9385069,20.3128749],[85.9384452,20.3129675],[85.9383426,20.3131758],[85.9383079,20.3132462],[85.9382635,20.3133364],[85.9382413,20.3133688],[85.9381833,20.3134452]]}},{"type":"Feature","properties":{"id":865021419,"highway":"residential"},"geometry":{"type":"LineString","coordinates":[[85.93688,20.3111044],[85.9369634,20.3111861]]}},{"type":"Feature","properties":{"id":865021420,"highway":"residential"},"geometry":{"type":"LineString","coordinates":[[85.9376954,20.3101272],[85.9377052,20.3101306],[85.9377202,20.3101287],[85.9377354,20.310118],[85.9377487,20.3101002],[85.9382311,20.3094501],[85.9382655,20.3094115],[85.9383092,20.3093607],[85.9383551,20.3093293],[85.9384239,20.3092995],[85.9384594,20.309292],[85.9384821,20.3092912],[85.9385333,20.3092995],[85.9386833,20.3093343],[85.938708,20.3093492],[85.938748,20.3093831],[85.9389786,20.309612],[85.9389901,20.3096383],[85.9389749,20.3096533],[85.9387737,20.3098204]]}},{"type":"Feature","properties":{"id":865021421,"highway":"residential"},"geometry":{"type":"LineString","coordinates":[[85.9376222,20.3100823],[85.9376954,20.3101272]]}},{"type":"Feature","properties":{"id":865021422,"highway":"residential"},"geometry":{"type":"LineString","coordinates":[[85.9382455,20.3093994],[85.938152,20.3093453]]}},{"type":"Feature","properties":{"id":865021423,"highway":"residential"},"geometry":{"type":"LineString","coordinates":[[85.938152,20.3093453],[85.9380959,20.3093126]]}},{"type":"Feature","properties":{"id":865028669,"highway":"residential"},"geometry":{"type":"LineString","coordinates":[[85.943126,20.3085133],[85.9431487,20.308312],[85.9431549,20.3082249],[85.9431466,20.3081823],[85.943128,20.3081165],[85.943095,20.3080681],[85.9430558,20.3080139],[85.9430496,20.3079926],[85.9430599,20.3079694],[85.943206,20.3078235],[85.9432188,20.3078049],[85.9432168,20.3077855],[85.9432106,20.3077565],[85.9431899,20.3077255],[85.9427813,20.3073358]]}},{"type":"Feature","properties":{"id":865028670,"highway":"residential"},"geometry":{"type":"LineString","coordinates":[[85.9431968,20.3073771],[85.9429981,20.307179]]}},{"type":"Feature","properties":{"id":865028671,"highway":"residential"},"geometry":{"type":"LineString","coordinates":[[85.9441772,20.3078193],[85.9439034,20.3075578],[85.9438955,20.3075437],[85.9438955,20.3075317],[85.9439044,20.3075162],[85.9440755,20.3073397],[85.9440772,20.3073257],[85.9440689,20.3073102],[85.9437963,20.3070196]]}},{"type":"Feature","properties":{"id":865028672,"highway":"residential"},"geometry":{"type":"LineString","coordinates":[[85.9445111,20.3068745],[85.9446529,20.3067203],[85.9446912,20.3066788],[85.9447355,20.3066198],[85.9447555,20.3065729],[85.9447598,20.306526],[85.9447525,20.3063789]]}},{"type":"Feature","properties":{"id":865028675,"highway":"residential"},"geometry":{"type":"LineString","coordinates":[[85.946199,20.3044954],[85.9464016,20.3042885]]}},{"type":"Feature","properties":{"id":865030396,"highway":"residential"},"geometry":{"type":"LineString","coordinates":[[85.9334004,20.3155741],[85.9333646,20.3155453]]}},{"type":"Feature","properties":{"id":865032905,"highway":"residential"},"geometry":{"type":"LineString","coordinates":[[85.9407636,20.308046],[85.9409528,20.3078357],[85.9414442,20.3073048],[85.9415368,20.3071962],[85.9415574,20.3071528],[85.9415651,20.3071021],[85.9415651,20.3069356],[85.9415725,20.3068587],[85.9416053,20.3067749],[85.9417096,20.3065763],[85.941842,20.3063606],[85.9418576,20.3063231],[85.9418554,20.3062919],[85.9418132,20.3062273],[85.9411987,20.3055832]]}},{"type":"Feature","properties":{"id":865032906,"highway":"residential"},"geometry":{"type":"LineString","coordinates":[[85.9396937,20.3069615],[85.9396711,20.3069501],[85.9389595,20.3065216],[85.9388675,20.3064704],[85.938391,20.3062052],[85.9383273,20.3061853],[85.9382981,20.3061853],[85.9382671,20.3061935],[85.9382423,20.3062002],[85.9375892,20.3064851],[85.9374305,20.3065523],[85.9373136,20.3065772],[85.9370851,20.3066021],[85.937024,20.306617],[85.9369656,20.3066419],[85.9369098,20.3066918],[85.9367504,20.3068936],[85.9365657,20.3071699],[85.9362872,20.3075603],[85.9360209,20.307872],[85.9356766,20.3082589],[85.9356082,20.3083583],[85.9354008,20.3086596],[85.9353477,20.3087209],[85.935315,20.3087587],[85.9352358,20.308835]]}},{"type":"Feature","properties":{"id":865032907,"highway":"residential"},"geometry":{"type":"LineString","coordinates":[[85.9397578,20.3070146],[85.9396937,20.3069615]]}},{"type":"Feature","properties":{"id":865032909,"highway":"unclassified"},"geometry":{"type":"LineString","coordinates":[[85.9266231,20.3122267],[85.9267828,20.312364],[85.9270274,20.3125987],[85.9271087,20.3126651],[85.9273999,20.3129027],[85.927639,20.3131244],[85.9277505,20.3132091],[85.9278541,20.3132639],[85.9278912,20.3132816],[85.9281357,20.3133984],[85.9288006,20.3136843],[85.9292931,20.3139297],[85.9293905,20.3139783],[85.9298813,20.3142089],[85.930294,20.3143945],[85.9303994,20.3144483],[85.9304242,20.3144681],[85.9304637,20.3144999],[85.9304981,20.3145537],[85.9305462,20.3146849],[85.9305682,20.3147985],[85.9305791,20.3149183],[85.9305819,20.3149492],[85.9305819,20.3152153],[85.9305874,20.3154224],[85.9305953,20.3155097],[85.9306191,20.3156155],[85.9307201,20.3159497],[85.9308011,20.3164051],[85.9308102,20.3164564],[85.9308822,20.3167513],[85.9308966,20.3168105],[85.9309622,20.3169724],[85.9310435,20.3171028],[85.9311223,20.3172114]]}},{"type":"Feature","properties":{"id":865034019,"highway":"tertiary"},"geometry":{"type":"LineString","coordinates":[[85.954638,20.3152671],[85.9546135,20.3152776],[85.9545916,20.3152816],[85.954557,20.3152775],[85.9544089,20.315259],[85.9543571,20.3152567],[85.9543053,20.3152637],[85.954135,20.3152984],[85.9539252,20.3153516],[85.9538807,20.3153701],[85.9538511,20.315391],[85.9537894,20.3154789],[85.9537102,20.3155965],[85.9536391,20.3156675],[85.9535749,20.3157213],[85.9534304,20.3157922],[85.9532545,20.3158574],[85.9528731,20.3159433],[85.9520666,20.3161299],[85.9511104,20.3163452],[85.9506715,20.3164451],[85.9506033,20.3164751],[85.9505649,20.3165031],[85.9505138,20.316547],[85.9504062,20.3166789],[85.9500422,20.3172332],[85.9494692,20.3180471],[85.9491092,20.3185634],[85.9487161,20.3191363],[85.9483836,20.3196395],[85.9482898,20.3197482],[85.9482281,20.3197945],[85.9481639,20.3198316],[85.9481121,20.3198501],[85.9479936,20.3198617],[85.9477172,20.3198593],[85.9476036,20.3198547],[85.9475148,20.3198362],[85.9472086,20.3197279],[85.9465027,20.3194618],[85.9464787,20.3194528],[85.9461548,20.3193189],[85.9460343,20.3192712],[85.9455921,20.3190962],[85.94453,20.3186701],[85.9440216,20.3184688],[85.9432046,20.3181373],[85.9424442,20.3178327],[85.9417328,20.3175401],[85.9412354,20.3173283],[85.9411554,20.3172934],[85.941125,20.3172717],[85.9410839,20.3172425],[85.9405763,20.3167605],[85.9402332,20.316428],[85.9401131,20.3162967],[85.9399736,20.316111],[85.9398754,20.3159651],[85.9395849,20.3155335],[85.9394107,20.3152658],[85.9391477,20.3148616],[85.9388263,20.3143709],[85.9387191,20.3142232],[85.9386111,20.3140745],[85.9384809,20.313915],[85.9381477,20.3135817],[85.9381298,20.3135634],[85.9381331,20.3135469],[85.9381719,20.313499],[85.9381833,20.313471],[85.9381833,20.3134452],[85.9381788,20.3134151],[85.9381535,20.3133742],[85.9378488,20.3130964],[85.9374616,20.3126999],[85.9371852,20.3124337],[85.9371259,20.3124013],[85.9370544,20.3123781],[85.9370075,20.3123642],[85.9366249,20.3123341],[85.936309,20.3122994],[85.9362448,20.3122878],[85.936193,20.3122716],[85.9361203,20.3122318],[85.9361041,20.312223],[85.9360761,20.3122044]]}},{"type":"Feature","properties":{"id":865034020,"highway":"tertiary"},"geometry":{"type":"LineString","coordinates":[[85.9546889,20.3152278],[85.954638,20.3152671]]}},{"type":"Feature","properties":{"id":865034022,"highway":"tertiary"},"geometry":{"type":"LineString","coordinates":[[85.9895689,20.2923215],[85.9895439,20.2923571],[85.9891638,20.2928025],[85.9890211,20.2929531],[85.9888326,20.2931807],[85.9886965,20.2933545],[85.9885262,20.2936098],[85.9883507,20.2938636],[85.9881941,20.2940462],[85.9880194,20.2942382],[85.9878994,20.294407],[85.9877671,20.2946152],[85.9876201,20.2948608],[85.9874806,20.2950412],[85.9873036,20.2952528],[85.9872065,20.2953372],[85.9870313,20.2954727],[85.9866994,20.2956974],[85.9865741,20.2957614],[85.9861517,20.2959533],[85.9859185,20.2960605],[85.9855739,20.2962738],[85.9853372,20.2964115],[85.9851537,20.2965422],[85.9849514,20.2967244],[85.9846513,20.2970007],[85.9843478,20.2973135],[85.984044,20.2976108],[85.9837883,20.2978538],[85.9834916,20.2981699],[85.9832917,20.2983501],[85.9831756,20.298443],[85.9829789,20.2985971],[85.9827679,20.2987839],[85.9826156,20.2989297],[85.9823674,20.2991956],[85.9821712,20.2993816],[85.9818434,20.2996814],[85.9817026,20.2998114],[85.981586,20.2998898],[85.9811613,20.3001441],[85.9809391,20.3002762],[85.9807301,20.3004288],[85.9805625,20.3005412],[85.9802681,20.3007211],[85.9797828,20.3010286],[85.9797113,20.3010593],[85.9796663,20.3010651],[85.9796357,20.3010593],[85.979607,20.3010421],[85.9795212,20.3009405],[85.9794006,20.3007813],[85.9793454,20.3007411],[85.9793004,20.3007257],[85.9792452,20.3007181],[85.9791158,20.3007145],[85.9788868,20.3007537],[85.9786908,20.3007983],[85.9785918,20.3008113],[85.9784394,20.3008094],[85.9781261,20.3007898],[85.9779678,20.3007812],[85.9777729,20.3007941],[85.9776261,20.3008177],[85.9774518,20.3008565],[85.9772523,20.3009],[85.9771622,20.3009224],[85.9770978,20.3009293],[85.9770132,20.3009293],[85.9769286,20.300919],[85.9767814,20.3008914],[85.9765036,20.3008155],[85.9762099,20.300739],[85.9759431,20.3006907],[85.975796,20.3006717],[85.9756341,20.3006614],[85.9753324,20.3006665],[85.9750574,20.3006751],[85.9748081,20.3006891],[85.9746419,20.3007031],[85.9743372,20.300751],[85.9741539,20.300787],[85.9740069,20.300815],[85.9738888,20.30084],[85.9737607,20.3008755],[85.9736858,20.3008963],[85.9733084,20.3009928],[85.9724834,20.3012008],[85.972017,20.3013212],[85.9716862,20.3014184],[85.9712658,20.3015309],[85.9709152,20.3016081],[85.9705353,20.3016978],[85.9702442,20.30177],[85.9698468,20.3018603],[85.9694297,20.3019599],[85.9690817,20.3020663],[85.9689707,20.3021196],[85.968946,20.3021404],[85.9689336,20.3021682],[85.968939,20.3022143],[85.9689974,20.3024859],[85.9690399,20.3026677],[85.9691171,20.302944],[85.9692658,20.3032872],[85.969323,20.3034588],[85.9693487,20.3035553],[85.9693864,20.3039211],[85.9694018,20.3041058],[85.9694356,20.304279],[85.9694695,20.3044348],[85.9694633,20.3044781],[85.9694295,20.3045127],[85.9693711,20.3045379],[85.9685955,20.3046276],[85.968205,20.304665],[85.9681625,20.3046799],[85.9681174,20.3047098],[85.9679451,20.3048802],[85.9678987,20.3049268],[85.9678358,20.3049548],[85.9677497,20.3049734],[85.9671348,20.3050476],[85.9665102,20.3051256],[85.9661656,20.3051861],[85.9660733,20.3052121],[85.9659705,20.3052542],[85.9657086,20.3054302],[85.9653186,20.3057566],[85.9651211,20.3059395],[85.9650234,20.3060455],[85.9648934,20.3062034],[85.9647933,20.3063073],[85.96461,20.3064612],[85.9643223,20.3066854],[85.9641204,20.3068448],[85.9639481,20.3069703],[85.9637626,20.307079],[85.9630224,20.3075219],[85.9627658,20.307707],[85.9627016,20.3077811],[85.9626769,20.3078297],[85.9626473,20.3079408],[85.9626423,20.3080542],[85.96263,20.3080774],[85.9625979,20.3081075],[85.9623733,20.3082325],[85.9623279,20.3082808],[85.9622218,20.3084034],[85.9620095,20.3086488],[85.9618614,20.3087997],[85.9616728,20.3089492],[85.9614444,20.3090962],[85.9611451,20.3092721],[85.9608556,20.3094166],[85.960468,20.3096175],[85.9602613,20.3097134],[85.9602166,20.3097394],[85.9601569,20.3097973],[85.9600397,20.3099132],[85.9599454,20.310002],[85.9597191,20.3101814],[85.9596878,20.3102142],[85.9596768,20.3102539],[85.9596786,20.3102953],[85.9597503,20.3105607],[85.9597768,20.3106601],[85.9597768,20.3107098],[85.959747,20.3107719],[85.9596609,20.3108588],[85.9594083,20.3110231],[85.9591738,20.3111388],[85.959122,20.3111712],[85.9590899,20.3112198],[85.9590726,20.3112615],[85.9590652,20.3113541],[85.9590779,20.311442],[85.9590864,20.3114919],[85.9590736,20.3115379],[85.9590544,20.3115858],[85.9590249,20.3116304],[85.9588982,20.3117306],[85.9588428,20.3117696],[85.9587675,20.3118086],[85.9585117,20.3119134],[85.9583771,20.3119524],[85.95829,20.3119877],[85.9581375,20.3120768],[85.9581019,20.3121047],[85.9580702,20.3121344],[85.958013,20.3122132],[85.9579439,20.312288],[85.9579067,20.3123204],[85.9578377,20.3123552],[85.9575402,20.3124673],[85.9574074,20.3125421],[85.9573277,20.3125919],[85.9571977,20.312707],[85.9569096,20.3129647],[85.9563766,20.3133873],[85.9560907,20.3136232],[85.9560564,20.3136688],[85.956045,20.3137063],[85.956045,20.3137385],[85.9561467,20.3139262],[85.9561599,20.3139759],[85.9561433,20.3140318],[85.9560771,20.314097],[85.9554579,20.3144789],[85.955385,20.3145348],[85.955349,20.3145892],[85.9553119,20.3146818],[85.9552897,20.3147258],[85.9552601,20.3147536],[85.9550732,20.3149095],[85.9547188,20.3152003],[85.9546889,20.3152278]]}},{"type":"Feature","properties":{"id":865043522,"highway":"residential"},"geometry":{"type":"LineString","coordinates":[[85.9361239,20.3055046],[85.9364752,20.3051175],[85.9364918,20.3051097],[85.93651,20.3051128],[85.9367222,20.3053208],[85.9369465,20.3055406]]}},{"type":"Feature","properties":{"id":865043523,"highway":"residential"},"geometry":{"type":"LineString","coordinates":[[85.9365028,20.3055469],[85.9367222,20.3053208]]}},{"type":"Feature","properties":{"id":865043524,"highway":"residential"},"geometry":{"type":"LineString","coordinates":[[85.9432438,20.3025526],[85.9433359,20.302608]]}},{"type":"Feature","properties":{"id":865043525,"highway":"residential"},"geometry":{"type":"LineString","coordinates":[[85.9433359,20.302608],[85.9434989,20.302695],[85.9436013,20.3027463],[85.9438183,20.3028406],[85.9440442,20.3029267],[85.9442536,20.3029835],[85.9446391,20.3030868],[85.9447913,20.3031435],[85.9449978,20.3032317],[85.9452533,20.3033467],[85.9452939,20.3033712],[85.9453183,20.3033859],[85.9453484,20.3034097],[85.9454767,20.3035272],[85.9454941,20.3035431],[85.9459748,20.3040046]]}},{"type":"Feature","properties":{"id":865043526,"highway":"residential"},"geometry":{"type":"LineString","coordinates":[[85.9420163,20.3044711],[85.9424949,20.304898],[85.9425032,20.304926],[85.9424965,20.3049492],[85.9424684,20.3050004],[85.9423026,20.3052091],[85.9422168,20.3053172],[85.9421141,20.3054275],[85.9420395,20.3054951]]}},{"type":"Feature","properties":{"id":865043527,"highway":"residential"},"geometry":{"type":"LineString","coordinates":[[85.9442955,20.3090042],[85.9443247,20.3090427]]}},{"type":"Feature","properties":{"id":865043528,"highway":"residential"},"geometry":{"type":"LineString","coordinates":[[85.9443247,20.3090427],[85.9443238,20.3090531],[85.944313,20.3090586],[85.9442645,20.3090772],[85.9439271,20.309198],[85.9433813,20.3093808],[85.9428967,20.3095435],[85.9426101,20.3096554],[85.9425504,20.3096876],[85.9424839,20.3097435],[85.9420712,20.3101175],[85.9420292,20.3101383],[85.9419675,20.3101522],[85.9417212,20.3101554]]}},{"type":"Feature","properties":{"id":865043530,"highway":"residential"},"geometry":{"type":"LineString","coordinates":[[85.945539,20.3211656],[85.9454905,20.3211548]]}},{"type":"Feature","properties":{"id":865043531,"highway":"residential"},"geometry":{"type":"LineString","coordinates":[[85.9454905,20.3211548],[85.9454651,20.3211494]]}},{"type":"Feature","properties":{"id":865227733,"highway":"primary"},"geometry":{"type":"LineString","coordinates":[[85.9158305,20.334806],[85.915728,20.3349029],[85.9155318,20.3350882],[85.9154855,20.335132],[85.9151763,20.3354273],[85.9146838,20.3358976],[85.9138449,20.3367102],[85.9135894,20.3369584],[85.913002,20.3375599],[85.9126142,20.337959],[85.9125325,20.33804]]}},{"type":"Feature","properties":{"id":865229988,"highway":"residential"},"geometry":{"type":"LineString","coordinates":[[85.9076974,20.3224751],[85.9076734,20.3225279],[85.907644,20.3225909],[85.9075044,20.3229084],[85.9073406,20.3232234],[85.9072747,20.3233502],[85.9072103,20.3234612],[85.9071871,20.3235012],[85.9071113,20.3235989],[85.9070531,20.3236731],[85.9069579,20.3237504],[85.9069138,20.323773],[85.9068498,20.3237974],[85.9064955,20.3238968],[85.9064682,20.3239012],[85.90647,20.3239213],[85.9064883,20.323963],[85.9065022,20.3239759],[85.9065263,20.3239873],[85.9070172,20.3241801],[85.9075467,20.3244357],[85.907598,20.3244669],[85.9076132,20.3244877],[85.9076188,20.3245111],[85.9076146,20.3245436],[85.9075007,20.3248691],[85.9073413,20.3252883],[85.9071565,20.3257531],[85.9071051,20.3259142],[85.906997,20.3261886],[85.9068147,20.3265863],[85.9067535,20.3267291],[85.9067471,20.3267652],[85.9067503,20.3267938],[85.9067599,20.3268194],[85.9067808,20.3268345],[85.9069189,20.3268736],[85.9073652,20.3269978],[85.9077204,20.3270989],[85.9078767,20.327135],[85.9079617,20.3271413],[85.9080852,20.3271486]]}},{"type":"Feature","properties":{"id":865229989,"highway":"residential"},"geometry":{"type":"LineString","coordinates":[[85.9049082,20.325802],[85.9046949,20.3260499],[85.9046369,20.3260977],[85.9045419,20.326163],[85.9044885,20.3262086],[85.9044167,20.3262934],[85.9043425,20.3264065],[85.9043355,20.3264434],[85.9043332,20.3264891],[85.90431,20.3266674],[85.9042706,20.3269174],[85.9042353,20.3270405],[85.9041879,20.3271416],[85.9041448,20.3271961],[85.9041017,20.3272305],[85.9039488,20.3273193],[85.903869,20.3273597],[85.9038044,20.3274123],[85.9036277,20.3276204],[85.9035569,20.3277618],[85.9035449,20.3278275],[85.9035429,20.3278688],[85.9035509,20.3279139],[85.9035809,20.3279683],[85.903627,20.3280227],[85.903687,20.3280622],[85.9039993,20.3281992],[85.9040133,20.3282142],[85.9040193,20.3282367],[85.9040173,20.3282611],[85.903821,20.3286918],[85.9037959,20.3287409],[85.9037929,20.3287647],[85.9037959,20.3287829],[85.9038078,20.3287983],[85.9038973,20.3288528],[85.9039093,20.3288682],[85.9039093,20.3288906],[85.9039018,20.3289102],[85.9036887,20.3293193],[85.9036306,20.3294105],[85.9036008,20.3294488],[85.9035153,20.3295448],[85.9033032,20.3297593],[85.903185,20.3298366],[85.902959,20.3299653],[85.9028759,20.3300225],[85.902758,20.3301239],[85.9024195,20.3304354],[85.902119,20.3307739],[85.9020692,20.3308332]]}},{"type":"Feature","properties":{"id":865229990,"highway":"residential"},"geometry":{"type":"LineString","coordinates":[[85.9034821,20.3336421],[85.9037494,20.3334217],[85.9040042,20.3332054],[85.9041218,20.3330783],[85.9041381,20.3330606],[85.9042155,20.3329959],[85.9042444,20.3329853],[85.9042717,20.3329838],[85.904299,20.3329898],[85.9044676,20.3330907],[85.9044949,20.3330982],[85.9045254,20.3331043],[85.9045752,20.3331013],[85.9047919,20.3330727],[85.9050241,20.3330251],[85.9050929,20.3330024],[85.9052864,20.3329327],[85.9053552,20.3329152],[85.9054036,20.332903],[85.9054687,20.3329013],[85.9056993,20.3329275],[85.9057365,20.332924],[85.9057755,20.3329152],[85.9060304,20.3328193],[85.9061255,20.332798],[85.9061686,20.332798],[85.9062117,20.3328142],[85.9064788,20.3329536],[85.9071747,20.3332647],[85.9074836,20.3334088],[85.9075171,20.3334105],[85.9075599,20.3333983],[85.9075822,20.3333826],[85.9076157,20.3333477],[85.907718,20.3331995],[85.9078457,20.333007],[85.9080051,20.3327706],[85.9080998,20.3326381],[85.9081519,20.3325858],[85.9082114,20.3325439],[85.9082858,20.3325003],[85.9083528,20.3324742],[85.9085034,20.3324218],[85.9086496,20.3323872],[85.9087296,20.3323834],[85.9088921,20.3323814],[85.909178,20.3323778],[85.9097883,20.3324024],[85.9101273,20.332416],[85.9106389,20.3324253],[85.9106717,20.3324267],[85.9106837,20.3324155],[85.9106917,20.3323892],[85.9107295,20.3320504],[85.9107558,20.3318148],[85.9107678,20.331796],[85.9107878,20.3317829],[85.9108158,20.3317773],[85.9111361,20.3317698],[85.9111722,20.3317623],[85.9112023,20.3317444]]}},{"type":"Feature","properties":{"id":865229991,"highway":"residential"},"geometry":{"type":"LineString","coordinates":[[85.9148097,20.3258153],[85.9150292,20.3257668],[85.9150552,20.3257703],[85.9150775,20.3257842],[85.9150999,20.3258139],[85.9153175,20.3262552],[85.9156271,20.3267869],[85.9156895,20.3268761],[85.915734,20.3269396],[85.9158576,20.3271162],[85.9158868,20.3271556],[85.9160407,20.3273634],[85.9160828,20.3274202],[85.916243,20.3276004],[85.9164191,20.32776],[85.9165725,20.3279068],[85.9166587,20.3280017],[85.9167233,20.3280826],[85.9167858,20.3281735],[85.9168547,20.3282967],[85.9171895,20.328913],[85.9172203,20.3289513],[85.9172388,20.3289609],[85.9172538,20.3289687],[85.9172891,20.3289687],[85.9173356,20.32896],[85.9173728,20.3289373],[85.9176611,20.3287298],[85.9178621,20.3286038],[85.9182025,20.3284224],[85.9184437,20.3282753],[85.9185888,20.328177],[85.9187687,20.3280234],[85.9189309,20.3278758],[85.919173,20.3276477],[85.9191912,20.3276341],[85.9193851,20.3274886],[85.9199796,20.3271191],[85.9203851,20.3268291],[85.9206486,20.3266262],[85.9206884,20.3266035],[85.9207212,20.3265986],[85.9207471,20.3266035],[85.9207748,20.3266213],[85.9210502,20.326812],[85.9212172,20.3269276],[85.9213661,20.327017],[85.9214822,20.3270827],[85.9217564,20.3272159],[85.9219246,20.3272985],[85.9219423,20.3273102],[85.9219722,20.3273297]]}},{"type":"Feature","properties":{"id":865229992,"highway":"residential"},"geometry":{"type":"LineString","coordinates":[[85.9205509,20.3243529],[85.9206015,20.3241157],[85.920641,20.3240332],[85.9206804,20.3239348],[85.9206938,20.3239012],[85.9207114,20.3238063],[85.9207224,20.3237547],[85.9207444,20.3237217],[85.920784,20.3236928],[85.9210348,20.3235814],[85.9212464,20.3235115],[85.9212587,20.3235074],[85.9218181,20.3233226],[85.922109,20.3232199],[85.9221742,20.3231969],[85.9223423,20.3231636],[85.9224015,20.3231769],[85.9224228,20.3231947],[85.9224394,20.3232213],[85.9224536,20.323268],[85.9225081,20.323541],[85.9224986,20.3235854],[85.9224773,20.3236343],[85.9224524,20.3236708],[85.9223953,20.3237453],[85.9223832,20.3237761],[85.9223694,20.3238312],[85.9223487,20.3239009],[85.9223297,20.3239301],[85.9223055,20.3239495],[85.9221741,20.3240144],[85.9221326,20.3240484],[85.9221084,20.324084],[85.9220998,20.3241213],[85.9221015,20.3241537],[85.9221333,20.3243944],[85.9221482,20.324506],[85.9221538,20.3245915],[85.9221575,20.3248409],[85.9221691,20.3249176],[85.9221802,20.3249612],[85.922197,20.3249943],[85.9222881,20.3251077],[85.9223067,20.3251443],[85.9223179,20.3251844],[85.9223179,20.325228],[85.9223086,20.3254269],[85.9223104,20.3254687],[85.922329,20.3255228],[85.9223661,20.3256274],[85.9223721,20.3256668],[85.9223761,20.3257156],[85.9223841,20.3259578],[85.9223737,20.3261371],[85.9223514,20.326261],[85.9223235,20.3263429],[85.9222413,20.3265553],[85.9221773,20.3266963],[85.9221514,20.326766],[85.9221272,20.3268308],[85.9220907,20.3269704],[85.9220586,20.3270547],[85.9220088,20.3271556],[85.9219246,20.3272985]]}},{"type":"Feature","properties":{"id":865229993,"highway":"residential"},"geometry":{"type":"LineString","coordinates":[[85.9227941,20.3373655],[85.9225245,20.337569],[85.9224197,20.3376275],[85.9223687,20.33765],[85.9222925,20.3376837],[85.9222176,20.3377258],[85.9221702,20.3377656],[85.9219278,20.3379884],[85.9217264,20.3381617],[85.9217157,20.3381709],[85.9213623,20.3384176],[85.9213403,20.338442],[85.9213343,20.3384608],[85.9213363,20.3384833],[85.9213883,20.3385603],[85.9213903,20.3385884],[85.9213843,20.3386091],[85.9213683,20.3386222],[85.9211721,20.3387611],[85.9209958,20.3388991],[85.9208651,20.3390014],[85.9206605,20.3391898],[85.9200813,20.3396633]]}},{"type":"Feature","properties":{"id":865229994,"highway":"residential"},"geometry":{"type":"LineString","coordinates":[[85.9203299,20.3400071],[85.9205279,20.3398854],[85.9205647,20.3398796],[85.9205892,20.3398892],[85.9206219,20.3399103],[85.9210574,20.3402226],[85.9212081,20.3403307],[85.9212392,20.340353],[85.9213067,20.3403952],[85.9213312,20.3403971],[85.9213496,20.3403933],[85.9213781,20.3403726],[85.9216201,20.3401545],[85.9216574,20.3401208],[85.921818,20.3399979],[85.9220399,20.339812],[85.9222037,20.339682],[85.9224998,20.3394801],[85.9225592,20.3394396],[85.9226975,20.3393633],[85.922777,20.3392964],[85.9228209,20.3392527],[85.9229415,20.3390753],[85.9230896,20.3388618],[85.9231143,20.3388361],[85.9231225,20.3388001],[85.9231061,20.338759],[85.9229493,20.3385902],[85.9228889,20.3385217],[85.922765,20.3382923],[85.9226507,20.3380362],[85.9225681,20.3378992],[85.9223687,20.33765]]}},{"type":"Feature","properties":{"id":865229996,"highway":"residential"},"geometry":{"type":"LineString","coordinates":[[85.9092021,20.3496466],[85.9092901,20.3496698],[85.909329,20.3496928],[85.9093923,20.3497464],[85.9096785,20.3500167],[85.9097051,20.3500339],[85.909746,20.3500492],[85.9097991,20.350055],[85.9101302,20.3500435],[85.9101798,20.3500389],[85.9102292,20.3500306],[85.9102927,20.350014],[85.9104251,20.3499644],[85.9106139,20.34989],[85.9108683,20.3497843],[85.911064,20.3496989],[85.9112569,20.3496006],[85.9113841,20.3495258],[85.9114791,20.349476],[85.9115398,20.3494546],[85.9115911,20.3494457],[85.9116348,20.3494475],[85.9117697,20.3494689],[85.9118228,20.3494653],[85.9118874,20.3494493],[85.9119368,20.3494243],[85.9121925,20.3492605],[85.9122476,20.3492391],[85.9122799,20.3492391],[85.9123121,20.3492498],[85.9126141,20.3495151],[85.9127483,20.3496033],[85.9129881,20.3495228],[85.9131553,20.3494527],[85.9132208,20.3493993],[85.9132488,20.3493587],[85.9132794,20.3492846],[85.9133252,20.3491675],[85.9133325,20.3490175],[85.9133148,20.3489068],[85.9132912,20.3486965],[85.9133018,20.3482274],[85.9132807,20.3481245],[85.9131896,20.3478609],[85.9131778,20.3477384],[85.9131896,20.347653],[85.9132332,20.3475491],[85.9134325,20.3472504],[85.9135725,20.3470666],[85.913716,20.3469424],[85.9137565,20.3468941],[85.9137638,20.3468458],[85.9137418,20.346694],[85.9137517,20.3466051],[85.9137811,20.3465395],[85.9138584,20.3464119],[85.9138731,20.3463498],[85.913862,20.346298],[85.9138216,20.3462463],[85.913656,20.3460531],[85.9136427,20.3459941],[85.9136427,20.3459354],[85.9136611,20.3458872],[85.9137237,20.3458251],[85.9143602,20.3452696],[85.914394,20.3452329],[85.9144145,20.3451848],[85.9144111,20.3451367],[85.9143124,20.3448982],[85.9143124,20.3448269],[85.9143176,20.3447864],[85.9143297,20.3447556],[85.914378,20.3446714],[85.9144688,20.3445402],[85.9145165,20.3444787],[85.9145553,20.3444465],[85.914603,20.3444143],[85.9147716,20.3443066],[85.9149627,20.3442128],[85.9152022,20.3440891],[85.9153471,20.3440142],[85.9153929,20.3439797],[85.915418,20.3439607],[85.9154681,20.3439137],[85.9155096,20.3438602],[85.9155407,20.3438084],[85.9155454,20.343772],[85.9155398,20.3435958],[85.9155472,20.3435662],[85.9155621,20.3435243],[85.9155911,20.3434912],[85.9160836,20.3431928],[85.9162947,20.3430913],[85.9163399,20.3430832],[85.9163787,20.3430873],[85.9164175,20.3430933],[85.916467,20.3431176],[85.916508,20.3431499],[85.9166452,20.3432939],[85.9166721,20.3433221],[85.9168957,20.3435372],[85.916964,20.3436029],[85.916997,20.34364],[85.9170578,20.3437464],[85.9171861,20.3439609],[85.9172698,20.3441039],[85.9173293,20.3442155],[85.9175048,20.3446378],[85.9175402,20.3446936],[85.917583,20.3447407],[85.9175944,20.3447464],[85.9176071,20.3447529],[85.9176295,20.3447529],[85.9176499,20.3447459],[85.9177392,20.344643],[85.9178582,20.3445279],[85.9179271,20.3444843],[85.9180052,20.3444529],[85.9180647,20.3444512],[85.9181168,20.3444616],[85.9181968,20.344493],[85.9182991,20.3445401],[85.9183214,20.3445471],[85.9183443,20.3445484],[85.9185727,20.3444696],[85.9186728,20.3444303],[85.9187063,20.3444171],[85.9187537,20.3443929],[85.9187789,20.3443662],[85.9187989,20.3443362],[85.918895,20.3441522],[85.918915,20.3441372],[85.918953,20.3441222],[85.9192015,20.344086],[85.9192753,20.3440753],[85.91933,20.344066],[85.9194195,20.3440509],[85.9194695,20.344034],[85.9195776,20.3439871],[85.919857,20.3438433],[85.9199237,20.3438055],[85.9202326,20.3436302],[85.9204849,20.3434616],[85.9207489,20.3432553],[85.9208997,20.3431523],[85.9210204,20.3430735],[85.9212181,20.34296],[85.9212646,20.3429333],[85.9214239,20.3428534],[85.9215289,20.3428007],[85.9216031,20.3427507],[85.9216611,20.3427072],[85.9217005,20.3426659],[85.9218212,20.3424837]]}},{"type":"Feature","properties":{"id":865229997,"highway":"residential"},"geometry":{"type":"LineString","coordinates":[[85.9192015,20.344086],[85.9192374,20.3443001],[85.919253,20.3443471],[85.9192841,20.3444136],[85.9193999,20.344621],[85.9194379,20.3447085],[85.9194828,20.344864],[85.9195098,20.3449225],[85.9195311,20.3449624],[85.9196589,20.3451667],[85.919775,20.3453487],[85.9198034,20.345382],[85.9198318,20.3453909],[85.9198531,20.3453909],[85.9198839,20.3453776],[85.9202177,20.3451733],[85.9202437,20.3451711],[85.920265,20.3451778],[85.9203099,20.345235],[85.9205603,20.345709]]}},{"type":"Feature","properties":{"id":865229998,"highway":"residential"},"geometry":{"type":"LineString","coordinates":[[85.9194059,20.3403469],[85.9196585,20.3402009],[85.9196927,20.3401937],[85.9197288,20.3401991],[85.9197611,20.3402204],[85.9200299,20.3405649],[85.9200404,20.3405783],[85.9203149,20.340904],[85.9205101,20.3411312],[85.9208284,20.3414471],[85.9211709,20.3417743],[85.921395,20.3419945],[85.9214596,20.342043],[85.9214876,20.3420531],[85.9215082,20.342058],[85.9215484,20.3420604],[85.9215824,20.3420573]]}},{"type":"Feature","properties":{"id":865229999,"highway":"residential"},"geometry":{"type":"LineString","coordinates":[[85.9209633,20.3372576],[85.9205044,20.3377323],[85.9199766,20.3382717],[85.9193999,20.3389116]]}},{"type":"Feature","properties":{"id":865230000,"highway":"residential"},"geometry":{"type":"LineString","coordinates":[[85.9205044,20.3377323],[85.9211627,20.3383406],[85.9212828,20.3384476],[85.9213068,20.3384664],[85.9213363,20.3384833]]}},{"type":"Feature","properties":{"id":865231523,"highway":"residential"},"geometry":{"type":"LineString","coordinates":[[85.910484,20.3288566],[85.9104729,20.3291546],[85.9104691,20.3292553],[85.9104507,20.329378],[85.9104098,20.3295428],[85.9104026,20.3295594],[85.9103832,20.3296041],[85.910297,20.329732],[85.9101979,20.3299846],[85.9101796,20.3300209],[85.9101441,20.3300916],[85.9101225,20.3301361],[85.9101096,20.3301805],[85.9101032,20.3302351],[85.9101105,20.3306096],[85.9101151,20.3306727],[85.9101267,20.330714],[85.9101906,20.3309201],[85.9102473,20.3311032],[85.9103498,20.3313186],[85.9104726,20.3315765],[85.9104841,20.3315964],[85.9105593,20.3317271],[85.9106804,20.3319579],[85.9107295,20.3320504]]}},{"type":"Feature","properties":{"id":865231527,"highway":"residential"},"geometry":{"type":"LineString","coordinates":[[85.9111199,20.3396024],[85.9117395,20.3400692],[85.9120314,20.3402891],[85.9120604,20.3403021],[85.912078,20.3402991],[85.9120949,20.3402876],[85.9127193,20.3395766],[85.9131919,20.3390386],[85.9132082,20.3390147],[85.9132058,20.3389869],[85.913175,20.3389625],[85.9123486,20.3382892]]}},{"type":"Feature","properties":{"id":865231528,"highway":"residential"},"geometry":{"type":"LineString","coordinates":[[85.9127459,20.3389411],[85.9117395,20.3400692]]}},{"type":"Feature","properties":{"id":865231531,"highway":"residential"},"geometry":{"type":"LineString","coordinates":[[85.9118575,20.344257],[85.911337,20.3437503],[85.9113116,20.3437235],[85.9113125,20.3436948],[85.9113338,20.3436759],[85.9115975,20.3434376],[85.9116102,20.3434078],[85.9116006,20.343384],[85.9115689,20.3433483],[85.9108828,20.3427556],[85.9108288,20.3427377],[85.9107716,20.3427258],[85.9107112,20.3427318],[85.9106898,20.3427291],[85.9106738,20.342727],[85.9104081,20.342489],[85.9103955,20.3424755],[85.9103668,20.3424447],[85.9102783,20.3423008],[85.910237,20.3422316],[85.9102041,20.3421867],[85.9093484,20.3415193]]}},{"type":"Feature","properties":{"id":865231533,"highway":"residential"},"geometry":{"type":"LineString","coordinates":[[85.9057829,20.3468707],[85.9060016,20.3466856],[85.9060338,20.3466757],[85.9060679,20.346676],[85.906102,20.3466922],[85.9063221,20.3468665],[85.907031,20.3462908],[85.9073141,20.3460407],[85.9077893,20.3455535],[85.9081324,20.3452056],[85.9081516,20.3451721],[85.9081406,20.3451464],[85.9081187,20.345113],[85.9078527,20.3449167],[85.9077736,20.3448584],[85.9072731,20.3444989],[85.9071355,20.3444],[85.906862,20.3442035]]}},{"type":"Feature","properties":{"id":865231534,"highway":"residential"},"geometry":{"type":"LineString","coordinates":[[85.906625,20.3449543],[85.9071355,20.3444]]}},{"type":"Feature","properties":{"id":865231535,"highway":"residential"},"geometry":{"type":"LineString","coordinates":[[85.9029695,20.336306],[85.9031499,20.3361299],[85.9034716,20.3358486],[85.9035037,20.335832],[85.9035326,20.335829],[85.9035615,20.335829],[85.9036241,20.3358471],[85.903804,20.3359133],[85.9038473,20.3359239],[85.9039132,20.3359314],[85.9042501,20.335968]]}},{"type":"Feature","properties":{"id":865231536,"highway":"residential"},"geometry":{"type":"LineString","coordinates":[[85.8997571,20.3370407],[85.8998613,20.3368887],[85.8999702,20.3367649],[85.9001253,20.3366325],[85.9002249,20.3365847],[85.9003245,20.336563],[85.9004403,20.3365326],[85.9005329,20.3365],[85.9007116,20.3364066],[85.9015107,20.3356568],[85.9017627,20.3354369],[85.9019449,20.3352801],[85.9020946,20.3351537],[85.9021998,20.3350436],[85.9022896,20.3349149],[85.9023773,20.3347713],[85.9024097,20.3347268],[85.9024312,20.3347046],[85.9024992,20.3346543],[85.9027075,20.3344747],[85.9029012,20.3342897],[85.9029872,20.3341902],[85.9031848,20.3339099],[85.9032706,20.3338208],[85.9033634,20.3337317],[85.9034821,20.3336421]]}},{"type":"Feature","properties":{"id":865231537,"highway":"residential"},"geometry":{"type":"LineString","coordinates":[[85.90506,20.3319552],[85.9047142,20.3322167],[85.9046224,20.3322961],[85.9046083,20.3323209],[85.9045959,20.332359],[85.9045867,20.3324235],[85.9046005,20.3325272],[85.9045988,20.3325515],[85.9045884,20.3325823],[85.9045677,20.3326131],[85.9043655,20.3328092],[85.9042998,20.3328772],[85.9042739,20.3329161],[85.9042444,20.3329853]]}},{"type":"Feature","properties":{"id":865231539,"highway":"residential"},"geometry":{"type":"LineString","coordinates":[[85.9097749,20.3243266],[85.9108425,20.3242167]]}},{"type":"Feature","properties":{"id":865231541,"highway":"residential"},"geometry":{"type":"LineString","coordinates":[[85.9137213,20.3260902],[85.9139095,20.3260283],[85.9139675,20.3260151],[85.9140456,20.3260057],[85.9148436,20.3260046]]}},{"type":"Feature","properties":{"id":865235458,"highway":"residential"},"geometry":{"type":"LineString","coordinates":[[85.9223521,20.3273061],[85.9226028,20.3272836],[85.9230396,20.3272643],[85.9233183,20.3272778],[85.9236062,20.3272874],[85.9236812,20.327282],[85.9237056,20.3272802],[85.923861,20.3272492],[85.9240776,20.3272157],[85.9241464,20.3272133],[85.9243197,20.3272372],[85.924363,20.3272372],[85.924391,20.3272253],[85.9245745,20.3270843],[85.9248588,20.3268669],[85.92492,20.3268406],[85.9249735,20.3268286],[85.9250423,20.3268262],[85.925399,20.3268525],[85.9254576,20.3268477],[85.9255137,20.3268382],[85.9259003,20.3267088],[85.9259869,20.3266753],[85.9261245,20.3266012],[85.9263211,20.3264952],[85.9263563,20.3264828],[85.9263805,20.3264869],[85.9264069,20.3265055],[85.9265213,20.3266891],[85.9265895,20.3268273],[85.9266269,20.3269243],[85.9266511,20.3270109],[85.9266841,20.3271883],[85.9266841,20.3272543],[85.9266592,20.3274611],[85.9266285,20.3276254],[85.9265716,20.3277719],[85.9264296,20.3280583],[85.9261961,20.3284575],[85.9259004,20.3288929],[85.9257672,20.3291232],[85.9257233,20.3292698],[85.9256987,20.3293469],[85.9256795,20.3293958],[85.9256411,20.3294524],[85.9253531,20.3297378],[85.9248716,20.3301771],[85.9247976,20.3302395]]}},{"type":"Feature","properties":{"id":865235459,"highway":"residential"},"geometry":{"type":"LineString","coordinates":[[85.9228558,20.3318873],[85.9230663,20.3317339],[85.9231481,20.3316822],[85.923189,20.3316726],[85.9232993,20.3316611],[85.9233688,20.3316496],[85.9234097,20.3316304],[85.9236385,20.3314994],[85.9239238,20.3313462],[85.9239951,20.3312913],[85.9240386,20.3312355],[85.9240715,20.3311933],[85.9242858,20.3309434],[85.9244064,20.3308112],[85.9245045,20.3307287],[85.9245842,20.3306732],[85.9246762,20.3306118],[85.9247028,20.3305792],[85.9247253,20.3305371],[85.924771,20.3303944],[85.9247995,20.3302626],[85.9247976,20.3302395],[85.9247767,20.3302235],[85.9247197,20.3302074],[85.9246723,20.3301878],[85.9246058,20.3301362],[85.9243126,20.3299106],[85.924086,20.3297517],[85.9240354,20.3297229],[85.923954,20.3296919],[85.9238329,20.3296583],[85.9237978,20.3296486],[85.9237384,20.3296115],[85.9237054,20.3295846],[85.923666,20.3295329],[85.923578,20.3293307],[85.9235333,20.3292182],[85.923521,20.329155],[85.9235128,20.3290457],[85.9235128,20.3289729],[85.9235391,20.3287958],[85.9235699,20.3286596],[85.9235773,20.3286408],[85.9236007,20.3285813],[85.9236277,20.3285333],[85.9237305,20.3283502],[85.9238383,20.3281542],[85.9238537,20.3281109],[85.9238537,20.3280779],[85.9238449,20.3280243],[85.9237723,20.3278242],[85.9237459,20.327719],[85.9237261,20.3276323],[85.9236812,20.327282]]}},{"type":"Feature","properties":{"id":865235460,"highway":"residential"},"geometry":{"type":"LineString","coordinates":[[85.9230521,20.3302504],[85.9231255,20.3302219],[85.9231666,20.3302193],[85.923205,20.3302347],[85.9232406,20.3302553],[85.9233805,20.3303865],[85.9235164,20.3305694],[85.9235697,20.330641],[85.923907,20.3310833],[85.9240386,20.3312355]]}},{"type":"Feature","properties":{"id":865235461,"highway":"residential"},"geometry":{"type":"LineString","coordinates":[[85.9187881,20.3335522],[85.918625,20.3337266],[85.9183949,20.3339477],[85.9183487,20.3339766],[85.9183223,20.3339828],[85.9182959,20.3339746],[85.9182651,20.333958],[85.9181991,20.3338776],[85.9180187,20.3335806],[85.9178427,20.3333578],[85.9175442,20.3330883]]}},{"type":"Feature","properties":{"id":865238937,"highway":"residential"},"geometry":{"type":"LineString","coordinates":[[85.9039935,20.3298408],[85.903924,20.3297641],[85.9038893,20.3297143],[85.903875,20.3296798],[85.9038443,20.3295782],[85.903832,20.3295514],[85.9038075,20.3295226],[85.9036306,20.3294105]]}},{"type":"Feature","properties":{"id":865238938,"highway":"residential"},"geometry":{"type":"LineString","coordinates":[[85.9099928,20.3284388],[85.9100685,20.3288528],[85.9100766,20.32887],[85.910093,20.3288834],[85.9101155,20.3288911],[85.9104303,20.3288681],[85.910484,20.3288566],[85.9105284,20.328847],[85.9106776,20.3288183],[85.9107369,20.3288144],[85.9111368,20.3288062]]}},{"type":"Feature","properties":{"id":865238939,"highway":"residential"},"geometry":{"type":"LineString","coordinates":[[85.9092031,20.33071],[85.9092828,20.3307406],[85.9093216,20.3307387],[85.9093686,20.330731],[85.9095322,20.3306831],[85.9095955,20.3306716],[85.909663,20.3306678],[85.9101151,20.3306727]]}},{"type":"Feature","properties":{"id":865238940,"highway":"residential"},"geometry":{"type":"LineString","coordinates":[[85.9105968,20.328154],[85.9111373,20.3281469]]}},{"type":"Feature","properties":{"id":865238941,"highway":"residential"},"geometry":{"type":"LineString","coordinates":[[85.9167965,20.3250516],[85.9167052,20.3248749],[85.9166722,20.324813],[85.9166106,20.3246047],[85.9165974,20.3245634],[85.9165798,20.3245511],[85.9165556,20.3245511],[85.9165138,20.3245634],[85.9163472,20.3246444],[85.9160634,20.3248218],[85.916015,20.3248589],[85.915982,20.324896],[85.9159644,20.3249332],[85.9159446,20.3250508],[85.915927,20.3251952],[85.9159072,20.3252674],[85.9158676,20.3253334],[85.9157532,20.3254963],[85.915718,20.3255211],[85.9156674,20.3255438],[85.9151461,20.3257109],[85.9151131,20.3257253],[85.9150552,20.3257703]]}},{"type":"Feature","properties":{"id":865238942,"highway":"residential"},"geometry":{"type":"LineString","coordinates":[[85.9163835,20.3259644],[85.9162277,20.3257415],[85.9162146,20.3257353],[85.9161847,20.3257414],[85.9159327,20.325896],[85.9156795,20.3260513],[85.9153175,20.3262552]]}},{"type":"Feature","properties":{"id":865238943,"highway":"residential"},"geometry":{"type":"LineString","coordinates":[[85.9166713,20.3254194],[85.9165273,20.3252252],[85.9163515,20.3249779]]}},{"type":"Feature","properties":{"id":865238944,"highway":"residential"},"geometry":{"type":"LineString","coordinates":[[85.9165273,20.3252252],[85.9167965,20.3250516],[85.9171537,20.3248213],[85.9171759,20.3248137],[85.9171936,20.3248153],[85.9172038,20.324832],[85.917535,20.3254008]]}},{"type":"Feature","properties":{"id":865238945,"highway":"residential"},"geometry":{"type":"LineString","coordinates":[[85.9166722,20.324813],[85.9164974,20.3248965],[85.9163515,20.3249779],[85.9163368,20.3249875],[85.916238,20.3250471],[85.9162256,20.3250703],[85.9162256,20.3251],[85.9162345,20.3251232],[85.916305,20.3252738]]}},{"type":"Feature","properties":{"id":865238946,"highway":"residential"},"geometry":{"type":"LineString","coordinates":[[85.9153125,20.327215],[85.9154456,20.327158],[85.9154598,20.3271447],[85.9154711,20.3271274],[85.9154796,20.3270783],[85.9154867,20.327065],[85.9155008,20.3270557],[85.915734,20.3269396]]}},{"type":"Feature","properties":{"id":865242007,"highway":"residential"},"geometry":{"type":"LineString","coordinates":[[85.9225734,20.3434711],[85.9227917,20.3438858],[85.9228041,20.343895],[85.9228231,20.3438964],[85.9231665,20.3437163],[85.9232769,20.3436607],[85.9233443,20.3436338],[85.923608,20.3435649],[85.9236326,20.3435514],[85.9236612,20.3435169],[85.9236877,20.343492],[85.9237245,20.3434824],[85.9243076,20.3434788]]}},{"type":"Feature","properties":{"id":865242009,"highway":"residential"},"geometry":{"type":"LineString","coordinates":[[85.9212009,20.3441317],[85.9211079,20.344201],[85.9208215,20.3444146],[85.9208091,20.3444312],[85.9208091,20.344456],[85.9208197,20.3444808],[85.9209535,20.3446567],[85.9211268,20.3448845],[85.9211478,20.3448903],[85.9211762,20.3448854],[85.9212028,20.3448694],[85.9212454,20.3448365],[85.9213851,20.3447287]]}},{"type":"Feature","properties":{"id":865242010,"highway":"residential"},"geometry":{"type":"LineString","coordinates":[[85.9212587,20.3444378],[85.9209535,20.3446567]]}},{"type":"Feature","properties":{"id":865242011,"highway":"residential"},"geometry":{"type":"LineString","coordinates":[[85.9186728,20.3444303],[85.9187297,20.3445489],[85.9187546,20.3445967],[85.9187803,20.3446362],[85.9188368,20.3447321],[85.9189409,20.3449042],[85.9190009,20.3450233],[85.9191882,20.3454605],[85.9191958,20.3454783],[85.9192171,20.3455049],[85.9192384,20.3455205],[85.9192763,20.3455249],[85.9193947,20.3455183],[85.9195983,20.3454739],[85.9197191,20.3454273],[85.9198034,20.345382]]}},{"type":"Feature","properties":{"id":865242012,"highway":"residential"},"geometry":{"type":"LineString","coordinates":[[85.9191882,20.3454605],[85.9190294,20.3454488],[85.9190066,20.3454435],[85.9189952,20.345431],[85.9189591,20.3453491],[85.9189117,20.3452245],[85.9188851,20.3452156],[85.9188547,20.345212],[85.9187559,20.3452316],[85.9187179,20.3452369],[85.9186382,20.3452334],[85.9182374,20.3452013],[85.9182165,20.3451942],[85.9181975,20.3451728],[85.918189,20.3451478],[85.9181035,20.3449109],[85.918075,20.3448736],[85.9180124,20.3448237],[85.9178528,20.3447453],[85.9178148,20.3447133],[85.9177392,20.344643]]}},{"type":"Feature","properties":{"id":865242013,"highway":"residential"},"geometry":{"type":"LineString","coordinates":[[85.9152567,20.3451101],[85.9156859,20.3448484],[85.9157922,20.3447825],[85.9158055,20.3447629],[85.9158036,20.3447451],[85.9157954,20.3447193],[85.9155481,20.3442785],[85.9154623,20.3441133],[85.9153929,20.3439797]]}},{"type":"Feature","properties":{"id":865242014,"highway":"residential"},"geometry":{"type":"LineString","coordinates":[[85.9160971,20.3435927],[85.9161636,20.3439988],[85.9161608,20.3440214],[85.9161509,20.34404],[85.9161339,20.3440533],[85.9161016,20.3440636],[85.915838,20.3440841],[85.9154623,20.3441133]]}},{"type":"Feature","properties":{"id":865242015,"highway":"residential"},"geometry":{"type":"LineString","coordinates":[[85.9162841,20.3442717],[85.9159398,20.3443574],[85.915917,20.3443574],[85.9158987,20.3443474],[85.9158865,20.3443274],[85.915838,20.3440841]]}},{"type":"Feature","properties":{"id":865242017,"highway":"residential"},"geometry":{"type":"LineString","coordinates":[[85.9173232,20.3433356],[85.9170231,20.3434471],[85.9169623,20.3434789],[85.9168957,20.3435372]]}},{"type":"Feature","properties":{"id":865242018,"highway":"residential"},"geometry":{"type":"LineString","coordinates":[[85.9195089,20.3415443],[85.919809,20.3413591],[85.9198356,20.3413306],[85.9198394,20.3413057],[85.9198318,20.3412665],[85.9198014,20.3412041],[85.9196627,20.3409406],[85.9196437,20.3408943],[85.9196418,20.3408694],[85.9196532,20.3408462],[85.9196752,20.340822],[85.9200299,20.3405649]]}},{"type":"Feature","properties":{"id":866868063,"highway":"residential"},"geometry":{"type":"LineString","coordinates":[[85.9212454,20.3448365],[85.9213335,20.3448736],[85.9213616,20.3448843]]}},{"type":"Feature","properties":{"id":866868064,"highway":"residential"},"geometry":{"type":"LineString","coordinates":[[85.9238329,20.3296583],[85.9237236,20.3297949],[85.9236752,20.3298754],[85.9236092,20.3300012],[85.923607,20.3300404],[85.9236202,20.3300693],[85.9236444,20.3301105],[85.9238116,20.3302797],[85.9238182,20.3303024],[85.9238116,20.3303251],[85.9237918,20.3303478],[85.9235164,20.3305694]]}},{"type":"Feature","properties":{"id":866924617,"highway":"residential"},"geometry":{"type":"LineString","coordinates":[[85.9154503,20.334477],[85.9155658,20.3345901],[85.9157602,20.3347697],[85.9158305,20.334806]]}},{"type":"Feature","properties":{"id":866924618,"highway":"residential"},"geometry":{"type":"LineString","coordinates":[[85.9153658,20.334411],[85.9154503,20.334477]]}},{"type":"Feature","properties":{"id":866924630,"highway":"residential"},"geometry":{"type":"LineString","coordinates":[[85.9039369,20.3304347],[85.9037388,20.3302033],[85.9037175,20.3301919],[85.9037007,20.3301962],[85.903663,20.3302228],[85.9034477,20.3303998],[85.9034195,20.3304065],[85.9033807,20.3304048],[85.9033507,20.3303949],[85.9031071,20.3301996],[85.9028759,20.3300225]]}},{"type":"Feature","properties":{"id":866924633,"highway":"residential"},"geometry":{"type":"LineString","coordinates":[[85.9106952,20.3267452],[85.9111191,20.3267061],[85.9111863,20.3267061],[85.9112109,20.3267107],[85.9112273,20.326723],[85.9112339,20.3267445],[85.9112109,20.3270244],[85.9111978,20.3270428],[85.9111749,20.3270536],[85.9111454,20.3270597],[85.9108166,20.3270789]]}},{"type":"Feature","properties":{"id":866924971,"highway":"residential"},"geometry":{"type":"LineString","coordinates":[[85.9087309,20.3315715],[85.9088326,20.331573],[85.9088539,20.3315807],[85.908867,20.3315976],[85.9089162,20.3318482],[85.9089245,20.3318625],[85.9089373,20.3318745],[85.9089528,20.3318758],[85.9091864,20.3318293],[85.9092048,20.3318333],[85.9092133,20.3318453],[85.9092162,20.3318662],[85.9092297,20.3319931],[85.9092429,20.3320178],[85.9092649,20.3320364],[85.9092979,20.3320446],[85.9096333,20.3320543],[85.9097269,20.332057],[85.9097599,20.3320652],[85.9097753,20.3320859],[85.9097797,20.3321271],[85.9097883,20.3324024]]}},{"type":"Feature","properties":{"id":866924972,"highway":"residential"},"geometry":{"type":"LineString","coordinates":[[85.909612,20.3317672],[85.9096333,20.3320543]]}},{"type":"Feature","properties":{"id":866924973,"highway":"residential"},"geometry":{"type":"LineString","coordinates":[[85.9089373,20.3318745],[85.9089047,20.3320218],[85.9088906,20.3321094],[85.9088849,20.3321638],[85.9088921,20.3323814]]}},{"type":"Feature","properties":{"id":866927908,"highway":"residential"},"geometry":{"type":"LineString","coordinates":[[85.9232448,20.3445625],[85.9232554,20.3447386],[85.9232638,20.3447638],[85.923278,20.3447797],[85.9233021,20.3447877],[85.9233743,20.3447943],[85.9238952,20.3448235],[85.9239448,20.3448195],[85.9239646,20.3448103],[85.9239787,20.3447996],[85.9239858,20.3447837],[85.9239443,20.3444644]]}},{"type":"Feature","properties":{"id":866927910,"highway":"residential"},"geometry":{"type":"LineString","coordinates":[[85.9196252,20.3431442],[85.9198095,20.3434441],[85.9198628,20.3435341],[85.9198826,20.3435713],[85.9199168,20.3436801],[85.9199182,20.3437307],[85.9199129,20.343759],[85.9199168,20.3437837],[85.9199237,20.3438055]]}},{"type":"Feature","properties":{"id":866927911,"highway":"residential"},"geometry":{"type":"LineString","coordinates":[[85.9191347,20.3433658],[85.91933,20.344066]]}},{"type":"Feature","properties":{"id":866927916,"highway":"residential"},"geometry":{"type":"LineString","coordinates":[[85.9212081,20.3403307],[85.9207173,20.3406171]]}},{"type":"Feature","properties":{"id":866927917,"highway":"residential"},"geometry":{"type":"LineString","coordinates":[[85.9210574,20.3402226],[85.9212478,20.3400553],[85.9213378,20.3399825],[85.9213802,20.3399593],[85.9214049,20.3399527],[85.9214313,20.339956],[85.9214596,20.3399692],[85.9216201,20.3401545]]}},{"type":"Feature","properties":{"id":866927918,"highway":"residential"},"geometry":{"type":"LineString","coordinates":[[85.9217264,20.3381617],[85.9218308,20.3383214],[85.9218369,20.3383442],[85.9218354,20.3383599],[85.9218201,20.3383785],[85.9215017,20.3385728],[85.9214743,20.3385828],[85.9213903,20.3385884]]}},{"type":"Feature","properties":{"id":866927919,"highway":"residential"},"geometry":{"type":"LineString","coordinates":[[85.922293,20.3391364],[85.9224998,20.3394801]]}},{"type":"Feature","properties":{"id":866927920,"highway":"residential"},"geometry":{"type":"LineString","coordinates":[[85.9215693,20.3413622],[85.9216365,20.3415297],[85.9216365,20.3415605],[85.9216234,20.3415851],[85.9215939,20.3416051],[85.9213823,20.3417046]]}},{"type":"Feature","properties":{"id":866941594,"highway":"residential"},"geometry":{"type":"LineString","coordinates":[[85.9100866,20.3319515],[85.9101149,20.3318108],[85.9101396,20.3317512],[85.910166,20.3317165],[85.9102013,20.331695],[85.9104841,20.3315964]]}},{"type":"Feature","properties":{"id":866941595,"highway":"residential"},"geometry":{"type":"LineString","coordinates":[[85.9103498,20.3313186],[85.9105279,20.3312532],[85.9105624,20.3312425],[85.9106066,20.3312394],[85.9106263,20.331244],[85.9106706,20.3312763],[85.910687,20.3312825],[85.9107181,20.331284],[85.9108887,20.3312732],[85.91091,20.3312778],[85.9109559,20.3313071],[85.9109723,20.3313117],[85.9111417,20.3313103]]}},{"type":"Feature","properties":{"id":866941596,"highway":"residential"},"geometry":{"type":"LineString","coordinates":[[85.9101906,20.3309201],[85.910463,20.3308785],[85.9106077,20.3308669],[85.9107436,20.3308669],[85.9107947,20.3308752],[85.9109359,20.3308885],[85.9109942,20.3308851],[85.9111698,20.3308716]]}},{"type":"Feature","properties":{"id":866941603,"highway":"residential"},"geometry":{"type":"LineString","coordinates":[[85.9241436,20.3291947],[85.9243221,20.3289293],[85.9243297,20.3289097],[85.9243259,20.3288919],[85.9243107,20.3288759],[85.9241227,20.3287761],[85.9236277,20.3285333]]}},{"type":"Feature","properties":{"id":866941608,"highway":"residential"},"geometry":{"type":"LineString","coordinates":[[85.9167443,20.3289439],[85.9168298,20.3290418],[85.9168545,20.3290525],[85.916883,20.3290489],[85.9171811,20.3289937],[85.9172096,20.3289848],[85.9172388,20.3289609]]}},{"type":"Feature","properties":{"id":866941610,"highway":"residential"},"geometry":{"type":"LineString","coordinates":[[85.9151645,20.3278283],[85.9153296,20.3278833],[85.9153991,20.3278948],[85.9154359,20.3278968],[85.915489,20.3278833],[85.9156935,20.3278009],[85.9157302,20.3277913],[85.9157834,20.3277894],[85.9159449,20.3277798],[85.9159919,20.3277664],[85.9160389,20.3277492],[85.916243,20.3276004]]}},{"type":"Feature","properties":{"id":866941614,"highway":"residential"},"geometry":{"type":"LineString","coordinates":[[85.9161433,20.3261615],[85.9159327,20.325896]]}},{"type":"Feature","properties":{"id":866941617,"highway":"residential"},"geometry":{"type":"LineString","coordinates":[[85.9104026,20.3295594],[85.9106624,20.3295315],[85.9108638,20.3295137],[85.9110615,20.3295121]]}},{"type":"Feature","properties":{"id":866941618,"highway":"residential"},"geometry":{"type":"LineString","coordinates":[[85.9101796,20.3300209],[85.9103305,20.3300177],[85.9103584,20.3300269],[85.9103764,20.3300423],[85.9105469,20.3301991],[85.9105879,20.3302283],[85.9106207,20.3302453],[85.9107535,20.3302914],[85.9107978,20.3303098],[85.9108289,20.3303344],[85.910906,20.3304267],[85.9109306,20.3304436],[85.9109749,20.3304559],[85.9111437,20.3304948]]}},{"type":"Feature","properties":{"id":866944401,"highway":"unclassified"},"geometry":{"type":"LineString","coordinates":[[85.9266043,20.3422428],[85.9270441,20.3424541],[85.9277844,20.3427559],[85.9281063,20.343118],[85.9284603,20.3437819],[85.9286749,20.3443956],[85.9285355,20.3447577],[85.9282994,20.3453009],[85.9281492,20.3457436],[85.9279883,20.3462063],[85.927763,20.34683],[85.9278381,20.347333],[85.9280419,20.3477655],[85.9283745,20.3483992],[85.9284603,20.3487111],[85.929544,20.3489223],[85.9301877,20.3491034],[85.9309387,20.3490028],[85.932076,20.3488016],[85.9327197,20.3486205],[85.9332561,20.3483691],[85.9336746,20.3479365],[85.9345972,20.3472424],[85.9350693,20.3469004],[85.935595,20.3463974],[85.93611,20.3460554],[85.9366572,20.3455927],[85.937258,20.3452003],[85.937612,20.3449287],[85.9379661,20.3446773]]}},{"type":"Feature","properties":{"id":866944402,"highway":"unclassified"},"geometry":{"type":"LineString","coordinates":[[85.9266043,20.3422428],[85.9277713,20.3420384],[85.9291925,20.3417683],[85.9297878,20.3416107],[85.9302055,20.3415207],[85.9308969,20.3416107],[85.9313194,20.3416107],[85.9318044,20.3416242],[85.9320252,20.3416827],[85.9326638,20.3418583],[85.9331199,20.3421239],[85.9339073,20.342178],[85.9346179,20.3422365],[85.9350693,20.3425246],[85.9354101,20.3426191],[85.9356694,20.3426506],[85.9363944,20.3426191],[85.9369274,20.3426506],[85.9372154,20.3427902],[85.9376475,20.3427542],[85.93783,20.3426732],[85.938603,20.3427632],[85.9387758,20.3427272],[85.9391696,20.3425921],[85.9396881,20.3424931],[85.940994,20.3421554],[85.9410452,20.3421411],[85.942492,20.3417368],[85.9433611,20.3418763],[85.9437788,20.3418358],[85.9439708,20.3418493],[85.9443693,20.3417548],[85.9447871,20.3414441],[85.9449503,20.3414441],[85.945248,20.3414982],[85.9456177,20.3413181],[85.9457617,20.341165],[85.9457617,20.3408229],[85.9457905,20.3405753],[85.9457782,20.3405457],[85.9455217,20.3399315],[85.945359,20.3394673],[85.9452248,20.3390122],[85.9452454,20.3388508],[85.9457342,20.3382052],[85.9458616,20.338089],[85.9459374,20.3377727],[85.9464193,20.337324],[85.9468117,20.3368721],[85.9473005,20.3364396],[85.947779,20.3359199],[85.9481784,20.3355132],[85.948798,20.3347353],[85.9492853,20.3341686],[85.949428,20.3340026],[85.949693,20.333725],[85.9499891,20.3332731],[85.9502025,20.3329245],[85.9504219,20.3325494]]}},{"type":"Feature","properties":{"id":866944403,"highway":"residential"},"geometry":{"type":"LineString","coordinates":[[85.9111392,20.328384],[85.9115571,20.328395],[85.9117059,20.3284163],[85.9118055,20.3284897],[85.91186,20.3285258],[85.9120381,20.3285195],[85.9122158,20.3285018],[85.9124943,20.3284237],[85.9126924,20.3283774],[85.9130016,20.3283049],[85.913199,20.328231],[85.9134338,20.3281102],[85.9136623,20.3280311],[85.9139269,20.3279964],[85.9142895,20.3279466],[85.9144548,20.3279288],[85.9146094,20.3279121],[85.9149603,20.3278594],[85.9151645,20.3278283]]}},{"type":"Feature","properties":{"id":866951717,"highway":"residential"},"geometry":{"type":"LineString","coordinates":[[85.9214102,20.3239297],[85.9212464,20.3235115]]}},{"type":"Feature","properties":{"id":866951723,"highway":"residential"},"geometry":{"type":"LineString","coordinates":[[85.9233476,20.3310478],[85.9230684,20.3307344],[85.9229849,20.3306347],[85.9228085,20.3304141]]}},{"type":"Feature","properties":{"id":866951724,"highway":"residential"},"geometry":{"type":"LineString","coordinates":[[85.9207639,20.3325279],[85.9204692,20.3319772]]}},{"type":"Feature","properties":{"id":866951739,"highway":"residential"},"geometry":{"type":"LineString","coordinates":[[85.9087763,20.345625],[85.9083938,20.345326],[85.908268,20.3452312],[85.9081516,20.3451721]]}},{"type":"Feature","properties":{"id":866951740,"highway":"residential"},"geometry":{"type":"LineString","coordinates":[[85.9087531,20.3449188],[85.9083938,20.345326]]}},{"type":"Feature","properties":{"id":866955429,"highway":"residential"},"geometry":{"type":"LineString","coordinates":[[85.9213616,20.3448843],[85.9214291,20.3449025]]}},{"type":"Feature","properties":{"id":866955430,"highway":"residential"},"geometry":{"type":"LineString","coordinates":[[85.9214291,20.3449025],[85.9214942,20.3449284],[85.9217236,20.3450586]]}},{"type":"Feature","properties":{"id":866955431,"highway":"residential"},"geometry":{"type":"LineString","coordinates":[[85.9206056,20.3457923],[85.9207147,20.345972],[85.9207763,20.3460474],[85.9208189,20.3460852],[85.9209233,20.3461541]]}},{"type":"Feature","properties":{"id":866955432,"highway":"residential"},"geometry":{"type":"LineString","coordinates":[[85.9205603,20.345709],[85.9206056,20.3457923]]}},{"type":"Feature","properties":{"id":866955433,"highway":"residential"},"geometry":{"type":"LineString","coordinates":[[85.9208781,20.3439287],[85.9211079,20.344201]]}},{"type":"Feature","properties":{"id":866955440,"highway":"residential"},"geometry":{"type":"LineString","coordinates":[[85.9220721,20.3274098],[85.9221719,20.3274899]]}},{"type":"Feature","properties":{"id":866955441,"highway":"residential"},"geometry":{"type":"LineString","coordinates":[[85.9219722,20.3273297],[85.9220721,20.3274098]]}},{"type":"Feature","properties":{"id":866955442,"highway":"tertiary"},"geometry":{"type":"LineString","coordinates":[[85.9091982,20.3414328],[85.9092648,20.3414975]]}},{"type":"Feature","properties":{"id":866955443,"highway":"tertiary"},"geometry":{"type":"LineString","coordinates":[[85.9091317,20.3413681],[85.9091982,20.3414328]]}},{"type":"Feature","properties":{"id":866955444,"highway":"unclassified"},"geometry":{"type":"LineString","coordinates":[[85.9215286,20.3419511],[85.9215712,20.3420346]]}},{"type":"Feature","properties":{"id":866955445,"highway":"unclassified"},"geometry":{"type":"LineString","coordinates":[[85.9215712,20.3420346],[85.9215824,20.3420573],[85.9217302,20.3423653],[85.9218212,20.3424837],[85.9218519,20.3424996],[85.921905,20.3425116],[85.9222605,20.3425528],[85.9223459,20.342548],[85.9226163,20.3425215],[85.9228112,20.3424658],[85.9229405,20.3424289],[85.9232864,20.3423745],[85.9238589,20.3423467],[85.9238785,20.3423529],[85.9240079,20.3423937],[85.9242496,20.3424136],[85.9243737,20.3428894],[85.9243045,20.3434639],[85.9243076,20.3434788],[85.9244478,20.3441541],[85.9245409,20.3443172],[85.9248385,20.3442686],[85.9251013,20.3448401],[85.9253684,20.3454254],[85.9256502,20.3457061],[85.9260035,20.3462163],[85.9266258,20.3465181],[85.9267974,20.3468802],[85.9269262,20.3474737]]}},{"type":"Feature","properties":{"id":866955446,"highway":"residential"},"geometry":{"type":"LineString","coordinates":[[85.9223275,20.3415543],[85.9223858,20.3416512],[85.9223992,20.3416801],[85.922397,20.3417172],[85.9223505,20.3417515],[85.9222629,20.3417974],[85.922094,20.3418589],[85.9218923,20.3419188],[85.921812,20.3419281],[85.9217513,20.3419265],[85.9216004,20.3419234],[85.9215064,20.3419121]]}},{"type":"Feature","properties":{"id":866970995,"highway":"unclassified"},"geometry":{"type":"LineString","coordinates":[[85.9461282,20.298968],[85.9461485,20.2989863],[85.9463352,20.2991502],[85.9466778,20.299484],[85.947036,20.2998108],[85.9471422,20.2999428],[85.9471965,20.3000284],[85.9472187,20.3000932],[85.9472261,20.3001696],[85.9472334,20.3002617],[85.9472409,20.3003571],[85.9472656,20.3005353],[85.9473901,20.3009868],[85.9474889,20.3013089],[85.9474946,20.3013276],[85.9475531,20.3014397],[85.947654,20.3016365],[85.9477851,20.3018797],[85.9478723,20.302041],[85.9478746,20.3020754],[85.9478631,20.3021227],[85.9477943,20.3022647],[85.9477943,20.302312],[85.9477989,20.3023572],[85.9478149,20.3023916],[85.9479135,20.3024927],[85.9483466,20.3029205],[85.9483811,20.3029454],[85.9484183,20.3029479],[85.9485671,20.3029629],[85.9486043,20.3029778],[85.9486361,20.3030027],[85.9487875,20.3031721],[85.9491907,20.303672],[85.9493586,20.303922],[85.949403,20.3039683],[85.9494573,20.3039915],[85.9495363,20.3040077],[85.9496449,20.3040447],[85.9496868,20.3040702],[85.9497165,20.3041049],[85.9498102,20.3042808],[85.950054,20.3047376],[85.9501453,20.3048695],[85.9503477,20.3051866],[85.9505739,20.3054907],[85.9506668,20.3055953],[85.9507173,20.3056401],[85.9507784,20.305675],[85.9508767,20.3057099],[85.9511241,20.305792],[85.9513122,20.3058609],[85.9513901,20.3059017],[85.9514521,20.305962],[85.9515575,20.3060802],[85.9518476,20.3064823],[85.9519026,20.3065296],[85.9519577,20.3065597],[85.9520379,20.3065855],[85.9521205,20.3065942],[85.9521962,20.3065942],[85.9522558,20.3065748],[85.9523154,20.3065404],[85.9523888,20.3064716],[85.9526034,20.3062579],[85.9526676,20.306207],[85.9527343,20.3061676],[85.9528231,20.3061375],[85.9529885,20.3061074],[85.9531686,20.3060797],[85.9532575,20.3060565],[85.9534426,20.3059732],[85.9540024,20.3056787],[85.9542985,20.3055213],[85.954803,20.3052742],[85.9549465,20.3052069],[85.9550501,20.305167],[85.9553741,20.3050749],[85.9554592,20.3050375],[85.9555335,20.3049976],[85.9558958,20.3047798],[85.9563075,20.3045406],[85.9567622,20.3042463],[85.9569929,20.3041107],[85.9571222,20.304027],[85.9571837,20.3039751],[85.9573345,20.3038424],[85.9576327,20.3035541],[85.9577608,20.3034305],[85.9579331,20.3032643],[85.9583687,20.3028311],[85.9585226,20.3026724],[85.9588802,20.3023594],[85.9590369,20.3022348],[85.9591751,20.3021551],[85.9593982,20.3020206],[85.959608,20.301906],[85.959794,20.3018213],[85.9600941,20.3017216],[85.9605684,20.3015592],[85.9609923,20.3014101],[85.9611347,20.3013542],[85.9612671,20.3012828],[85.961819,20.3009719],[85.962214,20.300774],[85.9626333,20.3005215],[85.9630643,20.3002923],[85.9631931,20.3002423],[85.9633841,20.3001923],[85.9641438,20.3000881],[85.9644301,20.3000265],[85.9651138,20.2998292],[85.9658789,20.2996005],[85.9669231,20.2992563],[85.9675451,20.2990696],[85.9679288,20.298926],[85.9681724,20.2988253],[85.9684531,20.2986743],[85.9686767,20.2985116],[85.9690307,20.2982564],[85.9695799,20.2978562],[85.9697168,20.2977545],[85.9697499,20.297711],[85.9697599,20.2976582],[85.9697499,20.2975805],[85.9697168,20.297506],[85.9694122,20.2970153],[85.969416,20.2969825],[85.9694407,20.296945],[85.9694837,20.2969219],[85.9697668,20.2968526],[85.969804,20.2968441]]}},{"type":"Feature","properties":{"id":866974283,"highway":"residential"},"geometry":{"type":"LineString","coordinates":[[85.9458135,20.3020948],[85.9463527,20.3024743],[85.9464582,20.3025926],[85.9465063,20.3026507],[85.9465132,20.3026829],[85.9465086,20.3027131],[85.9464938,20.3027626],[85.9463156,20.3031175],[85.9462848,20.3031897],[85.9462848,20.3032165],[85.9462892,20.3032454],[85.9464168,20.3034146],[85.9464278,20.3034517],[85.9464212,20.3034744],[85.9463992,20.3035095],[85.9463105,20.303625],[85.9460239,20.3039491],[85.9459748,20.3040046],[85.9454759,20.3045802],[85.9450462,20.3050632],[85.9450301,20.3050944],[85.9450301,20.3051136],[85.9450362,20.3051366],[85.9451609,20.305313],[85.9451732,20.3053436],[85.9451752,20.305382],[85.9451528,20.3054623],[85.9450275,20.3057038],[85.9449423,20.3058659],[85.9449115,20.3059104],[85.944902,20.3059481],[85.9448949,20.3061413],[85.9448807,20.3062523],[85.9448594,20.3062923],[85.9448358,20.3063189],[85.9447525,20.3063789],[85.9447206,20.3064019],[85.9447017,20.3064087],[85.9446864,20.3063997],[85.9445628,20.3062916],[85.944546,20.3062845],[85.9445277,20.3062902],[85.9443769,20.3064231],[85.9443525,20.3064388],[85.9443053,20.3064545],[85.9442439,20.306465],[85.9442272,20.306476],[85.9442126,20.3064959],[85.9441425,20.3066246],[85.9441301,20.3066643],[85.9441266,20.3067156],[85.9441142,20.3067421],[85.9440966,20.3067702],[85.9439245,20.3069182],[85.9437963,20.3070196],[85.9436092,20.3071676],[85.9435865,20.3071783],[85.9435637,20.3071765],[85.9435352,20.3071694],[85.9433737,20.3070785],[85.9432693,20.3070198],[85.9432484,20.3070162],[85.9432256,20.3070215],[85.9431196,20.3070434]]}},{"type":"Feature","properties":{"id":866974288,"highway":"residential"},"geometry":{"type":"LineString","coordinates":[[85.9337419,20.3002767],[85.9338308,20.3003567],[85.9338764,20.3003976],[85.934044,20.3005483],[85.9340744,20.3005757],[85.9341016,20.3005988],[85.9342306,20.3007086],[85.9343207,20.3007852],[85.9343703,20.3008274],[85.9345532,20.3009925]]}},{"type":"Feature","properties":{"id":866974289,"highway":"residential"},"geometry":{"type":"LineString","coordinates":[[85.9334506,20.301008],[85.9338764,20.3003976]]}},{"type":"Feature","properties":{"id":866974290,"highway":"residential"},"geometry":{"type":"LineString","coordinates":[[85.9337327,20.3011199],[85.9341016,20.3005988]]}},{"type":"Feature","properties":{"id":866974291,"highway":"residential"},"geometry":{"type":"LineString","coordinates":[[85.9342074,20.2997691],[85.9338308,20.3003567]]}},{"type":"Feature","properties":{"id":866974292,"highway":"residential"},"geometry":{"type":"LineString","coordinates":[[85.9344666,20.2999111],[85.934044,20.3005483]]}},{"type":"Feature","properties":{"id":866974293,"highway":"residential"},"geometry":{"type":"LineString","coordinates":[[85.9347257,20.3000358],[85.9342306,20.3007086]]}},{"type":"Feature","properties":{"id":866974294,"highway":"residential"},"geometry":{"type":"LineString","coordinates":[[85.9339414,20.3013156],[85.9343207,20.3007852]]}},{"type":"Feature","properties":{"id":866977741,"highway":"residential"},"geometry":{"type":"LineString","coordinates":[[85.9080503,20.3216967],[85.9080515,20.321676],[85.90806,20.3216393],[85.9082172,20.3212653],[85.9085832,20.3204532],[85.9090306,20.3194755],[85.9093811,20.3187191],[85.909454,20.318559],[85.9096606,20.3181053],[85.9098624,20.3176149],[85.9099866,20.3172539],[85.91,20.3172149],[85.9102499,20.3164672],[85.9103248,20.316243],[85.9107597,20.3148545]]}},{"type":"Feature","properties":{"id":866977742,"highway":"residential"},"geometry":{"type":"LineString","coordinates":[[85.9086242,20.3031482],[85.9090981,20.3033641],[85.909232,20.3034284],[85.9093451,20.3034871],[85.9094799,20.3035877],[85.909661,20.3037535],[85.9097937,20.3038995],[85.9099,20.3039964],[85.9099738,20.304049],[85.910173,20.3041593],[85.910267,20.3042044],[85.9103653,20.3042309]]}},{"type":"Feature","properties":{"id":867273410,"highway":"residential"},"geometry":{"type":"LineString","coordinates":[[85.9472334,20.3002617],[85.9469995,20.300525],[85.9465627,20.3009734],[85.9463413,20.3012253],[85.9462587,20.3013526],[85.9461305,20.3015744]]}},{"type":"Feature","properties":{"id":867273416,"highway":"residential"},"geometry":{"type":"LineString","coordinates":[[85.9288853,20.3007588],[85.9290141,20.3006169],[85.9290222,20.3005939],[85.9290181,20.3005709],[85.9289895,20.3005345],[85.9286137,20.3001427],[85.9286021,20.3001305]]}},{"type":"Feature","properties":{"id":867293633,"highway":"unclassified"},"geometry":{"type":"LineString","coordinates":[[85.9290084,20.3056275],[85.9290341,20.3056538],[85.9290598,20.3056854],[85.9293588,20.3062424],[85.9295735,20.3066912],[85.9296196,20.3068008],[85.9296331,20.3068331],[85.9296538,20.3069277],[85.929679,20.3070977],[85.9297474,20.3074328],[85.9298263,20.3077349],[85.9298431,20.307799],[85.9299041,20.3079609],[85.9299626,20.3080805],[85.9300077,20.3081602],[85.930039,20.3081975],[85.9300643,20.3082278],[85.9301358,20.3082926],[85.9303185,20.3084037],[85.9308022,20.308663],[85.9309359,20.3087471],[85.9309557,20.3087768],[85.9309636,20.3088065],[85.9309577,20.3088381],[85.930926,20.3088808],[85.9306765,20.3091277],[85.9306343,20.3091653],[85.9304375,20.3093405],[85.9301371,20.3096094],[85.9300156,20.3097427],[85.9299605,20.3098417],[85.9299376,20.3099234],[85.9299192,20.3100524],[85.929906,20.3101658],[85.9298343,20.3107833],[85.9298242,20.3109202],[85.929804,20.3111929],[85.9297676,20.3116829],[85.9297689,20.3117214],[85.9297783,20.3119986],[85.9297975,20.3121445],[85.9298188,20.3122214],[85.9298806,20.3123772],[85.9300041,20.312641],[85.930083,20.3128548],[85.9301579,20.3131048],[85.9302242,20.3133533],[85.9302818,20.3135693],[85.9303026,20.3136549],[85.9304195,20.3141362],[85.9304513,20.3143828],[85.930445,20.3144179],[85.9304242,20.3144681]]}},{"type":"Feature","properties":{"id":867293634,"highway":"unclassified"},"geometry":{"type":"LineString","coordinates":[[85.9289178,20.3055962],[85.9290084,20.3056275]]}},{"type":"Feature","properties":{"id":867577342,"highway":"residential"},"geometry":{"type":"LineString","coordinates":[[85.9115872,20.3024365],[85.9123349,20.3012086],[85.9125049,20.3008311],[85.9125184,20.3007624],[85.9125547,20.3000242]]}},{"type":"Feature","properties":{"id":867577343,"highway":"residential"},"geometry":{"type":"LineString","coordinates":[[85.9108002,20.3041641],[85.9112901,20.3030032],[85.9114848,20.3026615],[85.9115766,20.302478],[85.9115872,20.3024365],[85.911566,20.3024133],[85.911215,20.3022652],[85.9111874,20.3022451],[85.9111708,20.302225],[85.9111648,20.3021962],[85.9111678,20.3021674],[85.9114659,20.3016212],[85.9116322,20.3012388],[85.9118468,20.3008916],[85.9120302,20.3006342],[85.9123081,20.3003179],[85.9125547,20.3000242],[85.9127963,20.2997443],[85.9130806,20.2994122],[85.913368,20.2990048],[85.9135984,20.2986784],[85.9137899,20.2984068],[85.9138811,20.2982776],[85.9140043,20.298135],[85.9140457,20.2981056],[85.9140956,20.2980777],[85.9141424,20.2980461],[85.9141709,20.2980212],[85.9141949,20.2979944],[85.9143422,20.2978134]]}},{"type":"Feature","properties":{"id":867584860,"highway":"residential"},"geometry":{"type":"LineString","coordinates":[[85.9011426,20.3022875],[85.9011894,20.3022091],[85.9012162,20.3021778],[85.9012327,20.3021642],[85.9012597,20.3021605],[85.9013533,20.3021668],[85.9020607,20.3021825],[85.902151,20.3021966]]}},{"type":"Feature","properties":{"id":867584861,"highway":"residential"},"geometry":{"type":"LineString","coordinates":[[85.9021109,20.3027314],[85.902151,20.3021966],[85.9021861,20.3020052],[85.9022628,20.3017097]]}},{"type":"Feature","properties":{"id":867588961,"highway":"residential"},"geometry":{"type":"LineString","coordinates":[[85.9206687,20.3012463],[85.9206021,20.3012111],[85.9204792,20.3011451],[85.9204587,20.3011281],[85.9204065,20.3010477],[85.9203695,20.3010066],[85.9203074,20.3009563],[85.9202711,20.3009307],[85.92024,20.3009166],[85.9202005,20.300912],[85.920164,20.3009263],[85.9201322,20.3009583],[85.9201053,20.3009995],[85.920031,20.3011369]]}},{"type":"Feature","properties":{"id":867588965,"highway":"residential"},"geometry":{"type":"LineString","coordinates":[[85.9209234,20.3005324],[85.920951,20.3004985],[85.920969,20.3004834],[85.92099,20.3004769],[85.9210262,20.3004742],[85.9210472,20.3004716],[85.921064,20.3004592],[85.9210851,20.30043],[85.9211803,20.3002923]]}},{"type":"Feature","properties":{"id":867588966,"highway":"residential"},"geometry":{"type":"LineString","coordinates":[[85.9210472,20.3004716],[85.9210604,20.3004871],[85.9210771,20.3005007],[85.9213904,20.3006127]]}},{"type":"Feature","properties":{"id":867588967,"highway":"residential"},"geometry":{"type":"LineString","coordinates":[[85.9216404,20.3024654],[85.9216578,20.3023568],[85.9216476,20.30223],[85.9215939,20.3021394],[85.921506,20.3020432],[85.9213654,20.3019142],[85.9212759,20.3018463],[85.921225,20.3018085],[85.9211774,20.3017679],[85.9211557,20.3017232],[85.9211326,20.3016542],[85.9211023,20.3015215],[85.9210688,20.3014087],[85.9210388,20.3013434],[85.9209996,20.3012941],[85.9209348,20.3012371],[85.920741,20.3011381]]}},{"type":"Feature","properties":{"id":867588968,"highway":"residential"},"geometry":{"type":"LineString","coordinates":[[85.9216285,20.3025653],[85.9216404,20.3024654]]}},{"type":"Feature","properties":{"id":867588969,"highway":"residential"},"geometry":{"type":"LineString","coordinates":[[85.9102982,20.3019686],[85.9100753,20.3025303],[85.9100033,20.3027117]]}},{"type":"Feature","properties":{"id":867588970,"highway":"residential"},"geometry":{"type":"LineString","coordinates":[[85.9100753,20.3025303],[85.9102443,20.302598]]}},{"type":"Feature","properties":{"id":867588971,"highway":"residential"},"geometry":{"type":"LineString","coordinates":[[85.9107212,20.3028018],[85.9109356,20.3023809]]}},{"type":"Feature","properties":{"id":867588972,"highway":"residential"},"geometry":{"type":"LineString","coordinates":[[85.9102443,20.302598],[85.9103674,20.3026478]]}},{"type":"Feature","properties":{"id":867588973,"highway":"residential"},"geometry":{"type":"LineString","coordinates":[[85.9103674,20.3026478],[85.9106813,20.3027936],[85.9107212,20.3028018],[85.9107748,20.3028088],[85.9108484,20.3028251],[85.9109531,20.302852],[85.9112901,20.3030032]]}},{"type":"Feature","properties":{"id":867594891,"highway":"residential"},"geometry":{"type":"LineString","coordinates":[[85.9058312,20.3036036],[85.9058871,20.3029957],[85.9059148,20.3026949]]}},{"type":"Feature","properties":{"id":867594892,"highway":"residential"},"geometry":{"type":"LineString","coordinates":[[85.9058871,20.3029957],[85.9064716,20.3030281],[85.9065181,20.3030205],[85.9065614,20.3029889],[85.9065775,20.3029513],[85.9065935,20.3027814],[85.9066205,20.3019888]]}},{"type":"Feature","properties":{"id":867594893,"highway":"residential"},"geometry":{"type":"LineString","coordinates":[[85.90587,20.3019226],[85.9066205,20.3019888],[85.9076774,20.3020602]]}},{"type":"Feature","properties":{"id":867606375,"highway":"residential"},"geometry":{"type":"LineString","coordinates":[[85.9214942,20.3062223],[85.9215749,20.3062094],[85.9216296,20.306219],[85.9216889,20.3062436],[85.9219103,20.3063516],[85.9219781,20.3063737],[85.9220519,20.3063848],[85.92217,20.306382],[85.9223176,20.3063848],[85.9223795,20.3063959],[85.9224474,20.3064263],[85.9225035,20.3064706],[85.9225802,20.3065343],[85.9226629,20.3066616],[85.9227515,20.3068213],[85.922778,20.3068692],[85.9228075,20.3068969],[85.92284,20.3069107],[85.9228842,20.3069079],[85.9229521,20.306883],[85.9231174,20.3068221],[85.9233211,20.3067723],[85.9235631,20.3066865],[85.9237472,20.3066278],[85.9238514,20.306599],[85.9239516,20.3065645],[85.9240436,20.3065473],[85.9241785,20.3065454],[85.9242705,20.3065415],[85.9243236,20.3065339],[85.9243931,20.3065109],[85.9244646,20.3064572],[85.9245382,20.3063747],[85.9245689,20.3063249],[85.9246209,20.3061813],[85.9246539,20.3060513],[85.9247463,20.3058388],[85.9248746,20.3055206],[85.9250556,20.3052004],[85.9251014,20.3051167],[85.9251193,20.3050642],[85.9251371,20.304991],[85.9251524,20.3048945],[85.925201,20.3044058],[85.9252112,20.3042074],[85.9251832,20.3038968],[85.9251628,20.3037868],[85.9251654,20.3037366],[85.9253072,20.3032244],[85.9253206,20.3031851],[85.9253481,20.3031429],[85.9254523,20.3030429],[85.925592,20.3029142],[85.9259068,20.3025722],[85.9259789,20.3024917],[85.9261023,20.3023605],[85.9265054,20.3019807],[85.9267398,20.3018445],[85.9269131,20.3017202],[85.9269819,20.3016772],[85.9270252,20.3016652],[85.9272698,20.3016581],[85.9273081,20.3016485],[85.9273641,20.3016055],[85.927464,20.3014826],[85.9275801,20.3012827],[85.9276606,20.3011606],[85.9277908,20.3008741],[85.9278997,20.3006721],[85.9279163,20.3006232],[85.9279246,20.3005339]]}},{"type":"Feature","properties":{"id":867606376,"highway":"residential"},"geometry":{"type":"LineString","coordinates":[[85.9158501,20.3048759],[85.9159051,20.3047104],[85.9159309,20.3046168],[85.9159463,20.3045709],[85.9159809,20.3044839],[85.9159975,20.3044439],[85.9160069,20.3043962],[85.9160046,20.3043351],[85.9160117,20.3041553],[85.9160259,20.3040642],[85.9160614,20.3039199],[85.9160969,20.303709],[85.9160969,20.3035846],[85.91609,20.3034336],[85.9160966,20.3033614],[85.9161186,20.3033077],[85.9161398,20.3032773],[85.9161703,20.3032464],[85.916211,20.3032252],[85.9163363,20.3031736],[85.9164133,20.3031674],[85.9164749,20.3031715],[85.9165211,20.3031922],[85.9165866,20.303232],[85.916822,20.3034198],[85.9169056,20.3034796],[85.916987,20.303525],[85.9170288,20.3035601],[85.9170398,20.3035889],[85.9170244,20.3036517],[85.9169506,20.3039175],[85.9168797,20.3041721],[85.9168591,20.3042358],[85.9167705,20.3043991],[85.9166185,20.3046554],[85.9165965,20.3047173],[85.9165855,20.3047874],[85.9165503,20.3049174],[85.916466,20.3051707]]}},{"type":"Feature","properties":{"id":867606377,"highway":"residential"},"geometry":{"type":"LineString","coordinates":[[85.9151645,20.3104457],[85.9151272,20.3103302],[85.9151294,20.3102931],[85.915136,20.3102498],[85.9152063,20.3100207],[85.9152723,20.3097773],[85.9153261,20.3096372],[85.9153547,20.3095861],[85.9156499,20.3090575],[85.9156652,20.3090309],[85.9157234,20.3089298],[85.9158081,20.308816],[85.9160141,20.3085848],[85.9162622,20.3083471],[85.9165545,20.3080623],[85.9165862,20.3080314],[85.9168876,20.3077317],[85.9169671,20.3076314],[85.9170521,20.3075156],[85.9171481,20.3073819],[85.9172404,20.3072509],[85.9172712,20.3071804],[85.9172849,20.307081],[85.9172883,20.3069271],[85.9172677,20.3066928],[85.917242,20.3065824],[85.9172015,20.3065134],[85.9171279,20.3064582],[85.9170654,20.3064409],[85.9169973,20.3064358],[85.9166752,20.3064259]]}},{"type":"Feature","properties":{"id":867606378,"highway":"residential"},"geometry":{"type":"LineString","coordinates":[[85.9160141,20.3085848],[85.9156847,20.3082168],[85.9156011,20.308136],[85.9155748,20.3080947],[85.9155449,20.3080507],[85.9155066,20.3079468],[85.9155023,20.3078849],[85.9155087,20.3078589],[85.9155971,20.3077514],[85.9156997,20.3075916],[85.9157269,20.3075493],[85.9157467,20.3074894],[85.9157577,20.307409],[85.9157753,20.3073161],[85.9157951,20.3072852],[85.9158215,20.3072604],[85.9160041,20.3071696],[85.9160437,20.307149],[85.9160874,20.3071302],[85.91621,20.307031],[85.9164815,20.3068112],[85.9167088,20.3066174],[85.9167471,20.3065676],[85.916753,20.3065344],[85.9167442,20.3064984],[85.9167147,20.3064624],[85.9166752,20.3064259],[85.9164992,20.3062631],[85.9163596,20.3061293],[85.9163247,20.3060707],[85.916311,20.3060321],[85.9163083,20.3059807],[85.9163247,20.3059164],[85.9165542,20.305203]]}},{"type":"Feature","properties":{"id":867606379,"highway":"residential"},"geometry":{"type":"LineString","coordinates":[[85.9156652,20.3090309],[85.9155476,20.3089395],[85.9154434,20.3088314],[85.9152514,20.308618],[85.9150814,20.3083839],[85.9150759,20.3083608],[85.9150841,20.3083351],[85.9152424,20.3082225]]}},{"type":"Feature","properties":{"id":867606380,"highway":"residential"},"geometry":{"type":"LineString","coordinates":[[85.9118715,20.3042497],[85.9117094,20.3045136],[85.911546,20.3047782]]}},{"type":"Feature","properties":{"id":867606381,"highway":"residential"},"geometry":{"type":"LineString","coordinates":[[85.9101411,20.3054011],[85.9111169,20.3059394]]}},{"type":"Feature","properties":{"id":867606382,"highway":"residential"},"geometry":{"type":"LineString","coordinates":[[85.9105711,20.3029516],[85.9104918,20.3030884],[85.9100874,20.3038685],[85.9100548,20.3039203]]}},{"type":"Feature","properties":{"id":867606383,"highway":"residential"},"geometry":{"type":"LineString","coordinates":[[85.9070712,20.3060291],[85.9073031,20.3061482],[85.9079163,20.3064634],[85.9081908,20.3066268],[85.9084092,20.3067845],[85.9084711,20.3068482],[85.9085036,20.306898],[85.9085066,20.3069285],[85.9084918,20.3069755],[85.9082673,20.3073663],[85.9081229,20.3076177]]}},{"type":"Feature","properties":{"id":867606384,"highway":"residential"},"geometry":{"type":"LineString","coordinates":[[85.904521,20.3123353],[85.9046838,20.3118546],[85.904708,20.3118071],[85.9047476,20.3117576],[85.904774,20.3117432],[85.9048202,20.311739],[85.9048972,20.3117514],[85.9049838,20.311765],[85.9050147,20.3117651],[85.9050307,20.311744],[85.9050764,20.3115706],[85.9051051,20.3115016],[85.9051337,20.311444],[85.9051603,20.3114095],[85.9052706,20.3113156],[85.9053074,20.3112792],[85.905428,20.3111239],[85.9054729,20.3110797],[85.9055098,20.3110434],[85.9055302,20.3110147],[85.9055548,20.3109495],[85.905614,20.3107827]]}},{"type":"Feature","properties":{"id":867606385,"highway":"residential"},"geometry":{"type":"LineString","coordinates":[[85.9054729,20.3110797],[85.9058695,20.3112658],[85.9060433,20.3113425],[85.9061311,20.311369]]}},{"type":"Feature","properties":{"id":867606386,"highway":"residential"},"geometry":{"type":"LineString","coordinates":[[85.8997081,20.3166999],[85.8998813,20.3162236],[85.9000297,20.3157401],[85.9002025,20.3152585],[85.9002827,20.3150524],[85.9006584,20.314077],[85.9008986,20.3134481],[85.9010471,20.3130593],[85.9011748,20.312725],[85.9012409,20.3125195],[85.9013072,20.3123463],[85.9013261,20.3123241],[85.9013569,20.3123108],[85.9014042,20.312313],[85.901482,20.3123368],[85.9026993,20.3127683]]}},{"type":"Feature","properties":{"id":867606387,"highway":"residential"},"geometry":{"type":"LineString","coordinates":[[85.9038505,20.3147106],[85.9037298,20.3150814],[85.9036966,20.3151369],[85.9036315,20.3152058],[85.9034587,20.3154567],[85.9033734,20.3156165],[85.9033214,20.3157209],[85.9032314,20.3158696],[85.9031651,20.3159629],[85.9030467,20.3161028],[85.9029544,20.3161849],[85.9025973,20.3164412],[85.9021546,20.316741],[85.9019236,20.3168952],[85.9019126,20.3169159],[85.901906,20.3169468],[85.9019082,20.3169674],[85.9020288,20.317264]]}},{"type":"Feature","properties":{"id":867606388,"highway":"residential"},"geometry":{"type":"LineString","coordinates":[[85.9049139,20.3146452],[85.9046287,20.3154399],[85.9044065,20.316034],[85.9041677,20.3166242],[85.9039994,20.3169608],[85.9039136,20.3170829],[85.9038753,20.3171099]]}},{"type":"Feature","properties":{"id":867606389,"highway":"residential"},"geometry":{"type":"LineString","coordinates":[[85.903744,20.3193201],[85.9032037,20.3191092],[85.9031708,20.3191092],[85.9031489,20.3191349],[85.9031027,20.3192201],[85.902546,20.3204211],[85.9024593,20.3205941]]}},{"type":"Feature","properties":{"id":867606390,"highway":"residential"},"geometry":{"type":"LineString","coordinates":[[85.9048328,20.320032],[85.9044871,20.3199787],[85.9044587,20.3199898],[85.9044445,20.3200142],[85.9044445,20.3200364],[85.9044919,20.3204183],[85.9045084,20.3206603],[85.904499,20.3208157],[85.9044456,20.3212792]]}},{"type":"Feature","properties":{"id":867606391,"highway":"residential"},"geometry":{"type":"LineString","coordinates":[[85.9060045,20.3212102],[85.9059631,20.3213218],[85.9058817,20.3215412],[85.905788,20.3217937]]}},{"type":"Feature","properties":{"id":867606392,"highway":"residential"},"geometry":{"type":"LineString","coordinates":[[85.9055752,20.3214326],[85.9058817,20.3215412]]}},{"type":"Feature","properties":{"id":867606393,"highway":"residential"},"geometry":{"type":"LineString","coordinates":[[85.9056365,20.3212045],[85.9059631,20.3213218]]}},{"type":"Feature","properties":{"id":867606396,"highway":"residential"},"geometry":{"type":"LineString","coordinates":[[85.9100123,20.3206469],[85.9098715,20.3209542],[85.9098146,20.3210783],[85.9097611,20.3211284],[85.9096948,20.3211571],[85.9096693,20.3211595],[85.9096122,20.3211566],[85.9092448,20.321025]]}},{"type":"Feature","properties":{"id":867606397,"highway":"residential"},"geometry":{"type":"LineString","coordinates":[[85.9082621,20.3217659],[85.9083341,20.3217204],[85.9083753,20.3216896],[85.9084246,20.321615],[85.9085343,20.3213964],[85.9086479,20.3211305],[85.9087699,20.3208451],[85.908887,20.3205632],[85.9089566,20.3203986],[85.9090189,20.3202889],[85.909036,20.3202746],[85.9090531,20.3202711],[85.9090858,20.3202795],[85.9094551,20.3204393]]}},{"type":"Feature","properties":{"id":867606398,"highway":"residential"},"geometry":{"type":"LineString","coordinates":[[85.9099866,20.3172539],[85.9103524,20.3173631],[85.9104276,20.3173924],[85.910465,20.3174193],[85.910487,20.3174502],[85.9104936,20.3174832],[85.910487,20.3176462],[85.9104936,20.3176648],[85.9105068,20.3176895],[85.910531,20.3177122],[85.9105655,20.317727],[85.9106655,20.3177729]]}},{"type":"Feature","properties":{"id":867606399,"highway":"residential"},"geometry":{"type":"LineString","coordinates":[[85.9101869,20.318695],[85.9104402,20.3180489],[85.9105655,20.317727]]}},{"type":"Feature","properties":{"id":867606400,"highway":"residential"},"geometry":{"type":"LineString","coordinates":[[85.9117984,20.3187063],[85.9120716,20.3187471],[85.9120914,20.3187601],[85.9121072,20.3187806],[85.9121191,20.3189699],[85.9121112,20.3189903],[85.9120973,20.3189978],[85.9120772,20.3189989],[85.9117671,20.31895],[85.9116132,20.3189256],[85.9112746,20.3188768],[85.911026,20.3188279],[85.9109681,20.3188187],[85.9109005,20.318808],[85.910884,20.3187969],[85.9108745,20.3187791],[85.9108788,20.3187245],[85.9110716,20.3180647],[85.9110899,20.3180019],[85.9111287,20.3178541],[85.911175,20.3176778]]}},{"type":"Feature","properties":{"id":867606401,"highway":"residential"},"geometry":{"type":"LineString","coordinates":[[85.9109681,20.3188187],[85.9109397,20.3189552],[85.9108603,20.3193364]]}},{"type":"Feature","properties":{"id":867606402,"highway":"residential"},"geometry":{"type":"LineString","coordinates":[[85.9103513,20.3188279],[85.9106733,20.3189012],[85.9109397,20.3189552]]}},{"type":"Feature","properties":{"id":867606403,"highway":"residential"},"geometry":{"type":"LineString","coordinates":[[85.9114253,20.3176869],[85.9113406,20.3181018],[85.9113116,20.3182442],[85.9113163,20.3182686],[85.9113329,20.3182797],[85.9113566,20.3182842],[85.9117425,20.3183175]]}},{"type":"Feature","properties":{"id":867606404,"highway":"residential"},"geometry":{"type":"LineString","coordinates":[[85.9113406,20.3181018],[85.9110716,20.3180647]]}},{"type":"Feature","properties":{"id":867606405,"highway":"residential"},"geometry":{"type":"LineString","coordinates":[[85.9108974,20.3175251],[85.9108293,20.3178157],[85.9106985,20.3182844]]}},{"type":"Feature","properties":{"id":867606406,"highway":"residential"},"geometry":{"type":"LineString","coordinates":[[85.9113159,20.3165371],[85.9110645,20.3164738],[85.9108172,20.3163991],[85.9103248,20.316243]]}},{"type":"Feature","properties":{"id":867606407,"highway":"residential"},"geometry":{"type":"LineString","coordinates":[[85.9111217,20.3167211],[85.9106966,20.3165984],[85.9106536,20.3165858],[85.9102499,20.3164672]]}},{"type":"Feature","properties":{"id":867606408,"highway":"residential"},"geometry":{"type":"LineString","coordinates":[[85.9111106,20.3169014],[85.910651,20.316775],[85.9106301,20.3167661],[85.9106187,20.3167536],[85.9106149,20.3167287],[85.9106536,20.3165858]]}},{"type":"Feature","properties":{"id":867608732,"highway":"residential"},"geometry":{"type":"LineString","coordinates":[[85.9164839,20.3152126],[85.9164042,20.3155696],[85.9163393,20.3158049],[85.9162832,20.3159488],[85.9161502,20.3162582],[85.916131,20.3163302],[85.9161228,20.3164202],[85.9161377,20.3168049],[85.9161535,20.3168599],[85.9161949,20.3169235],[85.9162391,20.31699],[85.9162669,20.3170571],[85.9163328,20.3171707],[85.9163812,20.3172099],[85.916445,20.3172408],[85.9165374,20.3172656],[85.9167156,20.3173068],[85.9168146,20.3173171],[85.9169259,20.3173274],[85.9169928,20.3173336],[85.9171006,20.3173563],[85.9172677,20.3173976],[85.9174418,20.3174533],[85.9175294,20.3174933],[85.9176146,20.3175444],[85.9176809,20.317611],[85.9178159,20.3177997],[85.9178817,20.3179095],[85.9179527,20.3180341],[85.9180777,20.3182573],[85.918152,20.3183919],[85.9181902,20.3184412],[85.9182546,20.3185239],[85.9183086,20.3185781],[85.9184414,20.3186891],[85.918563,20.3187855],[85.918659,20.318847],[85.9187808,20.3189213],[85.9188951,20.3189855],[85.9190048,20.3190384],[85.919081,20.3190813],[85.9191191,20.3191127],[85.919145,20.3191484],[85.9193695,20.3195355],[85.9194725,20.3197141],[85.9194968,20.3197341],[85.9195243,20.3197426],[85.9195502,20.3197455],[85.9195776,20.3197426],[85.9196705,20.3197169],[85.9198178,20.3196567],[85.9198567,20.3196584],[85.9198955,20.31967],[85.9199272,20.3196931],[85.9199872,20.3197726],[85.9201249,20.3199877],[85.9201589,20.3200593],[85.9202184,20.3201846],[85.9202856,20.3203182],[85.920359,20.3204336],[85.920475,20.3206068],[85.9205958,20.3207555],[85.9206531,20.3208068],[85.9207473,20.320891],[85.9208468,20.3209778],[85.920933,20.3210529],[85.9209485,20.3210664],[85.9211403,20.3212464],[85.9212539,20.321373],[85.9213084,20.3214485],[85.921351,20.3215417],[85.9214755,20.3218254],[85.9215265,20.3219418],[85.921538,20.321968],[85.9215779,20.3220524],[85.9216307,20.3221642],[85.9217489,20.3224143],[85.9218228,20.3225815],[85.9218814,20.3226771],[85.9219629,20.3228109],[85.922019,20.3229161],[85.922109,20.3232199]]}},{"type":"Feature","properties":{"id":867608735,"highway":"residential"},"geometry":{"type":"LineString","coordinates":[[85.9208416,20.3155524],[85.9213646,20.3158762],[85.9214227,20.3159179],[85.9214638,20.3159628],[85.9217099,20.3162962],[85.9217509,20.3163315],[85.9218227,20.3163603],[85.9218637,20.31637],[85.9220381,20.316386],[85.9220825,20.316402],[85.9221133,20.3164277],[85.9223061,20.3168516],[85.9224843,20.3171962],[85.9225803,20.3174174],[85.9226434,20.317582],[85.9227229,20.317888],[85.9227772,20.3181423],[85.9227854,20.3182765],[85.9227772,20.3183819],[85.9227343,20.3186656],[85.9227343,20.3187499],[85.9227465,20.31884],[85.9228692,20.3193452],[85.9229066,20.3195639],[85.9229484,20.319929],[85.9230207,20.3203893],[85.923038,20.320586],[85.9230356,20.3206548],[85.9230214,20.320697],[85.9229835,20.3207392],[85.9229196,20.3207791],[85.9227589,20.3208294],[85.9224556,20.320925],[85.9224047,20.3209536],[85.9223563,20.3209919],[85.9223333,20.3210349],[85.9223282,20.3210851],[85.9223603,20.321401],[85.922365,20.3215032],[85.9223485,20.3215498],[85.9223366,20.321561],[85.9223201,20.3215764],[85.9222798,20.3215987],[85.9217378,20.3217418],[85.9214755,20.3218254]]}},{"type":"Feature","properties":{"id":867608737,"highway":"residential"},"geometry":{"type":"LineString","coordinates":[[85.9169259,20.3173274],[85.9168892,20.3178001],[85.9168384,20.3181516],[85.9168098,20.3182261],[85.9167558,20.3182976],[85.9164921,20.318518],[85.9159504,20.3189316],[85.9158462,20.3190256],[85.9154957,20.319342],[85.9153189,20.3195078],[85.9152085,20.3196113],[85.9150338,20.3198006],[85.9148351,20.3200318],[85.9147095,20.3201604],[85.9146206,20.3202181],[85.9145112,20.3202598],[85.9142036,20.3203431],[85.9138959,20.3203912],[85.913453,20.3204576],[85.9133676,20.3204897],[85.9133266,20.320525],[85.9133197,20.320573],[85.9133944,20.3208684],[85.9135581,20.3215157],[85.9135748,20.3215818],[85.9135982,20.3216743],[85.9137266,20.3220919],[85.9138324,20.3224358],[85.9138413,20.3224647],[85.913974,20.322896],[85.9141029,20.3232588],[85.9142187,20.3235848],[85.9143203,20.3238822],[85.9143741,20.3240403],[85.9144366,20.3242625],[85.9144883,20.3245009],[85.9145581,20.3247974],[85.9145813,20.3248959],[85.9147419,20.3254991],[85.9148097,20.3258153],[85.9148126,20.3258288],[85.9148436,20.3260046],[85.9149179,20.326426],[85.91505,20.3270457],[85.9151588,20.3277947],[85.9151645,20.3278283],[85.9152625,20.3284034],[85.915284,20.3285044],[85.9153163,20.3286277],[85.9155058,20.3292564],[85.9155317,20.3293594],[85.915536,20.3294261],[85.9155317,20.3294847],[85.9154842,20.329785],[85.9154529,20.3299567],[85.9154189,20.3301436],[85.9154007,20.3302438],[85.9153868,20.3303677],[85.9153965,20.330601],[85.9154359,20.3311815],[85.915494,20.3322159],[85.9155065,20.3323238],[85.9155438,20.3325047],[85.9158119,20.3336715],[85.9158179,20.3337167],[85.9158179,20.3337749],[85.9158059,20.3337955],[85.9153386,20.334386]]}},{"type":"Feature","properties":{"id":867608738,"highway":"residential"},"geometry":{"type":"LineString","coordinates":[[85.910988,20.3225938],[85.9110199,20.3225887],[85.9110639,20.3225817],[85.9111466,20.3225762],[85.9113266,20.3225872],[85.9116207,20.3226024],[85.9116543,20.3226005]]}},{"type":"Feature","properties":{"id":867608739,"highway":"residential"},"geometry":{"type":"LineString","coordinates":[[85.9153189,20.3195078],[85.915023,20.3193615],[85.9149715,20.3193339],[85.9149495,20.3192994],[85.9149458,20.3192269],[85.9149568,20.3190682],[85.9149915,20.318845],[85.915066,20.3183659],[85.9150755,20.3181917],[85.9150813,20.3180839],[85.915094,20.317974],[85.9151042,20.3179262],[85.9151246,20.3178904],[85.9152444,20.3177518],[85.9152698,20.3176896],[85.9153386,20.3175271],[85.9154442,20.3172779],[85.9154525,20.3172582],[85.9154657,20.3172371],[85.9154992,20.3171836],[85.9155458,20.3171348],[85.9156006,20.3170962],[85.9156541,20.317074],[85.9158858,20.3169779],[85.9160065,20.3169162],[85.9161535,20.3168599]]}},{"type":"Feature","properties":{"id":867621294,"highway":"residential"},"geometry":{"type":"LineString","coordinates":[[85.921063,20.3230483],[85.9212587,20.3235074]]}},{"type":"Feature","properties":{"id":867621295,"highway":"residential"},"geometry":{"type":"LineString","coordinates":[[85.9226205,20.3226825],[85.9225122,20.3226148],[85.9224286,20.3226023],[85.9223869,20.3226059],[85.9223185,20.3226326],[85.9222805,20.32267],[85.9221931,20.3227822],[85.9221115,20.3228677],[85.9220735,20.3228962],[85.922019,20.3229161]]}},{"type":"Feature","properties":{"id":867621300,"highway":"residential"},"geometry":{"type":"LineString","coordinates":[[85.9202539,20.3218676],[85.920305,20.3217814],[85.9203172,20.3217354],[85.9203172,20.3216759],[85.9203172,20.3216338],[85.9202641,20.3213769],[85.9202498,20.3212907],[85.9202518,20.3212677],[85.9202661,20.3212504],[85.9203009,20.3212351],[85.9205257,20.3211584],[85.9205748,20.3211316],[85.9208468,20.3209778]]}},{"type":"Feature","properties":{"id":867621303,"highway":"residential"},"geometry":{"type":"LineString","coordinates":[[85.9138413,20.3224647],[85.9140928,20.3224161],[85.914117,20.3224058],[85.9141234,20.3223854],[85.9141256,20.3223654],[85.9141324,20.3222924],[85.9141401,20.3222779],[85.91415,20.3222676],[85.9141786,20.3222594],[85.9146208,20.3222202],[85.9146384,20.3222284],[85.9146494,20.3222552],[85.9146467,20.322279],[85.9145988,20.3225337]]}},{"type":"Feature","properties":{"id":867621306,"highway":"residential"},"geometry":{"type":"LineString","coordinates":[[85.915094,20.317974],[85.9148706,20.3179465],[85.9147636,20.3179393],[85.9145036,20.3179465],[85.9142947,20.317956],[85.913836,20.3179321],[85.9136424,20.317913],[85.9129748,20.3179249],[85.912934,20.3179321],[85.9129085,20.3179512],[85.9129034,20.3179775],[85.9129005,20.3180227],[85.9130184,20.3189665],[85.9130743,20.3193307],[85.9132092,20.3200304],[85.9132209,20.320081],[85.9132801,20.3203376],[85.9133266,20.320525]]}},{"type":"Feature","properties":{"id":867621309,"highway":"residential"},"geometry":{"type":"LineString","coordinates":[[85.9150755,20.3181917],[85.915364,20.3183554],[85.9154324,20.3184131],[85.9155076,20.3185093],[85.9158462,20.3190256]]}},{"type":"Feature","properties":{"id":867621312,"highway":"residential"},"geometry":{"type":"LineString","coordinates":[[85.9073406,20.3232234],[85.9077972,20.3234426]]}},{"type":"Feature","properties":{"id":867621313,"highway":"residential"},"geometry":{"type":"LineString","coordinates":[[85.9098715,20.3209542],[85.9093796,20.3207432]]}},{"type":"Feature","properties":{"id":867621314,"highway":"residential"},"geometry":{"type":"LineString","coordinates":[[85.9147109,20.3169306],[85.91513,20.3171526],[85.9151726,20.3171682],[85.9152555,20.3171992],[85.9154657,20.3172371]]}},{"type":"Feature","properties":{"id":867621315,"highway":"residential"},"geometry":{"type":"LineString","coordinates":[[85.915068,20.3164773],[85.9154244,20.3167579],[85.9155102,20.3168322],[85.915563,20.3168961],[85.9156541,20.317074]]}},{"type":"Feature","properties":{"id":867621316,"highway":"residential"},"geometry":{"type":"LineString","coordinates":[[85.9155347,20.3165703],[85.9156449,20.3167591],[85.9156753,20.3167823],[85.9156981,20.3167876],[85.9157398,20.3167894],[85.9158861,20.3167662],[85.9159355,20.3167627],[85.9159772,20.3167698],[85.9161377,20.3168049]]}},{"type":"Feature","properties":{"id":867621318,"highway":"residential"},"geometry":{"type":"LineString","coordinates":[[85.9024747,20.3131571],[85.9011748,20.312725]]}},{"type":"Feature","properties":{"id":867621319,"highway":"residential"},"geometry":{"type":"LineString","coordinates":[[85.903639,20.3160615],[85.9035137,20.3161977],[85.9033751,20.3163132],[85.9033003,20.316404],[85.9032805,20.316439],[85.9032695,20.3164796]]}},{"type":"Feature","properties":{"id":867621320,"highway":"residential"},"geometry":{"type":"LineString","coordinates":[[85.9023623,20.3170179],[85.9026197,20.3172774],[85.9026953,20.3173445],[85.902773,20.3174058],[85.9029708,20.3175576],[85.9029978,20.3175783],[85.9031191,20.3176758],[85.9031485,20.3176898],[85.9031659,20.3176944],[85.9031925,20.3176873],[85.9033178,20.3176374],[85.9036065,20.3174736],[85.9036901,20.317413],[85.90373,20.3173685],[85.9037965,20.3172509],[85.9038287,20.3172117],[85.9038891,20.317127]]}},{"type":"Feature","properties":{"id":867621321,"highway":"residential"},"geometry":{"type":"LineString","coordinates":[[85.9031887,20.3172937],[85.9029708,20.3175576]]}},{"type":"Feature","properties":{"id":867621322,"highway":"residential"},"geometry":{"type":"LineString","coordinates":[[85.9023787,20.3180342],[85.9017946,20.3177328]]}},{"type":"Feature","properties":{"id":867621323,"highway":"residential"},"geometry":{"type":"LineString","coordinates":[[85.901499,20.317465],[85.9012785,20.3178202]]}},{"type":"Feature","properties":{"id":867621324,"highway":"residential"},"geometry":{"type":"LineString","coordinates":[[85.9008262,20.3175938],[85.9012785,20.3178202],[85.9014619,20.3179181]]}},{"type":"Feature","properties":{"id":867621325,"highway":"residential"},"geometry":{"type":"LineString","coordinates":[[85.9050314,20.3123976],[85.905181,20.3120633],[85.9051876,20.3120283],[85.9051766,20.3119519],[85.9051766,20.3119086],[85.9051854,20.3118735],[85.9052668,20.3117147],[85.9052756,20.3116714],[85.9052668,20.3116384],[85.9052404,20.3116074],[85.9051051,20.3115016]]}},{"type":"Feature","properties":{"id":867621327,"highway":"residential"},"geometry":{"type":"LineString","coordinates":[[85.9157234,20.3089298],[85.9158527,20.3090296],[85.9160653,20.3091925],[85.9161838,20.3093076],[85.9162922,20.3094149],[85.9163249,20.3094379],[85.9163514,20.3094398],[85.9164148,20.3094379],[85.9165436,20.3094092],[85.9165622,20.3094048],[85.9167705,20.3093555],[85.9168277,20.3093267],[85.9169074,20.3092826],[85.9169667,20.3092366],[85.9170198,20.3091676]]}},{"type":"Feature","properties":{"id":867621332,"highway":"residential"},"geometry":{"type":"LineString","coordinates":[[85.9213096,20.3094334],[85.9207244,20.3090951],[85.9206628,20.3090476],[85.9206034,20.3089692],[85.920577,20.3089177],[85.9205572,20.3088599],[85.9205537,20.3088072],[85.9205519,20.3087797],[85.9205549,20.3087609],[85.9205603,20.308746]]}},{"type":"Feature","properties":{"id":867621333,"highway":"residential"},"geometry":{"type":"LineString","coordinates":[[85.9212225,20.3079884],[85.9218299,20.3075353]]}},{"type":"Feature","properties":{"id":867621338,"highway":"residential"},"geometry":{"type":"LineString","coordinates":[[85.9211098,20.3030953],[85.9212351,20.3031996],[85.9212739,20.3032211],[85.9213127,20.3032277],[85.9215083,20.3032442]]}},{"type":"Feature","properties":{"id":867621340,"highway":"residential"},"geometry":{"type":"LineString","coordinates":[[85.8995127,20.3011512],[85.8995247,20.3011963],[85.8995354,20.3012428],[85.8995301,20.3013082],[85.8994871,20.3014126],[85.8994297,20.3015338],[85.8993824,20.3016089],[85.8993672,20.301638],[85.8993611,20.3016609],[85.8993631,20.3016814],[85.8994315,20.3017962],[85.8995415,20.3019195],[85.8996487,20.3020402],[85.8997466,20.3021773],[85.8998512,20.3023352],[85.8999076,20.302461],[85.8999243,20.3025421],[85.8999766,20.3026566],[85.9000524,20.3027628],[85.9001698,20.3028811],[85.9003253,20.3030477],[85.9004856,20.3032144],[85.9005681,20.303298],[85.9006023,20.3033615],[85.9006975,20.30352],[85.9007934,20.3036288],[85.900906,20.3036817],[85.9009966,20.3037005],[85.9010663,20.3037037],[85.9011789,20.3036691],[85.9012755,20.3036631],[85.9014237,20.3036756],[85.9014939,20.3036899],[85.9015395,20.3037112],[85.9016877,20.3037807],[85.9017351,20.3037932],[85.9018472,20.3038092],[85.9018719,20.3038217],[85.9018852,20.3038359],[85.901889,20.3038555],[85.9018814,20.3039018],[85.9018035,20.3041654],[85.9015698,20.3048314],[85.901564,20.3048982],[85.901564,20.304946],[85.9015946,20.3050823],[85.9016277,20.3051396],[85.901699,20.3052113],[85.9018756,20.3054683],[85.9019164,20.3054946],[85.9019877,20.3055353],[85.9020234,20.3055735],[85.9020591,20.3056356]]}},{"type":"Feature","properties":{"id":867621341,"highway":"residential"},"geometry":{"type":"LineString","coordinates":[[85.9065359,20.3070772],[85.9065589,20.3067711],[85.9065765,20.3066503],[85.9065902,20.3065819],[85.9065941,20.3065625],[85.9066281,20.3064402],[85.9066506,20.306359],[85.9066859,20.3062315]]}},{"type":"Feature","properties":{"id":867621342,"highway":"residential"},"geometry":{"type":"LineString","coordinates":[[85.9066281,20.3064402],[85.9068755,20.3065076]]}},{"type":"Feature","properties":{"id":867621343,"highway":"residential"},"geometry":{"type":"LineString","coordinates":[[85.906243,20.3064748],[85.9065902,20.3065819]]}},{"type":"Feature","properties":{"id":867621344,"highway":"residential"},"geometry":{"type":"LineString","coordinates":[[85.9070077,20.3067114],[85.9071679,20.3064059],[85.9073031,20.3061482]]}},{"type":"Feature","properties":{"id":867621345,"highway":"residential"},"geometry":{"type":"LineString","coordinates":[[85.9080276,20.3068839],[85.9071679,20.3064059]]}},{"type":"Feature","properties":{"id":867621346,"highway":"residential"},"geometry":{"type":"LineString","coordinates":[[85.9066699,20.3076609],[85.9069031,20.3078218],[85.9070241,20.3078919],[85.9071725,20.3079729]]}},{"type":"Feature","properties":{"id":867621347,"highway":"residential"},"geometry":{"type":"LineString","coordinates":[[85.901061,20.3229476],[85.9011336,20.3228976],[85.9011899,20.3228816],[85.9012494,20.3228732],[85.9013233,20.3228726],[85.9014274,20.3228799],[85.9015811,20.3228716],[85.9016491,20.322868],[85.9017408,20.3228728],[85.901802,20.3228919],[85.9018682,20.3229134],[85.9024059,20.3232407],[85.9024282,20.3232618],[85.9024344,20.3232772],[85.9024303,20.3233002],[85.9022715,20.3235101],[85.9021257,20.3237219],[85.9021155,20.3237429],[85.9021155,20.3237602],[85.9021237,20.3237774],[85.902418,20.3239921]]}},{"type":"Feature","properties":{"id":867621348,"highway":"residential"},"geometry":{"type":"LineString","coordinates":[[85.9019447,20.3223072],[85.9017965,20.3225422],[85.9017735,20.3225621],[85.9017153,20.3226084],[85.9016924,20.3226382],[85.9015811,20.3228716]]}},{"type":"Feature","properties":{"id":867621349,"highway":"residential"},"geometry":{"type":"LineString","coordinates":[[85.9021,20.3227673],[85.9017735,20.3225621]]}},{"type":"Feature","properties":{"id":867621350,"highway":"residential"},"geometry":{"type":"LineString","coordinates":[[85.901768,20.3237851],[85.9019969,20.3233768],[85.9020153,20.3233634],[85.9020419,20.3233615],[85.9020726,20.323373],[85.9022715,20.3235101],[85.9026204,20.3237506]]}},{"type":"Feature","properties":{"id":867625643,"highway":"residential"},"geometry":{"type":"LineString","coordinates":[[85.9206265,20.3046919],[85.9206513,20.3046657],[85.920675,20.3046449],[85.9207084,20.304565],[85.9207762,20.3042185],[85.9207981,20.3041393],[85.9208334,20.3040601],[85.9208983,20.3039821],[85.9210283,20.3038992],[85.9211543,20.3038204],[85.9212465,20.3037627],[85.9213245,20.3037018],[85.9213642,20.3036434],[85.9214726,20.3034085],[85.921496,20.3033167],[85.9215083,20.3032442],[85.9215425,20.3030421],[85.9215825,20.302837],[85.9216167,20.3026615],[85.9216285,20.3025653]]}},{"type":"Feature","properties":{"id":867625644,"highway":"residential"},"geometry":{"type":"LineString","coordinates":[[85.9117155,20.3225926],[85.911784,20.3225795],[85.9119547,20.3225245],[85.9121102,20.3224767],[85.9122605,20.3224457],[85.9125816,20.3223764],[85.9128262,20.3223142],[85.9132604,20.3221959],[85.9135934,20.3221223],[85.9136276,20.322114]]}},{"type":"Feature","properties":{"id":867625645,"highway":"residential"},"geometry":{"type":"LineString","coordinates":[[85.9116543,20.3226005],[85.9117155,20.3225926]]}},{"type":"Feature","properties":{"id":867625646,"highway":"residential"},"geometry":{"type":"LineString","coordinates":[[85.913691,20.3220999],[85.9137266,20.3220919]]}},{"type":"Feature","properties":{"id":867625647,"highway":"residential"},"geometry":{"type":"LineString","coordinates":[[85.9136276,20.322114],[85.913691,20.3220999]]}},{"type":"Feature","properties":{"id":867625648,"highway":"residential"},"geometry":{"type":"LineString","coordinates":[[85.9135934,20.3221223],[85.9137211,20.3224721],[85.9137605,20.3225961],[85.9138964,20.3230531],[85.9139062,20.323077],[85.9139179,20.323103],[85.913951,20.3231556],[85.913979,20.3232106],[85.9140962,20.3235714],[85.9141087,20.3236145],[85.9141934,20.3239094],[85.9143013,20.3242846],[85.9143246,20.3243764]]}},{"type":"Feature","properties":{"id":867625649,"highway":"residential"},"geometry":{"type":"LineString","coordinates":[[85.9143013,20.3242846],[85.9143193,20.324282]]}},{"type":"Feature","properties":{"id":867625650,"highway":"residential"},"geometry":{"type":"LineString","coordinates":[[85.9141087,20.3236145],[85.91413,20.3236088]]}},{"type":"Feature","properties":{"id":867625651,"highway":"residential"},"geometry":{"type":"LineString","coordinates":[[85.9141934,20.3239094],[85.914211,20.3239056]]}},{"type":"Feature","properties":{"id":867625652,"highway":"residential"},"geometry":{"type":"LineString","coordinates":[[85.9130179,20.320816],[85.9131684,20.320819],[85.9132166,20.3208352],[85.9133075,20.320889],[85.9134113,20.3212926],[85.9134857,20.3216001],[85.9135099,20.3217004],[85.9135686,20.3219513],[85.9135813,20.3220564],[85.9135934,20.3221223]]}},{"type":"Feature","properties":{"id":867625653,"highway":"residential"},"geometry":{"type":"LineString","coordinates":[[85.9133944,20.3208684],[85.9133744,20.320873]]}},{"type":"Feature","properties":{"id":867625654,"highway":"residential"},"geometry":{"type":"LineString","coordinates":[[85.9135748,20.3215818],[85.9135548,20.3215857]]}},{"type":"Feature","properties":{"id":867625655,"highway":"residential"},"geometry":{"type":"LineString","coordinates":[[85.9133744,20.320873],[85.9133363,20.3208818]]}},{"type":"Feature","properties":{"id":867625656,"highway":"residential"},"geometry":{"type":"LineString","coordinates":[[85.9133363,20.3208818],[85.9133075,20.320889]]}},{"type":"Feature","properties":{"id":867625657,"highway":"residential"},"geometry":{"type":"LineString","coordinates":[[85.9135548,20.3215857],[85.913516,20.3215931]]}},{"type":"Feature","properties":{"id":867625658,"highway":"residential"},"geometry":{"type":"LineString","coordinates":[[85.913516,20.3215931],[85.9134857,20.3216001]]}},{"type":"Feature","properties":{"id":867625659,"highway":"residential"},"geometry":{"type":"LineString","coordinates":[[85.91413,20.3236088],[85.9141835,20.3235942]]}},{"type":"Feature","properties":{"id":867625660,"highway":"residential"},"geometry":{"type":"LineString","coordinates":[[85.9141835,20.3235942],[85.9142187,20.3235848]]}},{"type":"Feature","properties":{"id":867625661,"highway":"residential"},"geometry":{"type":"LineString","coordinates":[[85.9142725,20.3238928],[85.9143203,20.3238822]]}},{"type":"Feature","properties":{"id":867625662,"highway":"residential"},"geometry":{"type":"LineString","coordinates":[[85.914211,20.3239056],[85.9142725,20.3238928]]}},{"type":"Feature","properties":{"id":867625663,"highway":"residential"},"geometry":{"type":"LineString","coordinates":[[85.9143193,20.324282],[85.9143834,20.324273]]}},{"type":"Feature","properties":{"id":867625664,"highway":"residential"},"geometry":{"type":"LineString","coordinates":[[85.9143834,20.324273],[85.9144366,20.3242625]]}},{"type":"Feature","properties":{"id":867625665,"highway":"residential"},"geometry":{"type":"LineString","coordinates":[[85.9076694,20.3224702],[85.9076974,20.3224751],[85.9077222,20.3224708],[85.9077358,20.3224572],[85.9078948,20.3221106],[85.9080503,20.3216967],[85.9082621,20.3217659],[85.9087802,20.321935],[85.9090012,20.3220135]]}},{"type":"Feature","properties":{"id":867625666,"highway":"residential"},"geometry":{"type":"LineString","coordinates":[[85.907605,20.3224438],[85.9076694,20.3224702]]}},{"type":"Feature","properties":{"id":867625667,"highway":"residential"},"geometry":{"type":"LineString","coordinates":[[85.9017628,20.31856],[85.9017219,20.3188439],[85.9016789,20.3190412],[85.9015718,20.3192314],[85.9014663,20.3193571],[85.9013183,20.3195349],[85.9011556,20.3197101],[85.9010305,20.3198624],[85.9008968,20.3200369],[85.9008535,20.3200877],[85.9007967,20.3201733],[85.9007403,20.3202924],[85.9006839,20.320492],[85.9006533,20.3206345],[85.9006288,20.3208181],[85.9006071,20.3209204],[85.9005642,20.3210158],[85.9004929,20.3210803],[85.9004148,20.3211487],[85.9003604,20.3212132],[85.9003286,20.3213129],[85.9002382,20.3217026],[85.9000717,20.322077],[85.8999827,20.322257],[85.8999485,20.3223362],[85.8999408,20.3224041],[85.8999567,20.3224676],[85.8999916,20.3225247],[85.9000349,20.3225553],[85.9001266,20.3225948],[85.9005808,20.3227816],[85.9008821,20.3228922],[85.901061,20.3229476],[85.9011335,20.3230102],[85.901153,20.3230602],[85.9011396,20.3231399],[85.901114,20.3232267],[85.9010414,20.3233882],[85.9009511,20.3235284],[85.9008288,20.3237205],[85.9007639,20.3238224],[85.9006754,20.3240412],[85.9005788,20.3242802],[85.9004608,20.3244763],[85.9003186,20.3247027],[85.9001899,20.3248964],[85.9000477,20.3250951],[85.8998895,20.3253038],[85.8997071,20.3253466],[85.899514,20.3253365],[85.8993959,20.3254598],[85.8992538,20.3257063],[85.8991465,20.3258974],[85.8990258,20.3260886],[85.8988107,20.3264904],[85.8987673,20.3266716],[85.8987308,20.3268557],[85.8985645,20.3271324],[85.8984196,20.3274342],[85.8983325,20.3275567],[85.8981943,20.3277511],[85.8980285,20.3278979],[85.8979046,20.3280584],[85.8977936,20.3282787],[85.8977276,20.3285157]]}},{"type":"Feature","properties":{"id":867625668,"highway":"residential"},"geometry":{"type":"LineString","coordinates":[[85.9017628,20.3185188],[85.9017628,20.31856]]}},{"type":"Feature","properties":{"id":867625669,"highway":"residential"},"geometry":{"type":"LineString","coordinates":[[85.9039389,20.3171784],[85.9040157,20.317247],[85.9042464,20.3173725],[85.904301,20.3173807],[85.9043522,20.3173768],[85.9043927,20.3173453],[85.9044253,20.3172916],[85.9045375,20.317057],[85.9046955,20.3167181],[85.9048248,20.3164509],[85.9048976,20.3161495],[85.9049815,20.3158679],[85.9051303,20.3155502],[85.9054055,20.3150841],[85.9055916,20.3147037],[85.9058081,20.3142806],[85.9061442,20.3137743],[85.9063687,20.3134239],[85.906503,20.3132285],[85.9066324,20.3130706],[85.9067735,20.3129777],[85.9069932,20.3127971],[85.9070613,20.3127175],[85.9071207,20.3125951],[85.907164,20.3124597],[85.9071589,20.3121054],[85.9071561,20.3119161],[85.9071697,20.3116237],[85.9071573,20.3115631],[85.9071329,20.3115338],[85.9071074,20.3115032],[85.9068683,20.3114149],[85.9063225,20.3111814],[85.9062905,20.3111569],[85.9062821,20.3111225],[85.9063426,20.3108917]]}},{"type":"Feature","properties":{"id":867625670,"highway":"tertiary"},"geometry":{"type":"LineString","coordinates":[[85.9039063,20.3171443],[85.9039389,20.3171784]]}},{"type":"Feature","properties":{"id":867625672,"highway":"residential"},"geometry":{"type":"LineString","coordinates":[[85.9061311,20.311369],[85.9061541,20.3113298],[85.9061782,20.311306],[85.9062415,20.3112025],[85.9062661,20.3111738],[85.9062905,20.3111569]]}},{"type":"Feature","properties":{"id":867625673,"highway":"residential"},"geometry":{"type":"LineString","coordinates":[[85.9052556,20.3032904],[85.9052167,20.3032477],[85.9051403,20.303138],[85.905016,20.3029988],[85.9048884,20.3028708],[85.9048067,20.3028127],[85.9045843,20.3027276],[85.9043588,20.3026421],[85.9041541,20.3025149],[85.9037517,20.3022231],[85.9033686,20.3020949],[85.9027579,20.3019308]]}},{"type":"Feature","properties":{"id":867625674,"highway":"residential"},"geometry":{"type":"LineString","coordinates":[[85.9054814,20.3034132],[85.9052556,20.3032904]]}},{"type":"Feature","properties":{"id":867625675,"highway":"unclassified"},"geometry":{"type":"LineString","coordinates":[[85.9149613,20.3045932],[85.9151472,20.3046476],[85.9156524,20.3048117],[85.9158206,20.3048642],[85.9158501,20.3048759],[85.9159353,20.3049096],[85.9160407,20.3049681],[85.9164251,20.3051558],[85.916466,20.3051707],[85.9165542,20.305203],[85.9166125,20.3052243],[85.9167491,20.305263],[85.9168793,20.305269],[85.9172065,20.305263],[85.9174952,20.3052883],[85.9179587,20.3053295],[85.9181589,20.3053552],[85.9182191,20.3053526],[85.9182712,20.3053393],[85.9183327,20.3053082],[85.9185056,20.3051972],[85.9185577,20.305175],[85.9186405,20.3051639],[85.9188086,20.3051701],[85.9188415,20.3051705]]}},{"type":"Feature","properties":{"id":867625676,"highway":"unclassified"},"geometry":{"type":"LineString","coordinates":[[85.9148706,20.3045667],[85.9149613,20.3045932]]}},{"type":"Feature","properties":{"id":867625677,"highway":"unclassified"},"geometry":{"type":"LineString","coordinates":[[85.9189667,20.3051737],[85.9189928,20.3051706],[85.9191857,20.3051395],[85.9193451,20.305098],[85.9193655,20.3050914],[85.9196065,20.3050131],[85.919652,20.3049983],[85.9198772,20.304918],[85.9200711,20.3048489],[85.9203869,20.3047354],[85.9206088,20.3046913],[85.9206265,20.3046919],[85.92063,20.3047087],[85.9206276,20.3047888],[85.9206099,20.3048663],[85.9205626,20.3050351],[85.9205626,20.3050794],[85.9205715,20.3051154],[85.9205981,20.3051514],[85.9206807,20.3052178],[85.9207515,20.305251],[85.9208165,20.3052704],[85.9210467,20.3052842],[85.9211736,20.3053064],[85.9212149,20.305323],[85.9212533,20.3053618],[85.9212739,20.3054088],[85.9212916,20.3054752],[85.9213595,20.3059071],[85.9213958,20.306012],[85.9214533,20.3061355],[85.9214942,20.3062223],[85.9215054,20.3062461],[85.9215274,20.3063207],[85.9215356,20.306385],[85.9215301,20.3067039],[85.9215294,20.3068337],[85.9215447,20.3069078],[85.9215702,20.3070081],[85.9216109,20.3071181],[85.921667,20.3072304],[85.9218097,20.3075028],[85.9218299,20.3075353],[85.9219215,20.3076831],[85.9219481,20.3077261],[85.9220386,20.3078444],[85.922151,20.3079936],[85.9223567,20.3082328],[85.9225953,20.3084642],[85.9230445,20.3088288],[85.9232954,20.309053],[85.923502,20.3092495],[85.9236289,20.3093796],[85.9237326,20.3095107],[85.9239105,20.309758],[85.9240932,20.3100395],[85.9241762,20.3101563],[85.9242534,20.310251],[85.9244356,20.3104682],[85.9246712,20.310691],[85.9249444,20.3109808],[85.9251838,20.3111914],[85.9254677,20.311409],[85.9257053,20.3115542],[85.9259349,20.3116884],[85.9260706,20.3117903],[85.9264754,20.3121143],[85.9265083,20.3121382],[85.9266231,20.3122267]]}},{"type":"Feature","properties":{"id":867625678,"highway":"unclassified"},"geometry":{"type":"LineString","coordinates":[[85.9188415,20.3051705],[85.9189667,20.3051737]]}},{"type":"Feature","properties":{"id":867625681,"highway":"residential"},"geometry":{"type":"LineString","coordinates":[[85.9107199,20.3177904],[85.9107708,20.317805],[85.9108293,20.3178157],[85.910861,20.3178215],[85.9111287,20.3178541]]}},{"type":"Feature","properties":{"id":867625682,"highway":"residential"},"geometry":{"type":"LineString","coordinates":[[85.9106655,20.3177729],[85.9107199,20.3177904]]}},{"type":"Feature","properties":{"id":867625683,"highway":"residential"},"geometry":{"type":"LineString","coordinates":[[85.9095022,20.3204596],[85.9097392,20.3205622],[85.9098798,20.320623],[85.9099223,20.320637],[85.9099531,20.3206412],[85.9100123,20.3206469],[85.9102147,20.3206642],[85.9104763,20.3206929]]}},{"type":"Feature","properties":{"id":867625684,"highway":"residential"},"geometry":{"type":"LineString","coordinates":[[85.9094551,20.3204393],[85.9095022,20.3204596]]}},{"type":"Feature","properties":{"id":867625685,"highway":"residential"},"geometry":{"type":"LineString","coordinates":[[85.9093796,20.3207432],[85.9093313,20.320724]]}},{"type":"Feature","properties":{"id":867625686,"highway":"residential"},"geometry":{"type":"LineString","coordinates":[[85.9093313,20.320724],[85.908887,20.3205632]]}},{"type":"Feature","properties":{"id":867625687,"highway":"residential"},"geometry":{"type":"LineString","coordinates":[[85.909201,20.3210093],[85.9087699,20.3208451]]}},{"type":"Feature","properties":{"id":867625688,"highway":"residential"},"geometry":{"type":"LineString","coordinates":[[85.9092448,20.321025],[85.909201,20.3210093]]}},{"type":"Feature","properties":{"id":867625689,"highway":"residential"},"geometry":{"type":"LineString","coordinates":[[85.9090955,20.3220469],[85.9091897,20.3220804],[85.9096527,20.3222579],[85.910192,20.3224646],[85.9104534,20.3225191],[85.910988,20.3225938],[85.9109447,20.3230729],[85.9109373,20.3231938],[85.910913,20.3235935],[85.9109092,20.3236492],[85.9108914,20.3239119],[85.9108391,20.3241878],[85.9108425,20.3242167],[85.910862,20.3243833],[85.9108785,20.3245237],[85.9108868,20.3247533],[85.9108817,20.3249948],[85.9108213,20.3251669],[85.9107418,20.3252794],[85.9104035,20.3256544],[85.9103809,20.3257231],[85.9103937,20.325868],[85.9105373,20.3263645],[85.9106952,20.3267452],[85.9107187,20.3268019],[85.9108166,20.3270789],[85.9108688,20.3272267],[85.9110489,20.3275909],[85.9110666,20.3276866],[85.9110978,20.327855],[85.9111373,20.3281469],[85.9111429,20.3281885],[85.9111392,20.328384]]}},{"type":"Feature","properties":{"id":867625690,"highway":"residential"},"geometry":{"type":"LineString","coordinates":[[85.9090012,20.3220135],[85.9090955,20.3220469]]}},{"type":"Feature","properties":{"id":867627148,"highway":"residential"},"geometry":{"type":"LineString","coordinates":[[85.9100548,20.3039203],[85.9099995,20.3040076]]}},{"type":"Feature","properties":{"id":867627149,"highway":"residential"},"geometry":{"type":"LineString","coordinates":[[85.9099995,20.3040076],[85.9099738,20.304049]]}},{"type":"Feature","properties":{"id":867627150,"highway":"residential"},"geometry":{"type":"LineString","coordinates":[[85.9103653,20.3042309],[85.910587,20.3042158]]}},{"type":"Feature","properties":{"id":867627151,"highway":"residential"},"geometry":{"type":"LineString","coordinates":[[85.910587,20.3042158],[85.9106432,20.3042013],[85.9108002,20.3041641],[85.9108631,20.3041464],[85.9111422,20.3040762],[85.9113207,20.304046],[85.9114014,20.3040459],[85.9114699,20.3040537],[85.9115744,20.3040943],[85.9118715,20.3042497],[85.9119184,20.3042688],[85.9126989,20.3046595],[85.9128059,20.3047135],[85.9128454,20.3047263],[85.9128936,20.3047418],[85.9129759,20.3047547],[85.9131341,20.3047675],[85.9133269,20.304783],[85.913456,20.3048205],[85.9135473,20.304847],[85.9137091,20.3049164],[85.9139422,20.3049936],[85.9139997,20.3049936],[85.9140436,20.3049781],[85.9140738,20.3049473],[85.9141643,20.3047466],[85.9142529,20.3045089],[85.9142885,20.3044612],[85.914342,20.3044277],[85.9143828,20.3044277],[85.9146733,20.3045089],[85.9148427,20.3045585],[85.9148706,20.3045667]]}},{"type":"Feature","properties":{"id":867627152,"highway":"residential"},"geometry":{"type":"LineString","coordinates":[[85.9114906,20.3048633],[85.9114821,20.3049075],[85.9114747,20.3049477],[85.911484,20.3049822],[85.9114904,20.304988],[85.9115036,20.3050225],[85.9116438,20.3050993],[85.9116628,20.305117],[85.9116675,20.3051415],[85.9116604,20.3051659],[85.9115319,20.3053731],[85.9114041,20.3055351],[85.9112218,20.3057772],[85.9111169,20.3059394],[85.9110038,20.3061143],[85.9109994,20.3061391],[85.9110104,20.3061659],[85.91105,20.3062051],[85.9110698,20.3062422],[85.9110786,20.3062814],[85.911072,20.3063268],[85.9110324,20.3064114],[85.9108256,20.306805],[85.9106862,20.3070701],[85.910685,20.3070918],[85.9107102,20.3071089],[85.9113502,20.3074186]]}},{"type":"Feature","properties":{"id":867627153,"highway":"residential"},"geometry":{"type":"LineString","coordinates":[[85.911546,20.3047782],[85.9114906,20.3048633]]}},{"type":"Feature","properties":{"id":867627154,"highway":"residential"},"geometry":{"type":"LineString","coordinates":[[85.9043983,20.3212621],[85.9044456,20.3212792],[85.9044769,20.3212905],[85.9047787,20.3214079],[85.9051895,20.3215637],[85.9057469,20.3217788],[85.905788,20.3217937],[85.9063643,20.3220014],[85.9067767,20.3221374],[85.9071201,20.3222695],[85.9075858,20.3224369],[85.907605,20.3224438]]}},{"type":"Feature","properties":{"id":867627155,"highway":"residential"},"geometry":{"type":"LineString","coordinates":[[85.9043296,20.3212373],[85.9043983,20.3212621]]}},{"type":"Feature","properties":{"id":867631225,"highway":"residential"},"geometry":{"type":"LineString","coordinates":[[85.90957,20.3214975],[85.9091265,20.3213264]]}},{"type":"Feature","properties":{"id":867631226,"highway":"residential"},"geometry":{"type":"LineString","coordinates":[[85.9091265,20.3213264],[85.9090658,20.3213029]]}},{"type":"Feature","properties":{"id":867631227,"highway":"residential"},"geometry":{"type":"LineString","coordinates":[[85.9090658,20.3213029],[85.9089437,20.3212558],[85.9086479,20.3211305]]}},{"type":"Feature","properties":{"id":867631228,"highway":"residential"},"geometry":{"type":"LineString","coordinates":[[85.909925,20.3202281],[85.9097392,20.3205622]]}},{"type":"Feature","properties":{"id":867631229,"highway":"residential"},"geometry":{"type":"LineString","coordinates":[[85.9076827,20.3236369],[85.9077972,20.3234426],[85.9078588,20.323338],[85.9078747,20.3233287],[85.9078984,20.323325],[85.9079202,20.3233324],[85.9080667,20.3234122]]}},{"type":"Feature","properties":{"id":867631230,"highway":"residential"},"geometry":{"type":"LineString","coordinates":[[85.9070296,20.324009],[85.9072277,20.3236274],[85.9072405,20.3235695],[85.9072405,20.3235355],[85.9072103,20.3234612]]}},{"type":"Feature","properties":{"id":867631231,"highway":"residential"},"geometry":{"type":"LineString","coordinates":[[85.9157713,20.3175103],[85.9155328,20.3173254],[85.9154442,20.3172779]]}},{"type":"Feature","properties":{"id":867631233,"highway":"residential"},"geometry":{"type":"LineString","coordinates":[[85.9165622,20.3094048],[85.9166983,20.3098508]]}},{"type":"Feature","properties":{"id":867631234,"highway":"residential"},"geometry":{"type":"LineString","coordinates":[[85.9205603,20.308746],[85.9206042,20.3087152]]}},{"type":"Feature","properties":{"id":867631235,"highway":"residential"},"geometry":{"type":"LineString","coordinates":[[85.9206042,20.3087152],[85.9206407,20.3086769],[85.9210271,20.3083772],[85.9212331,20.3081907],[85.9214627,20.3080064],[85.9219215,20.3076831]]}},{"type":"Feature","properties":{"id":867631238,"highway":"residential"},"geometry":{"type":"LineString","coordinates":[[85.9087266,20.3076187],[85.9082673,20.3073663]]}},{"type":"Feature","properties":{"id":867663399,"highway":"residential"},"geometry":{"type":"LineString","coordinates":[[85.9102068,20.3029429],[85.9104918,20.3030884]]}},{"type":"Feature","properties":{"id":867663400,"highway":"residential"},"geometry":{"type":"LineString","coordinates":[[85.9102754,20.3027901],[85.9105711,20.3029516],[85.910701,20.3030195]]}},{"type":"Feature","properties":{"id":867663401,"highway":"residential"},"geometry":{"type":"LineString","coordinates":[[85.9113498,20.3052831],[85.9115036,20.3050225]]}},{"type":"Feature","properties":{"id":867663402,"highway":"residential"},"geometry":{"type":"LineString","coordinates":[[85.9098775,20.3056036],[85.9108839,20.3061461],[85.9109273,20.3061532],[85.910968,20.3061532],[85.9109994,20.3061391]]}},{"type":"Feature","properties":{"id":867663403,"highway":"residential"},"geometry":{"type":"LineString","coordinates":[[85.9139439,20.3047012],[85.9136598,20.3045363],[85.9136393,20.3045363],[85.9136169,20.3045497],[85.913456,20.3048205]]}},{"type":"Feature","properties":{"id":867663405,"highway":"residential"},"geometry":{"type":"LineString","coordinates":[[85.9138324,20.3224358],[85.9138009,20.3224461]]}},{"type":"Feature","properties":{"id":867663406,"highway":"residential"},"geometry":{"type":"LineString","coordinates":[[85.9138009,20.3224461],[85.9137411,20.3224656]]}},{"type":"Feature","properties":{"id":867663407,"highway":"residential"},"geometry":{"type":"LineString","coordinates":[[85.9137411,20.3224656],[85.9137211,20.3224721]]}},{"type":"Feature","properties":{"id":867986446,"highway":"residential"},"geometry":{"type":"LineString","coordinates":[[85.9279695,20.3005845],[85.9279879,20.3005453],[85.9280025,20.3005005],[85.9280392,20.300442],[85.9280943,20.3003925],[85.9284428,20.300211],[85.9286021,20.3001305],[85.9289221,20.2999895],[85.9290781,20.2998948],[85.92914,20.2998497]]}},{"type":"Feature","properties":{"id":874986147,"highway":"residential"},"geometry":{"type":"LineString","coordinates":[[85.9006022,20.3499207],[85.9006855,20.3500073]]}},{"type":"Feature","properties":{"id":874986148,"highway":"residential"},"geometry":{"type":"LineString","coordinates":[[85.9006855,20.3500073],[85.9007529,20.350075],[85.9007934,20.3501387]]}},{"type":"Feature","properties":{"id":874988973,"highway":"residential"},"geometry":{"type":"LineString","coordinates":[[85.9000021,20.3568777],[85.9001443,20.3563836],[85.9001657,20.3563534],[85.9002033,20.3563358],[85.9002677,20.3563182],[85.9006351,20.3563182],[85.900678,20.3563082],[85.9007102,20.356278],[85.9007344,20.3562277],[85.9008148,20.3559963],[85.9008765,20.3558354],[85.9009463,20.3556971],[85.9010375,20.355506],[85.9011072,20.3553325],[85.9011528,20.3552017],[85.9011662,20.3551778],[85.9011863,20.3551677],[85.9012225,20.3551703],[85.901362,20.355213],[85.9014411,20.3552432],[85.9015256,20.3552683],[85.901657,20.355277]]}},{"type":"Feature","properties":{"id":874998585,"highway":"residential"},"geometry":{"type":"LineString","coordinates":[[85.8999321,20.3635526],[85.900729,20.3633693]]}},{"type":"Feature","properties":{"id":874998586,"highway":"residential"},"geometry":{"type":"LineString","coordinates":[[85.8999588,20.3638997],[85.9008333,20.3636845]]}},{"type":"Feature","properties":{"id":874998587,"highway":"residential"},"geometry":{"type":"LineString","coordinates":[[85.9009463,20.3640256],[85.9008333,20.3636845],[85.900729,20.3633693],[85.9005493,20.3627758]]}},{"type":"Feature","properties":{"id":874998588,"highway":"residential"},"geometry":{"type":"LineString","coordinates":[[85.8992296,20.3628915],[85.8995756,20.3628638],[85.8999297,20.3628387],[85.8999807,20.3628211],[85.9000182,20.3627884],[85.9000504,20.3627406],[85.9000799,20.362718],[85.9001255,20.3627105],[85.9002006,20.362723],[85.9003937,20.3627582],[85.9004956,20.3627733],[85.9005493,20.3627758],[85.9007826,20.362718]]}},{"type":"Feature","properties":{"id":874998590,"highway":"residential"},"geometry":{"type":"LineString","coordinates":[[85.8964129,20.3683014],[85.8965099,20.3683154],[85.8966158,20.3683267],[85.8966936,20.368328],[85.8967178,20.3683192],[85.8967419,20.3682902],[85.8969082,20.3680048],[85.8970731,20.3677081],[85.8972126,20.3674466],[85.8973722,20.3671587],[85.8974594,20.3669902],[85.8975063,20.3668695],[85.8975184,20.3667903],[85.8975184,20.3667224],[85.897505,20.3666545],[85.8974741,20.3665866],[85.8974259,20.3665087],[85.8973883,20.366437],[85.8973709,20.3663742],[85.8973749,20.3663264],[85.8973923,20.3662924],[85.8974366,20.3662673],[85.8975103,20.3662472],[85.897623,20.3662233],[85.897737,20.3661931],[85.8978899,20.3661441],[85.8979918,20.3660825],[85.8981192,20.3659568],[85.8981983,20.3658587],[85.8984183,20.3656123],[85.8985618,20.3654626],[85.898708,20.3653369],[85.8988059,20.3652627],[85.898948,20.3652087],[85.8991358,20.3651596],[85.8993275,20.3651307],[85.899632,20.3651068],[85.8998895,20.3650666],[85.9000048,20.3650389],[85.9001845,20.3649861],[85.9002945,20.3649711],[85.9006458,20.3649484],[85.9006606,20.3649447],[85.9006683,20.364939],[85.900675,20.3649283],[85.9006747,20.3649069],[85.9006526,20.3647699],[85.9006526,20.3647271],[85.9006646,20.3647007],[85.9006914,20.3646731],[85.9007478,20.3646442],[85.9008363,20.3646027],[85.9009208,20.3645775],[85.9010495,20.3645348],[85.9011139,20.3644996],[85.9011541,20.3644568],[85.9012225,20.3643525],[85.9012547,20.3642707],[85.9012668,20.3642029],[85.9012735,20.3641186],[85.9012601,20.3640042],[85.9012695,20.3639476],[85.9012856,20.3639024],[85.9013137,20.3638709],[85.9013298,20.363847],[85.9013338,20.3638093],[85.9013191,20.3637263],[85.9012279,20.363412],[85.901071,20.363016],[85.9010535,20.3629607],[85.9010482,20.3629129],[85.9010616,20.3628462],[85.9011206,20.3625847],[85.9011206,20.3624514],[85.9011313,20.3623861],[85.9011582,20.3623257],[85.9012091,20.3622955],[85.9012976,20.3622578],[85.901539,20.3621799],[85.9016088,20.3621447],[85.9016463,20.3620969],[85.901657,20.362029],[85.9016517,20.3619435],[85.9016624,20.3618555],[85.9016919,20.3618002],[85.9017482,20.36177],[85.9019904,20.3616836],[85.9020848,20.3616499]]}},{"type":"Feature","properties":{"id":875007825,"highway":"residential"},"geometry":{"type":"LineString","coordinates":[[85.8996208,20.3166527],[85.8997081,20.3166999],[85.8999426,20.3168338],[85.9001138,20.3169373],[85.9006081,20.3172053],[85.9007798,20.317292],[85.9008896,20.3173345],[85.9009472,20.3173525],[85.9011366,20.3173694],[85.9012336,20.3173777],[85.9013241,20.3173966],[85.901499,20.317465],[85.901551,20.3174793],[85.9018224,20.3175461],[85.9017946,20.3177328],[85.9017888,20.3177719],[85.9017856,20.3179764],[85.9017628,20.3185188]]}},{"type":"Feature","properties":{"id":875023449,"highway":"residential"},"geometry":{"type":"LineString","coordinates":[[85.9019172,20.370805],[85.9026408,20.3704176],[85.9031584,20.3701548],[85.9034943,20.3699988],[85.9038147,20.3698804],[85.9043878,20.3696782],[85.9052813,20.369372],[85.9061471,20.369063],[85.9069081,20.3688146],[85.9075828,20.3685691],[85.9083593,20.3682687],[85.9085164,20.3682167],[85.9085842,20.3681907],[85.9086365,20.3681647],[85.9086735,20.3681243],[85.9087259,20.3680492],[85.9088923,20.3677921],[85.9089354,20.3677054],[85.908957,20.3676274],[85.9089847,20.3674686],[85.9091079,20.3667349],[85.9091606,20.3664201]]}},{"type":"Feature","properties":{"id":875023457,"highway":"residential"},"geometry":{"type":"LineString","coordinates":[[85.902225,20.3634564],[85.9013191,20.3637263]]}},{"type":"Feature","properties":{"id":875023458,"highway":"residential"},"geometry":{"type":"LineString","coordinates":[[85.900574,20.3593994],[85.900814,20.3583143],[85.9010055,20.3574398],[85.901067,20.3571795]]}},{"type":"Feature","properties":{"id":875023459,"highway":"residential"},"geometry":{"type":"LineString","coordinates":[[85.9008244,20.3566841],[85.9011463,20.3567948],[85.9011731,20.3568124],[85.9011811,20.3568375],[85.9011758,20.3568677],[85.901114,20.3570966]]}},{"type":"Feature","properties":{"id":875026363,"highway":"residential"},"geometry":{"type":"LineString","coordinates":[[85.9010471,20.3130593],[85.9019791,20.3133799]]}},{"type":"Feature","properties":{"id":875026365,"highway":"residential"},"geometry":{"type":"LineString","coordinates":[[85.9002827,20.3150524],[85.9009756,20.3153]]}},{"type":"Feature","properties":{"id":875026366,"highway":"residential"},"geometry":{"type":"LineString","coordinates":[[85.8990833,20.3177462],[85.900003,20.3181731],[85.9004349,20.3183735],[85.9008492,20.3185717]]}},{"type":"Feature","properties":{"id":875026367,"highway":"residential"},"geometry":{"type":"LineString","coordinates":[[85.9009472,20.3173525],[85.9008262,20.3175938],[85.9004349,20.3183735]]}},{"type":"Feature","properties":{"id":875026373,"highway":"residential"},"geometry":{"type":"LineString","coordinates":[[85.9008968,20.3200369],[85.9012669,20.3201606],[85.9015414,20.320267],[85.9020028,20.3204293],[85.9023373,20.320551],[85.9024593,20.3205941],[85.9027541,20.3206984],[85.9032882,20.3208782],[85.9037461,20.321051],[85.9038251,20.3210808],[85.9041043,20.3211594],[85.9041478,20.3211717],[85.9043296,20.3212373]]}},{"type":"Feature","properties":{"id":875029197,"highway":"residential"},"geometry":{"type":"LineString","coordinates":[[85.9003899,20.3578434],[85.9004891,20.357685],[85.9005508,20.3576221],[85.9006688,20.3575593],[85.9008485,20.3574838],[85.9010055,20.3574398]]}},{"type":"Feature","properties":{"id":875029198,"highway":"residential"},"geometry":{"type":"LineString","coordinates":[[85.900814,20.3583143],[85.901149,20.3583715],[85.9018222,20.3584721],[85.9022621,20.3585551],[85.9029231,20.3586272],[85.9030771,20.3586301],[85.9031757,20.3586388],[85.9033051,20.3586735],[85.9038289,20.3587948],[85.9038628,20.3588179],[85.9038782,20.3588554],[85.9038967,20.3590576],[85.9038875,20.3590923],[85.9038505,20.3591183],[85.9035978,20.3593003]]}},{"type":"Feature","properties":{"id":875029199,"highway":"residential"},"geometry":{"type":"LineString","coordinates":[[85.9018907,20.359801],[85.9019652,20.3598057],[85.9020253,20.3598124],[85.9020997,20.3598323],[85.9023403,20.3598986],[85.9023934,20.3598986],[85.9024324,20.3598787],[85.9024571,20.3598389],[85.9024961,20.3596199],[85.9025491,20.3593512],[85.9025704,20.3593047],[85.9026058,20.3592782],[85.9026659,20.3592649],[85.9029889,20.3592781],[85.9030376,20.3592715],[85.9030924,20.3592575],[85.9031897,20.3592549],[85.9035401,20.3592782],[85.9035978,20.3593003],[85.9036251,20.3593478],[85.9036428,20.3594175],[85.9037421,20.3598154],[85.9037448,20.3598481],[85.903734,20.3598758],[85.9037099,20.3598883],[85.9031091,20.3600744]]}},{"type":"Feature","properties":{"id":875029210,"highway":"tertiary"},"geometry":{"type":"LineString","coordinates":[[85.8997029,20.3506497],[85.8996912,20.3506258],[85.8996876,20.3506026],[85.8996929,20.3505727],[85.899723,20.3505329],[85.8998646,20.3504284],[85.9003052,20.3500882],[85.900353,20.3500418],[85.9003866,20.3499854],[85.9003972,20.3499389],[85.9003937,20.3498858],[85.9003612,20.3497768]]}},{"type":"Feature","properties":{"id":875136734,"highway":"tertiary"},"geometry":{"type":"LineString","coordinates":[[85.8987258,20.3291977],[85.8989461,20.32935],[85.8991316,20.3294408],[85.9000611,20.329884],[85.9012574,20.3304222],[85.9018974,20.3307412],[85.9020692,20.3308332],[85.9016141,20.3313979],[85.9016114,20.3314354],[85.9016308,20.3314694],[85.9020728,20.3318407],[85.902405,20.332183],[85.9025073,20.3322884],[85.9025538,20.3323602],[85.9027021,20.3325667],[85.9027701,20.3326335],[85.9028854,20.3327316],[85.9029962,20.3328439],[85.9030526,20.332922],[85.9031275,20.3330736],[85.9032369,20.3332542],[85.9034821,20.3336421],[85.9034944,20.3336616],[85.9038806,20.3345117],[85.9040262,20.3349482],[85.9040742,20.3351342],[85.9041266,20.3353374],[85.9042501,20.335968],[85.9042722,20.3360811],[85.9043258,20.3362526],[85.9043795,20.3363527],[85.9044095,20.3364082],[85.904677,20.3367666],[85.9046978,20.336812],[85.9047204,20.3368575],[85.9047802,20.337037],[85.9048126,20.3371807],[85.9048355,20.3372775],[85.9048707,20.3373329],[85.9054309,20.3379624],[85.9060478,20.3385025],[85.9065827,20.338985],[85.9071261,20.3395015],[85.9075464,20.3398829],[85.9077827,20.3400973],[85.9079111,20.3402174],[85.9084564,20.3407188],[85.9088932,20.3411363],[85.9091317,20.3413681]]}},{"type":"Feature","properties":{"id":878129833,"highway":"primary_link"},"geometry":{"type":"LineString","coordinates":[[85.9050758,20.3459286],[85.9051306,20.3459812]]}},{"type":"Feature","properties":{"id":1039090570,"highway":"residential"},"geometry":{"type":"LineString","coordinates":[[85.9348601,20.3773422],[85.9350961,20.3770606],[85.9356058,20.3768142],[85.9361958,20.3765376],[85.9368879,20.3761453],[85.9377462,20.3756676],[85.9383523,20.3754061],[85.9390283,20.3751949]]}},{"type":"Feature","properties":{"id":1039090571,"highway":"residential"},"geometry":{"type":"LineString","coordinates":[[85.9438187,20.372336],[85.9435236,20.3722153],[85.9431347,20.3721022],[85.9430274,20.3720821],[85.9424186,20.3721323],[85.9420887,20.3721298],[85.9419546,20.3720946],[85.9415549,20.3719161],[85.940997,20.3717401],[85.9406,20.3716672],[85.9403613,20.3716647],[85.9402245,20.3716018],[85.9393045,20.370938],[85.9391811,20.3708802],[85.9389827,20.3708374],[85.938634,20.3706287],[85.9382048,20.3703295],[85.9379876,20.3701484],[85.9377676,20.3700479],[85.9375289,20.3700051],[85.9371936,20.3701962],[85.9368181,20.370498],[85.9365365,20.3705834],[85.9362307,20.3706061],[85.9359142,20.3706186],[85.9356084,20.370762],[85.935418,20.3709556],[85.9353161,20.371109],[85.9353349,20.3714132],[85.9350237,20.3715364],[85.934675,20.3716571],[85.9340554,20.3717652],[85.9336799,20.3719211],[85.9329772,20.3721122],[85.9324676,20.3722279],[85.9320974,20.3723637],[85.9318078,20.3723084],[85.9309012,20.3719211],[85.9305578,20.3720267],[85.930059,20.3722782],[85.9298873,20.3724894],[85.9298068,20.3729722],[85.9296727,20.3733393],[85.9295011,20.3736108],[85.9294957,20.3737969],[85.9299731,20.3747222],[85.9306061,20.3761001],[85.9310514,20.3765979],[85.9314966,20.3772517],[85.9317917,20.3774176],[85.9323603,20.3777395],[85.9327412,20.3777244],[85.9337389,20.3774277],[85.9342271,20.3772466],[85.9346831,20.3771461],[85.9348601,20.3773422],[85.9350371,20.3780764],[85.9351391,20.3786144],[85.9351731,20.3788479]]}},{"type":"Feature","properties":{"id":1150649147,"highway":"residential"},"geometry":{"type":"LineString","coordinates":[[86.0024077,20.380803],[86.0022265,20.3808963],[86.0019892,20.3811092],[86.0014482,20.3813962],[86.0010093,20.3814703],[86.0008179,20.3815254],[86.0005883,20.3812981],[86.0004913,20.3809561],[86.0002974,20.3808652],[85.9997564,20.3806929],[85.9991542,20.3809608],[85.9983063,20.3813208],[85.9983245,20.3815939],[85.9984094,20.3818727],[85.9982152,20.3821572],[85.9984155,20.3826294],[85.9984034,20.3830276],[85.9986401,20.3835339],[85.9988249,20.3840393],[85.999229,20.3843865]]}},{"type":"Feature","properties":{"id":1150649148,"highway":"residential"},"geometry":{"type":"LineString","coordinates":[[85.972076,20.3927502],[85.9720341,20.392481],[85.9721617,20.3922801],[85.9722026,20.3920935],[85.9728762,20.3916247],[85.9736673,20.3912659],[85.973792,20.3912362],[85.9737324,20.3908928],[85.9737216,20.3907423],[85.9737451,20.3906814],[85.9743908,20.3904177],[85.975236,20.3899528]]}},{"type":"Feature","properties":{"id":1194671135,"highway":"residential"},"geometry":{"type":"LineString","coordinates":[[85.9003612,20.3497768],[85.9005261,20.3498646],[85.9006022,20.3499207]]}},{"type":"Feature","properties":{"id":1207764736,"highway":"unclassified"},"geometry":{"type":"LineString","coordinates":[[85.945149,20.3971077],[85.9447413,20.3963334],[85.9444034,20.3958306],[85.9442156,20.3953279],[85.9440547,20.3950262],[85.9439581,20.3949055],[85.943588,20.3946189],[85.94347,20.3945787],[85.9428048,20.3946039],[85.9427082,20.3946491],[85.942617,20.3947396],[85.9425419,20.3947647],[85.9424937,20.3947396],[85.9423703,20.3944932],[85.9421611,20.3943927],[85.9417105,20.3934877],[85.9416568,20.3930804],[85.9412384,20.3921855],[85.9409702,20.3918084],[85.9408897,20.3916827],[85.940541,20.3912755],[85.9403318,20.3909386],[85.940246,20.3908431],[85.940128,20.3907627],[85.9400153,20.390647],[85.9397685,20.3903202],[85.9395808,20.3898829]]}},{"type":"Feature","properties":{"id":1207764737,"highway":"residential"},"geometry":{"type":"LineString","coordinates":[[85.9416568,20.3930804],[85.9425849,20.3926179],[85.9433896,20.3924118]]}},{"type":"Feature","properties":{"id":1207764738,"highway":"residential"},"geometry":{"type":"LineString","coordinates":[[85.9433896,20.3924118],[85.9433091,20.3921],[85.9432716,20.3916425],[85.9431696,20.3913911],[85.9430624,20.391195]]}},{"type":"Feature","properties":{"id":1207764739,"highway":"residential"},"geometry":{"type":"LineString","coordinates":[[85.9448755,20.3926631],[85.9446502,20.3925877],[85.944146,20.3926229],[85.9439421,20.3926129],[85.9433896,20.3924118]]}},{"type":"Feature","properties":{"id":1207764740,"highway":"residential"},"geometry":{"type":"LineString","coordinates":[[85.945149,20.3971077],[85.9454226,20.3973088],[85.9455567,20.397339],[85.9459001,20.397747]]}},{"type":"Feature","properties":{"id":1207764741,"highway":"unclassified"},"geometry":{"type":"LineString","coordinates":[[85.945149,20.3971077],[85.9440279,20.3980831],[85.9437597,20.3984803],[85.9437382,20.3985959],[85.9437865,20.3987869],[85.9436363,20.3990391]]}},{"type":"Feature","properties":{"id":1207764742,"highway":"unclassified"},"geometry":{"type":"LineString","coordinates":[[85.9396237,20.4025477],[85.9401011,20.4019801],[85.9401172,20.4019349],[85.9403425,20.4016533],[85.9406215,20.4011456],[85.9408039,20.4008087],[85.940997,20.4005869],[85.9412169,20.4004015],[85.9418821,20.4000848],[85.9422362,20.3996373],[85.942719,20.3993658],[85.9434056,20.3991547],[85.9436363,20.3990391],[85.9444463,20.3987726],[85.9447253,20.3986218],[85.945149,20.398305],[85.9452027,20.3982799],[85.9459001,20.397747],[85.9481424,20.3962941],[85.9490275,20.3958416],[85.949344,20.3956908],[85.9497142,20.3955399],[85.9499609,20.3954143],[85.9501648,20.3952685],[85.9504276,20.3950271],[85.9505617,20.3950372],[85.9507441,20.3950975],[85.9513235,20.3953891],[85.9518599,20.3957209],[85.9520155,20.3958617],[85.9522086,20.3960879],[85.9523105,20.3961131],[85.9525573,20.3960527],[85.9526807,20.3959924],[85.9527397,20.3959371],[85.9528201,20.3957913],[85.9528255,20.395736],[85.9530401,20.395178],[85.9531474,20.3949869],[85.9532868,20.3949266],[85.9534895,20.394944]]}},{"type":"Feature","properties":{"id":1207764743,"highway":"unclassified"},"geometry":{"type":"LineString","coordinates":[[85.9537716,20.3949788],[85.9539895,20.3949742]]}},{"type":"Feature","properties":{"id":1207764744,"highway":"unclassified"},"geometry":{"type":"LineString","coordinates":[[85.9534895,20.394944],[85.9537716,20.3949788]]}},{"type":"Feature","properties":{"id":1207764767,"highway":"residential"},"geometry":{"type":"LineString","coordinates":[[85.9306758,20.4008748],[85.9307778,20.4006938],[85.9312016,20.4003519],[85.9314537,20.4001005],[85.9317273,20.4000351],[85.9316254,20.399653],[85.9315181,20.3994418],[85.9314537,20.3991904],[85.9315073,20.3990546],[85.9315932,20.3989641],[85.9316468,20.3989339],[85.932017,20.3986172],[85.9321564,20.3984663],[85.932253,20.3983909],[85.9327626,20.3979082],[85.9336616,20.3971337]]}},{"type":"Feature","properties":{"id":1207764769,"highway":"residential"},"geometry":{"type":"LineString","coordinates":[[85.9253489,20.3929525],[85.9255099,20.3932518],[85.9257513,20.393654],[85.9259283,20.3938551],[85.9263253,20.3944132]]}},{"type":"Feature","properties":{"id":1207764770,"highway":"residential"},"geometry":{"type":"LineString","coordinates":[[85.9323818,20.3927393],[85.9323066,20.3926387],[85.9319687,20.3922616],[85.9317541,20.3919136]]}},{"type":"Feature","properties":{"id":1207764778,"highway":"tertiary"},"geometry":{"type":"LineString","coordinates":[[85.9664645,20.3824406],[85.9664585,20.3814622],[85.9662375,20.3806713],[85.9660902,20.3800938],[85.9660835,20.3796669],[85.9659751,20.3791925],[85.965937,20.3789886]]}},{"type":"Feature","properties":{"id":1207764779,"highway":"tertiary"},"geometry":{"type":"LineString","coordinates":[[85.965937,20.3789886],[85.965878,20.3786718]]}},{"type":"Feature","properties":{"id":1207764781,"highway":"tertiary"},"geometry":{"type":"LineString","coordinates":[[85.9540483,20.3939157],[85.9540027,20.3936161]]}},{"type":"Feature","properties":{"id":1207764784,"highway":"tertiary"},"geometry":{"type":"LineString","coordinates":[[85.9540027,20.3936161],[85.9540368,20.3934639],[85.954172,20.3933226],[85.9547031,20.3930335],[85.9554514,20.3926539],[85.9556794,20.3921008],[85.9558082,20.3916281],[85.9564733,20.3907833],[85.9569132,20.3902504],[85.9573746,20.3897375],[85.9578574,20.3891642],[85.958308,20.3885809],[85.9588122,20.3881083],[85.9591552,20.3878225],[85.9593916,20.3876256],[85.9599066,20.3873138],[85.960443,20.386992],[85.9609258,20.386821],[85.9610224,20.3863584],[85.9610546,20.3855539],[85.9609795,20.3851415],[85.9610725,20.3851232]]}},{"type":"Feature","properties":{"id":1207764785,"highway":"tertiary"},"geometry":{"type":"LineString","coordinates":[[85.9610725,20.3851232],[85.9612624,20.3850846]]}},{"type":"Feature","properties":{"id":1214769117,"highway":"residential"},"geometry":{"type":"LineString","coordinates":[[85.9061311,20.311369],[85.905741,20.3125241],[85.9049139,20.3146452]]}},{"type":"Feature","properties":{"id":1214769118,"highway":"residential"},"geometry":{"type":"LineString","coordinates":[[85.9071589,20.3121054],[85.907642,20.3122897],[85.9083015,20.3125459],[85.9087979,20.3127339]]}},{"type":"Feature","properties":{"id":1214769119,"highway":"residential"},"geometry":{"type":"LineString","coordinates":[[85.9026993,20.3127683],[85.9028818,20.3128356]]}},{"type":"Feature","properties":{"id":1214769121,"highway":"unclassified"},"geometry":{"type":"LineString","coordinates":[[85.9128383,20.3090247],[85.9114927,20.3082869],[85.9114123,20.3082568],[85.9112401,20.3081455]]}},{"type":"Feature","properties":{"id":1214789806,"highway":"residential"},"geometry":{"type":"LineString","coordinates":[[85.9009839,20.3003636],[85.9011448,20.3005195],[85.9012098,20.3007113]]}},{"type":"Feature","properties":{"id":1218221129,"highway":"residential"},"geometry":{"type":"LineString","coordinates":[[85.9098995,20.3885102],[85.9095133,20.3885102]]}},{"type":"Feature","properties":{"id":1218221130,"highway":"residential"},"geometry":{"type":"LineString","coordinates":[[85.9098995,20.3885102],[85.9108757,20.3884951]]}},{"type":"Feature","properties":{"id":1218221131,"highway":"residential"},"geometry":{"type":"LineString","coordinates":[[85.9085477,20.3883845],[85.908773,20.388299],[85.9092558,20.3882085],[85.9096366,20.3880376],[85.9098136,20.3880451],[85.9098995,20.3885102]]}},{"type":"Feature","properties":{"id":1218221132,"highway":"residential"},"geometry":{"type":"LineString","coordinates":[[85.9096366,20.3880376],[85.9095937,20.3876756]]}},{"type":"Feature","properties":{"id":1218221133,"highway":"residential"},"geometry":{"type":"LineString","coordinates":[[85.9085477,20.3883845],[85.9086013,20.3890733],[85.9085852,20.3896968],[85.9086067,20.3902347],[85.9089496,20.3908431]]}},{"type":"Feature","properties":{"id":1218221134,"highway":"residential"},"geometry":{"type":"LineString","coordinates":[[85.9085477,20.3883845],[85.9085101,20.3881583]]}},{"type":"Feature","properties":{"id":1218221135,"highway":"residential"},"geometry":{"type":"LineString","coordinates":[[85.9088497,20.3909638],[85.9083706,20.3903705],[85.9075177,20.3894052],[85.9073943,20.3892091],[85.9069383,20.3881884],[85.9065735,20.3873639],[85.9064287,20.3871075],[85.905388,20.3858304]]}},{"type":"Feature","properties":{"id":1218221136,"highway":"residential"},"geometry":{"type":"LineString","coordinates":[[85.9069383,20.3881884],[85.9068524,20.3881938],[85.9065145,20.3882692],[85.9057956,20.3885457],[85.9053611,20.3884049]]}},{"type":"Feature","properties":{"id":1218221137,"highway":"residential"},"geometry":{"type":"LineString","coordinates":[[85.9069383,20.3881884],[85.9073835,20.3881485]]}},{"type":"Feature","properties":{"id":1218221138,"highway":"residential"},"geometry":{"type":"LineString","coordinates":[[85.9031912,20.3865872],[85.9048139,20.3858505]]}},{"type":"Feature","properties":{"id":1218221139,"highway":"residential"},"geometry":{"type":"LineString","coordinates":[[85.9052056,20.3856041],[85.9049374,20.3857751],[85.9048139,20.3858505]]}},{"type":"Feature","properties":{"id":1218221140,"highway":"residential"},"geometry":{"type":"LineString","coordinates":[[85.9031912,20.3865872],[85.9031939,20.3867757],[85.9034407,20.3874244],[85.9034943,20.3876054],[85.903564,20.387784],[85.9037142,20.3880328],[85.9038108,20.3881636],[85.9040146,20.3883698],[85.9044599,20.3882189]]}},{"type":"Feature","properties":{"id":1218221141,"highway":"residential"},"geometry":{"type":"LineString","coordinates":[[85.9027219,20.3858254],[85.9031349,20.3864439],[85.9031912,20.3865872]]}},{"type":"Feature","properties":{"id":1218221142,"highway":"residential"},"geometry":{"type":"LineString","coordinates":[[85.9027219,20.3858254],[85.9023035,20.3853376]]}},{"type":"Feature","properties":{"id":1218221143,"highway":"residential"},"geometry":{"type":"LineString","coordinates":[[85.9013217,20.3880175],[85.9013968,20.3875549],[85.9013807,20.3874443],[85.9011286,20.3872683],[85.9010267,20.3872181],[85.9006673,20.3868913],[85.9005868,20.3868561],[85.9004205,20.386841],[85.9002845,20.3866499]]}},{"type":"Feature","properties":{"id":1218221144,"highway":"residential"},"geometry":{"type":"LineString","coordinates":[[85.9001737,20.3858304],[85.9004795,20.3862477],[85.9005546,20.3863671]]}},{"type":"Feature","properties":{"id":1218221145,"highway":"residential"},"geometry":{"type":"LineString","coordinates":[[85.9000558,20.3853577],[85.9001737,20.3858304]]}},{"type":"Feature","properties":{"id":1218221149,"highway":"residential"},"geometry":{"type":"LineString","coordinates":[[85.9052056,20.3856041],[85.905388,20.3858304]]}},{"type":"Feature","properties":{"id":1219861626,"highway":"unclassified"},"geometry":{"type":"LineString","coordinates":[[85.90486,20.3176297],[85.905042,20.3177435],[85.9051494,20.3177979],[85.9052183,20.3177814],[85.9053451,20.3178276],[85.9054607,20.3178828],[85.9055634,20.3179406],[85.9057887,20.3180258],[85.9060019,20.3181127],[85.9062026,20.3181733],[85.9063446,20.3182184],[85.9065271,20.3182442],[85.9067262,20.3182428],[85.9069549,20.3182509],[85.9071661,20.3182959],[85.9073311,20.3183463],[85.907557,20.3183774],[85.9077357,20.3184135],[85.9078715,20.3184003],[85.9079675,20.3183758],[85.9081154,20.3183841],[85.9083645,20.3184285],[85.9085699,20.3184701],[85.9086353,20.3184879],[85.9088364,20.3184729],[85.9089413,20.3184563],[85.9090649,20.3184446],[85.9092266,20.3184921],[85.9093309,20.3185184],[85.909454,20.318559]]}},{"type":"Feature","properties":{"id":1219861633,"highway":"unclassified"},"geometry":{"type":"LineString","coordinates":[[85.9111143,20.3080711],[85.9109026,20.30796],[85.9104258,20.30771],[85.9097224,20.3073412]]}},{"type":"Feature","properties":{"id":1219861634,"highway":"unclassified"},"geometry":{"type":"LineString","coordinates":[[85.9112401,20.3081455],[85.9111709,20.3081008],[85.9111143,20.3080711]]}},{"type":"Feature","properties":{"id":1219861636,"highway":"unclassified"},"geometry":{"type":"LineString","coordinates":[[85.9043927,20.3173453],[85.9045381,20.3174293],[85.9047672,20.3175699]]}},{"type":"Feature","properties":{"id":1219861637,"highway":"unclassified"},"geometry":{"type":"LineString","coordinates":[[85.9047672,20.3175699],[85.9048136,20.3175998],[85.90486,20.3176297]]}},{"type":"Feature","properties":{"id":1220611428,"highway":"residential"},"geometry":{"type":"LineString","coordinates":[[85.9491027,20.300162],[85.9492743,20.3000261]]}},{"type":"Feature","properties":{"id":1220611429,"highway":"residential"},"geometry":{"type":"LineString","coordinates":[[85.9478746,20.3020754],[85.948239,20.3018728],[85.9486467,20.3018174],[85.9488506,20.3017067],[85.9490544,20.30144]]}},{"type":"Feature","properties":{"id":1220611430,"highway":"residential"},"geometry":{"type":"LineString","coordinates":[[85.9465546,20.302688],[85.9469998,20.3020187],[85.9470213,20.3019734],[85.9470535,20.3017721],[85.9472366,20.3015239],[85.9474889,20.3013089]]}},{"type":"Feature","properties":{"id":1220611431,"highway":"residential"},"geometry":{"type":"LineString","coordinates":[[85.957809,20.3067929],[85.9588015,20.307145],[85.9595739,20.3073462],[85.9606147,20.3075927],[85.9617465,20.3078845],[85.9621328,20.3080505],[85.9623279,20.3082808]]}},{"type":"Feature","properties":{"id":1220611432,"highway":"residential"},"geometry":{"type":"LineString","coordinates":[[85.9577608,20.3034305],[85.9578627,20.3047606],[85.9579163,20.3049819],[85.9580397,20.3051731],[85.9585601,20.3054749],[85.958324,20.3059277],[85.957809,20.3067929],[85.957632,20.3071199],[85.9570312,20.3080103]]}},{"type":"Feature","properties":{"id":1220611433,"highway":"residential"},"geometry":{"type":"LineString","coordinates":[[85.9538511,20.315391],[85.9539735,20.3148618],[85.9540272,20.3146153],[85.954113,20.3143135],[85.9541452,20.3142581],[85.9541452,20.3142128],[85.9541881,20.3141072],[85.9541988,20.3140116],[85.9542847,20.3137098],[85.9543759,20.313408],[85.9544134,20.3133275],[85.9544563,20.3131313],[85.9548104,20.3119189],[85.9548104,20.3118787],[85.954864,20.3117429],[85.954982,20.31127],[85.9551323,20.3107821],[85.955143,20.3106915],[85.9553254,20.3100627],[85.9553897,20.309947],[85.9557009,20.3095747],[85.9557331,20.3095144],[85.9558296,20.3094238],[85.9561247,20.3090415],[85.9564412,20.3086391],[85.9570312,20.3080103]]}},{"type":"Feature","properties":{"id":1220611434,"highway":"residential"},"geometry":{"type":"LineString","coordinates":[[85.9570256,20.3166131],[85.956468,20.3159785],[85.9560228,20.3155409],[85.955776,20.3153245],[85.9555829,20.3151485],[85.9552897,20.3147258]]}},{"type":"Feature","properties":{"id":1220611435,"highway":"residential"},"geometry":{"type":"LineString","coordinates":[[85.9611672,20.322409],[85.9599817,20.3209287],[85.9587425,20.3195052],[85.9586835,20.3193694],[85.9586674,20.3192839],[85.9587371,20.3190626],[85.9587586,20.3189318],[85.9587478,20.3188664],[85.9586459,20.3186703],[85.9580934,20.3178906],[85.9570256,20.3166131]]}},{"type":"Feature","properties":{"id":1220611436,"highway":"residential"},"geometry":{"type":"LineString","coordinates":[[85.969761,20.3201703],[85.9697127,20.32012],[85.9696162,20.3199238],[85.969466,20.319461],[85.9694338,20.3194157],[85.9689563,20.3180876],[85.9687364,20.3177455],[85.9683823,20.3174537],[85.9682,20.3174034],[85.9680551,20.3174134],[85.9676528,20.3175392],[85.9671217,20.3177656],[85.9658986,20.318651],[85.9651691,20.3190635],[85.9648901,20.3193503],[85.964756,20.3196622],[85.9646433,20.3198282],[85.9644073,20.3200747],[85.9635919,20.3208042],[85.9630608,20.3212469],[85.9616124,20.3221172],[85.9611672,20.322409],[85.9598476,20.3233749],[85.9596383,20.3235762],[85.9588927,20.3244817],[85.9587639,20.3247031],[85.9586191,20.3252716],[85.9586879,20.3256388]]}},{"type":"Feature","properties":{"id":1220611437,"highway":"residential"},"geometry":{"type":"LineString","coordinates":[[85.9616124,20.3221172],[85.9618806,20.3224526],[85.9623634,20.3231065],[85.9633666,20.3240371],[85.9636616,20.3243641],[85.9647935,20.3257273],[85.9652495,20.326346],[85.9653461,20.3264869],[85.9656127,20.3267233]]}},{"type":"Feature","properties":{"id":1220611438,"highway":"residential"},"geometry":{"type":"LineString","coordinates":[[85.9673685,20.3266431],[85.9667624,20.3270958],[85.9660414,20.3274753]]}},{"type":"Feature","properties":{"id":1220611439,"highway":"residential"},"geometry":{"type":"LineString","coordinates":[[85.9646284,20.3334745],[85.9655187,20.3340479],[85.9657333,20.3339926],[85.9661517,20.3336606],[85.9665003,20.3333789],[85.9669723,20.3331726],[85.9683669,20.3328004],[85.9685439,20.3327652],[85.9686619,20.3327702],[85.9687531,20.3328306],[85.9689301,20.3332078],[85.9690427,20.333404],[85.9691661,20.3334745],[85.9702549,20.3331928],[85.9709361,20.3328306],[85.9713009,20.3327048],[85.9714242,20.3326042],[85.971553,20.3324533],[85.9716602,20.3323828],[85.9718694,20.3322873],[85.9723468,20.3321112],[85.9728295,20.3318748],[85.9730334,20.3315729],[85.9730709,20.3312963],[85.9730012,20.3310045],[85.9725023,20.3301292],[85.9721483,20.329601],[85.9720196,20.3294752],[85.9719016,20.329435],[85.9718211,20.3293797],[85.971494,20.3290024],[85.971317,20.3288515],[85.9709308,20.3284289],[85.9690856,20.3264368],[85.9687477,20.3260495],[85.9686805,20.3259709],[85.9685643,20.3259058],[85.9684429,20.3258664],[85.9683202,20.3258672],[85.9682441,20.3258698],[85.9681569,20.3259419],[85.9679999,20.3260933],[85.9677827,20.3263657],[85.9677018,20.3265091],[85.9676532,20.3266021],[85.9675241,20.3266371],[85.9673685,20.3266431]]}},{"type":"Feature","properties":{"id":1220611440,"highway":"residential"},"geometry":{"type":"LineString","coordinates":[[85.9559369,20.3403513],[85.9560068,20.3403058],[85.9562374,20.3403008],[85.9570312,20.3403762],[85.9572672,20.3404064],[85.9573584,20.3404013],[85.9580504,20.3403611],[85.9585547,20.3402655],[85.9588176,20.340175],[85.9588927,20.3400995],[85.959531,20.3396065],[85.9602284,20.3390485],[85.960679,20.3388469],[85.961076,20.3387715],[85.9612047,20.3387614],[85.9631091,20.3390481],[85.9631574,20.3390431],[85.9641713,20.3391739],[85.9642625,20.3392145],[85.9662258,20.3400039],[85.9668588,20.3402957],[85.9686077,20.3410553],[85.9696054,20.3414477],[85.9697771,20.3414879],[85.9711397,20.3415332],[85.9714186,20.3414778],[85.9716225,20.3413873],[85.9741116,20.3396065],[85.9762305,20.3375642],[85.9763378,20.3374384],[85.9763861,20.3373529],[85.9764075,20.3372523],[85.9763861,20.3370812],[85.976032,20.3355671],[85.9758282,20.3347924],[85.9756243,20.3338919],[85.9754688,20.3332883],[85.9754688,20.3331122],[85.9754902,20.3329865],[85.9757048,20.3325891],[85.9760374,20.3319099],[85.976193,20.3313868],[85.9762466,20.3309592],[85.9762681,20.3303958],[85.9763217,20.3297519],[85.9763163,20.329606],[85.9763646,20.328937],[85.9763324,20.3288414],[85.9760159,20.3283886],[85.9758389,20.3281673],[85.9757853,20.3280667],[85.9757853,20.3280114],[85.9765582,20.3262931],[85.9768903,20.3255565],[85.9772229,20.3251692],[85.9791863,20.3236852],[85.9817451,20.3218239],[85.9818739,20.3217434],[85.9822762,20.3214416]]}},{"type":"Feature","properties":{"id":1220611441,"highway":"residential"},"geometry":{"type":"LineString","coordinates":[[85.9750986,20.3311403],[85.9747928,20.3307027],[85.9747285,20.3306926],[85.9745729,20.3307731],[85.9733444,20.3315478],[85.9730334,20.3315729]]}},{"type":"Feature","properties":{"id":1220611442,"highway":"residential"},"geometry":{"type":"LineString","coordinates":[[85.9686667,20.3429065],[85.968613,20.3427556],[85.9686077,20.3424588],[85.9686184,20.3422375],[85.968495,20.341825],[85.9684092,20.3413923],[85.9686077,20.3410553],[85.9686506,20.3406026],[85.9687364,20.3404215],[85.9689081,20.3402706],[85.9690261,20.3402001],[85.9693372,20.3401297],[85.9695625,20.3401096],[85.9696591,20.3400693],[85.9697342,20.340014],[85.96982,20.3399184],[85.9700024,20.3396568],[85.9702385,20.3393802],[85.9704208,20.3392041],[85.9707749,20.3386608],[85.9708446,20.3385149],[85.9708607,20.3383187],[85.9708393,20.3382181],[85.9708393,20.3380924],[85.9709144,20.3377855],[85.9709144,20.337363],[85.9710002,20.3372271],[85.9712791,20.3369454],[85.9713328,20.33687],[85.9715527,20.3366889],[85.9716439,20.3365883],[85.9716439,20.3364977],[85.9715152,20.3361557],[85.9714294,20.3358689],[85.9713221,20.3355922],[85.9711504,20.3352552],[85.9707964,20.3344252],[85.9705925,20.3338165],[85.9704423,20.333404],[85.9702549,20.3331928]]}},{"type":"Feature","properties":{"id":1220611443,"highway":"residential"},"geometry":{"type":"LineString","coordinates":[[85.9648902,20.3324734],[85.9660596,20.3319653],[85.9660757,20.331915],[85.9657324,20.3313667],[85.964799,20.3299833],[85.9647936,20.3299481],[85.9652281,20.329611],[85.9653676,20.3294853],[85.965491,20.3292338],[85.9656895,20.3290275],[85.9656895,20.328942],[85.9653247,20.328061]]}},{"type":"Feature","properties":{"id":1220611444,"highway":"residential"},"geometry":{"type":"LineString","coordinates":[[85.9628195,20.3418703],[85.9630126,20.3419709],[85.9630609,20.3419608],[85.963195,20.3418602],[85.9632379,20.3417898],[85.9632379,20.3417244],[85.9634525,20.3412868],[85.9635061,20.3411057],[85.9639406,20.340653],[85.9640265,20.3404921],[85.9640694,20.3403211],[85.9642303,20.339808],[85.9642625,20.3392145],[85.964343,20.338973],[85.9649116,20.3381833],[85.965035,20.3379922],[85.9652656,20.3377004],[85.9653676,20.3376149],[85.9657377,20.3373836],[85.965963,20.3372125],[85.9660542,20.3370164],[85.9661186,20.3367297],[85.9661079,20.3366693],[85.9660435,20.3365687],[85.9653783,20.3356885],[85.9643859,20.3342801],[85.9635919,20.3331735],[85.9635866,20.3330326],[85.9635276,20.3329261],[85.9633505,20.3327962],[85.9630877,20.3324995],[85.9627658,20.3320568],[85.9624493,20.3316594],[85.9622669,20.3314834],[85.961945,20.3312168],[85.9618056,20.3310709],[85.9614891,20.3307188],[85.9612745,20.3303718],[85.9609848,20.3296424],[85.9609542,20.3293312]]}},{"type":"Feature","properties":{"id":1220611445,"highway":"residential"},"geometry":{"type":"LineString","coordinates":[[85.9631252,20.3394154],[85.9632647,20.3394958],[85.9633451,20.3397423],[85.9633344,20.3398228],[85.9632915,20.3398933],[85.963211,20.3399586],[85.9630823,20.340014],[85.9629106,20.3401196],[85.9625244,20.3404919],[85.9623259,20.3406478],[85.962165,20.3407333],[85.9615427,20.3409748],[85.961194,20.3411207],[85.9606475,20.3411674],[85.9601855,20.3412867],[85.9597671,20.3414678],[85.9595418,20.3416841],[85.9594398,20.3417545],[85.9589034,20.3419155],[85.9586459,20.3423028],[85.9585171,20.3424236],[85.9575784,20.3425946],[85.9573799,20.3425393],[85.9570312,20.3425041]]}},{"type":"Feature","properties":{"id":1220611446,"highway":"residential"},"geometry":{"type":"LineString","coordinates":[[85.9534907,20.3337218],[85.953142,20.3341392],[85.9528148,20.3343706],[85.9525466,20.3349692],[85.9525197,20.33511],[85.9526485,20.3356281],[85.9528201,20.3358997],[85.9530723,20.3361512],[85.9533673,20.3365687],[85.9535819,20.3368454],[85.9537321,20.3370617],[85.9538716,20.337283],[85.9540091,20.337484],[85.9541666,20.3376452],[85.9544832,20.3378765],[85.95451,20.3379117],[85.9545422,20.3380603],[85.9545744,20.3381029],[85.955004,20.3389061],[85.9552396,20.3392548],[85.9555453,20.3398081],[85.9557867,20.3401702],[85.9558136,20.3402507],[85.9559369,20.3403513],[85.9562481,20.3407084],[85.956511,20.3415987],[85.9566665,20.3419106],[85.9569348,20.342479],[85.9568757,20.3425192],[85.9564949,20.3425645]]}},{"type":"Feature","properties":{"id":1220611448,"highway":"residential"},"geometry":{"type":"LineString","coordinates":[[85.9517478,20.3424287],[85.9516137,20.342479],[85.9508145,20.3426651],[85.9496559,20.3429267],[85.9485563,20.3430022],[85.9479716,20.3429317],[85.9477356,20.3428663],[85.9476069,20.342806],[85.947446,20.3426953],[85.9466789,20.3420111],[85.9465877,20.3419659],[85.9463303,20.3418703],[85.9459173,20.3412415],[85.9457617,20.341165]]}},{"type":"Feature","properties":{"id":1220611449,"highway":"residential"},"geometry":{"type":"LineString","coordinates":[[85.9606475,20.3411674],[85.9605395,20.3401853],[85.9604805,20.3399287],[85.960384,20.33931],[85.9602284,20.3390485],[85.9601211,20.3387115],[85.9597027,20.3383845],[85.9596383,20.3382839],[85.9596222,20.3382286],[85.9596276,20.3381129],[85.9596651,20.3380123],[85.9598261,20.3377357],[85.9599548,20.3375898],[85.9600836,20.3375043],[85.9603786,20.3373836],[85.9605932,20.3373182],[85.9608185,20.3372729],[85.9609151,20.3372226],[85.9609687,20.3371572],[85.9609902,20.3370969],[85.9610009,20.3368705],[85.9610599,20.3366693],[85.9610492,20.3366039],[85.9609848,20.3364832],[85.9606683,20.3361764],[85.9604966,20.3358293],[85.9604537,20.3356633],[85.960443,20.3353816],[85.9604591,20.3351201],[85.9603303,20.3346724],[85.9601855,20.3344008],[85.9600246,20.3339984],[85.9599816,20.3338123],[85.9598958,20.3335708],[85.9598422,20.3334199]]}},{"type":"Feature","properties":{"id":1220611450,"highway":"residential"},"geometry":{"type":"LineString","coordinates":[[85.9717352,20.3190773],[85.970732,20.3196407],[85.9699381,20.3201136],[85.969761,20.3201703],[85.9696216,20.3205915],[85.9695679,20.3206619],[85.9693212,20.3208178],[85.9692568,20.321004],[85.96923,20.3211599],[85.9692407,20.3213158],[85.9692836,20.3214064],[85.9694231,20.3215976],[85.9694446,20.3216831],[85.96901,20.3221308],[85.9688974,20.3221911],[85.9683556,20.3226741],[85.968141,20.3231922],[85.9681356,20.3232425],[85.9681624,20.323269],[85.9688116,20.3239669],[85.9689966,20.3241983]]}},{"type":"Feature","properties":{"id":1220611451,"highway":"residential"},"geometry":{"type":"LineString","coordinates":[[85.969601,20.3231671],[85.9692514,20.3226992],[85.96901,20.3221308]]}},{"type":"Feature","properties":{"id":1220611452,"highway":"residential"},"geometry":{"type":"LineString","coordinates":[[85.972631,20.3203903],[85.9725881,20.3202997],[85.9720195,20.3194144],[85.9718532,20.319188],[85.9717352,20.3190773]]}},{"type":"Feature","properties":{"id":1220611453,"highway":"residential"},"geometry":{"type":"LineString","coordinates":[[85.9717352,20.3190773],[85.9717191,20.3188862],[85.9717727,20.3188107],[85.9722448,20.3186095],[85.9723199,20.3186045],[85.9724003,20.3186598],[85.9724593,20.3186799],[85.9726096,20.3186648],[85.9727973,20.3186196],[85.9729207,20.3185693],[85.9730119,20.3184837],[85.9731889,20.3184083],[85.9732962,20.3183831],[85.9736073,20.3183731],[85.9737039,20.3183379],[85.9738112,20.3182725],[85.9738541,20.3182171],[85.9738326,20.3180914],[85.9736771,20.3177443]]}},{"type":"Feature","properties":{"id":1220611454,"highway":"residential"},"geometry":{"type":"LineString","coordinates":[[85.9834135,20.3273524],[85.9832311,20.3274832],[85.982877,20.3276995],[85.9822226,20.3281623],[85.9819436,20.3283283],[85.9815896,20.3283182],[85.9813589,20.3284943],[85.980978,20.3286955],[85.9806669,20.3288112],[85.9800017,20.3289973],[85.9797764,20.3290426],[85.97924,20.329108],[85.9791058,20.3291533],[85.9787089,20.3293595],[85.9784028,20.3296358],[85.9782546,20.3297281],[85.9780894,20.3297482],[85.9776199,20.3296966],[85.9774858,20.3296966]]}},{"type":"Feature","properties":{"id":1220611455,"highway":"residential"},"geometry":{"type":"LineString","coordinates":[[85.9832311,20.3274832],[85.9834188,20.327609],[85.9837191,20.3274681],[85.9841323,20.3271764],[85.9842181,20.3269399],[85.9842718,20.3268443],[85.9844488,20.3266985],[85.9845722,20.326623],[85.9846365,20.3265375],[85.9841698,20.3255012],[85.9841108,20.3253],[85.9842503,20.3251994],[85.9846419,20.3250284],[85.9847277,20.3249428],[85.9847868,20.3247869],[85.985173,20.3245857],[85.985629,20.3242637],[85.9858435,20.3242134],[85.98638,20.3240323],[85.9867287,20.3239418],[85.986836,20.3239669],[85.9869111,20.3240072],[85.9873509,20.3243794],[85.9875333,20.32447],[85.9877908,20.3245253],[85.9884131,20.324309],[85.9889924,20.3241682],[85.9891748,20.3240776],[85.9892982,20.323977],[85.9894591,20.3237305],[85.9895021,20.3235393],[85.9895235,20.3232727],[85.9895503,20.3232073],[85.9896254,20.3231067],[85.9902048,20.3226238],[85.99065,20.3223773],[85.9911167,20.3220705],[85.991267,20.322],[85.9914654,20.3218743],[85.991503,20.3218089],[85.9914386,20.3205261],[85.9912723,20.3200834],[85.9910792,20.3197615],[85.9904516,20.3191427],[85.9899259,20.3186699],[85.9896791,20.318368],[85.9891963,20.317694],[85.9891319,20.3175481],[85.9891641,20.3175028],[85.9894913,20.3172714],[85.9895342,20.3171909],[85.9895235,20.3170953],[85.9893197,20.3165219],[85.9891587,20.3162703],[85.9889924,20.316049],[85.9883487,20.3149876],[85.9883541,20.3149322],[85.9883916,20.3148618],[85.9888101,20.3145751],[85.9889388,20.3144342],[85.9890568,20.3142129],[85.9892929,20.3136897],[85.9893948,20.3135187],[85.9900492,20.3127893],[85.9913742,20.3121001],[85.9914708,20.3121051],[85.9915405,20.3121605],[85.9917283,20.312407],[85.9918248,20.3126585],[85.9918624,20.3128748]]}},{"type":"Feature","properties":{"id":1220611456,"highway":"residential"},"geometry":{"type":"LineString","coordinates":[[85.9959609,20.3084884],[85.995639,20.3088154],[85.9951884,20.3094541],[85.9948933,20.3098116],[85.994432,20.3106116],[85.9939063,20.3112808],[85.9935629,20.3115417],[85.9929246,20.3120153],[85.9926349,20.3121663],[85.9925222,20.3122015],[85.9922647,20.3122367],[85.9917283,20.312407]]}},{"type":"Feature","properties":{"id":1220611469,"highway":"residential"},"geometry":{"type":"LineString","coordinates":[[85.955004,20.3389061],[85.955137,20.3388288],[85.9555894,20.338581],[85.9560531,20.3383629],[85.9564458,20.3381695],[85.9564707,20.3381764],[85.9568007,20.3385832],[85.9570591,20.3389778],[85.9575172,20.3387695]]}},{"type":"Feature","properties":{"id":1220611471,"highway":"residential"},"geometry":{"type":"LineString","coordinates":[[85.9558136,20.3402507],[85.9557454,20.3402544],[85.9556174,20.3402262],[85.9550147,20.3401305],[85.9549506,20.3400933],[85.9548986,20.3400212],[85.9548006,20.3399033],[85.9546299,20.3396968],[85.9544187,20.339505],[85.9543279,20.3394601],[85.954192,20.3394238],[85.9540853,20.3394173],[85.9539247,20.3394531],[85.9531827,20.339729],[85.9508879,20.3405798],[85.9499734,20.3409161],[85.9499036,20.3409821],[85.9488764,20.3420398],[85.9487573,20.3420954],[85.9486736,20.3421372],[85.9485508,20.342163],[85.9484188,20.3421562],[85.9483102,20.3421068],[85.9482076,20.34204],[85.948115,20.3419633],[85.9479858,20.3417753],[85.9473359,20.3407464],[85.9473199,20.340674],[85.9472329,20.3406083],[85.9470786,20.3404726],[85.9469345,20.3403365],[85.9467767,20.3402421],[85.9466557,20.3401871],[85.9465326,20.3402006],[85.9461599,20.3403845],[85.9459832,20.3404704],[85.9457782,20.3405457]]}},{"type":"Feature","properties":{"id":1220611474,"highway":"residential"},"geometry":{"type":"LineString","coordinates":[[85.9545422,20.3380603],[85.9541041,20.3383439],[85.9536824,20.3386367],[85.9538091,20.3388371]]}},{"type":"Feature","properties":{"id":1226435930,"highway":"residential"},"geometry":{"type":"LineString","coordinates":[[85.9488596,20.3388051],[85.9482757,20.3393088],[85.9482715,20.3393881],[85.9482932,20.339448],[85.9483342,20.3395306],[85.9485019,20.3398229],[85.9487366,20.3401908],[85.9485931,20.3402505],[85.9477884,20.3405573],[85.9474489,20.3407002],[85.9473359,20.3407464]]}},{"type":"Feature","properties":{"id":1226435931,"highway":"residential"},"geometry":{"type":"LineString","coordinates":[[85.9477884,20.3405573],[85.9477517,20.340341],[85.9477678,20.3402957],[85.9478429,20.3402002],[85.9480199,20.3400593],[85.9485019,20.3398229]]}},{"type":"Feature","properties":{"id":1226435932,"highway":"residential"},"geometry":{"type":"LineString","coordinates":[[85.9492853,20.3341686],[85.9493494,20.3342441],[85.9501756,20.3352803],[85.9503201,20.3355057],[85.9503794,20.3356476],[85.9504654,20.3358134],[85.9505676,20.3359416],[85.9507918,20.336176],[85.9511485,20.336437],[85.9515087,20.3368096],[85.9515634,20.3368457],[85.9516197,20.3368487],[85.9516782,20.336836],[85.9520692,20.3365329],[85.952196,20.3364201],[85.952542,20.3361302],[85.9528201,20.3358997]]}},{"type":"Feature","properties":{"id":1226435933,"highway":"residential"},"geometry":{"type":"LineString","coordinates":[[85.9520692,20.3365329],[85.9524172,20.3370294]]}},{"type":"Feature","properties":{"id":1226435934,"highway":"residential"},"geometry":{"type":"LineString","coordinates":[[85.9503794,20.3356476],[85.9496391,20.3361305],[85.9494996,20.3363066],[85.949505,20.3363971],[85.949564,20.336538],[85.9497142,20.3367492],[85.949741,20.3368197],[85.9495533,20.337207],[85.9491617,20.3377403]]}},{"type":"Feature","properties":{"id":1226435935,"highway":"residential"},"geometry":{"type":"LineString","coordinates":[[85.9529919,20.3366688],[85.9533673,20.3365687]]}},{"type":"Feature","properties":{"id":1226435936,"highway":"residential"},"geometry":{"type":"LineString","coordinates":[[85.9535819,20.3368454],[85.9538234,20.3367442],[85.9540379,20.3366889]]}},{"type":"Feature","properties":{"id":1226435937,"highway":"residential"},"geometry":{"type":"LineString","coordinates":[[85.9537321,20.3370617],[85.9541452,20.3369102],[85.9543974,20.3368599]]}},{"type":"Feature","properties":{"id":1226435938,"highway":"residential"},"geometry":{"type":"LineString","coordinates":[[85.9546012,20.3411583],[85.9545853,20.3410654],[85.9546057,20.3410314],[85.9546336,20.340995],[85.9552805,20.3406361],[85.9554113,20.3405788],[85.9555096,20.3405598],[85.9556531,20.3405526],[85.9557294,20.3405516],[85.9558169,20.3405278],[85.9558833,20.3404807],[85.9559369,20.3403513]]}},{"type":"Feature","properties":{"id":1226435939,"highway":"residential"},"geometry":{"type":"LineString","coordinates":[[85.9508879,20.3405798],[85.9511588,20.3411411]]}},{"type":"Feature","properties":{"id":1290934175,"highway":"unclassified"},"geometry":{"type":"LineString","coordinates":[[85.9420341,20.3441592],[85.9420781,20.3440714],[85.9420659,20.3439658],[85.9420162,20.3438976],[85.9417963,20.3434147],[85.94163,20.3431531],[85.9415388,20.3428866],[85.9410452,20.3421411]]}},{"type":"Feature","properties":{"id":1290934176,"highway":"unclassified"},"geometry":{"type":"LineString","coordinates":[[85.9420341,20.3441592],[85.9419143,20.3442748],[85.9418231,20.3443503],[85.9417426,20.3444961],[85.9417105,20.344632],[85.9417641,20.3449438],[85.9421718,20.3456831],[85.9421933,20.3457736],[85.9421879,20.3458742],[85.942145,20.3460049],[85.9420967,20.3460854],[85.9419089,20.3462866],[85.9418285,20.3464022],[85.9417963,20.3464777],[85.9417856,20.3466135],[85.9417426,20.346704],[85.9414798,20.3469655],[85.9414261,20.347217],[85.9415603,20.3473829],[85.9416997,20.3476344],[85.942204,20.3479914],[85.9425259,20.3480417],[85.9430623,20.3480669],[85.9439534,20.3480406],[85.9442208,20.3480728],[85.944438,20.3481773]]}},{"type":"Feature","properties":{"id":1290934177,"highway":"unclassified"},"geometry":{"type":"LineString","coordinates":[[85.9457123,20.3481524],[85.945884,20.3480719],[85.9462863,20.3480065],[85.94634,20.3479713],[85.946753,20.3479512],[85.9475684,20.3478305],[85.9478956,20.3478205],[85.9492153,20.347398],[85.9497142,20.3471717],[85.9501433,20.3472019],[85.9506369,20.3471767],[85.9518063,20.3467794],[85.9519619,20.3467694],[85.9521496,20.34687],[85.9526003,20.3468398],[85.9529972,20.3466638],[85.9537697,20.3465028]]}},{"type":"Feature","properties":{"id":1290934178,"highway":"unclassified"},"geometry":{"type":"LineString","coordinates":[[85.944438,20.3481773],[85.944636,20.3483202],[85.9447117,20.3484955],[85.9447405,20.3485209],[85.9447757,20.3485308],[85.9452578,20.3484191],[85.945266,20.3484419],[85.9452892,20.348472],[85.9453505,20.3484931],[85.9454287,20.3484957],[85.9455508,20.3484709],[85.9456746,20.3484069],[85.9457016,20.3483729],[85.9457123,20.348331],[85.9457123,20.3481524]]}},{"type":"Feature","properties":{"id":1290934179,"highway":"unclassified"},"geometry":{"type":"LineString","coordinates":[[85.9503648,20.3480509],[85.9502535,20.3480301],[85.9501487,20.3479164],[85.9500897,20.3479064],[85.9495962,20.3478158],[85.9494513,20.3477001],[85.9492153,20.347398]]}},{"type":"Feature","properties":{"id":1290934180,"highway":"unclassified"},"geometry":{"type":"LineString","coordinates":[[85.9539574,20.346996],[85.9528309,20.347509],[85.9518546,20.3477957],[85.9511304,20.3479768],[85.9505403,20.3480572],[85.9503648,20.3480509]]}},{"type":"Feature","properties":{"id":1290934181,"highway":"unclassified"},"geometry":{"type":"LineString","coordinates":[[85.9568043,20.3577531],[85.9566397,20.3575009],[85.9562534,20.3559671],[85.9562427,20.3558413],[85.9562642,20.3557559],[85.9563124,20.3556855],[85.9566772,20.3554843],[85.9568006,20.3553485],[85.9568274,20.3552379],[85.9568167,20.3550116],[85.9567523,20.3548456],[85.9565377,20.3545389],[85.9562373,20.35386],[85.9560442,20.3532967],[85.9554005,20.3512148],[85.9553683,20.3511494],[85.9551966,20.3505107],[85.9551645,20.3504454],[85.9551001,20.3501839],[85.9550464,20.3500481],[85.9550035,20.349857],[85.9547031,20.3488764],[85.9546012,20.3486048],[85.954333,20.3480516],[85.9540379,20.3471414],[85.9539574,20.346996],[85.9539467,20.3468548],[85.9539092,20.3468045],[85.9538126,20.3465681],[85.9537697,20.3465028]]}},{"type":"Feature","properties":{"id":1290934183,"highway":"unclassified"},"geometry":{"type":"LineString","coordinates":[[85.9568235,20.3577725],[85.9569888,20.3579296]]}},{"type":"Feature","properties":{"id":1290934184,"highway":"unclassified"},"geometry":{"type":"LineString","coordinates":[[85.9568043,20.3577531],[85.9568235,20.3577725]]}},{"type":"Feature","properties":{"id":1303829791,"highway":"residential"},"geometry":{"type":"LineString","coordinates":[[85.924265,20.381625],[85.9242332,20.3813484],[85.9232354,20.3793067],[85.9212237,20.3762441],[85.9209341,20.3757513],[85.9205639,20.3752333],[85.9197056,20.3742225],[85.9193569,20.3737699],[85.9180534,20.3721909],[85.9171414,20.370989],[85.9164655,20.3698525],[85.9162992,20.3695809]]}},{"type":"Feature","properties":{"id":1303829792,"highway":"residential"},"geometry":{"type":"LineString","coordinates":[[85.9091606,20.3664201],[85.9101192,20.3664885],[85.9103552,20.3665438],[85.9123396,20.3674097],[85.9126707,20.3675108],[85.9130726,20.3675737]]}},{"type":"Feature","properties":{"id":1303829793,"highway":"residential"},"geometry":{"type":"LineString","coordinates":[[85.9130726,20.3675737],[85.9147918,20.3675338],[85.9154677,20.3674986],[85.9155911,20.3674534],[85.9157037,20.3673478],[85.9165567,20.3667845],[85.9175223,20.3661056],[85.9176725,20.3659749],[85.9177851,20.365824],[85.9186756,20.3641594],[85.9190941,20.3634554],[85.9195876,20.3626859],[85.9197056,20.3624647],[85.9197163,20.3622937],[85.9195232,20.3606593]]}},{"type":"Feature","properties":{"id":1303829794,"highway":"residential"},"geometry":{"type":"LineString","coordinates":[[85.9196412,20.359107],[85.9195822,20.3592315],[85.9195554,20.3594829],[85.9194711,20.3600866],[85.9194849,20.3603352],[85.9195232,20.3606593]]}},{"type":"Feature","properties":{"id":1303829795,"highway":"residential"},"geometry":{"type":"LineString","coordinates":[[85.9186738,20.3553431],[85.9178924,20.3563257],[85.917871,20.3564263],[85.9178871,20.3565973],[85.9179836,20.3569745],[85.9183055,20.3580559],[85.9183645,20.3584582],[85.9184235,20.3585437],[85.9184825,20.358589],[85.9187722,20.3586091],[85.9189546,20.3586393],[85.9195661,20.3588405],[85.9196412,20.359107],[85.9198505,20.3592629],[85.920006,20.3593233],[85.9203547,20.3593736],[85.9206176,20.3594893],[85.9211594,20.3597156],[85.921551,20.3598111],[85.9216046,20.3597759],[85.9217012,20.3596452],[85.9217548,20.359615],[85.9220123,20.3596703],[85.9220928,20.3596452],[85.9221411,20.3595798],[85.922184,20.359449],[85.9222966,20.3592076],[85.9223932,20.359102],[85.9225166,20.3590316],[85.9225756,20.3590416],[85.9229028,20.3593434],[85.9229781,20.3593586]]}},{"type":"Feature","properties":{"id":1303829796,"highway":"residential"},"geometry":{"type":"LineString","coordinates":[[85.9129783,20.3508524],[85.913346,20.3511872],[85.9134131,20.3512709],[85.9133917,20.3516727],[85.9134721,20.3519543],[85.9137833,20.3523164],[85.9138852,20.3524221],[85.9140032,20.3525428],[85.9143036,20.3528294],[85.9148025,20.3534329],[85.9149956,20.3533072],[85.9153817,20.3529591],[85.9155009,20.3530141],[85.9168678,20.3539157],[85.9173667,20.3542929],[85.9186507,20.3552388],[85.9186797,20.3552937],[85.9186738,20.3553431]]}},{"type":"Feature","properties":{"id":1303829797,"highway":"residential"},"geometry":{"type":"LineString","coordinates":[[85.9127483,20.3496033],[85.9126723,20.349718],[85.9125553,20.3498185],[85.9126046,20.3499047],[85.9128282,20.350289],[85.9128083,20.350355],[85.9128309,20.3504158],[85.912915,20.3505938],[85.9128955,20.350666],[85.912909,20.3507453],[85.9129783,20.3508524]]}},{"type":"Feature","properties":{"id":1303829799,"highway":"residential"},"geometry":{"type":"LineString","coordinates":[[85.9146952,20.3681323],[85.9147435,20.3683385],[85.9148293,20.3684843],[85.91506,20.3689671],[85.9151244,20.3691934],[85.9151351,20.3693594],[85.9150707,20.3697315]]}},{"type":"Feature","properties":{"id":1303829800,"highway":"residential"},"geometry":{"type":"LineString","coordinates":[[85.9130802,20.3651997],[85.9131539,20.3652263],[85.9132124,20.3652966],[85.9132952,20.3654632],[85.9133712,20.3658041],[85.9134959,20.3660474],[85.9136599,20.3662464],[85.9137511,20.3663319],[85.9138423,20.3664174],[85.9142822,20.3667443],[85.9144485,20.3669052],[85.9146684,20.3672271],[85.9147918,20.3675338],[85.9148562,20.3678909],[85.9148186,20.3680116],[85.9146952,20.3681323]]}},{"type":"Feature","properties":{"id":1303829801,"highway":"residential"},"geometry":{"type":"LineString","coordinates":[[85.9130802,20.3651997],[85.9120721,20.3654375],[85.911659,20.3655732],[85.9116054,20.3656034],[85.9104574,20.3658297],[85.9101194,20.3658699],[85.9098458,20.3658297],[85.909422,20.3656336],[85.9091689,20.3656135]]}},{"type":"Feature","properties":{"id":1303829802,"highway":"unclassified"},"geometry":{"type":"LineString","coordinates":[[85.8996559,20.3713535],[85.8997749,20.3711703],[85.8998481,20.3711055],[85.8999375,20.3710483],[85.9001164,20.3709797],[85.9005597,20.370811],[85.9010068,20.3706634],[85.9011116,20.3706494],[85.9011794,20.3706696],[85.9012287,20.370713],[85.9012657,20.3707649],[85.9013242,20.3708227],[85.9013766,20.3708516],[85.901432,20.3708545],[85.9015183,20.3708314],[85.9016878,20.3707649],[85.9017465,20.3707601],[85.9017903,20.3707709],[85.9018347,20.3707965],[85.9018797,20.3708079],[85.9019172,20.370805],[85.9020171,20.3708217],[85.9020627,20.370838],[85.902099,20.3708691],[85.902208,20.3709738],[85.9022775,20.3710395],[85.9024161,20.3710816],[85.902549,20.3711077],[85.9026602,20.3711733],[85.9027535,20.3712075],[85.9028647,20.3712048],[85.90384,20.3708677],[85.9047173,20.3706469],[85.906178,20.3701906],[85.9064292,20.3701403],[85.906617,20.3701381],[85.9069665,20.3701953],[85.9072654,20.3702348],[85.9081671,20.3702057],[85.908531,20.3701719],[85.9087824,20.370102],[85.9097335,20.3700058],[85.9103066,20.3699326],[85.9105218,20.3699572],[85.9107934,20.3700707],[85.9109793,20.370124],[85.911808,20.370012],[85.9119443,20.3700054],[85.9125709,20.369868],[85.912815,20.3698768],[85.9130846,20.3699372],[85.9131476,20.3699913],[85.9131919,20.3700831],[85.9132267,20.3701891],[85.9132791,20.3702478],[85.9133475,20.3702616],[85.9134534,20.3702633],[85.9137565,20.3701891],[85.9140193,20.3700936],[85.9140837,20.3700383],[85.9141266,20.3698572],[85.9150707,20.3697315],[85.9156072,20.3696712],[85.9160149,20.369646],[85.9162992,20.3695809],[85.9169966,20.3691532],[85.9175384,20.3687106],[85.9177583,20.3684894],[85.9178066,20.3684391],[85.9179139,20.3683385],[85.9184235,20.3679412],[85.9185952,20.3677752],[85.9188902,20.3674282],[85.9189599,20.3673729],[85.9191906,20.3671064],[85.9192282,20.3669957],[85.9191638,20.3666638],[85.9193784,20.366513],[85.9193837,20.3664627],[85.9192496,20.3662565],[85.9192013,20.3661509],[85.9191906,20.3660402],[85.9192657,20.3659397],[85.9199202,20.3655625],[85.9201133,20.3653563],[85.9204191,20.3650244],[85.920816,20.3647478],[85.921036,20.3645466],[85.9212237,20.3643757],[85.9213364,20.3640639],[85.921449,20.3638778],[85.9214812,20.3637672],[85.9214705,20.3636213],[85.9214329,20.3635006],[85.9214383,20.3634051],[85.9217763,20.3627412],[85.9219479,20.3624697],[85.9224844,20.3619467],[85.9228009,20.3615846],[85.9229886,20.3613432],[85.9230423,20.3612979],[85.9232247,20.3610465],[85.9235894,20.3606945],[85.9237128,20.3605536],[85.9237718,20.3603374],[85.9234553,20.3598496],[85.9233266,20.359754],[85.923053,20.3594825],[85.9229781,20.3593586],[85.9229779,20.3593014],[85.9229028,20.3584063],[85.9227901,20.3575966],[85.9227633,20.3575514],[85.9225595,20.3559421],[85.9224093,20.3551676],[85.9222269,20.3548458],[85.9209931,20.3530353],[85.9208697,20.3527034],[85.9209662,20.3517681],[85.9208965,20.3514663],[85.9207785,20.3513205],[85.919373,20.3498671],[85.9186434,20.3489267],[85.9185415,20.3486803],[85.9186703,20.3485143],[85.9188205,20.3484188],[85.9194052,20.3481422],[85.9197217,20.3479259],[85.9199738,20.3477197],[85.920183,20.347594],[85.9202796,20.3475085],[85.9203225,20.347423],[85.9202957,20.347242],[85.9203171,20.3471615],[85.9204298,20.3470861],[85.9207087,20.3469704],[85.9208053,20.3468698],[85.9208835,20.3462283]]}},{"type":"Feature","properties":{"id":1353966644,"highway":"unclassified"},"geometry":{"type":"LineString","coordinates":[[85.9418576,20.3620991],[85.9413509,20.3615255],[85.9409024,20.3609204],[85.940598,20.3604715],[85.9404168,20.3602284],[85.940156,20.3600025],[85.9399871,20.3598439],[85.9397229,20.3595175],[85.9394519,20.3592213],[85.938699,20.3582613],[85.9381582,20.3574523],[85.9375789,20.3567681],[85.9369413,20.3559522],[85.9365062,20.3552086],[85.936279,20.3547621],[85.9362497,20.3547168],[85.936222,20.3546905],[85.9361805,20.3546838],[85.9361359,20.3546925],[85.9359779,20.3547802],[85.9344467,20.3557318],[85.9341302,20.3558978],[85.9340755,20.3559219],[85.9340102,20.3559152],[85.9339533,20.3558827],[85.9336851,20.3555054],[85.9335081,20.355274],[85.9333365,20.3550426],[85.9332728,20.3549778],[85.933197,20.3549017],[85.9329016,20.3546128]]}},{"type":"Feature","properties":{"id":1353966645,"highway":"unclassified"},"geometry":{"type":"LineString","coordinates":[[85.9329016,20.3546128],[85.9328369,20.3545792],[85.9328088,20.3545683],[85.9327752,20.3545636],[85.9327446,20.3545669],[85.9327074,20.3545766],[85.9326576,20.3545997],[85.9325687,20.3546458],[85.9318412,20.3550886],[85.9318142,20.355097],[85.9317813,20.3550954],[85.9317639,20.3550896],[85.9317483,20.355078],[85.9315672,20.3547428],[85.9315548,20.354733],[85.9315371,20.3547292],[85.9315155,20.3547298]]}},{"type":"Feature","properties":{"id":1353966646,"highway":"unclassified"},"geometry":{"type":"LineString","coordinates":[[85.9315155,20.3547298],[85.9313239,20.3548128],[85.9299511,20.3554758],[85.9281864,20.3562656],[85.9274622,20.3566378],[85.9268508,20.3569849],[85.926663,20.3571207],[85.9265611,20.3572414],[85.9265611,20.3575332],[85.9265396,20.357679],[85.9264806,20.3577947],[85.9263519,20.3579356],[85.9253381,20.3587454],[85.9242814,20.3594195],[85.92367,20.3597716],[85.9234553,20.3598496]]}},{"type":"Feature","properties":{"id":1356371758,"highway":"residential"},"geometry":{"type":"LineString","coordinates":[[85.9019904,20.3616836],[85.9024767,20.3629354],[85.90305,20.3645083],[85.9030716,20.3645619]]}},{"type":"Feature","properties":{"id":1356371759,"highway":"residential"},"geometry":{"type":"LineString","coordinates":[[85.9030716,20.3645619],[85.9031351,20.3645364],[85.9031926,20.3645133],[85.903601,20.3643493],[85.903628,20.364339],[85.9036603,20.3643007]]}},{"type":"Feature","properties":{"id":1356371760,"highway":"residential"},"geometry":{"type":"LineString","coordinates":[[85.9036603,20.3643007],[85.9036073,20.3642919],[85.9031714,20.3644611],[85.9031109,20.3644846],[85.90305,20.3645083]]}},{"type":"Feature","properties":{"id":1356371761,"highway":"residential"},"geometry":{"type":"LineString","coordinates":[[85.9036603,20.3643007],[85.9036729,20.3643074],[85.9036842,20.3643145],[85.9036934,20.3643231],[85.9037017,20.3643338],[85.9037436,20.3644298],[85.9038848,20.3647993],[85.9043002,20.3658869]]}},{"type":"Feature","properties":{"id":1356371762,"highway":"residential"},"geometry":{"type":"LineString","coordinates":[[85.9039655,20.366],[85.9041305,20.3659443],[85.9043002,20.3658869],[85.9043544,20.3658686],[85.904759,20.365732]]}},{"type":"Feature","properties":{"id":1356371763,"highway":"residential"},"geometry":{"type":"LineString","coordinates":[[85.9041305,20.3659443],[85.9043552,20.366542],[85.904365,20.3665635],[85.9043825,20.3665768],[85.9044112,20.3665784],[85.9045566,20.3665359],[85.9045782,20.3665231],[85.904585,20.3665071],[85.9045829,20.3664833],[85.9043544,20.3658686]]}},{"type":"Feature","properties":{"id":1356371764,"highway":"residential"},"geometry":{"type":"LineString","coordinates":[[85.9038848,20.3647993],[85.9043527,20.3646416],[85.9046084,20.3645583],[85.9048233,20.3644868],[85.905282,20.364334],[85.905552,20.3642441],[85.9057692,20.3641718],[85.9059416,20.3641143],[85.906315,20.36399],[85.9062362,20.3637829],[85.9062234,20.3637474],[85.9060651,20.3633327],[85.9062518,20.3632594],[85.9062768,20.3632448],[85.9062885,20.3632267],[85.9062893,20.3632073],[85.9061606,20.3628566],[85.9061019,20.3626967],[85.9060369,20.3625195],[85.9060362,20.3624911],[85.906057,20.3624641],[85.9068977,20.362183],[85.907122,20.3621081],[85.9071562,20.362111],[85.9071844,20.3621331],[85.9072108,20.362204],[85.9074703,20.3629374],[85.9074759,20.3629618],[85.9074765,20.3629831],[85.9074728,20.3630055],[85.9073189,20.3634417],[85.9072864,20.3635339]]}},{"type":"Feature","properties":{"id":1356371765,"highway":"residential"},"geometry":{"type":"LineString","coordinates":[[85.9062362,20.3637829],[85.9066623,20.3636486],[85.9070611,20.363523],[85.9073189,20.3634417]]}},{"type":"Feature","properties":{"id":1356371766,"highway":"residential"},"geometry":{"type":"LineString","coordinates":[[85.9068662,20.3630557],[85.9067715,20.3628079],[85.9067455,20.3627401],[85.9067447,20.3627126],[85.9067592,20.3626915],[85.9067862,20.362678],[85.9069975,20.3626099],[85.9070239,20.3625964],[85.9070361,20.3625702],[85.9070317,20.3625432],[85.9069797,20.3624033],[85.9068977,20.362183]]}},{"type":"Feature","properties":{"id":1356371767,"highway":"residential"},"geometry":{"type":"LineString","coordinates":[[85.9061019,20.3626967],[85.9069797,20.3624033]]}},{"type":"Feature","properties":{"id":1356371768,"highway":"residential"},"geometry":{"type":"LineString","coordinates":[[85.9067715,20.3628079],[85.9064634,20.3629069]]}},{"type":"Feature","properties":{"id":1356371769,"highway":"residential"},"geometry":{"type":"LineString","coordinates":[[85.9051893,20.3631811],[85.9061606,20.3628566]]}},{"type":"Feature","properties":{"id":1356371770,"highway":"residential"},"geometry":{"type":"LineString","coordinates":[[85.9057692,20.3641718],[85.9056838,20.3639281],[85.9055286,20.3635154],[85.9054662,20.3633452]]}},{"type":"Feature","properties":{"id":1356371771,"highway":"residential"},"geometry":{"type":"LineString","coordinates":[[85.9060651,20.3633327],[85.9055286,20.3635154]]}},{"type":"Feature","properties":{"id":1356371772,"highway":"residential"},"geometry":{"type":"LineString","coordinates":[[85.9062234,20.3637474],[85.9056838,20.3639281]]}},{"type":"Feature","properties":{"id":1356371773,"highway":"residential"},"geometry":{"type":"LineString","coordinates":[[85.9070611,20.363523],[85.907203,20.3639083]]}},{"type":"Feature","properties":{"id":1356371774,"highway":"residential"},"geometry":{"type":"LineString","coordinates":[[85.9066623,20.3636486],[85.9069129,20.3643404]]}},{"type":"Feature","properties":{"id":1356371775,"highway":"residential"},"geometry":{"type":"LineString","coordinates":[[85.906315,20.36399],[85.9066012,20.3647015]]}},{"type":"Feature","properties":{"id":1356371776,"highway":"residential"},"geometry":{"type":"LineString","coordinates":[[85.9059416,20.3641143],[85.9062998,20.3651085]]}},{"type":"Feature","properties":{"id":1356371777,"highway":"residential"},"geometry":{"type":"LineString","coordinates":[[85.9059151,20.3652128],[85.9057187,20.3646886],[85.905552,20.3642441]]}},{"type":"Feature","properties":{"id":1356371778,"highway":"residential"},"geometry":{"type":"LineString","coordinates":[[85.9049538,20.3654396],[85.9047833,20.3650046],[85.9046084,20.3645583]]}},{"type":"Feature","properties":{"id":1356371779,"highway":"residential"},"geometry":{"type":"LineString","coordinates":[[85.9047833,20.3650046],[85.9057187,20.3646886]]}},{"type":"Feature","properties":{"id":1356371780,"highway":"residential"},"geometry":{"type":"LineString","coordinates":[[85.905282,20.364334],[85.9050847,20.3638247]]}},{"type":"Feature","properties":{"id":1356371781,"highway":"residential"},"geometry":{"type":"LineString","coordinates":[[85.9048233,20.3644868],[85.9046363,20.3639848]]}},{"type":"Feature","properties":{"id":1356371782,"highway":"residential"},"geometry":{"type":"LineString","coordinates":[[85.9046896,20.3655336],[85.9043527,20.3646416],[85.9041593,20.3641262]]}},{"type":"Feature","properties":{"id":1356371783,"highway":"residential"},"geometry":{"type":"LineString","coordinates":[[85.9031926,20.3645133],[85.9031714,20.3644611]]}},{"type":"Feature","properties":{"id":1446836200,"highway":"residential"},"geometry":{"type":"LineString","coordinates":[[85.9115343,20.3071513],[85.9108256,20.306805],[85.9096023,20.3061719]]}},{"type":"Feature","properties":{"id":1446836201,"highway":"residential"},"geometry":{"type":"LineString","coordinates":[[85.910685,20.3070918],[85.9095239,20.3065048]]}},{"type":"Feature","properties":{"id":1446836202,"highway":"residential"},"geometry":{"type":"LineString","coordinates":[[85.9104258,20.30771],[85.9105798,20.3074324],[85.9100887,20.3071708]]}},{"type":"Feature","properties":{"id":1447120552,"highway":"residential"},"geometry":{"type":"LineString","coordinates":[[85.9063221,20.3468665],[85.9065363,20.3470698],[85.9065552,20.3470799],[85.9065759,20.3470811],[85.9065975,20.3470744],[85.9071358,20.3466492],[85.9071767,20.3466165],[85.9072381,20.3465644],[85.9073757,20.3464248],[85.9078695,20.3458827],[85.9083938,20.345326]]}},{"type":"Feature","properties":{"id":1486283572,"highway":"residential"},"geometry":{"type":"LineString","coordinates":[[85.9371267,20.3105894],[85.9374518,20.3108109],[85.9376811,20.310997],[85.9379371,20.3111999],[85.9381438,20.3113546]]}},{"type":"Feature","properties":{"id":1486283573,"highway":"residential"},"geometry":{"type":"LineString","coordinates":[[85.9384439,20.3115911],[85.9384637,20.3115872],[85.9384864,20.3115646],[85.9386427,20.3113938],[85.9388657,20.3111503],[85.939326,20.3106476]]}},{"type":"Feature","properties":{"id":1486283574,"highway":"residential"},"geometry":{"type":"LineString","coordinates":[[85.9381438,20.3113546],[85.9381987,20.3113995],[85.9382966,20.3114795],[85.9383803,20.3115482],[85.9384035,20.3115638],[85.9384439,20.3115911]]}},{"type":"Feature","properties":{"id":1486283575,"highway":"residential"},"geometry":{"type":"LineString","coordinates":[[85.9388657,20.3111503],[85.9391635,20.3114267]]}},{"type":"Feature","properties":{"id":1486283576,"highway":"residential"},"geometry":{"type":"LineString","coordinates":[[85.9386427,20.3113938],[85.9388998,20.3116371]]}},{"type":"Feature","properties":{"id":1486283577,"highway":"residential"},"geometry":{"type":"LineString","coordinates":[[85.9384035,20.3115638],[85.9382367,20.3117388]]}},{"type":"Feature","properties":{"id":1486283578,"highway":"residential"},"geometry":{"type":"LineString","coordinates":[[85.9381438,20.3113546],[85.9379163,20.3116278]]}},{"type":"Feature","properties":{"id":1486283579,"highway":"residential"},"geometry":{"type":"LineString","coordinates":[[85.9381987,20.3113995],[85.9390723,20.3104582]]}},{"type":"Feature","properties":{"id":1486283580,"highway":"residential"},"geometry":{"type":"LineString","coordinates":[[85.9379371,20.3111999],[85.9388382,20.3102501]]}},{"type":"Feature","properties":{"id":1486283581,"highway":"residential"},"geometry":{"type":"LineString","coordinates":[[85.9376811,20.310997],[85.938641,20.3099982]]}}]}