{"type":"FeatureCollection","features":[{"type":"Feature","properties":{"id":44946772,"highway":"trunk"},"geometry":{"type":"LineString","coordinates":[[85.9018309,20.4604297],[85.9020862,20.4609512],[85.9021317,20.4610395],[85.9028974,20.4625264],[85.9037411,20.4641668],[85.9040728,20.4648064],[85.9047003,20.4660161],[85.9053021,20.4671353],[85.9059865,20.4684079],[85.9063267,20.4689983]]}},{"type":"Feature","properties":{"id":44946773,"highway":"trunk"},"geometry":{"type":"LineString","coordinates":[[85.9019185,20.4603554],[85.9017032,20.4598149],[85.9016155,20.4595274],[85.9015685,20.4593022]]}},{"type":"Feature","properties":{"id":44946780,"highway":"secondary"},"geometry":{"type":"LineString","coordinates":[[85.8998598,20.4605638],[85.9000923,20.4604763],[85.9001762,20.4604011],[85.900246,20.4603193],[85.9003358,20.4601217],[85.9008111,20.4584566]]}},{"type":"Feature","properties":{"id":44946789,"highway":"trunk"},"geometry":{"type":"LineString","coordinates":[[85.900824,20.4545999],[85.9010105,20.4549715],[85.9011295,20.4552318],[85.9012125,20.4554638],[85.9012787,20.4556675],[85.9013276,20.4559253],[85.901358,20.4561157],[85.9013846,20.456434],[85.9013945,20.4567182],[85.9013884,20.4576169],[85.9013758,20.4582487],[85.9014035,20.458789],[85.9014363,20.4591184],[85.9015247,20.4595551],[85.901607,20.4598466],[85.9016982,20.4601109],[85.9018081,20.4603832]]}},{"type":"Feature","properties":{"id":44946790,"highway":"trunk"},"geometry":{"type":"LineString","coordinates":[[85.9009133,20.454519],[85.9005234,20.453748]]}},{"type":"Feature","properties":{"id":44946793,"highway":"trunk"},"geometry":{"type":"LineString","coordinates":[[85.9004112,20.4537616],[85.9004207,20.4537808]]}},{"type":"Feature","properties":{"id":44946799,"highway":"trunk"},"geometry":{"type":"LineString","coordinates":[[85.8999873,20.4529232],[85.9004112,20.4537616]]}},{"type":"Feature","properties":{"id":44946805,"highway":"trunk"},"geometry":{"type":"LineString","coordinates":[[85.9005011,20.4537039],[85.9001481,20.4529874],[85.900087,20.4528635]]}},{"type":"Feature","properties":{"id":44946850,"highway":"tertiary"},"geometry":{"type":"LineString","coordinates":[[85.9016566,20.4564938],[85.9015886,20.4563152],[85.9015444,20.4561175],[85.9014815,20.4557572],[85.9014143,20.4555219],[85.9013128,20.4551976],[85.9012684,20.455083],[85.9012412,20.4550128],[85.9011335,20.45476],[85.9009998,20.454534],[85.900564,20.4537701],[85.9005234,20.453748]]}},{"type":"Feature","properties":{"id":44946855,"highway":"trunk"},"geometry":{"type":"LineString","coordinates":[[85.9016566,20.4564938],[85.901619,20.4564289],[85.9015634,20.4563766],[85.9014942,20.4563412],[85.9014172,20.4563255],[85.9013386,20.4563308],[85.9012648,20.4563568],[85.9012019,20.4564012]]}},{"type":"Feature","properties":{"id":44946858,"highway":"tertiary"},"geometry":{"type":"LineString","coordinates":[[85.9004207,20.4537808],[85.900423,20.4538247],[85.9007976,20.4546625],[85.9009889,20.4550918],[85.9011259,20.4554577],[85.9012154,20.4557952],[85.901268,20.4560508],[85.9012653,20.4561314],[85.9012433,20.4562425],[85.9012019,20.4564012]]}},{"type":"Feature","properties":{"id":44946860,"highway":"unclassified"},"geometry":{"type":"LineString","coordinates":[[85.9011487,20.4573897],[85.9011552,20.4578428],[85.901141,20.4579541],[85.9011509,20.4585156],[85.9011788,20.4590533],[85.9012098,20.459401],[85.901241,20.4594948],[85.9013004,20.4596736],[85.9013997,20.4599165],[85.9015644,20.4602146],[85.9017424,20.4604447],[85.9018708,20.4606338],[85.9020862,20.4609512]]}},{"type":"Feature","properties":{"id":44946868,"highway":"primary"},"geometry":{"type":"LineString","coordinates":[[85.9210773,20.4958447],[85.9211032,20.4957808],[85.9211201,20.4957129],[85.9211295,20.4956512],[85.9211277,20.4955534],[85.9210882,20.4954541],[85.9210218,20.4953684],[85.9209335,20.4953022],[85.9208367,20.4952624],[85.9207323,20.4952465],[85.920627,20.4952554],[85.9205274,20.4952886],[85.9204398,20.495344],[85.9203697,20.4954181],[85.9203215,20.4955063]]}},{"type":"Feature","properties":{"id":44946871,"highway":"trunk"},"geometry":{"type":"LineString","coordinates":[[85.9180617,20.4914382],[85.9186625,20.492457]]}},{"type":"Feature","properties":{"id":44946872,"highway":"trunk"},"geometry":{"type":"LineString","coordinates":[[85.9083357,20.473269],[85.9090361,20.474613],[85.9101015,20.476529],[85.9109003,20.4781195],[85.9119017,20.4799761],[85.9141185,20.484076],[85.9151359,20.4859373],[85.9159272,20.4874228],[85.917083,20.4895327],[85.9176543,20.4906596],[85.9180617,20.4914382]]}},{"type":"Feature","properties":{"id":44946873,"highway":"trunk_link"},"geometry":{"type":"LineString","coordinates":[[85.9185726,20.4911757],[85.9104957,20.4761615],[85.909331,20.4739763],[85.9088973,20.473107]]}},{"type":"Feature","properties":{"id":44946874,"highway":"trunk"},"geometry":{"type":"LineString","coordinates":[[85.9072834,20.4706114],[85.9067064,20.4694959],[85.9064103,20.4689427],[85.9061038,20.468368],[85.9057737,20.4677428],[85.9048006,20.4659558],[85.9038427,20.4641302],[85.9036916,20.4638353],[85.9030037,20.4624927],[85.9021867,20.4609048],[85.9019185,20.4603554]]}},{"type":"Feature","properties":{"id":44946875,"highway":"trunk"},"geometry":{"type":"LineString","coordinates":[[85.9078418,20.4721758],[85.9079704,20.4725027]]}},{"type":"Feature","properties":{"id":44946876,"highway":"trunk_link"},"geometry":{"type":"LineString","coordinates":[[85.9085126,20.4723711],[85.9083008,20.4720269]]}},{"type":"Feature","properties":{"id":44946877,"highway":"trunk_link"},"geometry":{"type":"LineString","coordinates":[[85.9088973,20.473107],[85.9085126,20.4723711]]}},{"type":"Feature","properties":{"id":44946878,"highway":"trunk"},"geometry":{"type":"LineString","coordinates":[[85.9079704,20.4725027],[85.9083357,20.473269]]}},{"type":"Feature","properties":{"id":44947373,"highway":"primary"},"geometry":{"type":"LineString","coordinates":[[86.0043652,20.4880981],[86.0043025,20.4881171],[86.0021721,20.488764],[85.997514,20.4899066],[85.9966384,20.4901117],[85.9951563,20.4906655],[85.9937131,20.4912047],[85.9931203,20.49149],[85.9930767,20.4915096],[85.9916986,20.4921301],[85.991165,20.4923124],[85.9891581,20.4929982],[85.9883591,20.4933542],[85.987588,20.4934844],[85.9868842,20.4935576],[85.9865087,20.4935966],[85.9848294,20.4939091],[85.9840726,20.4940935],[85.9831291,20.4944489],[85.9812005,20.4951891],[85.9800339,20.495615],[85.9795563,20.4957949],[85.9791863,20.4959687],[85.97882,20.4961407],[85.977274,20.4970172],[85.9767912,20.497188],[85.9755653,20.4974918],[85.9716144,20.4984711],[85.9715474,20.4984766],[85.9712547,20.4985007],[85.9709132,20.4984521],[85.9705603,20.4983816],[85.9666175,20.4975939],[85.9639514,20.4970613],[85.9617417,20.4966199],[85.959692,20.4962113],[85.9583133,20.4959364],[85.9576955,20.4958132],[85.9544835,20.4951989],[85.9543544,20.4951772],[85.9534371,20.495023],[85.952434,20.4948544],[85.9517044,20.4947317],[85.950719,20.4945661],[85.9501578,20.494584],[85.9500682,20.4945991],[85.9490114,20.4947769],[85.9481554,20.494921],[85.9475653,20.4949511],[85.9473668,20.4949284],[85.9469187,20.4948772],[85.9464964,20.4948289],[85.9457413,20.4947425],[85.9436482,20.49431],[85.9429152,20.4944313]]}},{"type":"Feature","properties":{"id":44947378,"highway":"primary"},"geometry":{"type":"LineString","coordinates":[[85.9202966,20.4956273],[85.9202667,20.4956622],[85.9202109,20.4957643],[85.9201433,20.4958322],[85.9200574,20.4958981],[85.9198494,20.4960072],[85.9196413,20.4960882]]}},{"type":"Feature","properties":{"id":44947382,"highway":"primary"},"geometry":{"type":"LineString","coordinates":[[85.9196413,20.4960882],[85.9198201,20.4960719],[85.9200622,20.4960199],[85.9203024,20.495964],[85.9204583,20.4959514]]}},{"type":"Feature","properties":{"id":44947388,"highway":"tertiary"},"geometry":{"type":"LineString","coordinates":[[85.9163967,20.5018873],[85.9165431,20.5012054],[85.916588,20.5007014],[85.9165968,20.5006024],[85.9165753,20.4997985],[85.9165431,20.4992458],[85.91635,20.4986629],[85.9158565,20.4973866],[85.9150505,20.4961882]]}},{"type":"Feature","properties":{"id":44948188,"highway":"primary"},"geometry":{"type":"LineString","coordinates":[[85.9421643,20.494371],[85.9414705,20.4940504]]}},{"type":"Feature","properties":{"id":44948189,"highway":"primary"},"geometry":{"type":"LineString","coordinates":[[85.9414705,20.4940504],[85.941382,20.4940083],[85.9410493,20.4938875],[85.9409012,20.4938721],[85.9407376,20.4938796],[85.9405846,20.4939123],[85.9397256,20.4942832],[85.9393565,20.4943777],[85.9392501,20.4943961],[85.9381834,20.4944817],[85.9371078,20.4945509],[85.9368551,20.4945639],[85.935595,20.4946556],[85.9350356,20.4947128],[85.933287,20.4948845],[85.9315824,20.4950175],[85.930682,20.4950674],[85.930149,20.4950992],[85.9296927,20.4951287],[85.9284344,20.4951988],[85.928205,20.4952184],[85.9273126,20.4952736],[85.9269583,20.4953041],[85.9263309,20.4953411],[85.9256027,20.4954017],[85.9230753,20.4955606],[85.9228727,20.4955545],[85.9225576,20.4955472]]}},{"type":"Feature","properties":{"id":44948291,"highway":"trunk"},"geometry":{"type":"LineString","coordinates":[[85.9766001,20.4277283],[85.9766379,20.4276334],[85.9767547,20.42733],[85.9768571,20.427162],[85.9771232,20.4269169],[85.9774012,20.4267558],[85.9776796,20.4266571],[85.9786155,20.4265037],[85.9790828,20.4263425],[85.9833935,20.4245597],[85.9845716,20.4240039],[85.9853981,20.4236683],[85.9895203,20.4222378],[85.9958896,20.4195506],[85.9979762,20.4187787],[85.9995572,20.4181192],[86.0016277,20.4171223],[86.0054489,20.4149757]]}},{"type":"Feature","properties":{"id":44948293,"highway":"trunk"},"geometry":{"type":"LineString","coordinates":[[85.9764418,20.4282576],[85.9766001,20.4277283]]}},{"type":"Feature","properties":{"id":44948317,"highway":"trunk"},"geometry":{"type":"LineString","coordinates":[[85.9021247,20.4568942],[85.9023878,20.456806],[85.9032849,20.4565267],[85.9038367,20.4563908],[85.9040246,20.4563559],[85.9043792,20.45629],[85.9050032,20.4562105],[85.9056319,20.4561791],[85.9057553,20.4561789],[85.9065114,20.4561891],[85.9066219,20.4561904],[85.9072066,20.456197],[85.9076326,20.4562019],[85.9086134,20.456058],[85.9087429,20.4560207],[85.909328,20.4557918],[85.9108061,20.454952],[85.9109616,20.4548637],[85.9110698,20.4548022],[85.9112939,20.4546749],[85.9121464,20.4541905],[85.9125064,20.4539859],[85.9130292,20.4536889],[85.9137429,20.4533843],[85.9139077,20.4533359],[85.9145748,20.4531402],[85.9156171,20.4528343],[85.9160199,20.4526608],[85.9162051,20.4525811]]}},{"type":"Feature","properties":{"id":47440755,"highway":"tertiary"},"geometry":{"type":"LineString","coordinates":[[85.9065959,20.4468474],[85.9065953,20.4469795],[85.906595,20.447046],[85.9065817,20.4474476],[85.9065605,20.44764],[85.9065109,20.4477792],[85.9064618,20.4478636],[85.906426,20.4479252],[85.9062891,20.4481431],[85.9062075,20.4482734],[85.9061285,20.4483634],[85.9058494,20.4487372],[85.9057539,20.4488662],[85.9053186,20.4494545],[85.9051708,20.4495134],[85.9050559,20.4495597],[85.9048451,20.449673],[85.9047555,20.4497211],[85.9044339,20.4500048],[85.9038272,20.45054],[85.9033718,20.4509767],[85.9032749,20.4510682],[85.9029745,20.4512793],[85.9028568,20.451352],[85.9019982,20.4518824],[85.9018681,20.4519631],[85.9011399,20.4524152],[85.900708,20.4527118],[85.9004586,20.4528373],[85.9002319,20.4529223],[85.8999026,20.4530459]]}},{"type":"Feature","properties":{"id":47440764,"highway":"residential"},"geometry":{"type":"LineString","coordinates":[[85.9010691,20.4473868],[85.9009467,20.4475899],[85.900539,20.4483037],[85.9004868,20.4484358],[85.9001099,20.4493894],[85.8998602,20.4498636],[85.8997022,20.4501635],[85.8993178,20.4508351],[85.8991831,20.4510259]]}},{"type":"Feature","properties":{"id":47441739,"highway":"secondary"},"geometry":{"type":"LineString","coordinates":[[85.8960731,20.4453893],[85.8961722,20.4453462],[85.8967106,20.4451121],[85.8981258,20.4445631],[85.8993159,20.4441015],[85.8997352,20.4439469],[85.9001632,20.4437891],[85.9005878,20.4436326],[85.9009851,20.4434861],[85.9015954,20.4432611],[85.9022878,20.4430058],[85.9029758,20.4427732]]}},{"type":"Feature","properties":{"id":47441812,"highway":"residential"},"geometry":{"type":"LineString","coordinates":[[85.9001234,20.4412653],[85.9009851,20.4434861]]}},{"type":"Feature","properties":{"id":47441877,"highway":"residential"},"geometry":{"type":"LineString","coordinates":[[85.9003048,20.4404702],[85.9001234,20.4412653]]}},{"type":"Feature","properties":{"id":47441902,"highway":"residential"},"geometry":{"type":"LineString","coordinates":[[85.8984215,20.4400553],[85.8988969,20.440156],[85.8990151,20.4401824],[85.9003048,20.4404702],[85.9008443,20.4405871],[85.9020567,20.4408499],[85.9023093,20.4409047],[85.9032829,20.4411158],[85.9048198,20.4414576],[85.9053666,20.4416356],[85.9058391,20.4417894]]}},{"type":"Feature","properties":{"id":47441910,"highway":"residential"},"geometry":{"type":"LineString","coordinates":[[85.9038542,20.4387432],[85.9035859,20.4387593],[85.9030519,20.4388816],[85.9021586,20.4391043],[85.9016472,20.4392279],[85.9010857,20.4393637],[85.8990287,20.4398609],[85.8984215,20.4400553]]}},{"type":"Feature","properties":{"id":47442150,"highway":"tertiary"},"geometry":{"type":"LineString","coordinates":[[85.915777,20.4515796],[85.9157424,20.451474]]}},{"type":"Feature","properties":{"id":47442222,"highway":"tertiary"},"geometry":{"type":"LineString","coordinates":[[85.9162051,20.4525811],[85.9158898,20.4518442]]}},{"type":"Feature","properties":{"id":77355855,"highway":"primary"},"geometry":{"type":"LineString","coordinates":[[85.9007647,20.4790351],[85.9007816,20.4790019],[85.9007865,20.4789653],[85.9007787,20.4789292],[85.9007591,20.4788972],[85.9007298,20.4788727],[85.9006936,20.4788581],[85.9006544,20.478855],[85.9006134,20.4788648],[85.9005607,20.4789088]]}},{"type":"Feature","properties":{"id":90612070,"highway":"secondary"},"geometry":{"type":"LineString","coordinates":[[85.9011687,20.456728],[85.901181,20.4568301],[85.9011937,20.4569361],[85.9011738,20.4572231],[85.9011487,20.4573897]]}},{"type":"Feature","properties":{"id":90612072,"highway":"trunk"},"geometry":{"type":"LineString","coordinates":[[85.9162051,20.4525811],[85.9172947,20.4520322],[85.9192867,20.4513898],[85.9195196,20.4513393],[85.9222137,20.450755],[85.9247141,20.4502127],[85.9254452,20.4500541],[85.9261336,20.4499048],[85.9276149,20.4495835],[85.927854,20.4495316],[85.9284977,20.4493457],[85.9294682,20.4489588],[85.9297904,20.4488303],[85.9312003,20.4484953],[85.931382,20.4484521],[85.9329983,20.448068],[85.9399493,20.4464161],[85.9401924,20.4463726],[85.9411195,20.4462068],[85.9419834,20.4460035],[85.9423591,20.4458677],[85.9428735,20.4456494],[85.944819,20.4446767],[85.948844,20.4426111],[85.9510307,20.4411731],[85.9527793,20.4402432],[85.9538693,20.4397118],[85.9565453,20.4385491],[85.9573393,20.4380565],[85.9582405,20.4375941],[85.9588125,20.4373127],[85.9595209,20.4369643],[85.9641656,20.4346795],[85.9708269,20.4313557],[85.972047,20.4307917],[85.9726237,20.4305566],[85.973747,20.4300988],[85.973808,20.4300739],[85.9757442,20.4291649],[85.9761621,20.4288169],[85.9763667,20.4285037],[85.9764172,20.4283382],[85.9764418,20.4282576]]}},{"type":"Feature","properties":{"id":90617083,"highway":"primary"},"geometry":{"type":"LineString","coordinates":[[85.9190797,20.4958845],[85.9191558,20.4959257],[85.919202,20.4959793],[85.9193119,20.4960719],[85.9194311,20.4961032],[85.9196413,20.4960882]]}},{"type":"Feature","properties":{"id":178746741,"highway":"secondary"},"geometry":{"type":"LineString","coordinates":[[85.9175007,20.4611886],[85.9172541,20.4620363],[85.917009,20.4626568],[85.916417,20.4638424],[85.9153988,20.4652838],[85.9150792,20.4657706],[85.9149253,20.465983],[85.9147605,20.4661905],[85.9144767,20.4664588],[85.914184,20.4667515],[85.9139034,20.4670313],[85.9136201,20.4673185],[85.9133249,20.4676059],[85.9127612,20.4681839],[85.9112111,20.4696922],[85.9107914,20.4701017],[85.9100309,20.4708721],[85.909414,20.4715101],[85.9091459,20.4717702],[85.9090183,20.4718786],[85.9090021,20.4719392]]}},{"type":"Feature","properties":{"id":178746751,"highway":"primary"},"geometry":{"type":"LineString","coordinates":[[85.9007647,20.4790351],[85.9007569,20.4791754]]}},{"type":"Feature","properties":{"id":178746755,"highway":"primary"},"geometry":{"type":"LineString","coordinates":[[85.9150505,20.4961882],[85.914994,20.4961425],[85.9141397,20.4953014],[85.9106145,20.4950196],[85.9089412,20.4952749],[85.9085476,20.4950454]]}},{"type":"Feature","properties":{"id":218501302,"highway":"trunk"},"geometry":{"type":"LineString","coordinates":[[85.9014836,20.4587813],[85.9014622,20.4582553],[85.9014755,20.4576151],[85.901478,20.4567144],[85.9014641,20.4563684],[85.9014505,20.4560204],[85.9013745,20.4556607],[85.9013163,20.4554437],[85.9012299,20.4552205],[85.9011081,20.4549095],[85.9010213,20.4547314],[85.9009133,20.454519]]}},{"type":"Feature","properties":{"id":218501321,"highway":"trunk"},"geometry":{"type":"LineString","coordinates":[[85.9012696,20.4568126],[85.9012797,20.4570804],[85.9012873,20.457451],[85.9013103,20.4576901],[85.9012949,20.4581373],[85.9013005,20.4586605],[85.9013308,20.4589548],[85.901399,20.4593592],[85.9014804,20.4597209],[85.9015996,20.4600667],[85.9016999,20.4602653],[85.9018309,20.4604297]]}},{"type":"Feature","properties":{"id":218501336,"highway":"trunk"},"geometry":{"type":"LineString","coordinates":[[85.9015685,20.4593022],[85.9015807,20.4590382],[85.9015693,20.458719],[85.9015835,20.4583353],[85.90159,20.4578748],[85.9015731,20.4573571],[85.9015589,20.4570111],[85.9015436,20.4568031]]}},{"type":"Feature","properties":{"id":236051438,"highway":"trunk"},"geometry":{"type":"LineString","coordinates":[[85.9015436,20.4568031],[85.9017154,20.4568754],[85.9018267,20.456907],[85.9019517,20.4569156],[85.9021247,20.4568942]]}},{"type":"Feature","properties":{"id":236051439,"highway":"trunk"},"geometry":{"type":"LineString","coordinates":[[85.9021247,20.4568942],[85.9019238,20.456837],[85.9018642,20.4568039],[85.9018038,20.4567292],[85.9017433,20.4566278],[85.9016566,20.4564938]]}},{"type":"Feature","properties":{"id":236051440,"highway":"primary"},"geometry":{"type":"LineString","coordinates":[[85.9211201,20.4957129],[85.9213474,20.4956307],[85.9215136,20.4956126],[85.9216549,20.4956142],[85.9218419,20.4956166],[85.9220982,20.4956346],[85.9223709,20.4956507],[85.9226146,20.4956496]]}},{"type":"Feature","properties":{"id":322946178,"highway":"unclassified"},"geometry":{"type":"LineString","coordinates":[[85.9800935,20.4005018],[85.9801353,20.400523],[85.980351,20.400673],[85.9806798,20.4010692],[85.9810051,20.401542],[85.9811408,20.4016969],[85.9811999,20.4018273],[85.9811947,20.4020442],[85.9813217,20.4024306],[85.9815269,20.4028203],[85.981687,20.4031219]]}},{"type":"Feature","properties":{"id":322946183,"highway":"unclassified"},"geometry":{"type":"LineString","coordinates":[[85.9798221,20.4003126],[85.9800935,20.4005018]]}},{"type":"Feature","properties":{"id":322946185,"highway":"tertiary"},"geometry":{"type":"LineString","coordinates":[[85.9788858,20.4242787],[85.9788131,20.4242072],[85.9787967,20.4240994]]}},{"type":"Feature","properties":{"id":322946191,"highway":"unclassified"},"geometry":{"type":"LineString","coordinates":[[85.9801353,20.400523],[85.9803475,20.4004806],[85.9806363,20.4003208],[85.9809216,20.4002034],[85.9811303,20.4001545],[85.9814539,20.4001186],[85.9818262,20.4001251],[85.9820871,20.4001512],[85.9824907,20.4002458],[85.9829082,20.4003611],[85.9835727,20.4006644],[85.9840387,20.4008781],[85.9842251,20.400935],[85.9850044,20.401054],[85.9859995,20.401266],[85.987078,20.4016051],[85.9875512,20.4018138],[85.988501,20.402453],[85.9899344,20.4034476],[85.9904285,20.4037769],[85.9915105,20.4043639],[85.9920463,20.4046476],[85.9925612,20.4048139],[85.9931283,20.404853],[85.9937198,20.4048106],[85.9943843,20.4046182],[85.9957412,20.404116],[85.9984445,20.4031182],[85.9995126,20.4026258],[86.0001389,20.402391],[86.0007756,20.4021954],[86.0008939,20.4022965],[86.0010122,20.4031215]]}},{"type":"Feature","properties":{"id":322946202,"highway":"tertiary"},"geometry":{"type":"LineString","coordinates":[[85.9787967,20.4240994],[85.9787967,20.4240423],[85.9788128,20.4240022],[85.978915,20.4238988],[85.9789724,20.4237554],[85.9791499,20.423206],[85.9792108,20.4230886],[85.9792856,20.4230348],[85.9795813,20.4229403],[85.9802006,20.4227772],[85.9804093,20.4227104],[85.980712,20.4226713],[85.9808181,20.4226338],[85.9808877,20.4225751],[85.9809017,20.4224887],[85.9808477,20.4220322],[85.9808721,20.421967],[85.9811556,20.4217763],[85.9812809,20.4216246],[85.9814322,20.4213393],[85.9815766,20.4209106],[85.9815905,20.4207948],[85.9815731,20.4207133],[85.9814531,20.4202927],[85.9814583,20.4201672],[85.9815088,20.4199308],[85.981601,20.4198167],[85.9817193,20.4197156],[85.9818028,20.4196814],[85.9820028,20.4196797],[85.9820846,20.4196585],[85.9823942,20.4194466],[85.9825804,20.4194026],[85.9830553,20.4193309],[85.9831127,20.4192836],[85.9831422,20.419189],[85.9830796,20.4185548],[85.9829926,20.4181733],[85.9829509,20.418069],[85.9828065,20.4178554],[85.9827908,20.4178065],[85.9828082,20.4177364],[85.9828552,20.4176239],[85.9832066,20.4173174],[85.9832466,20.417249],[85.9832692,20.4171528],[85.9832745,20.4168332],[85.983264,20.4162659],[85.9832327,20.4160768],[85.9831944,20.4159496],[85.9830118,20.4154149],[85.982843,20.4150888],[85.982716,20.4148671],[85.9826308,20.4145655],[85.9826047,20.414479],[85.9825282,20.4142867],[85.9822237,20.4137584],[85.9818462,20.4128878],[85.9817332,20.4126319],[85.9815697,20.4120645],[85.9813574,20.4117906],[85.9810965,20.4113797],[85.9809643,20.4112151],[85.9807486,20.4110243],[85.9804424,20.4107439],[85.9801989,20.4104716],[85.9800649,20.4102825],[85.9797448,20.4098276],[85.9794961,20.4095668],[85.9788889,20.4088804],[85.9787306,20.4087173],[85.9786176,20.4086635],[85.9785097,20.4086309],[85.9784558,20.4085934],[85.9782383,20.4082445],[85.9780383,20.4080212],[85.9779809,20.4079347],[85.9779757,20.40785],[85.9783914,20.4072744],[85.9790385,20.4064657],[85.9794856,20.4059049],[85.9803154,20.4047962],[85.9813536,20.4034733],[85.981687,20.4031219],[85.9825689,20.4023296],[85.9833463,20.401684],[85.9837227,20.4013035],[85.9840387,20.4008781]]}},{"type":"Feature","properties":{"id":322946203,"highway":"tertiary"},"geometry":{"type":"LineString","coordinates":[[85.9790828,20.4263425],[85.978929,20.4259611],[85.9788141,20.4257654],[85.9788072,20.4256986],[85.9789498,20.4254443],[85.9790507,20.4252112],[85.9790594,20.4250889],[85.9790351,20.4248411],[85.9788858,20.4242787]]}},{"type":"Feature","properties":{"id":322969671,"highway":"residential"},"geometry":{"type":"LineString","coordinates":[[85.8994427,20.477561],[85.899989,20.4772964],[85.9007746,20.4768752],[85.9009194,20.4768105],[85.9012642,20.4766563],[85.9013986,20.4765934],[85.9014848,20.4765893],[85.9015554,20.4765859],[85.901635,20.4766013],[85.9017026,20.4766144],[85.9020338,20.4766998],[85.9024161,20.4767599],[85.9024914,20.4767717],[85.9029965,20.4768489]]}},{"type":"Feature","properties":{"id":322969672,"highway":"residential"},"geometry":{"type":"LineString","coordinates":[[85.9035053,20.4623734],[85.904808,20.4619022],[85.9055648,20.4616285],[85.906135,20.4614652],[85.9062278,20.4614652],[85.9063229,20.4615225],[85.9064202,20.4617493],[85.9064722,20.4617684],[85.9066917,20.4617133],[85.9067369,20.4617408],[85.906875,20.4621373]]}},{"type":"Feature","properties":{"id":322969673,"highway":"residential"},"geometry":{"type":"LineString","coordinates":[[85.9074699,20.4604196],[85.9071429,20.4590859],[85.9071005,20.4590326],[85.9064518,20.4587325],[85.9062007,20.4586371],[85.9049471,20.4581431],[85.904714,20.4580986],[85.9041642,20.4578972],[85.9037523,20.4577224],[85.9022159,20.4571531],[85.9018244,20.4570174],[85.9017761,20.4569606],[85.9017154,20.4568754]]}},{"type":"Feature","properties":{"id":322969678,"highway":"residential"},"geometry":{"type":"LineString","coordinates":[[85.9041642,20.4578972],[85.9033964,20.4596765],[85.9032549,20.4599875],[85.9031188,20.4602865],[85.903078,20.4604752],[85.9030577,20.4607126],[85.9030712,20.4609628],[85.9030939,20.4611642],[85.903336,20.4618914],[85.9035053,20.4623734],[85.9037388,20.4630383]]}},{"type":"Feature","properties":{"id":322969679,"highway":"residential"},"geometry":{"type":"LineString","coordinates":[[85.9056319,20.4561791],[85.905632,20.4563379],[85.9056624,20.4564323],[85.9056368,20.4565298],[85.9049471,20.4581431],[85.9043339,20.4595742],[85.9041574,20.4599176],[85.9041008,20.4599388],[85.9039899,20.4599176],[85.9036958,20.459818],[85.9035261,20.4597523],[85.9033964,20.4596765]]}},{"type":"Feature","properties":{"id":322969682,"highway":"residential"},"geometry":{"type":"LineString","coordinates":[[85.9065423,20.4626758],[85.9071985,20.4624489],[85.9072234,20.462362],[85.907194,20.4622072],[85.9070741,20.4621648],[85.906875,20.4621373],[85.9061984,20.4624044],[85.9059337,20.4624638],[85.9058816,20.4624383],[85.9055648,20.4616285],[85.9055241,20.4614016],[85.9055218,20.4611621],[85.9055385,20.4610723],[85.9055671,20.4609183],[85.9056576,20.4604921],[85.9057934,20.4601741],[85.9064518,20.4587325]]}},{"type":"Feature","properties":{"id":322969684,"highway":"residential"},"geometry":{"type":"LineString","coordinates":[[85.905567,20.4600811],[85.9062007,20.4586371]]}},{"type":"Feature","properties":{"id":322969689,"highway":"residential"},"geometry":{"type":"LineString","coordinates":[[85.9036958,20.459818],[85.9035419,20.4598625],[85.9034129,20.4598964],[85.9032549,20.4599875]]}},{"type":"Feature","properties":{"id":322969694,"highway":"residential"},"geometry":{"type":"LineString","coordinates":[[85.9057934,20.4601741],[85.905567,20.4600811],[85.905102,20.4598899],[85.9043339,20.4595742]]}},{"type":"Feature","properties":{"id":322969697,"highway":"residential"},"geometry":{"type":"LineString","coordinates":[[85.907194,20.4622072],[85.907366,20.4621479],[85.9071601,20.46169],[85.907098,20.4615899],[85.9069564,20.4613614],[85.906875,20.4613253],[85.9063229,20.4615225]]}},{"type":"Feature","properties":{"id":322971463,"highway":"residential"},"geometry":{"type":"LineString","coordinates":[[85.9321793,20.453976],[85.9314444,20.4541484],[85.930531,20.4543861],[85.9304437,20.4544088],[85.9299337,20.4546828],[85.929883,20.4546896],[85.9298322,20.4546511],[85.9287638,20.4528529],[85.929489,20.4523932],[85.9296727,20.4522793],[85.9309102,20.4515122],[85.9311085,20.4513808],[85.931297,20.4512087],[85.9317538,20.4509571]]}},{"type":"Feature","properties":{"id":322971473,"highway":"tertiary"},"geometry":{"type":"LineString","coordinates":[[85.9314334,20.448746],[85.9314348,20.4487556],[85.9315556,20.4495893],[85.9316028,20.4499148],[85.9316575,20.4502925],[85.9316886,20.4505066],[85.9317538,20.4509571],[85.9320197,20.4528074],[85.9321333,20.4536091],[85.9321793,20.453976],[85.932244,20.4544118],[85.9323436,20.4550835],[85.9323889,20.4553133],[85.9324162,20.4553389],[85.9324573,20.4553534],[85.9331381,20.4553563],[85.9339426,20.4553598],[85.9342041,20.4553662],[85.9342519,20.4553838],[85.9343767,20.4554975],[85.9344519,20.4556336],[85.9345579,20.4558882],[85.9346006,20.4561893],[85.9346416,20.4562999],[85.9348108,20.4567562],[85.9350433,20.4573823]]}},{"type":"Feature","properties":{"id":322974028,"highway":"tertiary"},"geometry":{"type":"LineString","coordinates":[[85.9158898,20.4518442],[85.915777,20.4515796]]}},{"type":"Feature","properties":{"id":322974522,"highway":"residential"},"geometry":{"type":"LineString","coordinates":[[85.9177992,20.4477502],[85.9180487,20.4479857]]}},{"type":"Feature","properties":{"id":322974523,"highway":"residential"},"geometry":{"type":"LineString","coordinates":[[85.9156339,20.4418538],[85.9158321,20.442402],[85.915826,20.4424793],[85.9157451,20.4435118],[85.9157934,20.443856],[85.9159578,20.4443271],[85.9159433,20.4444812],[85.9152664,20.4448618],[85.9151736,20.444927],[85.9151431,20.4449792],[85.9151511,20.4450206],[85.9152212,20.4450941],[85.9155324,20.4453101],[85.9156609,20.4455095],[85.9156725,20.4455275],[85.9157771,20.4458427],[85.9158,20.4459117],[85.9161898,20.44666],[85.9163788,20.4467702],[85.9164455,20.4467846],[85.916589,20.4467846],[85.9166779,20.446815],[85.9169206,20.4470857],[85.916965,20.4471017],[85.9170864,20.4471017]]}},{"type":"Feature","properties":{"id":322974525,"highway":"unclassified"},"geometry":{"type":"LineString","coordinates":[[85.9196483,20.4355692],[85.9201167,20.4366823],[85.9203867,20.4372637],[85.9205645,20.4377154],[85.9206397,20.4378948],[85.9207867,20.4381638],[85.9208579,20.4384082],[85.9208721,20.4384569],[85.9209439,20.4388253],[85.9209559,20.4390383],[85.9209473,20.4393586],[85.9209815,20.4396469],[85.9209388,20.4399816],[85.9209097,20.4402667],[85.9208379,20.4405117],[85.9208362,20.4409057],[85.9208208,20.4412004],[85.9207644,20.4414374],[85.9207627,20.441588],[85.920802,20.4419852],[85.9208191,20.4424016],[85.9208023,20.4426583],[85.9208208,20.4428997],[85.920802,20.4429573],[85.9207644,20.4430086],[85.9202705,20.4432344],[85.9202021,20.4433],[85.9201902,20.4433737],[85.9203235,20.4436284],[85.9205298,20.4440661],[85.9205443,20.4441335],[85.9205337,20.4442466],[85.9204995,20.4443074],[85.9203457,20.4444035],[85.9197817,20.444679],[85.9195458,20.4449352],[85.9189886,20.4452875],[85.9185169,20.4455374],[85.9183837,20.4456411],[85.9180316,20.4460607],[85.9175188,20.4466789],[85.9171086,20.4470312],[85.9170864,20.4471017],[85.9170984,20.447201],[85.9177992,20.4477502]]}},{"type":"Feature","properties":{"id":322974527,"highway":"residential"},"geometry":{"type":"LineString","coordinates":[[85.9180487,20.4479857],[85.9187333,20.4485793],[85.9193784,20.4491388],[85.919919,20.4494945],[85.9200792,20.4496],[85.9206261,20.4500933],[85.9207458,20.4502823]]}},{"type":"Feature","properties":{"id":322974528,"highway":"residential"},"geometry":{"type":"LineString","coordinates":[[85.9098403,20.451965],[85.9098103,20.4517213],[85.9097992,20.451631],[85.9097274,20.4513277],[85.9092204,20.4513556],[85.9089315,20.451361],[85.9083005,20.451349]]}},{"type":"Feature","properties":{"id":322974529,"highway":"residential"},"geometry":{"type":"LineString","coordinates":[[85.9058772,20.4499146],[85.9059106,20.4498822],[85.9063002,20.4494011]]}},{"type":"Feature","properties":{"id":322974530,"highway":"residential"},"geometry":{"type":"LineString","coordinates":[[85.9083005,20.451349],[85.9078976,20.4512368],[85.9077022,20.4511361],[85.9073088,20.4508735],[85.9069907,20.4506801],[85.9063935,20.4502744],[85.9061748,20.4501352],[85.9058772,20.4499146],[85.9055255,20.4496541],[85.9053186,20.4494545]]}},{"type":"Feature","properties":{"id":322974531,"highway":"residential"},"geometry":{"type":"LineString","coordinates":[[85.908336,20.4519438],[85.9083221,20.4517407],[85.9083175,20.451674],[85.9083005,20.451349],[85.9083489,20.4512007],[85.9083175,20.4509833],[85.9083417,20.4509629],[85.9089459,20.4509253]]}},{"type":"Feature","properties":{"id":394765482,"highway":"trunk"},"geometry":{"type":"LineString","coordinates":[[85.9015685,20.4593022],[85.9015285,20.45911],[85.9014836,20.4587813]]}},{"type":"Feature","properties":{"id":397452179,"highway":"unclassified"},"geometry":{"type":"LineString","coordinates":[[85.976056,20.4672555],[85.9735412,20.4680061],[85.9722431,20.468576],[85.9711378,20.4691781],[85.9692399,20.4705307],[85.9675862,20.4720237],[85.9659711,20.4735529],[85.9647887,20.4747048],[85.963949,20.4755637],[85.9638033,20.4757443],[85.9636748,20.4759008],[85.963392,20.4760614],[85.9625609,20.4767276],[85.9619904,20.477126],[85.9616184,20.4773858],[85.9598876,20.4786541],[85.9576941,20.4802073],[85.9561346,20.481335],[85.9545152,20.4824909],[85.9525059,20.4839678],[85.9503124,20.4854848],[85.9500844,20.4856514],[85.9499097,20.4858018],[85.9485082,20.4872894],[85.9483246,20.4874874],[85.9469193,20.4889361],[85.9459858,20.4899537],[85.9455784,20.4904049],[85.9452756,20.4907317],[85.9441689,20.4919259],[85.9425838,20.4936034],[85.9422967,20.4939003],[85.9422168,20.4940441],[85.9421279,20.4942053],[85.9418852,20.4946104]]}},{"type":"Feature","properties":{"id":397452232,"highway":"tertiary"},"geometry":{"type":"LineString","coordinates":[[85.9764172,20.4283382],[85.9767268,20.428109],[85.9777537,20.4275707],[85.9797703,20.4265968],[85.9820685,20.4257708],[85.9843078,20.425191],[85.9854708,20.4249881],[85.9856254,20.4249823],[85.9856935,20.425049],[85.9857522,20.4255215],[85.9858203,20.4256258],[85.9862317,20.4259794],[85.9862904,20.4260519],[85.9864729,20.426536],[85.9866523,20.4266983],[85.986776,20.4268838],[85.9870544,20.4287446],[85.9872029,20.4293678],[85.9872864,20.4298866],[85.9873699,20.4299272],[85.9884223,20.4299748],[85.9885707,20.42994],[85.9890563,20.4298038],[85.9905997,20.4299168],[85.9917163,20.4300443],[85.9927215,20.4301342],[85.9929504,20.4301632],[85.9931298,20.4302038],[85.9934546,20.4303864],[85.9935876,20.4303864],[85.9942433,20.4301574],[85.994401,20.4301806],[85.9945588,20.4302269],[85.9946856,20.4302269],[85.9955269,20.4298646],[85.995598,20.4298675],[85.9956506,20.42994],[85.9957187,20.4300501],[85.995895,20.4308211],[85.9960465,20.4308066],[85.996294,20.4307458],[85.9963682,20.4308153],[85.9967858,20.4316936],[85.9972006,20.4321295],[85.9972203,20.4321726],[85.9972356,20.432314],[85.9972463,20.4323907]]}},{"type":"Feature","properties":{"id":397452288,"highway":"unclassified"},"geometry":{"type":"LineString","coordinates":[[85.941382,20.4940083],[85.9418066,20.4937042],[85.9432129,20.492177],[85.9435978,20.4917369],[85.9440237,20.4913102],[85.9453379,20.4899297],[85.9474757,20.4876583],[85.949168,20.4859085],[85.9500205,20.4851179],[85.9519098,20.4838296],[85.953405,20.4827179],[85.9536106,20.4825574],[85.953692,20.4825213],[85.9553586,20.4813373],[85.9578006,20.4795795],[85.9602468,20.4778417],[85.9620162,20.4765774],[85.9635585,20.475265],[85.9650965,20.47378],[85.9662061,20.4727164],[85.968661,20.4703684],[85.9700748,20.4692647],[85.9718698,20.4682292],[85.9736949,20.4674786],[85.9769637,20.4665273],[85.9794828,20.4658049],[85.9819762,20.4651065],[85.983827,20.4645365],[85.9858919,20.4639786],[85.9878884,20.4636093],[85.9896449,20.4635892],[85.9923268,20.463513],[85.9935606,20.4634969],[85.9938048,20.4634247],[85.9939505,20.4633765],[85.9943275,20.4633926],[85.994546,20.4634407],[85.9946821,20.463471],[85.998089,20.4634325],[86.0027412,20.463163],[86.0054495,20.463009],[86.0057331,20.4629897],[86.006066,20.4629358],[86.0063536,20.4629435],[86.0071797,20.4628665],[86.0087742,20.4627972],[86.0108907,20.4627125],[86.0138292,20.4626316],[86.0157689,20.4628165],[86.0160977,20.4628627],[86.0168868,20.4631476],[86.0187813,20.4639292],[86.021091,20.4653384],[86.0218636,20.4657081],[86.0228951,20.4660007],[86.0240048,20.4661393],[86.0265322,20.4663665],[86.0281802,20.4664743],[86.0296679,20.4666514],[86.0315173,20.4668169],[86.0355448,20.4671789],[86.0389764,20.4675023],[86.0417709,20.4677718],[86.044434,20.4680105],[86.046945,20.4682146],[86.0471053,20.4681645],[86.0474711,20.46828],[86.0515327,20.4686359],[86.0570643,20.4691749],[86.0596205,20.4698448],[86.0648398,20.4711308],[86.0716844,20.4727632],[86.0731449,20.4729031],[86.0739473,20.4728151]]}},{"type":"Feature","properties":{"id":446368508,"highway":"residential"},"geometry":{"type":"LineString","coordinates":[[85.9064417,20.4653968],[85.9065413,20.4653366],[85.9068312,20.4651613],[85.9070771,20.4650127],[85.907328,20.464861],[85.9077076,20.4646315],[85.9078307,20.4645571],[85.9079701,20.4644742],[85.9080753,20.4644116],[85.9085797,20.4641115],[85.9090433,20.4638357],[85.9092599,20.4637069],[85.9094135,20.4636155],[85.9098114,20.4633677],[85.9101803,20.463138],[85.9103874,20.4629957],[85.9108606,20.4627144],[85.9114226,20.4623575],[85.9122849,20.46181],[85.9127396,20.4615365],[85.9134682,20.4610983]]}},{"type":"Feature","properties":{"id":446368509,"highway":"residential"},"geometry":{"type":"LineString","coordinates":[[85.9068145,20.4737529],[85.9062809,20.4731194],[85.9062195,20.4730465],[85.9058582,20.4726454],[85.9053617,20.4720942],[85.9052485,20.4719685],[85.9050714,20.4715568],[85.9048033,20.4709333],[85.9046182,20.4706242],[85.9045485,20.4704759],[85.9045619,20.4703553],[85.9046289,20.4702297],[85.9047523,20.4701191],[85.9049525,20.4699867]]}},{"type":"Feature","properties":{"id":446368510,"highway":"tertiary"},"geometry":{"type":"LineString","coordinates":[[85.9061253,20.4680887],[85.9061931,20.4680331],[85.9065431,20.4677461],[85.9069297,20.4674291],[85.9072384,20.4671892],[85.907519,20.4669712],[85.90781,20.466768],[85.9083976,20.4663969],[85.9085866,20.4662775],[85.9086512,20.4662381],[85.9087489,20.4661785],[85.9091255,20.4659488],[85.9093112,20.465837],[85.9098999,20.4654659],[85.9108061,20.46489],[85.9111289,20.4646839],[85.911187,20.4646408],[85.9114448,20.4649805],[85.9119208,20.4656495],[85.9121132,20.4659158],[85.9123972,20.466309],[85.9128327,20.4669119],[85.9130157,20.4671652],[85.9131798,20.4673924],[85.9133249,20.4676059],[85.9133795,20.4676698]]}},{"type":"Feature","properties":{"id":446368512,"highway":"residential"},"geometry":{"type":"LineString","coordinates":[[85.9123972,20.466309],[85.9127381,20.4660863],[85.9130655,20.4658726],[85.913413,20.4656456],[85.9144655,20.4649583]]}},{"type":"Feature","properties":{"id":446368513,"highway":"residential"},"geometry":{"type":"LineString","coordinates":[[85.9105938,20.4686999],[85.9108541,20.4685323],[85.9110314,20.4684226],[85.91263,20.4674096],[85.9130157,20.4671652]]}},{"type":"Feature","properties":{"id":446368514,"highway":"residential"},"geometry":{"type":"LineString","coordinates":[[85.9082518,20.4646647],[85.9087552,20.464361],[85.9099763,20.4636159]]}},{"type":"Feature","properties":{"id":446368515,"highway":"residential"},"geometry":{"type":"LineString","coordinates":[[85.9106959,20.4677779],[85.9112376,20.4674354],[85.9121978,20.4668215]]}},{"type":"Feature","properties":{"id":446368516,"highway":"residential"},"geometry":{"type":"LineString","coordinates":[[85.910452,20.4674472],[85.91101,20.4670945],[85.9119599,20.4664941]]}},{"type":"Feature","properties":{"id":446368517,"highway":"residential"},"geometry":{"type":"LineString","coordinates":[[85.9107993,20.4689039],[85.9110235,20.4687605],[85.911203,20.4686476],[85.9119462,20.4681757],[85.9125616,20.4677849],[85.912807,20.4676291],[85.9131798,20.4673924]]}},{"type":"Feature","properties":{"id":446368518,"highway":"residential"},"geometry":{"type":"LineString","coordinates":[[85.9066825,20.4655725],[85.9069866,20.4653874],[85.9074815,20.4650861]]}},{"type":"Feature","properties":{"id":446368519,"highway":"tertiary"},"geometry":{"type":"LineString","coordinates":[[85.9114448,20.4649805],[85.9121892,20.4645277],[85.912627,20.4642596],[85.912776,20.4641683],[85.9130544,20.4639998],[85.913585,20.4636786]]}},{"type":"Feature","properties":{"id":446368520,"highway":"residential"},"geometry":{"type":"LineString","coordinates":[[85.9127586,20.4624799],[85.9131984,20.4621858],[85.9138959,20.4617195]]}},{"type":"Feature","properties":{"id":446368521,"highway":"residential"},"geometry":{"type":"LineString","coordinates":[[85.9140133,20.4643011],[85.9134916,20.4646373],[85.9130472,20.4649237],[85.9126218,20.4651978],[85.9122162,20.4654592],[85.9119208,20.4656495]]}},{"type":"Feature","properties":{"id":446368522,"highway":"residential"},"geometry":{"type":"LineString","coordinates":[[85.9098018,20.4665656],[85.9101672,20.4663376],[85.9105131,20.4661196],[85.9113224,20.4656169]]}},{"type":"Feature","properties":{"id":446368523,"highway":"residential"},"geometry":{"type":"LineString","coordinates":[[85.911187,20.4646408],[85.9108915,20.4641997],[85.9106461,20.4638334],[85.9104186,20.4634938],[85.9101803,20.463138]]}},{"type":"Feature","properties":{"id":446368524,"highway":"tertiary"},"geometry":{"type":"LineString","coordinates":[[85.9086171,20.4721164],[85.9081238,20.4715552],[85.9078992,20.4712662],[85.9077014,20.4709672],[85.9073111,20.4703189],[85.9071037,20.4699683],[85.9068578,20.4695525],[85.9065814,20.4690462],[85.9065065,20.4689091],[85.9064959,20.468889],[85.9063174,20.468551],[85.9061873,20.4682784],[85.9061253,20.4680887],[85.906043,20.4678953],[85.9059699,20.4677538],[85.905611,20.467169],[85.9052532,20.4665449],[85.9052368,20.4665163],[85.9049061,20.4659109],[85.9046844,20.4654239],[85.9045216,20.4651131],[85.9044313,20.4649407],[85.9042862,20.464647],[85.9041797,20.4644314],[85.9038161,20.4637822],[85.9035943,20.4633441],[85.9033241,20.4628465],[85.9030273,20.4622256],[85.9026975,20.4615714],[85.9023938,20.4609897],[85.9020533,20.4603558],[85.9018405,20.4599299],[85.9015685,20.4593022]]}},{"type":"Feature","properties":{"id":446368525,"highway":"residential"},"geometry":{"type":"LineString","coordinates":[[85.9121132,20.4659158],[85.911724,20.4661694],[85.9109205,20.4666901],[85.9105782,20.4669119],[85.9102257,20.4671404]]}},{"type":"Feature","properties":{"id":446368526,"highway":"residential"},"geometry":{"type":"LineString","coordinates":[[85.907328,20.464861],[85.9074815,20.4650861],[85.9078281,20.4655907],[85.9080058,20.4658494]]}},{"type":"Feature","properties":{"id":446368527,"highway":"residential"},"geometry":{"type":"LineString","coordinates":[[85.9090727,20.4665359],[85.9091887,20.4664628],[85.909557,20.4662307],[85.9110739,20.4652749]]}},{"type":"Feature","properties":{"id":446368528,"highway":"residential"},"geometry":{"type":"LineString","coordinates":[[85.9128327,20.4669119],[85.9124439,20.4671602],[85.9114821,20.4677745],[85.910946,20.4681169],[85.9105554,20.4683663],[85.9104031,20.4684635]]}},{"type":"Feature","properties":{"id":446368529,"highway":"tertiary"},"geometry":{"type":"LineString","coordinates":[[85.913585,20.4636786],[85.9139396,20.4634721],[85.9140555,20.4634046],[85.9142875,20.4632695],[85.9147381,20.4630072],[85.9148078,20.4629666],[85.9153892,20.4626281],[85.9157583,20.462369],[85.9164422,20.461889],[85.9169442,20.4615366],[85.9175007,20.4611886]]}},{"type":"Feature","properties":{"id":446368530,"highway":"residential"},"geometry":{"type":"LineString","coordinates":[[85.9098114,20.4633677],[85.9099763,20.4636159],[85.9101473,20.4638734],[85.9103986,20.4642517],[85.9105528,20.4644838],[85.9096726,20.4650284],[85.9088759,20.4655404]]}},{"type":"Feature","properties":{"id":446368531,"highway":"residential"},"geometry":{"type":"LineString","coordinates":[[85.9080753,20.4644116],[85.9082518,20.4646647],[85.9084423,20.4649321],[85.9088196,20.4654615],[85.9088759,20.4655404],[85.9091255,20.4659488]]}},{"type":"Feature","properties":{"id":446368532,"highway":"residential"},"geometry":{"type":"LineString","coordinates":[[85.9014951,20.4705839],[85.9014338,20.4704661],[85.9013733,20.4703498],[85.9011694,20.4696926],[85.9011263,20.4695403],[85.9009301,20.4688104],[85.9008987,20.4687184],[85.9008719,20.4687109],[85.9005662,20.4688189],[85.9005662,20.4688441],[85.9005206,20.4688843],[85.9004615,20.4689144],[85.9005125,20.4690677],[85.9004884,20.4690803],[85.8998232,20.469324],[85.8998178,20.4693667],[85.8999597,20.4697]]}},{"type":"Feature","properties":{"id":446368533,"highway":"residential"},"geometry":{"type":"LineString","coordinates":[[85.909557,20.4662307],[85.9098018,20.4665656],[85.9102257,20.4671404],[85.910452,20.4674472],[85.9106959,20.4677779],[85.910946,20.4681169]]}},{"type":"Feature","properties":{"id":446368534,"highway":"residential"},"geometry":{"type":"LineString","coordinates":[[85.9124439,20.4671602],[85.9121978,20.4668215],[85.9119599,20.4664941],[85.911724,20.4661694],[85.9113224,20.4656169],[85.9110739,20.4652749]]}},{"type":"Feature","properties":{"id":446368535,"highway":"residential"},"geometry":{"type":"LineString","coordinates":[[85.9133655,20.466285],[85.913696,20.4660627],[85.9140197,20.465845],[85.91435,20.4656229],[85.9147643,20.4653443],[85.9144655,20.4649583],[85.9143749,20.4648266],[85.9142424,20.4646341],[85.9140992,20.4644259],[85.9140133,20.4643011],[85.913585,20.4636786],[85.9131876,20.463101],[85.9130794,20.4629437],[85.9127586,20.4624799],[85.9125576,20.4621851],[85.9125096,20.4621154],[85.9122849,20.46181]]}},{"type":"Feature","properties":{"id":459547369,"highway":"unclassified"},"geometry":{"type":"LineString","coordinates":[[85.9009891,20.4578899],[85.901061,20.4578566],[85.9011552,20.4578428],[85.9013103,20.4576901],[85.9013701,20.4576045],[85.9013776,20.4575854],[85.9013798,20.4575406],[85.9013782,20.4574481],[85.901375,20.4573197],[85.9013691,20.4572539],[85.901358,20.4572091],[85.9013499,20.4571519],[85.9013466,20.4571052],[85.9013516,20.4570424],[85.901361,20.4569669],[85.9013818,20.456839]]}},{"type":"Feature","properties":{"id":459549409,"highway":"secondary"},"geometry":{"type":"LineString","coordinates":[[85.9011487,20.4573897],[85.9009891,20.4578899]]}},{"type":"Feature","properties":{"id":459780350,"highway":"trunk"},"geometry":{"type":"LineString","coordinates":[[85.9080238,20.4722008],[85.9072834,20.4706114]]}},{"type":"Feature","properties":{"id":459780352,"highway":"trunk"},"geometry":{"type":"LineString","coordinates":[[85.9182595,20.4913672],[85.9179874,20.4908371],[85.9172603,20.4894605],[85.9162805,20.4876479],[85.9153223,20.4858585],[85.9148294,20.4849493],[85.9141608,20.4837198],[85.9135076,20.4824961],[85.9121181,20.4799071],[85.9114371,20.4786573],[85.9100445,20.4760595],[85.9084625,20.4731532]]}},{"type":"Feature","properties":{"id":459786581,"highway":"trunk"},"geometry":{"type":"LineString","coordinates":[[85.9213261,20.4961786],[85.9211544,20.4960235],[85.9207973,20.4956752],[85.9205722,20.4953742],[85.9204064,20.4951495],[85.9202443,20.4949178]]}},{"type":"Feature","properties":{"id":459788221,"highway":"trunk_link"},"geometry":{"type":"LineString","coordinates":[[85.9187296,20.4914154],[85.9185726,20.4911757]]}},{"type":"Feature","properties":{"id":459788762,"highway":"trunk"},"geometry":{"type":"LineString","coordinates":[[85.9201499,20.4949964],[85.9202556,20.4951649],[85.9203483,20.4952978],[85.9205505,20.495567],[85.9208295,20.495871],[85.9211165,20.4961323],[85.9212654,20.4962617]]}},{"type":"Feature","properties":{"id":459789060,"highway":"trunk_link"},"geometry":{"type":"LineString","coordinates":[[85.9199049,20.4943174],[85.9197385,20.4938731],[85.9196634,20.4936017],[85.9194634,20.4931356],[85.9193054,20.4926917],[85.9189054,20.4917292],[85.9187296,20.4914154]]}},{"type":"Feature","properties":{"id":459789829,"highway":"secondary"},"geometry":{"type":"LineString","coordinates":[[85.9240504,20.4977349],[85.9235504,20.4973345],[85.9234404,20.497219],[85.9231789,20.4970209],[85.9229355,20.4968449],[85.9227845,20.4967554],[85.9226397,20.4966861],[85.922461,20.4966169],[85.9222422,20.4965563],[85.9221282,20.4965101],[85.9219988,20.4964466],[85.9217924,20.4962965],[85.9214812,20.4960657],[85.9213087,20.4959358],[85.9211032,20.4957808]]}},{"type":"Feature","properties":{"id":459790064,"highway":"secondary"},"geometry":{"type":"LineString","coordinates":[[85.9206977,20.4960344],[85.920865,20.4960974],[85.9210653,20.4961955],[85.9213087,20.4963629],[85.921854,20.4967496],[85.9220608,20.4968821],[85.9223838,20.4970891],[85.9224979,20.4971623],[85.9230826,20.497584],[85.9235553,20.4979136],[85.9249788,20.4989008],[85.9258559,20.499509],[85.927999,20.5009259],[85.9286205,20.5011693]]}},{"type":"Feature","properties":{"id":460440215,"highway":"residential"},"geometry":{"type":"LineString","coordinates":[[85.9035986,20.4697422],[85.9030784,20.4678527],[85.9028705,20.467164],[85.9027455,20.4667496],[85.9025265,20.46616],[85.9025105,20.4660805],[85.902506,20.4660581],[85.9025126,20.4659353],[85.9024777,20.4657567],[85.9023777,20.4654114],[85.9022849,20.4650913],[85.9021377,20.4646399],[85.9020201,20.4641974],[85.9019551,20.4640244],[85.9018233,20.4637615],[85.9017975,20.4636409],[85.9017381,20.4634281]]}},{"type":"Feature","properties":{"id":460440392,"highway":"residential"},"geometry":{"type":"LineString","coordinates":[[85.8998985,20.4606214],[85.9008352,20.4603288]]}},{"type":"Feature","properties":{"id":460441210,"highway":"residential"},"geometry":{"type":"LineString","coordinates":[[85.9008937,20.4605364],[85.9010856,20.4606172],[85.9012327,20.4606566],[85.9013938,20.4606763],[85.9014802,20.4606785],[85.9016694,20.4606785],[85.9018165,20.4606501],[85.9018708,20.4606338]]}},{"type":"Feature","properties":{"id":460452223,"highway":"residential"},"geometry":{"type":"LineString","coordinates":[[85.9104186,20.4634938],[85.9125576,20.4621851]]}},{"type":"Feature","properties":{"id":460452224,"highway":"residential"},"geometry":{"type":"LineString","coordinates":[[85.9106461,20.4638334],[85.9113694,20.4633689],[85.9127586,20.4624799]]}},{"type":"Feature","properties":{"id":460452225,"highway":"residential"},"geometry":{"type":"LineString","coordinates":[[85.9108915,20.4641997],[85.9116318,20.4637393],[85.9116672,20.4637923],[85.9122788,20.4634248],[85.9130794,20.4629437]]}},{"type":"Feature","properties":{"id":460452226,"highway":"residential"},"geometry":{"type":"LineString","coordinates":[[85.912776,20.4641683],[85.9125962,20.4638995],[85.9124597,20.4636954],[85.9122788,20.4634248]]}},{"type":"Feature","properties":{"id":460452227,"highway":"residential"},"geometry":{"type":"LineString","coordinates":[[85.9121892,20.4645277],[85.912014,20.4642566],[85.9125962,20.4638995],[85.9131926,20.4635337]]}},{"type":"Feature","properties":{"id":460452228,"highway":"residential"},"geometry":{"type":"LineString","coordinates":[[85.9118684,20.4640617],[85.9124597,20.4636954],[85.9130369,20.4633281]]}},{"type":"Feature","properties":{"id":460452400,"highway":"residential"},"geometry":{"type":"LineString","coordinates":[[85.9138959,20.4617195],[85.9136302,20.4613337],[85.9134682,20.4610983]]}},{"type":"Feature","properties":{"id":460452401,"highway":"residential"},"geometry":{"type":"LineString","coordinates":[[85.9127396,20.4615365],[85.9131984,20.4621858],[85.9134177,20.4624961],[85.9136443,20.4628166],[85.913825,20.463075],[85.9140555,20.4634046]]}},{"type":"Feature","properties":{"id":460452402,"highway":"residential"},"geometry":{"type":"LineString","coordinates":[[85.913825,20.463075],[85.9145751,20.4626276],[85.9148078,20.4629666]]}},{"type":"Feature","properties":{"id":460452403,"highway":"residential"},"geometry":{"type":"LineString","coordinates":[[85.9136443,20.4628166],[85.9149679,20.461991]]}},{"type":"Feature","properties":{"id":460452404,"highway":"residential"},"geometry":{"type":"LineString","coordinates":[[85.9134177,20.4624961],[85.9148334,20.4616262],[85.9146944,20.4614133]]}},{"type":"Feature","properties":{"id":460452405,"highway":"residential"},"geometry":{"type":"LineString","coordinates":[[85.9140886,20.4612899],[85.9143081,20.4616509],[85.9146944,20.4614133],[85.9149419,20.461261],[85.9151104,20.4611574]]}},{"type":"Feature","properties":{"id":460453418,"highway":"residential"},"geometry":{"type":"LineString","coordinates":[[85.9124311,20.4657652],[85.9131734,20.4653017],[85.9142424,20.4646341]]}},{"type":"Feature","properties":{"id":460453421,"highway":"residential"},"geometry":{"type":"LineString","coordinates":[[85.913413,20.4656456],[85.9131734,20.4653017]]}},{"type":"Feature","properties":{"id":460783198,"highway":"secondary"},"geometry":{"type":"LineString","coordinates":[[85.9081771,20.472301],[85.9080513,20.4723593]]}},{"type":"Feature","properties":{"id":460783200,"highway":"secondary"},"geometry":{"type":"LineString","coordinates":[[85.9080513,20.4723593],[85.9078215,20.4724793]]}},{"type":"Feature","properties":{"id":466632974,"highway":"residential"},"geometry":{"type":"LineString","coordinates":[[85.9392501,20.4943961],[85.9391202,20.4929883],[85.9390264,20.4920287],[85.9389407,20.4911526]]}},{"type":"Feature","properties":{"id":466632975,"highway":"residential"},"geometry":{"type":"LineString","coordinates":[[85.9388938,20.4909557],[85.938862,20.4909692],[85.9388365,20.4909913],[85.9388198,20.4910199],[85.9388137,20.4910536],[85.9388199,20.4910873],[85.9388377,20.4911172],[85.9388651,20.4911398],[85.9388989,20.4911526],[85.9389354,20.4911541],[85.9389407,20.4911526],[85.9389703,20.4911441],[85.9389997,20.4911239],[85.9390202,20.4910956],[85.9390294,20.4910642],[85.9390275,20.4910317],[85.9390146,20.4910014],[85.9389921,20.4909765],[85.9389623,20.4909596],[85.9389284,20.4909524],[85.9388938,20.4909557]]}},{"type":"Feature","properties":{"id":466632976,"highway":"residential"},"geometry":{"type":"LineString","coordinates":[[85.9389284,20.4909524],[85.9388365,20.4900863],[85.9387591,20.4893571],[85.9386258,20.4881009],[85.9386114,20.4879657],[85.9385333,20.4872293],[85.9384533,20.486512],[85.9384361,20.4864606]]}},{"type":"Feature","properties":{"id":466632977,"highway":"residential"},"geometry":{"type":"LineString","coordinates":[[85.9390275,20.4910317],[85.9423063,20.4907799]]}},{"type":"Feature","properties":{"id":466632978,"highway":"residential"},"geometry":{"type":"LineString","coordinates":[[85.9424338,20.4906858],[85.942399,20.4906839],[85.9423654,20.4906927],[85.9423367,20.4907114],[85.9423164,20.4907373],[85.9423061,20.4907679],[85.9423063,20.4907799],[85.9423068,20.4908],[85.9423184,20.4908301],[85.9423398,20.4908552],[85.9423687,20.4908725],[85.942402,20.4908802],[85.9424361,20.4908775],[85.9424681,20.4908643],[85.9424937,20.490842],[85.94251,20.4908131],[85.9425155,20.4907808],[85.9425093,20.4907486],[85.9424922,20.4907201],[85.9424661,20.4906984],[85.9424338,20.4906858]]}},{"type":"Feature","properties":{"id":466632979,"highway":"residential"},"geometry":{"type":"LineString","coordinates":[[85.9424937,20.490842],[85.9435978,20.4917369]]}},{"type":"Feature","properties":{"id":466632980,"highway":"residential"},"geometry":{"type":"LineString","coordinates":[[85.9387591,20.4893571],[85.9398001,20.4893162],[85.9424543,20.4891072],[85.9432938,20.4890504],[85.9444204,20.4889742],[85.9451519,20.4889248],[85.9452359,20.4889182],[85.9452873,20.4889051],[85.9453037,20.488881],[85.945327,20.4888416],[85.9452829,20.4881133],[85.9467629,20.4879577]]}},{"type":"Feature","properties":{"id":466632981,"highway":"residential"},"geometry":{"type":"LineString","coordinates":[[85.9444656,20.4895805],[85.9444204,20.4889742],[85.9443117,20.4875165],[85.94318,20.4876056],[85.9414617,20.4877386],[85.9396839,20.4878812],[85.9386114,20.4879657]]}},{"type":"Feature","properties":{"id":466632982,"highway":"residential"},"geometry":{"type":"LineString","coordinates":[[85.9424338,20.4906858],[85.9424543,20.4891072]]}},{"type":"Feature","properties":{"id":466632983,"highway":"residential"},"geometry":{"type":"LineString","coordinates":[[85.9398001,20.4893162],[85.9396839,20.4878812],[85.9396168,20.4870688],[85.9395494,20.4862543],[85.9395294,20.4859462],[85.9395328,20.4858758],[85.9395363,20.4858211],[85.9395682,20.4857349],[85.9395982,20.4856752],[85.9396496,20.4856089],[85.9398339,20.4854164],[85.9399814,20.4852807],[85.940086,20.4851928],[85.940204,20.4851249],[85.940322,20.4850822],[85.9404841,20.4850412],[85.9406289,20.4850211],[85.9412991,20.4849406],[85.9420902,20.4848747],[85.9429516,20.4847884],[85.94318,20.4876056]]}},{"type":"Feature","properties":{"id":466632984,"highway":"residential"},"geometry":{"type":"LineString","coordinates":[[85.9414617,20.4877386],[85.9414176,20.4869215],[85.9413432,20.4861179],[85.9412991,20.4849406]]}},{"type":"Feature","properties":{"id":466632985,"highway":"residential"},"geometry":{"type":"LineString","coordinates":[[85.9413432,20.4861179],[85.9395494,20.4862543]]}},{"type":"Feature","properties":{"id":466632986,"highway":"residential"},"geometry":{"type":"LineString","coordinates":[[85.9414176,20.4869215],[85.9396168,20.4870688]]}},{"type":"Feature","properties":{"id":466632987,"highway":"residential"},"geometry":{"type":"LineString","coordinates":[[85.942193,20.4859025],[85.9420902,20.4848747]]}},{"type":"Feature","properties":{"id":466632988,"highway":"residential"},"geometry":{"type":"LineString","coordinates":[[85.9432938,20.4890504],[85.94318,20.4876056]]}},{"type":"Feature","properties":{"id":466633110,"highway":"residential"},"geometry":{"type":"LineString","coordinates":[[85.9390264,20.4920287],[85.9364351,20.4922798],[85.9363373,20.491282],[85.9362399,20.4902883],[85.9361468,20.4893377],[85.9360477,20.4883268],[85.935963,20.487462],[85.9359043,20.4868627]]}},{"type":"Feature","properties":{"id":466633111,"highway":"residential"},"geometry":{"type":"LineString","coordinates":[[85.9385333,20.4872293],[85.935963,20.487462]]}},{"type":"Feature","properties":{"id":466633112,"highway":"residential"},"geometry":{"type":"LineString","coordinates":[[85.9386258,20.4881009],[85.9376041,20.4881891],[85.9360477,20.4883268],[85.93432,20.4884797],[85.9320773,20.4886781]]}},{"type":"Feature","properties":{"id":466633113,"highway":"residential"},"geometry":{"type":"LineString","coordinates":[[85.9388365,20.4900863],[85.9378077,20.4901662],[85.9362399,20.4902883],[85.9348769,20.4903944],[85.9345082,20.4904231],[85.9337515,20.490482],[85.9322583,20.4905983]]}},{"type":"Feature","properties":{"id":466633114,"highway":"residential"},"geometry":{"type":"LineString","coordinates":[[85.9378077,20.4901662],[85.9377094,20.4892111],[85.9376041,20.4881891]]}},{"type":"Feature","properties":{"id":466633115,"highway":"residential"},"geometry":{"type":"LineString","coordinates":[[85.9377094,20.4892111],[85.9361468,20.4893377],[85.9344377,20.489537],[85.9321698,20.4896599]]}},{"type":"Feature","properties":{"id":466633116,"highway":"residential"},"geometry":{"type":"LineString","coordinates":[[85.9322584,20.4915485],[85.9322583,20.4905983],[85.9321698,20.4896599],[85.9320773,20.4886781],[85.9320327,20.488205],[85.9320272,20.4881348]]}},{"type":"Feature","properties":{"id":466633849,"highway":"residential"},"geometry":{"type":"LineString","coordinates":[[85.9388137,20.4910536],[85.9363373,20.491282],[85.9346024,20.4913956],[85.9322584,20.4915485],[85.9297585,20.4916963],[85.9286392,20.4917625],[85.927434,20.4918542],[85.9269058,20.4919124],[85.9263875,20.4919572],[85.9254358,20.4920395],[85.9244983,20.4921206],[85.9235498,20.4922664],[85.9235761,20.4926853],[85.9235985,20.4930415],[85.9236445,20.4937734],[85.9237349,20.4952122],[85.9246682,20.4951631],[85.9256002,20.495114],[85.9256027,20.4954017]]}},{"type":"Feature","properties":{"id":466633850,"highway":"residential"},"geometry":{"type":"LineString","coordinates":[[85.9256002,20.495114],[85.9255014,20.4936595],[85.9254704,20.4928941],[85.9254358,20.4920395],[85.9252737,20.48944]]}},{"type":"Feature","properties":{"id":466633851,"highway":"residential"},"geometry":{"type":"LineString","coordinates":[[85.9205488,20.4949233],[85.9205244,20.494851],[85.9203008,20.494215],[85.9202433,20.4940836],[85.9196341,20.4926917],[85.9195711,20.4923403],[85.9190883,20.4913604]]}},{"type":"Feature","properties":{"id":466633852,"highway":"residential"},"geometry":{"type":"LineString","coordinates":[[85.9202433,20.4940836],[85.9206858,20.4939976],[85.9210734,20.4939407],[85.921844,20.493897],[85.9227196,20.4938369],[85.9236445,20.4937734],[85.9245664,20.4937101],[85.9255014,20.4936595],[85.9265074,20.4935769],[85.9270105,20.4935424],[85.9275828,20.4935031],[85.9278601,20.4934841]]}},{"type":"Feature","properties":{"id":466633853,"highway":"residential"},"geometry":{"type":"LineString","coordinates":[[85.9275828,20.4935031],[85.9275344,20.4928268],[85.927434,20.4918542],[85.927395,20.4908783],[85.9272582,20.4889645]]}},{"type":"Feature","properties":{"id":466633854,"highway":"residential"},"geometry":{"type":"LineString","coordinates":[[85.9265074,20.4935769],[85.9263875,20.4919572],[85.9262197,20.4890904]]}},{"type":"Feature","properties":{"id":466633855,"highway":"residential"},"geometry":{"type":"LineString","coordinates":[[85.9270105,20.4935424],[85.9269058,20.4919124]]}},{"type":"Feature","properties":{"id":466633856,"highway":"residential"},"geometry":{"type":"LineString","coordinates":[[85.9275344,20.4928268],[85.9286208,20.4927308]]}},{"type":"Feature","properties":{"id":466633857,"highway":"residential"},"geometry":{"type":"LineString","coordinates":[[85.928358,20.4934393],[85.9285788,20.4934307],[85.9291305,20.4933941]]}},{"type":"Feature","properties":{"id":466633858,"highway":"residential"},"geometry":{"type":"LineString","coordinates":[[85.9285788,20.4934307],[85.9286208,20.4927308]]}},{"type":"Feature","properties":{"id":466633859,"highway":"residential"},"geometry":{"type":"LineString","coordinates":[[85.9286208,20.4927308],[85.9287174,20.4924494],[85.9288515,20.492168]]}},{"type":"Feature","properties":{"id":466633860,"highway":"residential"},"geometry":{"type":"LineString","coordinates":[[85.9288515,20.492168],[85.9288676,20.4920524],[85.9288354,20.4919369],[85.9286392,20.4917625]]}},{"type":"Feature","properties":{"id":466633861,"highway":"residential"},"geometry":{"type":"LineString","coordinates":[[85.9284344,20.4951988],[85.928358,20.4934393]]}},{"type":"Feature","properties":{"id":466634116,"highway":"residential"},"geometry":{"type":"LineString","coordinates":[[85.9273126,20.4952736],[85.9273104,20.4950931],[85.927526,20.4950873],[85.9274737,20.4939531]]}},{"type":"Feature","properties":{"id":466634117,"highway":"residential"},"geometry":{"type":"LineString","coordinates":[[85.9322583,20.4905983],[85.9312217,20.4905581],[85.9310094,20.4884827],[85.9320327,20.488205]]}},{"type":"Feature","properties":{"id":466634118,"highway":"residential"},"geometry":{"type":"LineString","coordinates":[[85.9346024,20.4913956],[85.9345082,20.4904231],[85.9344377,20.489537],[85.93432,20.4884797],[85.9342117,20.4874292]]}},{"type":"Feature","properties":{"id":466634119,"highway":"residential"},"geometry":{"type":"LineString","coordinates":[[85.9244983,20.4921206],[85.9243222,20.4897935]]}},{"type":"Feature","properties":{"id":466634120,"highway":"residential"},"geometry":{"type":"LineString","coordinates":[[85.9235498,20.4922664],[85.9234604,20.4910022],[85.9234309,20.4905994],[85.9233884,20.4901312],[85.9243222,20.4897935],[85.9252737,20.48944],[85.9262197,20.4890904],[85.9272582,20.4889645],[85.9293272,20.4887846],[85.9310094,20.4884827]]}},{"type":"Feature","properties":{"id":466634266,"highway":"residential"},"geometry":{"type":"LineString","coordinates":[[85.9235761,20.4926853],[85.9228316,20.4928499],[85.9218603,20.4931346],[85.9203311,20.4935831],[85.9200415,20.4928]]}},{"type":"Feature","properties":{"id":466634267,"highway":"residential"},"geometry":{"type":"LineString","coordinates":[[85.9218603,20.4931346],[85.9217335,20.492731],[85.921648,20.4924588]]}},{"type":"Feature","properties":{"id":466634268,"highway":"residential"},"geometry":{"type":"LineString","coordinates":[[85.9228435,20.4924282],[85.9217335,20.492731]]}},{"type":"Feature","properties":{"id":466634269,"highway":"residential"},"geometry":{"type":"LineString","coordinates":[[85.9227687,20.4944864],[85.9227196,20.4938369],[85.9226668,20.4931397]]}},{"type":"Feature","properties":{"id":466634368,"highway":"residential"},"geometry":{"type":"LineString","coordinates":[[85.9228727,20.4955545],[85.9227943,20.4949545]]}},{"type":"Feature","properties":{"id":466634369,"highway":"residential"},"geometry":{"type":"LineString","coordinates":[[85.9235985,20.4930415],[85.9254704,20.4928941]]}},{"type":"Feature","properties":{"id":466634370,"highway":"residential"},"geometry":{"type":"LineString","coordinates":[[85.9246682,20.4951631],[85.9245664,20.4937101]]}},{"type":"Feature","properties":{"id":466634371,"highway":"residential"},"geometry":{"type":"LineString","coordinates":[[85.9263309,20.4953411],[85.9263364,20.4949932]]}},{"type":"Feature","properties":{"id":466634372,"highway":"residential"},"geometry":{"type":"LineString","coordinates":[[85.9296927,20.4951287],[85.9296476,20.4937345],[85.9303061,20.4937126],[85.9303061,20.4933451],[85.9303434,20.4932095],[85.9304415,20.4930564],[85.9305264,20.4929016]]}},{"type":"Feature","properties":{"id":479847161,"highway":"residential"},"geometry":{"type":"LineString","coordinates":[[85.9147643,20.4653443],[85.9150792,20.4657706]]}},{"type":"Feature","properties":{"id":479847162,"highway":"residential"},"geometry":{"type":"LineString","coordinates":[[85.9079701,20.4644742],[85.9078184,20.4642478],[85.9075952,20.4639149],[85.9073231,20.4635092]]}},{"type":"Feature","properties":{"id":479847163,"highway":"residential"},"geometry":{"type":"LineString","coordinates":[[85.9078184,20.4642478],[85.90757,20.464403],[85.9069209,20.4647924]]}},{"type":"Feature","properties":{"id":479847164,"highway":"residential"},"geometry":{"type":"LineString","coordinates":[[85.90757,20.464403],[85.9074129,20.4641821],[85.907047,20.463668],[85.9073231,20.4635092],[85.9073545,20.4634903],[85.9083639,20.4628804],[85.908434,20.4629329],[85.9084613,20.4629751],[85.9086215,20.4632232],[85.9086488,20.4632655],[85.9088803,20.4636001],[85.9090433,20.4638357]]}},{"type":"Feature","properties":{"id":479847165,"highway":"residential"},"geometry":{"type":"LineString","coordinates":[[85.907047,20.463668],[85.9068139,20.463812],[85.9064233,20.4640534],[85.906169,20.4642105],[85.9063139,20.464424],[85.9066807,20.4649644]]}},{"type":"Feature","properties":{"id":479847166,"highway":"residential"},"geometry":{"type":"LineString","coordinates":[[85.9066807,20.4649644],[85.9068312,20.4651613]]}},{"type":"Feature","properties":{"id":479847167,"highway":"residential"},"geometry":{"type":"LineString","coordinates":[[85.9070771,20.4650127],[85.9069209,20.4647924],[85.906759,20.4645551],[85.906746,20.4645365],[85.906571,20.4642847],[85.9063139,20.464424]]}},{"type":"Feature","properties":{"id":479847168,"highway":"residential"},"geometry":{"type":"LineString","coordinates":[[85.906759,20.4645551],[85.9071233,20.464339],[85.9071479,20.4643245],[85.9069469,20.4640162],[85.9068139,20.463812]]}},{"type":"Feature","properties":{"id":479847169,"highway":"residential"},"geometry":{"type":"LineString","coordinates":[[85.9071479,20.4643245],[85.9074129,20.4641821]]}},{"type":"Feature","properties":{"id":479847170,"highway":"residential"},"geometry":{"type":"LineString","coordinates":[[85.906571,20.4642847],[85.906578,20.4642548],[85.906755,20.4641355],[85.9069469,20.4640162]]}},{"type":"Feature","properties":{"id":479847172,"highway":"unclassified"},"geometry":{"type":"LineString","coordinates":[[85.9073231,20.4635092],[85.9073097,20.4634667],[85.9072975,20.4634286],[85.9072772,20.4633715],[85.9072528,20.4633334]]}},{"type":"Feature","properties":{"id":479847174,"highway":"residential"},"geometry":{"type":"LineString","coordinates":[[85.9075952,20.4639149],[85.9086488,20.4632655]]}},{"type":"Feature","properties":{"id":489207208,"highway":"primary"},"geometry":{"type":"LineString","coordinates":[[85.9063267,20.4689983],[85.9062234,20.4690715]]}},{"type":"Feature","properties":{"id":489207209,"highway":"tertiary"},"geometry":{"type":"LineString","coordinates":[[85.9035718,20.4724165],[85.903521,20.4724314],[85.9034661,20.4724348],[85.9034232,20.4723871],[85.9033642,20.4723117],[85.9031765,20.4719574],[85.9027902,20.4711056],[85.9025957,20.4706233],[85.9023783,20.4702571],[85.9023379,20.4702303],[85.90224,20.4702553],[85.9021889,20.4702783],[85.9016069,20.4705372],[85.9014951,20.4705839],[85.9011078,20.4707457],[85.9004648,20.4710143],[85.9003557,20.4712528],[85.9003356,20.4713935],[85.900232,20.4721183],[85.9000901,20.4722769],[85.9000429,20.4723296],[85.8994119,20.4725013],[85.8969643,20.4731671]]}},{"type":"Feature","properties":{"id":489207210,"highway":"primary"},"geometry":{"type":"LineString","coordinates":[[85.9077667,20.4724644],[85.9076362,20.472637],[85.9073367,20.4730332],[85.9069549,20.4736135],[85.9068145,20.4737529],[85.9063505,20.474197],[85.9058255,20.4746468],[85.905742,20.4747474],[85.9056986,20.4748531],[85.9057011,20.4748745],[85.9057139,20.4749816],[85.9059455,20.4755263],[85.9060157,20.4756802],[85.9060172,20.4757174],[85.9060081,20.4757545],[85.9059575,20.4758213],[85.9058632,20.4758995],[85.9057335,20.4759881],[85.9053802,20.4762006],[85.9052691,20.4762385],[85.9051436,20.4762489],[85.9049908,20.4762275],[85.9043897,20.4760511],[85.9042604,20.4760157],[85.9042082,20.4760136],[85.9035989,20.4764589],[85.9035119,20.4765225],[85.9029965,20.4768489],[85.9021206,20.4773737],[85.9020965,20.4773881],[85.9019938,20.4774725],[85.9018925,20.4775984],[85.9016253,20.4779288],[85.9015262,20.4780513],[85.9013836,20.4781881],[85.9011488,20.4783765],[85.9007081,20.4787582],[85.9006134,20.4788648]]}},{"type":"Feature","properties":{"id":489207211,"highway":"primary"},"geometry":{"type":"LineString","coordinates":[[85.9007816,20.4790019],[85.9008457,20.4789013],[85.9009392,20.4787489],[85.9010693,20.4785566],[85.9011953,20.4784062],[85.9013356,20.4782824],[85.9014718,20.47817],[85.9015917,20.4780501],[85.9019598,20.4776159],[85.9020578,20.4774956],[85.9021489,20.4774256],[85.9024128,20.4772571],[85.9027505,20.4770582],[85.9030681,20.4768711],[85.9032557,20.4767606],[85.9042401,20.4761069],[85.9042803,20.476093],[85.9043297,20.4760993],[85.9045593,20.4761685],[85.9049938,20.4762916],[85.9051359,20.4763079],[85.9052365,20.4763016],[85.9053465,20.4762778],[85.9054524,20.4762325],[85.9058762,20.4759725],[85.9059849,20.4758833],[85.9060586,20.4758016],[85.9060988,20.4757265],[85.9061012,20.4756543],[85.9060708,20.4755449],[85.9058093,20.4749849],[85.9057813,20.4748865],[85.9057851,20.4748583],[85.9057929,20.4748011],[85.9058303,20.4747399],[85.9059984,20.4745911],[85.9067526,20.4739218],[85.9069464,20.4737249],[85.9070095,20.4736505],[85.9071986,20.4733661],[85.9074952,20.4729219],[85.9075652,20.4728171],[85.9078215,20.4724793]]}},{"type":"Feature","properties":{"id":489207998,"highway":"primary"},"geometry":{"type":"LineString","coordinates":[[85.9078215,20.4724793],[85.9078386,20.4724435],[85.9078477,20.4724015],[85.9078464,20.4723656],[85.9078384,20.4723271],[85.9077403,20.4720799],[85.9075068,20.4715855],[85.9071566,20.4708789],[85.9067526,20.4700674],[85.9063393,20.469258],[85.9062234,20.4690715]]}},{"type":"Feature","properties":{"id":489207999,"highway":"secondary"},"geometry":{"type":"LineString","coordinates":[[85.9078215,20.4724793],[85.9077667,20.4724644]]}},{"type":"Feature","properties":{"id":489208000,"highway":"secondary"},"geometry":{"type":"LineString","coordinates":[[85.9086171,20.4721164],[85.9081771,20.472301]]}},{"type":"Feature","properties":{"id":489208002,"highway":"tertiary"},"geometry":{"type":"LineString","coordinates":[[85.9042401,20.4761069],[85.9042604,20.4760157],[85.9044529,20.4758627],[85.9046599,20.4757136],[85.9048056,20.4756087],[85.9050537,20.4754067]]}},{"type":"Feature","properties":{"id":489208003,"highway":"tertiary"},"geometry":{"type":"LineString","coordinates":[[85.9050537,20.4754067],[85.9056298,20.4749428]]}},{"type":"Feature","properties":{"id":489208004,"highway":"tertiary"},"geometry":{"type":"LineString","coordinates":[[85.9056298,20.4749428],[85.9057011,20.4748745],[85.9057851,20.4748583]]}},{"type":"Feature","properties":{"id":489208006,"highway":"primary"},"geometry":{"type":"LineString","coordinates":[[85.9007569,20.4791754],[85.9085476,20.4950454]]}},{"type":"Feature","properties":{"id":489263835,"highway":"secondary"},"geometry":{"type":"LineString","coordinates":[[85.9113462,20.4450512],[85.911482,20.4451719],[85.9117426,20.4454085],[85.9123097,20.4459687],[85.9128954,20.4466208],[85.9130584,20.4468217],[85.9132466,20.4470448],[85.9134213,20.4472599],[85.9138213,20.4477556],[85.9140618,20.4480827],[85.9143034,20.4484598],[85.9144242,20.4486504]]}},{"type":"Feature","properties":{"id":489276875,"highway":"secondary"},"geometry":{"type":"LineString","coordinates":[[85.9146631,20.4490714],[85.9147241,20.4491706]]}},{"type":"Feature","properties":{"id":489276877,"highway":"secondary"},"geometry":{"type":"LineString","coordinates":[[85.9147241,20.4491706],[85.9148607,20.4494625],[85.915102,20.4500713],[85.9153229,20.4506629],[85.9155954,20.4513593],[85.9159316,20.4522182],[85.9162749,20.4530671],[85.9166253,20.4539359],[85.9170302,20.454999]]}},{"type":"Feature","properties":{"id":489276880,"highway":"secondary"},"geometry":{"type":"LineString","coordinates":[[85.9170302,20.454999],[85.9171076,20.4551616]]}},{"type":"Feature","properties":{"id":489505525,"highway":"tertiary"},"geometry":{"type":"LineString","coordinates":[[85.9405815,20.4455757],[85.940536,20.4454734],[85.9404872,20.4453538],[85.9404675,20.4453054],[85.9404266,20.4450634],[85.9404082,20.4449559],[85.9401618,20.4435202],[85.9400161,20.4426714],[85.939963,20.4423617],[85.9398953,20.4421715],[85.9388608,20.4416823],[85.9382356,20.4415211],[85.9378069,20.4414105],[85.9367877,20.4411837],[85.934916,20.4407672],[85.9346839,20.4406676],[85.9312226,20.4402327],[85.9294822,20.4400153],[85.9290015,20.4398713],[85.9283026,20.4396619],[85.9273333,20.4392941],[85.9271327,20.439218],[85.9259427,20.4385274],[85.9254873,20.4381591],[85.9252932,20.4380021],[85.9246564,20.437448],[85.9245958,20.437387],[85.9238096,20.4366695],[85.9232217,20.4359712],[85.922955,20.4357854],[85.9225927,20.4356317],[85.9221893,20.4355292],[85.9214099,20.4354907],[85.920193,20.4355292],[85.9196483,20.4355692],[85.917889,20.4357278],[85.9168248,20.4358486],[85.9163644,20.4359008],[85.9154247,20.4360958],[85.9129787,20.4365989],[85.9117633,20.4368489],[85.9117315,20.4368561],[85.9112317,20.4369693],[85.9103189,20.4371761],[85.9101306,20.4372186],[85.9079146,20.4377193],[85.9074815,20.4378171],[85.9072655,20.4378659]]}},{"type":"Feature","properties":{"id":489531358,"highway":"residential"},"geometry":{"type":"LineString","coordinates":[[85.900232,20.4721183],[85.9009069,20.4720468],[85.9010165,20.4720352],[85.9011694,20.4720283],[85.9013491,20.4720201],[85.9014778,20.4720252],[85.9015115,20.4720336],[85.9015583,20.4720453],[85.901628,20.4721608],[85.9019553,20.472774],[85.902041,20.4729513],[85.9023415,20.473573],[85.9023723,20.4735856],[85.9024484,20.4736166],[85.9030442,20.4738595],[85.9034144,20.4740856],[85.9038278,20.4745265],[85.9039186,20.4746234],[85.9043263,20.4752491],[85.9046599,20.4757136]]}},{"type":"Feature","properties":{"id":489531359,"highway":"residential"},"geometry":{"type":"LineString","coordinates":[[85.9043263,20.4752491],[85.9033036,20.4759069],[85.9022467,20.4764034]]}},{"type":"Feature","properties":{"id":489531360,"highway":"residential"},"geometry":{"type":"LineString","coordinates":[[85.9014848,20.4765893],[85.9013765,20.4763379],[85.901129,20.4760055],[85.9010627,20.4758844],[85.9007648,20.4753405],[85.9003211,20.4746623],[85.9001204,20.47427],[85.900074,20.4741793],[85.8997841,20.4736123],[85.899616,20.4732798],[85.8995662,20.4730897],[85.8994119,20.4725013]]}},{"type":"Feature","properties":{"id":489531361,"highway":"residential"},"geometry":{"type":"LineString","coordinates":[[85.9008815,20.4738573],[85.901017,20.474063],[85.901073,20.4741198],[85.901143,20.474133],[85.9012131,20.4741111],[85.9020299,20.4737408],[85.9023723,20.4735856]]}},{"type":"Feature","properties":{"id":489531362,"highway":"residential"},"geometry":{"type":"LineString","coordinates":[[85.9019553,20.472774],[85.9016241,20.4729211],[85.9018576,20.4734461],[85.9008815,20.4738573]]}},{"type":"Feature","properties":{"id":489531363,"highway":"residential"},"geometry":{"type":"LineString","coordinates":[[85.9016241,20.4729211],[85.9014793,20.4726455]]}},{"type":"Feature","properties":{"id":489531364,"highway":"residential"},"geometry":{"type":"LineString","coordinates":[[85.902041,20.4729513],[85.9023553,20.4728072],[85.9031091,20.4724617],[85.9031792,20.4724311]]}},{"type":"Feature","properties":{"id":489531365,"highway":"residential"},"geometry":{"type":"LineString","coordinates":[[85.9031792,20.4724311],[85.9031932,20.4723873],[85.9025627,20.4709173],[85.90224,20.4702553]]}},{"type":"Feature","properties":{"id":489531366,"highway":"residential"},"geometry":{"type":"LineString","coordinates":[[85.9010627,20.4758844],[85.901567,20.4756766],[85.9017491,20.4755847],[85.9017818,20.475541],[85.9018192,20.4754972],[85.9019079,20.475436],[85.9028279,20.4750904],[85.9031179,20.4749455]]}},{"type":"Feature","properties":{"id":489531367,"highway":"residential"},"geometry":{"type":"LineString","coordinates":[[85.9029965,20.4768489],[85.9030681,20.4768711]]}},{"type":"Feature","properties":{"id":489531379,"highway":"residential"},"geometry":{"type":"LineString","coordinates":[[85.8994858,20.4676165],[85.9002493,20.4673728]]}},{"type":"Feature","properties":{"id":489531380,"highway":"residential"},"geometry":{"type":"LineString","coordinates":[[85.8995232,20.4668771],[85.900083,20.4667219]]}},{"type":"Feature","properties":{"id":489531381,"highway":"residential"},"geometry":{"type":"LineString","coordinates":[[85.9006475,20.4694691],[85.9004884,20.4690803]]}},{"type":"Feature","properties":{"id":490823833,"highway":"unclassified"},"geometry":{"type":"LineString","coordinates":[[85.9010691,20.4473868],[85.9011061,20.4473435],[85.9011338,20.447101],[85.901135,20.4470527]]}},{"type":"Feature","properties":{"id":490823834,"highway":"residential"},"geometry":{"type":"LineString","coordinates":[[85.9010691,20.4473868],[85.9016233,20.4477437],[85.9018063,20.447825],[85.9023293,20.4480575],[85.9024675,20.448119],[85.9022763,20.4485317],[85.9022642,20.4485578],[85.9020239,20.4490023],[85.9019231,20.4491849],[85.9016578,20.4496611],[85.9014693,20.450007]]}},{"type":"Feature","properties":{"id":490823835,"highway":"residential"},"geometry":{"type":"LineString","coordinates":[[85.9020239,20.4490023],[85.9020655,20.4491798],[85.9020818,20.4494124],[85.9021273,20.4502773],[85.902279,20.4505055],[85.9028968,20.4501249],[85.9032928,20.4498536],[85.9033169,20.4498478],[85.9033371,20.4498572],[85.9035456,20.4501452],[85.9038272,20.45054]]}},{"type":"Feature","properties":{"id":490823836,"highway":"residential"},"geometry":{"type":"LineString","coordinates":[[85.9070327,20.4493496],[85.9072411,20.4497278],[85.9073656,20.4499361],[85.907431,20.4500513],[85.9077158,20.4505531],[85.9078419,20.4508025],[85.9078886,20.4509994],[85.9078976,20.4512368]]}},{"type":"Feature","properties":{"id":490823837,"highway":"residential"},"geometry":{"type":"LineString","coordinates":[[85.9254452,20.4500541],[85.925376,20.4506834],[85.925362,20.4508628],[85.9253293,20.4509372],[85.9250093,20.4512476],[85.9249324,20.4513222],[85.9246942,20.4517335],[85.9246335,20.4518823],[85.9246335,20.4519655],[85.9246522,20.4521405],[85.9249604,20.4529412],[85.9243113,20.4532475],[85.9242459,20.453265],[85.9241478,20.45323],[85.9237182,20.4532081],[85.9229056,20.4530637],[85.9228791,20.4532318],[85.9227842,20.4538338],[85.9227188,20.4541489],[85.9226711,20.4545487],[85.9226347,20.4548533],[85.9225974,20.4550196],[85.9225507,20.4551334],[85.9222004,20.4556891],[85.9219856,20.4559778],[85.9222471,20.4562623],[85.9222191,20.4563366],[85.922149,20.4563979],[85.9213972,20.4568792],[85.9213551,20.4569448],[85.9211583,20.457353],[85.9211357,20.4573999],[85.9209255,20.4576493],[85.9207947,20.4578506],[85.9204497,20.4580907],[85.9201948,20.4582987],[85.9190393,20.4592414],[85.9188105,20.4592108],[85.9184264,20.459123],[85.9183402,20.4591033]]}},{"type":"Feature","properties":{"id":522176331,"highway":"trunk"},"geometry":{"type":"LineString","coordinates":[[85.9202443,20.4949178],[85.9199993,20.4944808],[85.9199049,20.4943174],[85.9194786,20.4935789],[85.9189833,20.4926672],[85.9188369,20.4923653]]}},{"type":"Feature","properties":{"id":544721579,"highway":"residential"},"geometry":{"type":"LineString","coordinates":[[85.9085797,20.4641115],[85.9087552,20.464361]]}},{"type":"Feature","properties":{"id":544721580,"highway":"residential"},"geometry":{"type":"LineString","coordinates":[[85.9087552,20.464361],[85.9089513,20.4646051],[85.909254,20.4644199],[85.9095131,20.4642614],[85.9097586,20.4641112],[85.9101473,20.4638734]]}},{"type":"Feature","properties":{"id":544721581,"highway":"residential"},"geometry":{"type":"LineString","coordinates":[[85.909254,20.4644199],[85.9095262,20.4648156],[85.9096726,20.4650284]]}},{"type":"Feature","properties":{"id":544721582,"highway":"residential"},"geometry":{"type":"LineString","coordinates":[[85.9095131,20.4642614],[85.909772,20.4646554],[85.9095262,20.4648156],[85.9100196,20.4644968],[85.9103986,20.4642517]]}},{"type":"Feature","properties":{"id":544721583,"highway":"residential"},"geometry":{"type":"LineString","coordinates":[[85.9100196,20.4644968],[85.9097586,20.4641112]]}},{"type":"Feature","properties":{"id":544721585,"highway":"residential"},"geometry":{"type":"LineString","coordinates":[[85.9131876,20.463101],[85.9136443,20.4628166]]}},{"type":"Feature","properties":{"id":544721586,"highway":"residential"},"geometry":{"type":"LineString","coordinates":[[85.9114226,20.4623575],[85.9111212,20.4618886],[85.9108851,20.4615469],[85.9108299,20.4611979],[85.9107993,20.4610041],[85.9106437,20.4607004],[85.9106062,20.4606271],[85.9106276,20.4603658],[85.9105257,20.4601647],[85.9103058,20.4597777]]}},{"type":"Feature","properties":{"id":544721587,"highway":"residential"},"geometry":{"type":"LineString","coordinates":[[85.9103058,20.4597777],[85.9101236,20.4595145],[85.9101076,20.4594915]]}},{"type":"Feature","properties":{"id":544721588,"highway":"residential"},"geometry":{"type":"LineString","coordinates":[[85.910003,20.4595127],[85.9098122,20.4593203],[85.909783,20.4592731],[85.9096942,20.4591294],[85.9096707,20.4590216],[85.9096459,20.4589082],[85.9095548,20.4585865],[85.9094433,20.4582783]]}},{"type":"Feature","properties":{"id":544721589,"highway":"residential"},"geometry":{"type":"LineString","coordinates":[[85.9094433,20.4582783],[85.9093271,20.458009],[85.9091953,20.457712],[85.9090666,20.4573702],[85.9089808,20.4570988],[85.9089057,20.4567721]]}},{"type":"Feature","properties":{"id":544721590,"highway":"residential"},"geometry":{"type":"LineString","coordinates":[[85.9089057,20.4567721],[85.9087286,20.4561114],[85.9087429,20.4560207],[85.908735,20.4559438],[85.9086857,20.455765],[85.9086208,20.4555168],[85.9086066,20.455373],[85.9085476,20.4550162],[85.9085199,20.454828],[85.9084856,20.4545946],[85.9084618,20.4543527],[85.9083384,20.4539506],[85.9083384,20.45382]]}},{"type":"Feature","properties":{"id":544721592,"highway":"residential"},"geometry":{"type":"LineString","coordinates":[[85.9078462,20.4610838],[85.9077284,20.4614643],[85.9076428,20.4617407],[85.9075887,20.4619156],[85.9075205,20.4621578],[85.9073419,20.4626469],[85.9072661,20.4626688],[85.9062878,20.462951],[85.9054832,20.4631973],[85.9057031,20.4638004],[85.9058158,20.4640366],[85.9057299,20.464122],[85.9054255,20.4642327],[85.9042862,20.464647]]}},{"type":"Feature","properties":{"id":544721593,"highway":"residential"},"geometry":{"type":"LineString","coordinates":[[85.9054832,20.4631973],[85.9054248,20.4631724],[85.9053651,20.463147],[85.905282,20.4631621],[85.905164,20.4631847],[85.9051077,20.4631973],[85.9050781,20.4632475],[85.9050781,20.4632953],[85.9050433,20.4633179],[85.904995,20.463338],[85.9046892,20.4634335],[85.9044881,20.4635164],[85.9043674,20.4635717],[85.9042064,20.4636446],[85.9038161,20.4637822]]}},{"type":"Feature","properties":{"id":544721594,"highway":"residential"},"geometry":{"type":"LineString","coordinates":[[85.9078462,20.4610838],[85.9080903,20.461011],[85.9084443,20.4608527],[85.9088681,20.4605436],[85.9091041,20.460345],[85.9094904,20.4599982],[85.9099586,20.4595999],[85.9100319,20.4595418]]}},{"type":"Feature","properties":{"id":544721595,"highway":"residential"},"geometry":{"type":"LineString","coordinates":[[85.9093112,20.465837],[85.909557,20.4662307]]}},{"type":"Feature","properties":{"id":544721596,"highway":"residential"},"geometry":{"type":"LineString","coordinates":[[85.9088196,20.4654615],[85.9084121,20.4656876]]}},{"type":"Feature","properties":{"id":544721597,"highway":"residential"},"geometry":{"type":"LineString","coordinates":[[85.9087489,20.4661785],[85.9084121,20.4656876],[85.9077076,20.4646315]]}},{"type":"Feature","properties":{"id":546015704,"highway":"residential"},"geometry":{"type":"LineString","coordinates":[[85.9164422,20.461889],[85.9157075,20.4607979],[85.9155553,20.4605718],[85.915096,20.4608946],[85.9148089,20.4610171]]}},{"type":"Feature","properties":{"id":546015705,"highway":"residential"},"geometry":{"type":"LineString","coordinates":[[85.9148089,20.4610171],[85.9145378,20.4610799],[85.9146944,20.4614133]]}},{"type":"Feature","properties":{"id":546015706,"highway":"residential"},"geometry":{"type":"LineString","coordinates":[[85.9157075,20.4607979],[85.9152299,20.4610679]]}},{"type":"Feature","properties":{"id":546015707,"highway":"residential"},"geometry":{"type":"LineString","coordinates":[[85.9157583,20.462369],[85.9151623,20.4614976]]}},{"type":"Feature","properties":{"id":546015709,"highway":"residential"},"geometry":{"type":"LineString","coordinates":[[85.9139396,20.4634721],[85.9144422,20.4641825],[85.9140992,20.4644259]]}},{"type":"Feature","properties":{"id":546015711,"highway":"residential"},"geometry":{"type":"LineString","coordinates":[[85.9147381,20.4630072],[85.9155519,20.464005]]}},{"type":"Feature","properties":{"id":546015719,"highway":"residential"},"geometry":{"type":"LineString","coordinates":[[85.9103874,20.4629957],[85.9101932,20.4626695],[85.910095,20.4625046],[85.910065,20.4624543]]}},{"type":"Feature","properties":{"id":546015721,"highway":"residential"},"geometry":{"type":"LineString","coordinates":[[85.912627,20.4642596],[85.9130472,20.4649237]]}},{"type":"Feature","properties":{"id":546015723,"highway":"residential"},"geometry":{"type":"LineString","coordinates":[[85.9130544,20.4639998],[85.9134916,20.4646373]]}},{"type":"Feature","properties":{"id":546015725,"highway":"residential"},"geometry":{"type":"LineString","coordinates":[[85.9091887,20.4664628],[85.9098506,20.4673846],[85.9099324,20.4674985],[85.9105554,20.4683663]]}},{"type":"Feature","properties":{"id":546015727,"highway":"residential"},"geometry":{"type":"LineString","coordinates":[[85.9098506,20.4673846],[85.9102257,20.4671404]]}},{"type":"Feature","properties":{"id":546019492,"highway":"residential"},"geometry":{"type":"LineString","coordinates":[[85.9090727,20.4665359],[85.908957,20.4663851],[85.9087885,20.466453],[85.9086512,20.4662381]]}},{"type":"Feature","properties":{"id":546019494,"highway":"residential"},"geometry":{"type":"LineString","coordinates":[[85.9087885,20.466453],[85.908169,20.4668203],[85.9077388,20.4671342],[85.907519,20.4669712]]}},{"type":"Feature","properties":{"id":546019496,"highway":"residential"},"geometry":{"type":"LineString","coordinates":[[85.9099324,20.4674985],[85.9097177,20.467613],[85.9091848,20.467897]]}},{"type":"Feature","properties":{"id":546019497,"highway":"residential"},"geometry":{"type":"LineString","coordinates":[[85.9097177,20.467613],[85.9098005,20.4677406],[85.9097239,20.467796],[85.9099187,20.4680925]]}},{"type":"Feature","properties":{"id":561426041,"highway":"residential"},"geometry":{"type":"LineString","coordinates":[[85.9169167,20.4512282],[85.9168947,20.4511058],[85.9169,20.4509776],[85.9169564,20.4508645],[85.9170181,20.4507665],[85.9171388,20.4506107],[85.9172326,20.4504926],[85.9172836,20.4504222],[85.9174016,20.4502915],[85.9174901,20.4501709],[85.9175733,20.4500352],[85.9176376,20.4499547],[85.9177503,20.4498215],[85.9178281,20.4496909],[85.9179407,20.4495275],[85.9180695,20.4493767],[85.9181473,20.4492284],[85.918225,20.4490927],[85.9183592,20.4489093],[85.918496,20.4488012],[85.9185979,20.4486831],[85.9186837,20.4486177],[85.9187333,20.4485793],[85.9188446,20.4484896],[85.9189439,20.4483915],[85.9190887,20.4482935],[85.919196,20.4481654],[85.9193033,20.4480322],[85.9194294,20.447914],[85.9195527,20.4478437],[85.9196976,20.4478009],[85.9198049,20.447713],[85.9199846,20.4476024],[85.9201723,20.4474516],[85.9201992,20.4474064]]}},{"type":"Feature","properties":{"id":561426352,"highway":"residential"},"geometry":{"type":"LineString","coordinates":[[85.9259899,20.4490741],[85.9258745,20.4485381],[85.9257955,20.4483028],[85.9255657,20.4477365],[85.9256253,20.4476049],[85.9257191,20.4474742],[85.9257331,20.4472738],[85.925661,20.4470771],[85.9254948,20.4466738],[85.9254075,20.446265],[85.9254134,20.4460467],[85.9253705,20.4458959],[85.9253436,20.4457451],[85.9253034,20.4455692],[85.9252658,20.4454008],[85.9252565,20.4453418],[85.9252446,20.4452712],[85.9252377,20.4452299],[85.9252511,20.4451658],[85.9253758,20.4451193],[85.9254684,20.4451068],[85.9256145,20.4450628],[85.9257969,20.4450339],[85.9259069,20.4450263],[85.9261429,20.4450037],[85.926387,20.4449484],[85.9266579,20.4449057],[85.9267276,20.4448881],[85.9266901,20.4446996],[85.9266579,20.4445513],[85.9266177,20.4444156],[85.9265935,20.4442975],[85.9265426,20.4441568],[85.9265184,20.4439708],[85.9264889,20.44383],[85.9264728,20.4436993],[85.9264578,20.4436142],[85.9264536,20.4435957],[85.9264467,20.4435649],[85.9264417,20.4435243],[85.9264412,20.4434994],[85.9264407,20.4434722],[85.9264246,20.4433889],[85.9264192,20.4432683],[85.9263803,20.4431527],[85.9263535,20.4430672],[85.9263213,20.442968],[85.9262958,20.4428737],[85.9262542,20.4427807],[85.9261993,20.4426877],[85.9261577,20.4425985],[85.9260946,20.4424829],[85.926037,20.4424176],[85.9259967,20.4423346],[85.9259404,20.4422555],[85.9258734,20.4421549],[85.9258291,20.4420531],[85.9257554,20.4419627],[85.9257017,20.441881],[85.9256414,20.4418106],[85.9255797,20.4417226],[85.9255086,20.4416497],[85.9254429,20.4415693],[85.9253155,20.4415065],[85.9251827,20.4414374],[85.9250392,20.4413871],[85.924893,20.4412853],[85.9247924,20.4411961],[85.9247039,20.4411157],[85.924594,20.4410227],[85.9244974,20.4409636],[85.924366,20.4408543],[85.9242909,20.440755],[85.9242453,20.4406658],[85.9241769,20.4405552],[85.924142,20.4404697],[85.924079,20.4403705],[85.9240012,20.440236],[85.9239274,20.4401757],[85.9238389,20.440099],[85.9237558,20.4400073],[85.92369,20.4399294],[85.923623,20.4398628],[85.923517,20.439771],[85.9234285,20.4396655],[85.9233655,20.4395637],[85.9232904,20.4394808],[85.9232032,20.4393915],[85.9231094,20.439296],[85.9230477,20.439203],[85.9229806,20.4390937],[85.9228988,20.4389969],[85.9228371,20.4389039],[85.9227334,20.4387683],[85.9226209,20.4385651]]}},{"type":"Feature","properties":{"id":561432270,"highway":"residential"},"geometry":{"type":"LineString","coordinates":[[85.9167007,20.4538456],[85.9169242,20.4537521],[85.9171361,20.4536767],[85.9173346,20.4535963],[85.9175304,20.4535385],[85.9177664,20.4534757],[85.9178434,20.4534388],[85.9178851,20.4537531],[85.917936,20.4540441],[85.9179781,20.454265],[85.9180641,20.4544658],[85.9180641,20.4546492]]}},{"type":"Feature","properties":{"id":561432421,"highway":"residential"},"geometry":{"type":"LineString","coordinates":[[85.9176228,20.4568405],[85.9178415,20.4568055],[85.9180883,20.4566999],[85.9183082,20.4566145],[85.9185469,20.4565064],[85.9186783,20.456416]]}},{"type":"Feature","properties":{"id":561432422,"highway":"residential"},"geometry":{"type":"LineString","coordinates":[[85.917481,20.4563793],[85.9177557,20.4563029],[85.9179622,20.4561998],[85.9181768,20.4561119],[85.9183779,20.4560264],[85.9184504,20.4559913],[85.9185308,20.4561169],[85.9186329,20.4560635],[85.9187373,20.4560089],[85.9189305,20.4558681],[85.9190914,20.4557073],[85.919306,20.4555414],[85.9194159,20.4553831],[85.9196117,20.4552122],[85.9198236,20.4550866]]}},{"type":"Feature","properties":{"id":561432427,"highway":"residential"},"geometry":{"type":"LineString","coordinates":[[85.9184504,20.4559913],[85.9183189,20.4557877],[85.9181741,20.4556394],[85.9179354,20.4556721]]}},{"type":"Feature","properties":{"id":561432491,"highway":"residential"},"geometry":{"type":"LineString","coordinates":[[85.9151048,20.4497492],[85.9153229,20.4496004],[85.9155187,20.4494496],[85.9157494,20.4492812],[85.9159344,20.4490852],[85.91609,20.4489344],[85.9162617,20.4487736],[85.9164038,20.4485976],[85.9165299,20.4483815],[85.9165324,20.4481395],[85.9165227,20.4479939],[85.9165116,20.4478704],[85.9165535,20.4477054],[85.9166626,20.4474709],[85.9168035,20.4472631],[85.9169206,20.4470857]]}},{"type":"Feature","properties":{"id":561439873,"highway":"residential"},"geometry":{"type":"LineString","coordinates":[[85.9077505,20.4973158],[85.9081614,20.4970795],[85.9086281,20.4969137],[85.9090197,20.4967177],[85.9093684,20.4965971],[85.9095347,20.4964966],[85.9098941,20.4965871],[85.9102857,20.4967378],[85.9105003,20.4968531],[85.9106505,20.4969338],[85.9109616,20.4972051],[85.9114015,20.4974614],[85.9119272,20.4977227],[85.9121686,20.4978533],[85.9122598,20.4980443],[85.9121364,20.4981498],[85.9118682,20.4981498],[85.9116536,20.4983658],[85.911836,20.4987025],[85.9118628,20.4988834],[85.9119594,20.4990894],[85.9120506,20.4992653],[85.9121659,20.4994864],[85.9122679,20.4997075],[85.9123,20.4998984],[85.9123966,20.5001145],[85.9124556,20.5001823],[85.9125522,20.500333],[85.9126595,20.5004813],[85.9127641,20.5006219]]}},{"type":"Feature","properties":{"id":561444439,"highway":"residential"},"geometry":{"type":"LineString","coordinates":[[85.907431,20.4500513],[85.9076974,20.4499698],[85.9079307,20.4499522],[85.908266,20.4498995],[85.908671,20.4497763],[85.9087944,20.4497512],[85.9088942,20.4497146],[85.9091377,20.4496255],[85.909355,20.4495476],[85.9096007,20.4494387],[85.9099102,20.4493566],[85.9102263,20.449329],[85.9104482,20.4492913],[85.9106693,20.4492284],[85.9111494,20.4490877],[85.9113927,20.4490245],[85.9116009,20.4490014],[85.9118807,20.4489274],[85.912158,20.4488216],[85.912051,20.4486472],[85.9123054,20.4485222],[85.9125844,20.4483915],[85.9127887,20.4482926],[85.9130189,20.4481578],[85.9133193,20.447997],[85.9135554,20.4478877],[85.9137422,20.4477995]]}},{"type":"Feature","properties":{"id":561445980,"highway":"residential"},"geometry":{"type":"LineString","coordinates":[[85.9088926,20.4426551],[85.9096155,20.4426534],[85.9102233,20.4426695],[85.9105575,20.4426041],[85.9108509,20.4424974],[85.9115142,20.4421185],[85.9117228,20.4420659],[85.911943,20.4420572],[85.9121366,20.4420531],[85.9122651,20.4420503],[85.9126095,20.4421138],[85.913065,20.4421436],[85.9134882,20.442111],[85.9138906,20.4421135],[85.9144378,20.4420783],[85.9150386,20.4419978],[85.9156339,20.4418538]]}},{"type":"Feature","properties":{"id":561446183,"highway":"residential"},"geometry":{"type":"LineString","coordinates":[[85.9122651,20.4420503],[85.9121847,20.4417063],[85.9121472,20.4413745],[85.9119379,20.4409724],[85.9117477,20.4405422],[85.911623,20.4402163],[85.9115417,20.4400676],[85.9115075,20.4399791],[85.9114444,20.4395901],[85.911423,20.4392131],[85.9113225,20.4389762],[85.9113014,20.4389265],[85.9112567,20.438821],[85.911144,20.4385948],[85.9108543,20.4381977],[85.9107833,20.4380609],[85.9106559,20.4378157],[85.9105543,20.4376497],[85.9105352,20.4376185],[85.9104466,20.4374738],[85.9103189,20.4371761]]}},{"type":"Feature","properties":{"id":561447564,"highway":"tertiary"},"geometry":{"type":"LineString","coordinates":[[85.9065959,20.4468474],[85.9067988,20.4466775],[85.9071851,20.4464916],[85.9072709,20.4462553],[85.9072321,20.4459277],[85.9071097,20.4456071],[85.9070666,20.4454844],[85.9070601,20.4453458],[85.9070944,20.4452284],[85.9071513,20.4451162],[85.9074272,20.444802],[85.9075065,20.4447244],[85.9075924,20.4445957],[85.9076516,20.444441],[85.9076568,20.4444218],[85.9077913,20.443923],[85.9077874,20.4433005],[85.9077995,20.4427781],[85.9078357,20.4426498]]}},{"type":"Feature","properties":{"id":561447856,"highway":"residential"},"geometry":{"type":"LineString","coordinates":[[85.9035859,20.4387593],[85.903666,20.4383937],[85.9036714,20.4380318],[85.9036714,20.4377352],[85.9030437,20.4378056],[85.9024912,20.4378207],[85.9021964,20.4378501],[85.9018958,20.437876],[85.9012896,20.4380921],[85.9012091,20.4381187],[85.9008336,20.4382429],[85.9001684,20.4384943],[85.8997768,20.4386551],[85.8994942,20.4387665],[85.8993745,20.4388137],[85.8988273,20.439001],[85.8981943,20.439301],[85.8979165,20.4394684],[85.8977812,20.4395649],[85.8976481,20.439675],[85.8974165,20.4398665],[85.8979475,20.439957],[85.8984215,20.4400553]]}},{"type":"Feature","properties":{"id":561459364,"highway":"tertiary"},"geometry":{"type":"LineString","coordinates":[[85.9068525,20.4314316],[85.9062852,20.4280999],[85.9062597,20.4278599],[85.9062919,20.4276098],[85.9063603,20.4274074],[85.9065027,20.4271223],[85.9066025,20.4269992],[85.9066862,20.426896],[85.9072602,20.4262789],[85.9078824,20.4259973],[85.9080962,20.425911],[85.9085798,20.4257158],[85.909245,20.425384],[85.9100819,20.4249215],[85.9108972,20.4246702],[85.9116697,20.424459],[85.9125649,20.4242493],[85.9126997,20.4242177],[85.9135258,20.4239362],[85.9142956,20.4234285],[85.9147543,20.4230615],[85.9150647,20.4228035],[85.9156233,20.4224155],[85.9162724,20.4218637],[85.9166935,20.4215395],[85.9170033,20.4212793],[85.917451,20.4208179],[85.9176349,20.4206057],[85.9182626,20.4198742],[85.9185005,20.4196031],[85.9187373,20.4193086],[85.9189134,20.4191391],[85.9192791,20.4187028],[85.9201026,20.4178532],[85.9205747,20.4171393],[85.921154,20.4165461],[85.9217012,20.4157517],[85.9224307,20.4150378],[85.9230316,20.4142837],[85.9231293,20.4141746],[85.9235358,20.4137206],[85.9239864,20.4131324],[85.924201,20.4129916],[85.924539,20.412881],[85.9259391,20.4124285],[85.9263682,20.412338],[85.9277952,20.4122023],[85.9288305,20.4120666],[85.9294581,20.4119409],[85.9309602,20.4115537],[85.9317005,20.411418],[85.9356379,20.4109957],[85.9364426,20.4107544],[85.9379017,20.410332],[85.938245,20.4102717]]}},{"type":"Feature","properties":{"id":561459710,"highway":"residential"},"geometry":{"type":"LineString","coordinates":[[85.9064618,20.4478636],[85.906678,20.4478825],[85.9069265,20.4478649],[85.9070815,20.44788],[85.9072122,20.4479384],[85.9072522,20.4480226]]}},{"type":"Feature","properties":{"id":561461664,"highway":"residential"},"geometry":{"type":"LineString","coordinates":[[85.9179354,20.4556721],[85.9182175,20.4553055],[85.9183484,20.4551569],[85.9184181,20.4551371],[85.9186488,20.4550715],[85.9190243,20.4548554],[85.9191853,20.4549257],[85.9194052,20.4550564],[85.9196117,20.4552122],[85.9199738,20.4555138],[85.9202099,20.4557852],[85.9204942,20.4561471],[85.9206151,20.4563582],[85.9207302,20.4565592],[85.9210038,20.4569513],[85.9211379,20.4571322],[85.9211357,20.4573999]]}},{"type":"Feature","properties":{"id":561461865,"highway":"residential"},"geometry":{"type":"LineString","coordinates":[[85.9229056,20.4530637],[85.9223235,20.4529152],[85.9218889,20.4527644],[85.921374,20.4529504],[85.921036,20.4530962],[85.9204459,20.4529655],[85.9203931,20.4528927],[85.9202528,20.4526991],[85.9201187,20.4524779],[85.9196198,20.4525433],[85.9191477,20.452684],[85.9188205,20.4527393],[85.9184825,20.4528197],[85.9179461,20.4530107],[85.9177559,20.453084],[85.9175062,20.4531766],[85.9170717,20.4533173],[85.9165601,20.4534804]]}},{"type":"Feature","properties":{"id":561462029,"highway":"residential"},"geometry":{"type":"LineString","coordinates":[[85.9058391,20.4417894],[85.9062946,20.4416661],[85.9063322,20.4414499],[85.906375,20.4412036],[85.9063729,20.4410225],[85.9063622,20.4406398],[85.9065413,20.4406356],[85.9070502,20.4406531],[85.9072018,20.4406439],[85.9075838,20.4406552],[85.9080377,20.4406801],[85.9080917,20.4402838],[85.9081274,20.4402277]]}},{"type":"Feature","properties":{"id":561466050,"highway":"unclassified"},"geometry":{"type":"LineString","coordinates":[[85.975779,20.4111907],[85.9755814,20.4111314],[85.9753963,20.4111641],[85.975273,20.4114079],[85.9750825,20.4116266],[85.9749484,20.4117699],[85.9747606,20.4117699],[85.9745917,20.4115789],[85.9744495,20.411413],[85.9743074,20.4112194],[85.9741089,20.4109932],[85.9738862,20.4108046],[85.9737119,20.4106035],[85.9735188,20.4104351],[85.9733766,20.4101711],[85.9732532,20.4099399],[85.9731406,20.4097664],[85.9728429,20.4097262],[85.9726551,20.4096357],[85.9724861,20.409422],[85.9722984,20.4092938],[85.9720543,20.4092184],[85.9717002,20.4093139],[85.9715742,20.4093139],[85.9713355,20.4092561],[85.9710753,20.4092083],[85.9707266,20.4091882],[85.9704852,20.4092033],[85.9704289,20.4089771],[85.9704557,20.4087081],[85.9704906,20.4086101],[85.9706408,20.4085698],[85.9708312,20.4085145],[85.9709144,20.4083687],[85.9711182,20.4082833],[85.9713274,20.4081777],[85.9714159,20.4080947],[85.9714884,20.4079414],[85.9715635,20.4078534],[85.9717727,20.4077528],[85.9718531,20.4077956],[85.9719282,20.407866],[85.9720355,20.4079766],[85.9721455,20.4080746],[85.9722099,20.4082003],[85.9722206,20.4082581]]}},{"type":"Feature","properties":{"id":561466325,"highway":"unclassified"},"geometry":{"type":"LineString","coordinates":[[85.9704852,20.4092033],[85.9696805,20.4093164],[85.9690261,20.409598],[85.9684038,20.4096784],[85.9678137,20.4098494],[85.9675348,20.4102013],[85.9673524,20.4104929],[85.9667945,20.4107946],[85.9663439,20.4110962],[85.9658957,20.4115004],[85.9657017,20.4116231],[85.9651409,20.4121793],[85.9648045,20.4124558],[85.9644211,20.4127992],[85.9641005,20.4132519],[85.9637008,20.4136268],[85.9633268,20.4137769],[85.9627819,20.414352],[85.96249,20.4146376],[85.9620887,20.4149674],[85.9619904,20.4151811],[85.9619568,20.415414],[85.9618093,20.4157332],[85.9615572,20.4162736],[85.9612208,20.4169995],[85.9608711,20.417644],[85.9605491,20.4183569],[85.9602982,20.4189642],[85.9601802,20.4192357],[85.959696,20.4202851],[85.9594455,20.4208603],[85.9591222,20.4215699],[85.958882,20.4220309],[85.9584705,20.4226248],[85.958302,20.4229897],[85.9581095,20.423534],[85.9577447,20.4239815],[85.957314,20.4244069],[85.9568757,20.4248512],[85.9564344,20.4253226],[85.9559975,20.4258071],[85.9554125,20.426393],[85.9548916,20.4268905],[85.9546885,20.4270871],[85.9545422,20.4272692],[85.9541827,20.427611],[85.9536463,20.427983],[85.9533083,20.4285561],[85.9532163,20.4288223],[85.9531206,20.429099],[85.9529972,20.4297928],[85.9529597,20.4303558],[85.9529704,20.4307881],[85.9530401,20.4310847],[85.9528577,20.4315673],[85.9525198,20.4320247],[85.952391,20.4326179],[85.9523857,20.4330352],[85.95245,20.4335781],[85.9523159,20.4341763],[85.9522676,20.434689],[85.9523964,20.4351665],[85.9524447,20.4354782],[85.9523052,20.4359809],[85.951919,20.4362875],[85.9517097,20.4366243],[85.9516239,20.4369511],[85.9515327,20.4372275],[85.9517473,20.4374889],[85.9519082,20.4376246],[85.9521013,20.4378961],[85.9520692,20.4383334],[85.951978,20.43864],[85.9514254,20.4389014],[85.9509319,20.439012],[85.9504867,20.4394946],[85.9503043,20.4398314],[85.9498966,20.4404145],[85.9495479,20.4408065],[85.9492046,20.4410126],[85.9490222,20.4411182]]}},{"type":"Feature","properties":{"id":561470677,"highway":"unclassified"},"geometry":{"type":"LineString","coordinates":[[85.9745434,20.4341612],[85.974589,20.4343974],[85.974597,20.4345181],[85.9743369,20.4345407],[85.9743261,20.4347569],[85.974353,20.4349152],[85.9741169,20.4348951],[85.9739479,20.4348926],[85.9739023,20.4350283],[85.9735966,20.4350384],[85.973323,20.4350635],[85.9732184,20.4350911],[85.9732372,20.4352746],[85.9732211,20.4354053],[85.973205,20.4356114],[85.9731245,20.4358829],[85.9730172,20.4361744],[85.9730762,20.4363755],[85.9730735,20.4365489],[85.9730279,20.4368153],[85.973095,20.4370139],[85.973103,20.4371823],[85.9730412,20.4372927]]}},{"type":"Feature","properties":{"id":561471117,"highway":"unclassified"},"geometry":{"type":"LineString","coordinates":[[85.9530401,20.4310847],[85.9534371,20.4309138],[85.9536923,20.4309309],[85.953716,20.4309325],[85.9538877,20.430944],[85.9543705,20.4310043],[85.9548747,20.4310897],[85.9552932,20.431135],[85.9559369,20.4312154],[85.9566128,20.4312757],[85.9571868,20.4313562],[85.9572726,20.4313592],[85.9576106,20.4313712],[85.9581524,20.4314416],[85.9584421,20.431517],[85.9585074,20.4315214],[85.9586567,20.4315314],[85.9587111,20.431535],[85.9588927,20.4315472],[85.9594238,20.4315824],[85.9603196,20.4316578],[85.9605932,20.4317231],[85.9612155,20.4318438],[85.9612834,20.4318486],[85.961709,20.431879],[85.9623367,20.4319242],[85.9627765,20.4319242],[85.9630662,20.4319493],[85.963034,20.4323716],[85.9630018,20.4327335],[85.9630769,20.4331106],[85.9631628,20.4333669],[85.9632754,20.4337741],[85.9633613,20.4340405],[85.9634417,20.4342215]]}},{"type":"Feature","properties":{"id":561471609,"highway":"tertiary"},"geometry":{"type":"LineString","coordinates":[[85.9013547,20.4550099],[85.9019838,20.4546708],[85.9021222,20.4545962],[85.9021567,20.4545776],[85.9024478,20.4544349],[85.9025797,20.4543703],[85.9028641,20.4542648],[85.9031162,20.4541844],[85.903438,20.4541064],[85.9038967,20.4539984],[85.9041381,20.453923],[85.9044975,20.45382],[85.904924,20.4537094],[85.90527,20.4536088]]}},{"type":"Feature","properties":{"id":561480808,"highway":"unclassified"},"geometry":{"type":"LineString","coordinates":[[85.9278737,20.4507274],[85.928109,20.4509525],[85.9283155,20.4509525],[85.9286213,20.4507665],[85.9288627,20.4506735],[85.9290665,20.4507112],[85.9293616,20.4505906],[85.9296244,20.4504825],[85.9297666,20.4504373],[85.9300563,20.4502664],[85.9303459,20.4501558],[85.9305471,20.450103],[85.9306195,20.4500779],[85.9307027,20.4502111],[85.931046,20.450108],[85.9313062,20.4500025],[85.9314805,20.4499573],[85.9316028,20.4499148]]}},{"type":"Feature","properties":{"id":561481833,"highway":"residential"},"geometry":{"type":"LineString","coordinates":[[85.9101522,20.4535695],[85.9101825,20.4533667],[85.9102374,20.4531113],[85.9102589,20.4530057],[85.9099477,20.4529504],[85.9096795,20.4530007],[85.9095749,20.4530459],[85.9094596,20.4530811]]}},{"type":"Feature","properties":{"id":561482546,"highway":"residential"},"geometry":{"type":"LineString","coordinates":[[85.9100319,20.4595418],[85.9101076,20.4594915],[85.9101409,20.4594693],[85.9102017,20.4594145],[85.910322,20.4593034],[85.9104413,20.4591966],[85.9105472,20.4590974],[85.9107819,20.4588536],[85.9109735,20.4586594],[85.9111427,20.4584899],[85.9113371,20.4583033],[85.9115425,20.4581188],[85.9117293,20.4579409],[85.9118934,20.4577858],[85.9121093,20.4575786],[85.9122866,20.4574086],[85.9123515,20.4573521],[85.9124715,20.4572347],[85.9125703,20.4571505],[85.9126972,20.4570141],[85.9127599,20.4569499],[85.9128714,20.4568357],[85.912932,20.4567896],[85.9129938,20.4567221],[85.9132081,20.4565137],[85.9133729,20.4563381],[85.9135419,20.4561873],[85.9137189,20.4560239],[85.9139523,20.4558103],[85.9141535,20.4555942],[85.9143364,20.4554208],[85.9145399,20.4552138],[85.9146611,20.4550955],[85.9147033,20.4550338],[85.9148982,20.4548406],[85.9150896,20.4546545],[85.9152758,20.4544749],[85.9155697,20.4542045],[85.9157306,20.4540512],[85.9158941,20.4538879],[85.9160607,20.4537472],[85.9162509,20.4536214],[85.91637,20.4535596]]}},{"type":"Feature","properties":{"id":561483659,"highway":"residential"},"geometry":{"type":"LineString","coordinates":[[85.9127599,20.4569499],[85.9128513,20.4570458],[85.9129907,20.4572502],[85.9130845,20.4573493],[85.9131832,20.4575049],[85.9132603,20.4576675],[85.9132764,20.4577479],[85.9132867,20.457814],[85.9132446,20.4578445],[85.9130689,20.4578741],[85.9128534,20.4579288],[85.9126427,20.4579585]]}},{"type":"Feature","properties":{"id":561484552,"highway":"unclassified"},"geometry":{"type":"LineString","coordinates":[[85.90527,20.4536088],[85.9054094,20.4539029],[85.905506,20.4541843],[85.9055918,20.4544432],[85.9056723,20.4547397],[85.9057555,20.4550338],[85.9057828,20.4551426],[85.9058126,20.4553071],[85.9058037,20.4555213],[85.905793,20.4557852],[85.9057689,20.4559812],[85.9057553,20.4561789]]}},{"type":"Feature","properties":{"id":561497030,"highway":"residential"},"geometry":{"type":"LineString","coordinates":[[85.9024675,20.448119],[85.9027332,20.4482318],[85.9027565,20.4482355],[85.9027822,20.4482299],[85.9027968,20.44821],[85.9028822,20.4479427],[85.9029277,20.4477837],[85.903434,20.4479408],[85.9039409,20.4481023],[85.9046078,20.4483114],[85.9047002,20.4483394],[85.9049782,20.4484706],[85.9053106,20.4486476],[85.9057539,20.4488662]]}},{"type":"Feature","properties":{"id":561669158,"highway":"residential"},"geometry":{"type":"LineString","coordinates":[[85.9022878,20.4430058],[85.9024215,20.4434807],[85.9025238,20.4436767],[85.9026629,20.4439431],[85.9027648,20.4442699],[85.9025548,20.4446412],[85.9024322,20.444858],[85.9022562,20.44515],[85.9020889,20.4454058],[85.9017885,20.4458834],[85.901708,20.4461297],[85.90159,20.4463734]]}},{"type":"Feature","properties":{"id":561669160,"highway":"residential"},"geometry":{"type":"LineString","coordinates":[[85.8981258,20.4445631],[85.898197,20.4448655],[85.8983578,20.4452144],[85.8984361,20.4453397],[85.8984971,20.4454587],[85.8985752,20.4456268],[85.8986326,20.4457195],[85.8986798,20.4457049],[85.8989909,20.4455541],[85.8992887,20.4454863],[85.8996159,20.4453581],[85.8999968,20.4452173],[85.9002033,20.4451068],[85.9001763,20.4453372],[85.9000566,20.4456857],[85.9001882,20.4457401],[85.9005842,20.4459361],[85.900822,20.4460412],[85.9008685,20.4460618],[85.9012198,20.4462176],[85.901421,20.4463081],[85.90159,20.4463734],[85.9014612,20.4466072],[85.9013486,20.4468384],[85.9012581,20.4469357],[85.9012162,20.4469807],[85.901185,20.4470143],[85.901135,20.4470527],[85.9008765,20.4472513],[85.9007826,20.4473234],[85.900391,20.4475647],[85.9003326,20.4476126],[85.9002623,20.4476703],[85.9001845,20.4477318],[85.9000048,20.4478738],[85.8999287,20.4479333],[85.8996963,20.4481151],[85.8994523,20.4483337],[85.8992994,20.4485323]]}},{"type":"Feature","properties":{"id":561669706,"highway":"unclassified"},"geometry":{"type":"LineString","coordinates":[[85.9951563,20.4906655],[85.9950274,20.490316],[85.9949899,20.4899391],[85.9949684,20.489517],[85.9951454,20.4892205],[85.9952688,20.4888034],[85.9951562,20.4883512],[85.9950596,20.4879994],[85.9954297,20.4877884],[85.9954405,20.487311],[85.9954834,20.4866979],[85.9955478,20.4861954],[85.99558,20.4857482],[85.9956819,20.485311],[85.9956765,20.484919],[85.9956926,20.4845371],[85.9956175,20.4841904],[85.9955746,20.4838788],[85.9955478,20.4834868],[85.9955209,20.4831401],[85.9955263,20.4827632],[85.9956068,20.4823009],[85.9956926,20.4819189],[85.995698,20.4814415],[85.9957409,20.4810948],[85.9957409,20.4807933],[85.9952581,20.4807782],[85.9947753,20.4807229],[85.994153,20.4806475],[85.9935307,20.4806124],[85.9929353,20.4805722],[85.9924418,20.4804918],[85.9918731,20.4803762],[85.9914279,20.4803008],[85.9908968,20.4802254],[85.9902853,20.4802304],[85.9897649,20.4802103],[85.9893197,20.48015],[85.9889173,20.4801249],[85.9885043,20.4801249],[85.9880483,20.4800696],[85.9878713,20.4800545],[85.987485,20.4800194],[85.9870505,20.4799942],[85.9867179,20.4799942],[85.9864604,20.4799842],[85.9860688,20.4799741],[85.9857631,20.4799189],[85.9853178,20.4798586],[85.9849262,20.4797631],[85.9841698,20.4796877],[85.9837192,20.4796274],[85.983156,20.4795671],[85.9826624,20.4795319],[85.9822494,20.4795319],[85.9816217,20.4794515],[85.9812194,20.4793862],[85.980683,20.4793158],[85.9800607,20.4792706],[85.9796798,20.4792354],[85.979197,20.4792656],[85.9782421,20.4791249],[85.9771478,20.4790244],[85.9761715,20.4789037],[85.9755921,20.4788434],[85.9747124,20.4787731],[85.9735322,20.4786927],[85.9724378,20.4785821],[85.9714186,20.4784515],[85.9706569,20.478361],[85.9699917,20.4782906],[85.9689832,20.4782705],[85.9683502,20.4781499],[85.967921,20.4779941],[85.9675884,20.4778434],[85.9671324,20.4776524],[85.9666067,20.4775569],[85.9662366,20.4774614],[85.9658182,20.4774614],[85.9653783,20.4774313],[85.964874,20.4774313],[85.9643805,20.4774464],[85.9639621,20.4774966],[85.9634095,20.4774866],[85.9630179,20.4774916],[85.9625727,20.4774514],[85.9622401,20.4773509],[85.9619904,20.477126]]}},{"type":"Feature","properties":{"id":561669828,"highway":"unclassified"},"geometry":{"type":"LineString","coordinates":[[85.9956926,20.4845371],[85.9952152,20.4841502],[85.9946036,20.4839291],[85.9939706,20.4834868],[85.9933483,20.4831753],[85.992651,20.4828134],[85.9919429,20.4824818],[85.9912348,20.4820999],[85.9903228,20.4817782],[85.9896684,20.4815873],[85.9890783,20.4813059],[85.988456,20.481125],[85.9882843,20.4806827],[85.9882092,20.4803309],[85.9880483,20.4800696],[85.9880137,20.4796558],[85.9879279,20.4792336],[85.9877455,20.478907],[85.9877401,20.4785753],[85.9878152,20.4782788],[85.9878367,20.4780527],[85.987826,20.4776908],[85.9877241,20.4774295],[85.9876919,20.4766606],[85.9871125,20.4765249],[85.9870213,20.4760877],[85.9869355,20.475555],[85.9869677,20.4750876],[85.9868389,20.4746002],[85.986796,20.4741479],[85.9869355,20.4736051],[85.9875256,20.4733538]]}},{"type":"Feature","properties":{"id":561680614,"highway":"unclassified"},"geometry":{"type":"LineString","coordinates":[[85.9663439,20.4110962],[85.9664834,20.4108197],[85.9667274,20.4105256],[85.9668562,20.4104175],[85.9669581,20.410234],[85.96717,20.4100052],[85.9673738,20.4098217],[85.9676072,20.4096533],[85.9677789,20.4094874],[85.9678057,20.4092234],[85.967803,20.4089293],[85.9679157,20.4087131],[85.9681383,20.4083913],[85.9683099,20.4081098],[85.968487,20.4078232],[85.9686211,20.4075919],[85.9687713,20.4073028],[85.9689939,20.4070112],[85.9691656,20.4066316],[85.9693909,20.4062093],[85.9695625,20.4058322],[85.9697288,20.4053496],[85.9700024,20.4049473],[85.9703672,20.4044747],[85.9705281,20.4041831],[85.9708339,20.4036904],[85.9711719,20.4032077],[85.9713864,20.4028407],[85.9715795,20.4026144],[85.9717941,20.403082],[85.9722072,20.4035345],[85.9724861,20.4038412],[85.9726042,20.4039971],[85.9722608,20.4042133],[85.9718639,20.4043641],[85.9716493,20.4044898],[85.9712201,20.404701],[85.9709036,20.4049071],[85.9706032,20.4052038],[85.9704584,20.405425],[85.9703833,20.4057417],[85.9702706,20.4062395],[85.9702277,20.4065713],[85.9702545,20.4069987],[85.9703886,20.4074663],[85.9704906,20.4080344],[85.970512,20.4082606],[85.9704906,20.4086101]]}},{"type":"Feature","properties":{"id":561680886,"highway":"tertiary"},"geometry":{"type":"LineString","coordinates":[[85.97882,20.4961407],[85.978564,20.4957077],[85.9780598,20.4955469],[85.9769654,20.4953359],[85.9764182,20.4952254],[85.9754312,20.4952354],[85.9751308,20.4952582],[85.9750342,20.4952655],[85.9737897,20.4953158],[85.9726846,20.495196],[85.9724915,20.4951751],[85.9715366,20.4950445],[85.9708071,20.4949138],[85.9701526,20.4947691],[85.9700346,20.494743],[85.9692514,20.4945118],[85.968318,20.4943209],[85.9674275,20.4941299],[85.9666791,20.4941729],[85.9662688,20.4942103],[85.9657967,20.4942003],[85.9645629,20.4941299],[85.9636938,20.4940797],[85.9633049,20.4941048],[85.9628999,20.4946324],[85.9626555,20.4948446],[85.9622911,20.4949641],[85.9621569,20.4950495],[85.9620201,20.4954665],[85.9618914,20.4958585],[85.9617948,20.4961399],[85.9617417,20.4966199]]}},{"type":"Feature","properties":{"id":561680935,"highway":"residential"},"geometry":{"type":"LineString","coordinates":[[85.9411772,20.4967316],[85.9410909,20.4969237],[85.9410399,20.4970418],[85.9409712,20.4973743],[85.9409641,20.4975522],[85.9409421,20.4976215],[85.9408708,20.4976591],[85.9406885,20.4977177],[85.9405122,20.4977885],[85.9403653,20.4978872],[85.9404664,20.4983389],[85.9405131,20.4985682],[85.9405922,20.4988652],[85.9406942,20.4992334],[85.9407851,20.4995123],[85.9408458,20.4996569],[85.9406,20.4997048],[85.9404776,20.4997234],[85.9402809,20.4997502],[85.9366037,20.5003065],[85.9365838,20.5003008],[85.936563,20.5002868],[85.9363836,20.499916]]}},{"type":"Feature","properties":{"id":561680981,"highway":"residential"},"geometry":{"type":"LineString","coordinates":[[85.9408139,20.4954722],[85.9410622,20.4960022],[85.9410912,20.4960824],[85.9411001,20.4961657],[85.9411131,20.4963455],[85.9411451,20.4965386],[85.9411772,20.4967316],[85.941453,20.4971839],[85.9414676,20.4971987],[85.9414918,20.4972003],[85.9418694,20.4970682],[85.9418921,20.4970719],[85.9419113,20.497086],[85.9420031,20.4973148],[85.9420237,20.4973333],[85.9420526,20.4973389],[85.942222,20.4973306],[85.9422478,20.4973339],[85.9422735,20.4973474],[85.9423028,20.4973716],[85.9423405,20.4974267],[85.9424121,20.4975943],[85.9426227,20.4979442],[85.9426795,20.4980935],[85.9427858,20.4982258],[85.9428228,20.4983442],[85.9428307,20.4984538],[85.9428283,20.4984881],[85.9428222,20.498562],[85.9428206,20.4986329],[85.9428286,20.4986915],[85.9429094,20.4989154],[85.9429783,20.4991163],[85.9430364,20.499218],[85.9430826,20.4993309]]}},{"type":"Feature","properties":{"id":563832208,"highway":"unclassified"},"geometry":{"type":"LineString","coordinates":[[85.9078489,20.4156714],[85.9081045,20.4154345],[85.9082714,20.4153382],[85.9084625,20.4152535],[85.908759,20.4150926],[85.9089057,20.4149624],[85.9090741,20.414889],[85.909514,20.4148186],[85.9097715,20.4147131],[85.9100946,20.4145421],[85.9102133,20.414432],[85.9103387,20.4143034],[85.9104453,20.4142359],[85.9107679,20.4141864],[85.9109489,20.414292],[85.9111769,20.414331],[85.9118046,20.4141751],[85.9123088,20.4140243],[85.9128828,20.413793],[85.9135856,20.4135718],[85.9137048,20.4135551],[85.9141127,20.413472],[85.9145163,20.4134411],[85.9151788,20.4133959],[85.9156622,20.4132049],[85.9160317,20.413059],[85.9166301,20.4128278],[85.9167345,20.4127875],[85.9173514,20.4125512],[85.9181399,20.4122898],[85.9185315,20.4122735],[85.9190036,20.4120736],[85.9192289,20.4122647],[85.9195186,20.4122848],[85.9200175,20.4120837],[85.9204627,20.4118725],[85.9208973,20.4117217],[85.9210582,20.4115759],[85.9213157,20.4115306],[85.9216322,20.4115055],[85.9217582,20.4116332],[85.9218307,20.4117066],[85.9220935,20.4118675],[85.92241,20.4120636],[85.9226407,20.4122094],[85.9227748,20.4124004],[85.9226407,20.4125211],[85.9222974,20.4126166],[85.9223939,20.4128328],[85.9225817,20.4131998],[85.9227963,20.4137277],[85.9231293,20.4141746],[85.9233787,20.4144779],[85.9236416,20.4148499],[85.9239795,20.4153376],[85.9241727,20.415775],[85.9242638,20.4160112],[85.9243819,20.4165291],[85.924752,20.4175346],[85.9249183,20.4180775],[85.9249827,20.4182786],[85.9250846,20.4187512],[85.9249612,20.4193293],[85.9249773,20.419822],[85.925031,20.4203449],[85.9251758,20.4209431],[85.9253099,20.4214509],[85.925385,20.4219385],[85.9251919,20.4225669],[85.9249183,20.422954],[85.9245643,20.4232355],[85.9239849,20.4236226],[85.9238669,20.4237483],[85.9240332,20.424241],[85.9238454,20.4244018],[85.9236845,20.4244823],[85.9234216,20.424623],[85.9230193,20.4248844],[85.9227189,20.4251459],[85.9224346,20.4253369],[85.9221181,20.4255933],[85.9218874,20.4258446],[85.9216774,20.4260674]]}},{"type":"Feature","properties":{"id":563867421,"highway":"unclassified"},"geometry":{"type":"LineString","coordinates":[[85.9016019,20.4034395],[85.9014292,20.4031809],[85.9012093,20.4028289],[85.9010376,20.4024971],[85.9009143,20.402296],[85.9006997,20.4019541],[85.9004905,20.4016273],[85.9003349,20.401396],[85.9001579,20.4011245],[85.8999916,20.4008932],[85.8999326,20.4008328],[85.8998843,20.4007222],[85.8998735,20.4005408]]}},{"type":"Feature","properties":{"id":563867422,"highway":"unclassified"},"geometry":{"type":"LineString","coordinates":[[85.9003961,20.4049049],[85.9001793,20.4047445],[85.9001311,20.404458],[85.9002008,20.4042015],[85.9001847,20.4039149],[85.9001304,20.4037802],[85.9000184,20.4035027]]}},{"type":"Feature","properties":{"id":563868688,"highway":"unclassified"},"geometry":{"type":"LineString","coordinates":[[85.9409064,20.413811],[85.9410592,20.4141628],[85.9413649,20.4147159],[85.9415795,20.4151734],[85.9417673,20.4155102],[85.9419497,20.4158269],[85.9417512,20.4159275],[85.9414615,20.4159124],[85.9409894,20.4159878],[85.9407266,20.4160632],[85.9405066,20.4161789],[85.9403457,20.4162844],[85.9401365,20.4163347]]}},{"type":"Feature","properties":{"id":563868689,"highway":"unclassified"},"geometry":{"type":"LineString","coordinates":[[85.9399027,20.4141882],[85.9402867,20.4141277],[85.9406622,20.4139215],[85.9409064,20.413811],[85.9409733,20.4137808],[85.941381,20.4137154],[85.9417565,20.4135344],[85.9420194,20.4133735],[85.9424164,20.4132478],[85.943044,20.4132629],[85.9434571,20.413268],[85.9439613,20.4131624],[85.944369,20.4129713],[85.9447982,20.4129512],[85.9450825,20.4129613]]}},{"type":"Feature","properties":{"id":563868690,"highway":"unclassified"},"geometry":{"type":"LineString","coordinates":[[85.9418316,20.4237751],[85.9421642,20.4237651],[85.9425183,20.4237601],[85.9427189,20.4236198],[85.9428562,20.4235238],[85.9432425,20.4232674],[85.943441,20.4231417],[85.9439452,20.4228803],[85.9445889,20.4224228],[85.9450986,20.4220508],[85.9456028,20.4216838]]}},{"type":"Feature","properties":{"id":563876106,"highway":"unclassified"},"geometry":{"type":"LineString","coordinates":[[85.9229922,20.4272468],[85.9238937,20.4267445],[85.9244194,20.4265082],[85.9246715,20.4263323],[85.9245374,20.4260859],[85.9243819,20.4257742],[85.9242156,20.4254676],[85.9241496,20.4253403],[85.9239903,20.4250604],[85.9238347,20.4247286],[85.9236845,20.4244823],[85.9234324,20.4240248],[85.9229174,20.4238086],[85.9224131,20.4235372],[85.9220537,20.423507],[85.9214797,20.4235422],[85.9212169,20.4232707],[85.9209057,20.4235321],[85.9206804,20.4237885],[85.9203746,20.4240349],[85.9200528,20.4243365],[85.9197416,20.4246532],[85.9195217,20.4247789],[85.9193088,20.424931]]}},{"type":"Feature","properties":{"id":563876107,"highway":"unclassified"},"geometry":{"type":"LineString","coordinates":[[85.922115,20.4263147],[85.9223166,20.4260708],[85.9226223,20.4259703],[85.9230622,20.4258044],[85.9235504,20.4256084],[85.9240439,20.4253821],[85.9241496,20.4253403],[85.9243872,20.4252464],[85.9248808,20.4250704],[85.9253636,20.4248442],[85.9257927,20.4245426],[85.9262219,20.4243013]]}},{"type":"Feature","properties":{"id":563876108,"highway":"unclassified"},"geometry":{"type":"LineString","coordinates":[[85.9066025,20.4269992],[85.9069504,20.4269022],[85.9073205,20.4267879],[85.9074841,20.4267288],[85.9075324,20.4266949],[85.9076411,20.4265931],[85.9077162,20.4264812],[85.9080447,20.4260614],[85.9080962,20.425911],[85.9083051,20.4256296],[85.9086442,20.4251729],[85.9087622,20.4250598],[85.9091243,20.4247808],[85.9097037,20.4243258],[85.9098968,20.4242177],[85.910747,20.4239915],[85.9110314,20.4239588],[85.9112245,20.4239965],[85.9114149,20.4240217],[85.9119809,20.4241448],[85.9124811,20.4242343],[85.9125649,20.4242493],[85.9135994,20.4243063],[85.914919,20.4241253],[85.9163782,20.4238137],[85.9177676,20.424236],[85.9186527,20.4245979],[85.9193088,20.424931],[85.9199401,20.4252514],[85.9212705,20.4258848],[85.9216774,20.4260674],[85.9220322,20.4262267],[85.922115,20.4263147],[85.9229922,20.4272468],[85.9230729,20.4273327],[85.9234699,20.4275739],[85.9246286,20.4277851],[85.9262272,20.4279057],[85.927622,20.4280264],[85.9297356,20.4282777]]}},{"type":"Feature","properties":{"id":564006424,"highway":"unclassified"},"geometry":{"type":"LineString","coordinates":[[85.93825,20.49714],[85.9381485,20.4971901],[85.9382558,20.4974915],[85.9389371,20.4968484],[85.9395003,20.4962253],[85.9400958,20.4955922],[85.9405678,20.4950897],[85.9409755,20.4946525],[85.9412706,20.4943184],[85.9412988,20.4942731],[85.9413095,20.4942191],[85.9413493,20.4941186],[85.941382,20.4940083]]}},{"type":"Feature","properties":{"id":564006469,"highway":"residential"},"geometry":{"type":"LineString","coordinates":[[85.9382558,20.4974915],[85.937832,20.4980091],[85.9374243,20.4984513],[85.937081,20.4988231],[85.9365338,20.4992653],[85.9359223,20.4997175],[85.9355597,20.4999839],[85.9353693,20.4996562],[85.9352497,20.4993378],[85.9351505,20.4990739],[85.9347632,20.4981082],[85.9344616,20.4973277],[85.9343412,20.4971363],[85.9342127,20.4970665],[85.9341742,20.4970137],[85.9341392,20.4969656],[85.9340307,20.4966735],[85.9338471,20.4963967],[85.9336302,20.495939],[85.933618,20.4958974],[85.9333148,20.4949823]]}},{"type":"Feature","properties":{"id":564006502,"highway":"unclassified"},"geometry":{"type":"LineString","coordinates":[[85.9350668,20.4948029],[85.9352597,20.4954816],[85.9354395,20.4960821],[85.9357023,20.4963861],[85.9356828,20.4969252],[85.9356791,20.4970785],[85.9356723,20.4973592],[85.9357154,20.49748],[85.935773,20.4976413],[85.9358225,20.497849],[85.9358485,20.4978936],[85.9359004,20.497887],[85.9360297,20.4978873],[85.9365774,20.4977829],[85.9371114,20.4977387],[85.937494,20.4977277],[85.937832,20.4980091]]}},{"type":"Feature","properties":{"id":594430910,"highway":"unclassified"},"geometry":{"type":"LineString","coordinates":[[85.9658957,20.4115004],[85.9659728,20.4118891],[85.9659695,20.4119503],[85.9659998,20.4120791],[85.9661172,20.4123259],[85.9665815,20.4127337],[85.9667851,20.4130796],[85.9668355,20.4134859],[85.966894,20.4137161],[85.9670317,20.4139033],[85.9673074,20.4142038],[85.9674043,20.4145212],[85.9674692,20.4147645],[85.9675404,20.4150048],[85.9679146,20.4154884],[85.9681017,20.4159348],[85.9682785,20.4161849],[85.968444,20.4163537],[85.9685549,20.4164191],[85.9690119,20.4165488],[85.9695609,20.41673],[85.9697562,20.4168309],[85.9702469,20.4170451],[85.970732,20.4172302],[85.9708815,20.4174689],[85.9710311,20.4177888],[85.9711279,20.417908],[85.9713111,20.4180392],[85.9718693,20.4182594],[85.9722154,20.4184535],[85.9724154,20.4185831],[85.9725069,20.4186168],[85.9726185,20.4186243],[85.9729101,20.4185865],[85.9734091,20.4185228],[85.9736303,20.4184749],[85.9739897,20.4183895],[85.9741066,20.4183928],[85.9741909,20.4184135]]}},{"type":"Feature","properties":{"id":594430912,"highway":"unclassified"},"geometry":{"type":"LineString","coordinates":[[85.9659998,20.4120791],[85.9669844,20.4117561],[85.9674153,20.4116923],[85.9681846,20.4115349],[85.9692705,20.4111895],[85.9697515,20.4109696],[85.9697061,20.4108208]]}},{"type":"Feature","properties":{"id":594439998,"highway":"residential"},"geometry":{"type":"LineString","coordinates":[[85.9190393,20.4592414],[85.919857,20.4592806],[85.9209073,20.4594383],[85.9209661,20.4594471],[85.9212061,20.4592851],[85.921646,20.4596768]]}},{"type":"Feature","properties":{"id":594439999,"highway":"residential"},"geometry":{"type":"LineString","coordinates":[[85.9212061,20.4592851],[85.9201948,20.4582987]]}},{"type":"Feature","properties":{"id":594440000,"highway":"residential"},"geometry":{"type":"LineString","coordinates":[[85.9212061,20.4592851],[85.9217626,20.4588796],[85.9220217,20.4586908],[85.9221568,20.4585924],[85.9225409,20.4583674],[85.9232707,20.4579626],[85.9236952,20.457779],[85.9239573,20.4576657],[85.9245766,20.4574709],[85.9246439,20.4574497],[85.9247882,20.4577888],[85.9249501,20.4581692]]}},{"type":"Feature","properties":{"id":594440002,"highway":"residential"},"geometry":{"type":"LineString","coordinates":[[85.9247882,20.4577888],[85.9239093,20.4581785],[85.9227138,20.4587633],[85.9219648,20.4591817],[85.9217626,20.4588796]]}},{"type":"Feature","properties":{"id":594440004,"highway":"residential"},"geometry":{"type":"LineString","coordinates":[[85.92436,20.4573026],[85.9239723,20.4572971],[85.9239461,20.4571496],[85.9234652,20.4572944],[85.9230425,20.4574828],[85.9224391,20.4578269],[85.9217046,20.4582694],[85.9220217,20.4586908]]}},{"type":"Feature","properties":{"id":594440006,"highway":"residential"},"geometry":{"type":"LineString","coordinates":[[85.9239461,20.4571496],[85.9239345,20.4570185],[85.9233898,20.4570626],[85.9230571,20.4570896],[85.9224887,20.4572589],[85.9221608,20.4574403],[85.9220544,20.4574992],[85.9214918,20.4578433],[85.9212849,20.4575265],[85.9211583,20.457353]]}},{"type":"Feature","properties":{"id":594440009,"highway":"residential"},"geometry":{"type":"LineString","coordinates":[[85.9233898,20.4570626],[85.9234652,20.4572944],[85.9236952,20.457779]]}},{"type":"Feature","properties":{"id":594440013,"highway":"residential"},"geometry":{"type":"LineString","coordinates":[[85.9184024,20.46352],[85.9183957,20.4640209],[85.9183538,20.4641204],[85.9180183,20.4649167],[85.9178885,20.4652247],[85.9178367,20.4653476],[85.9176942,20.4656407],[85.9172242,20.4661277],[85.9168777,20.4664912],[85.916351,20.4667272],[85.9161772,20.4668558],[85.9156899,20.4672162],[85.9150772,20.4676524],[85.9149966,20.4676665],[85.9149453,20.4676457],[85.9149183,20.4675934],[85.9145861,20.4675971],[85.9145202,20.4665374]]}},{"type":"Feature","properties":{"id":594440015,"highway":"residential"},"geometry":{"type":"LineString","coordinates":[[85.9145861,20.4675971],[85.9145786,20.4682758],[85.9145466,20.4685511],[85.9145425,20.4685862],[85.9145673,20.4686343],[85.9146013,20.4686603],[85.9146634,20.4686688],[85.9152422,20.4684177],[85.9153407,20.4683558],[85.9160361,20.4679189],[85.9162737,20.4677214],[85.9169584,20.4671751],[85.9170401,20.4668513],[85.9165617,20.466926],[85.9163611,20.4669093],[85.9161772,20.4668558]]}},{"type":"Feature","properties":{"id":594440017,"highway":"residential"},"geometry":{"type":"LineString","coordinates":[[85.9170401,20.4668513],[85.9171662,20.4667638],[85.9176145,20.4660463],[85.9176942,20.4656407]]}},{"type":"Feature","properties":{"id":594440019,"highway":"residential"},"geometry":{"type":"LineString","coordinates":[[85.8989146,20.4767351],[85.8996114,20.4765161],[85.8997661,20.4764821],[85.9003759,20.4763876],[85.900474,20.4763132],[85.9005332,20.4762854],[85.901129,20.4760055]]}},{"type":"Feature","properties":{"id":599286197,"highway":"unclassified"},"geometry":{"type":"LineString","coordinates":[[85.9556687,20.4353535],[85.9561065,20.4351221],[85.9567931,20.4347241],[85.9569134,20.4341736],[85.9575859,20.4340409],[85.9581663,20.4338685],[85.9587624,20.4337818],[85.9591605,20.4338556],[85.9592256,20.4341115],[85.9592468,20.4341951],[85.9593003,20.4345897],[85.9593326,20.4348624]]}},{"type":"Feature","properties":{"id":599321594,"highway":"unclassified"},"geometry":{"type":"LineString","coordinates":[[85.9210582,20.4115759],[85.92086,20.41116],[85.9211755,20.4105533],[85.9218836,20.4103823],[85.9224844,20.4103421],[85.9229066,20.410216]]}},{"type":"Feature","properties":{"id":599322120,"highway":"residential"},"geometry":{"type":"LineString","coordinates":[[85.9209097,20.4402667],[85.9211,20.44029],[85.9213901,20.440319],[85.9217387,20.4401682],[85.9220767,20.4400827],[85.922125,20.4397258],[85.9222269,20.4392784],[85.9225595,20.438816],[85.9226209,20.4385651],[85.9227097,20.4382027],[85.9227164,20.4381793],[85.9229135,20.4374889],[85.9233642,20.4370466],[85.9234179,20.4370011],[85.9238096,20.4366695]]}},{"type":"Feature","properties":{"id":599324150,"highway":"unclassified"},"geometry":{"type":"LineString","coordinates":[[85.9588863,20.4350153],[85.9589522,20.4349915],[85.9593326,20.4348624],[85.959684,20.4347016],[85.9600836,20.4345759]]}},{"type":"Feature","properties":{"id":604124741,"highway":"tertiary"},"geometry":{"type":"LineString","coordinates":[[85.90527,20.4536088],[85.9055838,20.4535058],[85.9059728,20.4534531],[85.9062409,20.4534455],[85.9064823,20.4534103],[85.9067934,20.4533048],[85.9070269,20.4531741],[85.9072923,20.4531062],[85.9075391,20.4531063],[85.9075874,20.453149],[85.9077027,20.4534304],[85.9078583,20.4537044],[85.9079844,20.4537973],[85.9080917,20.4538313],[85.9083384,20.45382]]}},{"type":"Feature","properties":{"id":604124749,"highway":"secondary"},"geometry":{"type":"LineString","coordinates":[[85.9016566,20.4564938],[85.9017414,20.4563443],[85.9017575,20.456284],[85.9015617,20.4556708],[85.9014571,20.4552863],[85.9013547,20.4550099],[85.9011996,20.4546832],[85.900993,20.4542937],[85.9008884,20.45407],[85.9007674,20.4538207],[85.9007093,20.4536618]]}},{"type":"Feature","properties":{"id":604126507,"highway":"residential"},"geometry":{"type":"LineString","coordinates":[[85.9083384,20.45382],[85.9081882,20.4527846]]}},{"type":"Feature","properties":{"id":604126508,"highway":"tertiary"},"geometry":{"type":"LineString","coordinates":[[85.9083384,20.45382],[85.9086335,20.4537848],[85.9090894,20.4537044],[85.9095347,20.453629],[85.909996,20.4535837],[85.9101522,20.4535695],[85.9105486,20.4535335],[85.9108865,20.4535184],[85.9115463,20.4534782],[85.9121633,20.4533776],[85.912293,20.4533723],[85.9127748,20.4533525],[85.9132844,20.4532972],[85.9137297,20.453257],[85.9142017,20.4531314],[85.9145748,20.4531402]]}},{"type":"Feature","properties":{"id":604126509,"highway":"residential"},"geometry":{"type":"LineString","coordinates":[[85.912014,20.4642566],[85.9118684,20.4640617],[85.9116672,20.4637923]]}},{"type":"Feature","properties":{"id":604126510,"highway":"residential"},"geometry":{"type":"LineString","coordinates":[[85.9126218,20.4651978],[85.9121892,20.4645277]]}},{"type":"Feature","properties":{"id":604126511,"highway":"residential"},"geometry":{"type":"LineString","coordinates":[[85.9130655,20.4658726],[85.913238,20.4661097],[85.9133655,20.466285],[85.9134346,20.4663799],[85.9136407,20.4666633],[85.9139034,20.4670313]]}},{"type":"Feature","properties":{"id":604126512,"highway":"residential"},"geometry":{"type":"LineString","coordinates":[[85.914184,20.4667515],[85.913696,20.4660627]]}},{"type":"Feature","properties":{"id":604126513,"highway":"residential"},"geometry":{"type":"LineString","coordinates":[[85.9140197,20.465845],[85.9144767,20.4664588]]}},{"type":"Feature","properties":{"id":604126514,"highway":"residential"},"geometry":{"type":"LineString","coordinates":[[85.91435,20.4656229],[85.9147605,20.4661905]]}},{"type":"Feature","properties":{"id":604126515,"highway":"residential"},"geometry":{"type":"LineString","coordinates":[[85.9136201,20.4673185],[85.9133003,20.4668668],[85.9131081,20.4665999],[85.9129075,20.4663215],[85.9127381,20.4660863]]}},{"type":"Feature","properties":{"id":604126516,"highway":"residential"},"geometry":{"type":"LineString","coordinates":[[85.913238,20.4661097],[85.9129075,20.4663215]]}},{"type":"Feature","properties":{"id":604126517,"highway":"residential"},"geometry":{"type":"LineString","coordinates":[[85.9134346,20.4663799],[85.9131081,20.4665999]]}},{"type":"Feature","properties":{"id":604126518,"highway":"residential"},"geometry":{"type":"LineString","coordinates":[[85.9136407,20.4666633],[85.9133003,20.4668668]]}},{"type":"Feature","properties":{"id":604126519,"highway":"residential"},"geometry":{"type":"LineString","coordinates":[[85.9105782,20.4669119],[85.9101672,20.4663376]]}},{"type":"Feature","properties":{"id":649788181,"highway":"secondary"},"geometry":{"type":"LineString","coordinates":[[85.9082472,20.4952178],[85.9078744,20.4955268]]}},{"type":"Feature","properties":{"id":649788182,"highway":"secondary"},"geometry":{"type":"LineString","coordinates":[[85.9085476,20.4950454],[85.9082472,20.4952178]]}},{"type":"Feature","properties":{"id":749341585,"highway":"unclassified"},"geometry":{"type":"LineString","coordinates":[[85.938245,20.4102717],[85.9385991,20.411046],[85.9390282,20.411971],[85.9395861,20.4130369],[85.9398436,20.4138614],[85.9399027,20.4141882],[85.9399348,20.4145099],[85.9400421,20.4148367],[85.9401762,20.4151283],[85.9399487,20.4155253],[85.9401365,20.4163347],[85.9402706,20.416752],[85.9406944,20.4176167],[85.9404369,20.4180591],[85.9404167,20.4185411],[85.940394,20.4190847],[85.9405227,20.4199293],[85.9404369,20.4204622],[85.9407373,20.4212867],[85.9402652,20.4216084],[85.9405549,20.4219201],[85.9409304,20.4225586],[85.9412523,20.4230261],[85.9414615,20.4233277],[85.9418316,20.4237751],[85.9416922,20.4241874],[85.9412523,20.4245091],[85.9409948,20.425037],[85.9406622,20.4257156],[85.9404047,20.4262133],[85.939761,20.4267663],[85.9387954,20.4273846],[85.9380283,20.4272037]]}},{"type":"Feature","properties":{"id":749341586,"highway":"tertiary"},"geometry":{"type":"LineString","coordinates":[[85.9076356,20.4362272],[85.9068525,20.4314316]]}},{"type":"Feature","properties":{"id":749341587,"highway":"tertiary"},"geometry":{"type":"LineString","coordinates":[[85.9072655,20.4378659],[85.9073567,20.4376498],[85.9075606,20.437318],[85.9076893,20.4369862],[85.9077108,20.4367349],[85.9076356,20.4362272]]}},{"type":"Feature","properties":{"id":842469995,"highway":"trunk"},"geometry":{"type":"LineString","coordinates":[[85.9018081,20.4603832],[85.9018309,20.4604297]]}},{"type":"Feature","properties":{"id":842469996,"highway":"trunk_link"},"geometry":{"type":"LineString","coordinates":[[85.9083008,20.4720269],[85.9076062,20.4710897],[85.9072834,20.4706114]]}},{"type":"Feature","properties":{"id":842469999,"highway":"primary"},"geometry":{"type":"LineString","coordinates":[[85.9225576,20.4955472],[85.9223035,20.4955339],[85.9215779,20.4955074],[85.921389,20.4954878],[85.921262,20.4954556],[85.9210478,20.4953449],[85.9209335,20.4953022]]}},{"type":"Feature","properties":{"id":842470000,"highway":"trunk"},"geometry":{"type":"LineString","coordinates":[[85.9188369,20.4923653],[85.9182595,20.4913672]]}},{"type":"Feature","properties":{"id":992099510,"highway":"residential"},"geometry":{"type":"LineString","coordinates":[[85.9010857,20.4393637],[85.9010857,20.4396291],[85.9010053,20.4400011],[85.9008443,20.4405871]]}},{"type":"Feature","properties":{"id":992099511,"highway":"residential"},"geometry":{"type":"LineString","coordinates":[[85.9021586,20.4391043],[85.9021586,20.4399207],[85.9021425,20.4399709],[85.9021528,20.4400091],[85.9021533,20.4400111],[85.9021264,20.4403932],[85.9020567,20.4408499]]}},{"type":"Feature","properties":{"id":992099512,"highway":"residential"},"geometry":{"type":"LineString","coordinates":[[85.909642,20.4411181],[85.9089393,20.441098],[85.908022,20.4410628],[85.9063729,20.4410225],[85.9054417,20.4409924]]}},{"type":"Feature","properties":{"id":992099513,"highway":"residential"},"geometry":{"type":"LineString","coordinates":[[85.909642,20.4411181],[85.9096259,20.4415303],[85.9095776,20.4415504],[85.9089339,20.4415102],[85.9080059,20.4414851],[85.9063322,20.4414499],[85.9054149,20.4414147]]}},{"type":"Feature","properties":{"id":992099514,"highway":"residential"},"geometry":{"type":"LineString","coordinates":[[85.9054631,20.4401981],[85.9054417,20.4405751],[85.9054417,20.4409924],[85.9054256,20.4410477],[85.9054149,20.4414147],[85.9053666,20.4416356]]}},{"type":"Feature","properties":{"id":992099515,"highway":"residential"},"geometry":{"type":"LineString","coordinates":[[85.9054631,20.4401981],[85.9057689,20.4402081],[85.9063644,20.4401931],[85.9063622,20.4406398],[85.9054417,20.4405751]]}},{"type":"Feature","properties":{"id":992099517,"highway":"residential"},"geometry":{"type":"LineString","coordinates":[[85.9050769,20.4383926],[85.9050715,20.4383921],[85.9048731,20.4375332],[85.9047014,20.4369451],[85.9046424,20.4366888],[85.9045727,20.4366184],[85.9039557,20.4364375],[85.9036661,20.4363068],[85.9035749,20.4362867],[85.9034729,20.4362214],[85.9029097,20.4359651],[85.9026254,20.4358796],[85.902164,20.4357741],[85.9017885,20.4356384],[85.9014398,20.4354876],[85.900721,20.4351308],[85.9005064,20.4350051],[85.9002489,20.4348242],[85.9001202,20.4347689],[85.9000182,20.4347588],[85.8997768,20.4346985],[85.897733,20.4345377]]}},{"type":"Feature","properties":{"id":992099518,"highway":"residential"},"geometry":{"type":"LineString","coordinates":[[85.9036714,20.4377352],[85.9037036,20.4374176],[85.903709,20.4371009],[85.9037626,20.4370859],[85.9044707,20.4370356],[85.9047014,20.4369451],[85.905487,20.4368192],[85.9057828,20.4367718],[85.9068586,20.4365995],[85.9069632,20.4369165]]}},{"type":"Feature","properties":{"id":992099519,"highway":"residential"},"geometry":{"type":"LineString","coordinates":[[85.9024912,20.4378207],[85.9024215,20.4373275]]}},{"type":"Feature","properties":{"id":992099520,"highway":"residential"},"geometry":{"type":"LineString","coordinates":[[85.9012091,20.4381187],[85.9011018,20.4375181]]}},{"type":"Feature","properties":{"id":992099521,"highway":"residential"},"geometry":{"type":"LineString","coordinates":[[85.9048731,20.4375332],[85.9060371,20.4373878],[85.90608,20.4373979],[85.9065414,20.4373878]]}},{"type":"Feature","properties":{"id":992099522,"highway":"residential"},"geometry":{"type":"LineString","coordinates":[[85.9061712,20.4381201],[85.90608,20.4373979]]}},{"type":"Feature","properties":{"id":992099523,"highway":"residential"},"geometry":{"type":"LineString","coordinates":[[85.9079146,20.4377193],[85.908038,20.4380969],[85.9081399,20.4383532]]}},{"type":"Feature","properties":{"id":992099524,"highway":"residential"},"geometry":{"type":"LineString","coordinates":[[85.909642,20.4411181],[85.9096581,20.4410728],[85.9096742,20.4408164],[85.9096527,20.4407159],[85.9096664,20.4403955],[85.9096688,20.4403388],[85.9096313,20.4402634],[85.9096045,20.4399719],[85.9093738,20.4390619],[85.9093255,20.4390267],[85.9088266,20.4390117],[85.9084028,20.4390066],[85.9081716,20.4390569]]}},{"type":"Feature","properties":{"id":992099525,"highway":"residential"},"geometry":{"type":"LineString","coordinates":[[85.9096313,20.4402634],[85.9089752,20.4402474],[85.9081274,20.4402277]]}},{"type":"Feature","properties":{"id":992099526,"highway":"residential"},"geometry":{"type":"LineString","coordinates":[[85.9093738,20.4390619],[85.9096414,20.4390452]]}},{"type":"Feature","properties":{"id":992099527,"highway":"residential"},"geometry":{"type":"LineString","coordinates":[[85.9088893,20.4419111],[85.9080219,20.441856],[85.9080059,20.4414851],[85.908022,20.4410628],[85.9080377,20.4406801],[85.9089537,20.4406746],[85.9096527,20.4407159]]}},{"type":"Feature","properties":{"id":992099528,"highway":"residential"},"geometry":{"type":"LineString","coordinates":[[85.9088926,20.4426551],[85.9089108,20.4422027],[85.9089269,20.4421574],[85.9088893,20.4419111],[85.9089108,20.4418609],[85.9089339,20.4415102],[85.9089393,20.441098],[85.9089537,20.4406746],[85.9089752,20.4402474]]}},{"type":"Feature","properties":{"id":992099529,"highway":"residential"},"geometry":{"type":"LineString","coordinates":[[85.9072018,20.4406439],[85.9071905,20.4401629]]}},{"type":"Feature","properties":{"id":992099530,"highway":"residential"},"geometry":{"type":"LineString","coordinates":[[85.9089269,20.4421574],[85.909642,20.4421475]]}},{"type":"Feature","properties":{"id":992099531,"highway":"residential"},"geometry":{"type":"LineString","coordinates":[[85.9084976,20.4444646],[85.9087659,20.4444193],[85.9092489,20.4443741],[85.9098499,20.4442032],[85.9100673,20.4440812]]}},{"type":"Feature","properties":{"id":992099532,"highway":"residential"},"geometry":{"type":"LineString","coordinates":[[85.9065923,20.444365],[85.9066335,20.4439485],[85.9069383,20.4439176],[85.9069859,20.4439049],[85.9070134,20.4438975],[85.9077913,20.443923]]}},{"type":"Feature","properties":{"id":992099533,"highway":"residential"},"geometry":{"type":"LineString","coordinates":[[85.9090725,20.4460425],[85.9085235,20.4461718],[85.9079614,20.4462917],[85.9071851,20.4464916]]}},{"type":"Feature","properties":{"id":992099534,"highway":"residential"},"geometry":{"type":"LineString","coordinates":[[85.9065817,20.4474476],[85.9075052,20.4473902]]}},{"type":"Feature","properties":{"id":992099535,"highway":"residential"},"geometry":{"type":"LineString","coordinates":[[85.9075052,20.4473902],[85.9076876,20.4473751],[85.9083331,20.4475459]]}},{"type":"Feature","properties":{"id":992099536,"highway":"residential"},"geometry":{"type":"LineString","coordinates":[[85.9085584,20.4480484],[85.9084189,20.447581],[85.9083331,20.4475459]]}},{"type":"Feature","properties":{"id":992099537,"highway":"residential"},"geometry":{"type":"LineString","coordinates":[[85.9070327,20.4493496],[85.9068788,20.4488832],[85.9067393,20.4486318],[85.906632,20.4484911],[85.9065948,20.4484449],[85.9065519,20.4483327],[85.906299,20.4483264],[85.9062075,20.4482734]]}},{"type":"Feature","properties":{"id":992099538,"highway":"residential"},"geometry":{"type":"LineString","coordinates":[[85.9078125,20.449577],[85.907555,20.4496172],[85.9075174,20.4496424],[85.9072411,20.4497278]]}},{"type":"Feature","properties":{"id":992099539,"highway":"residential"},"geometry":{"type":"LineString","coordinates":[[85.9063369,20.4509797],[85.9060095,20.4507635],[85.9059076,20.4506026],[85.905811,20.4504418],[85.9055255,20.4496541]]}},{"type":"Feature","properties":{"id":992099540,"highway":"residential"},"geometry":{"type":"LineString","coordinates":[[85.9048451,20.449673],[85.9049524,20.4498837],[85.9051241,20.4502356],[85.9053403,20.4507484],[85.9056393,20.4514573]]}},{"type":"Feature","properties":{"id":992099541,"highway":"residential"},"geometry":{"type":"LineString","coordinates":[[85.9033043,20.4494154],[85.9043675,20.4495368],[85.904609,20.4495971],[85.9046895,20.4496223],[85.9047555,20.4497211]]}},{"type":"Feature","properties":{"id":992099542,"highway":"residential"},"geometry":{"type":"LineString","coordinates":[[85.9047002,20.4483394],[85.9047807,20.4480889]]}},{"type":"Feature","properties":{"id":992099543,"highway":"residential"},"geometry":{"type":"LineString","coordinates":[[85.9041113,20.4476162],[85.9040754,20.4476966],[85.9039409,20.4481023]]}},{"type":"Feature","properties":{"id":992099544,"highway":"residential"},"geometry":{"type":"LineString","coordinates":[[85.9038894,20.447577],[85.9032937,20.4473735],[85.9032154,20.4474956],[85.9031564,20.4475358],[85.9031081,20.4475358],[85.9030276,20.4475258],[85.9029808,20.44751],[85.9028184,20.4474554],[85.9026151,20.4473882],[85.9023434,20.4473007]]}},{"type":"Feature","properties":{"id":992099545,"highway":"residential"},"geometry":{"type":"LineString","coordinates":[[85.9041113,20.4476162],[85.9041304,20.4475648],[85.904204,20.4473804],[85.904216,20.4473505],[85.9042668,20.4472242],[85.9043037,20.4471331],[85.9044141,20.4468361]]}},{"type":"Feature","properties":{"id":992099546,"highway":"residential"},"geometry":{"type":"LineString","coordinates":[[85.9038272,20.45054],[85.9044345,20.4518425],[85.9038525,20.4519143],[85.9038126,20.4519087],[85.9037907,20.4518881],[85.9033718,20.4509767]]}},{"type":"Feature","properties":{"id":992099547,"highway":"residential"},"geometry":{"type":"LineString","coordinates":[[85.903289,20.4519852],[85.9029745,20.4512793]]}},{"type":"Feature","properties":{"id":992099548,"highway":"residential"},"geometry":{"type":"LineString","coordinates":[[85.90527,20.4536088],[85.9051091,20.4527895]]}},{"type":"Feature","properties":{"id":992099549,"highway":"residential"},"geometry":{"type":"LineString","coordinates":[[85.9072066,20.456197],[85.9071744,20.4554987],[85.9069705,20.4555138],[85.9066862,20.4555892],[85.9066379,20.4557249],[85.9066219,20.4561904]]}},{"type":"Feature","properties":{"id":992099554,"highway":"residential"},"geometry":{"type":"LineString","coordinates":[[85.9006029,20.4502055],[85.9003347,20.4500949],[85.8998602,20.4498636]]}},{"type":"Feature","properties":{"id":992099555,"highway":"residential"},"geometry":{"type":"LineString","coordinates":[[85.9020818,20.4494124],[85.9017336,20.4500199],[85.9015851,20.4502767],[85.9013593,20.4506982]]}},{"type":"Feature","properties":{"id":992099556,"highway":"residential"},"geometry":{"type":"LineString","coordinates":[[85.9012145,20.4488078],[85.9012788,20.4488279],[85.9019231,20.4491849]]}},{"type":"Feature","properties":{"id":992100353,"highway":"residential"},"geometry":{"type":"LineString","coordinates":[[85.9020655,20.4491798],[85.9029455,20.4492854]]}},{"type":"Feature","properties":{"id":992100354,"highway":"residential"},"geometry":{"type":"LineString","coordinates":[[85.9004868,20.4484358],[85.9006673,20.4485414],[85.9012145,20.4488078],[85.9014827,20.4483403]]}},{"type":"Feature","properties":{"id":992100355,"highway":"residential"},"geometry":{"type":"LineString","coordinates":[[85.899736,20.4467981],[85.9001941,20.4468959],[85.9002703,20.4469174],[85.9008765,20.4472513]]}},{"type":"Feature","properties":{"id":992100357,"highway":"residential"},"geometry":{"type":"LineString","coordinates":[[85.9022562,20.44515],[85.902807,20.4454572],[85.9029204,20.4452694]]}},{"type":"Feature","properties":{"id":992100358,"highway":"residential"},"geometry":{"type":"LineString","coordinates":[[85.9025548,20.4446412],[85.9027755,20.4447417],[85.903092,20.444802],[85.9031748,20.4448253],[85.9043025,20.4451404],[85.9042294,20.4457348]]}},{"type":"Feature","properties":{"id":992100396,"highway":"residential"},"geometry":{"type":"LineString","coordinates":[[85.9008352,20.4603288],[85.9008985,20.4602738],[85.9010379,20.4600727],[85.901241,20.4594948]]}},{"type":"Feature","properties":{"id":992101035,"highway":"residential"},"geometry":{"type":"LineString","coordinates":[[85.9106437,20.4607004],[85.9105102,20.4607657],[85.9099897,20.460811],[85.9094531,20.4609416],[85.9092116,20.4610421]]}},{"type":"Feature","properties":{"id":992101036,"highway":"residential"},"geometry":{"type":"LineString","coordinates":[[85.9083745,20.4603184],[85.9093619,20.4596098],[85.9094424,20.4595546],[85.9095175,20.4594741],[85.909783,20.4592731]]}},{"type":"Feature","properties":{"id":992101037,"highway":"residential"},"geometry":{"type":"LineString","coordinates":[[85.9115674,20.4597355],[85.9110308,20.4599365],[85.9105257,20.4601647]]}},{"type":"Feature","properties":{"id":992101038,"highway":"residential"},"geometry":{"type":"LineString","coordinates":[[85.9108299,20.4611979],[85.9112615,20.4611477],[85.911503,20.4610673],[85.9116425,20.4609667],[85.911825,20.4608763]]}},{"type":"Feature","properties":{"id":992101039,"highway":"residential"},"geometry":{"type":"LineString","coordinates":[[85.9122489,20.4611527],[85.9111212,20.4618886],[85.9104673,20.4622533],[85.910095,20.4625046]]}},{"type":"Feature","properties":{"id":992101040,"highway":"residential"},"geometry":{"type":"LineString","coordinates":[[85.9086215,20.4632232],[85.9087126,20.4631077],[85.9090721,20.4628413],[85.9095068,20.46259],[85.9096624,20.4627961],[85.9097322,20.4629318],[85.9093029,20.4632082],[85.9090668,20.4633589],[85.9092599,20.4637069]]}},{"type":"Feature","properties":{"id":992101041,"highway":"residential"},"geometry":{"type":"LineString","coordinates":[[85.9076428,20.4617407],[85.9081062,20.4617457],[85.9084765,20.4616402],[85.9085409,20.4617005],[85.908734,20.462193],[85.9087877,20.4622784],[85.9089058,20.462595],[85.9090721,20.4628413]]}},{"type":"Feature","properties":{"id":992101042,"highway":"residential"},"geometry":{"type":"LineString","coordinates":[[85.907366,20.4621479],[85.9075205,20.4621578],[85.9079563,20.4621829],[85.9080528,20.462208],[85.908203,20.4626101],[85.9083639,20.4628804]]}},{"type":"Feature","properties":{"id":992101043,"highway":"residential"},"geometry":{"type":"LineString","coordinates":[[85.9076667,20.4604064],[85.9076238,20.4600973],[85.9075916,20.4600169],[85.9075487,20.4597505],[85.907436,20.4592731]]}},{"type":"Feature","properties":{"id":992101044,"highway":"residential"},"geometry":{"type":"LineString","coordinates":[[85.9076667,20.4604064],[85.9078462,20.4610838]]}},{"type":"Feature","properties":{"id":992101045,"highway":"residential"},"geometry":{"type":"LineString","coordinates":[[85.9076667,20.4604064],[85.9074699,20.4604196],[85.9065082,20.4604843],[85.9057934,20.4601741]]}},{"type":"Feature","properties":{"id":992101046,"highway":"residential"},"geometry":{"type":"LineString","coordinates":[[85.907098,20.4615899],[85.9073771,20.4615145],[85.9077284,20.4614643]]}},{"type":"Feature","properties":{"id":992101047,"highway":"residential"},"geometry":{"type":"LineString","coordinates":[[85.9078184,20.4642478],[85.9087355,20.4636805],[85.9088803,20.4636001]]}},{"type":"Feature","properties":{"id":992101048,"highway":"residential"},"geometry":{"type":"LineString","coordinates":[[85.9050708,20.4624241],[85.9043682,20.4627156],[85.9041805,20.4628111],[85.9038373,20.462987],[85.9037388,20.4630383]]}},{"type":"Feature","properties":{"id":992101050,"highway":"residential"},"geometry":{"type":"LineString","coordinates":[[85.903336,20.4618914],[85.9044755,20.461409],[85.9048188,20.4612733],[85.9048777,20.4612331],[85.904985,20.4612029],[85.9052103,20.461017],[85.9055385,20.4610723]]}},{"type":"Feature","properties":{"id":992101051,"highway":"residential"},"geometry":{"type":"LineString","coordinates":[[85.9077076,20.4646315],[85.90757,20.464403]]}},{"type":"Feature","properties":{"id":992101052,"highway":"unclassified"},"geometry":{"type":"LineString","coordinates":[[85.906571,20.4642847],[85.9064233,20.4640534]]}},{"type":"Feature","properties":{"id":992101053,"highway":"residential"},"geometry":{"type":"LineString","coordinates":[[85.9061175,20.4649673],[85.905919,20.4645652],[85.9058157,20.4643305],[85.9057299,20.464122]]}},{"type":"Feature","properties":{"id":992101054,"highway":"residential"},"geometry":{"type":"LineString","coordinates":[[85.9056347,20.4646506],[85.9054416,20.4642686],[85.9054255,20.4642327]]}},{"type":"Feature","properties":{"id":992101055,"highway":"residential"},"geometry":{"type":"LineString","coordinates":[[85.9056347,20.4646506],[85.9049534,20.4649623],[85.9045216,20.4651131]]}},{"type":"Feature","properties":{"id":992101056,"highway":"residential"},"geometry":{"type":"LineString","coordinates":[[85.9056347,20.4646506],[85.906021,20.4654096],[85.9060531,20.4655051],[85.9061229,20.4656107]]}},{"type":"Feature","properties":{"id":992101057,"highway":"residential"},"geometry":{"type":"LineString","coordinates":[[85.906316,20.4649572],[85.9065413,20.4653366]]}},{"type":"Feature","properties":{"id":992101058,"highway":"residential"},"geometry":{"type":"LineString","coordinates":[[85.9073084,20.4663797],[85.9069718,20.4659472],[85.9067881,20.4657112],[85.9066825,20.4655725],[85.9065413,20.4653366]]}},{"type":"Feature","properties":{"id":992101059,"highway":"residential"},"geometry":{"type":"LineString","coordinates":[[85.9068312,20.4651613],[85.9069866,20.4653874],[85.9069919,20.4653845],[85.9071314,20.4655855],[85.9073296,20.465874],[85.9076839,20.4663898]]}},{"type":"Feature","properties":{"id":992101060,"highway":"residential"},"geometry":{"type":"LineString","coordinates":[[85.9080058,20.4658494],[85.9083976,20.4663969]]}},{"type":"Feature","properties":{"id":992101061,"highway":"residential"},"geometry":{"type":"LineString","coordinates":[[85.9084423,20.4649321],[85.9089513,20.4646051]]}},{"type":"Feature","properties":{"id":992101063,"highway":"residential"},"geometry":{"type":"LineString","coordinates":[[85.9113694,20.4633689],[85.9116318,20.4637393]]}},{"type":"Feature","properties":{"id":992101064,"highway":"residential"},"geometry":{"type":"LineString","coordinates":[[85.9105131,20.4661196],[85.9109205,20.4666901]]}},{"type":"Feature","properties":{"id":992101065,"highway":"residential"},"geometry":{"type":"LineString","coordinates":[[85.91101,20.4670945],[85.9112376,20.4674354],[85.9114821,20.4677745]]}},{"type":"Feature","properties":{"id":992101066,"highway":"residential"},"geometry":{"type":"LineString","coordinates":[[85.9115142,20.4690536],[85.9113877,20.4688885],[85.911203,20.4686476],[85.9110314,20.4684226]]}},{"type":"Feature","properties":{"id":992101067,"highway":"residential"},"geometry":{"type":"LineString","coordinates":[[85.9077388,20.4671342],[85.9078129,20.4672342],[85.9078397,20.4673448],[85.9078504,20.4674504],[85.9078772,20.4674956],[85.9079041,20.4675258],[85.9079523,20.4675258],[85.9080167,20.4675157],[85.9080757,20.4674856],[85.908124,20.4674403],[85.9081937,20.4673901],[85.9082957,20.4673197],[85.9084029,20.4672544],[85.9085263,20.467184],[85.9086336,20.4671337],[85.9086712,20.4671538],[85.9087194,20.467189],[85.9088267,20.46737],[85.9089394,20.4675509],[85.9091848,20.467897],[85.9088275,20.4681409]]}},{"type":"Feature","properties":{"id":992101068,"highway":"residential"},"geometry":{"type":"LineString","coordinates":[[85.9089394,20.4675509],[85.9092666,20.4673549]]}},{"type":"Feature","properties":{"id":992101069,"highway":"residential"},"geometry":{"type":"LineString","coordinates":[[85.9094059,20.4701894],[85.9092826,20.4700487],[85.9091645,20.469908],[85.9091699,20.4698225],[85.9092021,20.4697421],[85.9093255,20.4695813],[85.909481,20.4693903],[85.9095776,20.4692597],[85.9096205,20.4692094],[85.909701,20.469129],[85.9097654,20.4690737],[85.9097975,20.4690737],[85.9098512,20.4691039],[85.9100336,20.4692898],[85.910216,20.4694707],[85.9107914,20.4701017]]}},{"type":"Feature","properties":{"id":992101070,"highway":"residential"},"geometry":{"type":"LineString","coordinates":[[85.9094059,20.4701894],[85.9097224,20.4698879],[85.910216,20.4694707]]}},{"type":"Feature","properties":{"id":992101073,"highway":"residential"},"geometry":{"type":"LineString","coordinates":[[85.9110831,20.469473],[85.9113511,20.4692034],[85.9115142,20.4690536],[85.9121308,20.4684085],[85.9119462,20.4681757]]}},{"type":"Feature","properties":{"id":992101074,"highway":"residential"},"geometry":{"type":"LineString","coordinates":[[85.9113511,20.4692034],[85.9113033,20.4691423],[85.911204,20.4690119],[85.9110235,20.4687605]]}},{"type":"Feature","properties":{"id":992101075,"highway":"residential"},"geometry":{"type":"LineString","coordinates":[[85.9110235,20.4687605],[85.9108541,20.4685323]]}},{"type":"Feature","properties":{"id":992101076,"highway":"residential"},"geometry":{"type":"LineString","coordinates":[[85.9088275,20.4681409],[85.9090465,20.4683852],[85.9090036,20.4684304],[85.9086764,20.4687822],[85.9083116,20.4690888],[85.9081529,20.4691843]]}},{"type":"Feature","properties":{"id":992101077,"highway":"residential"},"geometry":{"type":"LineString","coordinates":[[85.9094059,20.4701894],[85.9100309,20.4708721]]}},{"type":"Feature","properties":{"id":992101078,"highway":"residential"},"geometry":{"type":"LineString","coordinates":[[85.9085262,20.4709483],[85.9085637,20.4710237],[85.9088427,20.4713805],[85.9091459,20.4717702]]}},{"type":"Feature","properties":{"id":992101079,"highway":"residential"},"geometry":{"type":"LineString","coordinates":[[85.9085262,20.4709483],[85.9086174,20.4708629],[85.9087139,20.4707724],[85.9087783,20.4707523],[85.9088319,20.4707674],[85.9089446,20.470878],[85.9091806,20.4711896],[85.909414,20.4715101]]}},{"type":"Feature","properties":{"id":992101080,"highway":"residential"},"geometry":{"type":"LineString","coordinates":[[85.9085262,20.4709483],[85.9083652,20.4707774],[85.9080487,20.4703603]]}},{"type":"Feature","properties":{"id":992101081,"highway":"residential"},"geometry":{"type":"LineString","coordinates":[[85.9076362,20.472637],[85.9074157,20.4724209],[85.9071743,20.4720992]]}},{"type":"Feature","properties":{"id":992103070,"highway":"residential"},"geometry":{"type":"LineString","coordinates":[[85.9062468,20.4718228],[85.9061229,20.4716318],[85.9053617,20.4720942]]}},{"type":"Feature","properties":{"id":992103071,"highway":"residential"},"geometry":{"type":"LineString","coordinates":[[85.9032315,20.469849],[85.9033388,20.4703603]]}},{"type":"Feature","properties":{"id":992103072,"highway":"residential"},"geometry":{"type":"LineString","coordinates":[[85.9046056,20.4694435],[85.9041166,20.4687521],[85.904004,20.4685561],[85.9038342,20.4681594]]}},{"type":"Feature","properties":{"id":992103073,"highway":"residential"},"geometry":{"type":"LineString","coordinates":[[85.9016069,20.4705372],[85.9018077,20.4709911],[85.9018967,20.4712856]]}},{"type":"Feature","properties":{"id":992103074,"highway":"residential"},"geometry":{"type":"LineString","coordinates":[[85.9018403,20.4693551],[85.9021889,20.4702783]]}},{"type":"Feature","properties":{"id":992103075,"highway":"residential"},"geometry":{"type":"LineString","coordinates":[[85.9062809,20.4731194],[85.9065789,20.4728531]]}},{"type":"Feature","properties":{"id":992103076,"highway":"residential"},"geometry":{"type":"LineString","coordinates":[[85.9038278,20.4745265],[85.9036384,20.4747326],[85.9034828,20.474828],[85.9031179,20.4749455]]}},{"type":"Feature","properties":{"id":992103077,"highway":"residential"},"geometry":{"type":"LineString","coordinates":[[85.9033036,20.4759069],[85.9028279,20.4750904]]}},{"type":"Feature","properties":{"id":992103078,"highway":"residential"},"geometry":{"type":"LineString","coordinates":[[85.9016306,20.4752152],[85.9017818,20.475541],[85.9022467,20.4764034]]}},{"type":"Feature","properties":{"id":992103080,"highway":"residential"},"geometry":{"type":"LineString","coordinates":[[85.9016253,20.4779288],[85.901472,20.4778082],[85.9014183,20.477768],[85.9012681,20.4775268],[85.9011731,20.4773317],[85.9011225,20.4772278],[85.9010205,20.4770182],[85.9009194,20.4768105]]}},{"type":"Feature","properties":{"id":992103081,"highway":"residential"},"geometry":{"type":"LineString","coordinates":[[85.9007746,20.4768752],[85.900678,20.4767126],[85.9005332,20.4762854]]}},{"type":"Feature","properties":{"id":992103082,"highway":"residential"},"geometry":{"type":"LineString","coordinates":[[85.9033036,20.4759069],[85.9035989,20.4764589]]}},{"type":"Feature","properties":{"id":992105313,"highway":"residential"},"geometry":{"type":"LineString","coordinates":[[85.9014076,20.4681892],[85.9010214,20.4671539],[85.9004767,20.4656465]]}},{"type":"Feature","properties":{"id":992105314,"highway":"residential"},"geometry":{"type":"LineString","coordinates":[[85.9038342,20.4681594],[85.9037976,20.4680575],[85.9036445,20.4676313],[85.9036123,20.4674503],[85.9036391,20.4673548],[85.9037518,20.4672091],[85.9039932,20.467003],[85.9040039,20.4669376],[85.9039557,20.4668421],[85.9037733,20.466636],[85.9036874,20.4664903],[85.9034943,20.4659374],[85.9032261,20.4654398],[85.9033012,20.4653342],[85.9039528,20.4648885],[85.9040728,20.4648064]]}},{"type":"Feature","properties":{"id":992105315,"highway":"residential"},"geometry":{"type":"LineString","coordinates":[[85.9023938,20.4609897],[85.902963,20.4611275],[85.9030939,20.4611642]]}},{"type":"Feature","properties":{"id":1005386750,"highway":"residential"},"geometry":{"type":"LineString","coordinates":[[85.9021377,20.4646399],[85.9029849,20.4643132],[85.9030021,20.4642967],[85.9030012,20.4642765]]}},{"type":"Feature","properties":{"id":1005386751,"highway":"residential"},"geometry":{"type":"LineString","coordinates":[[85.9036445,20.4676313],[85.9030784,20.4678527]]}},{"type":"Feature","properties":{"id":1012133698,"highway":"tertiary"},"geometry":{"type":"LineString","coordinates":[[85.9053021,20.4671353],[85.9054088,20.4675195],[85.9054474,20.4676341],[85.9055485,20.4679348],[85.9056532,20.4680984],[85.9058173,20.4684025],[85.9061294,20.4691184]]}},{"type":"Feature","properties":{"id":1037023323,"highway":"residential"},"geometry":{"type":"LineString","coordinates":[[85.9031748,20.4448253],[85.9033889,20.4445958],[85.9034908,20.4443797],[85.9035391,20.4443495],[85.904156,20.4445254],[85.9042579,20.4442339],[85.9045154,20.4443093],[85.9048212,20.4443545],[85.9052434,20.4443924],[85.9053254,20.4443998],[85.9053819,20.4444069],[85.9062401,20.4445151]]}},{"type":"Feature","properties":{"id":1037023324,"highway":"residential"},"geometry":{"type":"LineString","coordinates":[[85.9052434,20.4443924],[85.905292,20.4440181],[85.9053012,20.4439719],[85.9058521,20.4440325],[85.9061146,20.4440614]]}},{"type":"Feature","properties":{"id":1037023325,"highway":"residential"},"geometry":{"type":"LineString","coordinates":[[85.9053819,20.4444069],[85.9053383,20.4445922],[85.9053337,20.4447428],[85.905329,20.4448982],[85.9053161,20.4453516],[85.9053105,20.4455449]]}},{"type":"Feature","properties":{"id":1037023326,"highway":"residential"},"geometry":{"type":"LineString","coordinates":[[85.9053337,20.4447428],[85.9060451,20.4447864]]}},{"type":"Feature","properties":{"id":1037023327,"highway":"residential"},"geometry":{"type":"LineString","coordinates":[[85.9053161,20.4453516],[85.9058911,20.4453488]]}},{"type":"Feature","properties":{"id":1037023328,"highway":"residential"},"geometry":{"type":"LineString","coordinates":[[85.9058521,20.4440325],[85.9058501,20.4437295],[85.9058898,20.4436836],[85.9059575,20.4436871],[85.9063522,20.4437076]]}},{"type":"Feature","properties":{"id":1037023329,"highway":"residential"},"geometry":{"type":"LineString","coordinates":[[85.9059575,20.4436871],[85.9059645,20.4432832]]}},{"type":"Feature","properties":{"id":1037023330,"highway":"residential"},"geometry":{"type":"LineString","coordinates":[[85.9069859,20.4439049],[85.9069387,20.4434373],[85.9069317,20.4433191]]}},{"type":"Feature","properties":{"id":1037023331,"highway":"residential"},"geometry":{"type":"LineString","coordinates":[[85.9066335,20.4439485],[85.9066422,20.4436072]]}},{"type":"Feature","properties":{"id":1037023332,"highway":"residential"},"geometry":{"type":"LineString","coordinates":[[85.9057292,20.4417894],[85.905656,20.4422138],[85.9056398,20.4428347]]}},{"type":"Feature","properties":{"id":1037023333,"highway":"residential"},"geometry":{"type":"LineString","coordinates":[[85.9106722,20.4445909],[85.9105709,20.4446381],[85.9098891,20.4449],[85.9099163,20.4449879],[85.9099357,20.4450668],[85.908981,20.4452881]]}},{"type":"Feature","properties":{"id":1037023334,"highway":"secondary"},"geometry":{"type":"LineString","coordinates":[[85.9058391,20.4417894],[85.9060482,20.4419187],[85.9061527,20.4419609],[85.9074591,20.4424881],[85.9078357,20.4426498],[85.908127,20.4428047],[85.9082487,20.4428607],[85.9088759,20.4432267],[85.9091328,20.4434029],[85.9098383,20.4439131],[85.9099699,20.4440097],[85.9100673,20.4440812]]}},{"type":"Feature","properties":{"id":1037023335,"highway":"residential"},"geometry":{"type":"LineString","coordinates":[[85.9100951,20.4439928],[85.9103598,20.4438413],[85.9106656,20.4437609]]}},{"type":"Feature","properties":{"id":1037023336,"highway":"secondary"},"geometry":{"type":"LineString","coordinates":[[85.9100673,20.4440812],[85.9103933,20.4443213],[85.9104699,20.4443336]]}},{"type":"Feature","properties":{"id":1037023337,"highway":"secondary"},"geometry":{"type":"LineString","coordinates":[[85.9104699,20.4443336],[85.9104497,20.4442601],[85.9100951,20.4439928],[85.9100233,20.4439412],[85.9096048,20.4436408],[85.9090952,20.4432839],[85.9089725,20.4432095],[85.9086767,20.4430301],[85.908286,20.4427933],[85.9078828,20.4425802],[85.9076997,20.4424967],[85.9073705,20.4423465],[85.9064666,20.4419846],[85.9062332,20.4418916],[85.9061759,20.4418767],[85.9058391,20.4417894]]}},{"type":"Feature","properties":{"id":1037023338,"highway":"residential"},"geometry":{"type":"LineString","coordinates":[[85.9082487,20.4428607],[85.908286,20.4427933],[85.90839,20.4427058],[85.9088926,20.4426551]]}},{"type":"Feature","properties":{"id":1037023339,"highway":"residential"},"geometry":{"type":"LineString","coordinates":[[85.9089725,20.4432095],[85.9088926,20.4426551]]}},{"type":"Feature","properties":{"id":1037023340,"highway":"secondary"},"geometry":{"type":"LineString","coordinates":[[85.9099699,20.4440097],[85.9100233,20.4439412]]}},{"type":"Feature","properties":{"id":1037023341,"highway":"residential"},"geometry":{"type":"LineString","coordinates":[[85.9076997,20.4424967],[85.9077609,20.4423144],[85.9077959,20.4421678],[85.9077796,20.441938]]}},{"type":"Feature","properties":{"id":1037023342,"highway":"residential"},"geometry":{"type":"LineString","coordinates":[[85.9091328,20.4434029],[85.9090755,20.4435527],[85.9090685,20.4437497],[85.9090965,20.4440232]]}},{"type":"Feature","properties":{"id":1039072098,"highway":"unclassified"},"geometry":{"type":"LineString","coordinates":[[85.9168866,20.4097388],[85.9166801,20.409779],[85.9163395,20.4097287],[85.9159479,20.4096432],[85.9157547,20.4096357],[85.9155509,20.4097036],[85.9152639,20.4098971],[85.9149635,20.4099499],[85.9144029,20.4101008],[85.9138986,20.4102315],[85.913617,20.4103597],[85.9133434,20.4105708],[85.9130859,20.4107066],[85.9126541,20.4108398],[85.9119272,20.4109906],[85.9114739,20.4110912],[85.9112513,20.4110862],[85.9109992,20.4111591],[85.9108812,20.4112873],[85.9108946,20.4114029],[85.9108677,20.4115261],[85.9107658,20.4115889],[85.9104547,20.4116744],[85.9099719,20.4118504],[85.9093335,20.4120867],[85.9092423,20.4121696],[85.9090626,20.4123506],[85.9089017,20.4124512],[85.9087468,20.4124783]]}},{"type":"Feature","properties":{"id":1039072120,"highway":"unclassified"},"geometry":{"type":"LineString","coordinates":[[85.9072602,20.4262789],[85.9068471,20.4264246],[85.9068007,20.4264437],[85.9052901,20.4270618],[85.9050339,20.427141],[85.9048033,20.4272441],[85.905101,20.4280207]]}},{"type":"Feature","properties":{"id":1049832655,"highway":"residential"},"geometry":{"type":"LineString","coordinates":[[85.9018403,20.4693551],[85.9015136,20.4684748],[85.9014076,20.4681892]]}},{"type":"Feature","properties":{"id":1060422033,"highway":"residential"},"geometry":{"type":"LineString","coordinates":[[85.9018681,20.4519631],[85.9016383,20.4515292],[85.9015987,20.4514699],[85.9015547,20.4513965],[85.9012169,20.4511383]]}},{"type":"Feature","properties":{"id":1061961419,"highway":"residential"},"geometry":{"type":"LineString","coordinates":[[85.9005662,20.4688189],[85.9003636,20.468413]]}},{"type":"Feature","properties":{"id":1061961420,"highway":"residential"},"geometry":{"type":"LineString","coordinates":[[85.8999882,20.4685805],[85.900126,20.4688238]]}},{"type":"Feature","properties":{"id":1062765803,"highway":"residential"},"geometry":{"type":"LineString","coordinates":[[85.906169,20.4642105],[85.9059324,20.4642851],[85.9058756,20.4643044],[85.9058157,20.4643305]]}},{"type":"Feature","properties":{"id":1062778438,"highway":"residential"},"geometry":{"type":"LineString","coordinates":[[85.9038161,20.4637822],[85.9036916,20.4638353]]}},{"type":"Feature","properties":{"id":1062778439,"highway":"residential"},"geometry":{"type":"LineString","coordinates":[[85.9021317,20.4610395],[85.9022224,20.4615672],[85.9023215,20.4618093],[85.903178,20.4634142],[85.9039528,20.4648885],[85.904806,20.4664979],[85.9053723,20.4675623],[85.9054474,20.4676341]]}},{"type":"Feature","properties":{"id":1065400533,"highway":"residential"},"geometry":{"type":"LineString","coordinates":[[85.9096707,20.4590216],[85.9088142,20.4592966],[85.9080334,20.4596936],[85.908297,20.4601407]]}},{"type":"Feature","properties":{"id":1065400534,"highway":"residential"},"geometry":{"type":"LineString","coordinates":[[85.9080334,20.4596936],[85.9078138,20.4594019],[85.9076497,20.459184]]}},{"type":"Feature","properties":{"id":1065400535,"highway":"residential"},"geometry":{"type":"LineString","coordinates":[[85.9078138,20.4594019],[85.9081469,20.4592559],[85.9081936,20.4591965],[85.9081936,20.4591403]]}},{"type":"Feature","properties":{"id":1069579292,"highway":"residential"},"geometry":{"type":"LineString","coordinates":[[85.9008815,20.4738573],[85.9008332,20.4737605],[85.9004347,20.4729611]]}},{"type":"Feature","properties":{"id":1069579293,"highway":"residential"},"geometry":{"type":"LineString","coordinates":[[85.9004347,20.4729611],[85.9000901,20.4722769]]}},{"type":"Feature","properties":{"id":1069579294,"highway":"residential"},"geometry":{"type":"LineString","coordinates":[[85.9009069,20.4720468],[85.9008811,20.4718812]]}},{"type":"Feature","properties":{"id":1069895371,"highway":"residential"},"geometry":{"type":"LineString","coordinates":[[85.9002033,20.4451068],[85.9000105,20.444629],[85.8997352,20.4439469]]}},{"type":"Feature","properties":{"id":1072611631,"highway":"residential"},"geometry":{"type":"LineString","coordinates":[[85.9251505,20.4547787],[85.9260571,20.4542359],[85.9260893,20.4542007],[85.9262717,20.4541002],[85.9268886,20.4536729],[85.9276611,20.4532005],[85.9285998,20.4525621],[85.9286266,20.4524867],[85.9286105,20.4524566],[85.9285802,20.4524265],[85.9285194,20.4523661],[85.9283262,20.4521198],[85.9282818,20.4520821],[85.9282136,20.4520243],[85.9277952,20.451577],[85.9276342,20.4513407],[85.9275377,20.451205]]}},{"type":"Feature","properties":{"id":1072611632,"highway":"residential"},"geometry":{"type":"LineString","coordinates":[[85.9285802,20.4524265],[85.9293445,20.452131],[85.9297742,20.4519253],[85.929975,20.4517241],[85.9307222,20.4512996]]}},{"type":"Feature","properties":{"id":1072611633,"highway":"residential"},"geometry":{"type":"LineString","coordinates":[[85.9269315,20.4516386],[85.9272092,20.4520592],[85.9273614,20.4522283],[85.9275383,20.452351],[85.9277436,20.4524173],[85.9281011,20.4522084],[85.9282818,20.4520821]]}},{"type":"Feature","properties":{"id":1072611645,"highway":"residential"},"geometry":{"type":"LineString","coordinates":[[85.9091953,20.457712],[85.9071749,20.4583262]]}},{"type":"Feature","properties":{"id":1072611646,"highway":"residential"},"geometry":{"type":"LineString","coordinates":[[85.9093271,20.458009],[85.9072929,20.4586127],[85.9073895,20.4588691],[85.907942,20.4587434],[85.9081469,20.4592559]]}},{"type":"Feature","properties":{"id":1073812539,"highway":"residential"},"geometry":{"type":"LineString","coordinates":[[85.9074952,20.4729219],[85.907736,20.4730905],[85.9079368,20.4731517],[85.908203,20.4734689],[85.9083595,20.4737095]]}},{"type":"Feature","properties":{"id":1074097820,"highway":"residential"},"geometry":{"type":"LineString","coordinates":[[85.9201948,20.4582987],[85.9196037,20.4577535],[85.9195393,20.4576941],[85.9194427,20.4576187]]}},{"type":"Feature","properties":{"id":1074097821,"highway":"residential"},"geometry":{"type":"LineString","coordinates":[[85.9194427,20.4576187],[85.9182897,20.4581466]]}},{"type":"Feature","properties":{"id":1074097822,"highway":"residential"},"geometry":{"type":"LineString","coordinates":[[85.9194427,20.4576187],[85.9194914,20.4575397],[85.9195397,20.4574593],[85.9195343,20.4573538],[85.9195236,20.4572482],[85.9195397,20.4571929],[85.9195612,20.4571577],[85.9195719,20.4571125],[85.9195719,20.4570622],[85.9195612,20.457022],[85.9193358,20.4567104],[85.9191587,20.4564943],[85.9189012,20.4562781],[85.9186329,20.4560635]]}},{"type":"Feature","properties":{"id":1081995521,"highway":"residential"},"geometry":{"type":"LineString","coordinates":[[85.9085719,20.4382853],[85.9092466,20.4380972],[85.9100012,20.4378869],[85.9101515,20.4378224],[85.9105543,20.4376497]]}},{"type":"Feature","properties":{"id":1081995522,"highway":"residential"},"geometry":{"type":"LineString","coordinates":[[85.9101515,20.4378224],[85.9101032,20.4377404],[85.9100612,20.4376091]]}},{"type":"Feature","properties":{"id":1081995523,"highway":"residential"},"geometry":{"type":"LineString","coordinates":[[85.9093738,20.4390619],[85.9092287,20.4385966],[85.9091779,20.4384084],[85.9092727,20.4383795],[85.9092622,20.4382181],[85.9092466,20.4380972]]}},{"type":"Feature","properties":{"id":1081995524,"highway":"residential"},"geometry":{"type":"LineString","coordinates":[[85.9092287,20.4385966],[85.9095927,20.4385105],[85.9098791,20.4384318],[85.9100005,20.4383312],[85.9107833,20.4380609]]}},{"type":"Feature","properties":{"id":1081995525,"highway":"residential"},"geometry":{"type":"LineString","coordinates":[[85.9095927,20.4385105],[85.9095098,20.4382372]]}},{"type":"Feature","properties":{"id":1082833276,"highway":"residential"},"geometry":{"type":"LineString","coordinates":[[85.9092353,20.4494214],[85.9088608,20.4495444],[85.9087824,20.4495702],[85.9085909,20.4491457],[85.9085489,20.4489488],[85.9085395,20.4487082],[85.9086469,20.4486732],[85.9085584,20.4480484]]}},{"type":"Feature","properties":{"id":1082833278,"highway":"residential"},"geometry":{"type":"LineString","coordinates":[[85.9078125,20.449577],[85.9085373,20.4494254],[85.9084017,20.448952],[85.9079189,20.4490651],[85.9074158,20.4491829],[85.9075174,20.4496424]]}},{"type":"Feature","properties":{"id":1082833279,"highway":"residential"},"geometry":{"type":"LineString","coordinates":[[85.9079189,20.4490651],[85.9078533,20.4487788],[85.9082292,20.448721],[85.9085395,20.4487082]]}},{"type":"Feature","properties":{"id":1083158281,"highway":"residential"},"geometry":{"type":"LineString","coordinates":[[85.9047249,20.4520857],[85.9046903,20.4519398],[85.9046669,20.4518415],[85.9052657,20.45176],[85.9052692,20.4515827],[85.9050809,20.4515506],[85.9048601,20.4510046],[85.9047385,20.4507551]]}},{"type":"Feature","properties":{"id":1083158282,"highway":"residential"},"geometry":{"type":"LineString","coordinates":[[85.9048601,20.4510046],[85.9053403,20.4507484]]}},{"type":"Feature","properties":{"id":1083932370,"highway":"residential"},"geometry":{"type":"LineString","coordinates":[[85.9069718,20.4659472],[85.9067767,20.4660865],[85.9067519,20.4661296],[85.9067767,20.4661827],[85.9067696,20.4662291],[85.9064086,20.4664844],[85.906536,20.4666038],[85.9065431,20.4666601],[85.9063024,20.4668359],[85.9062458,20.4668359],[85.9061502,20.4667463],[85.9058635,20.4663949],[85.9057892,20.466365],[85.9056016,20.4664977],[85.9055344,20.4665176],[85.9054601,20.4664711],[85.9054034,20.4664744],[85.9052532,20.4665449]]}},{"type":"Feature","properties":{"id":1083932371,"highway":"residential"},"geometry":{"type":"LineString","coordinates":[[85.9064086,20.4664844],[85.9061608,20.4662026],[85.9061608,20.4661694],[85.9062528,20.4660865]]}},{"type":"Feature","properties":{"id":1083932372,"highway":"residential"},"geometry":{"type":"LineString","coordinates":[[85.9067696,20.4662291],[85.9070102,20.4665507],[85.9069925,20.4666336],[85.9069218,20.466743],[85.9069253,20.4668292],[85.9072384,20.4671892]]}},{"type":"Feature","properties":{"id":1086594856,"highway":"unclassified"},"geometry":{"type":"LineString","coordinates":[[85.912932,20.4567896],[85.912895,20.4566852],[85.9128561,20.4565754],[85.9127989,20.456237],[85.912772,20.4558349],[85.9127488,20.4556104],[85.9127309,20.4555434],[85.9126969,20.4554764],[85.9125235,20.4551396],[85.9122946,20.4545834],[85.9121464,20.4541905]]}},{"type":"Feature","properties":{"id":1086594857,"highway":"unclassified"},"geometry":{"type":"LineString","coordinates":[[85.9146105,20.4550475],[85.9145917,20.455043],[85.9145633,20.4550552],[85.9139168,20.4556852],[85.9138678,20.4557335],[85.9130214,20.4565662],[85.912895,20.4566852],[85.9125388,20.4570145]]}},{"type":"Feature","properties":{"id":1086594858,"highway":"unclassified"},"geometry":{"type":"LineString","coordinates":[[85.9139523,20.4558103],[85.9138678,20.4557335]]}},{"type":"Feature","properties":{"id":1086594859,"highway":"unclassified"},"geometry":{"type":"LineString","coordinates":[[85.9125703,20.4571505],[85.9124786,20.4570702]]}},{"type":"Feature","properties":{"id":1086629301,"highway":"residential"},"geometry":{"type":"LineString","coordinates":[[85.905172,20.4461184],[85.9051188,20.4464085],[85.9050954,20.4464835],[85.905022,20.446496],[85.9038675,20.4464022],[85.902426,20.4465773],[85.9012581,20.4469357]]}},{"type":"Feature","properties":{"id":1086629302,"highway":"residential"},"geometry":{"type":"LineString","coordinates":[[85.9049479,20.4460767],[85.9049326,20.4460442],[85.9049415,20.4460094],[85.9049972,20.4458985],[85.9050216,20.44585],[85.9050632,20.445824],[85.9051041,20.4458182],[85.9051554,20.4458232],[85.9054154,20.4458562],[85.9058331,20.4458981]]}},{"type":"Feature","properties":{"id":1094119890,"highway":"tertiary"},"geometry":{"type":"LineString","coordinates":[[85.9171076,20.4551616],[85.9170014,20.4550954],[85.916969,20.4550379],[85.91637,20.4535596],[85.9163612,20.4535369]]}},{"type":"Feature","properties":{"id":1094119891,"highway":"tertiary"},"geometry":{"type":"LineString","coordinates":[[85.9160199,20.4526608],[85.9163483,20.4535038]]}},{"type":"Feature","properties":{"id":1094119892,"highway":"residential"},"geometry":{"type":"LineString","coordinates":[[85.91637,20.4535596],[85.9165601,20.4534804]]}},{"type":"Feature","properties":{"id":1095082778,"highway":"residential"},"geometry":{"type":"LineString","coordinates":[[85.9105352,20.4376185],[85.9107967,20.437541],[85.9111188,20.4375443],[85.9114939,20.4375973],[85.9119788,20.4378826],[85.9121699,20.4377963],[85.9122832,20.4376438],[85.912853,20.4374315]]}},{"type":"Feature","properties":{"id":1095082779,"highway":"residential"},"geometry":{"type":"LineString","coordinates":[[85.9117955,20.4387432],[85.9114632,20.4379837],[85.9112866,20.4380369],[85.9111188,20.4375443]]}},{"type":"Feature","properties":{"id":1095082780,"highway":"residential"},"geometry":{"type":"LineString","coordinates":[[85.9113014,20.4389265],[85.9117955,20.4387432],[85.9121686,20.4386048],[85.9126514,20.438454],[85.9130806,20.4383535],[85.9132604,20.4383184],[85.9133683,20.4382828],[85.9134543,20.4382284]]}},{"type":"Feature","properties":{"id":1103761736,"highway":"residential"},"geometry":{"type":"LineString","coordinates":[[85.9053723,20.4675623],[85.9051712,20.4677005],[85.904912,20.4678289],[85.9043994,20.468016],[85.904298,20.4679183],[85.9037976,20.4680575]]}},{"type":"Feature","properties":{"id":1103809190,"highway":"residential"},"geometry":{"type":"LineString","coordinates":[[85.9008332,20.4737605],[85.9003334,20.4739483],[85.9003036,20.4740237],[85.9003275,20.4741661],[85.9001204,20.47427]]}},{"type":"Feature","properties":{"id":1108570664,"highway":"residential"},"geometry":{"type":"LineString","coordinates":[[85.9096664,20.4403955],[85.9102549,20.440303],[85.9108733,20.4401829],[85.911275,20.4401344],[85.9115417,20.4400676]]}},{"type":"Feature","properties":{"id":1108570665,"highway":"residential"},"geometry":{"type":"LineString","coordinates":[[85.9115075,20.4399791],[85.9121227,20.4397817],[85.9125048,20.4396591],[85.9126469,20.4396135],[85.9130806,20.4394744]]}},{"type":"Feature","properties":{"id":1109190809,"highway":"residential"},"geometry":{"type":"LineString","coordinates":[[85.9276149,20.4495835],[85.9277247,20.4502551],[85.9277486,20.4503309],[85.9278737,20.4507274]]}},{"type":"Feature","properties":{"id":1109190810,"highway":"unclassified"},"geometry":{"type":"LineString","coordinates":[[85.9249604,20.4529412],[85.9250244,20.4528097],[85.9251666,20.4527519],[85.9252632,20.452679],[85.9254831,20.4525709],[85.9256628,20.4524578],[85.9257996,20.4523649],[85.9259471,20.4522694],[85.9259579,20.4520809],[85.9260082,20.4520237],[85.9260464,20.4519803],[85.9262744,20.4519326],[85.9263951,20.4518798],[85.9266499,20.4518019],[85.9269315,20.4516386],[85.9271568,20.4514928],[85.9273794,20.4513646],[85.9275377,20.451205],[85.9275806,20.4511636],[85.9276798,20.45095],[85.9278193,20.4508293]]}},{"type":"Feature","properties":{"id":1109190811,"highway":"unclassified"},"geometry":{"type":"LineString","coordinates":[[85.9278737,20.4507274],[85.9278193,20.4508293]]}},{"type":"Feature","properties":{"id":1109620526,"highway":"residential"},"geometry":{"type":"LineString","coordinates":[[85.9139077,20.4533359],[85.914074,20.4542228],[85.9141417,20.4545836],[85.914186,20.4548198]]}},{"type":"Feature","properties":{"id":1109620527,"highway":"residential"},"geometry":{"type":"LineString","coordinates":[[85.9141417,20.4545836],[85.9148833,20.4542842]]}},{"type":"Feature","properties":{"id":1109620528,"highway":"residential"},"geometry":{"type":"LineString","coordinates":[[85.914074,20.4542228],[85.914728,20.453961]]}},{"type":"Feature","properties":{"id":1109922786,"highway":"residential"},"geometry":{"type":"LineString","coordinates":[[85.9002033,20.4451068],[85.9010743,20.4447831],[85.9011608,20.444906],[85.9014528,20.4450233],[85.9015363,20.4448502]]}},{"type":"Feature","properties":{"id":1109922787,"highway":"residential"},"geometry":{"type":"LineString","coordinates":[[85.9014528,20.4450233],[85.901429,20.4451155]]}},{"type":"Feature","properties":{"id":1110012584,"highway":"residential"},"geometry":{"type":"LineString","coordinates":[[85.9201187,20.4524779],[85.9197043,20.4517624],[85.9195196,20.4513393]]}},{"type":"Feature","properties":{"id":1110170693,"highway":"residential"},"geometry":{"type":"LineString","coordinates":[[85.9221608,20.4574403],[85.9224391,20.4578269]]}},{"type":"Feature","properties":{"id":1110170694,"highway":"residential"},"geometry":{"type":"LineString","coordinates":[[85.9224391,20.4578269],[85.9225701,20.4579819]]}},{"type":"Feature","properties":{"id":1110170699,"highway":"residential"},"geometry":{"type":"LineString","coordinates":[[85.9084856,20.4545946],[85.9088477,20.454539],[85.9092172,20.4546116],[85.9093841,20.4546897]]}},{"type":"Feature","properties":{"id":1110946144,"highway":"tertiary"},"geometry":{"type":"LineString","coordinates":[[85.9150792,20.4657706],[85.9151565,20.4657913],[85.9152132,20.4658065]]}},{"type":"Feature","properties":{"id":1115999768,"highway":"residential"},"geometry":{"type":"LineString","coordinates":[[85.9014827,20.4483403],[85.9018063,20.447825]]}},{"type":"Feature","properties":{"id":1118833467,"highway":"residential"},"geometry":{"type":"LineString","coordinates":[[85.9044345,20.4518425],[85.9046669,20.4518415]]}},{"type":"Feature","properties":{"id":1118833468,"highway":"residential"},"geometry":{"type":"LineString","coordinates":[[85.9046669,20.4518415],[85.9041394,20.4507517]]}},{"type":"Feature","properties":{"id":1119598641,"highway":"residential"},"geometry":{"type":"LineString","coordinates":[[85.9062409,20.4534455],[85.906347,20.4538904],[85.9063682,20.4539435],[85.906439,20.4539965],[85.9065204,20.4540297],[85.9065699,20.4540595],[85.9066124,20.4541192],[85.9066549,20.4542486],[85.9066584,20.4543248],[85.9066336,20.4543878],[85.9064602,20.4544707],[85.9064319,20.4545039],[85.9064354,20.4545769],[85.9064708,20.4546797],[85.9064885,20.4547626],[85.9064779,20.4548123],[85.9064319,20.4548753],[85.9062974,20.4549648],[85.9061558,20.4550345],[85.9060603,20.455061],[85.9057828,20.4551426]]}},{"type":"Feature","properties":{"id":1119598642,"highway":"residential"},"geometry":{"type":"LineString","coordinates":[[85.9068465,20.4552695],[85.9070619,20.455187],[85.9070819,20.4551647],[85.9070831,20.4551472],[85.9070725,20.4551074],[85.9070123,20.4549947],[85.9069168,20.4548554],[85.9067929,20.4546797],[85.9066938,20.4545006],[85.9066336,20.4543878]]}},{"type":"Feature","properties":{"id":1119598643,"highway":"residential"},"geometry":{"type":"LineString","coordinates":[[85.9070725,20.4551074],[85.9072034,20.4550709],[85.9073344,20.4550312],[85.9074547,20.4550013],[85.9075786,20.4549781],[85.9077095,20.4549615],[85.9078334,20.4549416],[85.9080175,20.4549051],[85.9085199,20.454828]]}},{"type":"Feature","properties":{"id":1120068160,"highway":"residential"},"geometry":{"type":"LineString","coordinates":[[85.9024478,20.4544349],[85.9020561,20.4536751],[85.9020365,20.4536272]]}},{"type":"Feature","properties":{"id":1120068161,"highway":"residential"},"geometry":{"type":"LineString","coordinates":[[85.9020365,20.4536272],[85.9024415,20.4534687]]}},{"type":"Feature","properties":{"id":1120068162,"highway":"residential"},"geometry":{"type":"LineString","coordinates":[[85.9021222,20.4545962],[85.9016443,20.4537112]]}},{"type":"Feature","properties":{"id":1120068163,"highway":"residential"},"geometry":{"type":"LineString","coordinates":[[85.9019838,20.4546708],[85.9014983,20.453876]]}},{"type":"Feature","properties":{"id":1123860067,"highway":"residential"},"geometry":{"type":"LineString","coordinates":[[85.9125064,20.4539859],[85.9124188,20.4537006],[85.9124046,20.4536568],[85.9123456,20.4535063],[85.912293,20.4533723]]}},{"type":"Feature","properties":{"id":1125581206,"highway":"residential"},"geometry":{"type":"LineString","coordinates":[[85.9088275,20.4681409],[85.9087254,20.4679977],[85.9081837,20.4684352],[85.9080576,20.4683433],[85.9074085,20.4686233]]}},{"type":"Feature","properties":{"id":1125581207,"highway":"residential"},"geometry":{"type":"LineString","coordinates":[[85.9065814,20.4690462],[85.9071587,20.4687277],[85.9072006,20.4686906],[85.9072897,20.4686116],[85.9073498,20.4685884],[85.9074085,20.4686233]]}},{"type":"Feature","properties":{"id":1125581208,"highway":"residential"},"geometry":{"type":"LineString","coordinates":[[85.907663,20.4693348],[85.9072006,20.4686906]]}},{"type":"Feature","properties":{"id":1127729602,"highway":"residential"},"geometry":{"type":"LineString","coordinates":[[85.9260082,20.4520237],[85.925562,20.4511545],[85.9253293,20.4509372]]}},{"type":"Feature","properties":{"id":1127976174,"highway":"residential"},"geometry":{"type":"LineString","coordinates":[[85.9075147,20.4632042],[85.9072661,20.4626688]]}},{"type":"Feature","properties":{"id":1130978148,"highway":"residential"},"geometry":{"type":"LineString","coordinates":[[85.92183,20.4387048],[85.9209439,20.4388253]]}},{"type":"Feature","properties":{"id":1130978149,"highway":"residential"},"geometry":{"type":"LineString","coordinates":[[85.92183,20.4387048],[85.9218568,20.438725],[85.9219963,20.4389814],[85.9221197,20.4391171],[85.9221626,20.4391422],[85.9222269,20.4392784]]}},{"type":"Feature","properties":{"id":1131233298,"highway":"residential"},"geometry":{"type":"LineString","coordinates":[[85.9247141,20.4502127],[85.9247892,20.4504461],[85.9248161,20.4506772],[85.9248322,20.450848],[85.9248644,20.4508882],[85.9250093,20.4512476]]}},{"type":"Feature","properties":{"id":1131233299,"highway":"residential"},"geometry":{"type":"LineString","coordinates":[[85.9248161,20.4506772],[85.925376,20.4506834],[85.9267637,20.4505288],[85.9272685,20.450441]]}},{"type":"Feature","properties":{"id":1131233300,"highway":"residential"},"geometry":{"type":"LineString","coordinates":[[85.9272685,20.450441],[85.9274886,20.4510038],[85.9275806,20.4511636]]}},{"type":"Feature","properties":{"id":1131233301,"highway":"residential"},"geometry":{"type":"LineString","coordinates":[[85.9276342,20.4513407],[85.9283155,20.4509525]]}},{"type":"Feature","properties":{"id":1131233302,"highway":"residential"},"geometry":{"type":"LineString","coordinates":[[85.9272685,20.450441],[85.9277486,20.4503309],[85.9296886,20.449527]]}},{"type":"Feature","properties":{"id":1131233303,"highway":"residential"},"geometry":{"type":"LineString","coordinates":[[85.9294682,20.4489588],[85.9296886,20.449527]]}},{"type":"Feature","properties":{"id":1132773673,"highway":"residential"},"geometry":{"type":"LineString","coordinates":[[85.9156899,20.4672162],[85.9159732,20.4675574],[85.9160456,20.4675172],[85.9162737,20.4677214]]}},{"type":"Feature","properties":{"id":1132773674,"highway":"residential"},"geometry":{"type":"LineString","coordinates":[[85.9153407,20.4683558],[85.9152329,20.4681755],[85.9152302,20.4681253],[85.9152812,20.4680574],[85.9159732,20.4675574]]}},{"type":"Feature","properties":{"id":1133109532,"highway":"residential"},"geometry":{"type":"LineString","coordinates":[[85.9012169,20.4511383],[85.9011897,20.4510962],[85.9011897,20.4510459],[85.9012111,20.4509957],[85.9013593,20.4506982]]}},{"type":"Feature","properties":{"id":1134779678,"highway":"residential"},"geometry":{"type":"LineString","coordinates":[[85.9095068,20.46259],[85.9097317,20.4624491],[85.9099,20.4623435],[85.9099647,20.4623002],[85.910065,20.4624543]]}},{"type":"Feature","properties":{"id":1134779679,"highway":"residential"},"geometry":{"type":"LineString","coordinates":[[85.9101932,20.4626695],[85.9099855,20.4627877],[85.9097322,20.4629318]]}},{"type":"Feature","properties":{"id":1134779680,"highway":"residential"},"geometry":{"type":"LineString","coordinates":[[85.9099855,20.4627877],[85.9097317,20.4624491]]}},{"type":"Feature","properties":{"id":1134791513,"highway":"residential"},"geometry":{"type":"LineString","coordinates":[[85.9229056,20.4530637],[85.9230704,20.4526641],[85.923387,20.4523324],[85.9241383,20.4517444],[85.9243289,20.4516254],[85.9243958,20.4515836],[85.9246288,20.4514551]]}},{"type":"Feature","properties":{"id":1134791514,"highway":"residential"},"geometry":{"type":"LineString","coordinates":[[85.9246288,20.4514551],[85.9249324,20.4513222]]}},{"type":"Feature","properties":{"id":1135082756,"highway":"residential"},"geometry":{"type":"LineString","coordinates":[[85.9127309,20.4555434],[85.9130843,20.4554891]]}},{"type":"Feature","properties":{"id":1135082757,"highway":"residential"},"geometry":{"type":"LineString","coordinates":[[85.9130843,20.4554891],[85.9133168,20.4554296],[85.9133424,20.4553869],[85.9133474,20.455339],[85.9133409,20.4553008],[85.9133316,20.4552705],[85.9133268,20.4552229],[85.9134265,20.4551861],[85.9141096,20.4550468],[85.9141803,20.4549905],[85.9142051,20.4549308],[85.914186,20.4548198]]}},{"type":"Feature","properties":{"id":1135146611,"highway":"residential"},"geometry":{"type":"LineString","coordinates":[[85.9066124,20.4541192],[85.9067816,20.4541438],[85.9068792,20.4541359],[85.9070521,20.454102],[85.9070939,20.4541255],[85.9071593,20.4542304],[85.9071832,20.454236],[85.9073109,20.4542165],[85.9073356,20.4542289],[85.9073657,20.4545157]]}},{"type":"Feature","properties":{"id":1135146617,"highway":"residential"},"geometry":{"type":"LineString","coordinates":[[85.9118934,20.4577858],[85.9120956,20.4580677],[85.9121727,20.4581751],[85.9122573,20.4583716],[85.9120403,20.4584819]]}},{"type":"Feature","properties":{"id":1135146618,"highway":"residential"},"geometry":{"type":"LineString","coordinates":[[85.9122573,20.4583716],[85.9123733,20.458581],[85.9125013,20.4587985],[85.9125663,20.4588246],[85.9129122,20.4586198]]}},{"type":"Feature","properties":{"id":1135146619,"highway":"residential"},"geometry":{"type":"LineString","coordinates":[[85.9123733,20.458581],[85.9126841,20.4584026],[85.912732,20.4584026],[85.9128092,20.4584199],[85.9129065,20.4585646],[85.9129122,20.4586198]]}},{"type":"Feature","properties":{"id":1135146620,"highway":"residential"},"geometry":{"type":"LineString","coordinates":[[85.9120956,20.4580677],[85.9123783,20.4578834]]}},{"type":"Feature","properties":{"id":1150631722,"highway":"residential"},"geometry":{"type":"LineString","coordinates":[[85.9738973,20.4301223],[85.9740344,20.4303742],[85.9742401,20.4307732],[85.9742888,20.4308629],[85.9744025,20.4308747],[85.9744458,20.4310015],[85.9738504,20.4313397],[85.9745434,20.4341612]]}},{"type":"Feature","properties":{"id":1153960211,"highway":"trunk"},"geometry":{"type":"LineString","coordinates":[[85.9063267,20.4689983],[85.9069444,20.4701762],[85.9073839,20.4710345],[85.9075892,20.4714888],[85.9078418,20.4721758]]}},{"type":"Feature","properties":{"id":1156183845,"highway":"residential"},"geometry":{"type":"LineString","coordinates":[[85.904808,20.4619022],[85.9050708,20.4624241]]}},{"type":"Feature","properties":{"id":1157545425,"highway":"tertiary"},"geometry":{"type":"LineString","coordinates":[[85.9062234,20.4690715],[85.9061294,20.4691184],[85.9059874,20.4691893],[85.9058694,20.4692615],[85.9058022,20.4693414],[85.9055933,20.4696649],[85.9054853,20.4697534],[85.9051955,20.4698986],[85.9049525,20.4699867],[85.9046998,20.4695266],[85.9046056,20.4694435],[85.9035986,20.4697422],[85.9032315,20.469849],[85.9028267,20.4699887]]}},{"type":"Feature","properties":{"id":1157545426,"highway":"tertiary"},"geometry":{"type":"LineString","coordinates":[[85.9028267,20.4699887],[85.9028276,20.4700532],[85.9028446,20.4701228],[85.9030799,20.4707613],[85.903839,20.4719373],[85.9039516,20.4721358],[85.9039355,20.4722087],[85.9039141,20.4722439],[85.9038363,20.4722891]]}},{"type":"Feature","properties":{"id":1157545427,"highway":"tertiary"},"geometry":{"type":"LineString","coordinates":[[85.9038363,20.4722891],[85.9035718,20.4724165]]}},{"type":"Feature","properties":{"id":1157545428,"highway":"residential"},"geometry":{"type":"LineString","coordinates":[[85.9077682,20.4694813],[85.9076088,20.4695964],[85.9071037,20.4699683]]}},{"type":"Feature","properties":{"id":1157545429,"highway":"residential"},"geometry":{"type":"LineString","coordinates":[[85.9078774,20.4694024],[85.9077682,20.4694813]]}},{"type":"Feature","properties":{"id":1157545430,"highway":"residential"},"geometry":{"type":"LineString","coordinates":[[85.9155553,20.4605718],[85.9152983,20.4602864],[85.9152662,20.4602638],[85.9152393,20.4602763],[85.915065,20.4604321],[85.9145259,20.4596255]]}},{"type":"Feature","properties":{"id":1188648263,"highway":"residential"},"geometry":{"type":"LineString","coordinates":[[85.9037523,20.4577224],[85.904069,20.4570436],[85.9042316,20.456876],[85.9043047,20.4567884],[85.9043291,20.4567465],[85.9043495,20.4566474],[85.9043373,20.4565484],[85.904274,20.4565071],[85.9042153,20.4564874],[85.9041177,20.456457],[85.9040246,20.4563559]]}},{"type":"Feature","properties":{"id":1195443712,"highway":"residential"},"geometry":{"type":"LineString","coordinates":[[85.9051708,20.4495134],[85.9045934,20.4492722],[85.904548,20.4492424],[85.9044764,20.4491871],[85.9044375,20.44917],[85.9043776,20.4491551],[85.903491,20.448955],[85.9034742,20.4489462],[85.9034689,20.4489302],[85.9035373,20.4486444]]}},{"type":"Feature","properties":{"id":1195451972,"highway":"residential"},"geometry":{"type":"LineString","coordinates":[[85.9032937,20.4473735],[85.9034322,20.4469854],[85.9034624,20.4468272],[85.903472,20.4468049],[85.9034899,20.4467866],[85.903514,20.446777],[85.9036666,20.4467939]]}},{"type":"Feature","properties":{"id":1195451973,"highway":"residential"},"geometry":{"type":"LineString","coordinates":[[85.9034322,20.4469854],[85.904018,20.4471872]]}},{"type":"Feature","properties":{"id":1197001142,"highway":"residential"},"geometry":{"type":"LineString","coordinates":[[85.9006244,20.4578586],[85.9009515,20.4580171]]}},{"type":"Feature","properties":{"id":1207764730,"highway":"residential"},"geometry":{"type":"LineString","coordinates":[[85.9427189,20.4236198],[85.9425741,20.4232018],[85.9423649,20.4229253],[85.9422737,20.4229253],[85.9420484,20.4230258],[85.9416031,20.423232],[85.9414615,20.4233277]]}},{"type":"Feature","properties":{"id":1207764731,"highway":"residential"},"geometry":{"type":"LineString","coordinates":[[85.9427994,20.4207985],[85.9410667,20.4215929],[85.9410291,20.4215929],[85.9407373,20.4212867]]}},{"type":"Feature","properties":{"id":1207764732,"highway":"residential"},"geometry":{"type":"LineString","coordinates":[[85.9404167,20.4185411],[85.9409434,20.4184355],[85.9412599,20.4182746],[85.94163,20.4182494]]}},{"type":"Feature","properties":{"id":1207764733,"highway":"unclassified"},"geometry":{"type":"LineString","coordinates":[[85.9450825,20.4129613],[85.9456641,20.4127038],[85.9464312,20.4124775],[85.947665,20.4119999],[85.9483624,20.4116932],[85.9489363,20.4113865],[85.9499449,20.4110245],[85.9504652,20.410753],[85.9511626,20.4104262],[85.9515917,20.4102401],[85.9517634,20.4101949],[85.951817,20.41022],[85.9520531,20.4106021],[85.9523642,20.4110295],[85.9530186,20.4118541],[85.9534585,20.4123468],[85.9535551,20.4124926],[85.9539735,20.4133725],[85.9540272,20.413473],[85.9540862,20.4135886],[85.9542739,20.4138501],[85.9543115,20.4139708],[85.9543276,20.4142925],[85.9542739,20.4145339],[85.9542793,20.4146294],[85.9544617,20.4150316],[85.9545368,20.415278],[85.9545958,20.4153383],[85.9547728,20.4153936]]}},{"type":"Feature","properties":{"id":1207764734,"highway":"residential"},"geometry":{"type":"LineString","coordinates":[[85.944956,20.4137797],[85.9453315,20.4135535],[85.9453368,20.4134378],[85.9453047,20.4133373],[85.9450825,20.4129613]]}},{"type":"Feature","properties":{"id":1207764735,"highway":"residential"},"geometry":{"type":"LineString","coordinates":[[85.9414744,20.4093915],[85.9417695,20.4092507],[85.9420109,20.4092206],[85.9423596,20.4090999],[85.9424186,20.4089943],[85.9423381,20.4086222],[85.9417749,20.4075627]]}},{"type":"Feature","properties":{"id":1207764745,"highway":"unclassified"},"geometry":{"type":"LineString","coordinates":[[85.9396237,20.4025477],[85.9393018,20.4028298],[85.9391087,20.4030711],[85.93898,20.4035135],[85.9388888,20.4036291],[85.9388083,20.4036894],[85.938524,20.4038302],[85.9382665,20.4038956]]}},{"type":"Feature","properties":{"id":1207764746,"highway":"unclassified"},"geometry":{"type":"LineString","coordinates":[[85.9382665,20.4038956],[85.9377052,20.4040356]]}},{"type":"Feature","properties":{"id":1207764747,"highway":"unclassified"},"geometry":{"type":"LineString","coordinates":[[85.9373374,20.4041419],[85.9369408,20.4042877]]}},{"type":"Feature","properties":{"id":1207764748,"highway":"unclassified"},"geometry":{"type":"LineString","coordinates":[[85.9377052,20.4040356],[85.9373374,20.4041419]]}},{"type":"Feature","properties":{"id":1207764749,"highway":"unclassified"},"geometry":{"type":"LineString","coordinates":[[85.9402138,20.4031399],[85.9403855,20.4033573],[85.9404123,20.4033925],[85.9404659,20.4034126],[85.9405732,20.4034931],[85.9408575,20.4038601],[85.940997,20.4039959],[85.9410828,20.4041166],[85.9410828,20.4045843],[85.9411687,20.4049111],[85.9412223,20.4050268],[85.941276,20.4050871],[85.941394,20.4052832],[85.9414798,20.4055296],[85.9415978,20.4056805],[85.9420216,20.4061079],[85.9426332,20.4070197]]}},{"type":"Feature","properties":{"id":1207764750,"highway":"unclassified"},"geometry":{"type":"LineString","coordinates":[[85.9396237,20.4025477],[85.9397364,20.4027187],[85.9400897,20.4030392]]}},{"type":"Feature","properties":{"id":1207764751,"highway":"unclassified"},"geometry":{"type":"LineString","coordinates":[[85.9400897,20.4030392],[85.9402138,20.4031399]]}},{"type":"Feature","properties":{"id":1207764752,"highway":"unclassified"},"geometry":{"type":"LineString","coordinates":[[85.9361668,20.4037053],[85.9356787,20.403836],[85.9350727,20.4037254],[85.9348742,20.4037154],[85.9347187,20.4037556],[85.9343486,20.4039315],[85.9343004,20.4039818],[85.9333457,20.4040069],[85.932686,20.4042482],[85.9321496,20.4045398],[85.931506,20.4049018],[85.9313988,20.4049721],[85.9310448,20.4052034],[85.9308088,20.4053039],[85.9306265,20.4054095],[85.9305728,20.4054698],[85.9306318,20.4056709],[85.9306104,20.4057413],[85.930487,20.4059273],[85.9301598,20.4065708],[85.9300901,20.4066713],[85.9295323,20.407159],[85.928642,20.4080789],[85.9284597,20.408275],[85.9279877,20.4086017],[85.9274406,20.4090089],[85.9273334,20.4092301],[85.9272368,20.4093206],[85.9270759,20.4094262],[85.9267273,20.4096172],[85.9266737,20.4097027],[85.9266308,20.4099138],[85.9265878,20.4100194],[85.9264591,20.4101702],[85.9263036,20.4102607],[85.9251451,20.4107936],[85.9247214,20.4109345]]}},{"type":"Feature","properties":{"id":1207764753,"highway":"unclassified"},"geometry":{"type":"LineString","coordinates":[[85.9247214,20.4109345],[85.9241903,20.4101148],[85.9240776,20.4099891],[85.9238684,20.4098785],[85.9232891,20.4095265],[85.9226507,20.4090388],[85.9223235,20.408722],[85.9220981,20.4084505],[85.9220021,20.4083391]]}},{"type":"Feature","properties":{"id":1207764754,"highway":"residential"},"geometry":{"type":"LineString","coordinates":[[85.9259606,20.4116083],[85.9258157,20.4114172],[85.9255099,20.4116032],[85.9254885,20.4116435],[85.9253329,20.4117641],[85.9249038,20.4112462],[85.9247214,20.4109345]]}},{"type":"Feature","properties":{"id":1207764755,"highway":"unclassified"},"geometry":{"type":"LineString","coordinates":[[85.9218532,20.4079978],[85.9217655,20.4074297],[85.9215617,20.4067358]]}},{"type":"Feature","properties":{"id":1207764756,"highway":"unclassified"},"geometry":{"type":"LineString","coordinates":[[85.9220021,20.4083391],[85.9218532,20.4079978]]}},{"type":"Feature","properties":{"id":1207764757,"highway":"unclassified"},"geometry":{"type":"LineString","coordinates":[[85.9238684,20.4098785],[85.9233129,20.4101329],[85.9229066,20.410216]]}},{"type":"Feature","properties":{"id":1207764758,"highway":"residential"},"geometry":{"type":"LineString","coordinates":[[85.922758,20.4115075],[85.9223342,20.4113466],[85.9220177,20.4112561],[85.9218836,20.4112611],[85.9217582,20.4116332]]}},{"type":"Feature","properties":{"id":1207764759,"highway":"unclassified"},"geometry":{"type":"LineString","coordinates":[[85.9326216,20.4027689],[85.9327396,20.4027187],[85.9339732,20.4023164],[85.9345042,20.4021757],[85.9349279,20.4019947],[85.935491,20.4015723],[85.9359171,20.4013561]]}},{"type":"Feature","properties":{"id":1207764760,"highway":"unclassified"},"geometry":{"type":"LineString","coordinates":[[85.9326216,20.4027689],[85.9319351,20.4030505],[85.9312057,20.4032566],[85.9310877,20.4032265],[85.9306533,20.4029248]]}},{"type":"Feature","properties":{"id":1207764761,"highway":"residential"},"geometry":{"type":"LineString","coordinates":[[85.9306533,20.4029248],[85.9300579,20.4032918],[85.929409,20.4036438],[85.9290764,20.4038499],[85.9288083,20.4041717],[85.9287332,20.4043426],[85.9286635,20.4043879],[85.9285133,20.4044231],[85.9283578,20.404418],[85.9277463,20.4043275],[85.9274835,20.404232],[85.9273387,20.4041616],[85.9271295,20.4041214],[85.926974,20.4041415],[85.9262285,20.4044231]]}},{"type":"Feature","properties":{"id":1207764762,"highway":"residential"},"geometry":{"type":"LineString","coordinates":[[85.9326216,20.4027689],[85.9324339,20.4023768],[85.932096,20.4015774],[85.9320209,20.4014517],[85.9318815,20.4012958]]}},{"type":"Feature","properties":{"id":1207764763,"highway":"unclassified"},"geometry":{"type":"LineString","coordinates":[[85.9333457,20.4040069],[85.9330614,20.4030807]]}},{"type":"Feature","properties":{"id":1207764764,"highway":"unclassified"},"geometry":{"type":"LineString","coordinates":[[85.9327891,20.4027832],[85.9327655,20.4027575],[85.9327396,20.4027187]]}},{"type":"Feature","properties":{"id":1207764765,"highway":"unclassified"},"geometry":{"type":"LineString","coordinates":[[85.9330614,20.4030807],[85.9327891,20.4027832]]}},{"type":"Feature","properties":{"id":1207764766,"highway":"residential"},"geometry":{"type":"LineString","coordinates":[[85.9406215,20.4011456],[85.9402835,20.4006284],[85.9400904,20.4002312]]}},{"type":"Feature","properties":{"id":1207764768,"highway":"residential"},"geometry":{"type":"LineString","coordinates":[[85.9306533,20.4029248],[85.9304656,20.4023164],[85.9303797,20.4021254],[85.9303315,20.4021002],[85.9302242,20.4021354],[85.9301545,20.4021405],[85.9300365,20.4020952],[85.9299078,20.4019544],[85.929704,20.4016628],[85.9295967,20.4015422],[85.9295216,20.4014969],[85.9294143,20.4014919],[85.9293124,20.4014517],[85.9288887,20.4008282],[85.9286152,20.4003506],[85.9284275,20.4000992],[85.9283631,20.4000791],[85.9283202,20.4000841],[85.9280091,20.400245],[85.9279823,20.400245],[85.9279394,20.4002148],[85.9276873,20.3998176],[85.9268399,20.3983345],[85.9268185,20.3982289],[85.9270223,20.3979926],[85.9272851,20.3975803],[85.9273494,20.3974395],[85.9273709,20.397344],[85.9273709,20.3972585],[85.9273441,20.3971328],[85.9270276,20.3963837],[85.9269579,20.3961574],[85.9268989,20.3961122],[85.9267702,20.3960519],[85.9264859,20.3956798],[85.9263411,20.395353],[85.9260515,20.3948804]]}},{"type":"Feature","properties":{"id":1207764771,"highway":"unclassified"},"geometry":{"type":"LineString","coordinates":[[85.9526109,20.4016682],[85.9529918,20.4020902],[85.9533995,20.4024622],[85.9536355,20.4026131],[85.9538072,20.402779],[85.9540969,20.4031561],[85.9546012,20.4039102],[85.9546548,20.4040963],[85.954628,20.4042722],[85.9545636,20.4044884],[85.9543597,20.4049309],[85.9543276,20.4050716],[85.954349,20.4052074],[85.9544349,20.4053532],[85.9547299,20.4056951],[85.9559101,20.4067258],[85.9570312,20.4075863]]}},{"type":"Feature","properties":{"id":1207764772,"highway":"unclassified"},"geometry":{"type":"LineString","coordinates":[[85.9640613,20.4143612],[85.963826,20.4142003],[85.9633268,20.4137769],[85.9631859,20.4136522]]}},{"type":"Feature","properties":{"id":1207764773,"highway":"unclassified"},"geometry":{"type":"LineString","coordinates":[[85.9591126,20.4098185],[85.9595418,20.4092454],[85.9603786,20.4083153],[85.9605127,20.4082097],[85.9607273,20.4081343],[85.9608239,20.408079],[85.9611565,20.4076567],[85.9617573,20.4067769],[85.9620094,20.4063798],[85.9625834,20.4053039],[85.9631049,20.4043135]]}},{"type":"Feature","properties":{"id":1207764774,"highway":"unclassified"},"geometry":{"type":"LineString","coordinates":[[85.9592174,20.4099428],[85.9591126,20.4098185],[85.9574872,20.4079382],[85.9572887,20.4077522],[85.9570312,20.4075863]]}},{"type":"Feature","properties":{"id":1207764775,"highway":"unclassified"},"geometry":{"type":"LineString","coordinates":[[85.9631859,20.4136522],[85.9592174,20.4099428]]}},{"type":"Feature","properties":{"id":1207764780,"highway":"tertiary"},"geometry":{"type":"LineString","coordinates":[[85.938245,20.4102717],[85.9389853,20.4098896],[85.9395218,20.4093064],[85.9399617,20.4087634],[85.9408629,20.4081601],[85.9414959,20.4077579],[85.9417749,20.4075627],[85.9422147,20.4072551],[85.9426332,20.4070197],[85.9429121,20.4068629],[85.9436309,20.4062797],[85.9445321,20.405616],[85.945251,20.4052943],[85.946238,20.4054049],[85.9472144,20.4050831],[85.948019,20.4047412],[85.9485662,20.4042786],[85.9492743,20.4037658],[85.9502613,20.4033133],[85.9507549,20.4030317],[85.9515273,20.4024586],[85.9522676,20.401996],[85.9526109,20.4016682],[85.9528363,20.401453],[85.953201,20.4009401],[85.9535551,20.4003167],[85.9536946,20.399834],[85.9539842,20.3992708],[85.9545851,20.3987781],[85.9550893,20.398225],[85.9553897,20.3979434],[85.9551,20.3971993],[85.9547353,20.3966361],[85.9544349,20.3961132],[85.9546924,20.3955702],[85.9543919,20.3953188],[85.9540808,20.3950573],[85.9539895,20.3949742],[85.953716,20.3947255],[85.9540057,20.3940014],[85.9540483,20.3939157]]}},{"type":"Feature","properties":{"id":1207764782,"highway":"unclassified"},"geometry":{"type":"LineString","coordinates":[[85.9360766,20.4034389],[85.9361668,20.4037053],[85.9365101,20.4038662],[85.9368964,20.4040974],[85.9369408,20.4042877],[85.9369715,20.4044192],[85.937229,20.4049321],[85.9375133,20.4053896],[85.937819,20.4059125],[85.9381624,20.4064505],[85.9382858,20.4067974],[85.9380765,20.4070538],[85.9376581,20.4073655],[85.9372826,20.4079537],[85.9373094,20.4083107],[85.9374543,20.4088839],[85.9375937,20.4093062],[85.937819,20.4097084],[85.9380604,20.4100101],[85.938245,20.4102717]]}},{"type":"Feature","properties":{"id":1207764783,"highway":"unclassified"},"geometry":{"type":"LineString","coordinates":[[85.9361376,20.4031917],[85.9360766,20.4034389]]}},{"type":"Feature","properties":{"id":1209033463,"highway":"trunk_link"},"geometry":{"type":"LineString","coordinates":[[85.9186625,20.492457],[85.9187025,20.49264],[85.9188473,20.4929064],[85.9194106,20.4938209],[85.9198049,20.494547],[85.9200972,20.4950243],[85.9202877,20.4953384],[85.9203215,20.4955063]]}},{"type":"Feature","properties":{"id":1209033464,"highway":"trunk"},"geometry":{"type":"LineString","coordinates":[[85.9015436,20.4568031],[85.9016138,20.4567445],[85.9016589,20.4566673],[85.9016738,20.4565804],[85.9016566,20.4564938]]}},{"type":"Feature","properties":{"id":1209033465,"highway":"trunk"},"geometry":{"type":"LineString","coordinates":[[85.9012696,20.4568126],[85.9013602,20.4568398],[85.9013818,20.456839],[85.9014553,20.4568365],[85.9015436,20.4568031]]}},{"type":"Feature","properties":{"id":1209033466,"highway":"trunk"},"geometry":{"type":"LineString","coordinates":[[85.9011687,20.456728],[85.9012135,20.4567762],[85.9012696,20.4568126]]}},{"type":"Feature","properties":{"id":1209033467,"highway":"trunk"},"geometry":{"type":"LineString","coordinates":[[85.9012019,20.4564012],[85.9011478,20.4564737],[85.9011229,20.456559],[85.9011301,20.4566473],[85.9011687,20.456728]]}},{"type":"Feature","properties":{"id":1209038912,"highway":"secondary"},"geometry":{"type":"LineString","coordinates":[[85.9171076,20.4551616],[85.9172781,20.4557194],[85.9173569,20.4559756],[85.9174527,20.4562872],[85.917481,20.4563793],[85.9176228,20.4568405],[85.9177507,20.4571169],[85.91782,20.4572666],[85.9181278,20.4576419],[85.918158,20.4576788],[85.9182897,20.4581466],[85.9183377,20.4582581],[85.9185287,20.4587128],[85.9184713,20.4588971]]}},{"type":"Feature","properties":{"id":1209038913,"highway":"primary"},"geometry":{"type":"LineString","coordinates":[[85.9062234,20.4690715],[85.9062694,20.4692813],[85.9067632,20.4702475],[85.9077461,20.4722258],[85.9077865,20.472343],[85.9077883,20.472394],[85.9077781,20.4724412],[85.9077667,20.4724644]]}},{"type":"Feature","properties":{"id":1212699434,"highway":"residential"},"geometry":{"type":"LineString","coordinates":[[85.9026629,20.4439431],[85.9019923,20.4441341],[85.9015954,20.4432611]]}},{"type":"Feature","properties":{"id":1212699435,"highway":"residential"},"geometry":{"type":"LineString","coordinates":[[85.9025238,20.4436767],[85.9031564,20.4434304]]}},{"type":"Feature","properties":{"id":1212699436,"highway":"residential"},"geometry":{"type":"LineString","coordinates":[[85.9037519,20.4424806],[85.9038591,20.4427468]]}},{"type":"Feature","properties":{"id":1212709088,"highway":"residential"},"geometry":{"type":"LineString","coordinates":[[85.9114191,20.4452584],[85.9113854,20.4454611],[85.9114231,20.4458064],[85.911449,20.446043],[85.9114818,20.446387],[85.91152,20.4467891],[85.9115332,20.4469718]]}},{"type":"Feature","properties":{"id":1212709089,"highway":"tertiary"},"geometry":{"type":"LineString","coordinates":[[85.9147403,20.4490298],[85.9149574,20.4494206],[85.9151048,20.4497492],[85.9151894,20.4499378],[85.915388,20.4504683],[85.9156095,20.4510958],[85.9156342,20.4511667]]}},{"type":"Feature","properties":{"id":1212709090,"highway":"tertiary"},"geometry":{"type":"LineString","coordinates":[[85.9157424,20.451474],[85.915689,20.4513244],[85.9156535,20.4512223]]}},{"type":"Feature","properties":{"id":1212709092,"highway":"tertiary"},"geometry":{"type":"LineString","coordinates":[[85.9156535,20.4512223],[85.9156342,20.4511667]]}},{"type":"Feature","properties":{"id":1212710447,"highway":"residential"},"geometry":{"type":"LineString","coordinates":[[85.9078281,20.4655907],[85.9075678,20.4657386],[85.9073296,20.465874]]}},{"type":"Feature","properties":{"id":1212710448,"highway":"residential"},"geometry":{"type":"LineString","coordinates":[[85.9079039,20.4662088],[85.9075678,20.4657386]]}},{"type":"Feature","properties":{"id":1212746952,"highway":"tertiary"},"geometry":{"type":"LineString","coordinates":[[85.9004144,20.4653898],[85.9001362,20.4655004],[85.8998875,20.4656125]]}},{"type":"Feature","properties":{"id":1212940346,"highway":"residential"},"geometry":{"type":"LineString","coordinates":[[85.9143959,20.4484223],[85.9146362,20.448301],[85.9155911,20.4483111],[85.9156984,20.448291],[85.9159104,20.4482206]]}},{"type":"Feature","properties":{"id":1212940349,"highway":"residential"},"geometry":{"type":"LineString","coordinates":[[85.9587624,20.4337818],[85.9586832,20.4332807],[85.9587369,20.4331048],[85.9587744,20.4321246],[85.9588477,20.4317991],[85.9588927,20.4315472]]}},{"type":"Feature","properties":{"id":1212940350,"highway":"unclassified"},"geometry":{"type":"LineString","coordinates":[[85.9588863,20.4350153],[85.9584848,20.4351221],[85.9584919,20.4357058],[85.9583716,20.4361714],[85.9583227,20.4362295],[85.9582711,20.4362584],[85.9581932,20.4362963],[85.9580922,20.4363461],[85.958045,20.4363823],[85.9580261,20.4364473],[85.9581089,20.4369062]]}},{"type":"Feature","properties":{"id":1212940799,"highway":"residential"},"geometry":{"type":"LineString","coordinates":[[85.9436482,20.49431],[85.9436578,20.4948987]]}},{"type":"Feature","properties":{"id":1212940800,"highway":"residential"},"geometry":{"type":"LineString","coordinates":[[85.9371254,20.4946488],[85.9372043,20.4949983],[85.9374243,20.4955059],[85.9375209,20.4957723],[85.9376174,20.496682]]}},{"type":"Feature","properties":{"id":1212940801,"highway":"residential"},"geometry":{"type":"LineString","coordinates":[[85.9354341,20.494184],[85.935595,20.4946556]]}},{"type":"Feature","properties":{"id":1212940802,"highway":"residential"},"geometry":{"type":"LineString","coordinates":[[85.9354341,20.494184],[85.9351336,20.4934452]]}},{"type":"Feature","properties":{"id":1212940803,"highway":"residential"},"geometry":{"type":"LineString","coordinates":[[85.9364748,20.4938903],[85.9358364,20.4940735],[85.9357184,20.4940936],[85.9354341,20.494184]]}},{"type":"Feature","properties":{"id":1212940804,"highway":"residential"},"geometry":{"type":"LineString","coordinates":[[85.9364748,20.4938903],[85.9365713,20.4941388],[85.9366143,20.4941639],[85.9370235,20.4940469],[85.9371633,20.4940025],[85.9374736,20.4939042]]}},{"type":"Feature","properties":{"id":1212940805,"highway":"residential"},"geometry":{"type":"LineString","coordinates":[[85.9364748,20.4938903],[85.9366113,20.4938506],[85.9369218,20.4937421]]}},{"type":"Feature","properties":{"id":1212940806,"highway":"residential"},"geometry":{"type":"LineString","coordinates":[[85.9391202,20.4929883],[85.9376036,20.4931034],[85.9375316,20.4931089],[85.9372154,20.4931454],[85.9368342,20.4931893],[85.9365391,20.4931742],[85.9365177,20.493129],[85.9364351,20.4922798]]}},{"type":"Feature","properties":{"id":1213019783,"highway":"residential"},"geometry":{"type":"LineString","coordinates":[[85.9122162,20.4654592],[85.9124311,20.4657652]]}},{"type":"Feature","properties":{"id":1213019785,"highway":"residential"},"geometry":{"type":"LineString","coordinates":[[85.9142875,20.4632695],[85.9150278,20.4642083]]}},{"type":"Feature","properties":{"id":1213019786,"highway":"residential"},"geometry":{"type":"LineString","coordinates":[[85.9155553,20.4605718],[85.9168142,20.4597205],[85.917399,20.4594139],[85.9179156,20.4599492]]}},{"type":"Feature","properties":{"id":1213019787,"highway":"residential"},"geometry":{"type":"LineString","coordinates":[[85.9177507,20.4571169],[85.9176565,20.4574637],[85.917635,20.4579463],[85.9175867,20.4580669],[85.9175277,20.458087],[85.9169537,20.4585243],[85.9163207,20.4590772],[85.9163046,20.4591174],[85.9160203,20.4593335],[85.9158003,20.4594541],[85.9157628,20.4594541],[85.9157091,20.4593988],[85.9155536,20.459052],[85.9154089,20.4588372],[85.9150761,20.4583433],[85.9150493,20.458283],[85.9153873,20.4579915],[85.9153926,20.4579513],[85.9152424,20.4574989],[85.9151834,20.4573833],[85.9152961,20.457313],[85.9154785,20.4573029],[85.9170181,20.4569109],[85.9176228,20.4568405]]}},{"type":"Feature","properties":{"id":1213019788,"highway":"residential"},"geometry":{"type":"LineString","coordinates":[[85.9153765,20.4561566],[85.9163475,20.4559656],[85.9172781,20.4557194]]}},{"type":"Feature","properties":{"id":1213019789,"highway":"residential"},"geometry":{"type":"LineString","coordinates":[[85.9153765,20.4561566],[85.9155321,20.4566792],[85.9145557,20.457021]]}},{"type":"Feature","properties":{"id":1213019790,"highway":"residential"},"geometry":{"type":"LineString","coordinates":[[85.9153765,20.4561566],[85.9150278,20.4562169],[85.9146255,20.4564079],[85.9143573,20.4565134]]}},{"type":"Feature","properties":{"id":1213019791,"highway":"residential"},"geometry":{"type":"LineString","coordinates":[[85.9167873,20.4563476],[85.9169,20.4563777],[85.9170019,20.4563777],[85.9174527,20.4562872]]}},{"type":"Feature","properties":{"id":1213019792,"highway":"residential"},"geometry":{"type":"LineString","coordinates":[[85.9145786,20.4682758],[85.9141189,20.4683636],[85.9140622,20.4683607],[85.9140488,20.4683337],[85.9140347,20.4681978],[85.9140014,20.4680114],[85.9139094,20.4678811],[85.9135212,20.4675278]]}},{"type":"Feature","properties":{"id":1213019793,"highway":"residential"},"geometry":{"type":"LineString","coordinates":[[85.9124439,20.4671602],[85.91263,20.4674096],[85.912807,20.4676291]]}},{"type":"Feature","properties":{"id":1213019794,"highway":"tertiary"},"geometry":{"type":"LineString","coordinates":[[85.9165359,20.4534192],[85.9162051,20.4525811]]}},{"type":"Feature","properties":{"id":1213019795,"highway":"tertiary"},"geometry":{"type":"LineString","coordinates":[[85.9165542,20.4534656],[85.9165359,20.4534192]]}},{"type":"Feature","properties":{"id":1213020596,"highway":"residential"},"geometry":{"type":"LineString","coordinates":[[85.9184024,20.46352],[85.9183913,20.4632483],[85.9187078,20.4622028],[85.91874,20.4621475],[85.9187507,20.4620771],[85.9190297,20.4612729]]}},{"type":"Feature","properties":{"id":1213020597,"highway":"residential"},"geometry":{"type":"LineString","coordinates":[[85.9209073,20.4594383],[85.9206068,20.460404],[85.9205639,20.4604794],[85.9204888,20.4605347],[85.9201616,20.4605749]]}},{"type":"Feature","properties":{"id":1213020598,"highway":"residential"},"geometry":{"type":"LineString","coordinates":[[85.9180641,20.4546492],[85.9184074,20.4544985],[85.9189063,20.4543426]]}},{"type":"Feature","properties":{"id":1213020599,"highway":"residential"},"geometry":{"type":"LineString","coordinates":[[85.9180641,20.4546492],[85.9184181,20.4551371]]}},{"type":"Feature","properties":{"id":1213293490,"highway":"residential"},"geometry":{"type":"LineString","coordinates":[[85.9130062,20.4460653],[85.9129174,20.4461133],[85.9127257,20.4462753],[85.9126073,20.4463977]]}},{"type":"Feature","properties":{"id":1213293491,"highway":"residential"},"geometry":{"type":"LineString","coordinates":[[85.9130062,20.4460653],[85.9132931,20.4460318],[85.9133416,20.4460255],[85.913372,20.4460148],[85.9133798,20.4459796],[85.9133591,20.445902],[85.9133607,20.4458699],[85.9134307,20.4458562],[85.9141187,20.4457136],[85.9141869,20.4456966],[85.9142436,20.445703],[85.9142822,20.4457455],[85.9143118,20.4457859],[85.9143504,20.4457923],[85.914582,20.4457031],[85.9146456,20.4456861],[85.914691,20.4456861],[85.9147364,20.4457478],[85.9147568,20.445801],[85.9148114,20.4458031],[85.9156609,20.4455095]]}},{"type":"Feature","properties":{"id":1213481641,"highway":"residential"},"geometry":{"type":"LineString","coordinates":[[85.9115947,20.4564235],[85.9115303,20.4562024],[85.9111655,20.4552624],[85.9109616,20.4548637]]}},{"type":"Feature","properties":{"id":1213510759,"highway":"primary"},"geometry":{"type":"LineString","coordinates":[[85.9006852,20.4790828],[85.9007191,20.4790722],[85.9007443,20.4790563],[85.9007647,20.4790351]]}},{"type":"Feature","properties":{"id":1213510760,"highway":"primary"},"geometry":{"type":"LineString","coordinates":[[85.9005412,20.4789688],[85.9005462,20.4790019],[85.9005611,20.4790323],[85.9005847,20.4790574],[85.9006151,20.479075],[85.9006495,20.4790837],[85.9006852,20.4790828]]}},{"type":"Feature","properties":{"id":1213510761,"highway":"primary"},"geometry":{"type":"LineString","coordinates":[[85.9005607,20.4789088],[85.9005587,20.4789115],[85.9005457,20.4789388],[85.9005412,20.4789688]]}},{"type":"Feature","properties":{"id":1213513246,"highway":"primary"},"geometry":{"type":"LineString","coordinates":[[85.9203215,20.4955063],[85.9202966,20.4956273],[85.9203128,20.4957496],[85.9203685,20.4958613],[85.9204583,20.4959514],[85.9205712,20.4960103],[85.9206977,20.4960344],[85.9208262,20.4960214],[85.9209378,20.4959859],[85.9210773,20.4958447]]}},{"type":"Feature","properties":{"id":1213521363,"highway":"tertiary"},"geometry":{"type":"LineString","coordinates":[[85.9072655,20.4378659],[85.9063755,20.4380696],[85.9061712,20.4381201],[85.9055419,20.4382757],[85.9050715,20.4383921],[85.9043956,20.4385592],[85.9040581,20.4386427],[85.9038542,20.4387432],[85.9036719,20.4389342],[85.9035753,20.4391855],[85.9034416,20.4400528],[85.9033881,20.4403997],[85.9033798,20.4404562],[85.9032829,20.4411158],[85.9029758,20.4427732]]}},{"type":"Feature","properties":{"id":1213521364,"highway":"secondary"},"geometry":{"type":"LineString","coordinates":[[85.9029758,20.4427732],[85.9037519,20.4424806],[85.9046666,20.4421358],[85.9053992,20.4418597],[85.9056138,20.4417894],[85.9057292,20.4417894],[85.9058391,20.4417894]]}},{"type":"Feature","properties":{"id":1214281843,"highway":"tertiary"},"geometry":{"type":"LineString","coordinates":[[85.9185137,20.4964712],[85.9184171,20.4961899],[85.9183501,20.4959115]]}},{"type":"Feature","properties":{"id":1214281844,"highway":"tertiary"},"geometry":{"type":"LineString","coordinates":[[85.9191558,20.4959257],[85.9189674,20.4960526],[85.9187711,20.4962049],[85.9185137,20.4964712]]}},{"type":"Feature","properties":{"id":1214281845,"highway":"tertiary"},"geometry":{"type":"LineString","coordinates":[[85.9185137,20.4964712],[85.9185244,20.4969737],[85.9187229,20.4974912],[85.9187711,20.4976721],[85.919468,20.4984944],[85.9196222,20.4986674],[85.9196633,20.4987381],[85.9197226,20.4988381],[85.919839,20.4989525],[85.9199094,20.4990193],[85.919965,20.4990711],[85.9199997,20.4990837],[85.9200322,20.4990758],[85.9200841,20.4990406],[85.9201611,20.498972],[85.9204284,20.4987825],[85.920466,20.4987373],[85.9205411,20.4985614],[85.920584,20.4985112],[85.9209058,20.4983353],[85.9209648,20.49828],[85.9210935,20.4982248],[85.9213831,20.4981695],[85.9220214,20.4981394],[85.9222572,20.4981179],[85.9224924,20.4980914],[85.923137,20.4980188],[85.9235553,20.4979136]]}},{"type":"Feature","properties":{"id":1214281847,"highway":"residential"},"geometry":{"type":"LineString","coordinates":[[85.9131074,20.4964612],[85.913515,20.4965064],[85.9136705,20.4963306],[85.9138529,20.4962652],[85.9140299,20.496225],[85.914994,20.4961425]]}},{"type":"Feature","properties":{"id":1214281848,"highway":"residential"},"geometry":{"type":"LineString","coordinates":[[85.9125577,20.4976328],[85.9125763,20.4976071],[85.9125924,20.4975167],[85.9126622,20.4971046],[85.9125281,20.4966373],[85.9125281,20.4965117],[85.9126568,20.4964614],[85.9131074,20.4964612]]}},{"type":"Feature","properties":{"id":1214281849,"highway":"residential"},"geometry":{"type":"LineString","coordinates":[[85.9130806,20.4984312],[85.9125951,20.4982026],[85.9122598,20.4980443],[85.9123206,20.4979603]]}},{"type":"Feature","properties":{"id":1214281850,"highway":"residential"},"geometry":{"type":"LineString","coordinates":[[85.9123206,20.4979603],[85.9125577,20.4976328]]}},{"type":"Feature","properties":{"id":1214281853,"highway":"unclassified"},"geometry":{"type":"LineString","coordinates":[[85.9151347,20.4998724],[85.914416,20.4988478],[85.9139387,20.4983403],[85.913885,20.4982951],[85.9135901,20.4980791],[85.9130859,20.4978178],[85.9125763,20.4976071]]}},{"type":"Feature","properties":{"id":1214281858,"highway":"residential"},"geometry":{"type":"LineString","coordinates":[[85.9216295,20.4996753],[85.9215759,20.4995019],[85.9215169,20.4994466],[85.9214552,20.4994517],[85.9213345,20.4994517],[85.9212916,20.4993763],[85.9212701,20.4992833],[85.9212299,20.4992055],[85.9211628,20.4992004],[85.9210448,20.499223],[85.9209188,20.4992783],[85.9208812,20.4993562],[85.9209053,20.4994441],[85.9209607,20.4995106],[85.92101,20.4995698],[85.9210716,20.4997833],[85.9211441,20.4999717],[85.9212701,20.5003285],[85.921364,20.5004943],[85.9214257,20.5005998],[85.9214874,20.500738],[85.9215652,20.5008661],[85.9216483,20.5009842],[85.9216671,20.5011148],[85.9217288,20.5011978],[85.9218889,20.5013656],[85.9220445,20.5015414],[85.922082,20.5015615],[85.9223073,20.5018077],[85.9225729,20.5020388]]}},{"type":"Feature","properties":{"id":1214281862,"highway":"residential"},"geometry":{"type":"LineString","coordinates":[[85.9151347,20.4998724],[85.9154409,20.4998682],[85.9159988,20.4998682],[85.9163797,20.4998481],[85.9165753,20.4997985]]}},{"type":"Feature","properties":{"id":1214281863,"highway":"residential"},"geometry":{"type":"LineString","coordinates":[[85.9146557,20.5000907],[85.9150654,20.4998733]]}},{"type":"Feature","properties":{"id":1214282228,"highway":"residential"},"geometry":{"type":"LineString","coordinates":[[85.9226397,20.4966861],[85.9225488,20.4964966],[85.9223235,20.4962956]]}},{"type":"Feature","properties":{"id":1214282229,"highway":"residential"},"geometry":{"type":"LineString","coordinates":[[85.9215136,20.4956126],[85.9216985,20.4956647],[85.9218997,20.4957529],[85.9220768,20.4960745],[85.9223235,20.4962956]]}},{"type":"Feature","properties":{"id":1214282230,"highway":"residential"},"geometry":{"type":"LineString","coordinates":[[85.926883,20.4954095],[85.9270442,20.4959276],[85.9270334,20.4959728]]}},{"type":"Feature","properties":{"id":1214282231,"highway":"residential"},"geometry":{"type":"LineString","coordinates":[[85.9292849,20.4983515],[85.9290727,20.4983581],[85.9290006,20.498348],[85.9289325,20.4982944],[85.9284228,20.4977417],[85.927999,20.4973799],[85.9276503,20.4969125],[85.9275323,20.4967969],[85.9272695,20.4965658],[85.9270334,20.4959728]]}},{"type":"Feature","properties":{"id":1214282232,"highway":"residential"},"geometry":{"type":"LineString","coordinates":[[85.9260678,20.4960381],[85.9270334,20.4959728]]}},{"type":"Feature","properties":{"id":1214282233,"highway":"residential"},"geometry":{"type":"LineString","coordinates":[[85.9260678,20.4960381],[85.9255099,20.4960683],[85.925188,20.4961085]]}},{"type":"Feature","properties":{"id":1214282234,"highway":"residential"},"geometry":{"type":"LineString","coordinates":[[85.9260678,20.4960381],[85.9261483,20.497606],[85.9256816,20.4976512],[85.9254938,20.4978874],[85.9251612,20.4985256]]}},{"type":"Feature","properties":{"id":1214282235,"highway":"residential"},"geometry":{"type":"LineString","coordinates":[[85.9318024,20.4957377],[85.9317005,20.4954613],[85.9316736,20.4954262],[85.9315845,20.495123]]}},{"type":"Feature","properties":{"id":1214282236,"highway":"residential"},"geometry":{"type":"LineString","coordinates":[[85.9318024,20.4957377],[85.9313142,20.4959035],[85.930472,20.4961498]]}},{"type":"Feature","properties":{"id":1214282237,"highway":"residential"},"geometry":{"type":"LineString","coordinates":[[85.9318024,20.4957377],[85.9319399,20.4961222],[85.9317595,20.49619],[85.931687,20.4962136],[85.931282,20.4963458],[85.9312176,20.496391],[85.9313839,20.4970091]]}},{"type":"Feature","properties":{"id":1214282800,"highway":"residential"},"geometry":{"type":"LineString","coordinates":[[85.9010488,20.4041221],[85.90078,20.4037953],[85.9004957,20.4037199],[85.9001304,20.4037802]]}},{"type":"Feature","properties":{"id":1214282801,"highway":"residential"},"geometry":{"type":"LineString","coordinates":[[85.9011834,20.4039724],[85.9010161,20.4036948],[85.9009517,20.403544],[85.900898,20.4034133]]}},{"type":"Feature","properties":{"id":1214282819,"highway":"residential"},"geometry":{"type":"LineString","coordinates":[[85.9517902,20.4942392],[85.9517044,20.4947317]]}},{"type":"Feature","properties":{"id":1214282820,"highway":"residential"},"geometry":{"type":"LineString","coordinates":[[85.951978,20.49239],[85.9516883,20.4926312],[85.951345,20.4928121],[85.9512323,20.4929276],[85.9511787,20.4931538],[85.9512591,20.4935859],[85.9517902,20.4942392]]}},{"type":"Feature","properties":{"id":1214282821,"highway":"residential"},"geometry":{"type":"LineString","coordinates":[[85.9512591,20.4935859],[85.951066,20.4935558],[85.9501862,20.4932392],[85.9499717,20.492998],[85.9490865,20.4927467],[85.9490168,20.4927417],[85.9485662,20.4926261],[85.9481907,20.4925106],[85.9479278,20.4924101],[85.9470373,20.4918071],[85.9452756,20.4907317]]}},{"type":"Feature","properties":{"id":1214282822,"highway":"residential"},"geometry":{"type":"LineString","coordinates":[[85.9517902,20.4942392],[85.9521496,20.4942194],[85.9525734,20.4942245],[85.9530294,20.4944004],[85.954172,20.4945562],[85.9544456,20.4945558]]}},{"type":"Feature","properties":{"id":1214282823,"highway":"residential"},"geometry":{"type":"LineString","coordinates":[[85.9546226,20.4915558],[85.9545314,20.4938975],[85.9544456,20.4945558]]}},{"type":"Feature","properties":{"id":1214282824,"highway":"residential"},"geometry":{"type":"LineString","coordinates":[[85.951978,20.49239],[85.9525734,20.4925457],[85.9527773,20.4926613],[85.9528255,20.4927266],[85.9528899,20.4931035],[85.9528965,20.4932289],[85.9529918,20.4932653]]}},{"type":"Feature","properties":{"id":1214282825,"highway":"residential"},"geometry":{"type":"LineString","coordinates":[[85.9529918,20.4932653],[85.9532064,20.493204],[85.9534317,20.4930432],[85.9536141,20.4929829]]}},{"type":"Feature","properties":{"id":1214282826,"highway":"residential"},"geometry":{"type":"LineString","coordinates":[[85.951978,20.49239],[85.9518492,20.4919829],[85.9517258,20.4917065],[85.9516507,20.491601]]}},{"type":"Feature","properties":{"id":1214282827,"highway":"residential"},"geometry":{"type":"LineString","coordinates":[[85.9516507,20.491601],[85.9514952,20.4916211],[85.9514147,20.491606],[85.9507495,20.4913146]]}},{"type":"Feature","properties":{"id":1214282828,"highway":"residential"},"geometry":{"type":"LineString","coordinates":[[85.9519458,20.4902493],[85.9516507,20.4909126],[85.9516293,20.4911035],[85.9516507,20.491601]]}},{"type":"Feature","properties":{"id":1214282832,"highway":"residential"},"geometry":{"type":"LineString","coordinates":[[85.9546226,20.4915558],[85.9545583,20.4915407],[85.9535658,20.4910432],[85.9532815,20.4909176],[85.9530348,20.4907266],[85.9528255,20.490606],[85.9519458,20.4902493],[85.9509158,20.4897467],[85.9507817,20.4894653],[85.9505349,20.4891689],[85.9504813,20.4890533],[85.9501916,20.4879679]]}},{"type":"Feature","properties":{"id":1214282833,"highway":"residential"},"geometry":{"type":"LineString","coordinates":[[85.9501916,20.4879679],[85.949049,20.4880332],[85.9489524,20.4878775],[85.9487874,20.4874603],[85.9485082,20.4872894]]}},{"type":"Feature","properties":{"id":1214282834,"highway":"residential"},"geometry":{"type":"LineString","coordinates":[[85.9501916,20.4879679],[85.9513664,20.4879026]]}},{"type":"Feature","properties":{"id":1214282835,"highway":"residential"},"geometry":{"type":"LineString","coordinates":[[85.9535658,20.4910432],[85.9536061,20.4895131]]}},{"type":"Feature","properties":{"id":1214282836,"highway":"residential"},"geometry":{"type":"LineString","coordinates":[[85.9536061,20.4895131],[85.9536946,20.4877166]]}},{"type":"Feature","properties":{"id":1214282838,"highway":"residential"},"geometry":{"type":"LineString","coordinates":[[85.956071,20.4919427],[85.9561676,20.4909628],[85.956173,20.4903096],[85.9560174,20.4897015],[85.955953,20.4895658],[85.9557974,20.4890885],[85.956012,20.4887618],[85.9561032,20.488395]]}},{"type":"Feature","properties":{"id":1214282839,"highway":"residential"},"geometry":{"type":"LineString","coordinates":[[85.9545187,20.4911693],[85.9544885,20.4913096],[85.9546548,20.491405],[85.9546977,20.4914452],[85.9551913,20.4917317],[85.9555399,20.4918472],[85.956071,20.4919427],[85.9562641,20.4920282],[85.9564197,20.4920633],[85.9570259,20.4920885]]}},{"type":"Feature","properties":{"id":1214282840,"highway":"residential"},"geometry":{"type":"LineString","coordinates":[[85.9546226,20.4915558],[85.9546977,20.4914452]]}},{"type":"Feature","properties":{"id":1214284388,"highway":"residential"},"geometry":{"type":"LineString","coordinates":[[85.9570259,20.4920885],[85.9579539,20.4921086],[85.9580129,20.4905709],[85.9579968,20.4905206],[85.9579646,20.4900684],[85.9578788,20.4895006],[85.9570312,20.4895458]]}},{"type":"Feature","properties":{"id":1214284389,"highway":"residential"},"geometry":{"type":"LineString","coordinates":[[85.9560174,20.4897015],[85.9570312,20.4895458]]}},{"type":"Feature","properties":{"id":1214284390,"highway":"residential"},"geometry":{"type":"LineString","coordinates":[[85.9584796,20.4900483],[85.9584528,20.490199],[85.9584367,20.4904378],[85.9583616,20.491194],[85.9583723,20.491395]]}},{"type":"Feature","properties":{"id":1214284391,"highway":"residential"},"geometry":{"type":"LineString","coordinates":[[85.9589249,20.4903096],[85.9584367,20.4904378],[85.9580129,20.4905709]]}},{"type":"Feature","properties":{"id":1214284392,"highway":"residential"},"geometry":{"type":"LineString","coordinates":[[85.9589249,20.4903096],[85.9590375,20.4903196],[85.9592413,20.4902945],[85.9594023,20.4902945],[85.9597241,20.4903347]]}},{"type":"Feature","properties":{"id":1214284393,"highway":"residential"},"geometry":{"type":"LineString","coordinates":[[85.9588229,20.4855266],[85.9588981,20.4863506],[85.9587371,20.488315],[85.958721,20.488938],[85.9587532,20.4895007],[85.9588069,20.4896112],[85.9589249,20.4903096]]}},{"type":"Feature","properties":{"id":1214284397,"highway":"residential"},"geometry":{"type":"LineString","coordinates":[[85.9576955,20.4958132],[85.9578949,20.4949628]]}},{"type":"Feature","properties":{"id":1214284398,"highway":"residential"},"geometry":{"type":"LineString","coordinates":[[85.9583133,20.4959364],[85.9586352,20.4945709],[85.9586566,20.4943096],[85.9586244,20.4939679],[85.9586674,20.4933347],[85.958662,20.4929478],[85.9586405,20.4928724],[85.9585386,20.4920282]]}},{"type":"Feature","properties":{"id":1214284399,"highway":"residential"},"geometry":{"type":"LineString","coordinates":[[85.9586244,20.4939679],[85.9584743,20.493998],[85.9580451,20.494199],[85.9574067,20.4942493]]}},{"type":"Feature","properties":{"id":1214284400,"highway":"residential"},"geometry":{"type":"LineString","coordinates":[[85.958662,20.4929478],[85.9588068,20.4929528],[85.9592092,20.4931488],[85.959413,20.4933749],[85.9594881,20.4934201],[85.9595471,20.4934302]]}},{"type":"Feature","properties":{"id":1214284401,"highway":"residential"},"geometry":{"type":"LineString","coordinates":[[85.9599709,20.4927216],[85.9597241,20.4927216],[85.9596598,20.4927417],[85.9595739,20.4933598],[85.9595471,20.4934302]]}},{"type":"Feature","properties":{"id":1214284402,"highway":"residential"},"geometry":{"type":"LineString","coordinates":[[85.9611243,20.493792],[85.9604269,20.493797],[85.9599495,20.4937015],[85.9598314,20.4936664],[85.9597081,20.493601],[85.9595471,20.4934302]]}},{"type":"Feature","properties":{"id":1214284403,"highway":"residential"},"geometry":{"type":"LineString","coordinates":[[85.9611243,20.493792],[85.9611618,20.4930834],[85.9611404,20.4926312],[85.9611565,20.492596],[85.9613925,20.4925307]]}},{"type":"Feature","properties":{"id":1214284404,"highway":"residential"},"geometry":{"type":"LineString","coordinates":[[85.9611243,20.493792],[85.9611672,20.4938071],[85.9622508,20.4938975],[85.9633049,20.4941048]]}},{"type":"Feature","properties":{"id":1214284405,"highway":"residential"},"geometry":{"type":"LineString","coordinates":[[85.9635087,20.4915331],[85.9636134,20.4917845],[85.9637367,20.4918724],[85.9638279,20.4919578],[85.9639674,20.4924151],[85.9640076,20.4933095],[85.9639487,20.4934301],[85.963777,20.493606],[85.9633049,20.4941048]]}},{"type":"Feature","properties":{"id":1214284406,"highway":"residential"},"geometry":{"type":"LineString","coordinates":[[85.9635087,20.4915331],[85.9635141,20.491297],[85.9635249,20.4912166]]}},{"type":"Feature","properties":{"id":1214284407,"highway":"residential"},"geometry":{"type":"LineString","coordinates":[[85.9635087,20.4915331],[85.9631788,20.4915407]]}},{"type":"Feature","properties":{"id":1214284408,"highway":"residential"},"geometry":{"type":"LineString","coordinates":[[85.9656411,20.4920885],[85.9651422,20.4922643],[85.9639674,20.4924151]]}},{"type":"Feature","properties":{"id":1214284409,"highway":"residential"},"geometry":{"type":"LineString","coordinates":[[85.9656411,20.4920885],[85.9656626,20.491988],[85.9656304,20.4913448]]}},{"type":"Feature","properties":{"id":1214284410,"highway":"residential"},"geometry":{"type":"LineString","coordinates":[[85.9665906,20.4931613],[85.9664351,20.4929477],[85.9660971,20.4924553],[85.9660166,20.4922442],[85.965743,20.4922241],[85.9656411,20.4920885]]}},{"type":"Feature","properties":{"id":1214284411,"highway":"residential"},"geometry":{"type":"LineString","coordinates":[[85.9665906,20.4931613],[85.9666067,20.4933648],[85.9666765,20.494027],[85.9666791,20.4941729]]}},{"type":"Feature","properties":{"id":1214284412,"highway":"residential"},"geometry":{"type":"LineString","coordinates":[[85.9665906,20.4931613],[85.9677011,20.4929628],[85.968157,20.492792],[85.9682053,20.492797],[85.9686881,20.4927216],[85.9692246,20.4925859],[85.9695411,20.4925708],[85.9695733,20.4925809],[85.9697771,20.4925558],[85.9701633,20.492606],[85.970512,20.4926261],[85.9712255,20.4925608]]}},{"type":"Feature","properties":{"id":1214284413,"highway":"residential"},"geometry":{"type":"LineString","coordinates":[[85.9701526,20.4947691],[85.9700024,20.4935558],[85.9699488,20.4934402],[85.9698522,20.493385],[85.9696805,20.4931287],[85.9695733,20.4925809]]}},{"type":"Feature","properties":{"id":1214284414,"highway":"residential"},"geometry":{"type":"LineString","coordinates":[[85.9747875,20.4910081],[85.974766,20.4906915],[85.9748036,20.4905006],[85.974884,20.4903548],[85.9750235,20.490179],[85.9750611,20.4900684],[85.9750074,20.4897267],[85.9749645,20.4896463],[85.9743583,20.4897569],[85.9733605,20.489993],[85.973146,20.4900182],[85.9728026,20.4900232],[85.9716868,20.4898825],[85.9715366,20.4899177],[85.9714294,20.4899026],[85.9712577,20.4899177],[85.9710968,20.4900332],[85.9710431,20.4904503],[85.9713167,20.4911186],[85.9715688,20.491596],[85.9717137,20.491983],[85.9719497,20.4930784],[85.9719819,20.4933146],[85.9720945,20.4936312],[85.9722018,20.4937819],[85.9724701,20.4940684],[85.9726471,20.4942241],[85.9726846,20.4943045],[85.9726846,20.495196]]}},{"type":"Feature","properties":{"id":1214284415,"highway":"residential"},"geometry":{"type":"LineString","coordinates":[[85.9748089,20.4939427],[85.974766,20.4937467],[85.9745353,20.4932342],[85.9744763,20.4930633],[85.9743387,20.4921074],[85.9742993,20.4918523],[85.9742564,20.4916211],[85.974251,20.4915357],[85.9742617,20.4915206],[85.9743583,20.4914855],[85.9746158,20.4914101],[85.9748786,20.4913297],[85.9753722,20.4913347],[85.9756404,20.4914252],[85.9759032,20.4914352],[85.9763539,20.491395],[85.9766972,20.4913297],[85.9775716,20.4911237],[85.9776252,20.4911588],[85.9777164,20.4913046],[85.9777594,20.4913297],[85.9780866,20.4912292],[85.9783012,20.4911337],[85.9785479,20.4909327],[85.9787947,20.4908724],[85.978843,20.4911136],[85.978961,20.4914804],[85.9792185,20.4925106]]}},{"type":"Feature","properties":{"id":1214284416,"highway":"residential"},"geometry":{"type":"LineString","coordinates":[[85.9743387,20.4921074],[85.9735859,20.4922644],[85.9732854,20.4922895]]}},{"type":"Feature","properties":{"id":1214284417,"highway":"residential"},"geometry":{"type":"LineString","coordinates":[[85.9747875,20.4910081],[85.9748786,20.4913297],[85.9750289,20.4918925]]}},{"type":"Feature","properties":{"id":1214284418,"highway":"residential"},"geometry":{"type":"LineString","coordinates":[[85.9741652,20.4939276],[85.9743529,20.4939126],[85.9746801,20.4939578],[85.9748089,20.4939427]]}},{"type":"Feature","properties":{"id":1214284419,"highway":"residential"},"geometry":{"type":"LineString","coordinates":[[85.9748089,20.4939427],[85.9749484,20.4944301],[85.9751308,20.4952582]]}},{"type":"Feature","properties":{"id":1214284759,"highway":"unclassified"},"geometry":{"type":"LineString","coordinates":[[85.9121633,20.455177],[85.9123457,20.4561521],[85.9124315,20.4564838],[85.9124691,20.4567603],[85.9125388,20.4570145]]}},{"type":"Feature","properties":{"id":1214284760,"highway":"unclassified"},"geometry":{"type":"LineString","coordinates":[[85.9125388,20.4570145],[85.9124786,20.4570702],[85.9123112,20.457225],[85.9122865,20.4572456],[85.9122723,20.4572692],[85.9122758,20.4573001]]}},{"type":"Feature","properties":{"id":1214284761,"highway":"residential"},"geometry":{"type":"LineString","coordinates":[[85.9108061,20.454952],[85.9103727,20.4542184]]}},{"type":"Feature","properties":{"id":1214284762,"highway":"unclassified"},"geometry":{"type":"LineString","coordinates":[[85.9146611,20.4550955],[85.9146307,20.4550666]]}},{"type":"Feature","properties":{"id":1214284763,"highway":"unclassified"},"geometry":{"type":"LineString","coordinates":[[85.9146307,20.4550666],[85.9146105,20.4550475]]}},{"type":"Feature","properties":{"id":1214284764,"highway":"unclassified"},"geometry":{"type":"LineString","coordinates":[[85.912305,20.4573202],[85.9123515,20.4573521]]}},{"type":"Feature","properties":{"id":1214284765,"highway":"unclassified"},"geometry":{"type":"LineString","coordinates":[[85.9122758,20.4573001],[85.912305,20.4573202]]}},{"type":"Feature","properties":{"id":1214284767,"highway":"residential"},"geometry":{"type":"LineString","coordinates":[[85.9507817,20.4967072],[85.9504813,20.4959584],[85.9503901,20.4955563],[85.9500682,20.4945991]]}},{"type":"Feature","properties":{"id":1214284768,"highway":"residential"},"geometry":{"type":"LineString","coordinates":[[85.9507817,20.4967072],[85.9500951,20.4969585],[85.9497571,20.4974209],[85.9496927,20.4975666],[85.949682,20.4977325],[85.9497571,20.4980592]]}},{"type":"Feature","properties":{"id":1214284769,"highway":"residential"},"geometry":{"type":"LineString","coordinates":[[85.9507817,20.4967072],[85.9508407,20.4967977],[85.9510982,20.4969736],[85.9512887,20.4970112],[85.9513772,20.4969434],[85.9518492,20.4967575],[85.9519806,20.4966996],[85.9522784,20.4965916]]}},{"type":"Feature","properties":{"id":1214284770,"highway":"residential"},"geometry":{"type":"LineString","coordinates":[[85.9519806,20.4966996],[85.9519431,20.4962851],[85.9522945,20.4960237],[85.9522784,20.4957071],[85.952434,20.4948544]]}},{"type":"Feature","properties":{"id":1214284771,"highway":"residential"},"geometry":{"type":"LineString","coordinates":[[85.9512887,20.4970112],[85.9513771,20.4973257]]}},{"type":"Feature","properties":{"id":1214284772,"highway":"residential"},"geometry":{"type":"LineString","coordinates":[[85.9540326,20.4967072],[85.9538448,20.4963202],[85.9536732,20.495692],[85.9534371,20.495023]]}},{"type":"Feature","properties":{"id":1214284773,"highway":"residential"},"geometry":{"type":"LineString","coordinates":[[85.9540326,20.4967072],[85.9534961,20.4968178],[85.9529865,20.4969535],[85.9525359,20.4972299],[85.9520531,20.497436]]}},{"type":"Feature","properties":{"id":1214284774,"highway":"residential"},"geometry":{"type":"LineString","coordinates":[[85.9540326,20.4967072],[85.9540809,20.4968178],[85.954172,20.4971445]]}},{"type":"Feature","properties":{"id":1214284775,"highway":"residential"},"geometry":{"type":"LineString","coordinates":[[85.954172,20.4971445],[85.9544092,20.4971487],[85.9547899,20.4971554]]}},{"type":"Feature","properties":{"id":1214284776,"highway":"residential"},"geometry":{"type":"LineString","coordinates":[[85.954172,20.4971445],[85.954156,20.4971947],[85.9541276,20.4974228],[85.9541095,20.4976032],[85.9541345,20.4978431]]}},{"type":"Feature","properties":{"id":1214284777,"highway":"residential"},"geometry":{"type":"LineString","coordinates":[[85.9541345,20.4978431],[85.953759,20.498034],[85.9536356,20.4981295]]}},{"type":"Feature","properties":{"id":1214284778,"highway":"residential"},"geometry":{"type":"LineString","coordinates":[[85.9546173,20.4987176],[85.9543866,20.4982904],[85.9542579,20.4980039],[85.9541909,20.4979208],[85.9541345,20.4978431]]}},{"type":"Feature","properties":{"id":1214284779,"highway":"residential"},"geometry":{"type":"LineString","coordinates":[[85.9542579,20.4980039],[85.9549327,20.4978881],[85.95532,20.4978833],[85.9554863,20.4982502],[85.9555775,20.4983909],[85.9559477,20.4986572],[85.9561837,20.498617]]}},{"type":"Feature","properties":{"id":1214284780,"highway":"residential"},"geometry":{"type":"LineString","coordinates":[[85.9595686,20.4973045],[85.959692,20.4962113]]}},{"type":"Feature","properties":{"id":1214284781,"highway":"residential"},"geometry":{"type":"LineString","coordinates":[[85.9595686,20.4973045],[85.958839,20.497204],[85.9582758,20.4971538],[85.9581953,20.4971688],[85.9579968,20.4971839],[85.95775,20.4970935],[85.9577232,20.4971236],[85.9576642,20.4972794],[85.9576696,20.497395],[85.9579914,20.4974301]]}},{"type":"Feature","properties":{"id":1214284782,"highway":"residential"},"geometry":{"type":"LineString","coordinates":[[85.9581738,20.4974],[85.9581953,20.4971688]]}},{"type":"Feature","properties":{"id":1214284783,"highway":"residential"},"geometry":{"type":"LineString","coordinates":[[85.9581738,20.4974],[85.958029,20.49741],[85.9579914,20.4974301]]}},{"type":"Feature","properties":{"id":1214284784,"highway":"residential"},"geometry":{"type":"LineString","coordinates":[[85.9581738,20.4974],[85.9583509,20.4974754],[85.9589195,20.4975357]]}},{"type":"Feature","properties":{"id":1214284785,"highway":"residential"},"geometry":{"type":"LineString","coordinates":[[85.9579914,20.4974301],[85.9579485,20.4976613],[85.957911,20.4978824],[85.9578842,20.4983045]]}},{"type":"Feature","properties":{"id":1214284786,"highway":"residential"},"geometry":{"type":"LineString","coordinates":[[85.9595686,20.4973045],[85.9596223,20.49741],[85.9596759,20.4974553],[85.9598261,20.4977467],[85.95981,20.4982492],[85.9597939,20.4982844],[85.9597993,20.4985708],[85.9597135,20.4998171],[85.959692,20.4998573],[85.9596437,20.5004402],[85.9596705,20.5006512],[85.9597832,20.5009979],[85.9596813,20.5013095]]}},{"type":"Feature","properties":{"id":1214284787,"highway":"residential"},"geometry":{"type":"LineString","coordinates":[[85.9598261,20.4977467],[85.9601802,20.4977568],[85.9608025,20.4978322]]}},{"type":"Feature","properties":{"id":1214284788,"highway":"residential"},"geometry":{"type":"LineString","coordinates":[[85.9597939,20.4982844],[85.9592199,20.4983095],[85.9590268,20.4983397]]}},{"type":"Feature","properties":{"id":1214284789,"highway":"residential"},"geometry":{"type":"LineString","coordinates":[[85.9597135,20.4998171],[85.95981,20.499817],[85.9604537,20.4997366],[85.9605985,20.4996562],[85.9606736,20.4996361],[85.9610223,20.4995858]]}},{"type":"Feature","properties":{"id":1214284790,"highway":"residential"},"geometry":{"type":"LineString","coordinates":[[85.9639514,20.4970613],[85.9638924,20.497611],[85.963828,20.4981738],[85.9638602,20.4983045],[85.9639084,20.4983497],[85.9640318,20.4983748],[85.9641981,20.4983949],[85.9642893,20.4984201],[85.9643108,20.4984402],[85.9643161,20.4985105],[85.964284,20.4986814],[85.9642464,20.4988673],[85.9641552,20.4991336],[85.9640694,20.4993949],[85.964123,20.4996562],[85.9641284,20.4998321]]}},{"type":"Feature","properties":{"id":1214284791,"highway":"residential"},"geometry":{"type":"LineString","coordinates":[[85.9640694,20.4993949],[85.9629536,20.4995358],[85.962621,20.4995559]]}},{"type":"Feature","properties":{"id":1214284792,"highway":"residential"},"geometry":{"type":"LineString","coordinates":[[85.9666175,20.4975939],[85.9665585,20.4984251],[85.9665907,20.4987517],[85.9666658,20.4991839]]}},{"type":"Feature","properties":{"id":1214284979,"highway":"residential"},"geometry":{"type":"LineString","coordinates":[[85.9519431,20.4962851],[85.9512867,20.496574]]}},{"type":"Feature","properties":{"id":1214284980,"highway":"residential"},"geometry":{"type":"LineString","coordinates":[[85.9630769,20.5004954],[85.9630769,20.5003248],[85.9631091,20.5002997],[85.9641284,20.4998321],[85.965153,20.4996062],[85.9657216,20.4994202],[85.9666658,20.4991839],[85.966875,20.499179],[85.9678137,20.499184],[85.9685218,20.4990835],[85.9691548,20.4990433],[85.9692085,20.4990534],[85.969643,20.498973],[85.9699219,20.4987921],[85.9704959,20.4984704],[85.9705603,20.4983816]]}},{"type":"Feature","properties":{"id":1214284981,"highway":"residential"},"geometry":{"type":"LineString","coordinates":[[85.9674369,20.5007107],[85.9669447,20.4995358],[85.966875,20.499179]]}},{"type":"Feature","properties":{"id":1214479532,"highway":"residential"},"geometry":{"type":"LineString","coordinates":[[85.9253007,20.4581062],[85.9252954,20.4581031],[85.9252256,20.4580007],[85.9247045,20.457328]]}},{"type":"Feature","properties":{"id":1214479533,"highway":"residential"},"geometry":{"type":"LineString","coordinates":[[85.9246034,20.457273],[85.9247045,20.457328],[85.9246439,20.4574497]]}},{"type":"Feature","properties":{"id":1214479534,"highway":"residential"},"geometry":{"type":"LineString","coordinates":[[85.9246034,20.457273],[85.9242646,20.4570836],[85.9239345,20.4570185]]}},{"type":"Feature","properties":{"id":1214479535,"highway":"residential"},"geometry":{"type":"LineString","coordinates":[[85.9246034,20.457273],[85.9246302,20.4570468],[85.9241045,20.4562476],[85.9239543,20.4560968],[85.923686,20.4556796],[85.9231335,20.4548804],[85.9229082,20.4546744],[85.9226711,20.4545487]]}},{"type":"Feature","properties":{"id":1214479536,"highway":"residential"},"geometry":{"type":"LineString","coordinates":[[85.9241045,20.4562476],[85.9250164,20.4557544],[85.9255582,20.4553976]]}},{"type":"Feature","properties":{"id":1214479537,"highway":"residential"},"geometry":{"type":"LineString","coordinates":[[85.9251505,20.4547787],[85.9255582,20.4553976]]}},{"type":"Feature","properties":{"id":1214479538,"highway":"residential"},"geometry":{"type":"LineString","coordinates":[[85.9255582,20.4553976],[85.9258747,20.4558599]]}},{"type":"Feature","properties":{"id":1214479539,"highway":"residential"},"geometry":{"type":"LineString","coordinates":[[85.922007,20.4569714],[85.9222805,20.4568558],[85.9234017,20.456524],[85.9236163,20.4564084],[85.9239543,20.4560968]]}},{"type":"Feature","properties":{"id":1214479540,"highway":"residential"},"geometry":{"type":"LineString","coordinates":[[85.9238148,20.4544281],[85.9243727,20.455172],[85.9243727,20.4552373],[85.924201,20.4553831],[85.9239114,20.4555439],[85.923686,20.4556796]]}},{"type":"Feature","properties":{"id":1214479541,"highway":"residential"},"geometry":{"type":"LineString","coordinates":[[85.9231335,20.4548804],[85.923332,20.4547749],[85.9238148,20.4544281],[85.9242976,20.4541315]]}},{"type":"Feature","properties":{"id":1214479542,"highway":"residential"},"geometry":{"type":"LineString","coordinates":[[85.9238148,20.4544281],[85.9234876,20.4538651],[85.9229457,20.4532972],[85.9228791,20.4532318]]}},{"type":"Feature","properties":{"id":1214479543,"highway":"residential"},"geometry":{"type":"LineString","coordinates":[[85.9249604,20.4529412],[85.9250647,20.4531513],[85.9251934,20.4533523],[85.9252203,20.4533724],[85.9253705,20.4533071]]}},{"type":"Feature","properties":{"id":1214479544,"highway":"residential"},"geometry":{"type":"LineString","coordinates":[[85.923387,20.4523324],[85.9230584,20.4518899],[85.9229082,20.4516436],[85.922404,20.4510505]]}},{"type":"Feature","properties":{"id":1214479545,"highway":"residential"},"geometry":{"type":"LineString","coordinates":[[85.9223774,20.4510092],[85.9222137,20.450755]]}},{"type":"Feature","properties":{"id":1214479546,"highway":"residential"},"geometry":{"type":"LineString","coordinates":[[85.922404,20.4510505],[85.9223774,20.4510092]]}},{"type":"Feature","properties":{"id":1214479547,"highway":"residential"},"geometry":{"type":"LineString","coordinates":[[85.9230584,20.4518899],[85.9225892,20.452168]]}},{"type":"Feature","properties":{"id":1214479548,"highway":"residential"},"geometry":{"type":"LineString","coordinates":[[85.9296727,20.4522793],[85.9300965,20.4533864],[85.9301502,20.4538288],[85.9302521,20.4540248],[85.930531,20.4543861]]}},{"type":"Feature","properties":{"id":1214479549,"highway":"residential"},"geometry":{"type":"LineString","coordinates":[[85.9299337,20.4546828],[85.930177,20.4549095],[85.9302199,20.4549296],[85.9316415,20.4545375],[85.932244,20.4544118]]}},{"type":"Feature","properties":{"id":1214479550,"highway":"residential"},"geometry":{"type":"LineString","coordinates":[[85.9286213,20.4570007],[85.9288895,20.4580132]]}},{"type":"Feature","properties":{"id":1214479551,"highway":"residential"},"geometry":{"type":"LineString","coordinates":[[85.9286213,20.4570007],[85.9284711,20.4565986],[85.9289163,20.4562871],[85.9292543,20.4559152],[85.9294045,20.4557745],[85.9294581,20.4557242],[85.9297538,20.4555145]]}},{"type":"Feature","properties":{"id":1214479552,"highway":"residential"},"geometry":{"type":"LineString","coordinates":[[85.9286213,20.4570007],[85.9292489,20.4567444],[85.9298336,20.4563072],[85.9305632,20.4557644],[85.9308153,20.4556237],[85.930715,20.4553826]]}},{"type":"Feature","properties":{"id":1214479553,"highway":"residential"},"geometry":{"type":"LineString","coordinates":[[85.9320867,20.4554925],[85.9321296,20.4555177],[85.9322423,20.4556383],[85.9323496,20.4557941],[85.9328806,20.4564475],[85.9329718,20.4566536],[85.9334171,20.4577312]]}},{"type":"Feature","properties":{"id":1214479554,"highway":"residential"},"geometry":{"type":"LineString","coordinates":[[85.9320867,20.4554925],[85.9311601,20.4559209],[85.9311748,20.4561661],[85.9311265,20.4564274],[85.9310879,20.4565667],[85.9305349,20.4569912],[85.9301784,20.4571537],[85.9298816,20.4572771],[85.929568,20.4574426],[85.9294957,20.4574939],[85.9294559,20.4575507],[85.929451,20.4576197],[85.9294994,20.4577965],[85.9295167,20.458042]]}},{"type":"Feature","properties":{"id":1214479555,"highway":"residential"},"geometry":{"type":"LineString","coordinates":[[85.9323496,20.4557941],[85.9327533,20.4555756]]}},{"type":"Feature","properties":{"id":1214479556,"highway":"residential"},"geometry":{"type":"LineString","coordinates":[[85.9320867,20.4554925],[85.9320921,20.4553267],[85.9321135,20.4553166],[85.9323889,20.4553133]]}},{"type":"Feature","properties":{"id":1214479557,"highway":"residential"},"geometry":{"type":"LineString","coordinates":[[85.9206151,20.4563582],[85.9212398,20.4559862]]}},{"type":"Feature","properties":{"id":1214479558,"highway":"residential"},"geometry":{"type":"LineString","coordinates":[[85.9219856,20.4559778],[85.9217334,20.4562275],[85.9214759,20.4564285]]}},{"type":"Feature","properties":{"id":1214479559,"highway":"residential"},"geometry":{"type":"LineString","coordinates":[[85.9350433,20.4573823],[85.9351861,20.4577864]]}},{"type":"Feature","properties":{"id":1214479560,"highway":"residential"},"geometry":{"type":"LineString","coordinates":[[85.9354514,20.4567101],[85.9354671,20.4569365],[85.9355834,20.4573003]]}},{"type":"Feature","properties":{"id":1214479561,"highway":"residential"},"geometry":{"type":"LineString","coordinates":[[85.9357245,20.457279],[85.9359176,20.4576338],[85.9360409,20.4579303]]}},{"type":"Feature","properties":{"id":1214479569,"highway":"residential"},"geometry":{"type":"LineString","coordinates":[[85.9388998,20.4551514],[85.9391197,20.4555333],[85.9394552,20.4562535]]}},{"type":"Feature","properties":{"id":1214479570,"highway":"residential"},"geometry":{"type":"LineString","coordinates":[[85.9384922,20.4564127],[85.9385512,20.4565484],[85.9386316,20.4566813]]}},{"type":"Feature","properties":{"id":1214479571,"highway":"residential"},"geometry":{"type":"LineString","coordinates":[[85.9242385,20.4487685],[85.9243136,20.4489293],[85.9243404,20.4490047],[85.9244936,20.4494227]]}},{"type":"Feature","properties":{"id":1214479572,"highway":"residential"},"geometry":{"type":"LineString","coordinates":[[85.9205337,20.4442466],[85.9208983,20.4449212]]}},{"type":"Feature","properties":{"id":1214479573,"highway":"residential"},"geometry":{"type":"LineString","coordinates":[[85.9231871,20.4447926],[85.9227097,20.4448479],[85.9212237,20.44525],[85.9211433,20.4451394],[85.9208983,20.4449212],[85.920242,20.4452349]]}},{"type":"Feature","properties":{"id":1214479574,"highway":"residential"},"geometry":{"type":"LineString","coordinates":[[85.9237195,20.4443158],[85.9232247,20.444677],[85.9231871,20.4447926],[85.923171,20.4454913]]}},{"type":"Feature","properties":{"id":1214479575,"highway":"residential"},"geometry":{"type":"LineString","coordinates":[[85.9249477,20.4439892],[85.9251944,20.4439289],[85.9264728,20.4436993]]}},{"type":"Feature","properties":{"id":1214479576,"highway":"residential"},"geometry":{"type":"LineString","coordinates":[[85.9266945,20.4407953],[85.9260828,20.440936],[85.9257663,20.4410717],[85.9254429,20.4415693]]}},{"type":"Feature","properties":{"id":1214479577,"highway":"residential"},"geometry":{"type":"LineString","coordinates":[[85.924878,20.442572],[85.9258734,20.4421549]]}},{"type":"Feature","properties":{"id":1214479578,"highway":"residential"},"geometry":{"type":"LineString","coordinates":[[85.9207644,20.4414374],[85.9213847,20.4413996]]}},{"type":"Feature","properties":{"id":1214479579,"highway":"residential"},"geometry":{"type":"LineString","coordinates":[[85.9208362,20.4409057],[85.920521,20.4408465],[85.9201724,20.4407158]]}},{"type":"Feature","properties":{"id":1214479580,"highway":"residential"},"geometry":{"type":"LineString","coordinates":[[85.9208579,20.4384082],[85.9201992,20.4385641]]}},{"type":"Feature","properties":{"id":1214479581,"highway":"residential"},"geometry":{"type":"LineString","coordinates":[[85.92183,20.4387048],[85.9218192,20.4385138],[85.9217817,20.4375385],[85.9217924,20.4375184],[85.9222484,20.4375083]]}},{"type":"Feature","properties":{"id":1214479582,"highway":"residential"},"geometry":{"type":"LineString","coordinates":[[85.9235842,20.4381468],[85.9235412,20.4375686],[85.9234822,20.4371413],[85.9234179,20.4370011]]}},{"type":"Feature","properties":{"id":1214479583,"highway":"residential"},"geometry":{"type":"LineString","coordinates":[[85.917889,20.4357278],[85.9181982,20.4366034],[85.9183699,20.4372972],[85.9183959,20.4373459],[85.9184504,20.437448],[85.9189224,20.4375234],[85.9191531,20.4375536],[85.9197968,20.4374631],[85.9200114,20.4374178],[85.9203867,20.4372637]]}},{"type":"Feature","properties":{"id":1214479584,"highway":"residential"},"geometry":{"type":"LineString","coordinates":[[85.9178448,20.4383917],[85.9181916,20.4384242],[85.9182484,20.4384393],[85.9188707,20.4385018],[85.9188931,20.4384966],[85.9189024,20.4384797],[85.9189224,20.4375234]]}},{"type":"Feature","properties":{"id":1214480806,"highway":"residential"},"geometry":{"type":"LineString","coordinates":[[85.9254873,20.4381591],[85.9262974,20.4380056],[85.927011,20.4377693],[85.9276641,20.437694],[85.9277514,20.4376839],[85.9282772,20.4378703],[85.9286044,20.4381312],[85.9286903,20.438282],[85.9288298,20.4390008],[85.9288834,20.4391667],[85.9290015,20.4398713],[85.9290166,20.4401139],[85.9290245,20.440201],[85.9290841,20.4403523],[85.9291571,20.4404085],[85.9292041,20.4406069]]}},{"type":"Feature","properties":{"id":1214480807,"highway":"residential"},"geometry":{"type":"LineString","coordinates":[[85.9288351,20.4371011],[85.9286903,20.4372923],[85.9285454,20.4374833],[85.9284864,20.4375486],[85.9284435,20.4375989],[85.9283576,20.4377346],[85.9282772,20.4378703]]}},{"type":"Feature","properties":{"id":1214480808,"highway":"residential"},"geometry":{"type":"LineString","coordinates":[[85.9304447,20.4389612],[85.9303803,20.4389763],[85.9300637,20.438921],[85.9297418,20.4388305],[85.9291088,20.4385389]]}},{"type":"Feature","properties":{"id":1214480809,"highway":"residential"},"geometry":{"type":"LineString","coordinates":[[85.9282372,20.4368136],[85.9276977,20.4365078],[85.9272855,20.4363181],[85.9270861,20.4362263],[85.9267642,20.4361107],[85.9265014,20.4360662],[85.9263779,20.4360453],[85.9258522,20.4360001],[85.9254122,20.4359347],[85.9244304,20.4358291],[85.9232286,20.4356934],[85.922955,20.4357854]]}},{"type":"Feature","properties":{"id":1214480810,"highway":"residential"},"geometry":{"type":"LineString","coordinates":[[85.9304447,20.4389612],[85.9304876,20.4389964],[85.9312226,20.4402327]]}},{"type":"Feature","properties":{"id":1214480811,"highway":"residential"},"geometry":{"type":"LineString","coordinates":[[85.9214099,20.4354907],[85.9214918,20.436287]]}},{"type":"Feature","properties":{"id":1214480812,"highway":"residential"},"geometry":{"type":"LineString","coordinates":[[85.9153872,20.4377392],[85.9153818,20.437498],[85.9154247,20.4370557],[85.9154247,20.4360958]]}},{"type":"Feature","properties":{"id":1214480813,"highway":"residential"},"geometry":{"type":"LineString","coordinates":[[85.9168248,20.4358486],[85.9169321,20.4362063]]}},{"type":"Feature","properties":{"id":1214480814,"highway":"residential"},"geometry":{"type":"LineString","coordinates":[[85.9130806,20.4394744],[85.9135242,20.439366],[85.913558,20.4393577],[85.9143285,20.4390948],[85.914486,20.439041]]}},{"type":"Feature","properties":{"id":1214480815,"highway":"residential"},"geometry":{"type":"LineString","coordinates":[[85.9136652,20.4428413],[85.9134882,20.442111]]}},{"type":"Feature","properties":{"id":1214480816,"highway":"residential"},"geometry":{"type":"LineString","coordinates":[[85.9184907,20.4414145],[85.9179787,20.4415888],[85.9172595,20.4419313],[85.915826,20.4424793],[85.9154946,20.4425547],[85.9150815,20.4427256],[85.9149098,20.4427809],[85.9145665,20.4429368]]}},{"type":"Feature","properties":{"id":1214480817,"highway":"residential"},"geometry":{"type":"LineString","coordinates":[[85.91565,20.4415844],[85.9156339,20.4418538]]}},{"type":"Feature","properties":{"id":1214480818,"highway":"residential"},"geometry":{"type":"LineString","coordinates":[[85.9400161,20.4426714],[85.9393341,20.4427468],[85.939098,20.4427367]]}},{"type":"Feature","properties":{"id":1214480819,"highway":"residential"},"geometry":{"type":"LineString","coordinates":[[85.9428132,20.4511],[85.9428906,20.4511804],[85.9430623,20.4514719],[85.9430569,20.4515422],[85.9430945,20.4517935]]}},{"type":"Feature","properties":{"id":1214480820,"highway":"residential"},"geometry":{"type":"LineString","coordinates":[[85.944972,20.4521754],[85.9444785,20.4522056],[85.9435451,20.4522156],[85.9423745,20.4523299]]}},{"type":"Feature","properties":{"id":1214480821,"highway":"residential"},"geometry":{"type":"LineString","coordinates":[[85.944972,20.4521754],[85.9449291,20.4519945],[85.9448594,20.4518789]]}},{"type":"Feature","properties":{"id":1214480822,"highway":"residential"},"geometry":{"type":"LineString","coordinates":[[85.944972,20.4521754],[85.9450739,20.4523765],[85.944972,20.4525976],[85.9449827,20.4527132],[85.9450954,20.452879],[85.9452349,20.4529946],[85.9458625,20.4538941],[85.946002,20.4541605],[85.9460825,20.4542258],[85.9461522,20.4542258],[85.9467477,20.4536177],[85.9473646,20.4531252],[85.9475738,20.4529142],[85.9476006,20.4528639],[85.947547,20.4527785],[85.9474933,20.4527031],[85.9474826,20.4526579],[85.9473163,20.4524167]]}},{"type":"Feature","properties":{"id":1214480823,"highway":"residential"},"geometry":{"type":"LineString","coordinates":[[85.9452349,20.4529946],[85.9462112,20.452869],[85.9469676,20.4525171],[85.9473163,20.4524167],[85.9475952,20.4522608],[85.9477561,20.45213],[85.9479332,20.4519541],[85.9482443,20.451748],[85.9481531,20.4515017],[85.9478849,20.4508632]]}},{"type":"Feature","properties":{"id":1214480824,"highway":"residential"},"geometry":{"type":"LineString","coordinates":[[85.9461093,20.4508588],[85.9462381,20.451105],[85.9463722,20.4513463],[85.9464044,20.4514116],[85.9467316,20.4520498],[85.9469676,20.4525171]]}},{"type":"Feature","properties":{"id":1214711669,"highway":"residential"},"geometry":{"type":"LineString","coordinates":[[85.9093271,20.458009],[85.9095616,20.4579514]]}},{"type":"Feature","properties":{"id":1214974400,"highway":"residential"},"geometry":{"type":"LineString","coordinates":[[85.9018576,20.4734461],[85.9020299,20.4737408]]}},{"type":"Feature","properties":{"id":1216157528,"highway":"residential"},"geometry":{"type":"LineString","coordinates":[[85.9301866,20.4942764],[85.9303061,20.4937126]]}},{"type":"Feature","properties":{"id":1216157529,"highway":"residential"},"geometry":{"type":"LineString","coordinates":[[85.9297585,20.4916963],[85.930134,20.4921694],[85.9303218,20.4923301],[85.9304452,20.4924356],[85.9305364,20.4925612],[85.9305739,20.4926567],[85.9305739,20.4928024],[85.9305264,20.4929016]]}},{"type":"Feature","properties":{"id":1216157530,"highway":"residential"},"geometry":{"type":"LineString","coordinates":[[85.9322584,20.4915485],[85.932135,20.4917725],[85.9318292,20.4921191],[85.9316951,20.4923151],[85.9315932,20.4925411],[85.9315288,20.4927572]]}},{"type":"Feature","properties":{"id":1216157531,"highway":"residential"},"geometry":{"type":"LineString","coordinates":[[85.927395,20.4908783],[85.9282083,20.4908331]]}},{"type":"Feature","properties":{"id":1216157532,"highway":"residential"},"geometry":{"type":"LineString","coordinates":[[85.9195711,20.4923403],[85.9211755,20.4916124],[85.9214115,20.4914818],[85.9216529,20.491321],[85.9222859,20.4908335],[85.9228438,20.4904315],[85.9232194,20.4902154],[85.9233884,20.4901312]]}},{"type":"Feature","properties":{"id":1216179014,"highway":"residential"},"geometry":{"type":"LineString","coordinates":[[85.9177559,20.453084],[85.9178434,20.4534388]]}},{"type":"Feature","properties":{"id":1216203898,"highway":"residential"},"geometry":{"type":"LineString","coordinates":[[85.9549327,20.4978881],[85.9548212,20.4976891],[85.9546915,20.4975954],[85.9545745,20.4975018],[85.9545415,20.4974525],[85.9545011,20.497362],[85.9544092,20.4971487]]}},{"type":"Feature","properties":{"id":1216204197,"highway":"residential"},"geometry":{"type":"LineString","coordinates":[[85.9447146,20.4990683],[85.943362,20.4992904],[85.9430826,20.4993309],[85.9425277,20.4994113],[85.9408458,20.4996569]]}},{"type":"Feature","properties":{"id":1216706217,"highway":"residential"},"geometry":{"type":"LineString","coordinates":[[85.9105003,20.4968531],[85.9082333,20.4984312]]}},{"type":"Feature","properties":{"id":1216709920,"highway":"residential"},"geometry":{"type":"LineString","coordinates":[[85.977274,20.4970172],[85.9778291,20.4981093],[85.9780062,20.4981394],[85.9786767,20.4981294],[85.9789503,20.4980691]]}},{"type":"Feature","properties":{"id":1216709921,"highway":"residential"},"geometry":{"type":"LineString","coordinates":[[85.9793043,20.4970683],[85.9791863,20.4959687]]}},{"type":"Feature","properties":{"id":1216709922,"highway":"residential"},"geometry":{"type":"LineString","coordinates":[[85.9755653,20.4974918],[85.9758979,20.4983806],[85.9758818,20.4984409],[85.975635,20.4986469],[85.9756297,20.4987172],[85.9757101,20.499079],[85.9757155,20.4991745],[85.9756619,20.4993051],[85.9754956,20.4994106],[85.975458,20.4994659],[85.9755063,20.4997171],[85.9757638,20.5004356],[85.9759837,20.5008275],[85.9761178,20.5012496],[85.9765202,20.5030182],[85.9765577,20.5031338],[85.9766919,20.5037367],[85.9767723,20.5040884],[85.9767723,20.5041487],[85.9770459,20.5053898]]}},{"type":"Feature","properties":{"id":1216709924,"highway":"residential"},"geometry":{"type":"LineString","coordinates":[[85.9788805,20.4928573],[85.9788966,20.4929829],[85.9791005,20.4933547],[85.979374,20.4937216],[85.9794813,20.4939025],[85.9795457,20.4939628],[85.9797817,20.4940783],[85.9798729,20.4941889],[85.979948,20.4944854],[85.9800339,20.495615]]}},{"type":"Feature","properties":{"id":1216709925,"highway":"residential"},"geometry":{"type":"LineString","coordinates":[[85.9831291,20.4944489],[85.9829575,20.4935658],[85.9827805,20.4931437],[85.9825391,20.4930934],[85.9824961,20.4930482],[85.9823298,20.4926814],[85.9821743,20.492194],[85.9820455,20.4921286],[85.9816056,20.4920382],[85.981096,20.4918724],[85.9807366,20.4918925],[85.9803504,20.4921085],[85.9793901,20.4925055],[85.9792185,20.4925106],[85.9788805,20.4928573]]}},{"type":"Feature","properties":{"id":1216709926,"highway":"residential"},"geometry":{"type":"LineString","coordinates":[[85.9819865,20.4915507],[85.9831291,20.4912141],[85.9835905,20.4910231],[85.9840947,20.4908724],[85.9844166,20.4907518],[85.984776,20.490591],[85.9852052,20.4904352],[85.9853286,20.490405],[85.9858489,20.490194],[85.9860313,20.4901538],[85.9863532,20.4901789],[85.9867394,20.4901588],[85.9872168,20.4899628],[85.9873241,20.4899277],[85.9877908,20.4898523],[85.9881181,20.4898272],[85.988617,20.4896664],[85.9886652,20.4896362],[85.9886974,20.4895809],[85.9888691,20.4891237],[85.9889442,20.4888724],[85.9890193,20.4888423],[85.9898186,20.4886965],[85.9901834,20.4886563],[85.9911597,20.4886011],[85.9917176,20.4885508],[85.9920717,20.4884553],[85.9922219,20.4883146],[85.9922487,20.4881388],[85.9923184,20.4880182],[85.9923828,20.487978],[85.9926081,20.4879327],[85.9929783,20.4879126],[85.9935522,20.4879579],[85.9950596,20.4879994]]}},{"type":"Feature","properties":{"id":1216709927,"highway":"residential"},"geometry":{"type":"LineString","coordinates":[[85.9819865,20.4915507],[85.9819275,20.491596],[85.9817719,20.4916663],[85.981729,20.4916663],[85.9811497,20.4918322],[85.981096,20.4918724]]}},{"type":"Feature","properties":{"id":1216709928,"highway":"residential"},"geometry":{"type":"LineString","coordinates":[[85.9863532,20.4901789],[85.9863317,20.4904553],[85.9864765,20.4910332],[85.9866482,20.4915106],[85.9868091,20.491802],[85.9868681,20.4919729],[85.9868628,20.4920432],[85.986836,20.4920784],[85.9866053,20.4922291],[85.9864926,20.4923296],[85.9865248,20.4928623],[85.9865785,20.4930633],[85.986675,20.4931136],[85.9868091,20.4931638],[85.9868842,20.4935576]]}},{"type":"Feature","properties":{"id":1216709929,"highway":"residential"},"geometry":{"type":"LineString","coordinates":[[85.991165,20.4923124],[85.9907359,20.4913306]]}},{"type":"Feature","properties":{"id":1216709930,"highway":"residential"},"geometry":{"type":"LineString","coordinates":[[85.99338,20.4925994],[85.9933269,20.4930012],[85.9933859,20.4931796],[85.9935013,20.493481],[85.9936113,20.4937895],[85.9937131,20.4941794],[85.9935415,20.4942297],[85.993225,20.4943402],[85.9929567,20.4944055]]}},{"type":"Feature","properties":{"id":1216709931,"highway":"unclassified"},"geometry":{"type":"LineString","coordinates":[[85.9959019,20.4942547],[85.9954737,20.494381],[85.9954242,20.4943709],[85.9953882,20.4943358],[85.9949871,20.4938963],[85.9948877,20.4938336],[85.9948057,20.4937396],[85.9946949,20.4935581],[85.9945406,20.4932384],[85.9943526,20.4927287],[85.9943095,20.492656],[85.9942549,20.4926269],[85.9939526,20.4926557],[85.9937349,20.4926564],[85.9935355,20.4926431],[85.99338,20.4925994]]}},{"type":"Feature","properties":{"id":1216709932,"highway":"residential"},"geometry":{"type":"LineString","coordinates":[[85.9898427,20.4934829],[85.9898829,20.4935708],[85.9899125,20.4936964],[85.9899179,20.4937342],[85.9899688,20.4938297],[85.9901109,20.4937895],[85.990237,20.4937568],[85.9904194,20.493719],[85.9905776,20.493694],[85.9909934,20.4937467],[85.9916473,20.4939246],[85.9926832,20.4937869],[85.9928388,20.4937869],[85.9929675,20.493812],[85.9936113,20.4937895]]}},{"type":"Feature","properties":{"id":1216709933,"highway":"residential"},"geometry":{"type":"LineString","coordinates":[[85.9916854,20.4968122],[85.9912395,20.4961741],[85.9912136,20.4960802],[85.991109,20.4957068],[85.9910086,20.4954603],[85.9908877,20.494721],[85.9907739,20.4942186],[85.9905776,20.493694]]}},{"type":"Feature","properties":{"id":1216709934,"highway":"residential"},"geometry":{"type":"LineString","coordinates":[[85.9920721,20.4952223],[85.9919381,20.494765],[85.9917792,20.4946131],[85.9917256,20.4945166],[85.9916473,20.4939246]]}},{"type":"Feature","properties":{"id":1216709935,"highway":"residential"},"geometry":{"type":"LineString","coordinates":[[85.9827483,20.4952392],[85.9844756,20.4948523],[85.9849745,20.4949377],[85.9852132,20.4949302],[85.9853608,20.4949678],[85.9855914,20.4950131],[85.9858972,20.4952141],[85.9862673,20.4953799],[85.9866455,20.4955231],[85.9870666,20.495596],[85.9885848,20.4956764],[85.990119,20.4955909],[85.9908754,20.4954603]]}},{"type":"Feature","properties":{"id":1216709936,"highway":"residential"},"geometry":{"type":"LineString","coordinates":[[85.9827483,20.4952392],[85.9819543,20.4953598],[85.9815034,20.4954129]]}},{"type":"Feature","properties":{"id":1216709937,"highway":"residential"},"geometry":{"type":"LineString","coordinates":[[85.9815034,20.4954129],[85.9813462,20.4953444],[85.9812129,20.4952786]]}},{"type":"Feature","properties":{"id":1216709938,"highway":"residential"},"geometry":{"type":"LineString","coordinates":[[85.9815034,20.4954129],[85.981589,20.4957595],[85.981445,20.4957903],[85.9813698,20.4958164],[85.9812129,20.4952786],[85.9812005,20.4951891]]}},{"type":"Feature","properties":{"id":1216709939,"highway":"residential"},"geometry":{"type":"LineString","coordinates":[[85.9827483,20.4952392],[85.9829202,20.4955052],[85.9830605,20.4958522],[85.9833307,20.4963556],[85.9834327,20.4966211],[85.9834756,20.4968489],[85.9835373,20.4974251],[85.9835154,20.4980582]]}},{"type":"Feature","properties":{"id":1216709940,"highway":"residential"},"geometry":{"type":"LineString","coordinates":[[85.9849745,20.4949377],[85.984877,20.4961681],[85.9848619,20.4967115]]}},{"type":"Feature","properties":{"id":1216709941,"highway":"residential"},"geometry":{"type":"LineString","coordinates":[[85.984877,20.4961681],[85.9843702,20.4962538]]}},{"type":"Feature","properties":{"id":1216709942,"highway":"residential"},"geometry":{"type":"LineString","coordinates":[[85.9814823,20.4968171],[85.9833307,20.4963556]]}},{"type":"Feature","properties":{"id":1216709943,"highway":"residential"},"geometry":{"type":"LineString","coordinates":[[85.9811711,20.5001989],[85.9810477,20.4993296],[85.9809941,20.499199],[85.9808278,20.499003],[85.9807956,20.4988321],[85.9807956,20.4984804],[85.9808332,20.4982944],[85.9809565,20.4980482],[85.9809458,20.4979075],[85.98086,20.4976563],[85.9807312,20.4974402],[85.9805059,20.4972191],[85.9803772,20.4970533],[85.9802806,20.4967216],[85.9802914,20.4966563],[85.9805596,20.4966412],[85.9808224,20.4965809],[85.981155,20.4964804],[85.9813535,20.4967367],[85.9814823,20.4968171],[85.9817076,20.4970884],[85.9818148,20.4973095],[85.9819007,20.4974352]]}},{"type":"Feature","properties":{"id":1216709944,"highway":"unclassified"},"geometry":{"type":"LineString","coordinates":[[85.9959019,20.4942547],[85.9959414,20.4942719],[85.9959967,20.4943276],[85.9960668,20.4944278],[85.9962755,20.4947629],[85.9963379,20.4949162],[85.996422,20.4952151],[85.9964146,20.4952779],[85.9963658,20.4953748],[85.9963098,20.4955648],[85.9963246,20.4962587],[85.9963277,20.4966623],[85.9962825,20.4967738],[85.9962203,20.4969284],[85.9961837,20.4971279],[85.9961016,20.4980949],[85.9960654,20.4984453],[85.9960356,20.4985332],[85.9959874,20.4985755],[85.9958801,20.4985845],[85.9956398,20.4985628],[85.9954395,20.4985163],[85.995327,20.498502],[85.9952438,20.4985201],[85.9951924,20.4985615],[85.9951813,20.498712],[85.9951146,20.5016454],[85.9951638,20.5029217],[85.9952012,20.5046262],[85.9952343,20.5057524],[85.9952149,20.5059912],[85.9951545,20.5061482],[85.9951249,20.5061954],[85.9951026,20.5062445],[85.9950856,20.5063233],[85.9950784,20.5063956],[85.9950565,20.5071077],[85.9950687,20.5072699],[85.9950817,20.5073162],[85.9951254,20.5073567]]}},{"type":"Feature","properties":{"id":1220001441,"highway":"residential"},"geometry":{"type":"LineString","coordinates":[[85.9073545,20.4634903],[85.9073055,20.4633172]]}},{"type":"Feature","properties":{"id":1221481175,"highway":"residential"},"geometry":{"type":"LineString","coordinates":[[85.9149183,20.4675934],[85.9149012,20.4671827]]}},{"type":"Feature","properties":{"id":1221678891,"highway":"secondary"},"geometry":{"type":"LineString","coordinates":[[85.9145202,20.4665374],[85.9148182,20.4662522],[85.9150154,20.4659881],[85.9151565,20.4657913],[85.9159895,20.4646055],[85.9164736,20.4638755],[85.9166828,20.4634936],[85.9170731,20.4626768],[85.9173346,20.4620373],[85.9175787,20.4611866],[85.9177611,20.4604843],[85.9179958,20.4599842],[85.9182895,20.4593936],[85.9184264,20.459123],[85.9184839,20.4589564],[85.9184713,20.4588971]]}},{"type":"Feature","properties":{"id":1221678892,"highway":"secondary"},"geometry":{"type":"LineString","coordinates":[[85.9090021,20.4719392],[85.9090736,20.4719285],[85.9091965,20.47181],[85.9094556,20.4715576],[85.9100461,20.4709695],[85.9100918,20.470924],[85.9107111,20.4702919],[85.9117032,20.4693162],[85.9127908,20.4682598],[85.9133795,20.4676698],[85.9135212,20.4675278],[85.9139308,20.4671153],[85.9145202,20.4665374]]}},{"type":"Feature","properties":{"id":1221678893,"highway":"secondary"},"geometry":{"type":"LineString","coordinates":[[85.9184713,20.4588971],[85.9184116,20.4589363],[85.9183402,20.4591033],[85.9179156,20.4599492],[85.9177754,20.460224],[85.9176749,20.4604655],[85.9175982,20.4607681],[85.9175007,20.4611886]]}},{"type":"Feature","properties":{"id":1221678894,"highway":"secondary"},"geometry":{"type":"LineString","coordinates":[[85.9090021,20.4719392],[85.9086171,20.4721164]]}},{"type":"Feature","properties":{"id":1225354949,"highway":"residential"},"geometry":{"type":"LineString","coordinates":[[85.9010205,20.4770182],[85.9010931,20.4769851],[85.90116,20.4769583],[85.9011858,20.4769515],[85.9012248,20.4769497],[85.9012519,20.4769598],[85.9012955,20.4770277],[85.9013619,20.4771635],[85.9014331,20.4772781]]}},{"type":"Feature","properties":{"id":1225354950,"highway":"residential"},"geometry":{"type":"LineString","coordinates":[[85.9020338,20.4766998],[85.9020136,20.4767919],[85.9020212,20.4769666],[85.9020266,20.4771182],[85.9020023,20.4771472],[85.9019936,20.4771733],[85.9020331,20.4772479],[85.9021206,20.4773737]]}},{"type":"Feature","properties":{"id":1226569967,"highway":"residential"},"geometry":{"type":"LineString","coordinates":[[85.9194372,20.450601],[85.9192911,20.4503156],[85.9191585,20.4501608],[85.9190167,20.4499953],[85.9189105,20.4498498],[85.919027,20.449794],[85.9187448,20.449481]]}},{"type":"Feature","properties":{"id":1226569968,"highway":"residential"},"geometry":{"type":"LineString","coordinates":[[85.9191585,20.4501608],[85.9193455,20.4500487],[85.9195035,20.4499104]]}},{"type":"Feature","properties":{"id":1232840078,"highway":"residential"},"geometry":{"type":"LineString","coordinates":[[85.9022763,20.4485317],[85.9025381,20.4486048]]}},{"type":"Feature","properties":{"id":1258164599,"highway":"residential"},"geometry":{"type":"LineString","coordinates":[[85.9027189,20.4403667],[85.9033798,20.4404562]]}},{"type":"Feature","properties":{"id":1258164600,"highway":"residential"},"geometry":{"type":"LineString","coordinates":[[85.9025925,20.4399423],[85.9027745,20.439966],[85.9034416,20.4400528]]}},{"type":"Feature","properties":{"id":1258164601,"highway":"residential"},"geometry":{"type":"LineString","coordinates":[[85.9026425,20.4406966],[85.9027189,20.4403667],[85.9027745,20.439966]]}},{"type":"Feature","properties":{"id":1258165625,"highway":"residential"},"geometry":{"type":"LineString","coordinates":[[85.9016472,20.4392279],[85.9015295,20.438822],[85.9015455,20.4387824],[85.9015801,20.4387824],[85.9024033,20.4385613]]}},{"type":"Feature","properties":{"id":1258165626,"highway":"residential"},"geometry":{"type":"LineString","coordinates":[[85.9030519,20.4388816],[85.9029811,20.4385124]]}},{"type":"Feature","properties":{"id":1258167902,"highway":"residential"},"geometry":{"type":"LineString","coordinates":[[85.900822,20.4460412],[85.9005067,20.4466505]]}},{"type":"Feature","properties":{"id":1258167903,"highway":"residential"},"geometry":{"type":"LineString","coordinates":[[85.9000338,20.4464774],[85.9003087,20.446578],[85.9005067,20.4466505],[85.9012162,20.4469807]]}},{"type":"Feature","properties":{"id":1258167904,"highway":"residential"},"geometry":{"type":"LineString","coordinates":[[85.9049479,20.4460767],[85.905172,20.4461184],[85.9057579,20.4462275],[85.9058331,20.4458981],[85.9058733,20.4457223],[85.9062032,20.4457449],[85.9061898,20.4462777],[85.9061066,20.4466899],[85.9061146,20.4467313],[85.9061783,20.4467645],[85.9064862,20.4467976],[85.9065959,20.4468474]]}},{"type":"Feature","properties":{"id":1258169500,"highway":"residential"},"geometry":{"type":"LineString","coordinates":[[85.9058319,20.4370186],[85.9057828,20.4367718]]}},{"type":"Feature","properties":{"id":1258170258,"highway":"residential"},"geometry":{"type":"LineString","coordinates":[[85.9003087,20.446578],[85.9001941,20.4468959]]}},{"type":"Feature","properties":{"id":1258170792,"highway":"residential"},"geometry":{"type":"LineString","coordinates":[[85.9055298,20.4370409],[85.905487,20.4368192]]}},{"type":"Feature","properties":{"id":1258172135,"highway":"residential"},"geometry":{"type":"LineString","coordinates":[[85.9103058,20.4597777],[85.909846,20.4601443]]}},{"type":"Feature","properties":{"id":1258173170,"highway":"residential"},"geometry":{"type":"LineString","coordinates":[[85.9090666,20.4573702],[85.9088262,20.4574495],[85.9086199,20.4575012],[85.9083822,20.4575512],[85.9081208,20.4576115]]}},{"type":"Feature","properties":{"id":1258173278,"highway":"residential"},"geometry":{"type":"LineString","coordinates":[[85.9028568,20.451352],[85.902279,20.4505055]]}},{"type":"Feature","properties":{"id":1258174912,"highway":"residential"},"geometry":{"type":"LineString","coordinates":[[85.9044339,20.4500048],[85.9039943,20.4498738]]}},{"type":"Feature","properties":{"id":1258175082,"highway":"residential"},"geometry":{"type":"LineString","coordinates":[[85.9094433,20.4582783],[85.9088982,20.4584766]]}},{"type":"Feature","properties":{"id":1258175083,"highway":"residential"},"geometry":{"type":"LineString","coordinates":[[85.9100283,20.4595382],[85.910003,20.4595127]]}},{"type":"Feature","properties":{"id":1258175084,"highway":"residential"},"geometry":{"type":"LineString","coordinates":[[85.9100319,20.4595418],[85.9100283,20.4595382]]}},{"type":"Feature","properties":{"id":1258177984,"highway":"residential"},"geometry":{"type":"LineString","coordinates":[[85.9113225,20.4389762],[85.9111187,20.4390458],[85.910941,20.4391074],[85.9107998,20.4390568],[85.9106847,20.4390184],[85.9104721,20.4390237],[85.9101988,20.4390279],[85.9099341,20.4390412],[85.9096414,20.4390452]]}},{"type":"Feature","properties":{"id":1258178385,"highway":"residential"},"geometry":{"type":"LineString","coordinates":[[85.9047807,20.4480889],[85.9049406,20.4476104],[85.9050163,20.447369]]}},{"type":"Feature","properties":{"id":1258178386,"highway":"residential"},"geometry":{"type":"LineString","coordinates":[[85.904204,20.4473804],[85.9049406,20.4476104]]}},{"type":"Feature","properties":{"id":1258178387,"highway":"residential"},"geometry":{"type":"LineString","coordinates":[[85.9051663,20.4474137],[85.9050163,20.447369],[85.9047091,20.4472717]]}},{"type":"Feature","properties":{"id":1258178388,"highway":"residential"},"geometry":{"type":"LineString","coordinates":[[85.9044141,20.4468361],[85.9044324,20.4467753],[85.9044456,20.4467598],[85.9044624,20.4467533],[85.9044797,20.446751],[85.9049223,20.4468052],[85.9052887,20.4468817]]}},{"type":"Feature","properties":{"id":1258178389,"highway":"residential"},"geometry":{"type":"LineString","coordinates":[[85.9049223,20.4468052],[85.9049033,20.4468919],[85.9049049,20.4469387],[85.9049232,20.4469716],[85.9049689,20.4470062],[85.9055641,20.4471365]]}},{"type":"Feature","properties":{"id":1258178885,"highway":"residential"},"geometry":{"type":"LineString","coordinates":[[85.9117315,20.4368561],[85.9117802,20.4370048],[85.9118797,20.4373104]]}},{"type":"Feature","properties":{"id":1258179893,"highway":"residential"},"geometry":{"type":"LineString","coordinates":[[85.9047002,20.4483394],[85.9045994,20.448708],[85.9045866,20.4487372],[85.9045602,20.4487462],[85.9037649,20.4485674]]}},{"type":"Feature","properties":{"id":1258180825,"highway":"residential"},"geometry":{"type":"LineString","coordinates":[[85.9061748,20.4501352],[85.9061947,20.4501118],[85.9066492,20.4496046]]}},{"type":"Feature","properties":{"id":1258181032,"highway":"residential"},"geometry":{"type":"LineString","coordinates":[[85.9074815,20.4378171],[85.9073691,20.43792],[85.9071792,20.4380128],[85.9071269,20.4380537],[85.9071587,20.4382849],[85.9072369,20.4386469],[85.9072617,20.4387771],[85.9072687,20.438842],[85.9071951,20.4388653],[85.9069281,20.4389181],[85.9068941,20.4389259],[85.9068906,20.4391164],[85.9068983,20.4393516],[85.9069173,20.4395636],[85.9069496,20.4397637],[85.9069744,20.4398684],[85.9066212,20.4399494],[85.9064236,20.4399715],[85.9063618,20.4399949],[85.9063644,20.4401931]]}},{"type":"Feature","properties":{"id":1258181061,"highway":"residential"},"geometry":{"type":"LineString","coordinates":[[85.9086585,20.4998618],[85.9091972,20.4999422]]}},{"type":"Feature","properties":{"id":1258182818,"highway":"residential"},"geometry":{"type":"LineString","coordinates":[[85.9023293,20.4480575],[85.9026151,20.4473882],[85.9028224,20.4468848]]}},{"type":"Feature","properties":{"id":1258182819,"highway":"residential"},"geometry":{"type":"LineString","coordinates":[[85.9029277,20.4477837],[85.9029808,20.44751]]}},{"type":"Feature","properties":{"id":1258183431,"highway":"residential"},"geometry":{"type":"LineString","coordinates":[[85.9097274,20.4513277],[85.9101427,20.4512845]]}},{"type":"Feature","properties":{"id":1258183453,"highway":"residential"},"geometry":{"type":"LineString","coordinates":[[85.9085995,20.4996092],[85.9090867,20.4995596],[85.9094231,20.4995778],[85.9095418,20.4995628],[85.9098508,20.4993985],[85.9104189,20.4991335]]}},{"type":"Feature","properties":{"id":1258183454,"highway":"residential"},"geometry":{"type":"LineString","coordinates":[[85.9098508,20.4993985],[85.9096655,20.499051],[85.9096648,20.4990076],[85.9096926,20.4989161]]}},{"type":"Feature","properties":{"id":1258191719,"highway":"residential"},"geometry":{"type":"LineString","coordinates":[[85.9150654,20.4998733],[85.9151347,20.4998724]]}},{"type":"Feature","properties":{"id":1258195273,"highway":"residential"},"geometry":{"type":"LineString","coordinates":[[85.9061931,20.4680331],[85.9063788,20.4682613]]}},{"type":"Feature","properties":{"id":1258195274,"highway":"residential"},"geometry":{"type":"LineString","coordinates":[[85.9065431,20.4677461],[85.9063096,20.4674159]]}},{"type":"Feature","properties":{"id":1258198325,"highway":"residential"},"geometry":{"type":"LineString","coordinates":[[85.9154089,20.4588372],[85.9154964,20.4587807],[85.9155579,20.4587028],[85.9157833,20.4585163]]}},{"type":"Feature","properties":{"id":1258200393,"highway":"residential"},"geometry":{"type":"LineString","coordinates":[[85.9150493,20.458283],[85.9144379,20.4586223],[85.9141573,20.4588003]]}},{"type":"Feature","properties":{"id":1258200881,"highway":"residential"},"geometry":{"type":"LineString","coordinates":[[85.9108996,20.4691893],[85.911204,20.4690119]]}},{"type":"Feature","properties":{"id":1258201043,"highway":"residential"},"geometry":{"type":"LineString","coordinates":[[85.9067393,20.4486318],[85.9068824,20.448596],[85.9069174,20.4485691],[85.9069191,20.4485336],[85.9069189,20.4484745],[85.9069569,20.4484651],[85.9071852,20.4484893],[85.9074853,20.4485534]]}},{"type":"Feature","properties":{"id":1258201437,"highway":"residential"},"geometry":{"type":"LineString","coordinates":[[85.9196037,20.4577535],[85.9201888,20.4573225]]}},{"type":"Feature","properties":{"id":1258202609,"highway":"residential"},"geometry":{"type":"LineString","coordinates":[[85.9317746,20.4982508],[85.9316591,20.4983659],[85.9315421,20.4984356],[85.9314234,20.4984704],[85.9312829,20.4984523],[85.9311923,20.4984559],[85.930871,20.4984863],[85.9306716,20.4984948],[85.9304401,20.4984609],[85.9303305,20.4984729],[85.9300607,20.498608],[85.9298838,20.498662],[85.9298088,20.4986708],[85.9297437,20.4986385],[85.9296268,20.4985393],[85.9294951,20.4984005],[85.9294127,20.4983641],[85.9292849,20.4983515]]}},{"type":"Feature","properties":{"id":1258203220,"highway":"residential"},"geometry":{"type":"LineString","coordinates":[[85.911204,20.4690119],[85.9113877,20.4688885],[85.9121308,20.4684085],[85.9127326,20.4680113],[85.9125616,20.4677849]]}},{"type":"Feature","properties":{"id":1258203297,"highway":"residential"},"geometry":{"type":"LineString","coordinates":[[85.911449,20.446043],[85.9109167,20.4461447],[85.9103191,20.4462589],[85.9102922,20.4462784],[85.9102844,20.4463116],[85.9102858,20.4465004],[85.9102689,20.4466956],[85.9102412,20.4469178],[85.9102184,20.4469562],[85.9101814,20.4469711],[85.9101119,20.4469604],[85.9100173,20.4469375],[85.9099783,20.446943],[85.9099631,20.4469761],[85.9099483,20.4470904],[85.9099268,20.4471212],[85.9098872,20.4471285],[85.9095277,20.4470845],[85.9094889,20.447072],[85.9094714,20.4470394],[85.9094694,20.4468896],[85.9094676,20.4468573],[85.9094477,20.4468253],[85.9094008,20.4468235],[85.9087628,20.4468574],[85.9086369,20.4468506],[85.9085912,20.4468481],[85.9084182,20.4468551],[85.9081096,20.44691]]}},{"type":"Feature","properties":{"id":1258203298,"highway":"residential"},"geometry":{"type":"LineString","coordinates":[[85.9084182,20.4468551],[85.9085442,20.4473066]]}},{"type":"Feature","properties":{"id":1258203592,"highway":"residential"},"geometry":{"type":"LineString","coordinates":[[85.9179354,20.4556721],[85.9177878,20.4557827],[85.9175679,20.4558933],[85.9173569,20.4559756]]}},{"type":"Feature","properties":{"id":1258204033,"highway":"residential"},"geometry":{"type":"LineString","coordinates":[[85.9086369,20.4468506],[85.9085235,20.4461718],[85.9084547,20.4457023]]}},{"type":"Feature","properties":{"id":1258204034,"highway":"residential"},"geometry":{"type":"LineString","coordinates":[[85.9094008,20.4468235],[85.9093723,20.4465243]]}},{"type":"Feature","properties":{"id":1258204980,"highway":"residential"},"geometry":{"type":"LineString","coordinates":[[85.9282157,20.4953339],[85.9283534,20.4961198],[85.9283332,20.4962108]]}},{"type":"Feature","properties":{"id":1258205035,"highway":"residential"},"geometry":{"type":"LineString","coordinates":[[85.9203931,20.4528927],[85.9203189,20.4529917],[85.9200168,20.4531748],[85.9199855,20.4532231],[85.9199849,20.4532578],[85.9200359,20.4533041],[85.9205788,20.4538487],[85.9206168,20.453906],[85.9205153,20.4540452],[85.9204274,20.4542051],[85.9202857,20.4544629],[85.9202798,20.4545128],[85.9205536,20.4548035]]}},{"type":"Feature","properties":{"id":1258205036,"highway":"residential"},"geometry":{"type":"LineString","coordinates":[[85.9204274,20.4542051],[85.9207027,20.4544205]]}},{"type":"Feature","properties":{"id":1258205178,"highway":"residential"},"geometry":{"type":"LineString","coordinates":[[85.9102233,20.4426695],[85.9102766,20.4430492]]}},{"type":"Feature","properties":{"id":1258205179,"highway":"residential"},"geometry":{"type":"LineString","coordinates":[[85.9108509,20.4424974],[85.9109889,20.442827]]}},{"type":"Feature","properties":{"id":1258205267,"highway":"residential"},"geometry":{"type":"LineString","coordinates":[[85.9113231,20.4449183],[85.9114986,20.4448111],[85.9122795,20.4444738],[85.9133098,20.4441884],[85.913339,20.4441929],[85.9133586,20.4442088],[85.9134006,20.4443602],[85.9134578,20.4445668],[85.9134738,20.4445848],[85.913499,20.4445827],[85.9137475,20.4445003]]}},{"type":"Feature","properties":{"id":1258205268,"highway":"residential"},"geometry":{"type":"LineString","coordinates":[[85.9134006,20.4443602],[85.9137906,20.4442077]]}},{"type":"Feature","properties":{"id":1258206704,"highway":"residential"},"geometry":{"type":"LineString","coordinates":[[85.9157934,20.443856],[85.9151542,20.4440251],[85.9145062,20.4441966]]}},{"type":"Feature","properties":{"id":1258206705,"highway":"residential"},"geometry":{"type":"LineString","coordinates":[[85.9151542,20.4440251],[85.9150672,20.4436757],[85.9150573,20.443665],[85.9150468,20.4436585],[85.9150291,20.4436617],[85.9149989,20.4436678],[85.9143869,20.443791],[85.9142505,20.4438185]]}},{"type":"Feature","properties":{"id":1258206706,"highway":"residential"},"geometry":{"type":"LineString","coordinates":[[85.9143869,20.443791],[85.9143147,20.4435262]]}},{"type":"Feature","properties":{"id":1258206707,"highway":"residential"},"geometry":{"type":"LineString","coordinates":[[85.9149989,20.4436678],[85.9149148,20.4432543]]}},{"type":"Feature","properties":{"id":1258207079,"highway":"residential"},"geometry":{"type":"LineString","coordinates":[[85.930149,20.4950992],[85.9301481,20.4949809],[85.9301637,20.4947547],[85.9301919,20.4946697],[85.9302427,20.4945553],[85.9302435,20.4945079],[85.9302134,20.4943843],[85.9301866,20.4942764]]}},{"type":"Feature","properties":{"id":1258207451,"highway":"residential"},"geometry":{"type":"LineString","coordinates":[[85.9151511,20.4450206],[85.914714,20.4451592]]}},{"type":"Feature","properties":{"id":1258207452,"highway":"residential"},"geometry":{"type":"LineString","coordinates":[[85.9151431,20.4449792],[85.9150624,20.4448322],[85.915007,20.4447017],[85.914967,20.4445449]]}},{"type":"Feature","properties":{"id":1258208605,"highway":"residential"},"geometry":{"type":"LineString","coordinates":[[85.9225939,20.49973],[85.9228485,20.4994235],[85.9227225,20.4992876],[85.9225492,20.4991912],[85.9224354,20.4989919],[85.9224354,20.4987305],[85.9222572,20.4981179]]}},{"type":"Feature","properties":{"id":1258208801,"highway":"residential"},"geometry":{"type":"LineString","coordinates":[[85.9140686,20.4383586],[85.9138366,20.438066],[85.9138308,20.4380551],[85.9138301,20.4380456],[85.9138523,20.4379706],[85.9138546,20.437957],[85.9138519,20.4379475],[85.9137279,20.4378732],[85.9136934,20.4378556],[85.9136556,20.4378279],[85.9135711,20.437719],[85.9135314,20.4376678],[85.9131781,20.4373054],[85.9131582,20.4372909],[85.9131473,20.4372754],[85.9131386,20.437242],[85.9130984,20.4370897],[85.9130705,20.4369606],[85.9130303,20.4368101],[85.9129787,20.4365989]]}},{"type":"Feature","properties":{"id":1258208802,"highway":"residential"},"geometry":{"type":"LineString","coordinates":[[85.9143285,20.4390948],[85.9140686,20.4383586]]}},{"type":"Feature","properties":{"id":1258210322,"highway":"residential"},"geometry":{"type":"LineString","coordinates":[[85.9018077,20.4709911],[85.9021448,20.4708993]]}},{"type":"Feature","properties":{"id":1258210323,"highway":"residential"},"geometry":{"type":"LineString","coordinates":[[85.9017199,20.4713613],[85.9018854,20.4713118],[85.9018982,20.4713007],[85.9018967,20.4712856]]}},{"type":"Feature","properties":{"id":1258210681,"highway":"residential"},"geometry":{"type":"LineString","coordinates":[[85.9208023,20.4426583],[85.9212674,20.4426405]]}},{"type":"Feature","properties":{"id":1258210858,"highway":"residential"},"geometry":{"type":"LineString","coordinates":[[85.9135711,20.437719],[85.913416,20.4378129],[85.9133613,20.4378484],[85.9133454,20.4378833],[85.9133244,20.4379262],[85.9132913,20.4379474],[85.9129154,20.4381096]]}},{"type":"Feature","properties":{"id":1258211555,"highway":"residential"},"geometry":{"type":"LineString","coordinates":[[85.9126469,20.4396135],[85.9128651,20.4403691]]}},{"type":"Feature","properties":{"id":1258211823,"highway":"residential"},"geometry":{"type":"LineString","coordinates":[[85.9011078,20.4707457],[85.9012481,20.4712192],[85.9012567,20.471237],[85.9012768,20.4712538],[85.9013122,20.4712616],[85.901339,20.4712608],[85.901361,20.4712645],[85.901392,20.4712762],[85.9014228,20.4712916],[85.9014414,20.4713158],[85.90145,20.4713432]]}},{"type":"Feature","properties":{"id":1258211824,"highway":"residential"},"geometry":{"type":"LineString","coordinates":[[85.9003356,20.4713935],[85.9007319,20.4713631]]}},{"type":"Feature","properties":{"id":1258212869,"highway":"residential"},"geometry":{"type":"LineString","coordinates":[[85.9319399,20.4961222],[85.9321349,20.4960522],[85.9321516,20.4960426],[85.9321624,20.4960245],[85.9321604,20.4960024],[85.9321208,20.4959273],[85.9321172,20.4959051],[85.9321248,20.4958872],[85.9322084,20.4958571]]}},{"type":"Feature","properties":{"id":1258212870,"highway":"residential"},"geometry":{"type":"LineString","coordinates":[[85.931687,20.4962136],[85.9319724,20.4967903],[85.9320608,20.496969],[85.9321872,20.4972243],[85.9322949,20.4974419]]}},{"type":"Feature","properties":{"id":1258213364,"highway":"unclassified"},"geometry":{"type":"LineString","coordinates":[[85.9587111,20.431535],[85.9593512,20.430812],[85.9599246,20.4301237],[85.9605991,20.4294672],[85.9609444,20.4292424],[85.9611477,20.4290684],[85.9622808,20.4282178],[85.9629356,20.4277502],[85.9634718,20.4273786],[85.9645017,20.4266373],[85.9649402,20.4263965],[85.9654209,20.4261497],[85.9658778,20.4259424],[85.966384,20.4257483],[85.9667384,20.4256534],[85.9669532,20.4256115],[85.9676917,20.4254579],[85.9686079,20.4253721],[85.9686152,20.4253831],[85.9693741,20.4253691],[85.9709419,20.425561],[85.9716629,20.4256796],[85.9722101,20.4257668],[85.9725644,20.4258512]]}},{"type":"Feature","properties":{"id":1258213365,"highway":"residential"},"geometry":{"type":"LineString","coordinates":[[85.9638065,20.4277819],[85.9634758,20.4278992],[85.9630323,20.4280602],[85.9627797,20.428115],[85.9626002,20.4281721],[85.9622808,20.4282178]]}},{"type":"Feature","properties":{"id":1258213366,"highway":"residential"},"geometry":{"type":"LineString","coordinates":[[85.9626002,20.4281721],[85.9626574,20.4282809],[85.9627938,20.4290806],[85.9628262,20.4292157],[85.9628642,20.4292376],[85.9629118,20.4292396],[85.9631916,20.4291852]]}},{"type":"Feature","properties":{"id":1258213368,"highway":"residential"},"geometry":{"type":"LineString","coordinates":[[85.9137898,20.4402527],[85.9135242,20.439366]]}},{"type":"Feature","properties":{"id":1258214109,"highway":"residential"},"geometry":{"type":"LineString","coordinates":[[85.9319724,20.4967903],[85.9317613,20.496896],[85.9317335,20.4969134],[85.9317226,20.4969497],[85.9317379,20.496994],[85.9320941,20.497628]]}},{"type":"Feature","properties":{"id":1258214110,"highway":"residential"},"geometry":{"type":"LineString","coordinates":[[85.9320608,20.496969],[85.9324602,20.4967761]]}},{"type":"Feature","properties":{"id":1258214111,"highway":"residential"},"geometry":{"type":"LineString","coordinates":[[85.9321872,20.4972243],[85.9326627,20.4970329]]}},{"type":"Feature","properties":{"id":1258214115,"highway":"residential"},"geometry":{"type":"LineString","coordinates":[[85.9145466,20.4685511],[85.9143831,20.4686021],[85.9141657,20.4686727],[85.9138399,20.4687485]]}},{"type":"Feature","properties":{"id":1258214375,"highway":"residential"},"geometry":{"type":"LineString","coordinates":[[85.9572726,20.4313592],[85.9573122,20.4311799],[85.95733,20.4310148],[85.9573763,20.4308837],[85.9574845,20.4307103],[85.9576427,20.4305885],[85.9580133,20.4303414],[85.959077,20.4297118],[85.9596552,20.429358],[85.9607634,20.4287126],[85.9610121,20.4285719],[85.9611488,20.4284588],[85.9614415,20.4279711],[85.9618817,20.4269255]]}},{"type":"Feature","properties":{"id":1258214412,"highway":"residential"},"geometry":{"type":"LineString","coordinates":[[85.9346416,20.4562999],[85.9353698,20.4560476],[85.9353989,20.4560802],[85.9355181,20.4563165],[85.9355103,20.4563571],[85.9354466,20.4564201],[85.9354046,20.4565025],[85.9354514,20.4567101]]}},{"type":"Feature","properties":{"id":1258214413,"highway":"tertiary"},"geometry":{"type":"LineString","coordinates":[[85.931382,20.4484521],[85.9314228,20.4486708],[85.9314265,20.4486967]]}},{"type":"Feature","properties":{"id":1258214414,"highway":"tertiary"},"geometry":{"type":"LineString","coordinates":[[85.9314265,20.4486967],[85.9314334,20.448746]]}},{"type":"Feature","properties":{"id":1258216470,"highway":"residential"},"geometry":{"type":"LineString","coordinates":[[85.9548936,20.4300411],[85.9548046,20.4300657],[85.9547224,20.4300919],[85.9546338,20.4300806],[85.954531,20.4300806],[85.9543655,20.4300949],[85.9541928,20.4301247],[85.9541365,20.4301516]]}},{"type":"Feature","properties":{"id":1258216471,"highway":"residential"},"geometry":{"type":"LineString","coordinates":[[85.9536923,20.4309309],[85.9536964,20.4306771],[85.9536963,20.4306387],[85.9537172,20.4306018],[85.953765,20.4305705],[85.9538001,20.430549],[85.9538262,20.4305001],[85.9538419,20.4304524],[85.9539036,20.4303566],[85.9541365,20.4301516]]}},{"type":"Feature","properties":{"id":1258216472,"highway":"residential"},"geometry":{"type":"LineString","coordinates":[[85.9532163,20.4288223],[85.953213,20.4290298],[85.9532266,20.4290877],[85.9532871,20.4291402],[85.9534043,20.4291533],[85.9535091,20.4291589],[85.9536431,20.4292208],[85.9538035,20.4293441],[85.953957,20.4294495],[85.9540433,20.4295564],[85.954113,20.4297173],[85.9541365,20.4301516]]}},{"type":"Feature","properties":{"id":1258216473,"highway":"residential"},"geometry":{"type":"LineString","coordinates":[[85.9327533,20.4555756],[85.9328065,20.4555675],[85.9332934,20.4562438],[85.9337853,20.4560389]]}},{"type":"Feature","properties":{"id":1258216494,"highway":"residential"},"geometry":{"type":"LineString","coordinates":[[85.9332853,20.4964692],[85.9331327,20.4961761],[85.9331268,20.4961503],[85.9331398,20.4961158],[85.9331704,20.4960785],[85.933618,20.4958974]]}},{"type":"Feature","properties":{"id":1258216498,"highway":"residential"},"geometry":{"type":"LineString","coordinates":[[85.9023553,20.4728072],[85.9027002,20.4734593],[85.9027057,20.4734854],[85.9026925,20.4735053],[85.9024484,20.4736166]]}},{"type":"Feature","properties":{"id":1258216791,"highway":"residential"},"geometry":{"type":"LineString","coordinates":[[85.9308153,20.4556237],[85.9308805,20.4557151],[85.9310905,20.4558778],[85.9311601,20.4559209]]}},{"type":"Feature","properties":{"id":1258216866,"highway":"residential"},"geometry":{"type":"LineString","coordinates":[[85.91782,20.4572666],[85.9180115,20.4571654],[85.918258,20.4570288],[85.9186139,20.4568691]]}},{"type":"Feature","properties":{"id":1258216941,"highway":"residential"},"geometry":{"type":"LineString","coordinates":[[85.9570836,20.4254889],[85.9570459,20.4255158],[85.9550793,20.4269204],[85.9550484,20.4269424],[85.9550201,20.4269571],[85.9549408,20.4269838],[85.9546885,20.4270871]]}},{"type":"Feature","properties":{"id":1258216942,"highway":"residential"},"geometry":{"type":"LineString","coordinates":[[85.9549408,20.4269838],[85.9551755,20.4272281]]}},{"type":"Feature","properties":{"id":1258216943,"highway":"residential"},"geometry":{"type":"LineString","coordinates":[[85.9584824,20.4246156],[85.9583536,20.4246767],[85.9581416,20.4248107],[85.9579539,20.4249867],[85.9575154,20.4253094],[85.9571038,20.4255925],[85.9568253,20.4258173],[85.9568121,20.4258838],[85.9568327,20.425945],[85.9568732,20.4260052],[85.9569113,20.4261073]]}},{"type":"Feature","properties":{"id":1258216944,"highway":"residential"},"geometry":{"type":"LineString","coordinates":[[85.9571038,20.4255925],[85.9570459,20.4255158]]}},{"type":"Feature","properties":{"id":1258216945,"highway":"residential"},"geometry":{"type":"LineString","coordinates":[[85.9575154,20.4253094],[85.9577545,20.4256184],[85.9579768,20.4259337]]}},{"type":"Feature","properties":{"id":1258217503,"highway":"residential"},"geometry":{"type":"LineString","coordinates":[[85.9340307,20.4966735],[85.9339651,20.4966988],[85.9336158,20.4968534]]}},{"type":"Feature","properties":{"id":1258217733,"highway":"residential"},"geometry":{"type":"LineString","coordinates":[[85.9297538,20.4555145],[85.9299574,20.4553898],[85.9299994,20.4553668],[85.9300874,20.455344],[85.9305099,20.4553411],[85.9306477,20.455348],[85.9306904,20.4553576],[85.930715,20.4553826]]}},{"type":"Feature","properties":{"id":1258217772,"highway":"residential"},"geometry":{"type":"LineString","coordinates":[[85.9015583,20.4720453],[85.9017777,20.4720691],[85.9018869,20.4720742],[85.9020736,20.4720336],[85.9023591,20.4719581],[85.9025932,20.471884]]}},{"type":"Feature","properties":{"id":1258217773,"highway":"residential"},"geometry":{"type":"LineString","coordinates":[[85.9015115,20.4720336],[85.9015157,20.4718792],[85.9015109,20.4718036],[85.9014823,20.4716818]]}},{"type":"Feature","properties":{"id":1258218144,"highway":"residential"},"geometry":{"type":"LineString","coordinates":[[85.9183538,20.4641204],[85.918438,20.4641199],[85.9185771,20.4640837],[85.9189704,20.4639017],[85.9193787,20.463594]]}},{"type":"Feature","properties":{"id":1258218198,"highway":"residential"},"geometry":{"type":"LineString","coordinates":[[85.9341742,20.4970137],[85.9339101,20.4971104],[85.9338404,20.4971379],[85.9336801,20.4972235]]}},{"type":"Feature","properties":{"id":1258218304,"highway":"residential"},"geometry":{"type":"LineString","coordinates":[[85.9181278,20.4576419],[85.9182302,20.4575271],[85.91843,20.4572875]]}},{"type":"Feature","properties":{"id":1258218593,"highway":"residential"},"geometry":{"type":"LineString","coordinates":[[85.9612834,20.4318486],[85.9611477,20.4324942],[85.9611765,20.4328514],[85.961124,20.4330624],[85.9610213,20.4332239],[85.9607639,20.4335468],[85.9604708,20.4337236],[85.9599257,20.4338672],[85.9596346,20.4339762],[85.9592256,20.4341115]]}},{"type":"Feature","properties":{"id":1258218594,"highway":"residential"},"geometry":{"type":"LineString","coordinates":[[85.961124,20.4330624],[85.9612499,20.4334574],[85.9612833,20.4335157],[85.9615217,20.4334868],[85.9617296,20.4334536],[85.9619549,20.4333845]]}},{"type":"Feature","properties":{"id":1258219349,"highway":"residential"},"geometry":{"type":"LineString","coordinates":[[85.9329561,20.4474526],[85.9328339,20.4470497],[85.9327406,20.4468467],[85.932621,20.4466372],[85.9326016,20.4466031],[85.9324997,20.4464466],[85.9324869,20.4463513]]}},{"type":"Feature","properties":{"id":1258219350,"highway":"residential"},"geometry":{"type":"LineString","coordinates":[[85.932621,20.4466372],[85.9331066,20.4464858],[85.9334504,20.4463759]]}},{"type":"Feature","properties":{"id":1258219437,"highway":"residential"},"geometry":{"type":"LineString","coordinates":[[85.9172242,20.4661277],[85.9167751,20.4656989],[85.916759,20.4656616],[85.9167659,20.4656261],[85.9176905,20.4647791],[85.917733,20.4647609],[85.917786,20.464758],[85.9178776,20.4648365],[85.9180183,20.4649167]]}},{"type":"Feature","properties":{"id":1258219776,"highway":"residential"},"geometry":{"type":"LineString","coordinates":[[85.9011694,20.4720283],[85.9011365,20.4718254]]}},{"type":"Feature","properties":{"id":1258219948,"highway":"residential"},"geometry":{"type":"LineString","coordinates":[[85.9320244,20.4476741],[85.9320418,20.4475255],[85.9320135,20.4474339],[85.9319277,20.4472984],[85.9318947,20.4472384],[85.9318736,20.4472097],[85.9314743,20.4466671]]}},{"type":"Feature","properties":{"id":1258219949,"highway":"residential"},"geometry":{"type":"LineString","coordinates":[[85.9318736,20.4472097],[85.9320403,20.4470992],[85.9320688,20.4470821],[85.9321013,20.4470694],[85.9321354,20.4470868],[85.9321612,20.4471287]]}},{"type":"Feature","properties":{"id":1258221571,"highway":"residential"},"geometry":{"type":"LineString","coordinates":[[85.9178885,20.4652247],[85.9182623,20.4653519],[85.9182883,20.4653472],[85.918323,20.4653224],[85.9188864,20.4644404]]}},{"type":"Feature","properties":{"id":1258222135,"highway":"tertiary"},"geometry":{"type":"LineString","coordinates":[[85.9418852,20.4946104],[85.9417396,20.4947557],[85.9416229,20.4948485],[85.9415148,20.4949133],[85.9413907,20.494937],[85.9413476,20.494949],[85.9413107,20.494972],[85.941269,20.4950011],[85.9410521,20.4952288],[85.9408139,20.4954722]]}},{"type":"Feature","properties":{"id":1258222136,"highway":"primary"},"geometry":{"type":"LineString","coordinates":[[85.9429152,20.4944313],[85.9427938,20.4944119],[85.9426653,20.4944289],[85.9425862,20.4944339],[85.9424829,20.4944339],[85.9423742,20.4944234],[85.9422783,20.4944057],[85.9421643,20.494371]]}},{"type":"Feature","properties":{"id":1258222137,"highway":"tertiary"},"geometry":{"type":"LineString","coordinates":[[85.9418852,20.4946104],[85.9419977,20.4945835],[85.9421539,20.4945801],[85.9423143,20.4945854],[85.9424771,20.4945798],[85.9426492,20.4945545]]}},{"type":"Feature","properties":{"id":1258222138,"highway":"unclassified"},"geometry":{"type":"LineString","coordinates":[[85.9429152,20.4944313],[85.9428633,20.4943472],[85.9428169,20.4943341],[85.9427621,20.4943209],[85.942623,20.494309],[85.9424834,20.4942933],[85.9423698,20.4942681],[85.9423004,20.4942054],[85.9422579,20.494133],[85.9422168,20.4940441]]}},{"type":"Feature","properties":{"id":1258222139,"highway":"unclassified"},"geometry":{"type":"LineString","coordinates":[[85.9423698,20.4942681],[85.9422324,20.4942337],[85.9421279,20.4942053]]}},{"type":"Feature","properties":{"id":1258225381,"highway":"residential"},"geometry":{"type":"LineString","coordinates":[[85.9030012,20.4642765],[85.9028717,20.4638839]]}},{"type":"Feature","properties":{"id":1258225392,"highway":"residential"},"geometry":{"type":"LineString","coordinates":[[85.9318435,20.4477171],[85.9318371,20.4476066],[85.9318279,20.4475407],[85.9317896,20.4474445],[85.9317444,20.4473662],[85.9317147,20.4473148]]}},{"type":"Feature","properties":{"id":1258225393,"highway":"residential"},"geometry":{"type":"LineString","coordinates":[[85.9317444,20.4473662],[85.9314848,20.4474913]]}},{"type":"Feature","properties":{"id":1258227877,"highway":"residential"},"geometry":{"type":"LineString","coordinates":[[85.936341,20.4466351],[85.9363343,20.446588],[85.9363245,20.446525],[85.9363033,20.4464463],[85.9360835,20.446052]]}},{"type":"Feature","properties":{"id":1258227878,"highway":"residential"},"geometry":{"type":"LineString","coordinates":[[85.936039,20.446704],[85.9359923,20.4465909],[85.935752,20.4460768]]}},{"type":"Feature","properties":{"id":1258227879,"highway":"residential"},"geometry":{"type":"LineString","coordinates":[[85.9356197,20.4468249],[85.935452,20.4464196]]}},{"type":"Feature","properties":{"id":1258227880,"highway":"residential"},"geometry":{"type":"LineString","coordinates":[[85.9350124,20.446967],[85.9348479,20.4465183]]}},{"type":"Feature","properties":{"id":1258228837,"highway":"residential"},"geometry":{"type":"LineString","coordinates":[[85.9022849,20.4650913],[85.9027906,20.4649731]]}},{"type":"Feature","properties":{"id":1258228838,"highway":"residential"},"geometry":{"type":"LineString","coordinates":[[85.9023777,20.4654114],[85.9025789,20.4653454],[85.9025897,20.4653456],[85.9026014,20.4653525],[85.9026477,20.4654801]]}},{"type":"Feature","properties":{"id":1258229441,"highway":"residential"},"geometry":{"type":"LineString","coordinates":[[85.9613153,20.4263919],[85.9613852,20.4264207],[85.9614097,20.4264915],[85.9614768,20.4266584],[85.9615936,20.4268574],[85.9616514,20.4269095],[85.9617013,20.4269308],[85.9618817,20.4269255],[85.9623935,20.425708],[85.962678,20.424952],[85.9627146,20.4248538],[85.9629231,20.4242703],[85.9633625,20.4229241],[85.9636378,20.4223797],[85.9637683,20.4219819],[85.9638001,20.4218848],[85.9639103,20.4215268],[85.9639785,20.421392],[85.9641047,20.4212047],[85.9643375,20.4209297],[85.9649931,20.4202589],[85.9661324,20.4191427],[85.966355,20.4189509],[85.9666178,20.4187452],[85.9668828,20.4185893],[85.9681545,20.4178736],[85.968687,20.4175435],[85.9691266,20.4172138],[85.9695609,20.41673]]}},{"type":"Feature","properties":{"id":1258231412,"highway":"residential"},"geometry":{"type":"LineString","coordinates":[[85.9374736,20.4939042],[85.9377895,20.4937863],[85.9381488,20.4936598]]}},{"type":"Feature","properties":{"id":1258231413,"highway":"residential"},"geometry":{"type":"LineString","coordinates":[[85.9369218,20.4937421],[85.9373811,20.4935816],[85.9372154,20.4931454]]}},{"type":"Feature","properties":{"id":1258231414,"highway":"residential"},"geometry":{"type":"LineString","coordinates":[[85.9369218,20.4937421],[85.9368095,20.4934023]]}},{"type":"Feature","properties":{"id":1258231415,"highway":"residential"},"geometry":{"type":"LineString","coordinates":[[85.9373811,20.4935816],[85.93774,20.4934528],[85.9376036,20.4931034]]}},{"type":"Feature","properties":{"id":1258471156,"highway":"residential"},"geometry":{"type":"LineString","coordinates":[[85.9360409,20.4579303],[85.9360664,20.4579563],[85.9361022,20.4579628],[85.9364673,20.4578576]]}},{"type":"Feature","properties":{"id":1258472137,"highway":"residential"},"geometry":{"type":"LineString","coordinates":[[85.9204284,20.4987825],[85.9203924,20.4987247],[85.9203658,20.4986934],[85.9203185,20.4986626],[85.9202702,20.4986347],[85.9202349,20.4986149],[85.9202026,20.4986189],[85.9201777,20.4986193],[85.9201579,20.4986076],[85.9201171,20.498531],[85.9200665,20.4984173],[85.9200035,20.4983047],[85.9199321,20.4981852],[85.9198554,20.4980744],[85.9198086,20.4979849],[85.9197671,20.4979034],[85.919719,20.4977862],[85.9196904,20.4977398]]}},{"type":"Feature","properties":{"id":1258472441,"highway":"residential"},"geometry":{"type":"LineString","coordinates":[[85.9199997,20.4990837],[85.9200366,20.4991466],[85.9201024,20.49923],[85.9201632,20.4993227],[85.9202307,20.499398],[85.9202904,20.4994741],[85.9203348,20.499527],[85.920387,20.4995816],[85.9204468,20.4996269],[85.9204923,20.4996505],[85.9205305,20.4996511],[85.920599,20.4996513],[85.9206463,20.4996403],[85.9207064,20.4996156],[85.9207895,20.4995774],[85.9209004,20.4995389],[85.9209607,20.4995106]]}},{"type":"Feature","properties":{"id":1258473491,"highway":"residential"},"geometry":{"type":"LineString","coordinates":[[85.9011731,20.4773317],[85.9006953,20.4775852]]}},{"type":"Feature","properties":{"id":1258473534,"highway":"residential"},"geometry":{"type":"LineString","coordinates":[[85.9027455,20.4667496],[85.9030224,20.4666398]]}},{"type":"Feature","properties":{"id":1258473535,"highway":"residential"},"geometry":{"type":"LineString","coordinates":[[85.9030761,20.4668045],[85.9030224,20.4666398],[85.9028747,20.4662387]]}},{"type":"Feature","properties":{"id":1258473544,"highway":"residential"},"geometry":{"type":"LineString","coordinates":[[85.9273333,20.4392941],[85.9274346,20.4391083],[85.9274034,20.4390683],[85.9273867,20.4390065],[85.9274138,20.4387619]]}},{"type":"Feature","properties":{"id":1258473627,"highway":"residential"},"geometry":{"type":"LineString","coordinates":[[85.9189674,20.4960526],[85.9190048,20.496168],[85.9192082,20.4964518],[85.9193599,20.4967631],[85.9195858,20.4970746],[85.919789,20.4973123],[85.9198273,20.497387],[85.919847,20.4974027],[85.9198782,20.4974013],[85.9200577,20.4973405],[85.9202407,20.4971806],[85.9202857,20.4971584],[85.9203556,20.4971472],[85.9208964,20.4974791],[85.9206604,20.4978252]]}},{"type":"Feature","properties":{"id":1258473628,"highway":"residential"},"geometry":{"type":"LineString","coordinates":[[85.9208964,20.4974791],[85.9211711,20.4971997],[85.9212103,20.497169],[85.9212597,20.4971707],[85.9224924,20.4980914]]}},{"type":"Feature","properties":{"id":1258473631,"highway":"residential"},"geometry":{"type":"LineString","coordinates":[[85.9588125,20.4373127],[85.9588884,20.4374292],[85.9589554,20.4375454],[85.9590763,20.4377641]]}},{"type":"Feature","properties":{"id":1258473800,"highway":"residential"},"geometry":{"type":"LineString","coordinates":[[85.9100461,20.4709695],[85.9102573,20.4711887],[85.9104314,20.4713694]]}},{"type":"Feature","properties":{"id":1258473801,"highway":"residential"},"geometry":{"type":"LineString","coordinates":[[85.9102573,20.4711887],[85.9097964,20.4716151]]}},{"type":"Feature","properties":{"id":1258473946,"highway":"residential"},"geometry":{"type":"LineString","coordinates":[[85.9028705,20.467164],[85.9030822,20.4671012]]}},{"type":"Feature","properties":{"id":1258474042,"highway":"residential"},"geometry":{"type":"LineString","coordinates":[[85.9276641,20.437694],[85.9276722,20.4375415],[85.9276987,20.4375062],[85.9277947,20.4373679],[85.9280522,20.4369791]]}},{"type":"Feature","properties":{"id":1258474101,"highway":"residential"},"geometry":{"type":"LineString","coordinates":[[85.9304447,20.4389612],[85.9297579,20.4378602],[85.9295326,20.4375686],[85.9293824,20.4374178],[85.9288351,20.4371011],[85.9282372,20.4368136]]}},{"type":"Feature","properties":{"id":1258474912,"highway":"residential"},"geometry":{"type":"LineString","coordinates":[[85.9265043,20.4367262],[85.9265014,20.4360662]]}},{"type":"Feature","properties":{"id":1258474913,"highway":"residential"},"geometry":{"type":"LineString","coordinates":[[85.9271586,20.4366741],[85.9272855,20.4363181]]}},{"type":"Feature","properties":{"id":1258480422,"highway":"residential"},"geometry":{"type":"LineString","coordinates":[[85.9384361,20.4864606],[85.9384027,20.4864458],[85.9365658,20.486708],[85.9360884,20.4868135],[85.9359043,20.4868627],[85.9352623,20.4870648],[85.9342117,20.4874292],[85.9320634,20.4880995],[85.9320272,20.4881348]]}},{"type":"Feature","properties":{"id":1258480545,"highway":"residential"},"geometry":{"type":"LineString","coordinates":[[85.9327966,20.49843],[85.9330036,20.4983528],[85.9330394,20.4983474],[85.9330612,20.4983771],[85.9332344,20.4987157],[85.9332725,20.4987133],[85.9333159,20.4987189],[85.9347632,20.4981082]]}},{"type":"Feature","properties":{"id":1258481174,"highway":"residential"},"geometry":{"type":"LineString","coordinates":[[85.9357154,20.49748],[85.9364142,20.4974]]}},{"type":"Feature","properties":{"id":1258481175,"highway":"residential"},"geometry":{"type":"LineString","coordinates":[[85.9356791,20.4970785],[85.9361018,20.4970498]]}},{"type":"Feature","properties":{"id":1258481408,"highway":"residential"},"geometry":{"type":"LineString","coordinates":[[85.9346616,20.499555],[85.9352497,20.4993378]]}},{"type":"Feature","properties":{"id":1311726490,"highway":"trunk_link"},"geometry":{"type":"LineString","coordinates":[[85.9208367,20.4952624],[85.9207323,20.4952107],[85.9206027,20.4951312],[85.9203859,20.4948709],[85.9202704,20.4946752],[85.9199966,20.494145],[85.9197995,20.4936626],[85.9195313,20.492993],[85.9192429,20.4922255],[85.9190042,20.4917393],[85.9187296,20.4914154]]}},{"type":"Feature","properties":{"id":1311726492,"highway":"trunk"},"geometry":{"type":"LineString","coordinates":[[85.9212654,20.4962617],[85.9219667,20.4967554],[85.9237426,20.4979056]]}},{"type":"Feature","properties":{"id":1311726493,"highway":"trunk"},"geometry":{"type":"LineString","coordinates":[[85.9186625,20.492457],[85.9188215,20.4927021],[85.9189902,20.4929806],[85.9192192,20.4933878],[85.9195166,20.4938591],[85.9198006,20.4944278],[85.9199895,20.4947408],[85.9201499,20.4949964]]}},{"type":"Feature","properties":{"id":1311727099,"highway":"primary"},"geometry":{"type":"LineString","coordinates":[[85.9201433,20.4958322],[85.9196587,20.4958572],[85.9190797,20.4958845]]}},{"type":"Feature","properties":{"id":1311727100,"highway":"primary"},"geometry":{"type":"LineString","coordinates":[[85.9150505,20.4961882],[85.9152532,20.4961524],[85.9183501,20.4959115],[85.9188485,20.495888],[85.9190797,20.4958845]]}},{"type":"Feature","properties":{"id":1328727208,"highway":"trunk"},"geometry":{"type":"LineString","coordinates":[[85.9084625,20.4731532],[85.9081229,20.4724159]]}},{"type":"Feature","properties":{"id":1328727209,"highway":"trunk"},"geometry":{"type":"LineString","coordinates":[[85.9081229,20.4724159],[85.9081042,20.4723753],[85.9080238,20.4722008]]}},{"type":"Feature","properties":{"id":1343686196,"highway":"residential"},"geometry":{"type":"LineString","coordinates":[[85.9058582,20.4726454],[85.9066399,20.4721006]]}},{"type":"Feature","properties":{"id":1343686197,"highway":"residential"},"geometry":{"type":"LineString","coordinates":[[85.9069222,20.4725415],[85.9066399,20.4721006],[85.9064603,20.4718434]]}},{"type":"Feature","properties":{"id":1348997739,"highway":"residential"},"geometry":{"type":"LineString","coordinates":[[85.9027505,20.4770582],[85.9027807,20.4771146],[85.9028954,20.4773059],[85.9030209,20.4773039],[85.9031161,20.4774483],[85.9031479,20.4774973],[85.902683,20.477809]]}},{"type":"Feature","properties":{"id":1348997740,"highway":"residential"},"geometry":{"type":"LineString","coordinates":[[85.9012131,20.4741111],[85.9014682,20.4747614]]}},{"type":"Feature","properties":{"id":1361363033,"highway":"tertiary"},"geometry":{"type":"LineString","coordinates":[[85.9145683,20.449114],[85.9147078,20.4493759],[85.9149605,20.4499639],[85.9153027,20.4508244],[85.915449,20.4512016]]}},{"type":"Feature","properties":{"id":1361363034,"highway":"primary"},"geometry":{"type":"LineString","coordinates":[[85.9157207,20.4518981],[85.9157893,20.452073],[85.9160199,20.4526608]]}},{"type":"Feature","properties":{"id":1361363035,"highway":"tertiary"},"geometry":{"type":"LineString","coordinates":[[85.915449,20.4512016],[85.9154732,20.4512642]]}},{"type":"Feature","properties":{"id":1361363036,"highway":"secondary"},"geometry":{"type":"LineString","coordinates":[[85.9007093,20.4536618],[85.9014516,20.4534181],[85.9020228,20.4532366],[85.9026552,20.45308],[85.9032692,20.4529421],[85.9045963,20.4526958],[85.9058022,20.4525019],[85.906181,20.4524794],[85.9081281,20.4525275],[85.9082045,20.4525294],[85.9090937,20.4525648],[85.9106088,20.4525655],[85.9118617,20.452567],[85.9128953,20.4525294],[85.913832,20.4524272],[85.9144407,20.4523743],[85.9150998,20.452279],[85.9157893,20.452073]]}},{"type":"Feature","properties":{"id":1361429880,"highway":"residential"},"geometry":{"type":"LineString","coordinates":[[85.9928736,20.4908759],[85.9930181,20.4912235],[85.9931203,20.49149]]}},{"type":"Feature","properties":{"id":1361429881,"highway":"unclassified"},"geometry":{"type":"LineString","coordinates":[[85.9930767,20.4915096],[85.9931386,20.4918101],[85.9931982,20.4920868],[85.9932429,20.4922528],[85.9932805,20.4924034],[85.9933196,20.4925368],[85.99338,20.4925994]]}},{"type":"Feature","properties":{"id":1363056333,"highway":"residential"},"geometry":{"type":"LineString","coordinates":[[85.9104328,20.4472673],[85.9106153,20.447301],[85.910809,20.4473372],[85.9108539,20.447342],[85.910856,20.4473119],[85.910856,20.4472776],[85.9108518,20.447168]]}},{"type":"Feature","properties":{"id":1363056334,"highway":"residential"},"geometry":{"type":"LineString","coordinates":[[85.9107011,20.447153],[85.9108114,20.4471605],[85.9108518,20.447168],[85.9110591,20.4471785],[85.9112095,20.4471759],[85.9114783,20.4471652],[85.9115079,20.447154],[85.9115244,20.4471307],[85.9115318,20.4470999],[85.9115332,20.4469718]]}},{"type":"Feature","properties":{"id":1363056335,"highway":"residential"},"geometry":{"type":"LineString","coordinates":[[85.9110591,20.4471785],[85.9110163,20.4468679],[85.9109637,20.4464859],[85.9109167,20.4461447],[85.9108771,20.4459129]]}},{"type":"Feature","properties":{"id":1363056336,"highway":"residential"},"geometry":{"type":"LineString","coordinates":[[85.9110163,20.4468679],[85.91152,20.4467891]]}},{"type":"Feature","properties":{"id":1363056337,"highway":"residential"},"geometry":{"type":"LineString","coordinates":[[85.9109637,20.4464859],[85.9114818,20.446387]]}},{"type":"Feature","properties":{"id":1363056338,"highway":"residential"},"geometry":{"type":"LineString","coordinates":[[85.9114231,20.4458064],[85.9108771,20.4459129],[85.9101695,20.4460508]]}},{"type":"Feature","properties":{"id":1363401586,"highway":"secondary"},"geometry":{"type":"LineString","coordinates":[[85.9008111,20.4584566],[85.9009515,20.4580171],[85.9009891,20.4578899]]}},{"type":"Feature","properties":{"id":1364442143,"highway":"tertiary"},"geometry":{"type":"LineString","coordinates":[[85.9171076,20.4551616],[85.9171177,20.4550682],[85.9171079,20.4549721],[85.9167007,20.4538456],[85.9165601,20.4534804],[85.9165542,20.4534656]]}},{"type":"Feature","properties":{"id":1364442145,"highway":"tertiary"},"geometry":{"type":"LineString","coordinates":[[85.9163483,20.4535038],[85.9163612,20.4535369]]}},{"type":"Feature","properties":{"id":1387283900,"highway":"trunk"},"geometry":{"type":"LineString","coordinates":[[85.9004207,20.4537808],[85.900824,20.4545999]]}},{"type":"Feature","properties":{"id":1387283901,"highway":"trunk"},"geometry":{"type":"LineString","coordinates":[[85.9005234,20.453748],[85.9005011,20.4537039]]}},{"type":"Feature","properties":{"id":1418863366,"highway":"residential"},"geometry":{"type":"LineString","coordinates":[[85.9084613,20.4629751],[85.9085842,20.4629122],[85.9085922,20.4628988],[85.9085958,20.4628569],[85.9084733,20.4624356]]}},{"type":"Feature","properties":{"id":1423325479,"highway":"residential"},"geometry":{"type":"LineString","coordinates":[[85.9061527,20.4419609],[85.9061264,20.4422562],[85.9061552,20.4425872]]}},{"type":"Feature","properties":{"id":1423325480,"highway":"residential"},"geometry":{"type":"LineString","coordinates":[[85.9061527,20.4419609],[85.9061759,20.4418767]]}},{"type":"Feature","properties":{"id":1424945305,"highway":"residential"},"geometry":{"type":"LineString","coordinates":[[85.9023,20.4765156],[85.9024161,20.4767599],[85.9024215,20.4767629]]}},{"type":"Feature","properties":{"id":1424945306,"highway":"residential"},"geometry":{"type":"LineString","coordinates":[[85.9022467,20.4764034],[85.901635,20.4766013]]}},{"type":"Feature","properties":{"id":1424945307,"highway":"residential"},"geometry":{"type":"LineString","coordinates":[[85.9022467,20.4764034],[85.9023,20.4765156]]}},{"type":"Feature","properties":{"id":1442338204,"highway":"residential"},"geometry":{"type":"LineString","coordinates":[[85.9046666,20.4421358],[85.9047896,20.442711]]}},{"type":"Feature","properties":{"id":1445979031,"highway":"residential"},"geometry":{"type":"LineString","coordinates":[[85.9108539,20.447342],[85.9111469,20.4473451]]}},{"type":"Feature","properties":{"id":1456897601,"highway":"residential"},"geometry":{"type":"LineString","coordinates":[[85.9121366,20.4420531],[85.9121323,20.4423125],[85.9121266,20.4424052],[85.9121578,20.4426267],[85.9121868,20.442693],[85.9122437,20.4427403],[85.912298,20.4427451],[85.9124812,20.4426965],[85.912744,20.4426587],[85.9128501,20.442661]]}},{"type":"Feature","properties":{"id":1457734565,"highway":"residential"},"geometry":{"type":"LineString","coordinates":[[85.9021528,20.4400091],[85.9015427,20.4398792]]}},{"type":"Feature","properties":{"id":1460937164,"highway":"tertiary"},"geometry":{"type":"LineString","coordinates":[[85.9147403,20.4490298],[85.914566,20.4486836],[85.9143959,20.4484223],[85.9141962,20.44808],[85.9138448,20.4476136],[85.9134032,20.4470675],[85.9133898,20.4470544]]}},{"type":"Feature","properties":{"id":1460937165,"highway":"tertiary"},"geometry":{"type":"LineString","coordinates":[[85.9133898,20.4470544],[85.9133686,20.4470553],[85.9131942,20.4471134],[85.9131881,20.4471242],[85.9131963,20.4471395],[85.9134104,20.4473631],[85.9136028,20.4476136],[85.9137422,20.4477995],[85.9140035,20.4482215],[85.9142593,20.4486215],[85.9145683,20.449114]]}},{"type":"Feature","properties":{"id":1460937166,"highway":"residential"},"geometry":{"type":"LineString","coordinates":[[85.9131008,20.4467276],[85.9127257,20.4462753],[85.9125764,20.4461075],[85.9121033,20.4456382],[85.9117334,20.4452901],[85.9113231,20.4449183],[85.9111887,20.4448223],[85.9107133,20.444424],[85.9105515,20.4444007]]}},{"type":"Feature","properties":{"id":1460937167,"highway":"secondary"},"geometry":{"type":"LineString","coordinates":[[85.9104699,20.4443336],[85.9105126,20.4443683],[85.9105515,20.4444007],[85.9105966,20.4444374],[85.9109335,20.444711],[85.9113462,20.4450512]]}},{"type":"Feature","properties":{"id":1460937168,"highway":"secondary"},"geometry":{"type":"LineString","coordinates":[[85.9144242,20.4486504],[85.9146631,20.4490714]]}},{"type":"Feature","properties":{"id":1462492607,"highway":"primary"},"geometry":{"type":"LineString","coordinates":[[85.9414172,20.4941505],[85.9421276,20.4944704]]}},{"type":"Feature","properties":{"id":1462492608,"highway":"primary"},"geometry":{"type":"LineString","coordinates":[[85.9421276,20.4944704],[85.9422375,20.4945219],[85.9423636,20.494547],[85.9424508,20.4945533],[85.9425138,20.4945583],[85.9425849,20.4945583],[85.9426492,20.4945545],[85.9427096,20.4945457],[85.9428115,20.4945156],[85.9429152,20.4944313]]}},{"type":"Feature","properties":{"id":1462492609,"highway":"primary"},"geometry":{"type":"LineString","coordinates":[[85.9226146,20.4956496],[85.9228931,20.49565],[85.9230636,20.4956486],[85.9235921,20.4956298],[85.9243137,20.4955896],[85.9256024,20.4954983],[85.92634,20.4954465],[85.926883,20.4954095],[85.9274171,20.495374],[85.9282157,20.4953339],[85.9285334,20.4953092],[85.9297185,20.4952442],[85.9301937,20.4952097],[85.9307156,20.4951754],[85.9315845,20.495123],[85.9333148,20.4949823],[85.9350668,20.4948029],[85.935671,20.4947559],[85.9368274,20.4946744],[85.9371254,20.4946488],[85.93821,20.494577],[85.9392618,20.4944937],[85.9394413,20.4944692],[85.9397702,20.4943902],[85.9406225,20.4940048],[85.940779,20.4939849],[85.9409246,20.4939804],[85.941052,20.4940069],[85.9413493,20.4941186],[85.9414172,20.4941505]]}},{"type":"Feature","properties":{"id":1466740940,"highway":"residential"},"geometry":{"type":"LineString","coordinates":[[85.9016892,20.4632576],[85.9015107,20.4626722],[85.9011852,20.4616652],[85.9008937,20.4605364],[85.9008478,20.4603588],[85.9008352,20.4603288],[85.900803,20.4602521],[85.9007502,20.4601036],[85.9004371,20.4590218],[85.9003233,20.4587018],[85.9002989,20.4585685],[85.9002948,20.4584695],[85.9003233,20.4583438],[85.9003802,20.4582371],[85.9006244,20.4578586],[85.900799,20.4575629],[85.900985,20.4572675],[85.9011937,20.4569361]]}},{"type":"Feature","properties":{"id":1466740941,"highway":"residential"},"geometry":{"type":"LineString","coordinates":[[85.9017381,20.4634281],[85.9017049,20.4633091],[85.9016892,20.4632576]]}},{"type":"Feature","properties":{"id":1474456222,"highway":"residential"},"geometry":{"type":"LineString","coordinates":[[85.9182582,20.4377752],[85.9183267,20.43748],[85.9183959,20.4373459]]}},{"type":"Feature","properties":{"id":1476293431,"highway":"residential"},"geometry":{"type":"LineString","coordinates":[[85.9076568,20.4444218],[85.9070174,20.4444432],[85.9070293,20.4446127]]}},{"type":"Feature","properties":{"id":1479320071,"highway":"tertiary"},"geometry":{"type":"LineString","coordinates":[[85.9154732,20.4512642],[85.915568,20.4515086]]}},{"type":"Feature","properties":{"id":1479320072,"highway":"secondary"},"geometry":{"type":"LineString","coordinates":[[85.9081344,20.452418],[85.9081466,20.4522073],[85.9081588,20.4519966]]}},{"type":"Feature","properties":{"id":1479320073,"highway":"primary_link"},"geometry":{"type":"LineString","coordinates":[[85.925766,20.4495591],[85.9257897,20.4495831],[85.9258498,20.4496032],[85.9260129,20.4495971],[85.926058,20.4496032],[85.9260794,20.4496333],[85.9261336,20.4499048]]}},{"type":"Feature","properties":{"id":1479320074,"highway":"primary"},"geometry":{"type":"LineString","coordinates":[[85.9311467,20.4482707],[85.9310695,20.447947]]}},{"type":"Feature","properties":{"id":1479320075,"highway":"primary"},"geometry":{"type":"LineString","coordinates":[[85.915568,20.4515086],[85.9157424,20.451474],[85.9161288,20.4514117],[85.9166484,20.4512964],[85.9169167,20.4512282],[85.918173,20.4509089],[85.9188944,20.4507332],[85.9194372,20.450601],[85.9207458,20.4502823],[85.9244936,20.4494227],[85.9256322,20.4491574],[85.9259899,20.4490741],[85.928288,20.4485387],[85.9310512,20.4478705],[85.9314213,20.4477899],[85.9318435,20.4477171],[85.9320244,20.4476741],[85.9329561,20.4474526],[85.9341539,20.4471678],[85.9350124,20.446967],[85.9356197,20.4468249],[85.936039,20.446704],[85.936341,20.4466351],[85.9371518,20.4464349],[85.938956,20.4459926],[85.9399202,20.4457629],[85.9400922,20.4457219],[85.9403378,20.4456558],[85.9405815,20.4455757]]}},{"type":"Feature","properties":{"id":1479320076,"highway":"primary"},"geometry":{"type":"LineString","coordinates":[[85.9399571,20.4458456],[85.9401032,20.4461727]]}},{"type":"Feature","properties":{"id":1479320077,"highway":"primary"},"geometry":{"type":"LineString","coordinates":[[85.9405815,20.4455757],[85.9411217,20.445346],[85.941882,20.4449977],[85.9425638,20.4446651],[85.9436771,20.4440927],[85.9456254,20.4431458],[85.9473832,20.4422706],[85.9488602,20.4415801],[85.9490907,20.4414775],[85.9500021,20.4409788],[85.9504224,20.4407425],[85.9506186,20.4406463],[85.952156,20.4398796],[85.9539632,20.4389626],[85.9568256,20.4375411],[85.9581089,20.4369062],[85.958435,20.4367449],[85.9591967,20.4363628]]}},{"type":"Feature","properties":{"id":1479320078,"highway":"primary"},"geometry":{"type":"LineString","coordinates":[[85.9591967,20.4363628],[85.960345,20.4357935],[85.9620986,20.4349033],[85.9634417,20.4342215],[85.9648025,20.4335521],[85.9662223,20.4328638],[85.9679723,20.4319954],[85.9697397,20.4310748],[85.9700151,20.4309304],[85.9701713,20.4308485]]}},{"type":"Feature","properties":{"id":1479320079,"highway":"primary"},"geometry":{"type":"LineString","coordinates":[[85.9766379,20.4276334],[85.9764642,20.427713],[85.9755865,20.4281723],[85.9742224,20.4288612],[85.9736028,20.4291445],[85.9734958,20.4291907],[85.9733487,20.4292495],[85.9732595,20.4292841],[85.9731592,20.4293285],[85.9728867,20.4294383],[85.9726618,20.4295423],[85.9724559,20.4296308],[85.9723375,20.429703],[85.9723262,20.4297092],[85.97222,20.4297672],[85.972138,20.4298161],[85.9720856,20.4298496],[85.9720128,20.4298818]]}},{"type":"Feature","properties":{"id":1479320080,"highway":"tertiary"},"geometry":{"type":"LineString","coordinates":[[85.9700151,20.4309304],[85.9701121,20.4307222],[85.9701657,20.4306292],[85.970195,20.4305591],[85.9702487,20.4305058],[85.9703446,20.4304448],[85.9704243,20.4303824],[85.9706763,20.430009],[85.9709235,20.4296585],[85.971115,20.4293555]]}},{"type":"Feature","properties":{"id":1479320081,"highway":"tertiary"},"geometry":{"type":"LineString","coordinates":[[85.9719104,20.4290306],[85.971995,20.4291281],[85.9721186,20.4293536],[85.9722991,20.4296447],[85.9723262,20.4297092],[85.972369,20.4298108],[85.9724041,20.4299088]]}},{"type":"Feature","properties":{"id":1479320082,"highway":"unclassified"},"geometry":{"type":"LineString","coordinates":[[85.9718458,20.4298035],[85.97144,20.4295588]]}},{"type":"Feature","properties":{"id":1479320083,"highway":"tertiary"},"geometry":{"type":"LineString","coordinates":[[85.971115,20.4293555],[85.9711385,20.4293038],[85.9711936,20.4292208],[85.971434,20.4289839],[85.9716145,20.4287917]]}},{"type":"Feature","properties":{"id":1479320084,"highway":"primary_link"},"geometry":{"type":"LineString","coordinates":[[85.9735652,20.4297688],[85.9735823,20.4297146],[85.9735759,20.4296784],[85.9733487,20.4292495]]}},{"type":"Feature","properties":{"id":1479320085,"highway":"primary_link"},"geometry":{"type":"LineString","coordinates":[[85.9736848,20.429986],[85.9735652,20.4297688]]}},{"type":"Feature","properties":{"id":1479320086,"highway":"primary_link"},"geometry":{"type":"LineString","coordinates":[[85.973747,20.4300988],[85.9736848,20.429986]]}},{"type":"Feature","properties":{"id":1479322259,"highway":"primary"},"geometry":{"type":"LineString","coordinates":[[85.9708969,20.430468],[85.9711413,20.4303399],[85.9720128,20.4298818]]}},{"type":"Feature","properties":{"id":1479322260,"highway":"primary"},"geometry":{"type":"LineString","coordinates":[[85.9701713,20.4308485],[85.9708969,20.430468]]}},{"type":"Feature","properties":{"id":1479322261,"highway":"tertiary"},"geometry":{"type":"LineString","coordinates":[[85.9725414,20.4302923],[85.9726237,20.4305566]]}},{"type":"Feature","properties":{"id":1479322262,"highway":"tertiary"},"geometry":{"type":"LineString","coordinates":[[85.9724041,20.4299088],[85.9725414,20.4302923]]}},{"type":"Feature","properties":{"id":1479322263,"highway":"tertiary"},"geometry":{"type":"LineString","coordinates":[[85.971673,20.4288389],[85.9719104,20.4290306]]}},{"type":"Feature","properties":{"id":1479322264,"highway":"tertiary"},"geometry":{"type":"LineString","coordinates":[[85.9716145,20.4287917],[85.971673,20.4288389]]}},{"type":"Feature","properties":{"id":1479322265,"highway":"unclassified"},"geometry":{"type":"LineString","coordinates":[[85.97144,20.4295588],[85.9711656,20.4293748]]}},{"type":"Feature","properties":{"id":1479322266,"highway":"unclassified"},"geometry":{"type":"LineString","coordinates":[[85.9711656,20.4293748],[85.971115,20.4293555]]}},{"type":"Feature","properties":{"id":1479322267,"highway":"primary"},"geometry":{"type":"LineString","coordinates":[[85.9593941,20.436729],[85.9595209,20.4369643]]}},{"type":"Feature","properties":{"id":1479322268,"highway":"primary"},"geometry":{"type":"LineString","coordinates":[[85.9592214,20.4364086],[85.9593941,20.436729]]}},{"type":"Feature","properties":{"id":1479322269,"highway":"primary"},"geometry":{"type":"LineString","coordinates":[[85.9401032,20.4461727],[85.9401924,20.4463726]]}},{"type":"Feature","properties":{"id":1479322270,"highway":"primary"},"geometry":{"type":"LineString","coordinates":[[85.9399202,20.4457629],[85.9399571,20.4458456]]}},{"type":"Feature","properties":{"id":1479322271,"highway":"primary"},"geometry":{"type":"LineString","coordinates":[[85.9310695,20.447947],[85.9310512,20.4478705]]}},{"type":"Feature","properties":{"id":1479322272,"highway":"primary"},"geometry":{"type":"LineString","coordinates":[[85.9312003,20.4484953],[85.9311467,20.4482707]]}},{"type":"Feature","properties":{"id":1479322273,"highway":"primary_link"},"geometry":{"type":"LineString","coordinates":[[85.9256322,20.4491574],[85.9256531,20.44922]]}},{"type":"Feature","properties":{"id":1479322274,"highway":"primary_link"},"geometry":{"type":"LineString","coordinates":[[85.9256531,20.44922],[85.925766,20.4495591]]}},{"type":"Feature","properties":{"id":1479322275,"highway":"primary"},"geometry":{"type":"LineString","coordinates":[[85.915568,20.4515086],[85.9156048,20.4516025]]}},{"type":"Feature","properties":{"id":1479322276,"highway":"primary"},"geometry":{"type":"LineString","coordinates":[[85.9156048,20.4516025],[85.9157207,20.4518981]]}},{"type":"Feature","properties":{"id":1479322277,"highway":"secondary"},"geometry":{"type":"LineString","coordinates":[[85.9081281,20.4525275],[85.9081344,20.452418]]}},{"type":"Feature","properties":{"id":1479322278,"highway":"secondary"},"geometry":{"type":"LineString","coordinates":[[85.9081588,20.4519966],[85.9081621,20.4519398]]}},{"type":"Feature","properties":{"id":1479322279,"highway":"primary"},"geometry":{"type":"LineString","coordinates":[[85.9004031,20.4531393],[85.9004243,20.4531306],[85.9007417,20.4530522],[85.9012338,20.4528839],[85.9014611,20.4527804],[85.9018069,20.4526618],[85.9031315,20.4523877],[85.9047249,20.4520857],[85.9055317,20.4519552],[85.9065554,20.4519028],[85.9081621,20.4519398],[85.908336,20.4519438],[85.9091273,20.4519775],[85.9098403,20.451965],[85.9108023,20.4519481],[85.912608,20.4519345],[85.9134926,20.4518348],[85.9150469,20.4516119],[85.915568,20.4515086]]}},{"type":"Feature","properties":{"id":1479649666,"highway":"tertiary"},"geometry":{"type":"LineString","coordinates":[[85.9146631,20.4490714],[85.9145683,20.449114]]}},{"type":"Feature","properties":{"id":1479649667,"highway":"tertiary"},"geometry":{"type":"LineString","coordinates":[[85.9146631,20.4490714],[85.9147403,20.4490298]]}},{"type":"Feature","properties":{"id":1479649669,"highway":"primary"},"geometry":{"type":"LineString","coordinates":[[85.9591967,20.4363628],[85.9592214,20.4364086]]}},{"type":"Feature","properties":{"id":1492578307,"highway":"residential"},"geometry":{"type":"LineString","coordinates":[[85.9105966,20.4444374],[85.9106222,20.4445492],[85.9106722,20.4445909],[85.9111309,20.4449869],[85.9114191,20.4452584],[85.9117704,20.445566],[85.9121449,20.4459082],[85.9126073,20.4463977],[85.9129532,20.4468118],[85.9129623,20.4468164],[85.912976,20.4468143],[85.9131008,20.4467276]]}},{"type":"Feature","properties":{"id":1499093130,"highway":"residential"},"geometry":{"type":"LineString","coordinates":[[85.9182484,20.4384393],[85.9182159,20.4386784],[85.9181948,20.4393669],[85.9181997,20.4397102],[85.9181938,20.4397516],[85.9181643,20.4397627],[85.9173636,20.4398612]]}},{"type":"Feature","properties":{"id":1520353844,"highway":"residential"},"geometry":{"type":"LineString","coordinates":[[85.902807,20.4454572],[85.9033115,20.4457278]]}},{"type":"Feature","properties":{"id":1524562055,"highway":"residential"},"geometry":{"type":"LineString","coordinates":[[85.9235323,20.4586759],[85.9236511,20.4589055]]}},{"type":"Feature","properties":{"id":1533406570,"highway":"residential"},"geometry":{"type":"LineString","coordinates":[[85.9125048,20.4396591],[85.912268,20.439018]]}},{"type":"Feature","properties":{"id":1533571644,"highway":"residential"},"geometry":{"type":"LineString","coordinates":[[85.9050714,20.4715568],[85.9046544,20.4717596]]}},{"type":"Feature","properties":{"id":1535572707,"highway":"residential"},"geometry":{"type":"LineString","coordinates":[[85.9112317,20.4369693],[85.9113094,20.4373414]]}},{"type":"Feature","properties":{"id":1540985115,"highway":"tertiary"},"geometry":{"type":"LineString","coordinates":[[85.8998875,20.4656125],[85.9002076,20.4657147],[85.9004767,20.4656465]]}},{"type":"Feature","properties":{"id":1540985116,"highway":"tertiary"},"geometry":{"type":"LineString","coordinates":[[85.9004144,20.4653898],[85.9004767,20.4656465]]}}]}