{"type":"FeatureCollection","features":[{"type":"Feature","properties":{"id":235921518,"highway":"primary"},"geometry":{"type":"LineString","coordinates":[[85.3262492,20.4144389],[85.3265322,20.4145568],[85.3294825,20.415965],[85.3309883,20.4166428],[85.3316451,20.4168916],[85.332573,20.4171546],[85.3368542,20.4183683],[85.3372864,20.4184578],[85.3374237,20.4184862],[85.339171,20.4185668],[85.3392362,20.4185698],[85.3397542,20.4185609],[85.3402902,20.4185516],[85.3416498,20.4185281],[85.3422995,20.4184933],[85.3427072,20.4184254],[85.343272,20.4183313],[85.3436579,20.4182671],[85.3440013,20.4182099],[85.3449404,20.4180535],[85.345285,20.4180399],[85.3461779,20.4180045],[85.3481311,20.4180519],[85.3486782,20.4181021],[85.3505891,20.4184124],[85.3520638,20.4187507],[85.3527939,20.4189181],[85.3533169,20.4190381],[85.3539255,20.4191392],[85.3548383,20.4192573],[85.3564071,20.4194602],[85.357407,20.4195895],[85.3577588,20.419635],[85.3581491,20.4197762],[85.3594187,20.4206561],[85.3598897,20.4208022],[85.3618152,20.4213997],[85.3628563,20.4216279],[85.3654811,20.4222031],[85.3699019,20.4232145],[85.382261,20.426042],[85.3867224,20.4267786],[85.3876657,20.4270111],[85.3887597,20.4273565],[85.3949709,20.4293323],[85.3958754,20.4296724],[85.3962439,20.429811],[85.3966736,20.4299322],[85.3971802,20.4299878],[85.3995734,20.4300042],[85.4016102,20.4294018],[85.4074272,20.4279123],[85.4087006,20.4275059],[85.4091564,20.4273942],[85.4100593,20.4273531],[85.4112501,20.4273716],[85.4117269,20.4274203],[85.4164324,20.4283401],[85.4167449,20.4283853],[85.4184976,20.4286388],[85.4196747,20.428727],[85.4200417,20.4287545],[85.4220674,20.4292361],[85.4231297,20.4295347],[85.4238906,20.4298588],[85.4245452,20.4302593],[85.4274648,20.4324462],[85.4281306,20.4329449],[85.4283826,20.4331949],[85.4285708,20.4335549],[85.4294373,20.435578],[85.429605,20.4358367],[85.4297974,20.4360212],[85.4300557,20.4362689],[85.4303247,20.4364292],[85.4305937,20.4365275],[85.4307662,20.4365735],[85.4314287,20.4367501],[85.4317203,20.4369296],[85.4322742,20.4372706],[85.4331094,20.4374005],[85.4331581,20.4374081],[85.4333293,20.4374703],[85.4334411,20.4376406],[85.4334581,20.4377404],[85.4335178,20.4380897],[85.4337,20.4391564],[85.4337939,20.4397063],[85.4340809,20.4406081],[85.4343133,20.4413384],[85.4344857,20.4418802],[85.4350167,20.443062],[85.4353941,20.4436578],[85.4361021,20.4445402],[85.4367671,20.445288],[85.4372003,20.4456841],[85.4380178,20.446185],[85.4387585,20.4463683],[85.4397053,20.4463814],[85.4423116,20.4460311],[85.4444917,20.4456776],[85.4464547,20.4455729],[85.4504123,20.4453619],[85.4522326,20.4450607],[85.4532457,20.4449363],[85.4548101,20.444833],[85.4552392,20.444833],[85.455566,20.444833],[85.4596802,20.4452992],[85.4605225,20.4452811],[85.4607231,20.4452768],[85.4624686,20.4450177],[85.4634404,20.4448734],[85.4637562,20.4448823],[85.4644471,20.4450078],[85.4662403,20.4453337],[85.466543,20.4453887],[85.4666213,20.4454029],[85.4669894,20.4454698],[85.4674734,20.4456434],[85.4682861,20.445935],[85.4683767,20.4459675],[85.4692005,20.4462631],[85.4698974,20.4465131],[85.4700219,20.4465578],[85.4720605,20.447079],[85.4724792,20.4471131],[85.4725889,20.4471008],[85.4732995,20.4470208],[85.4744905,20.4468039],[85.4749979,20.4467115],[85.4751817,20.4466507],[85.4764528,20.4462302],[85.4773369,20.4459377],[85.4798977,20.44557],[85.4811121,20.4450216],[85.4813433,20.4449525],[85.4818552,20.4449589],[85.4868142,20.4453963],[85.4899159,20.4483551],[85.4903455,20.4486848],[85.491446,20.449291],[85.4919388,20.4494804],[85.4956869,20.4499241],[85.4981533,20.4503853],[85.4986201,20.4505565],[85.4989144,20.4507308],[85.4991005,20.4508925],[85.4994997,20.4513837],[85.5017492,20.4529432],[85.5047938,20.4569431],[85.50545,20.4575389],[85.5079804,20.4594786],[85.5087974,20.4600549],[85.5091982,20.4603376],[85.5112312,20.4608447],[85.5119788,20.4611204],[85.5181051,20.4635893],[85.5185695,20.4638804]]}},{"type":"Feature","properties":{"id":561472257,"highway":"unclassified"},"geometry":{"type":"LineString","coordinates":[[85.4989144,20.4507308],[85.4987705,20.4503166],[85.4982769,20.4499447],[85.4977834,20.4495828],[85.4972776,20.4492501],[85.4971455,20.4490466],[85.4970215,20.4488361],[85.4967534,20.4487082],[85.4959166,20.4483664],[85.4953265,20.4483463],[85.4950261,20.4482759],[85.4946291,20.4475019],[85.4942429,20.4467881],[85.4937585,20.4462686],[85.4936225,20.4462367],[85.4935398,20.4462172],[85.4929447,20.4462053],[85.4919684,20.4462352],[85.4911744,20.4461146],[85.4904771,20.4459939],[85.4898763,20.4456521],[85.48965,20.4456402],[85.4889214,20.4456019],[85.487988,20.4455416],[85.4872262,20.4454712],[85.4868142,20.4453963]]}},{"type":"Feature","properties":{"id":594077135,"highway":"tertiary"},"geometry":{"type":"LineString","coordinates":[[85.4804418,20.5160754],[85.4802042,20.5153635],[85.4799147,20.5144975],[85.4796531,20.5136359],[85.4793449,20.5126955],[85.479046,20.5121794],[85.4788779,20.5116414],[85.4787798,20.511274],[85.4782475,20.5102592],[85.4778879,20.50952],[85.4777244,20.5090914],[85.4771687,20.5081991],[85.4764448,20.5073724],[85.4757023,20.5066288],[85.4751839,20.5061433],[85.4745768,20.5057277],[85.4740958,20.5053647],[85.4736802,20.5049491],[85.4731758,20.5044286],[85.4727415,20.5040218],[85.4725734,20.5038906],[85.4722652,20.50365],[85.4720364,20.5034925],[85.4715087,20.5029501],[85.4711911,20.5026789],[85.4707148,20.5022896],[85.4702758,20.5018216],[85.4698508,20.5014148],[85.4695333,20.5010649],[85.469239,20.5008287],[85.4686553,20.5003956],[85.4679455,20.4998751],[85.4669648,20.4990746],[85.4657365,20.498016],[85.4649707,20.4970536],[85.4639666,20.495807],[85.4633455,20.4950764],[85.462955,20.4946324],[85.4627775,20.4944599],[85.4621681,20.4940553],[85.4618032,20.4938138],[85.4614114,20.4934312],[85.460715,20.4927976],[85.4600018,20.4920982],[85.4597574,20.4918536],[85.4589069,20.4911196],[85.4585152,20.4907872],[85.4583411,20.4906178],[85.4581904,20.4904735],[85.4578589,20.4900532],[85.4574236,20.4894918],[85.457139,20.4891249],[85.4568544,20.4885854],[85.4566133,20.4878483],[85.456533,20.4876068],[85.4565363,20.4872743],[85.4565866,20.4870203],[85.4565497,20.4865623],[85.4565564,20.4863271],[85.4566368,20.4860981],[85.4567808,20.4858692],[85.4570084,20.485543],[85.4570084,20.4853924],[85.4569649,20.4849251],[85.4569984,20.4843793],[85.4570419,20.4840029],[85.4567774,20.483523],[85.4566736,20.4832062],[85.4565564,20.4828643],[85.4563053,20.4823311],[85.4559839,20.4816567],[85.4558365,20.481227],[85.4557662,20.4810075],[85.4556122,20.4806436],[85.4555553,20.4804178],[85.4554046,20.4798061],[85.4553172,20.4794958],[85.4552439,20.4792353],[85.4551033,20.4786173],[85.4549191,20.4778332],[85.4547651,20.4771525],[85.4546814,20.4768137],[85.4546044,20.4766538],[85.4543298,20.4763558],[85.4538912,20.4758508],[85.4536802,20.4756657],[85.4534191,20.4753802],[85.4531914,20.4750854],[85.4531077,20.4749505],[85.453034,20.4747811],[85.4529336,20.4743514],[85.4528633,20.4740314],[85.4528432,20.4739185],[85.4528566,20.4738181],[85.4529905,20.4734511],[85.453168,20.4729273],[85.4531947,20.4727548],[85.4531646,20.4723627],[85.4530976,20.4717416],[85.4529905,20.4710703],[85.4529503,20.4705276],[85.4529068,20.4699379],[85.4528231,20.469229],[85.4526892,20.4685639],[85.4525653,20.4681342],[85.4523978,20.4676417],[85.45213,20.4669923],[85.4519458,20.4664183],[85.4518621,20.4661893],[85.4518353,20.4655274],[85.4517985,20.4648624],[85.4517516,20.4646365],[85.4516411,20.4643197],[85.4513431,20.4638428],[85.4512829,20.4637205],[85.4512159,20.4635637],[85.4510887,20.4631747],[85.4509983,20.4629018],[85.4508476,20.4625284],[85.4506835,20.4620799],[85.4505195,20.4616313],[85.4502315,20.4607999],[85.4499402,20.4600376],[85.4498297,20.4597459],[85.449736,20.4594918],[85.4493743,20.4591969],[85.4489793,20.4589679],[85.4487616,20.4587985],[85.4484201,20.4584503],[85.4483096,20.4582558],[85.4481355,20.4578072],[85.4480719,20.4575907],[85.4479915,20.4572676],[85.4479748,20.4570856],[85.4479781,20.45675],[85.4480752,20.4561037],[85.4481388,20.4553947],[85.4481757,20.4549555],[85.4482493,20.4547798],[85.4483196,20.4546418],[85.4483766,20.4544755],[85.4484,20.4543249],[85.448323,20.4539861],[85.4481254,20.4533336],[85.4480685,20.4530701],[85.4478844,20.4525022],[85.4478475,20.4523516],[85.4477906,20.4520348],[85.447737,20.4514575],[85.4476835,20.4511564],[85.447573,20.4504411],[85.4474591,20.4498638],[85.4473285,20.449296],[85.4471812,20.4488034],[85.4470038,20.4480756],[85.4468732,20.4475705],[85.4467158,20.446761],[85.446535,20.4459892],[85.4464547,20.4455729]]}},{"type":"Feature","properties":{"id":1302674868,"highway":"unclassified"},"geometry":{"type":"LineString","coordinates":[[85.3958754,20.4296724],[85.3957204,20.4293217],[85.3956084,20.4289773],[85.3955865,20.4285735],[85.3956182,20.428334],[85.3956693,20.4280763],[85.3956644,20.4278664],[85.3956839,20.4276383],[85.3954721,20.4275037],[85.3951021,20.4274467],[85.3946591,20.4272893],[85.3943816,20.427173],[85.3941309,20.4271661],[85.3939775,20.4270749],[85.3939362,20.4268262],[85.3939581,20.4265525],[85.3941041,20.4260803],[85.3942526,20.4258613],[85.3947321,20.4253184],[85.3949074,20.4249466],[85.3950559,20.4246113],[85.3952457,20.4242121],[85.3954405,20.4239247],[85.395679,20.4236737],[85.3959029,20.4235528],[85.3961293,20.4234775],[85.3965261,20.4234661],[85.3968036,20.4234867],[85.3974146,20.4235026],[85.398118,20.423514],[85.3986389,20.4235323],[85.3988945,20.4235505],[85.3991501,20.4235962],[85.3994617,20.4235756],[85.3998779,20.4234958],[85.4001676,20.4234182],[85.400484,20.4232996],[85.4006423,20.4232175],[85.4007883,20.4230715],[85.4008954,20.4228799],[85.4010025,20.422702],[85.4010723,20.4225947],[85.4012342,20.4225353],[85.4017065,20.4223347],[85.4018559,20.422305],[85.4019941,20.4223464],[85.4022063,20.4223739],[85.4023491,20.422521],[85.4024062,20.4226983],[85.4027095,20.4226448],[85.4031092,20.4225378],[85.403641,20.4223304],[85.404112,20.4221398],[85.4045296,20.4219023],[85.4047865,20.4218053],[85.4051934,20.4216916],[85.405538,20.4215384],[85.4057068,20.4214781],[85.4058657,20.4214479],[85.4060506,20.4214706],[85.4062175,20.4214932],[85.4064105,20.4214479],[85.40672,20.4214065],[85.4071201,20.4213311],[85.4073895,20.4213066],[85.4075805,20.4212539],[85.4077936,20.4211465],[85.4079463,20.4210222],[85.4081192,20.4209336],[85.4083263,20.4207641],[85.4084489,20.4205455],[85.4085635,20.4203477],[85.4085937,20.4200858],[85.4085514,20.4198522],[85.4084328,20.4194811],[85.4083464,20.4191608],[85.408264,20.4187727],[85.4082218,20.4186144],[85.4081052,20.4183356],[85.4080629,20.4181623],[85.4080187,20.4179456],[85.4079705,20.4177252],[85.407886,20.4174407],[85.4077694,20.4171279],[85.407681,20.416819],[85.4076408,20.4164007],[85.4076629,20.4160936],[85.4076709,20.4158506],[85.4076086,20.4155642],[85.4075463,20.4153532],[85.4074096,20.4151196],[85.4073211,20.4148784],[85.4072568,20.4145261],[85.4071945,20.4141719],[85.4071764,20.4139552],[85.4071603,20.4138196],[85.4071161,20.4137009],[85.4070075,20.4135972],[85.4068105,20.4134578],[85.4064567,20.4132656],[85.406119,20.4130829],[85.4058998,20.4129529],[85.4056827,20.4128493],[85.4054515,20.4127023],[85.4053932,20.412593],[85.405349,20.4124084],[85.4052847,20.4123538],[85.4051239,20.4123029],[85.4049449,20.4122464],[85.4048042,20.4121861],[85.4046514,20.4121409],[85.4044705,20.4121352],[85.4042614,20.4121597],[85.4041066,20.4122087],[85.4040363,20.4122595],[85.403986,20.4123858],[85.4038734,20.4125911],[85.4037408,20.4127174],[85.4035779,20.4127852],[85.4034271,20.4128022],[85.4032663,20.4127494],[85.4030774,20.4127023],[85.4028602,20.412723],[85.4025507,20.4127796],[85.4023516,20.4128549],[85.4021024,20.4128888],[85.4019074,20.4128813],[85.4015937,20.4127909],[85.4015053,20.4127135],[85.4013078,20.4126666],[85.4011131,20.4126581],[85.4009727,20.4126793],[85.4007666,20.4126994],[85.4005095,20.4126963],[85.4002774,20.4126814],[85.399795,20.4126591],[85.3996285,20.4126485],[85.3989892,20.4126504],[85.3985148,20.4126334],[85.398368,20.4126485],[85.3978353,20.4128426],[85.3972402,20.4130272],[85.3971237,20.4130366],[85.3970231,20.4129273],[85.3969186,20.4127295],[85.396804,20.4126221],[85.3966934,20.4125091],[85.396223,20.4122095],[85.3954913,20.4116707],[85.3951596,20.4113843],[85.3949505,20.4111921],[85.3947816,20.4110206],[85.3946248,20.4108322],[85.3944258,20.4105496],[85.3943273,20.4103141],[85.3942388,20.4100635],[85.3941886,20.4097903],[85.3941383,20.409421],[85.3941424,20.4091271],[85.3941986,20.4089048],[85.3942569,20.4087428],[85.3943575,20.4084432],[85.394454,20.4082096],[85.3945203,20.4080004]]}},{"type":"Feature","properties":{"id":1302674869,"highway":"unclassified"},"geometry":{"type":"LineString","coordinates":[[85.4320505,20.3915618],[85.4320057,20.3918572],[85.4319798,20.3919868],[85.4318804,20.3920841],[85.431539,20.392238],[85.4311285,20.3924769],[85.4307656,20.3927281],[85.4300396,20.3932657],[85.4294649,20.3936579],[85.4289078,20.3940226],[85.4285394,20.3943044],[85.4282564,20.3945005],[85.4278556,20.3946718],[85.4274282,20.3948293],[85.4273457,20.3948624],[85.427275,20.3949757],[85.427048,20.3953348],[85.4269655,20.3954647],[85.4268329,20.3955117],[85.4266649,20.3954813],[85.4265087,20.3954177],[85.4263613,20.3953873],[85.4261874,20.3954094],[85.4261078,20.3954398],[85.4259899,20.3955144],[85.4258249,20.3956222],[85.4256569,20.3957437],[85.4254535,20.3959592],[85.4252855,20.3961139],[85.4250674,20.3962603],[85.4248847,20.396346],[85.4247461,20.3964067],[85.4244396,20.3964758],[85.4242097,20.3965421],[85.4241272,20.396625],[85.4241213,20.3967659],[85.4240948,20.3971167],[85.4240624,20.3974454],[85.4239445,20.3976554],[85.4238737,20.3978736],[85.4239209,20.3981665],[85.4240036,20.3984241],[85.4240242,20.3984987],[85.4240301,20.398576],[85.4240301,20.3986119],[85.423983,20.3986589],[85.4239211,20.39867],[85.4238562,20.3986672],[85.4237914,20.3986506],[85.4236204,20.3986423],[85.4232314,20.3986009],[85.4230074,20.3986202],[85.4225653,20.3986506],[85.4222823,20.3986893],[85.4221143,20.3986727],[85.4219051,20.3986423],[85.4215661,20.3985733],[85.4213097,20.3985816],[85.4209855,20.3986064],[85.4204137,20.3987335],[85.4200217,20.3988274],[85.4198891,20.3989711],[85.4196798,20.3992722],[85.419559,20.3994269],[85.4192259,20.3997142],[85.4186541,20.4002197],[85.4181148,20.4005678],[85.4176285,20.4008717],[85.4172718,20.4010595],[85.4168828,20.4012032],[85.4163758,20.4013551],[85.4160782,20.4014186],[85.4156537,20.4014684],[85.4153767,20.4015291],[85.4150849,20.4015733],[85.4147784,20.4015789],[85.4140032,20.4015706],[85.4131839,20.4016065],[85.4121582,20.4016838],[85.4110971,20.4018192],[85.4102748,20.401949],[85.4093759,20.4020623],[85.4088306,20.4021286],[85.4084298,20.4021645],[85.4080289,20.4022087],[85.4075632,20.4023026],[85.4069178,20.4025043],[85.4062723,20.4027446],[85.4056416,20.4029822],[85.4048723,20.4033109],[85.4044803,20.4034988],[85.403991,20.4037336],[85.4036433,20.4039573],[85.4032837,20.4041921],[85.4030037,20.4043441],[85.4027826,20.4044159],[85.4024319,20.4045071],[85.4021195,20.4045899],[85.4017186,20.4046921],[85.4012382,20.4048192],[85.4007018,20.4050071],[85.4000887,20.4052584],[85.3994669,20.4054877],[85.3987654,20.4057419],[85.3982614,20.4059269],[85.3977161,20.4061341],[85.3968555,20.406496],[85.3961747,20.4067999],[85.3957208,20.4070181],[85.3951431,20.4073772],[85.3948248,20.4076755],[85.3946375,20.4078729],[85.3945203,20.4080004],[85.3943641,20.4081517],[85.3940626,20.4083477],[85.3937048,20.4086152],[85.3929871,20.409107],[85.392394,20.4095384],[85.3915678,20.4101093],[85.3906913,20.4107254],[85.389857,20.4113152],[85.3889946,20.4119426],[85.3882829,20.4124513],[85.3874808,20.4130146],[85.3869481,20.4133518],[85.3865433,20.413641],[85.3862967,20.4138172],[85.3856735,20.4142581],[85.3853338,20.4144578],[85.3851388,20.4145784],[85.384781,20.41465],[85.3835225,20.4148949],[85.3823264,20.4151549],[85.3819665,20.4152378],[85.381671,20.4153885],[85.3811704,20.4157559],[85.380478,20.4161353],[85.3802236,20.416323],[85.3798597,20.4165754],[85.3794757,20.4168562],[85.379379,20.4169233],[85.378941,20.4172273],[85.3782547,20.4176482],[85.3777179,20.4180207],[85.3768946,20.4185609],[85.3763782,20.4189111],[85.3754021,20.4195521],[85.3741583,20.4203642],[85.3726978,20.4213565],[85.3719531,20.4218459],[85.3715245,20.4221276],[85.3702782,20.422967],[85.3699019,20.4232145]]}},{"type":"Feature","properties":{"id":1303229207,"highway":"unclassified"},"geometry":{"type":"LineString","coordinates":[[85.4196747,20.428727],[85.4196905,20.4284829],[85.4197286,20.4279189],[85.4197571,20.4274143],[85.4197666,20.4271857],[85.4197761,20.4269601],[85.4198134,20.4266017],[85.4198268,20.4264733],[85.4198964,20.4260963],[85.4198997,20.4258124],[85.4199028,20.4255412],[85.4198679,20.4252651],[85.4198743,20.4248703],[85.4199091,20.4245734],[85.419925,20.4244042],[85.4199281,20.4241816],[85.4198933,20.4239263]]}},{"type":"Feature","properties":{"id":1303229208,"highway":"unclassified"},"geometry":{"type":"LineString","coordinates":[[85.4197666,20.4271857],[85.4198411,20.4271639],[85.4199625,20.4271588],[85.420239,20.4271739],[85.4203996,20.4271455],[85.4205584,20.4270702],[85.4207494,20.4270585],[85.4208314,20.4270552]]}},{"type":"Feature","properties":{"id":1303229209,"highway":"unclassified"},"geometry":{"type":"LineString","coordinates":[[85.4208653,20.4278026],[85.4208832,20.4274916],[85.4208314,20.4270552],[85.4208011,20.4267943],[85.4207761,20.4264716],[85.4207761,20.425995]]}},{"type":"Feature","properties":{"id":1303229210,"highway":"unclassified"},"geometry":{"type":"LineString","coordinates":[[85.4198997,20.4258124],[85.4202987,20.4258394],[85.4203092,20.4264989]]}},{"type":"Feature","properties":{"id":1303229211,"highway":"unclassified"},"geometry":{"type":"LineString","coordinates":[[85.4198134,20.4266017],[85.4189728,20.4266369],[85.4180983,20.4266692],[85.4180714,20.4264823],[85.418129,20.4261983]]}},{"type":"Feature","properties":{"id":1303229212,"highway":"unclassified"},"geometry":{"type":"LineString","coordinates":[[85.4167449,20.4283853],[85.4166068,20.4287188],[85.4163534,20.4293125],[85.4158624,20.4302831],[85.4154886,20.4310282],[85.4152329,20.4316017],[85.4150889,20.4320717],[85.4150378,20.4322545],[85.415075,20.4326461],[85.4152747,20.4331858],[85.4156601,20.4339865],[85.4159016,20.4347525]]}},{"type":"Feature","properties":{"id":1303229213,"highway":"tertiary"},"geometry":{"type":"LineString","coordinates":[[85.415878,20.4351833],[85.4158552,20.4353313],[85.415818,20.4356446],[85.4159806,20.4360319],[85.4161106,20.4362104]]}},{"type":"Feature","properties":{"id":1303229214,"highway":"tertiary"},"geometry":{"type":"LineString","coordinates":[[85.4161106,20.4362104],[85.4163805,20.4362491],[85.4166593,20.4362754],[85.4168494,20.4363078],[85.4170222,20.4363078],[85.4172232,20.436235],[85.4174695,20.4361438],[85.4175537,20.4361438],[85.4179599,20.436156],[85.4183445,20.4362066]]}},{"type":"Feature","properties":{"id":1303229215,"highway":"tertiary"},"geometry":{"type":"LineString","coordinates":[[85.4183445,20.4362066],[85.4189063,20.4359961],[85.4194226,20.435824],[85.4197532,20.4357976],[85.4200708,20.435828],[85.4204316,20.4357936],[85.4208832,20.4356357],[85.4211619,20.435498],[85.4215163,20.4354433],[85.4220694,20.4353725],[85.4228299,20.4353158],[85.4230848,20.4353279]]}},{"type":"Feature","properties":{"id":1303229216,"highway":"tertiary"},"geometry":{"type":"LineString","coordinates":[[85.4230848,20.4353279],[85.4231432,20.4353907],[85.4232879,20.4357592],[85.4234154,20.4358584],[85.4236423,20.4358766],[85.4237784,20.4358847],[85.4239685,20.4359171],[85.4243661,20.436077],[85.4247334,20.4362289],[85.4252605,20.4363868],[85.4256451,20.436484],[85.426276,20.4366237],[85.4267816,20.4367755],[85.4271467,20.4368707],[85.4274103,20.4369091],[85.427931,20.4369598],[85.428348,20.43698],[85.4287456,20.436982],[85.429169,20.436897],[85.4296163,20.436733],[85.429908,20.4366743],[85.4304546,20.4366115],[85.4307662,20.4365735]]}},{"type":"Feature","properties":{"id":1303229217,"highway":"residential"},"geometry":{"type":"LineString","coordinates":[[85.462864,20.4538429],[85.4631055,20.4536047],[85.4633294,20.453384],[85.463751,20.4529683],[85.4640622,20.4525854],[85.4642573,20.452085],[85.4644523,20.4514366],[85.4646187,20.4508841],[85.4646567,20.4507578],[85.4647402,20.4502095],[85.4647867,20.4496307],[85.4647867,20.449287],[85.4647681,20.4487953],[85.4647031,20.4482034],[85.4646102,20.4475942],[85.4645359,20.4470329],[85.4644802,20.4464976],[85.4644788,20.4464243],[85.4644755,20.4462539],[85.464477,20.446171],[85.4644848,20.4457492],[85.464457,20.4453488],[85.4644471,20.4450078]]}},{"type":"Feature","properties":{"id":1303229218,"highway":"unclassified"},"geometry":{"type":"LineString","coordinates":[[85.4598221,20.4569454],[85.460189,20.4565451],[85.4604351,20.4562884],[85.4606952,20.4560056],[85.4609413,20.4557575],[85.4614104,20.4552484],[85.4620559,20.4546784],[85.462864,20.4538429]]}},{"type":"Feature","properties":{"id":1303229219,"highway":"residential"},"geometry":{"type":"LineString","coordinates":[[85.4598221,20.4569454],[85.4592874,20.4573381],[85.459052,20.4574974]]}},{"type":"Feature","properties":{"id":1303229220,"highway":"unclassified"},"geometry":{"type":"LineString","coordinates":[[85.4552392,20.444833],[85.4552085,20.4443403],[85.4551586,20.4439486],[85.4551586,20.4435388],[85.4552545,20.4432118],[85.4556035,20.4426763],[85.4558145,20.4422917],[85.4561405,20.441785],[85.4563668,20.4415442],[85.4564934,20.441325],[85.4565471,20.4411237],[85.45662,20.4409188],[85.4567542,20.4407535],[85.4570073,20.4405451],[85.4571032,20.440448],[85.4571876,20.4403007],[85.4572336,20.4401102],[85.4572375,20.4398981],[85.4571147,20.4394561],[85.4571301,20.4393231],[85.4572298,20.4389206],[85.4574139,20.4384246],[85.4575827,20.437925],[85.457667,20.4375081],[85.4577591,20.4370193],[85.4578818,20.4365161],[85.4579739,20.4360633],[85.4580046,20.4356535],[85.4580698,20.4348952],[85.4580851,20.4345286],[85.4580698,20.4342734],[85.4580314,20.433763],[85.4580046,20.4333353],[85.4579394,20.4329579],[85.4578742,20.4325805],[85.4577936,20.4320378],[85.4577591,20.4316712],[85.4577514,20.431186],[85.4577553,20.430672],[85.4577898,20.4303018],[85.4578512,20.4299819],[85.4578818,20.4297447],[85.4580238,20.429299],[85.4581503,20.429015],[85.4582155,20.4287203],[85.4582884,20.4284363],[85.4583958,20.4281057],[85.4584418,20.427872]]}},{"type":"Feature","properties":{"id":1303229221,"highway":"unclassified"},"geometry":{"type":"LineString","coordinates":[[85.4584418,20.427872],[85.4582314,20.427782],[85.4578533,20.4276423],[85.4575249,20.4275451],[85.4573028,20.4275164],[85.4571165,20.4274924],[85.4567276,20.427454],[85.4564035,20.4274114],[85.4561745,20.4274074],[85.4559231,20.4274906],[85.4558504,20.4275147],[85.4554983,20.4276402],[85.4552174,20.4277759],[85.4548955,20.427865],[85.4546384,20.4279014],[85.4543812,20.4278872],[85.4541803,20.4279217],[85.4538886,20.4280371],[85.453705,20.4280796],[85.4534652,20.4280674],[85.4532318,20.4280492],[85.4530719,20.4280654],[85.4527349,20.4281586],[85.4524475,20.4282557],[85.4521753,20.4283772],[85.4519916,20.4284299],[85.4518274,20.4284562],[85.4517856,20.4284906],[85.4517698,20.428632],[85.4517661,20.42881],[85.4516834,20.4288716],[85.4515227,20.4288841],[85.4513389,20.4287883],[85.4509878,20.4288475],[85.4508046,20.4288784],[85.4503056,20.4289252],[85.4498529,20.4289845],[85.4496605,20.4290524],[85.4495072,20.4291065],[85.4492273,20.4292251],[85.4489583,20.4294977],[85.4489048,20.429573],[85.4488463,20.4296323],[85.4487113,20.4296927],[85.4485129,20.4297737],[85.4484955,20.429783],[85.4483766,20.4298467],[85.4482378,20.4299117],[85.4476195,20.4300577],[85.4473992,20.4300794],[85.4472215,20.4300885],[85.4469708,20.4301033],[85.4463489,20.4302448],[85.4461627,20.4302961],[85.4460434,20.4303531],[85.4459022,20.4304808],[85.4457988,20.4306074],[85.4456649,20.4306964],[85.4454288,20.4308276],[85.4448848,20.4310716],[85.4443018,20.4314035],[85.4438648,20.4315837],[85.4437882,20.4316157],[85.4438624,20.4320091],[85.4438892,20.4322372],[85.4438393,20.4323718],[85.4435508,20.4326375],[85.4433172,20.4329489],[85.4431699,20.4331531],[85.4430153,20.4332853],[85.4428535,20.4334062],[85.4426319,20.4335306],[85.4424883,20.4335933],[85.4423545,20.4336093],[85.4421889,20.43364],[85.4419686,20.433737],[85.4418262,20.4338111],[85.4416266,20.433875],[85.4414964,20.4339001],[85.4413674,20.4340027],[85.4412773,20.4341362],[85.4411946,20.4343939],[85.4411301,20.4346083],[85.4410692,20.4347235],[85.4408952,20.4348661],[85.4407613,20.4349664],[85.4406323,20.4350999],[85.4404619,20.4352858],[85.4403913,20.4353816],[85.4402465,20.4357933],[85.4402075,20.4359997],[85.4401357,20.4361252],[85.4400311,20.4362255],[85.4398594,20.4363327],[85.439459,20.4363658],[85.439302,20.4363886],[85.4391475,20.4364958],[85.4390452,20.4365882],[85.4388724,20.4366772],[85.4387178,20.4367387],[85.4385535,20.4367764],[85.4383722,20.4367752],[85.438248,20.4367547],[85.4377064,20.4366509],[85.4375628,20.436627],[85.4373754,20.4366475],[85.4371734,20.4366851],[85.4368289,20.4367342],[85.4366731,20.4367433],[85.4365502,20.4367182],[85.4364565,20.4366452],[85.436353,20.4365745],[85.4362289,20.4365517],[85.4361181,20.4365563],[85.4359648,20.436611],[85.435607,20.4367057],[85.4345713,20.4369085],[85.4336815,20.4371636],[85.4333746,20.4372643],[85.4331954,20.4373563],[85.4331094,20.4374005]]}},{"type":"Feature","properties":{"id":1303229222,"highway":"unclassified"},"geometry":{"type":"LineString","coordinates":[[85.4484955,20.429783],[85.4484672,20.4296096],[85.4483651,20.4290433],[85.4484227,20.4287663],[85.4486267,20.4286266],[85.4489224,20.4284795],[85.4490035,20.4284133],[85.4489773,20.4281975],[85.4489635,20.4281087],[85.4489433,20.4279793],[85.4489145,20.4278494],[85.4486948,20.4277121],[85.4483599,20.4275944],[85.4481977,20.4275724],[85.4479021,20.4272978],[85.4474521,20.4268246],[85.4470263,20.4263007],[85.4470217,20.4261092],[85.4469427,20.4259612],[85.4464458,20.4256],[85.446209,20.4252866],[85.4459814,20.4249994],[85.4457585,20.4249646],[85.4456238,20.424599],[85.445517,20.424364],[85.4452801,20.4239636],[85.4450015,20.4236981],[85.4447135,20.4233455],[85.4445928,20.4231323]]}},{"type":"Feature","properties":{"id":1303229223,"highway":"unclassified"},"geometry":{"type":"LineString","coordinates":[[85.4489145,20.4278494],[85.4491013,20.4277852],[85.4493152,20.4276718],[85.4493461,20.4276284],[85.44938,20.4275807],[85.4493995,20.4272304],[85.4493985,20.4271709],[85.4493952,20.4269834],[85.4493779,20.426706],[85.4492785,20.4265663],[85.4492202,20.4263173],[85.4492072,20.4260804],[85.4492094,20.4258577],[85.4492936,20.4256997],[85.4494254,20.4255519],[85.4496933,20.4254163],[85.4500152,20.4252928],[85.4502853,20.4251794],[85.4504042,20.4250802],[85.4506397,20.4250883],[85.4509097,20.4251409],[85.4512468,20.4252523],[85.4518993,20.425311],[85.4523271,20.425309],[85.452824,20.4253171],[85.4528802,20.4254183],[85.4530811,20.4255924],[85.4534679,20.4257828],[85.4537855,20.4258516],[85.4539734,20.4258678],[85.4540707,20.4259346],[85.4541315,20.4261141],[85.4542892,20.4265089],[85.4543822,20.4267134],[85.4544837,20.4269381],[85.454488,20.4270799],[85.454555,20.4272499],[85.4547278,20.427505],[85.4548207,20.4276245],[85.4548683,20.4277419],[85.4548955,20.427865]]}},{"type":"Feature","properties":{"id":1303229224,"highway":"unclassified"},"geometry":{"type":"LineString","coordinates":[[85.4584418,20.427872],[85.4587178,20.427909],[85.4589214,20.4278795],[85.45904,20.4278623],[85.4591934,20.4277221],[85.4591819,20.4274885],[85.4592931,20.427068],[85.4593814,20.4265108],[85.4594696,20.4260328],[85.4595118,20.4257345],[85.4596767,20.4251055],[85.459834,20.4249437],[85.4595003,20.4246705],[85.4588904,20.4242176],[85.4582537,20.4237719],[85.4573984,20.4233406],[85.4564779,20.422823],[85.4556264,20.4223306],[85.4547672,20.4217878],[85.4544719,20.4215578],[85.4540116,20.4213457],[85.4535092,20.4209719],[85.4531065,20.4207346],[85.4528802,20.4206016],[85.4527843,20.4204111],[85.4521744,20.4201775],[85.4518024,20.4200481],[85.4514457,20.4200014],[85.4512731,20.419969],[85.4511657,20.4197893],[85.4510698,20.4195305],[85.4508397,20.4192429],[85.4504945,20.4190165],[85.4501147,20.418826],[85.4497504,20.4185959],[85.4495509,20.4183838],[85.449491,20.4183801],[85.449317,20.4183694],[85.4491444,20.4184341],[85.4488007,20.4186909],[85.4486103,20.4188215],[85.4484106,20.418926],[85.4482991,20.419013],[85.4482341,20.4192219],[85.4481412,20.4194134]]}},{"type":"Feature","properties":{"id":1303229225,"highway":"unclassified"},"geometry":{"type":"LineString","coordinates":[[85.449491,20.4183801],[85.4493451,20.4180879],[85.4490728,20.4176314],[85.4487928,20.4170707],[85.4486087,20.4166681],[85.4484246,20.4163626],[85.4481177,20.4159456],[85.4477648,20.4154639],[85.4475999,20.4152446],[85.447481,20.4148241],[85.4473353,20.414497],[85.447109,20.4140512],[85.4468865,20.4136019],[85.4467254,20.413282],[85.446572,20.4130699],[85.4465528,20.4129441],[85.4465873,20.41275],[85.4466257,20.4125379],[85.4466794,20.4123797],[85.4467024,20.4122323],[85.4466372,20.4119951],[85.4465183,20.4116967],[85.4462728,20.4113408],[85.4461117,20.4110173],[85.446058,20.410683],[85.4460082,20.4102373],[85.4459391,20.4099425],[85.4458317,20.4095075],[85.4456898,20.4089935],[85.4454367,20.4083824],[85.4453101,20.407987],[85.4453024,20.4077137],[85.4453331,20.4074801],[85.4452679,20.4072249],[85.4452603,20.40702],[85.4453331,20.4067432],[85.4454482,20.4064807],[85.4455633,20.4063837],[85.4456937,20.4062327],[85.4457435,20.4061284],[85.4456975,20.4059415],[85.4455709,20.405618],[85.4455211,20.4054095],[85.4454597,20.4052225],[85.4454559,20.4048702],[85.4455287,20.4045683],[85.4456144,20.4043856],[85.44564,20.404331],[85.4458356,20.4041261],[85.4460274,20.4039643],[85.4461808,20.4038241],[85.4464301,20.4035437],[85.4467139,20.4033137],[85.4469287,20.4031771],[85.4472355,20.4030764],[85.4476076,20.4029362],[85.4477457,20.4028787],[85.4482788,20.402814],[85.4485358,20.4027672],[85.4487199,20.4026954],[85.4489654,20.4025767],[85.4491009,20.402498],[85.4492829,20.4023257],[85.4494845,20.4020815],[85.4496558,20.401834],[85.4497968,20.4016132],[85.4498378,20.4013891],[85.4499806,20.4008991],[85.4500726,20.4007805],[85.450065,20.4004821],[85.4499767,20.3999357],[85.4498693,20.3994755],[85.4497773,20.3991268],[85.4497083,20.3988679],[85.449611,20.3987221],[85.449391,20.3984775]]}},{"type":"Feature","properties":{"id":1303229226,"highway":"unclassified"},"geometry":{"type":"LineString","coordinates":[[85.4456144,20.4043856],[85.4455508,20.4043325],[85.4454978,20.4042524],[85.4454639,20.4041046],[85.4454064,20.4039941],[85.4453504,20.4039154],[85.4450439,20.4040217],[85.4443291,20.4043131],[85.4441066,20.4044057],[85.4438531,20.4044526],[85.4435967,20.4044734],[85.4432917,20.4045024],[85.4431635,20.4044154],[85.4429218,20.4041557],[85.4427833,20.404001],[85.4426624,20.4038491],[85.4426035,20.4037759],[85.4424089,20.4038352],[85.4421717,20.4038864],[85.4419683,20.4039015],[85.4416338,20.4038877],[85.4412772,20.4036985],[85.4408852,20.403454],[85.440807,20.4033781],[85.4407658,20.4031571],[85.440723,20.4029264],[85.4406287,20.4025535],[85.4405403,20.4022662],[85.4404151,20.4020286],[85.4403104,20.4018863],[85.4401586,20.4016792],[85.4400422,20.4015562],[85.4398698,20.4014582],[85.4396399,20.4013159],[85.4393835,20.4011474],[85.4391182,20.400972],[85.4390003,20.4008642],[85.4388412,20.4007689],[85.4387632,20.4007968],[85.4384938,20.4009617],[85.4383722,20.4010239],[85.4381983,20.401087],[85.437955,20.4011011],[85.4377299,20.401005],[85.4375771,20.4009212],[85.4374082,20.4007911],[85.4373479,20.4006913],[85.4373238,20.4005189],[85.4372826,20.400321],[85.4372343,20.4002117],[85.4371991,20.4000714],[85.4370946,20.3998924],[85.4370202,20.3997049],[85.4369941,20.3996041],[85.4369629,20.3992922],[85.4369579,20.3991302],[85.4369619,20.3989399],[85.4370092,20.3986052],[85.4371079,20.3984132],[85.437245,20.3981742],[85.4375206,20.3978731],[85.4378212,20.3974753],[85.4379848,20.3973385],[85.4382043,20.3972101],[85.4383856,20.3970609],[85.4385064,20.3969421],[85.4386862,20.3967142],[85.438838,20.3966092],[85.438925,20.3965595],[85.4390046,20.3965167],[85.4391387,20.3963675],[85.4392551,20.3962059],[85.4393273,20.3961244],[85.4394511,20.3960001],[85.4395719,20.3959048],[85.4396574,20.3958509],[85.4398667,20.3956561],[85.4399963,20.3955429],[85.440154,20.3954213],[85.4402808,20.3952928],[85.4404252,20.3951671],[85.4408909,20.3947942],[85.4410264,20.3947279],[85.4412755,20.3946174],[85.441414,20.3945124],[85.4416351,20.3942486],[85.4423673,20.393179]]}},{"type":"Feature","properties":{"id":1303662967,"highway":"residential"},"geometry":{"type":"LineString","coordinates":[[85.48965,20.4456402],[85.4896616,20.4453478],[85.4896871,20.4447777],[85.4897266,20.444608],[85.4898218,20.4444122],[85.4902746,20.4436702],[85.4905556,20.4433439],[85.4908389,20.4430458],[85.4912754,20.4426694],[85.4916864,20.4424126],[85.4918467,20.4422581],[85.4919372,20.4422037],[85.4922391,20.4421145],[85.4924643,20.4419948],[85.4929524,20.4418271],[85.4929961,20.4418121],[85.493291,20.441762],[85.493435,20.4417555],[85.4936625,20.4417076],[85.4941246,20.4417794],[85.4944915,20.4419753],[85.494531,20.4419948]]}},{"type":"Feature","properties":{"id":1303662968,"highway":"residential"},"geometry":{"type":"LineString","coordinates":[[85.4936225,20.4462367],[85.4935525,20.4460822],[85.4935319,20.4459961],[85.4935366,20.4458373],[85.4935604,20.4457082],[85.493573,20.4455523],[85.4935081,20.4452986],[85.4935024,20.4452108],[85.4934986,20.4451531],[85.4934131,20.444935],[85.4933418,20.4447317],[85.4933212,20.4445506],[85.4933371,20.4442018],[85.4933434,20.4438204],[85.4933877,20.4434583],[85.4933941,20.4431481],[85.4934368,20.4429819],[85.493345,20.4426985],[85.4931391,20.4422503],[85.4929524,20.4418271],[85.4929284,20.4417071],[85.4927954,20.4413791],[85.4924343,20.4407276]]}},{"type":"Feature","properties":{"id":1303662969,"highway":"residential"},"geometry":{"type":"LineString","coordinates":[[85.4918467,20.4422581],[85.4918573,20.4421109],[85.4918919,20.4418378],[85.4920069,20.4414946],[85.4921968,20.4411334],[85.4924343,20.4407276]]}},{"type":"Feature","properties":{"id":1303662970,"highway":"unclassified"},"geometry":{"type":"LineString","coordinates":[[85.4924343,20.4407276],[85.4924654,20.4406417],[85.4925075,20.4404888],[85.4924557,20.4402671],[85.492366,20.4400019],[85.4922034,20.4396245],[85.4921274,20.4393574],[85.4920482,20.4390695],[85.4919991,20.4388929]]}},{"type":"Feature","properties":{"id":1303662971,"highway":"unclassified"},"geometry":{"type":"LineString","coordinates":[[85.4921385,20.437986],[85.4921821,20.4378136]]}},{"type":"Feature","properties":{"id":1303662972,"highway":"unclassified"},"geometry":{"type":"LineString","coordinates":[[85.4921385,20.437986],[85.4919991,20.4388929]]}},{"type":"Feature","properties":{"id":1303662977,"highway":"unclassified"},"geometry":{"type":"LineString","coordinates":[[85.488181,20.4331955],[85.4885577,20.4328694],[85.4886892,20.432524],[85.4887527,20.4324404],[85.4889385,20.4323045],[85.4894764,20.4319477],[85.4900279,20.4315753],[85.4902303,20.4314125],[85.4906201,20.4308235],[85.4909238,20.4306876],[85.4911731,20.4305998],[85.4912759,20.4304908],[85.4913741,20.4303195],[85.4913741,20.4302147],[85.4913393,20.430032],[85.4912321,20.4296908],[85.4911172,20.4292632],[85.4910417,20.4290381],[85.491016,20.4288399],[85.4910387,20.4286062],[85.4910825,20.4283528],[85.4910991,20.4282155],[85.491022,20.4277949],[85.4910085,20.4275273],[85.4910402,20.42739],[85.4911384,20.4271974],[85.4913469,20.4269171],[85.4915282,20.426573],[85.4916551,20.4263606],[85.4918047,20.42611],[85.4919936,20.4258183],[85.492128,20.4256357],[85.4923637,20.4253171],[85.4925496,20.4249773],[85.4926191,20.4248612]]}},{"type":"Feature","properties":{"id":1303662978,"highway":"residential"},"geometry":{"type":"LineString","coordinates":[[85.4926191,20.4248612],[85.4929248,20.4248666],[85.4929609,20.4248673],[85.4939082,20.4250088]]}},{"type":"Feature","properties":{"id":1303662979,"highway":"unclassified"},"geometry":{"type":"LineString","coordinates":[[85.4929248,20.4248666],[85.4929897,20.4246405],[85.4930883,20.4243739],[85.4931519,20.4240582],[85.4932368,20.4238231],[85.4932892,20.423553],[85.4932854,20.4233893],[85.493273,20.4233086]]}},{"type":"Feature","properties":{"id":1303662981,"highway":"unclassified"},"geometry":{"type":"LineString","coordinates":[[85.49994,20.425792],[85.4997987,20.4257584],[85.4992846,20.4256315],[85.4991602,20.4251858],[85.4991413,20.4248835],[85.4991401,20.4248652],[85.4991145,20.4246457],[85.499109,20.4244777],[85.4991474,20.4242977],[85.4992554,20.4240319],[85.4993962,20.423725],[85.4994529,20.423569],[85.499517,20.423389],[85.4996066,20.4232399],[85.4997091,20.4231113],[85.4997932,20.4229467],[85.4998609,20.4227598],[85.4998664,20.4225489],[85.4998408,20.4223295],[85.4998316,20.4221735],[85.4998463,20.4220637],[85.4997603,20.421774],[85.4996652,20.4215288],[85.4995682,20.4212425],[85.4994639,20.4209853],[85.4993907,20.4208139],[85.4993139,20.4207367],[85.4992297,20.4206767],[85.4991291,20.4206356],[85.4988492,20.4206733],[85.4985839,20.4206904],[85.4984632,20.4206698],[85.4983754,20.4205756],[85.4983699,20.4203972],[85.4983498,20.4201315],[85.498304,20.4199206],[85.4982492,20.4197852],[85.4981266,20.4196326],[85.498004,20.4195348],[85.4975741,20.4191508],[85.4973106,20.4188096],[85.497285,20.4186947],[85.4972558,20.4186176],[85.4971606,20.4184959],[85.4969777,20.4183913],[85.4967508,20.4182627],[85.4966246,20.4181358],[85.4965349,20.4179283],[85.4963959,20.4177929],[85.4962111,20.4176575],[85.4961471,20.4175546],[85.4961983,20.4173951],[85.4961745,20.4168722],[85.4959032,20.4168675],[85.4956161,20.4168306],[85.4955119,20.4167929],[85.4954368,20.4166935],[85.4955338,20.4165992],[85.4956546,20.4164037],[85.4957863,20.4161294],[85.4958887,20.4160402],[85.4959893,20.4159391],[85.4960936,20.415795],[85.4963205,20.415627],[85.4964943,20.415555],[85.4969699,20.4153561],[85.4970212,20.4151281],[85.4970815,20.4149412],[85.4971163,20.4147372],[85.4973944,20.4143788],[85.4974438,20.4141816],[85.4974767,20.4140239],[85.4973797,20.413801],[85.4972755,20.4136827],[85.4971364,20.4131701],[85.4970578,20.412846],[85.4970102,20.4126814],[85.4970669,20.4125819],[85.4971017,20.4124499],[85.4971148,20.4123041],[85.4971258,20.4121447],[85.497124,20.4119938],[85.4970453,20.4117555],[85.4969575,20.411476],[85.4969081,20.4113525],[85.4968752,20.4110679],[85.496866,20.4109376],[85.4968368,20.4108004],[85.4967508,20.4106015],[85.4967017,20.4104896]]}},{"type":"Feature","properties":{"id":1303662982,"highway":"unclassified"},"geometry":{"type":"LineString","coordinates":[[85.4898479,20.4159631],[85.4902431,20.4163492],[85.490458,20.4168246],[85.4908612,20.4171484],[85.491415,20.4176487],[85.4915257,20.4176695],[85.4923121,20.4176923],[85.4926532,20.4176508],[85.4929877,20.4176736],[85.4932757,20.4176965],[85.4936036,20.4176674],[85.4938937,20.4175096],[85.4940111,20.41741],[85.4942681,20.4172979],[85.4945184,20.4171609],[85.4947222,20.417111],[85.4948994,20.4170156],[85.4950124,20.4168931],[85.4951941,20.4168038],[85.4953428,20.4167497],[85.4954368,20.4166935]]}},{"type":"Feature","properties":{"id":1303662983,"highway":"unclassified"},"geometry":{"type":"LineString","coordinates":[[85.4991413,20.4248835],[85.4989934,20.4247986],[85.498752,20.4247055],[85.4985803,20.4246327],[85.4984569,20.4245975],[85.4982826,20.4245849],[85.4980975,20.424605],[85.4979741,20.4246301],[85.497781,20.4245924],[85.4975101,20.4245145],[85.4973787,20.4244844],[85.4971346,20.4244642],[85.4970541,20.4244642],[85.4964587,20.4243687],[85.4961636,20.4244165],[85.4959356,20.4243662],[85.495713,20.4243109],[85.4955414,20.4242757],[85.4953375,20.424238],[85.4952517,20.4240068],[85.49519,20.4239389],[85.4949835,20.4238208],[85.4946643,20.4237127],[85.4942915,20.4235694],[85.4939696,20.4234689],[85.493273,20.4233086],[85.4930362,20.4231773],[85.4928001,20.4230265],[85.4926768,20.4228882],[85.4924246,20.4227098],[85.4920599,20.4225665],[85.4917943,20.4224031],[85.4915476,20.4223051],[85.4911264,20.422202],[85.4907992,20.422114],[85.4906329,20.4220765],[85.4905766,20.4220637],[85.490295,20.4220889],[85.4896968,20.422295],[85.4891282,20.4224408],[85.4885274,20.422657],[85.4882136,20.4227374],[85.4877656,20.4228103],[85.4875967,20.4228329],[85.4873848,20.4228354],[85.4872077,20.4227123],[85.4871139,20.4225916],[85.4868832,20.4225941],[85.4864915,20.4225455]]}},{"type":"Feature","properties":{"id":1303662984,"highway":"unclassified"},"geometry":{"type":"LineString","coordinates":[[85.4906329,20.4220765],[85.4906337,20.4219252],[85.4906257,20.4217291],[85.4906498,20.4215205],[85.4906311,20.4213194],[85.4905828,20.4210756],[85.4904701,20.4204924],[85.4904621,20.4202385],[85.4903897,20.4199997],[85.4902126,20.4196629],[85.4901027,20.4195447],[85.4898693,20.4192079],[85.4896816,20.4187655],[85.4896674,20.4187178],[85.4896226,20.4185669],[85.4895314,20.4176167],[85.4895233,20.4173201],[85.4892092,20.4172087]]}},{"type":"Feature","properties":{"id":1303662985,"highway":"unclassified"},"geometry":{"type":"LineString","coordinates":[[85.4896674,20.4187178],[85.4899699,20.4185194],[85.4902408,20.4183334],[85.4906968,20.4181121],[85.4910643,20.4179462],[85.4913164,20.4178004],[85.491415,20.4176487]]}},{"type":"Feature","properties":{"id":1303662989,"highway":"unclassified"},"geometry":{"type":"LineString","coordinates":[[85.4935024,20.4452108],[85.493777,20.4452028],[85.4941337,20.4451676],[85.4947399,20.4451575],[85.4947479,20.4450243],[85.4947158,20.4448132],[85.4946943,20.444587],[85.4947238,20.4442276],[85.494764,20.4438381],[85.4947909,20.4435113],[85.4948418,20.4432173],[85.4949116,20.4429961],[85.494992,20.4428931],[85.4951771,20.4427322],[85.4954185,20.4425965],[85.4956223,20.4426442],[85.4959442,20.4426669],[85.4961239,20.4426392],[85.4963117,20.4424784],[85.4965102,20.4422773],[85.4966309,20.4421592],[85.4967381,20.4420109],[85.4967784,20.4419179],[85.496891,20.4418274],[85.4970493,20.441747],[85.4972317,20.4416188],[85.4973685,20.4414605],[85.4976286,20.4412217],[85.4977788,20.4411036],[85.4980927,20.4408573],[85.4981946,20.4407341],[85.4982429,20.440611],[85.4982992,20.4405155],[85.4984387,20.4404124],[85.4986506,20.4403094],[85.4989322,20.4401536],[85.4994069,20.4398193],[85.4996215,20.4396861],[85.4997798,20.4396207],[85.5001231,20.4395428],[85.5004262,20.4394976],[85.5007829,20.4394448],[85.5014025,20.4392563]]}},{"type":"Feature","properties":{"id":1303827357,"highway":"unclassified"},"geometry":{"type":"LineString","coordinates":[[85.4764528,20.4462302],[85.4763997,20.4459819],[85.4763375,20.445712],[85.4763665,20.4454692],[85.4765303,20.4452439],[85.4767562,20.4450342],[85.4768702,20.4449196],[85.4769262,20.4447953],[85.4769282,20.444638],[85.4769552,20.4444418],[85.4769925,20.4442321],[85.4770609,20.4440048],[85.4771624,20.4438087],[85.4773055,20.4436553],[85.4775645,20.4434708],[85.4776454,20.4433756],[85.4776827,20.4432668],[85.4777076,20.4431581],[85.4777615,20.4430454],[85.4778672,20.4429386],[85.4780578,20.442756],[85.4781698,20.4426317],[85.47829,20.4424336],[85.4783833,20.442185],[85.4784123,20.4419364],[85.4784351,20.4416898],[85.4784599,20.4415014],[85.4784848,20.4413596],[85.4785574,20.4412606],[85.4786859,20.4411382],[85.47886,20.4410955],[85.4790548,20.4410722],[85.4790827,20.4410668],[85.4793802,20.44101],[85.4796994,20.4408877],[85.4799875,20.4408857],[85.4802528,20.4408449]]}},{"type":"Feature","properties":{"id":1303827358,"highway":"unclassified"},"geometry":{"type":"LineString","coordinates":[[85.4790827,20.4410668],[85.4790818,20.440911],[85.4791128,20.440674],[85.4791605,20.4404235],[85.4792994,20.4401865],[85.4794466,20.4399205],[85.4795523,20.4398],[85.4796787,20.4397301],[85.4797782,20.4396738],[85.4798487,20.4395534],[85.4799108,20.4393572],[85.4799979,20.4390853],[85.4801575,20.4386522],[85.4802425,20.4384347],[85.4802674,20.4383365],[85.4803026,20.4381977],[85.4802736,20.4378598],[85.4802901,20.4376636],[85.480315,20.4374655],[85.4803958,20.4372169],[85.4806259,20.4369411],[85.4808166,20.4367488],[85.4810197,20.4364536],[85.4813389,20.4360341],[85.4815918,20.4357233],[85.481884,20.4354514],[85.4821037,20.4352203],[85.4824976,20.4347444],[85.4827566,20.4343715],[85.4830199,20.4340977],[85.4834344,20.4338024],[85.4835899,20.4337286],[85.4837039,20.4336043],[85.4837702,20.433482],[85.4838635,20.433379],[85.4840396,20.4332974],[85.4841267,20.4332877],[85.4842614,20.4332217],[85.4843568,20.4331595],[85.4845267,20.4330022],[85.4847174,20.4328196],[85.4849226,20.4326273],[85.4850988,20.432472],[85.4852957,20.4323321],[85.4855568,20.4321437],[85.4857931,20.4319864],[85.485988,20.4318213],[85.4861945,20.431615]]}},{"type":"Feature","properties":{"id":1489440767,"highway":"tertiary"},"geometry":{"type":"LineString","coordinates":[[85.415878,20.4351833],[85.415777,20.4351704],[85.4156451,20.4351663],[85.4155109,20.4351663],[85.4152689,20.4351931],[85.4151479,20.4352157],[85.4150578,20.4352343],[85.4149874,20.4352487],[85.4149148,20.4352508],[85.414719,20.4352281],[85.4145276,20.4352199],[85.4143297,20.4352302],[85.4142373,20.4352508],[85.4141581,20.4352817],[85.4140701,20.435292],[85.4139711,20.4352941],[85.4138216,20.4352735],[85.4136852,20.4352467],[85.4134542,20.4351828],[85.4132585,20.435123],[85.4130275,20.4350921],[85.4128625,20.4350962],[85.4126316,20.4351168],[85.4124864,20.4351642],[85.4122796,20.4352487],[85.4120003,20.4354136],[85.4117495,20.4356053],[85.4115428,20.4357702],[85.4113228,20.4359289],[85.4112568,20.4359949],[85.4112018,20.4360897],[85.4111732,20.4362092],[85.4111622,20.4363391],[85.4111732,20.4364854],[85.4111952,20.4367204],[85.411237,20.4369265],[85.4112964,20.4370976],[85.4114086,20.4373243],[85.4115582,20.4375882],[85.4116153,20.4378066],[85.4116219,20.4379674],[85.4116131,20.4381735],[85.4115933,20.4382745],[85.4115538,20.4383261],[85.4114988,20.4383693],[85.411424,20.4383941],[85.4111996,20.4384291],[85.4109181,20.43846],[85.4106585,20.438458],[85.4105023,20.4384621],[85.4101174,20.4385095],[85.4096269,20.4385754],[85.4093409,20.4386187],[85.4092727,20.4386229],[85.4091716,20.4386167],[85.4090462,20.4385775],[85.408945,20.4385445],[85.4088328,20.438528],[85.4087052,20.4385383],[85.4085887,20.4385878],[85.4085007,20.4386806],[85.4083709,20.4388125],[85.4082785,20.4388805],[85.4081773,20.4389341],[85.4080805,20.4389753],[85.4076714,20.4390742],[85.4071875,20.4391876],[85.4071193,20.4391897],[85.4070467,20.4391711],[85.4069939,20.4391381],[85.4069016,20.4390392],[85.4067564,20.4388516],[85.4066068,20.4386661],[85.4065144,20.4385054],[85.4064198,20.4383013],[85.4063165,20.4380973],[85.4062615,20.4380107],[85.4062153,20.4379489],[85.4061471,20.4379076],[85.4060613,20.4378726],[85.4059535,20.4378685],[85.4055576,20.4378685],[85.4048229,20.4379015],[85.4042378,20.4378994],[85.4041212,20.4379159],[85.4040288,20.4379365],[85.4039717,20.4379633],[85.4039189,20.4380272],[85.4038661,20.4381715],[85.4037957,20.4383467],[85.4036813,20.4384683],[85.4035889,20.4385775],[85.4035163,20.4386641],[85.4034833,20.4387218],[85.4034679,20.4388022],[85.4034107,20.4389382],[85.4033382,20.4390207],[85.4032172,20.4390742],[85.4031292,20.4391052],[85.4030566,20.4391113],[85.4029708,20.4390907],[85.4028718,20.4390392],[85.4027971,20.4390062],[85.4027069,20.4389877],[85.4025793,20.4389856],[85.4024583,20.4390021],[85.4022933,20.4390351],[85.4021988,20.4390763],[85.4021174,20.4391299],[85.402036,20.4392103],[85.401959,20.4393154],[85.4019084,20.4394638],[85.4018006,20.43974],[85.4017588,20.4399296],[85.4017148,20.4401131],[85.4017082,20.4402615],[85.4017412,20.4403851],[85.401794,20.4404985],[85.4019524,20.4407582],[85.402124,20.4410241],[85.4022449,20.4412364],[85.4022889,20.4413703],[85.4023153,20.4415435],[85.4023373,20.4417372],[85.4023461,20.4419207],[85.4023571,20.4421185],[85.4023263,20.4423679],[85.4022581,20.4427801],[85.4022032,20.4431944]]}},{"type":"Feature","properties":{"id":1489440768,"highway":"residential"},"geometry":{"type":"LineString","coordinates":[[85.4159614,20.4369051],[85.4163978,20.4367573],[85.4169488,20.436654],[85.4171821,20.4366095],[85.4174327,20.4365326],[85.4176834,20.4364941],[85.4181241,20.4363382],[85.4183445,20.4362066]]}},{"type":"Feature","properties":{"id":1489440769,"highway":"residential"},"geometry":{"type":"LineString","coordinates":[[85.4146045,20.4363564],[85.4148141,20.4363504],[85.4150907,20.4363261],[85.4154493,20.4362754],[85.4159484,20.4362167],[85.4161106,20.4362104]]}},{"type":"Feature","properties":{"id":1489440770,"highway":"residential"},"geometry":{"type":"LineString","coordinates":[[85.4159016,20.4347525],[85.4159249,20.4348787],[85.415878,20.4351833]]}},{"type":"Feature","properties":{"id":1489441196,"highway":"tertiary"},"geometry":{"type":"LineString","coordinates":[[85.4022032,20.4431944],[85.4023469,20.4431884],[85.4024983,20.4432125],[85.4026779,20.4432582],[85.4028909,20.4433087],[85.4031013,20.4433471],[85.403245,20.4433592],[85.4033913,20.4433808],[85.403558,20.4434289],[85.4037325,20.4435202],[85.4039763,20.4436549],[85.4043124,20.4438785],[85.4044279,20.4439674],[85.4045049,20.4440227],[85.4046229,20.4440588],[85.4048,20.4440853],[85.4050488,20.4441382],[85.405308,20.4441838],[85.4057211,20.4442632],[85.4060085,20.4443449],[85.4062446,20.4444267],[85.4064447,20.4444892],[85.4067064,20.4445637],[85.4069297,20.4446286],[85.407058,20.4446479],[85.4072248,20.4446503],[85.4074198,20.444631],[85.4077277,20.444595],[85.4079432,20.4446142],[85.4081049,20.4446431],[85.408246,20.444708],[85.4083153,20.4447969],[85.4085077,20.4451816],[85.4087027,20.4455519],[85.4088079,20.4457755],[85.4088798,20.4460327],[85.4089644,20.4462852],[85.4090132,20.4464751],[85.409062,20.4469415],[85.4090748,20.4470329],[85.4091158,20.4471267],[85.4092056,20.4472301],[85.4092903,20.4473238],[85.4093545,20.4474248],[85.4093878,20.4475378],[85.4095238,20.4480138],[85.4096649,20.4485283],[85.4098112,20.4490861],[85.4098907,20.4496559],[85.4099215,20.4497689],[85.4099729,20.4498579],[85.4100216,20.4499132],[85.4101114,20.4499589],[85.41025,20.4499805],[85.4103706,20.4499925],[85.4104476,20.4500382],[85.4105066,20.4500863],[85.4105528,20.4501608],[85.410563,20.450257],[85.4105758,20.4504686],[85.4105784,20.4508821],[85.4105887,20.4509446],[85.4106349,20.4509951],[85.410699,20.4510215],[85.4108427,20.4510287],[85.4110454,20.4510119],[85.4112276,20.4509903],[85.4113662,20.4509975],[85.4115791,20.45106],[85.4117536,20.4511393],[85.4118896,20.4512331],[85.411982,20.4513365],[85.412055,20.4513214],[85.4121275,20.451317],[85.4121798,20.4512992],[85.4122392,20.4512647],[85.4123092,20.4512257],[85.4123639,20.4512035],[85.4124482,20.4511868],[85.4125456,20.4511879],[85.4126442,20.451209],[85.4127262,20.4512469],[85.4127785,20.4513025],[85.4127951,20.4513726],[85.412839,20.4515986],[85.4128901,20.4517978],[85.4129364,20.4518757],[85.4130065,20.4519391],[85.4130885,20.4520004],[85.4131978,20.4520616],[85.4133011,20.4520916],[85.4133819,20.4520994],[85.4134698,20.4520972],[85.413629,20.4520805],[85.4137359,20.452076],[85.4138297,20.4520849],[85.4139247,20.4521061],[85.4140269,20.4521373],[85.4141231,20.4521851],[85.4141944,20.4522519],[85.4142443,20.4523365],[85.4143678,20.4525758],[85.4145733,20.4529141],[85.4147586,20.4532202],[85.4149202,20.4534517],[85.4149843,20.4535162],[85.4150829,20.4535852],[85.4152468,20.4536698],[85.4155723,20.4538613],[85.4156875,20.4539458],[85.4158075,20.4540193],[85.415931,20.454046],[85.4160486,20.4540605],[85.4161354,20.4540972],[85.4162375,20.4541595],[85.4162933,20.454223],[85.4164596,20.4544344],[85.4165095,20.4544834],[85.4165701,20.4545135],[85.4166402,20.4545179],[85.4167519,20.4545157],[85.4169003,20.4544945],[85.4171379,20.4544634],[85.4172603,20.4544578],[85.4173149,20.4544678],[85.4173565,20.4544834],[85.4174254,20.4545257],[85.4174895,20.454588],[85.4175667,20.4546993],[85.4176938,20.4548997],[85.4177924,20.4550032],[85.4179041,20.45511],[85.4179932,20.4551701],[85.4181108,20.4552091],[85.4181939,20.4552213],[85.4183139,20.455228],[85.418422,20.4552224],[85.4185301,20.4552013],[85.4187819,20.4551401]]}},{"type":"Feature","properties":{"id":1489640119,"highway":"tertiary"},"geometry":{"type":"LineString","coordinates":[[85.4187819,20.4551401],[85.4189511,20.4550714],[85.4191744,20.4550329],[85.4194053,20.4550161],[85.4196157,20.4550281],[85.4198877,20.455081],[85.4200622,20.4551027],[85.4202367,20.4551003],[85.4205009,20.455057],[85.4211963,20.4549296],[85.4213041,20.4548863],[85.4214016,20.4548358],[85.421458,20.4547805],[85.4215324,20.4546615],[85.4215927,20.454559],[85.4216474,20.4544795],[85.42177,20.4543523],[85.4219378,20.4541809],[85.4220962,20.4540078],[85.4221923,20.4539018],[85.422264,20.4538134],[85.4223451,20.4536827],[85.4225959,20.4532357],[85.4226977,20.4530909],[85.4227788,20.4530255],[85.4229108,20.4529601],[85.4230673,20.4529301],[85.4232351,20.4528859],[85.4234463,20.4527993],[85.423682,20.4526951],[85.4240214,20.4525856],[85.4247229,20.4523423],[85.4258271,20.4520311],[85.4263946,20.4518641],[85.4267091,20.451759],[85.4271444,20.4516273],[85.4272575,20.4515867],[85.4274895,20.4515036],[85.4276403,20.4514383],[85.4278383,20.451327],[85.4280042,20.4512298],[85.4281909,20.4511521],[85.4284191,20.4510726],[85.4287415,20.4509754],[85.4291281,20.4508676],[85.4294562,20.4507863],[85.4297202,20.4507475],[85.430086,20.4506397],[85.4302538,20.4505743],[85.4304687,20.4504807],[85.4306083,20.4504012],[85.4307987,20.4502828],[85.4309797,20.4501591],[85.4309784,20.4498373],[85.4309476,20.4495127],[85.430922,20.4493035],[85.4308706,20.4490463],[85.4308424,20.4488972],[85.4308322,20.4487674],[85.4308245,20.4486592],[85.4308322,20.448527],[85.4308475,20.4484164],[85.4308912,20.448224],[85.4309451,20.4479668],[85.430981,20.4476374],[85.4310349,20.4472527],[85.4311144,20.4468801],[85.4311452,20.4467118],[85.4311452,20.4465411],[85.4311503,20.4462333],[85.4311606,20.445815],[85.431117,20.445375],[85.4311041,20.4450168],[85.4311016,20.4447234],[85.4310887,20.4444758],[85.4310605,20.4442233],[85.4310323,20.4439781],[85.4310246,20.4438122],[85.4310272,20.4436391],[85.4310503,20.4434516],[85.4310785,20.4432207],[85.4311324,20.4429587],[85.431154,20.4427853],[85.4311734,20.442599],[85.4311847,20.442393],[85.4312218,20.442281],[85.4313188,20.4422067],[85.4315581,20.4420583],[85.4315963,20.4420262],[85.4316114,20.4419785],[85.4316152,20.4418919],[85.4316082,20.4418105],[85.4316001,20.441717],[85.4315737,20.4414661],[85.4315548,20.4413283],[85.4315586,20.4412822],[85.4315624,20.4412364],[85.4315944,20.4411127],[85.4316661,20.4410297],[85.4318301,20.4409537],[85.4319263,20.4408971],[85.4319621,20.4408371],[85.4319753,20.4406215],[85.4323864,20.4406474],[85.4324241,20.4406498],[85.4328842,20.4406728],[85.4332594,20.4406869],[85.4334404,20.4406887],[85.433612,20.4406798],[85.4338477,20.4406516],[85.4340809,20.4406081]]}},{"type":"Feature","properties":{"id":1489642210,"highway":"residential"},"geometry":{"type":"LineString","coordinates":[[85.4316082,20.4418105],[85.431788,20.4417729],[85.4320951,20.4417456],[85.4322115,20.441732],[85.4322745,20.4417108],[85.432323,20.4416775],[85.4323537,20.4416381],[85.4323715,20.441582],[85.4323828,20.441426],[85.4323747,20.4413033],[85.4323755,20.4412398],[85.4323764,20.4411701],[85.4323699,20.4409217],[85.4323813,20.4407318],[85.4323864,20.4406474]]}},{"type":"Feature","properties":{"id":1489642211,"highway":"residential"},"geometry":{"type":"LineString","coordinates":[[85.4323828,20.441426],[85.4326948,20.441423],[85.4329777,20.4414169],[85.4332315,20.4414063],[85.4333785,20.4414048],[85.4335499,20.4413882],[85.4337827,20.4413579],[85.4339233,20.4413488],[85.4340946,20.4413427],[85.4343133,20.4413384]]}},{"type":"Feature","properties":{"id":1489642212,"highway":"residential"},"geometry":{"type":"LineString","coordinates":[[85.4315586,20.4412822],[85.4317734,20.4412837],[85.4319884,20.44127],[85.4321792,20.4412534],[85.4323755,20.4412398]]}},{"type":"Feature","properties":{"id":1489642213,"highway":"residential"},"geometry":{"type":"LineString","coordinates":[[85.4323813,20.4407318],[85.4326,20.4407467],[85.4327568,20.4407604],[85.4329104,20.4407664],[85.4330979,20.4407679],[85.4333242,20.440777],[85.4334438,20.4407816]]}},{"type":"Feature","properties":{"id":1489642214,"highway":"residential"},"geometry":{"type":"LineString","coordinates":[[85.4319753,20.4406215],[85.4319709,20.4404809],[85.4319672,20.4403908],[85.4319577,20.4403148],[85.4319238,20.4402459],[85.4318559,20.4402176],[85.4317748,20.4401646],[85.4317145,20.4401151],[85.4316674,20.4400533],[85.4316485,20.4399738],[85.4316372,20.4398766],[85.4316428,20.4397494],[85.4316391,20.4396027],[85.4316334,20.4394508],[85.4316183,20.4392441],[85.431607,20.439131]]}},{"type":"Feature","properties":{"id":1489642215,"highway":"residential"},"geometry":{"type":"LineString","coordinates":[[85.431607,20.439131],[85.4318012,20.4391186],[85.4320747,20.4391204],[85.43225,20.4390939],[85.432316,20.4390865],[85.4324084,20.4390762],[85.4325517,20.439085],[85.4327648,20.4391009],[85.4329911,20.4391062],[85.4332777,20.4391363],[85.4337,20.4391564]]}},{"type":"Feature","properties":{"id":1489642216,"highway":"residential"},"geometry":{"type":"LineString","coordinates":[[85.431607,20.439131],[85.4314302,20.4391017],[85.431307,20.4390914],[85.431219,20.4390708],[85.4311684,20.4390461],[85.4311288,20.4389863],[85.4310826,20.4388523],[85.4309793,20.4386112],[85.4308011,20.4382896],[85.4306581,20.4380877],[85.4306075,20.4380588],[85.4305481,20.4380526],[85.4302732,20.4380464]]}},{"type":"Feature","properties":{"id":1489642217,"highway":"residential"},"geometry":{"type":"LineString","coordinates":[[85.4308011,20.4382896],[85.43026,20.4384855]]}},{"type":"Feature","properties":{"id":1489642218,"highway":"residential"},"geometry":{"type":"LineString","coordinates":[[85.431607,20.439131],[85.4315798,20.438974],[85.4315688,20.4388771],[85.4315732,20.4388029],[85.4315842,20.4387081],[85.4316105,20.438605],[85.4316545,20.4385019],[85.4317073,20.4383865],[85.4317733,20.4382608],[85.4317894,20.4382128],[85.4318195,20.4381227],[85.4318349,20.4380299],[85.4318327,20.4379619],[85.4318151,20.4378506],[85.4317799,20.437661],[85.4317205,20.4373869],[85.4316897,20.437224],[85.4316699,20.4371189],[85.4316765,20.4370633],[85.4317203,20.4369296]]}},{"type":"Feature","properties":{"id":1489642219,"highway":"residential"},"geometry":{"type":"LineString","coordinates":[[85.4317894,20.4382128],[85.4320285,20.4381804],[85.4322902,20.4381495],[85.4325366,20.4381206],[85.4327258,20.4381062],[85.4329237,20.438098],[85.4331327,20.4381],[85.4335178,20.4380897]]}},{"type":"Feature","properties":{"id":1489642220,"highway":"residential"},"geometry":{"type":"LineString","coordinates":[[85.4320285,20.4381804],[85.4321187,20.4383185],[85.4321847,20.4384504],[85.432222,20.4385411],[85.432233,20.4386339],[85.4322748,20.4388977],[85.432316,20.4390865]]}},{"type":"Feature","properties":{"id":1489642221,"highway":"residential"},"geometry":{"type":"LineString","coordinates":[[85.4316428,20.4397494],[85.4321047,20.4397624],[85.4324369,20.4397652],[85.4327572,20.439754],[85.4331134,20.439754],[85.4334157,20.4397484],[85.4337939,20.4397063]]}},{"type":"Feature","properties":{"id":1489642222,"highway":"residential"},"geometry":{"type":"LineString","coordinates":[[85.4319238,20.4402459],[85.4320568,20.4402055],[85.4322783,20.4401691],[85.4325566,20.440141],[85.43285,20.4401242],[85.4331224,20.4401298]]}},{"type":"Feature","properties":{"id":1489642746,"highway":"residential"},"geometry":{"type":"LineString","coordinates":[[85.4331954,20.4373563],[85.4331021,20.4371912],[85.4330046,20.437006],[85.4329313,20.4368572],[85.4329122,20.4368185],[85.4328654,20.4366705],[85.4328295,20.4365591],[85.4327786,20.436439],[85.4327013,20.4362605],[85.4327013,20.4361669],[85.4327221,20.4360344],[85.4327277,20.4357552],[85.432739,20.4356085],[85.4327447,20.435446],[85.4327843,20.4351827],[85.4328352,20.4349459]]}},{"type":"Feature","properties":{"id":1489642747,"highway":"residential"},"geometry":{"type":"LineString","coordinates":[[85.4327013,20.4362605],[85.4324807,20.4362429],[85.4322695,20.4362252],[85.4321696,20.4362058],[85.432113,20.4361899],[85.4320357,20.4361475],[85.4319867,20.436098],[85.4318943,20.4359655],[85.4317736,20.4357799],[85.4315568,20.4354707],[85.4315511,20.4353205],[85.4315341,20.4351421],[85.4315002,20.434983],[85.4314436,20.434801],[85.4313984,20.4346208],[85.431372,20.43446],[85.431372,20.4344151],[85.431372,20.4343505],[85.4313871,20.4342197],[85.4313833,20.4341119],[85.4313795,20.4339458],[85.4313833,20.4338062],[85.4313946,20.4337038],[85.4314248,20.4336366],[85.4314587,20.4335907],[85.4315115,20.4335589],[85.4316605,20.433497],[85.4317774,20.4334299],[85.4319094,20.4333415],[85.4320244,20.4332302],[85.4320847,20.4331578],[85.432147,20.4331118],[85.4322431,20.43308],[85.4323921,20.4330447],[85.4325976,20.4329828],[85.4327353,20.432921],[85.432905,20.432822],[85.4330935,20.4327266],[85.4333292,20.4326383],[85.4335404,20.43258],[85.433695,20.4325411],[85.4337667,20.4325005],[85.4338855,20.4323997],[85.4340231,20.4322354],[85.4341099,20.4320534],[85.4341551,20.4319774],[85.4342174,20.4318961],[85.4343456,20.431829],[85.4346416,20.4316452],[85.4347906,20.4315198],[85.4350037,20.4313342]]}},{"type":"Feature","properties":{"id":1489642748,"highway":"residential"},"geometry":{"type":"LineString","coordinates":[[85.4315568,20.4354707],[85.4315192,20.4356106],[85.431495,20.4357379],[85.4314724,20.4358636],[85.4314643,20.4360454],[85.4314562,20.4361787]]}},{"type":"Feature","properties":{"id":1489642749,"highway":"residential"},"geometry":{"type":"LineString","coordinates":[[85.431372,20.4344151],[85.4311321,20.4344611],[85.4309982,20.4344805],[85.4308964,20.434484],[85.4307588,20.4344505],[85.4306626,20.4344363],[85.4305061,20.4344293],[85.4303421,20.4344293],[85.4302723,20.4344134],[85.4302402,20.4343869],[85.4301837,20.4343268],[85.4301648,20.4342738],[85.4301591,20.4342102],[85.4301799,20.4340688],[85.4302157,20.4339257]]}},{"type":"Feature","properties":{"id":1489642750,"highway":"residential"},"geometry":{"type":"LineString","coordinates":[[85.4317203,20.4369296],[85.4317396,20.4368926],[85.4317798,20.436864],[85.4318394,20.4368498],[85.4320112,20.4368459],[85.4323839,20.4368342],[85.4326098,20.4368433],[85.4327775,20.4368472],[85.4329313,20.4368572]]}},{"type":"Feature","properties":{"id":1489642751,"highway":"residential"},"geometry":{"type":"LineString","coordinates":[[85.4274648,20.4324462],[85.4275437,20.4323968],[85.4276666,20.4323423],[85.4278314,20.4322923],[85.4280206,20.4322545],[85.4281725,20.4322363],[85.4281725,20.4320757],[85.4281693,20.4319061],[85.4281677,20.4317758],[85.4281628,20.4316667],[85.4281596,20.4315592],[85.4281547,20.4314759],[85.4281612,20.4314304],[85.4281822,20.431382],[85.428221,20.4313259],[85.4282954,20.4312775]]}},{"type":"Feature","properties":{"id":1489642752,"highway":"residential"},"geometry":{"type":"LineString","coordinates":[[85.4281725,20.4322363],[85.4281646,20.4324241],[85.428162,20.4326165],[85.4281306,20.4329449]]}},{"type":"Feature","properties":{"id":1489643259,"highway":"residential"},"geometry":{"type":"LineString","coordinates":[[85.4281725,20.4322363],[85.4283102,20.4322159],[85.4284516,20.4321894],[85.4285572,20.4321718],[85.4286364,20.4321453],[85.4287081,20.4321064],[85.4288363,20.4320428],[85.4289306,20.4319915],[85.4290305,20.4319191],[85.4291286,20.4318095],[85.4292134,20.4317106],[85.4292794,20.4316664],[85.4293586,20.4316311],[85.4294435,20.4316028],[85.4295388,20.4315826],[85.4295388,20.4316826],[85.4295374,20.4317748],[85.4295139,20.4318579],[85.4294501,20.4319851],[85.4294044,20.4320773],[85.4293628,20.4321825],[85.4293476,20.4322435],[85.4293448,20.4323032],[85.4293462,20.4323851],[85.4293476,20.4324941],[85.4293642,20.4326344],[85.4294016,20.4328136],[85.4294113,20.432946],[85.4293933,20.4330473],[85.4293448,20.4332226],[85.4292492,20.4334628],[85.4292215,20.4335537],[85.4291896,20.4336381],[85.4291619,20.4337082],[85.4291564,20.433755],[85.429155,20.4338121],[85.4291688,20.4338965],[85.4291952,20.4340549],[85.4292215,20.4342484],[85.4292575,20.434325],[85.4293088,20.4343588],[85.429385,20.434373],[85.4294501,20.4343925],[85.4295153,20.434425],[85.4295554,20.4344665],[85.4295776,20.434525],[85.4296289,20.4348794],[85.4296885,20.4351521],[85.4297176,20.4354131],[85.4297716,20.4357144],[85.4297952,20.4358793],[85.4297974,20.4360212]]}},{"type":"Feature","properties":{"id":1489643378,"highway":"unclassified"},"geometry":{"type":"LineString","coordinates":[[85.4295388,20.4315826],[85.4295856,20.431444],[85.429645,20.4313347],[85.4296692,20.431275],[85.4296824,20.4312049],[85.4296824,20.4311162],[85.429689,20.4309987],[85.4297154,20.4309101],[85.429755,20.4308256],[85.4298297,20.4307617],[85.4300453,20.4306463],[85.4301047,20.4306215],[85.4301311,20.4305803],[85.4301333,20.430504],[85.4301047,20.4303721],[85.4300497,20.4301227],[85.4300431,20.4299454],[85.4300343,20.4297105],[85.4299859,20.4293786],[85.4299837,20.4291168],[85.4299859,20.4288963],[85.4299749,20.4287293],[85.4299595,20.4286015],[85.4299023,20.4285108],[85.429766,20.428416],[85.4295482,20.4282469],[85.4294844,20.4281707],[85.4294646,20.4280924],[85.4294734,20.4279831],[85.4294888,20.4278058],[85.4295416,20.4275564],[85.4295746,20.4273585],[85.4296208,20.4272617],[85.429711,20.4271071],[85.4298165,20.4269751],[85.4299309,20.4268824],[85.4299661,20.4268061],[85.4299683,20.4267133],[85.4299639,20.4265876],[85.4300123,20.4264804],[85.4300409,20.4263732],[85.4300695,20.4262516],[85.4301355,20.4261588],[85.4302279,20.4260723],[85.4302785,20.4259857],[85.4302873,20.4258641],[85.4302829,20.4257342],[85.4303159,20.4256208],[85.4303533,20.4254951],[85.4303731,20.4253859],[85.4303643,20.4252209],[85.4303555,20.4250767],[85.4303313,20.4249365]]}},{"type":"Feature","properties":{"id":1489643379,"highway":"residential"},"geometry":{"type":"LineString","coordinates":[[85.4334581,20.4377404],[85.4336362,20.4377462],[85.4338492,20.4377655],[85.4340853,20.4378039],[85.4342495,20.4378304],[85.4344291,20.4378544],[85.4345933,20.4378713],[85.4348551,20.4378833]]}},{"type":"Feature","properties":{"id":1489644489,"highway":"tertiary"},"geometry":{"type":"LineString","coordinates":[[85.4553172,20.4794958],[85.4560222,20.4793927],[85.4561333,20.4793555],[85.456226,20.479301],[85.4562868,20.4792291],[85.4564853,20.4788994],[85.4566573,20.4786441],[85.4568399,20.4783962],[85.4571389,20.4780119],[85.4572209,20.4778954],[85.4572633,20.4777987],[85.4572739,20.4776649],[85.4572871,20.4775087],[85.457303,20.4773401],[85.4573427,20.4771815],[85.4574062,20.4770377],[85.4574961,20.4769162],[85.4577211,20.4767055],[85.4578216,20.476594],[85.4578927,20.4764887],[85.4579036,20.4764725],[85.4582053,20.4759891],[85.4583059,20.4758081],[85.4583217,20.4756966],[85.4583165,20.4755999],[85.4582741,20.475471],[85.4581974,20.4752404],[85.4581736,20.4751462],[85.4581577,20.4750396],[85.4581709,20.4749107],[85.4582159,20.4742885],[85.4582344,20.4736662],[85.4582291,20.4734282],[85.4582397,20.4732968],[85.4582609,20.473158],[85.4582873,20.4730465],[85.4583667,20.4728828],[85.4584673,20.4726944],[85.4585387,20.4725358],[85.4585864,20.4723895],[85.4585864,20.4722507],[85.4585837,20.4720623],[85.4585573,20.4715764],[85.458544,20.4712293],[85.4585229,20.4709814],[85.4585096,20.4708004],[85.4585176,20.4705947],[85.458552,20.4703443],[85.4586022,20.4702129],[85.458679,20.4701038],[85.4588113,20.470022],[85.4590018,20.4699203],[85.4591103,20.4698187],[85.4592003,20.4696774],[85.4593088,20.4695014],[85.4593247,20.4693923],[85.4593008,20.4692683],[85.4592215,20.4689287],[85.4591077,20.4685643],[85.4590309,20.4682172],[85.458941,20.4680263],[85.4588404,20.4678949],[85.458634,20.4677387],[85.4584064,20.46759],[85.4580859,20.4674354],[85.4580088,20.467378],[85.4579452,20.4672994],[85.4578976,20.4671952],[85.4578727,20.4670805],[85.4578409,20.4669381],[85.4578296,20.4668084],[85.4578296,20.4666469],[85.4578727,20.4664174],[85.4579248,20.4660773],[85.4580178,20.4657543],[85.4581154,20.4654185],[85.4581335,20.4652995],[85.458129,20.4651571],[85.4581018,20.4649658],[85.4580655,20.4646152],[85.4580587,20.4645238],[85.4580859,20.4644409],[85.4581471,20.4643495],[85.458281,20.4641922],[85.4583853,20.4640605],[85.458526,20.4638458],[85.4586303,20.4636503],[85.4587437,20.4634038],[85.4587959,20.4632656],[85.4588481,20.4631912],[85.4589161,20.4631211],[85.4590023,20.4630616],[85.4591498,20.4630063],[85.4592723,20.4629553],[85.4593653,20.4628894],[85.4594288,20.4628257],[85.4594515,20.4626939],[85.4594424,20.4625048],[85.4593993,20.4621286],[85.4593471,20.461831],[85.4592995,20.4616249],[85.4592814,20.4614591],[85.4592768,20.4612869],[85.4592814,20.4611254],[85.4592836,20.4609681],[85.4592655,20.4608215],[85.4592088,20.4607004],[85.4591589,20.460558],[85.4591339,20.4604347],[85.4591226,20.4602838],[85.4591112,20.4600946],[85.4591067,20.4599097],[85.4590953,20.4596568],[85.4590885,20.4594422],[85.459118,20.4592955],[85.4592473,20.4590107],[85.4593245,20.4588789],[85.4593698,20.458745],[85.4594175,20.458575],[85.4594107,20.4584475],[85.4593585,20.4582987],[85.4592156,20.457965],[85.4591067,20.4576717],[85.459052,20.4574974]]}},{"type":"Feature","properties":{"id":1489653931,"highway":"unclassified"},"geometry":{"type":"LineString","coordinates":[[85.4578927,20.4764887],[85.458015,20.4764976],[85.4581184,20.4764991],[85.4582134,20.4764866],[85.4582984,20.4764835],[85.4583984,20.4764913],[85.4585235,20.4765179],[85.4586585,20.4765304],[85.4587685,20.4765444],[85.4588935,20.476546],[85.4590202,20.4765382],[85.4591152,20.4765366],[85.4592203,20.4765397],[85.4593053,20.4765491],[85.4594003,20.4765757],[85.4595687,20.4766225],[85.4598387,20.4767334],[85.4601588,20.4768692],[85.4602755,20.4769192],[85.4603438,20.4769348],[85.4604288,20.4769473],[85.4605155,20.4769426],[85.4606772,20.4769052],[85.4609123,20.4768646],[85.461104,20.4768302],[85.4612923,20.4768255],[85.4614724,20.4768193],[85.4616558,20.4768552],[85.4619775,20.4769426],[85.4623709,20.4770395],[85.4627193,20.4771129],[85.4627943,20.4771441],[85.462866,20.4771909],[85.4629027,20.4772597],[85.4629427,20.4773565],[85.4629827,20.4774236],[85.4630327,20.4774517],[85.4630994,20.477458],[85.4634044,20.4774033],[85.4641029,20.4772425],[85.4646063,20.4771285],[85.4649981,20.4770395],[85.4654415,20.4769598],[85.4657682,20.476927],[85.466005,20.4768942],[85.4661917,20.4768505],[85.4663,20.4768146],[85.4663917,20.4767662],[85.4664367,20.47671],[85.4664517,20.4766584],[85.4664384,20.4765991],[85.4664067,20.4765304],[85.4662867,20.4762852],[85.46625,20.4761415],[85.4662517,20.4760416],[85.4662667,20.4759619],[85.4663067,20.4758713],[85.4664851,20.4755637],[85.4666851,20.475192],[85.4667901,20.4749874],[85.4668668,20.4748656],[85.4670235,20.4746329],[85.4672152,20.474394],[85.4674686,20.4741066],[85.4677286,20.4738552],[85.4677887,20.4737709],[85.4678403,20.473674],[85.467862,20.4735491],[85.4678737,20.4734757],[85.4678837,20.4733383],[85.4678837,20.4732789],[85.4678653,20.4732289],[85.4678253,20.4731712],[85.467657,20.4729853],[85.4675603,20.472876],[85.4675319,20.4728182],[85.4675203,20.4727589],[85.4675153,20.4726823],[85.4675386,20.4725621],[85.4675719,20.4723403],[85.4676003,20.4721092],[85.4676136,20.4718999],[85.467622,20.4716969],[85.4676053,20.4715282],[85.4675803,20.4713502],[85.4675186,20.4709223],[85.4674669,20.470574],[85.4674603,20.4704475],[85.4674703,20.4703398],[85.4675053,20.4702258],[85.4675503,20.4701305],[85.4675936,20.4700696],[85.4676703,20.4700134],[85.4678203,20.4699571],[85.4680137,20.4698884],[85.4681721,20.4698228],[85.4683338,20.4697244],[85.4685171,20.4695886],[85.4686605,20.4694667],[85.4687755,20.4693559],[85.4688505,20.4692762],[85.4689139,20.4691997],[85.4689539,20.4691122],[85.4689906,20.4689654],[85.4690356,20.4688405],[85.4691073,20.4686812],[85.4692189,20.4684735],[85.469369,20.4682002],[85.4694757,20.4680518],[85.4695657,20.4679659],[85.469734,20.4678488],[85.4699158,20.467741],[85.4700791,20.4676457],[85.4701625,20.467588],[85.4702175,20.4675286],[85.4702592,20.4674568],[85.4702892,20.4673709],[85.4703675,20.4670679]]}},{"type":"Feature","properties":{"id":1489653932,"highway":"unclassified"},"geometry":{"type":"LineString","coordinates":[[85.4703675,20.4670679],[85.4704044,20.4667814],[85.4704384,20.4664839],[85.4704951,20.4661608],[85.4705541,20.4659377],[85.4705962,20.4658416],[85.4706462,20.4657807],[85.4707395,20.4657292],[85.4708562,20.4656933],[85.4710379,20.4656495],[85.471218,20.4655933],[85.4713663,20.4655105],[85.471443,20.4654496],[85.471478,20.4654012],[85.471503,20.4653403],[85.471508,20.4652653],[85.4714947,20.4652029],[85.4714697,20.4651216],[85.471288,20.4648764],[85.4710196,20.4645016],[85.4708846,20.464322],[85.4707879,20.4642033],[85.4706762,20.4640955],[85.4704878,20.4639456],[85.4703561,20.4638254],[85.4702494,20.463716],[85.4701728,20.4636083],[85.4700861,20.4634568],[85.4699094,20.4630819],[85.469801,20.462868],[85.4697543,20.4627867]]}},{"type":"Feature","properties":{"id":1489653933,"highway":"unclassified"},"geometry":{"type":"LineString","coordinates":[[85.4697543,20.4627867],[85.4696579,20.4627185],[85.4695043,20.4626274],[85.4694401,20.4625801],[85.4694031,20.4625345],[85.4693837,20.4624726],[85.4693681,20.4624052],[85.469372,20.4623086],[85.4694284,20.4620827],[85.4695743,20.461578],[85.4696637,20.4611772],[85.4697376,20.4608019],[85.4697746,20.4606033],[85.4698057,20.4604083],[85.4698212,20.4602389],[85.4698348,20.4598818],[85.4698562,20.4595848],[85.469864,20.4593097],[85.469866,20.4592059],[85.4698815,20.4590692],[85.4699146,20.4589071],[85.4699554,20.4586939],[85.470006,20.4585026],[85.4700468,20.4583186],[85.4700838,20.4581528],[85.4701265,20.4579651],[85.4701635,20.4578613],[85.4702277,20.4577137],[85.4702899,20.4576044],[85.4703754,20.4575151],[85.4705018,20.4573894],[85.4706321,20.4572928],[85.4707663,20.4571653],[85.4708713,20.4570305],[85.4709472,20.4569066],[85.4710094,20.4567699],[85.4710638,20.4566132],[85.4711183,20.4564912],[85.4712,20.4563563],[85.4713108,20.4562142],[85.471408,20.456094],[85.4714936,20.4559901],[85.471548,20.4558917],[85.4715869,20.455797],[85.47162,20.455684],[85.4716219,20.4555656],[85.4716161,20.4554308],[85.4715869,20.4553305],[85.4715267,20.4552722],[85.4714178,20.4552212],[85.4713205,20.4551739],[85.4712311,20.4551265],[85.4711708,20.4550372],[85.47113,20.4549461],[85.4711066,20.4548477],[85.4711047,20.4547293],[85.4711338,20.4540552],[85.4711397,20.4538638],[85.4711319,20.4537509],[85.4710969,20.4536561],[85.4710386,20.4535723],[85.4709122,20.4534484],[85.4708188,20.4533391],[85.4707527,20.4532316],[85.4707255,20.4531533],[85.4707041,20.4530567],[85.4706866,20.4529237],[85.4706808,20.4527506],[85.4706769,20.4525465],[85.4706963,20.4524226],[85.4707371,20.4523188],[85.4707974,20.4521949],[85.4709413,20.4520327],[85.4712525,20.451661],[85.4715339,20.4513536],[85.4716044,20.4512766],[85.4718222,20.4510087],[85.4719292,20.4508684],[85.4720284,20.4507336],[85.4720964,20.4506243],[85.472182,20.4504366],[85.47225,20.4502289],[85.4723317,20.4499374],[85.4723706,20.4497406],[85.4723959,20.449562],[85.4723998,20.4493233],[85.4723823,20.4490118],[85.4723816,20.4489137],[85.4723803,20.4487384],[85.4723842,20.4484815],[85.4723881,20.4483194],[85.4723959,20.4481062],[85.4724273,20.4479248],[85.4724426,20.4478365],[85.4725262,20.4474357],[85.4725406,20.4473589],[85.4725889,20.4471008]]}},{"type":"Feature","properties":{"id":1489653934,"highway":"residential"},"geometry":{"type":"LineString","coordinates":[[85.4715267,20.4552722],[85.4716642,20.4552365],[85.4718781,20.4551946],[85.4719364,20.4551071],[85.4720181,20.4549541],[85.4720959,20.4548265],[85.4722534,20.4546662],[85.4724109,20.4545332],[85.472652,20.4542836],[85.4727609,20.4541834],[85.4729048,20.4540813],[85.473004,20.4540121],[85.4731615,20.4538554],[85.4733579,20.4536568],[85.4735426,20.4534728],[85.4736593,20.4533598],[85.4737643,20.4532341],[85.4738518,20.4531375],[85.4739491,20.4530464],[85.4740502,20.4529699],[85.474231,20.4528679],[85.4745597,20.4527385],[85.475003,20.4525745],[85.4753745,20.4524579],[85.4756545,20.452396],[85.4758664,20.4523249],[85.4760842,20.4522393],[85.4763195,20.4521336],[85.4766248,20.4519714],[85.4771013,20.4516744],[85.477393,20.4515287],[85.4775757,20.4514639],[85.4775758,20.4513009],[85.4775738,20.4511643],[85.477603,20.4510477],[85.4776652,20.4509456],[85.4777741,20.4508618],[85.4778791,20.4507598],[85.4779238,20.4506669],[85.4779394,20.4505776],[85.4779472,20.4504555],[85.4779336,20.4503462],[85.4779005,20.4502642],[85.477848,20.4501713],[85.4777547,20.4500656],[85.4776049,20.4499144],[85.4774435,20.4497704],[85.477251,20.4496392],[85.4771227,20.4495736],[85.477041,20.4495007],[85.4769846,20.4494188],[85.4768718,20.4492347],[85.4766229,20.4487774],[85.4763195,20.4483383],[85.476092,20.4479921],[85.4758198,20.447553],[85.4755942,20.4472414],[85.4753725,20.4469407],[85.4751817,20.4466507]]}},{"type":"Feature","properties":{"id":1489653935,"highway":"residential"},"geometry":{"type":"LineString","coordinates":[[85.4758198,20.447553],[85.4760818,20.4474923],[85.4770459,20.4473371],[85.4779328,20.4472202]]}},{"type":"Feature","properties":{"id":1489653936,"highway":"residential"},"geometry":{"type":"LineString","coordinates":[[85.4770459,20.4473371],[85.477123,20.4477006],[85.4781688,20.4475156]]}},{"type":"Feature","properties":{"id":1489653937,"highway":"residential"},"geometry":{"type":"LineString","coordinates":[[85.477123,20.4477006],[85.4762565,20.4478408]]}},{"type":"Feature","properties":{"id":1489653938,"highway":"residential"},"geometry":{"type":"LineString","coordinates":[[85.4723803,20.4487384],[85.472105,20.4487027],[85.4717875,20.4486679],[85.4711524,20.4486357],[85.4704882,20.4486134],[85.4698425,20.4485787],[85.4694747,20.4485415]]}},{"type":"Feature","properties":{"id":1489653939,"highway":"residential"},"geometry":{"type":"LineString","coordinates":[[85.4717875,20.4486679],[85.4718245,20.4482737],[85.4718669,20.447882],[85.4721474,20.4478944],[85.4724273,20.4479248]]}},{"type":"Feature","properties":{"id":1489653940,"highway":"residential"},"geometry":{"type":"LineString","coordinates":[[85.4717875,20.4486679],[85.4717319,20.4490647],[85.4717055,20.4492159],[85.4716605,20.4493994],[85.4716208,20.4494564],[85.4715546,20.4494837],[85.4714276,20.4494837],[85.470467,20.4494415],[85.4701045,20.4494291],[85.4699537,20.4494217],[85.4696917,20.4493994],[85.469353,20.4493374]]}},{"type":"Feature","properties":{"id":1489653941,"highway":"residential"},"geometry":{"type":"LineString","coordinates":[[85.4717055,20.4492159],[85.4713641,20.449206],[85.4707025,20.4491663],[85.469779,20.4491167]]}},{"type":"Feature","properties":{"id":1489653942,"highway":"residential"},"geometry":{"type":"LineString","coordinates":[[85.4715339,20.4513536],[85.4714597,20.4511961],[85.471373,20.4509743],[85.4712813,20.4507228],[85.4712363,20.4505604],[85.4712129,20.4504589],[85.4711929,20.4504105],[85.4711563,20.4503917],[85.4710779,20.4503886],[85.4705845,20.4504042],[85.4702461,20.4503855],[85.470001,20.4503417],[85.469796,20.4503183],[85.4694993,20.4503214],[85.4692509,20.4503214],[85.4692025,20.4503058],[85.4691809,20.4502714],[85.4691709,20.450223],[85.4691659,20.4501168],[85.4691716,20.450005],[85.4691759,20.44992],[85.4692225,20.4497404],[85.469244,20.4496655],[85.4692709,20.4495717],[85.469353,20.4493374]]}},{"type":"Feature","properties":{"id":1489653943,"highway":"residential"},"geometry":{"type":"LineString","coordinates":[[85.469244,20.4496655],[85.4689858,20.4496576],[85.4683524,20.4496701],[85.4680773,20.4496717]]}},{"type":"Feature","properties":{"id":1489653944,"highway":"residential"},"geometry":{"type":"LineString","coordinates":[[85.4680773,20.4496717],[85.4680406,20.4493358]]}},{"type":"Feature","properties":{"id":1489653945,"highway":"residential"},"geometry":{"type":"LineString","coordinates":[[85.4680773,20.4496717],[85.4680973,20.4499153],[85.468107,20.4500188],[85.468119,20.4501481],[85.468139,20.4504479],[85.468169,20.450601],[85.4681923,20.4506979],[85.4682173,20.4507869],[85.4682557,20.4508447],[85.468309,20.4509197],[85.4683959,20.4510492],[85.4684594,20.4512426],[85.4685071,20.4514742],[85.4685184,20.4516273],[85.4685116,20.4517463],[85.4685116,20.4518441],[85.4685275,20.451944],[85.468591,20.452148],[85.4686568,20.4523648],[85.4687021,20.4525752],[85.4687452,20.4527198],[85.4687883,20.4527644],[85.468836,20.4527665],[85.4689653,20.4527176],[85.4692276,20.4525938],[85.4693475,20.4525408],[85.4694721,20.4525183],[85.4695757,20.4525389],[85.4696734,20.4525548],[85.4697638,20.4525667],[85.4699611,20.4525689],[85.4702764,20.4525604],[85.4706769,20.4525465]]}},{"type":"Feature","properties":{"id":1489653946,"highway":"residential"},"geometry":{"type":"LineString","coordinates":[[85.4692225,20.4497404],[85.4696111,20.4497777],[85.4700466,20.4498096]]}},{"type":"Feature","properties":{"id":1489653947,"highway":"residential"},"geometry":{"type":"LineString","coordinates":[[85.469353,20.4493374],[85.4693971,20.4491674],[85.4694458,20.4489615],[85.469471,20.4487775],[85.4694747,20.4485415]]}},{"type":"Feature","properties":{"id":1489653948,"highway":"residential"},"geometry":{"type":"LineString","coordinates":[[85.4694747,20.4485415],[85.4694885,20.4482455],[85.4695138,20.4480013],[85.4695819,20.4475768]]}},{"type":"Feature","properties":{"id":1489653949,"highway":"residential"},"geometry":{"type":"LineString","coordinates":[[85.4695819,20.4475768],[85.4697219,20.4475658],[85.4699864,20.4475895],[85.4702411,20.4476278],[85.4704997,20.447697],[85.4706923,20.447759],[85.4708459,20.4478045],[85.4710267,20.4478355],[85.4711687,20.4478519],[85.4714137,20.4478647],[85.4718669,20.447882]]}},{"type":"Feature","properties":{"id":1489653950,"highway":"residential"},"geometry":{"type":"LineString","coordinates":[[85.4695819,20.4475768],[85.4696694,20.4474365],[85.469755,20.4472852],[85.4698191,20.4471267],[85.4698852,20.4469409],[85.4699552,20.4467447],[85.4700219,20.4465578]]}},{"type":"Feature","properties":{"id":1489653951,"highway":"residential"},"geometry":{"type":"LineString","coordinates":[[85.4699552,20.4467447],[85.4701069,20.4467951],[85.4703306,20.4468625],[85.4705522,20.4469336],[85.4708089,20.4470028],[85.4710189,20.4470502],[85.4711687,20.4470903],[85.4714623,20.4471504],[85.4715304,20.4471723],[85.4716159,20.4472142],[85.4717112,20.4472451],[85.4718182,20.4472634],[85.472034,20.4473016],[85.4722596,20.4473417],[85.4724035,20.4473526],[85.4725406,20.4473589]]}},{"type":"Feature","properties":{"id":1489653952,"highway":"residential"},"geometry":{"type":"LineString","coordinates":[[85.4692005,20.4462631],[85.469126,20.4464493],[85.4689763,20.4468213],[85.4688311,20.4471358],[85.4687427,20.4473399],[85.4690308,20.4474185],[85.4693121,20.4475142],[85.4695819,20.4475768]]}},{"type":"Feature","properties":{"id":1489653953,"highway":"residential"},"geometry":{"type":"LineString","coordinates":[[85.4687427,20.4473399],[85.4685521,20.4472846],[85.4683457,20.4472251],[85.468196,20.4471826],[85.4680032,20.447121],[85.4677763,20.4470359],[85.4673725,20.4468808]]}},{"type":"Feature","properties":{"id":1489653954,"highway":"residential"},"geometry":{"type":"LineString","coordinates":[[85.4677763,20.4470359],[85.4679192,20.4467596],[85.468103,20.4463579],[85.4682861,20.445935]]}},{"type":"Feature","properties":{"id":1489653955,"highway":"tertiary"},"geometry":{"type":"LineString","coordinates":[[85.4644471,20.4450078],[85.4644332,20.4447513],[85.464431,20.4446131],[85.464431,20.4445153],[85.46444,20.4443984]]}},{"type":"Feature","properties":{"id":1489653956,"highway":"tertiary"},"geometry":{"type":"LineString","coordinates":[[85.46444,20.4443984],[85.4642303,20.4443786],[85.4641732,20.4443612],[85.4641217,20.4443197],[85.4641103,20.4442808],[85.4640717,20.4440894],[85.4640431,20.4438122],[85.4640417,20.4436729],[85.464066,20.4435591],[85.4641146,20.4434105],[85.4641231,20.4432766],[85.4641217,20.4431828],[85.4641031,20.4430985],[85.4640574,20.4429967],[85.4639917,20.4428467],[85.4639317,20.4427195],[85.4639074,20.4425816],[85.4638874,20.442354],[85.4638716,20.4422147],[85.4638402,20.4420902],[85.4638088,20.441967],[85.463783,20.4418599],[85.4637773,20.4417943],[85.4637788,20.441722],[85.4637973,20.4416577],[85.4638874,20.4415144],[85.4640889,20.4412145],[85.4642303,20.4409587],[85.4642775,20.4408676],[85.4642918,20.4407753],[85.4643018,20.4406962],[85.4643461,20.4406186],[85.4644061,20.4405556],[85.4646219,20.4403776],[85.4647133,20.4403173],[85.4647619,20.4402678],[85.4648077,20.4401887],[85.4648334,20.4400736],[85.4648384,20.4399503],[85.4648372,20.4398607],[85.4648494,20.4397804],[85.4648825,20.4396461],[85.4648972,20.4395519],[85.4649095,20.4394716],[85.4649131,20.4393855],[85.4649058,20.4392615],[85.4649082,20.439172],[85.4649205,20.4390882],[85.4649499,20.438986],[85.4649866,20.4389034],[85.4650405,20.438815],[85.4651851,20.4386394],[85.4655036,20.4382342],[85.4656726,20.4380126],[85.4657314,20.4379495],[85.465865,20.4378243],[85.4663109,20.4374478],[85.4665571,20.4372309],[85.4666943,20.4371218],[85.4668242,20.4370208],[85.4669565,20.4369519],[85.4670839,20.4368934],[85.4672358,20.4368257],[85.4674073,20.4367545],[85.4675126,20.4367028],[85.467591,20.4366443],[85.4677013,20.436541],[85.4677809,20.4364503],[85.467874,20.4363229],[85.4679365,20.4362207],[85.4679953,20.4361048],[85.4680651,20.4359808],[85.4681202,20.4358993],[85.4681729,20.4358293],[85.4682329,20.4357822],[85.4683248,20.4357374],[85.4684914,20.4356697],[85.4686972,20.4355928],[85.468832,20.4355285],[85.4689741,20.4354562],[85.4691885,20.4353334],[85.4692436,20.435292],[85.469262,20.4352668],[85.4692779,20.4352266],[85.4692963,20.43516],[85.4693257,20.4349775],[85.4693587,20.434927],[85.4694065,20.4349017],[85.4695241,20.4348926],[85.4697471,20.4349086],[85.4698267,20.4349213],[85.4698757,20.4349454],[85.4699014,20.4349798],[85.4699419,20.4350475],[85.4700056,20.435121],[85.4700742,20.4351864],[85.4701305,20.4352266],[85.4702028,20.435261],[85.4702751,20.435276],[85.4703841,20.4352874],[85.4704686,20.4352874],[85.4705727,20.4352874],[85.4706977,20.4352702],[85.4708753,20.4352335],[85.4711069,20.4351646],[85.4713506,20.4351015],[85.4714976,20.43509],[85.4716348,20.4350831],[85.4717463,20.4350877],[85.4718333,20.4351061],[85.4719864,20.435152],[85.4722143,20.4352278],[85.4723784,20.4352679],[85.4726014,20.4353058],[85.4728684,20.4353345],[85.4730301,20.4353552],[85.4732654,20.4353931],[85.4735606,20.4354332],[85.4737431,20.4354516],[85.4740677,20.435517],[85.4742846,20.4355836],[85.4743618,20.4356249],[85.4743814,20.4356754],[85.4743814,20.4357282],[85.4743373,20.4357983],[85.4742405,20.4359728],[85.4740763,20.4362],[85.4739979,20.4363275],[85.4739293,20.4364641],[85.4738056,20.4367028],[85.4736353,20.436976],[85.4735447,20.4371115],[85.4734871,20.4372056],[85.4734087,20.4373445],[85.4733474,20.4374777],[85.4732874,20.4376028],[85.4732151,20.4377256],[85.4729419,20.4381067],[85.4728441,20.4382627],[85.4727297,20.4383605],[85.4726197,20.4384247],[85.4725082,20.438489],[85.4724168,20.4385319],[85.4722996,20.4385787],[85.4721896,20.4386256],[85.4720695,20.4387033],[85.4719824,20.4388077],[85.4720767,20.4388974],[85.4721481,20.4390139],[85.4722053,20.4391425],[85.4722696,20.4392469],[85.4723468,20.4393487],[85.4724582,20.4394933],[85.4725711,20.4396192],[85.4726797,20.4397143],[85.4727426,20.4397826],[85.4727869,20.4398857],[85.4728155,20.4400303],[85.4727955,20.4402218],[85.4728055,20.4403369],[85.4728255,20.4404896],[85.4728569,20.4406208],[85.4729441,20.4408136],[85.4729727,20.4409475],[85.4729727,20.4410319],[85.4729398,20.4411176],[85.4728726,20.4411845],[85.4726983,20.4413251],[85.4726526,20.4413774],[85.4726183,20.4414336],[85.4725911,20.4415046],[85.472564,20.4416331],[85.472484,20.441992],[85.472474,20.4420777],[85.4724639,20.4421982],[85.4724625,20.4423629],[85.4724797,20.4426602],[85.4725111,20.4428168],[85.4725268,20.4429012],[85.472524,20.4429762],[85.472514,20.4430552],[85.4724711,20.4431583],[85.4723725,20.4433538],[85.4722896,20.4434904],[85.4722124,20.4436162],[85.4721381,20.4437059],[85.4720595,20.4437849],[85.4720009,20.4438626],[85.4719566,20.4439376],[85.4718952,20.4440688],[85.471838,20.4442241],[85.4717623,20.4443942]]}},{"type":"Feature","properties":{"id":1489653957,"highway":"tertiary"},"geometry":{"type":"LineString","coordinates":[[85.4717623,20.4443942],[85.471667,20.4445101],[85.4715641,20.4446426],[85.4714827,20.4447538],[85.4714012,20.4449144],[85.4712769,20.4451113],[85.4712126,20.445205],[85.4711754,20.4452559],[85.4711054,20.4453041],[85.4710339,20.4453469],[85.4709754,20.4454045],[85.4709596,20.4454634],[85.4709482,20.4455531],[85.4709425,20.4456589],[85.4709139,20.4457071],[85.4708682,20.445754],[85.4708067,20.4457928],[85.4706567,20.4458611],[85.4704595,20.4459455],[85.4703237,20.4460057],[85.4701451,20.4460539],[85.4700708,20.4460807],[85.4700193,20.4461169],[85.4699908,20.446149],[85.4699693,20.4462226],[85.4698974,20.4465131]]}},{"type":"Feature","properties":{"id":1489669277,"highway":"residential"},"geometry":{"type":"LineString","coordinates":[[85.4683767,20.4459675],[85.4684193,20.4458695],[85.4684536,20.4458109],[85.4685296,20.4457444],[85.4686692,20.4456101],[85.4687709,20.4454987],[85.4688603,20.4453954],[85.469,20.4452427],[85.4690465,20.4451704],[85.4690833,20.4451027]]}},{"type":"Feature","properties":{"id":1489676550,"highway":"residential"},"geometry":{"type":"LineString","coordinates":[[85.4674734,20.4456434],[85.4675082,20.4455134],[85.4675415,20.4453681],[85.4675732,20.4452103],[85.4676065,20.4449635],[85.4677299,20.4449588],[85.4678949,20.4449698],[85.4680333,20.4449854],[85.46813,20.444987],[85.4681866,20.4449807],[85.4682566,20.4449526],[85.468295,20.4449385],[85.4683367,20.4449354],[85.4684067,20.4449432],[85.4685817,20.444987],[85.4687167,20.4450182],[85.4688734,20.4450463],[85.4690833,20.4451027]]}},{"type":"Feature","properties":{"id":1489676551,"highway":"residential"},"geometry":{"type":"LineString","coordinates":[[85.4666213,20.4454029],[85.466633,20.4452353],[85.466638,20.4448714],[85.466638,20.4445324],[85.466648,20.4443544],[85.4666647,20.4441903],[85.4666847,20.4440076],[85.4667147,20.443817],[85.466768,20.4435843],[85.466858,20.4432563],[85.466908,20.4430501],[85.4669433,20.4428915],[85.4670918,20.4429194],[85.4673065,20.4429689],[85.4678182,20.4431157],[85.4679849,20.4431625],[85.4684133,20.443275],[85.4688151,20.4434078],[85.4695319,20.4435874],[85.4698553,20.4436655],[85.470127,20.4437264]]}},{"type":"Feature","properties":{"id":1489676552,"highway":"residential"},"geometry":{"type":"LineString","coordinates":[[85.4666647,20.4441903],[85.4669664,20.4442028],[85.4671731,20.444206],[85.4674281,20.4442122],[85.4675982,20.4442138],[85.4678016,20.4442247],[85.4677365,20.4443793],[85.4676799,20.4445512],[85.4676399,20.444648],[85.4676282,20.4447245],[85.4676115,20.4448183],[85.4676065,20.4449635]]}},{"type":"Feature","properties":{"id":1489676553,"highway":"residential"},"geometry":{"type":"LineString","coordinates":[[85.4678016,20.4442247],[85.4678349,20.4441716],[85.4678525,20.4441272],[85.4678666,20.4440919],[85.4678882,20.4440263],[85.4678899,20.4439373],[85.4678799,20.4438373],[85.4678616,20.443753],[85.4678532,20.4436858],[85.4678716,20.4435968],[85.4679099,20.4434453],[85.4679849,20.4431625]]}},{"type":"Feature","properties":{"id":1489676554,"highway":"residential"},"geometry":{"type":"LineString","coordinates":[[85.46444,20.4443984],[85.4645514,20.4443336],[85.4647034,20.4442656],[85.4647964,20.4442401],[85.4649393,20.4442549],[85.4650936,20.4443166],[85.4652365,20.4444377],[85.4653658,20.4445823],[85.4654452,20.4446503],[85.4655518,20.4446971],[85.465672,20.4447247]]}},{"type":"Feature","properties":{"id":1489676555,"highway":"residential"},"geometry":{"type":"LineString","coordinates":[[85.4647964,20.4442401],[85.4648781,20.4441487],[85.4649847,20.4440148],[85.4651095,20.4438362],[85.4651843,20.4437151],[85.4655019,20.4438405],[85.4657809,20.4439552],[85.46601,20.4440573],[85.4661416,20.4441062],[85.4663072,20.444155],[85.4664478,20.4441763],[85.4666647,20.4441903]]}},{"type":"Feature","properties":{"id":1489676556,"highway":"residential"},"geometry":{"type":"LineString","coordinates":[[85.4651843,20.4437151],[85.4651208,20.4436407],[85.4650165,20.4435174],[85.4649461,20.4434175],[85.4649076,20.4433325],[85.464903,20.4432708],[85.4649257,20.443207],[85.4649915,20.4431582],[85.4651049,20.4431369],[85.4652161,20.4431433],[85.4653182,20.44319],[85.4653976,20.4432028],[85.4654747,20.4432007],[85.4655473,20.4431837],[85.465638,20.4431348],[85.4657446,20.4430731],[85.465883,20.4430179],[85.4660509,20.4429626]]}},{"type":"Feature","properties":{"id":1489676557,"highway":"residential"},"geometry":{"type":"LineString","coordinates":[[85.466638,20.4448714],[85.4668082,20.4448772],[85.467026,20.4448918],[85.4672905,20.444921],[85.4674597,20.4449483],[85.4676065,20.4449635]]}},{"type":"Feature","properties":{"id":1489676558,"highway":"residential"},"geometry":{"type":"LineString","coordinates":[[85.4690833,20.4451027],[85.4691038,20.4450003],[85.4691083,20.4449153],[85.4691038,20.4448069],[85.4690721,20.4446432],[85.4690221,20.44442],[85.4689586,20.444233]]}},{"type":"Feature","properties":{"id":1489676559,"highway":"residential"},"geometry":{"type":"LineString","coordinates":[[85.4678525,20.4441272],[85.4679762,20.4441375],[85.4681676,20.4441522],[85.4684306,20.444187],[85.4685463,20.4442018],[85.4686492,20.4442125],[85.4687964,20.4442245],[85.4689586,20.444233]]}},{"type":"Feature","properties":{"id":1489676560,"highway":"residential"},"geometry":{"type":"LineString","coordinates":[[85.4689586,20.444233],[85.4690794,20.4442125],[85.4691865,20.4441964],[85.4693094,20.444175],[85.4693937,20.4441683],[85.4695009,20.4441589],[85.4695824,20.4441723],[85.469691,20.4442111],[85.4697896,20.4442701],[85.4698896,20.4443343],[85.4699382,20.4443906],[85.4699568,20.4444696],[85.4699511,20.4446222],[85.4699139,20.4447213],[85.4698653,20.4447976],[85.4698325,20.4448539],[85.469811,20.4449114],[85.4698039,20.4449704],[85.4697953,20.4451351],[85.4697867,20.445194],[85.4697553,20.4452475],[85.4695967,20.4454859],[85.4694738,20.445672],[85.4693966,20.4457965],[85.469338,20.4459478],[85.4692005,20.4462631]]}},{"type":"Feature","properties":{"id":1489676561,"highway":"residential"},"geometry":{"type":"LineString","coordinates":[[85.4697953,20.4451351],[85.4699865,20.4451399],[85.4701531,20.4451537],[85.4702781,20.4451778],[85.470381,20.4451846],[85.470479,20.4451927],[85.4705843,20.4452088],[85.4706725,20.4452225],[85.4707656,20.445234]]}},{"type":"Feature","properties":{"id":1489682246,"highway":"residential"},"geometry":{"type":"LineString","coordinates":[[85.4744905,20.4468039],[85.4744994,20.4468969],[85.4744836,20.4469692],[85.4744563,20.4470372],[85.4743452,20.4471987],[85.4742227,20.4474219],[85.474107,20.447694],[85.4738734,20.448202],[85.4737622,20.4484443],[85.4736873,20.4486292],[85.473651,20.4487737],[85.473617,20.4489502],[85.4736113,20.4490164],[85.4735989,20.4491584],[85.4735717,20.4493434],[85.4735467,20.4494922],[85.4735059,20.4496728],[85.4734628,20.4498832],[85.473465,20.4499534],[85.4735104,20.449981],[85.4736011,20.4499853],[85.4737962,20.4499534],[85.4740957,20.4498854],[85.474318,20.4498152],[85.4744632,20.4497685],[85.4746333,20.4497068],[85.474808,20.4496579],[85.474935,20.4496346],[85.4750892,20.4496239],[85.4752276,20.4496239],[85.4753365,20.4496091],[85.4755747,20.449524]]}},{"type":"Feature","properties":{"id":1489682247,"highway":"residential"},"geometry":{"type":"LineString","coordinates":[[85.473465,20.4499534],[85.4734469,20.450134],[85.4734401,20.4502446],[85.4733993,20.4503317],[85.4733176,20.4504167]]}},{"type":"Feature","properties":{"id":1489682248,"highway":"residential"},"geometry":{"type":"LineString","coordinates":[[85.4723816,20.4489137],[85.4725795,20.4489047],[85.4727778,20.4489102],[85.4730131,20.448932],[85.4732776,20.4489666],[85.4736113,20.4490164]]}},{"type":"Feature","properties":{"id":1489682249,"highway":"residential"},"geometry":{"type":"LineString","coordinates":[[85.4736873,20.4486292],[85.4733437,20.4485858],[85.4730462,20.4485567],[85.4727331,20.4485257],[85.4723842,20.4484815]]}},{"type":"Feature","properties":{"id":1489682250,"highway":"residential"},"geometry":{"type":"LineString","coordinates":[[85.4691716,20.450005],[85.4688078,20.4499972],[85.4683547,20.4500009],[85.468107,20.4500188]]}},{"type":"Feature","properties":{"id":1489682251,"highway":"residential"},"geometry":{"type":"LineString","coordinates":[[85.4707974,20.4521949],[85.4705644,20.4521218],[85.4702961,20.4520544],[85.4700608,20.4520143],[85.4698352,20.4519979],[85.4695435,20.4519852],[85.4694852,20.4517301],[85.4694093,20.4514039],[85.4693121,20.4510796],[85.4692032,20.4507024],[85.4691837,20.4505585],[85.4691857,20.4504218],[85.4692025,20.4503058]]}},{"type":"Feature","properties":{"id":1489682252,"highway":"residential"},"geometry":{"type":"LineString","coordinates":[[85.4695757,20.4525389],[85.4695699,20.4523717],[85.4695679,20.4521531],[85.4695435,20.4519852]]}},{"type":"Feature","properties":{"id":1489682253,"highway":"residential"},"geometry":{"type":"LineString","coordinates":[[85.4717623,20.4443942],[85.4719359,20.4444436],[85.4722467,20.4445265],[85.4725076,20.4445945],[85.4726641,20.4446285],[85.4727889,20.4446498],[85.4729159,20.4446519],[85.4730611,20.4446519],[85.4732017,20.444654],[85.4733787,20.4446626]]}},{"type":"Feature","properties":{"id":1489682254,"highway":"residential"},"geometry":{"type":"LineString","coordinates":[[85.4684133,20.443275],[85.4684566,20.4430533],[85.4685337,20.4426488],[85.4683081,20.442616],[85.4679581,20.4425923],[85.4677812,20.4425687],[85.4674253,20.4424976],[85.4671103,20.4424265],[85.4670286,20.4424174],[85.4670014,20.4424411],[85.4669664,20.4425249],[85.4669433,20.4428915]]}},{"type":"Feature","properties":{"id":1489682255,"highway":"residential"},"geometry":{"type":"LineString","coordinates":[[85.4685337,20.4426488],[85.4685928,20.4424338],[85.4686669,20.4421858],[85.4687066,20.4420469],[85.4687572,20.4419381],[85.4688058,20.4418616],[85.4688953,20.4417632],[85.4689672,20.4416976],[85.4690236,20.4416393],[85.4690839,20.4415445],[85.4691675,20.4413969],[85.4692317,20.4413277],[85.4693036,20.4412712],[85.4693736,20.441191]]}},{"type":"Feature","properties":{"id":1489682256,"highway":"residential"},"geometry":{"type":"LineString","coordinates":[[85.4698653,20.4447976],[85.4700024,20.444818],[85.4701929,20.444852],[85.470388,20.4448753],[85.4706375,20.4448966],[85.4708576,20.4449221],[85.4710504,20.4449327],[85.4712296,20.4449306],[85.4714012,20.4449144]]}},{"type":"Feature","properties":{"id":1489682257,"highway":"residential"},"geometry":{"type":"LineString","coordinates":[[85.4709754,20.4454045],[85.470946,20.4452473],[85.4708576,20.4449221]]}},{"type":"Feature","properties":{"id":1489692140,"highway":"residential"},"geometry":{"type":"LineString","coordinates":[[85.4633294,20.453384],[85.4634053,20.4533835],[85.4635187,20.4533835],[85.4636321,20.4533866],[85.4637304,20.4533803],[85.4638138,20.4533679],[85.4638821,20.4533475],[85.4639605,20.4533241],[85.4640238,20.4533007],[85.4641105,20.4532632],[85.4641838,20.4532335],[85.4642722,20.4532101],[85.4643522,20.4532023],[85.4644339,20.4531929],[85.4645172,20.4531601],[85.4646373,20.4530992],[85.464819,20.4529539],[85.4649256,20.4528384],[85.4650357,20.4526603],[85.4651224,20.4524869],[85.4651874,20.4523182],[85.4653124,20.4520465],[85.4654874,20.4516388],[85.4655191,20.4515841],[85.4655641,20.4515467],[85.4656325,20.4515154],[85.4660292,20.4514123],[85.4664376,20.4513061],[85.4665343,20.451253],[85.4666377,20.4511734],[85.466746,20.4510812],[85.466826,20.4509875],[85.466921,20.45085],[85.4669794,20.4506876],[85.4670044,20.4505439],[85.4670127,20.4504189],[85.4670027,20.4502487],[85.4669777,20.4500862],[85.4669344,20.4498207],[85.4668777,20.4495942],[85.466796,20.4493802],[85.4667143,20.4491663],[85.4666177,20.4488914],[85.4664693,20.4485274],[85.4663493,20.4482728],[85.4662576,20.4480698],[85.4662259,20.4479667],[85.4661909,20.4478214],[85.4661642,20.4476668],[85.4661426,20.4474981],[85.4661309,20.4473528],[85.4662029,20.4469574],[85.4663087,20.4466276],[85.4663775,20.4463524],[85.4664331,20.4460672],[85.466543,20.4453887]]}},{"type":"Feature","properties":{"id":1489692141,"highway":"residential"},"geometry":{"type":"LineString","coordinates":[[85.4662403,20.4453337],[85.4661949,20.4457226],[85.4661261,20.44634],[85.4661076,20.4464119],[85.4660653,20.4464367],[85.4659409,20.4464516],[85.4656816,20.4464491],[85.4650544,20.4464416],[85.4644788,20.4464243]]}},{"type":"Feature","properties":{"id":1489692142,"highway":"residential"},"geometry":{"type":"LineString","coordinates":[[85.4645359,20.4470329],[85.4651533,20.4470215]]}},{"type":"Feature","properties":{"id":1489692143,"highway":"residential"},"geometry":{"type":"LineString","coordinates":[[85.4645359,20.4470329],[85.4641454,20.4470327],[85.4638907,20.4470327],[85.4632606,20.447029],[85.4628114,20.4470254],[85.4624147,20.4470399],[85.4620647,20.4470527],[85.462018,20.4470673],[85.4619966,20.4471019],[85.4619966,20.4471802],[85.4620064,20.4475137],[85.4620069,20.4475342],[85.4620141,20.4478599],[85.4620219,20.4479528],[85.4620258,20.4482753],[85.4620306,20.4483762],[85.4620433,20.4486397],[85.4620478,20.4487221],[85.4620541,20.4488348],[85.4620608,20.4489568],[85.4620608,20.4491379],[85.4620608,20.4492349],[85.4620608,20.4493722],[85.4620647,20.4496364],[85.4620783,20.4504764],[85.4620919,20.4509027],[85.4620686,20.4511123],[85.4620452,20.4512106],[85.461983,20.4512835],[85.4618897,20.4513673],[85.4617944,20.4514366],[85.4616252,20.4515149],[85.4614716,20.451617]]}},{"type":"Feature","properties":{"id":1489692144,"highway":"residential"},"geometry":{"type":"LineString","coordinates":[[85.4620919,20.4509027],[85.4623611,20.4509063],[85.4627024,20.4509162],[85.4630173,20.4509261],[85.463282,20.4509385],[85.4633471,20.4509392],[85.4635016,20.450941],[85.4637027,20.4509335],[85.4639771,20.4509086],[85.4640573,20.4509013],[85.4646187,20.4508841]]}},{"type":"Feature","properties":{"id":1489692145,"highway":"residential"},"geometry":{"type":"LineString","coordinates":[[85.461983,20.4512835],[85.4620912,20.4513129],[85.4622658,20.4513203],[85.4623079,20.4513199],[85.4625384,20.4513179],[85.4630067,20.4513079],[85.4632237,20.4513179],[85.4633197,20.4513124],[85.4636127,20.4512955]]}},{"type":"Feature","properties":{"id":1489692146,"highway":"residential"},"geometry":{"type":"LineString","coordinates":[[85.4633197,20.4513124],[85.4633471,20.4509392]]}},{"type":"Feature","properties":{"id":1489692147,"highway":"residential"},"geometry":{"type":"LineString","coordinates":[[85.4620783,20.4504764],[85.4626518,20.4504871],[85.4633478,20.4504895],[85.4640808,20.4505094]]}},{"type":"Feature","properties":{"id":1489692148,"highway":"residential"},"geometry":{"type":"LineString","coordinates":[[85.4620647,20.4496364],[85.4624243,20.4496416],[85.4627206,20.449644],[85.462853,20.4496391],[85.462927,20.4496093],[85.4629641,20.4495597],[85.4630223,20.4494854],[85.4630964,20.4494531],[85.4632023,20.4494358],[85.4632969,20.4494203],[85.463414,20.4494011],[85.4636336,20.4493936],[85.4641602,20.4493911]]}},{"type":"Feature","properties":{"id":1489692149,"highway":"residential"},"geometry":{"type":"LineString","coordinates":[[85.4620608,20.4492349],[85.4623502,20.4492225],[85.4629218,20.4492052],[85.4632803,20.4491959]]}},{"type":"Feature","properties":{"id":1489692507,"highway":"residential"},"geometry":{"type":"LineString","coordinates":[[85.4639771,20.4509086],[85.4639432,20.4512557],[85.4639458,20.4515606],[85.463922,20.4518532],[85.4638823,20.4519623],[85.4638056,20.4520292],[85.4637341,20.4520392],[85.4635304,20.4520045],[85.4633954,20.4519821],[85.4631626,20.4519722],[85.4628424,20.4519821],[85.4626174,20.4520193],[85.4624401,20.4520367],[85.4623131,20.4520317],[85.4623025,20.4518854],[85.4622973,20.4517044],[85.462284,20.4515557],[85.4622867,20.451459],[85.4623079,20.4513199]]}},{"type":"Feature","properties":{"id":1489692508,"highway":"residential"},"geometry":{"type":"LineString","coordinates":[[85.4633954,20.4519821],[85.4633557,20.4521383],[85.4632843,20.4523565],[85.4632605,20.4525102],[85.4632367,20.4526516],[85.4632023,20.4527458],[85.4631414,20.4528896],[85.4630647,20.4529962],[85.4628794,20.453207],[85.4628582,20.4532392],[85.4628556,20.4532739],[85.4628926,20.4533483],[85.4631055,20.4536047]]}},{"type":"Feature","properties":{"id":1489731782,"highway":"residential"},"geometry":{"type":"LineString","coordinates":[[85.4641602,20.4493911],[85.4641401,20.449172],[85.4641137,20.448919],[85.4640898,20.4486885],[85.4640584,20.4484946],[85.4640449,20.4484108],[85.4640252,20.448143],[85.4640135,20.4479827],[85.4639863,20.4478351],[85.463961,20.447693],[85.4639279,20.4475581],[85.4639046,20.4474269],[85.463889,20.4472739],[85.4638774,20.4471536],[85.4638907,20.4470327]]}},{"type":"Feature","properties":{"id":1489731783,"highway":"residential"},"geometry":{"type":"LineString","coordinates":[[85.4620069,20.4475342],[85.4622517,20.4475199],[85.462627,20.4475089],[85.4629712,20.4475089],[85.4632512,20.4474962],[85.4635487,20.4474615],[85.4639046,20.4474269]]}},{"type":"Feature","properties":{"id":1489731784,"highway":"residential"},"geometry":{"type":"LineString","coordinates":[[85.4620219,20.4479528],[85.4622731,20.4479626],[85.4625239,20.4479663],[85.4627981,20.4479553],[85.4631404,20.4479262],[85.4633795,20.447897],[85.4636946,20.4478569],[85.4639863,20.4478351]]}},{"type":"Feature","properties":{"id":1489731785,"highway":"residential"},"geometry":{"type":"LineString","coordinates":[[85.4620306,20.4483762],[85.4624734,20.4483671],[85.4626756,20.4483671],[85.4628914,20.4483562],[85.4630762,20.4483453],[85.4632181,20.4483398],[85.463294,20.4483416],[85.4633407,20.4483525],[85.4633698,20.4483799],[85.4633893,20.4484436],[85.4634029,20.4484856],[85.463434,20.4485184],[85.4634787,20.4485311],[85.4635526,20.4485329],[85.4637004,20.4485238],[85.4640584,20.4484946]]}},{"type":"Feature","properties":{"id":1489731786,"highway":"residential"},"geometry":{"type":"LineString","coordinates":[[85.4620541,20.4488348],[85.4623878,20.4488208],[85.4629206,20.4488026],[85.4631423,20.448799],[85.4632006,20.4488081],[85.4632337,20.4488427],[85.463259,20.4489083],[85.4632803,20.4491959],[85.4632969,20.4494203]]}},{"type":"Feature","properties":{"id":1489731787,"highway":"residential"},"geometry":{"type":"LineString","coordinates":[[85.4620608,20.4491379],[85.4617947,20.449147],[85.4616313,20.449147],[85.461433,20.449136],[85.461223,20.4491251],[85.4608341,20.4490978]]}},{"type":"Feature","properties":{"id":1489731788,"highway":"residential"},"geometry":{"type":"LineString","coordinates":[[85.4620478,20.4487221],[85.4618219,20.4487279],[85.4615011,20.4487279],[85.4612269,20.4487279],[85.4608243,20.4487279]]}},{"type":"Feature","properties":{"id":1489731789,"highway":"residential"},"geometry":{"type":"LineString","coordinates":[[85.4620258,20.4482753],[85.4617616,20.4482778],[85.4616041,20.4482778],[85.4614836,20.4482833],[85.4613183,20.4483033],[85.4611938,20.448307],[85.4609313,20.448287],[85.4608263,20.4482724]]}},{"type":"Feature","properties":{"id":1489731790,"highway":"residential"},"geometry":{"type":"LineString","coordinates":[[85.4620141,20.4478599],[85.4618219,20.4478497],[85.4615749,20.4478497],[85.461361,20.4478497],[85.4611238,20.4478715],[85.4608807,20.4479116],[85.4606532,20.447948],[85.4603654,20.4479681],[85.4601126,20.4479644],[85.4599648,20.4479499]]}},{"type":"Feature","properties":{"id":1489731791,"highway":"residential"},"geometry":{"type":"LineString","coordinates":[[85.4599648,20.4479499],[85.4600594,20.4477865],[85.4601387,20.4476006],[85.4602075,20.4474146],[85.4602552,20.4472931],[85.4603028,20.4471096],[85.4603399,20.4469856],[85.4603557,20.446817],[85.4603695,20.4467295],[85.4603928,20.4465815],[85.4604298,20.4462542],[85.4604722,20.4459368],[85.460496,20.4456467],[85.4605225,20.4452811]]}},{"type":"Feature","properties":{"id":1489731792,"highway":"residential"},"geometry":{"type":"LineString","coordinates":[[85.4603695,20.4467295],[85.46001,20.4466963],[85.4596422,20.4466889],[85.4593485,20.4466839],[85.4590997,20.4466616],[85.4587663,20.4466294]]}},{"type":"Feature","properties":{"id":1489731793,"highway":"residential"},"geometry":{"type":"LineString","coordinates":[[85.4483196,20.4546418],[85.4484243,20.4546697],[85.4485763,20.4546888],[85.4487419,20.454691],[85.448912,20.4546825],[85.4490821,20.4546633],[85.4492931,20.4546102],[85.4495381,20.4545231],[85.4498103,20.4543849],[85.4499419,20.4543211],[85.4501188,20.4542808],[85.4504024,20.4542085],[85.4509854,20.4540555],[85.4518973,20.4537983],[85.4523487,20.4536559],[85.4526549,20.4535772],[85.4529113,20.4534986],[85.4530474,20.4534497],[85.4531427,20.4533945],[85.4532788,20.4532924],[85.4534194,20.4531947],[85.453644,20.4530671],[85.453898,20.4529099],[85.4541521,20.4527505],[85.454343,20.4526185],[85.4545047,20.452492],[85.454623,20.4524061],[85.4547631,20.4522968],[85.4548431,20.4522249],[85.4549314,20.4521281],[85.4550331,20.4520125],[85.4550815,20.4519579],[85.4551515,20.4519079],[85.4552465,20.4518563],[85.4555149,20.4517189],[85.4557099,20.451633],[85.4557783,20.4516158],[85.4558366,20.4516095],[85.456075,20.4516252],[85.4561633,20.4516283],[85.456235,20.4516205],[85.4563184,20.4515908],[85.4563901,20.4515283],[85.4565851,20.4512925],[85.4567601,20.451016],[85.4569935,20.4507286],[85.4571085,20.4505677],[85.4571735,20.4504959],[85.4572552,20.4504162],[85.4573919,20.4502928],[85.4575836,20.4501273],[85.4577353,20.449982],[85.4579037,20.4497993],[85.4580587,20.4496181],[85.4582821,20.4493822],[85.4585088,20.4491807],[85.4587455,20.4489574],[85.4590589,20.4486731],[85.4593006,20.4484529],[85.4594807,20.4483029],[85.4597891,20.4480874],[85.4599648,20.4479499]]}},{"type":"Feature","properties":{"id":1489731794,"highway":"residential"},"geometry":{"type":"LineString","coordinates":[[85.4563184,20.4515908],[85.4563256,20.4516522],[85.4563551,20.4517138],[85.4564458,20.451767],[85.4565797,20.4517967],[85.4567861,20.4518116],[85.4569063,20.4518286],[85.4570833,20.4518711],[85.4572466,20.4518924],[85.4574621,20.4519051],[85.4577593,20.4519073],[85.4579203,20.4518818],[85.4581018,20.4518307],[85.4584648,20.4517394],[85.458796,20.4516607],[85.4590727,20.4515799],[85.4594856,20.4514673],[85.4598281,20.4513504],[85.46003,20.451293]]}},{"type":"Feature","properties":{"id":1489731795,"highway":"residential"},"geometry":{"type":"LineString","coordinates":[[85.4620452,20.4512106],[85.4619388,20.4512175],[85.4617734,20.4512244],[85.4616583,20.451237],[85.4615419,20.4512588],[85.4614341,20.4512818],[85.4613287,20.4513059],[85.4612307,20.4513277],[85.4611781,20.4513323],[85.4611278,20.4513185],[85.461036,20.4512875],[85.4609122,20.4512669],[85.4607664,20.4512577]]}},{"type":"Feature","properties":{"id":1489731796,"highway":"residential"},"geometry":{"type":"LineString","coordinates":[[85.4620647,20.4496364],[85.4617309,20.4496391],[85.4611658,20.4496234]]}},{"type":"Feature","properties":{"id":1489731797,"highway":"residential"},"geometry":{"type":"LineString","coordinates":[[85.4624686,20.4450177],[85.462478,20.4450904],[85.4624751,20.4451479],[85.4624551,20.4452122],[85.4624079,20.4452792],[85.4623293,20.4453863],[85.4622422,20.4455255],[85.4621679,20.4456568],[85.4620835,20.4458134],[85.4619678,20.4460464],[85.4619449,20.4461134],[85.4619449,20.4461589],[85.4619692,20.4461857],[85.4620521,20.4462111],[85.4623179,20.4462566],[85.4624522,20.4462754],[85.4626194,20.4462834],[85.4627666,20.4462888],[85.4629267,20.4462888],[85.4631082,20.4462714],[85.4633025,20.4462446],[85.463444,20.4462138],[85.4635983,20.4461843],[85.4637498,20.4461683],[85.4639127,20.4461642],[85.4641613,20.4461683],[85.4643243,20.4461656],[85.464477,20.446171]]}},{"type":"Feature","properties":{"id":1489731798,"highway":"residential"},"geometry":{"type":"LineString","coordinates":[[85.4661309,20.4473528],[85.46598,20.4473499],[85.4658166,20.4473481],[85.4657155,20.4473481],[85.465593,20.4473754],[85.4654763,20.4474155],[85.465381,20.4474647],[85.4653266,20.4475303],[85.4652585,20.4476123]]}},{"type":"Feature","properties":{"id":1489731799,"highway":"residential"},"geometry":{"type":"LineString","coordinates":[[85.4763195,20.4521336],[85.4764114,20.4521426],[85.4765059,20.4521426],[85.4766215,20.4521436],[85.4767296,20.4521396],[85.4768451,20.4521268],[85.4769817,20.4521052],[85.4771413,20.4520757],[85.4772652,20.4520402],[85.4774017,20.4519822],[85.4775004,20.4519359],[85.4775634,20.4519084],[85.4776653,20.4518759],[85.4777924,20.4518405]]}},{"type":"Feature","properties":{"id":1489731800,"highway":"residential"},"geometry":{"type":"LineString","coordinates":[[85.4775634,20.4519084],[85.4775645,20.4517913],[85.4775666,20.4516457],[85.4775708,20.4515433],[85.4775757,20.4514639]]}},{"type":"Feature","properties":{"id":1489732344,"highway":"residential"},"geometry":{"type":"LineString","coordinates":[[85.4738734,20.448202],[85.4736633,20.4481498],[85.4733774,20.4480696],[85.4731305,20.4480004],[85.4728505,20.4479293],[85.4725938,20.4478601],[85.4724426,20.4478365]]}},{"type":"Feature","properties":{"id":1489732345,"highway":"residential"},"geometry":{"type":"LineString","coordinates":[[85.4786859,20.4411382],[85.4785342,20.4411307],[85.47833,20.4411417],[85.4779819,20.4411872],[85.4775677,20.4412255]]}},{"type":"Feature","properties":{"id":1489732346,"highway":"residential"},"geometry":{"type":"LineString","coordinates":[[85.4799979,20.4390853],[85.480139,20.4391034],[85.4802962,20.4391154],[85.4804505,20.4391195],[85.4806106,20.4391208],[85.4807363,20.4391195],[85.4808292,20.4391128],[85.4809092,20.4390927],[85.4809878,20.4390512],[85.4810679,20.4389963],[85.4812051,20.4389173]]}},{"type":"Feature","properties":{"id":1489732347,"highway":"residential"},"geometry":{"type":"LineString","coordinates":[[85.4802674,20.4383365],[85.4803276,20.4383629],[85.4804205,20.4384138],[85.4805034,20.4384593],[85.4806206,20.4385115],[85.4807063,20.4385397],[85.4807663,20.4385825],[85.4808192,20.4386414],[85.4809035,20.4387847]]}},{"type":"Feature","properties":{"id":1490513032,"highway":"residential"},"geometry":{"type":"LineString","coordinates":[[85.4719824,20.4388077],[85.4717348,20.4388066],[85.4715172,20.4388013],[85.4712693,20.4387853],[85.471082,20.4387747],[85.4709249,20.4387676],[85.4707962,20.4387499],[85.4706448,20.4387126],[85.4704726,20.4386506],[85.4701926,20.4385424]]}},{"type":"Feature","properties":{"id":1490513033,"highway":"unclassified"},"geometry":{"type":"LineString","coordinates":[[85.4727426,20.4397826],[85.4729642,20.4396899],[85.4731099,20.4396237],[85.4732093,20.4395761],[85.473291,20.4395244],[85.4733638,20.4394479],[85.4734389,20.4393569],[85.4735272,20.4392307],[85.4735934,20.4390921],[85.4736265,20.4390032],[85.4736552,20.4388853],[85.4736773,20.4387927],[85.4737009,20.4387563],[85.4737329,20.438738],[85.4738928,20.4387002],[85.4741083,20.4386689],[85.4741973,20.4386755],[85.4742558,20.4386898],[85.4743197,20.4387159],[85.4743545,20.4387563],[85.4744198,20.4388488],[85.4744796,20.4389139],[85.4745547,20.4389569],[85.4746312,20.43897],[85.4747327,20.4389687],[85.4749191,20.4389543],[85.4750665,20.4389335],[85.4751819,20.43891],[85.4752918,20.4388722],[85.4755003,20.4388071],[85.475695,20.4387471],[85.4758869,20.438708],[85.4760594,20.4387106],[85.4763055,20.4387041],[85.4766128,20.4386807],[85.4768034,20.4386624]]}},{"type":"Feature","properties":{"id":1490513034,"highway":"residential"},"geometry":{"type":"LineString","coordinates":[[85.4591934,20.4277221],[85.4593337,20.4276593],[85.4594882,20.4276014],[85.459617,20.4275797],[85.4598204,20.4275603],[85.4600058,20.4275579],[85.4601654,20.4275652],[85.4603612,20.4275917],[85.4605234,20.4275893],[85.460768,20.4275748],[85.4611877,20.4275338]]}},{"type":"Feature","properties":{"id":1490513035,"highway":"residential"},"geometry":{"type":"LineString","coordinates":[[85.4601654,20.4275652],[85.4601732,20.427418],[85.4601886,20.4272273],[85.4602118,20.4270295],[85.4602221,20.4269136],[85.4602221,20.4267423],[85.4602137,20.426598],[85.4601797,20.4264885]]}},{"type":"Feature","properties":{"id":1490513036,"highway":"residential"},"geometry":{"type":"LineString","coordinates":[[85.4592931,20.427068],[85.4594221,20.426978],[85.4596265,20.4268382],[85.4598617,20.4266542],[85.4599623,20.4265949],[85.4600726,20.4265417],[85.4601797,20.4264885]]}},{"type":"Feature","properties":{"id":1490513037,"highway":"residential"},"geometry":{"type":"LineString","coordinates":[[85.4601797,20.4264885],[85.4602478,20.426411],[85.4603094,20.4263183],[85.46035,20.4262377],[85.4604149,20.4260446],[85.4604944,20.4262498],[85.4606144,20.4264718],[85.4607588,20.4266725]]}},{"type":"Feature","properties":{"id":1490513038,"highway":"residential"},"geometry":{"type":"LineString","coordinates":[[85.4602221,20.4269136],[85.4602673,20.426975],[85.4603143,20.4270236],[85.4603743,20.4270495],[85.4604571,20.4270434],[85.4607799,20.4269659],[85.4608788,20.4269476],[85.4609713,20.4269431],[85.4610962,20.4269446]]}},{"type":"Feature","properties":{"id":1490513039,"highway":"residential"},"geometry":{"type":"LineString","coordinates":[[85.4610962,20.4269446],[85.461127,20.4270586],[85.4611578,20.4271954],[85.4611724,20.4273109],[85.4611773,20.4274295],[85.4611877,20.4275338]]}},{"type":"Feature","properties":{"id":1490513040,"highway":"residential"},"geometry":{"type":"LineString","coordinates":[[85.4604149,20.4260446],[85.4604143,20.4259918],[85.4604119,20.4258868],[85.4604072,20.425784],[85.4604,20.425698],[85.4603762,20.4256064],[85.4603106,20.4254544],[85.4602176,20.4253059],[85.4601461,20.425202],[85.4599876,20.4249852],[85.459916,20.4249026]]}},{"type":"Feature","properties":{"id":1490513041,"highway":"residential"},"geometry":{"type":"LineString","coordinates":[[85.459834,20.4249437],[85.459916,20.4249026]]}},{"type":"Feature","properties":{"id":1490513042,"highway":"residential"},"geometry":{"type":"LineString","coordinates":[[85.459916,20.4249026],[85.4600209,20.4248188],[85.4601258,20.4247484],[85.4602117,20.4246992],[85.4603225,20.424649],[85.4604084,20.4246155],[85.4605383,20.4245741],[85.4606051,20.4245674],[85.4606504,20.4245842],[85.4606802,20.4246222],[85.4608089,20.424897],[85.4609055,20.4251819],[85.4610271,20.4254969],[85.4610771,20.4256723]]}},{"type":"Feature","properties":{"id":1490513043,"highway":"residential"},"geometry":{"type":"LineString","coordinates":[[85.4610771,20.4256723],[85.4613048,20.4255382],[85.4614514,20.4254388],[85.4617733,20.4252422]]}},{"type":"Feature","properties":{"id":1490513044,"highway":"residential"},"geometry":{"type":"LineString","coordinates":[[85.4610771,20.4256723],[85.4610712,20.4257896]]}},{"type":"Feature","properties":{"id":1490513045,"highway":"residential"},"geometry":{"type":"LineString","coordinates":[[85.4604143,20.4259918],[85.4605097,20.4259449],[85.4606873,20.4258734],[85.4608375,20.4258287],[85.4609317,20.425813],[85.4610712,20.4257896]]}},{"type":"Feature","properties":{"id":1490513046,"highway":"residential"},"geometry":{"type":"LineString","coordinates":[[85.4610712,20.4257896],[85.4610747,20.4260588],[85.4610736,20.4262699],[85.46107,20.4264956],[85.4610736,20.426604],[85.4610807,20.426747],[85.4610855,20.4268576],[85.4610962,20.4269446]]}},{"type":"Feature","properties":{"id":1490513047,"highway":"residential"},"geometry":{"type":"LineString","coordinates":[[85.4611877,20.4275338],[85.4612092,20.4276457],[85.4612368,20.4277901],[85.4612838,20.4280425]]}},{"type":"Feature","properties":{"id":1490513048,"highway":"residential"},"geometry":{"type":"LineString","coordinates":[[85.4612838,20.4280425],[85.4615223,20.4280303],[85.4617105,20.4280105],[85.4618338,20.4279847],[85.4619895,20.4279497],[85.4621225,20.4278965],[85.4622442,20.4278464],[85.4623691,20.4278236],[85.4626286,20.4277643],[85.463112,20.4276396],[85.4635062,20.4275302],[85.4637252,20.427483],[85.4639231,20.4274465],[85.4640708,20.4274177],[85.4642816,20.4273933]]}},{"type":"Feature","properties":{"id":1490513049,"highway":"residential"},"geometry":{"type":"LineString","coordinates":[[85.4612838,20.4280425],[85.4611912,20.4280337],[85.4611003,20.4280124],[85.4610152,20.4280054],[85.4608714,20.4280036],[85.4606802,20.4280302],[85.4605402,20.4280621],[85.4604437,20.4280976],[85.460332,20.4281667],[85.4602582,20.4282111],[85.4601901,20.4282926],[85.4601352,20.4284061],[85.4600198,20.4286278],[85.4599214,20.4287555],[85.4598325,20.4288441],[85.4597,20.4289452],[85.4595827,20.4290427]]}},{"type":"Feature","properties":{"id":1490513050,"highway":"residential"},"geometry":{"type":"LineString","coordinates":[[85.4589214,20.4278795],[85.458979,20.4279504],[85.4590642,20.4280054],[85.459261,20.4280727],[85.4594597,20.4281242],[85.4596451,20.4281472],[85.4598476,20.428149],[85.4599952,20.428149],[85.4601239,20.4281685],[85.4602582,20.4282111]]}},{"type":"Feature","properties":{"id":1490513051,"highway":"residential"},"geometry":{"type":"LineString","coordinates":[[85.459261,20.4280727],[85.4592704,20.4279841],[85.4592799,20.4278546],[85.4592553,20.4277819],[85.4591934,20.4277221]]}},{"type":"Feature","properties":{"id":1490513052,"highway":"residential"},"geometry":{"type":"LineString","coordinates":[[85.4573028,20.4275164],[85.4572103,20.4276001],[85.4570476,20.4277278],[85.4568527,20.4278732],[85.4567637,20.4279388],[85.4566918,20.4280115],[85.4565556,20.4282385],[85.4564893,20.4282899],[85.456389,20.4283112],[85.4562168,20.4283094],[85.4558459,20.4283041],[85.4555791,20.4282917],[85.455424,20.4282598],[85.4552442,20.4281888]]}},{"type":"Feature","properties":{"id":1490521669,"highway":"residential"},"geometry":{"type":"LineString","coordinates":[[85.4559231,20.4274906],[85.455793,20.4272224],[85.4555602,20.4268039]]}},{"type":"Feature","properties":{"id":1490524416,"highway":"unclassified"},"geometry":{"type":"LineString","coordinates":[[85.4504042,20.4250802],[85.4503704,20.4249396],[85.4503269,20.4248137],[85.4502834,20.4247179],[85.4501736,20.4245406],[85.450062,20.4243349],[85.4499541,20.4241274],[85.4498916,20.4240015],[85.4498349,20.4238685],[85.4497686,20.4236646],[85.4496305,20.4232922],[85.4495387,20.4230546],[85.4495189,20.4230031],[85.4494583,20.4227406],[85.4493959,20.4225119],[85.4493145,20.4223133],[85.4492747,20.4222086],[85.4492445,20.4221377],[85.4492236,20.4221004],[85.4491423,20.4220508],[85.4490514,20.4220224],[85.4489398,20.4220118],[85.4488528,20.4219905],[85.4488168,20.421971],[85.4487525,20.4218859],[85.4487865,20.4218291],[85.4487903,20.42176],[85.4487808,20.421666],[85.4487676,20.4214709],[85.44876,20.4212439],[85.4487054,20.4210002],[85.4486213,20.4207187],[85.4485071,20.4204315],[85.44842,20.4201585],[85.4483058,20.4198376],[85.4482341,20.4196444],[85.4481412,20.4194134]]}},{"type":"Feature","properties":{"id":1490524417,"highway":"unclassified"},"geometry":{"type":"LineString","coordinates":[[85.4495387,20.4230546],[85.4493979,20.4230524],[85.449286,20.4230555],[85.4491724,20.4230676],[85.4490053,20.4231087],[85.4487182,20.4232121],[85.4486744,20.4232136],[85.4486403,20.4231953],[85.4486273,20.4231604],[85.4486014,20.4230159],[85.4485835,20.4228487],[85.4485835,20.4227545],[85.4485884,20.4226329],[85.4486176,20.422344],[85.4486549,20.4220126],[85.4486711,20.4219655],[85.448702,20.4219199],[85.4487525,20.4218859]]}},{"type":"Feature","properties":{"id":1490525674,"highway":"residential"},"geometry":{"type":"LineString","coordinates":[[85.4490035,20.4284133],[85.4490911,20.4284144],[85.4491884,20.4284174],[85.4492955,20.4284068]]}},{"type":"Feature","properties":{"id":1490525675,"highway":"residential"},"geometry":{"type":"LineString","coordinates":[[85.4492955,20.4284068],[85.4493652,20.4284752],[85.4494512,20.4286044],[85.4495339,20.4287716],[85.4495988,20.4289175],[85.4496605,20.4290524]]}},{"type":"Feature","properties":{"id":1490525676,"highway":"residential"},"geometry":{"type":"LineString","coordinates":[[85.4492955,20.4284068],[85.449375,20.4283779],[85.4494917,20.4283673],[85.4496507,20.4283627],[85.4498454,20.4283475],[85.4501779,20.4283125],[85.4504845,20.4282882],[85.4506776,20.4282791],[85.4508803,20.4282791],[85.4510198,20.4283004],[85.4512324,20.4283399],[85.4515162,20.4283946],[85.4518274,20.4284562]]}},{"type":"Feature","properties":{"id":1490525677,"highway":"residential"},"geometry":{"type":"LineString","coordinates":[[85.4508803,20.4282791],[85.4509404,20.4285822],[85.4509878,20.4288475]]}},{"type":"Feature","properties":{"id":1490525678,"highway":"residential"},"geometry":{"type":"LineString","coordinates":[[85.4489635,20.4281087],[85.449209,20.428104],[85.4494427,20.4281053],[85.4496457,20.4281105],[85.4498348,20.4281144],[85.4499683,20.4281144],[85.4501505,20.428104],[85.4504411,20.4280753],[85.4506956,20.4280492],[85.4509264,20.4280232],[85.4509084,20.4281431],[85.4508875,20.4282121],[85.4508803,20.4282791]]}},{"type":"Feature","properties":{"id":1490525679,"highway":"residential"},"geometry":{"type":"LineString","coordinates":[[85.4509264,20.4280232],[85.4509306,20.4279528],[85.4509306,20.4278916],[85.4509209,20.4278199],[85.4509014,20.4277521],[85.4508694,20.4276961],[85.4508388,20.4276505],[85.4508027,20.4276231],[85.4507471,20.4276101],[85.450697,20.4276179],[85.4505468,20.4276687],[85.4503925,20.4277143],[85.4502492,20.4277404],[85.4501032,20.427756],[85.4499933,20.4277612],[85.449928,20.4277547],[85.4498891,20.4277339],[85.4498251,20.4276778],[85.4497778,20.4276596],[85.4497083,20.4276492],[85.4496151,20.427644],[85.4494594,20.4276348],[85.4493461,20.4276284]]}},{"type":"Feature","properties":{"id":1490525680,"highway":"residential"},"geometry":{"type":"LineString","coordinates":[[85.4496151,20.427644],[85.4496262,20.4275788],[85.4496401,20.4275045],[85.4496624,20.4274537],[85.4496874,20.4274146],[85.4497222,20.4273846],[85.4497722,20.4273625],[85.4498849,20.4273455],[85.4500114,20.4273416],[85.4501102,20.4273351],[85.4501908,20.4273195],[85.4502256,20.4272986],[85.450245,20.4272465],[85.4502409,20.4271839],[85.4502005,20.427111],[85.4501449,20.4270862],[85.4500629,20.4270875],[85.449903,20.4271214],[85.4497597,20.4271514],[85.4496095,20.4271696],[85.4495303,20.4271735],[85.4493985,20.4271709]]}},{"type":"Feature","properties":{"id":1490525681,"highway":"residential"},"geometry":{"type":"LineString","coordinates":[[85.450697,20.4276179],[85.4506469,20.4274941],[85.4505788,20.4273234],[85.4505065,20.4271722],[85.4504536,20.4270719],[85.4504064,20.4269819]]}},{"type":"Feature","properties":{"id":1490530295,"highway":"unclassified"},"geometry":{"type":"LineString","coordinates":[[85.4481412,20.4194134],[85.44809,20.4192852],[85.4480208,20.4191411],[85.4479457,20.4190093],[85.4478826,20.4189177],[85.4477943,20.418806],[85.4476418,20.418644],[85.4474796,20.4184954],[85.4473676,20.4183959],[85.4472543,20.4183077],[85.4470886,20.4181893],[85.4467823,20.4179826],[85.4464854,20.4177938],[85.4462625,20.4176675],[85.4460873,20.4175871],[85.4459669,20.4175357],[85.4458536,20.4175078],[85.4457284,20.4174754],[85.4456331,20.4174318],[85.4455151,20.4173592],[85.4453911,20.4172821],[85.4452313,20.4171436],[85.4450883,20.4169972],[85.4449524,20.4168497],[85.4448523,20.4167358],[85.4447855,20.4166431],[85.4447235,20.4165615],[85.4446258,20.4164755],[85.4445137,20.4164029],[85.4443766,20.4163191],[85.4440452,20.416166],[85.4437961,20.4160174],[85.4433896,20.4157504],[85.4433204,20.4156823],[85.4432763,20.4156074],[85.4432608,20.4155471],[85.4432549,20.4154789],[85.4432632,20.4153974],[85.4433145,20.4152086],[85.4433264,20.4151505],[85.44333,20.4151069],[85.4433276,20.4150399],[85.4433121,20.4149695],[85.4432799,20.4149036],[85.4432406,20.4148544],[85.4431654,20.4148008],[85.4431035,20.4147862],[85.4430057,20.4147874],[85.4429032,20.414784],[85.4428257,20.4147673],[85.4427613,20.4147393],[85.4426981,20.4146868],[85.4426564,20.4146153],[85.4425968,20.4144254],[85.4424955,20.4141796],[85.4424573,20.4141383],[85.4424085,20.414107],[85.442362,20.4140913],[85.4423071,20.4140857],[85.4422595,20.4140891],[85.4421367,20.4141137],[85.4419042,20.4141729],[85.4417528,20.414193],[85.4416706,20.414193],[85.4415823,20.4141874],[85.441512,20.4141684],[85.4414095,20.4141137],[85.441332,20.4140377],[85.4412581,20.4139316],[85.4410304,20.4135808],[85.4408075,20.4132501],[85.440494,20.4127786],[85.4402961,20.4124825],[85.4401328,20.4122345],[85.4400446,20.412087],[85.4399814,20.4119697],[85.4399241,20.4118368],[85.4398204,20.4115966],[85.4397501,20.41141],[85.4396762,20.4111318],[85.4395844,20.4108111],[85.4395212,20.4105597],[85.4394723,20.4104067],[85.4393591,20.4101363],[85.4392709,20.4099575],[85.4392113,20.409838],[85.4391433,20.4097352],[85.4390623,20.4096436],[85.4389288,20.4095363],[85.4388107,20.409428],[85.4387273,20.4093084],[85.43862,20.4091274],[85.4385389,20.4089777],[85.4384579,20.4087811],[85.4384054,20.4086939],[85.4383422,20.4086191],[85.4382838,20.4085599],[85.4382016,20.4084973],[85.4381038,20.4084269],[85.437993,20.4083453],[85.4378881,20.4082705],[85.437832,20.4082157],[85.437739,20.4081308],[85.4376425,20.4080649],[85.4375412,20.4080068],[85.4374255,20.4079677],[85.437267,20.4079241],[85.4370667,20.4078806],[85.4368927,20.4078593],[85.4367484,20.4078493],[85.4366566,20.407847],[85.4365791,20.407847],[85.4364587,20.4078671],[85.4362561,20.4079219],[85.4361249,20.4079509],[85.4360618,20.4079543],[85.4359891,20.4079398],[85.435908,20.4079107],[85.4358317,20.4078638],[85.4356863,20.407761],[85.4355778,20.4076794],[85.4355098,20.4076426],[85.435424,20.4076102],[85.4352202,20.40757],[85.4349269,20.4074862],[85.4346456,20.4074147],[85.4344811,20.4073845],[85.4343785,20.4073778],[85.434152,20.407351],[85.4340865,20.4073364],[85.4340436,20.4073152],[85.4339851,20.4072661],[85.433922,20.4071934],[85.4338481,20.4070649],[85.4336883,20.406837],[85.4336204,20.4067633],[85.4335798,20.4067197],[85.4335286,20.4066773],[85.4334368,20.4066281],[85.4333474,20.4065968],[85.4332449,20.40658],[85.4328777,20.4065566],[85.4327323,20.4065532],[85.4325582,20.4065689],[85.4322959,20.4065901],[85.4321827,20.4065868],[85.4321004,20.4065745],[85.4319955,20.4065354],[85.4318883,20.4064717],[85.4316534,20.4063074],[85.4314341,20.4061532],[85.431316,20.4060974],[85.4312111,20.4060516],[85.4311241,20.4060259],[85.430968,20.4060225],[85.4307879,20.4060203],[85.4305841,20.4060203],[85.430422,20.4060203],[85.4303266,20.4060348],[85.4302098,20.4060605],[85.4298533,20.4062002],[85.4294385,20.4063644],[85.4292752,20.4064069],[85.4291822,20.4064292],[85.4291238,20.4064315],[85.4290678,20.4064259],[85.4290117,20.406399],[85.4290103,20.4062898],[85.428995,20.4061538],[85.4289817,20.40599],[85.4289623,20.4058683],[85.4289142,20.4057208],[85.428858,20.4055465],[85.4287967,20.4053636],[85.4287507,20.40524],[85.4287129,20.4051203],[85.4287017,20.4050312],[85.4287037,20.4049268],[85.4287068,20.4048387],[85.4287262,20.4047477],[85.4287558,20.4046606],[85.4287845,20.4045954],[85.4288764,20.4044843],[85.4290031,20.4043206],[85.4290706,20.404219],[85.4291013,20.4041635],[85.4291125,20.4041194],[85.4291196,20.404083],[85.4291176,20.4040332],[85.4291043,20.4039729],[85.4290399,20.4038445],[85.4289848,20.4037602]]}},{"type":"Feature","properties":{"id":1490620007,"highway":"unclassified"},"geometry":{"type":"LineString","coordinates":[[85.4289848,20.4037602],[85.4288893,20.4036245],[85.4287879,20.4035092],[85.4286825,20.4034091],[85.4285121,20.4032533],[85.428404,20.4031469],[85.4283026,20.4030417],[85.4281647,20.4028897],[85.4280764,20.4027731],[85.4280552,20.4027452],[85.4279674,20.4025944],[85.4278214,20.4022992],[85.427747,20.4021282],[85.4277024,20.4019723],[85.4276537,20.4017569],[85.427624,20.4015276],[85.4275807,20.4012603],[85.4275672,20.4011146],[85.4275023,20.4008535],[85.427455,20.4007192],[85.4273807,20.4005659],[85.4273131,20.4004177],[85.4272363,20.4002599],[85.4271917,20.4001775],[85.427139,20.4000736],[85.4271255,20.3999672],[85.4271214,20.3998544],[85.4271485,20.3997543],[85.4271823,20.3996339],[85.4272647,20.399473],[85.4273391,20.399231],[85.4274269,20.399022],[85.4274837,20.3988623],[85.4275851,20.3986127],[85.4276843,20.3983827]]}},{"type":"Feature","properties":{"id":1490620008,"highway":"residential"},"geometry":{"type":"LineString","coordinates":[[85.4273131,20.4004177],[85.4275018,20.4003621],[85.4276005,20.400346],[85.4276863,20.400348],[85.4278194,20.4003501],[85.4279589,20.4003501],[85.4280876,20.400342],[85.428255,20.4003179],[85.4284159,20.4002736],[85.4288344,20.4001529],[85.4291584,20.4000504],[85.4295554,20.3999176]]}},{"type":"Feature","properties":{"id":1490620010,"highway":"residential"},"geometry":{"type":"LineString","coordinates":[[85.4283026,20.4030417],[85.4281004,20.4031221],[85.4277637,20.4032548],[85.4275503,20.4033496],[85.4273701,20.4034324],[85.4271714,20.4035117],[85.4267648,20.403679]]}},{"type":"Feature","properties":{"id":1490620011,"highway":"residential"},"geometry":{"type":"LineString","coordinates":[[85.4280764,20.4027731],[85.4278667,20.4028669],[85.4273333,20.4030703],[85.4271512,20.4031221],[85.4270831,20.4031307],[85.4270058,20.4031169],[85.4269414,20.4030841],[85.4268752,20.403029],[85.4268219,20.4029496],[85.4267704,20.4028393]]}},{"type":"Feature","properties":{"id":1490620012,"highway":"residential"},"geometry":{"type":"LineString","coordinates":[[85.4289848,20.4037602],[85.4285864,20.4039399],[85.4281529,20.404133],[85.4276894,20.4043059],[85.4274062,20.4044105],[85.427286,20.4044487],[85.4271637,20.4044789]]}},{"type":"Feature","properties":{"id":1490620013,"highway":"residential"},"geometry":{"type":"LineString","coordinates":[[85.4287845,20.4045954],[85.4287334,20.4045645],[85.4286703,20.4045424],[85.4286136,20.4045483],[85.4285237,20.4045897],[85.4282714,20.4047168],[85.4279796,20.4048439],[85.427691,20.4050109],[85.4275302,20.4051055],[85.4273709,20.4051809],[85.4272022,20.4052562],[85.4270855,20.4053168],[85.4269593,20.4054085],[85.4268332,20.4055385],[85.4266518,20.4057661],[85.4265005,20.4059272],[85.4262986,20.4061297],[85.4261583,20.4062642],[85.4259469,20.4064918],[85.4258124,20.4066543],[85.4256818,20.4068198]]}},{"type":"Feature","properties":{"id":1490884954,"highway":"unclassified"},"geometry":{"type":"LineString","coordinates":[[85.4726642,20.4053422],[85.4730013,20.4052834],[85.4731779,20.4052669],[85.4733744,20.4052648],[85.4734649,20.4052648],[85.4735223,20.4052524],[85.4735554,20.4052276],[85.4736194,20.4051531],[85.4736569,20.4050869],[85.4736834,20.4050248],[85.4736945,20.4049441],[85.4737011,20.4048407],[85.4737011,20.4047269],[85.4737187,20.4046483],[85.4739836,20.4046876],[85.4741779,20.4047124],[85.4743125,20.4047352],[85.4744671,20.4047559],[85.4745885,20.4047621],[85.4747077,20.4047559],[85.4752485,20.4046379],[85.4754648,20.4045924],[85.4756392,20.4045552],[85.4757852,20.4045248],[85.4759215,20.404505],[85.4760318,20.4045081],[85.4762102,20.4045248],[85.4763222,20.4045278],[85.4764341,20.4045202],[85.4765639,20.404502],[85.476658,20.4044761],[85.4768007,20.4044214],[85.4770457,20.4043286],[85.4771787,20.4042663],[85.477302,20.404207],[85.4774561,20.404128],[85.4776086,20.4040671],[85.4776945,20.4040413],[85.4778048,20.4040291],[85.4779249,20.4040322],[85.4783661,20.4040367],[85.4785154,20.4040261],[85.4785884,20.4040048],[85.4786532,20.4039668],[85.4786792,20.4039288],[85.4787003,20.403874],[85.4787133,20.4037661],[85.4787408,20.4035578],[85.4787944,20.4031762],[85.4788625,20.4027869],[85.478882,20.4026592],[85.4788901,20.4025513],[85.478869,20.4024464],[85.4788236,20.4021864],[85.4787992,20.4019766],[85.4787814,20.4017789],[85.4787652,20.4016451],[85.4787619,20.4015113],[85.4787895,20.4014246],[85.4788349,20.4013121],[85.4788648,20.4011866],[85.4788367,20.401029],[85.4788192,20.4008812],[85.4787772,20.4007268]]}},{"type":"Feature","properties":{"id":1490884955,"highway":"residential"},"geometry":{"type":"LineString","coordinates":[[85.4720376,20.4053322],[85.4721305,20.4052725],[85.4721615,20.4052312],[85.472183,20.4051631],[85.4722199,20.4050346],[85.4722879,20.4048346],[85.4723868,20.4045608],[85.4724607,20.4042715],[85.4724905,20.4042346],[85.4725346,20.4042223],[85.4726276,20.4042178],[85.4730639,20.4042603],[85.4731259,20.4042715],[85.4731998,20.4043296],[85.4732809,20.4043932],[85.473412,20.4044849],[85.4735181,20.4045608],[85.4736135,20.40461],[85.4737187,20.4046483]]}},{"type":"Feature","properties":{"id":1490884956,"highway":"residential"},"geometry":{"type":"LineString","coordinates":[[85.4731259,20.4042715],[85.4731462,20.4042167],[85.4731557,20.4041597],[85.473176,20.4040212]]}},{"type":"Feature","properties":{"id":1490884957,"highway":"residential"},"geometry":{"type":"LineString","coordinates":[[85.4722879,20.4048346],[85.4723598,20.4048357],[85.4724119,20.4048425],[85.47246,20.4048559],[85.4724967,20.4048779],[85.4725499,20.4049277],[85.4726347,20.4050407]]}},{"type":"Feature","properties":{"id":1490884958,"highway":"residential"},"geometry":{"type":"LineString","coordinates":[[85.4720376,20.4053322],[85.4720172,20.4053868],[85.471975,20.4054918],[85.4719345,20.4055906],[85.4718842,20.4057076],[85.471842,20.4058323],[85.4718047,20.4059539],[85.4717787,20.4060665],[85.4717674,20.4061486],[85.471756,20.4062778],[85.4717593,20.4064314],[85.471769,20.4066032],[85.4717787,20.4067369],[85.471769,20.4068601],[85.4717528,20.4070243]]}},{"type":"Feature","properties":{"id":1490884959,"highway":"residential"},"geometry":{"type":"LineString","coordinates":[[85.4711733,20.4040226],[85.4709885,20.4040214],[85.4707656,20.40404],[85.4704808,20.4040876],[85.4700636,20.4041559],[85.4695073,20.4042262],[85.4690967,20.4042593],[85.4689135,20.4042821],[85.4686817,20.4043069]]}}]}