{"type":"FeatureCollection","features":[{"type":"Feature","properties":{"id":22828408,"highway":"primary"},"geometry":{"type":"LineString","coordinates":[[85.5185695,20.4638804],[85.5186036,20.4639067],[85.5188539,20.4640997],[85.5199041,20.4651836],[85.5200176,20.4653008],[85.5229302,20.4677],[85.5231467,20.4678204],[85.5244071,20.4680984],[85.527674,20.4691657],[85.5290164,20.4696042],[85.5296401,20.469808],[85.5298046,20.4698806],[85.5299264,20.4700074],[85.5308533,20.4725744],[85.5309818,20.4733699],[85.5311036,20.4736424],[85.5321861,20.4753347],[85.5326812,20.4762223],[85.5330183,20.4770207],[85.5338584,20.4794959],[85.5351845,20.4850938],[85.5352752,20.4852878],[85.5353667,20.4854836],[85.5355987,20.4856718],[85.5358834,20.4857726],[85.5360811,20.4857904],[85.537797,20.4859452],[85.5398983,20.4860623],[85.5403373,20.4861625],[85.5421416,20.4868001],[85.5424136,20.4868504],[85.5441335,20.4867459],[85.5455711,20.4864793],[85.5461695,20.4863941],[85.5466762,20.4863807],[85.5471316,20.4864448],[85.5494463,20.4867708],[85.5498963,20.4866944],[85.5535441,20.4852894],[85.5543071,20.4851483],[85.5567685,20.4848256],[85.5576822,20.4848301],[85.5583113,20.4848861],[85.5598754,20.4850878],[85.5611267,20.4852491],[85.5613946,20.4852514],[85.5616099,20.4851931],[85.56183,20.4850587],[85.563215,20.4837209],[85.5634302,20.4835618],[85.5637771,20.4834005],[85.5648702,20.4832638],[85.5653214,20.4832352],[85.5674153,20.4831025],[85.5707737,20.4832324],[85.5736973,20.4831717],[85.5764935,20.4829527],[85.5769806,20.4829828],[85.5784944,20.4832506],[85.5794027,20.4835849],[85.5797494,20.4838036],[85.5801926,20.4841617],[85.580563,20.4845261],[85.5809767,20.4849215],[85.5818034,20.4866838],[85.5819782,20.48695],[85.5836132,20.4885629],[85.5874218,20.4918014],[85.5878136,20.4920954],[85.5881522,20.4922682],[85.5882459,20.4923023],[85.5883456,20.4923385],[85.5903052,20.4928134],[85.5915654,20.4931204],[85.5916256,20.4931524],[85.5927098,20.4934666],[85.5945248,20.4940633],[85.5947783,20.4942022],[85.595167,20.4944522],[85.5966943,20.496112],[85.5972062,20.496596],[85.5983879,20.4976379],[85.5993782,20.4984041],[85.6000486,20.4988024],[85.6059526,20.5009522],[85.606327,20.5011231],[85.6067408,20.5014166],[85.6102092,20.5052881],[85.6122615,20.5074389],[85.6130557,20.5085054],[85.6132709,20.5087294],[85.6135245,20.508828],[85.6138596,20.5088677],[85.6146355,20.5089413],[85.6150182,20.5091609],[85.6161401,20.5105594],[85.6177762,20.5123606],[85.6187415,20.5131029],[85.6202158,20.5142367]]}},{"type":"Feature","properties":{"id":317636809,"highway":"primary"},"geometry":{"type":"LineString","coordinates":[[85.5926097,20.4035577],[85.5936083,20.4038047]]}},{"type":"Feature","properties":{"id":561680044,"highway":"unclassified"},"geometry":{"type":"LineString","coordinates":[[85.5185695,20.4638804],[85.5184394,20.4642841],[85.5182723,20.4646676],[85.5179724,20.4653903],[85.5177217,20.4659557],[85.5174172,20.4666312],[85.5172472,20.4670041],[85.5171195,20.4672355],[85.5166598,20.4678449],[85.5164334,20.4681188],[85.5161858,20.4682472],[85.5135441,20.4692145],[85.5126428,20.4695562],[85.5120528,20.4698377],[85.5117953,20.4700487],[85.5113554,20.4703704],[85.5110872,20.4708227],[85.5113339,20.4713956],[85.5116665,20.4718479],[85.5124497,20.4715464],[85.5132651,20.4711242],[85.5138016,20.4706518],[85.5144453,20.4702297],[85.5150354,20.4697673],[85.5155289,20.4694859],[85.5162156,20.4692446],[85.516516,20.4690738],[85.5165803,20.4688225],[85.5170095,20.4684807],[85.5175245,20.4680385],[85.5178785,20.4675962],[85.5182648,20.4672946],[85.5185115,20.4672444],[85.5188012,20.4672142],[85.5191231,20.4664805],[85.5191955,20.4663548],[85.5192813,20.4661236],[85.5193967,20.4659427],[85.51952,20.4656487],[85.5196595,20.4654276],[85.5197829,20.4652793],[85.5199041,20.4651836]]}},{"type":"Feature","properties":{"id":576686275,"highway":"primary"},"geometry":{"type":"LineString","coordinates":[[85.6003672,20.4336786],[85.6002545,20.4341185],[85.6001972,20.4343361],[85.6001901,20.4343985],[85.6001713,20.4345633],[85.6001606,20.4352621],[85.6001607,20.4358804],[85.6001795,20.436456],[85.6002116,20.4370667],[85.600217,20.4378182],[85.6002116,20.4385269],[85.6001848,20.4390522],[85.6001177,20.4399219],[85.6000265,20.4407639],[85.5999286,20.4412653],[85.5997717,20.4421738],[85.5997475,20.4424302],[85.5997382,20.4428448],[85.5997308,20.4429843],[85.599533,20.4439506],[85.5994566,20.4443264],[85.5994425,20.4444339],[85.5994435,20.4445253],[85.5994633,20.4446695],[85.5995236,20.444912],[85.599645,20.4452871],[85.5997137,20.4455802],[85.5997583,20.4458808],[85.5997972,20.4462088],[85.5997872,20.4465085],[85.5997476,20.4467303],[85.5996846,20.4469502],[85.5995866,20.4471928],[85.5994593,20.4475207],[85.5992588,20.4478581],[85.5990673,20.4481701],[85.5988679,20.4484996],[85.5987592,20.4486492],[85.5986264,20.4487359],[85.5984105,20.4488151],[85.5979619,20.448915],[85.5977537,20.448985],[85.5975853,20.4490753],[85.5975037,20.4491431],[85.5974275,20.4492159],[85.5973524,20.4493416],[85.5973068,20.4494647],[85.5973001,20.4495891],[85.5973148,20.4497135],[85.5974356,20.4500999],[85.5976179,20.4504473],[85.598031,20.4512742],[85.5985379,20.4523372],[85.5986157,20.4525483],[85.5987069,20.4529957],[85.5988061,20.4538576],[85.5988526,20.4541808],[85.5989014,20.4544512],[85.5989698,20.4548367],[85.5991731,20.4560784],[85.5992015,20.4562879],[85.5993357,20.4572821],[85.5994658,20.4580211],[85.5995187,20.4583639],[85.5995187,20.4585315],[85.5994902,20.4587296],[85.5994008,20.4589391],[85.5992666,20.45916],[85.5989983,20.4594533],[85.5986202,20.4597847],[85.5982473,20.4600464],[85.5979005,20.4602685],[85.5975041,20.4604874],[85.5966901,20.4609019],[85.596237,20.4611041],[85.5960117,20.4612007],[85.5959044,20.4612467],[85.5957451,20.4613197],[85.595646,20.461386],[85.5955752,20.4614656],[85.5954584,20.4616446],[85.595416,20.4617209],[85.5951364,20.4621619],[85.5948992,20.4625333]]}},{"type":"Feature","properties":{"id":576686276,"highway":"primary"},"geometry":{"type":"LineString","coordinates":[[85.5941241,20.463906],[85.5940321,20.4640718],[85.5939507,20.4641846],[85.5938162,20.4643073],[85.593618,20.4644697],[85.5932505,20.4647945],[85.5931827,20.4648544],[85.5926235,20.465365],[85.5922625,20.4657198],[85.5919546,20.4660414],[85.5917246,20.4662769],[85.5916502,20.4663432],[85.5915724,20.4663962],[85.5914521,20.4664393],[85.5912397,20.4664891],[85.5905283,20.4665653],[85.589502,20.4666582],[85.5891126,20.4666814],[85.5888366,20.4667112],[85.5886632,20.4667378],[85.5882562,20.4668339],[85.5879663,20.4669469],[85.5877295,20.4670846],[85.5875707,20.4672334],[85.587496,20.4673209],[85.5872625,20.4678547],[85.5871224,20.4682222],[85.5870664,20.4684672],[85.5870664,20.4686422],[85.5871224,20.4687997],[85.5872719,20.4691147],[85.5873393,20.4693352],[85.5873608,20.4694825],[85.5873485,20.4695604],[85.5873115,20.4696326],[85.5872838,20.469673],[85.5871328,20.4697596],[85.5867076,20.4699097],[85.5863426,20.4700113],[85.5858825,20.4701042],[85.5856843,20.4701208],[85.5855639,20.4701208],[85.5854153,20.4700909],[85.5850862,20.4699649],[85.584527,20.4697461],[85.5839111,20.4694974],[85.5837094,20.4694344],[85.5835218,20.4694046],[85.5830617,20.4693814],[85.5827007,20.4693946],[85.5825132,20.4694178],[85.5824211,20.469441],[85.5823363,20.4694832],[85.5823079,20.4694974],[85.5822371,20.469567],[85.5821522,20.4696864],[85.5819575,20.4699948],[85.5817876,20.4702335],[85.5814195,20.4707209],[85.581101,20.4711884],[85.5808674,20.471583],[85.5807683,20.471772],[85.5807011,20.4719245],[85.5805949,20.4722196],[85.5803826,20.4728429],[85.5802799,20.4731447],[85.5802481,20.4732707],[85.5802375,20.4734033],[85.5802658,20.4737879],[85.5803153,20.4740863],[85.5803684,20.4742123],[85.5804569,20.4744013],[85.5806692,20.4747395],[85.5809311,20.475144],[85.5812072,20.4754855],[85.5814974,20.4758038],[85.5820601,20.4763708],[85.5824141,20.4767587],[85.5825981,20.4769543],[85.5826653,20.4770504],[85.5826972,20.4771333],[85.5827078,20.4772361],[85.5826547,20.4784927],[85.5826052,20.4795338],[85.5825521,20.4805085],[85.5825025,20.4813341],[85.5824141,20.4828393],[85.5823291,20.4835322],[85.5822725,20.483887],[85.5822194,20.4839964],[85.582138,20.4840859],[85.5815151,20.4845302],[85.5809767,20.4849215]]}},{"type":"Feature","properties":{"id":576686277,"highway":"primary"},"geometry":{"type":"LineString","coordinates":[[85.5948992,20.4625333],[85.5944993,20.4632396],[85.5941241,20.463906]]}},{"type":"Feature","properties":{"id":842339424,"highway":"unclassified"},"geometry":{"type":"LineString","coordinates":[[85.5392554,20.5104798],[85.5392207,20.5104336],[85.5385603,20.5095891],[85.5380305,20.5088669],[85.5377616,20.5085669],[85.5373622,20.5082928],[85.5371447,20.5081521],[85.5370182,20.5080521],[85.5367216,20.5076966],[85.5364132,20.5073521],[85.5362075,20.5070484],[85.5358002,20.5063484],[85.5355472,20.5058373],[85.5352308,20.5051706],[85.534958,20.5045706],[85.5348908,20.5043669],[85.5348433,20.5037002],[85.5348314,20.5029372],[85.5348393,20.5021113],[85.5348077,20.5010816],[85.5348038,20.4999853],[85.5347405,20.4990037],[85.5346654,20.4979444],[85.534614,20.4969443],[85.5345546,20.495822],[85.5344756,20.4946701],[85.5343609,20.4936108],[85.5342778,20.4926514],[85.5341236,20.4921291],[85.5340342,20.4918045],[85.5339974,20.4916163],[85.5339773,20.4914344],[85.5340208,20.4912305],[85.5341012,20.4908542],[85.5342184,20.4903367],[85.5343523,20.4897972],[85.5344728,20.4892514],[85.5345699,20.4887182],[85.5346369,20.4883481],[85.5347675,20.4878714],[85.5349382,20.4871531],[85.5349851,20.4869739]]}},{"type":"Feature","properties":{"id":1247200824,"highway":"unclassified"},"geometry":{"type":"LineString","coordinates":[[85.564431,20.4709832],[85.5644792,20.4712596],[85.5644524,20.4721591],[85.5644739,20.4722797],[85.5645329,20.4723952],[85.5647206,20.4725108],[85.5650157,20.4726364],[85.5650962,20.4727068],[85.5651766,20.4728224],[85.5652249,20.4729379],[85.5652786,20.4731641],[85.5653161,20.473551],[85.5653966,20.4740937],[85.5654341,20.4747922],[85.5654341,20.4752947],[85.5654073,20.4756766],[85.5652946,20.4760635],[85.5651713,20.4763148],[85.5649728,20.4766565],[85.5649406,20.4767922],[85.5649513,20.4768324],[85.565005,20.4768927],[85.5651874,20.4770082],[85.5652946,20.4770937],[85.5653966,20.4772042],[85.56552,20.4774303],[85.5655951,20.4776766],[85.5655897,20.4778424],[85.5655414,20.4780786],[85.5655307,20.4784705],[85.5655039,20.478561],[85.5654288,20.4786464],[85.565182,20.4788022],[85.5650747,20.4788977],[85.5647636,20.4792645],[85.5646777,20.4794102],[85.5646241,20.4797218],[85.5647153,20.4810735],[85.5647314,20.4811137],[85.5647421,20.4814353],[85.5647582,20.4814856],[85.5647475,20.4815107],[85.5649567,20.4821991],[85.5653214,20.4832352],[85.565359,20.4840634],[85.5653537,20.4842493],[85.565418,20.4845408],[85.565418,20.4846111],[85.5652142,20.4851589],[85.5651069,20.4855106],[85.5650532,20.4856262],[85.564962,20.4858172],[85.5648923,20.485988],[85.5648065,20.4864905],[85.5647796,20.4870885],[85.5649191,20.4873649],[85.5649834,20.4874101],[85.5650317,20.4875056],[85.5650103,20.487591],[85.5650317,20.4877317],[85.5652409,20.4881035],[85.5655789,20.4884402],[85.5658364,20.4886312],[85.5660027,20.4888774],[85.5661582,20.4892945],[85.5662333,20.4894352],[85.566464,20.4896814],[85.5668556,20.4903548],[85.5672204,20.491204]]}},{"type":"Feature","properties":{"id":1247200825,"highway":"unclassified"},"geometry":{"type":"LineString","coordinates":[[85.5692804,20.4694354],[85.5692375,20.4693349],[85.569157,20.4692847],[85.5687064,20.4692043],[85.5684114,20.4692143],[85.5682826,20.4691741],[85.5680895,20.4690284],[85.5679715,20.4688676],[85.5679071,20.4685811],[85.5678749,20.4685058],[85.5678052,20.4684153],[85.5676925,20.4683701],[85.5675799,20.46835],[85.567478,20.468355],[85.5672419,20.4684354],[85.5669415,20.4684656],[85.5662924,20.4683751],[85.565933,20.4683952],[85.5655628,20.4683048],[85.5654502,20.4688877],[85.5653483,20.4691289],[85.5652732,20.4694555],[85.5652034,20.4702595],[85.5652195,20.4703198],[85.5653,20.4704505],[85.5653,20.4705208],[85.565241,20.4706364],[85.5651283,20.4707872],[85.5649727,20.4709329],[85.564431,20.4709832],[85.5630523,20.4708827],[85.5629772,20.4708425],[85.5628377,20.4706967],[85.562725,20.4706113],[85.5625105,20.4706314],[85.5624085,20.4707319],[85.5621993,20.4708274],[85.5615234,20.4712143]]}},{"type":"Feature","properties":{"id":1247200826,"highway":"unclassified"},"geometry":{"type":"LineString","coordinates":[[85.5615234,20.4712143],[85.560531,20.4717872],[85.5593562,20.4720736],[85.5590612,20.4721188],[85.5587447,20.4721289],[85.558573,20.4721037],[85.5580634,20.471958],[85.5579668,20.4718977],[85.5578703,20.471757],[85.557527,20.4709781],[85.557468,20.4709681],[85.5564594,20.4710183],[85.5562072,20.4710503],[85.5561429,20.4710585],[85.5557031,20.4707168],[85.554952,20.4703148],[85.5546892,20.4701389],[85.5545765,20.4699882],[85.5544639,20.4690736],[85.554362,20.4687721],[85.5543029,20.4686515],[85.5537826,20.4681942]]}},{"type":"Feature","properties":{"id":1247200827,"highway":"unclassified"},"geometry":{"type":"LineString","coordinates":[[85.5537826,20.4681942],[85.5535305,20.4678575],[85.553155,20.467586],[85.5528385,20.4672543],[85.5524791,20.4669577],[85.5523771,20.466817],[85.5523396,20.4666511],[85.5523503,20.4664601],[85.5523879,20.4663143],[85.552522,20.4660128],[85.5525488,20.4658921],[85.5525488,20.4657815],[85.5525112,20.4656106],[85.5522752,20.4650829],[85.5521894,20.4647863],[85.5521786,20.4645702],[85.5522484,20.4640324],[85.5522216,20.4638966],[85.5524252,20.4631574],[85.5524695,20.4629798]]}},{"type":"Feature","properties":{"id":1247200828,"highway":"unclassified"},"geometry":{"type":"LineString","coordinates":[[85.5627998,20.4226314],[85.5627408,20.4227948],[85.5625687,20.4234344],[85.5624958,20.4238278],[85.562461,20.4242909],[85.5624483,20.4245521],[85.5624689,20.4249618],[85.5624942,20.425649],[85.5625164,20.4260571],[85.5625608,20.4265262],[85.5625623,20.4269135],[85.5625196,20.4272579],[85.56248,20.4274583],[85.5624166,20.4275978],[85.5622963,20.427902],[85.5622361,20.4282716],[85.5621838,20.4286931],[85.5620714,20.4291607],[85.5620033,20.429502],[85.5619336,20.4299859],[85.5618876,20.4302872],[85.5618116,20.4305543],[85.5617213,20.4307547],[85.5616131,20.4309027],[85.5610918,20.4312458],[85.5610213,20.4313313],[85.5605364,20.4322754],[85.5599141,20.4341302],[85.5595923,20.4348088],[85.5594796,20.4349143],[85.5592275,20.4350249],[85.5590236,20.4351807],[85.5589217,20.4353214],[85.5588734,20.435422],[85.5587769,20.4357889],[85.5583155,20.4368696],[85.5581439,20.4371661],[85.5578327,20.4375683],[85.5576879,20.4377894],[85.5575806,20.4380106],[85.5574626,20.4383272],[85.5573714,20.4385032],[85.5572748,20.4386188],[85.5571246,20.4387545],[85.5565721,20.4391264],[85.5563683,20.4393526],[85.5563039,20.4395185],[85.5563039,20.4397095],[85.5563683,20.4400815],[85.5563844,20.4403328],[85.556379,20.4404685],[85.5563468,20.440559],[85.5562127,20.4406997],[85.5560088,20.4408656],[85.5558157,20.4410264],[85.5553329,20.4415894],[85.5552364,20.4416397],[85.5551184,20.4416497],[85.5545712,20.4415592],[85.5541581,20.441519],[85.5538202,20.441519],[85.5537129,20.4415039],[85.5536002,20.4414537],[85.5533696,20.4412727],[85.5531872,20.4411772],[85.5527848,20.4410516],[85.5526024,20.4410264],[85.5524254,20.4410315],[85.5517334,20.4411772],[85.5514384,20.4413029],[85.5512667,20.4413934],[85.5511809,20.4415994],[85.5511809,20.4417904],[85.5512238,20.4420166],[85.5514652,20.4426047],[85.5517924,20.44361],[85.5518353,20.4438211],[85.5518353,20.443992],[85.5517924,20.4440825],[85.5513203,20.4446756],[85.5511648,20.4447661],[85.5509234,20.4448465],[85.5508054,20.4449269],[85.5507624,20.4450476],[85.5507678,20.4451431],[85.5508161,20.4452939],[85.5509287,20.4455351],[85.5513311,20.4461936],[85.5513633,20.4462237],[85.5516315,20.4467013],[85.5520499,20.4476211],[85.5522216,20.4481539],[85.5524952,20.4487822],[85.5526775,20.4494407],[85.5530101,20.450466],[85.553096,20.4514361],[85.5530886,20.4514574],[85.552758,20.4524113],[85.5525005,20.4536528],[85.5524891,20.4537594],[85.5524737,20.4539041],[85.5524451,20.4542095],[85.5524576,20.454648],[85.552522,20.4551105],[85.5525595,20.4553316],[85.55257,20.4558766],[85.5525703,20.4558946],[85.5525327,20.4560253],[85.5525381,20.4566184],[85.5526024,20.4568295],[85.5527741,20.4572567],[85.5529189,20.4579554],[85.5529082,20.4581816],[85.5529082,20.4585385],[85.5529619,20.4592422],[85.5529511,20.4598001],[85.5528385,20.4599408],[85.5522752,20.4604183],[85.5521947,20.4605088],[85.5521411,20.4606496],[85.5521411,20.4611874],[85.5521304,20.4614236],[85.5522731,20.4617732],[85.5524447,20.462032],[85.5525417,20.4623331],[85.5524695,20.4629798],[85.5519694,20.4630823],[85.5511916,20.4633538],[85.5506766,20.4634593],[85.5506122,20.4634895],[85.5505747,20.4635448],[85.5504352,20.4640424],[85.5505479,20.4644244],[85.550344,20.4645199],[85.5499256,20.46454],[85.5497432,20.4644998],[85.5495394,20.4643993],[85.549357,20.4643289],[85.549255,20.4643088],[85.5491531,20.464339],[85.5490029,20.4644445],[85.5488688,20.4645048],[85.5486059,20.46454],[85.5482948,20.4644596],[85.5482197,20.46453],[85.5479837,20.4650125],[85.547753,20.4652337],[85.547694,20.4653493],[85.5474687,20.4655604],[85.5470825,20.4658117],[85.5464709,20.4660278]]}},{"type":"Feature","properties":{"id":1247200829,"highway":"unclassified"},"geometry":{"type":"LineString","coordinates":[[85.5525327,20.4560253],[85.5515242,20.4559649],[85.5509877,20.4558895],[85.5505371,20.455789],[85.5503065,20.4558242],[85.5489439,20.4561559],[85.5470449,20.4568044],[85.5467069,20.4569702],[85.5465031,20.4570406],[85.5458057,20.4572215],[85.5444646,20.4576337],[85.5439014,20.4577745],[85.5437351,20.4578398],[85.5430913,20.4582469],[85.5429465,20.4583826],[85.5427695,20.4585887],[85.5426944,20.458644],[85.5424798,20.4587144],[85.5417019,20.4588451],[85.5414659,20.4589758],[85.5413157,20.4591014],[85.5412031,20.4592221],[85.5411387,20.4593176],[85.5411065,20.4594332],[85.5410958,20.4597448],[85.5410314,20.4599157],[85.5408919,20.4601318],[85.5407149,20.4602676],[85.5404306,20.4604334],[85.5401516,20.460725],[85.5397439,20.461112],[85.5396152,20.4612125],[85.5393792,20.4613533],[85.539288,20.4614337],[85.5391968,20.4615945],[85.5391485,20.4618006],[85.5390895,20.4619665],[85.5390197,20.462067],[85.5389339,20.4621474],[85.5386979,20.4622781],[85.5381829,20.4624239],[85.538022,20.4625345],[85.5377806,20.4628562],[85.5376089,20.4631326],[85.5373782,20.4634241],[85.5372817,20.4635247],[85.5369437,20.4638112],[85.5363804,20.4641479],[85.5357957,20.4644395],[85.5355811,20.4645149],[85.5352432,20.4646003],[85.5344814,20.4649823],[85.533489,20.4652688],[85.5323679,20.4651834],[85.5317241,20.4653091],[85.531533,20.4653369],[85.531413,20.4653543],[85.5302757,20.4657866],[85.5299914,20.4658469],[85.5291653,20.4660932],[85.5288381,20.4661786],[85.528543,20.4662791],[85.5274165,20.4667265]]}},{"type":"Feature","properties":{"id":1247200830,"highway":"unclassified"},"geometry":{"type":"LineString","coordinates":[[85.5263328,20.4642887],[85.5263757,20.4643591],[85.5270677,20.4647411],[85.5272394,20.4652839],[85.5272287,20.4653392],[85.5272609,20.465676],[85.527336,20.466249],[85.5274165,20.4667265],[85.5274915,20.4674855],[85.5275613,20.4679881],[85.5275559,20.4680434],[85.5275988,20.4681892]]}},{"type":"Feature","properties":{"id":1247200831,"highway":"unclassified"},"geometry":{"type":"LineString","coordinates":[[85.5194664,20.4874403],[85.5198526,20.4873549],[85.5200726,20.486988],[85.520373,20.4865157],[85.5204749,20.4862896],[85.5207431,20.4854805],[85.5208558,20.4852142],[85.521242,20.4849629],[85.5216336,20.4847619],[85.5223042,20.48438],[85.5224437,20.4842695],[85.5224705,20.4841539],[85.5224866,20.4837569],[85.5225349,20.4833851],[85.5229104,20.4825559],[85.5232859,20.4817569],[85.5233288,20.4814755],[85.5233663,20.4814001],[85.5234522,20.4812946],[85.5235648,20.4810735],[85.5241281,20.480571],[85.5242193,20.4804353],[85.5243695,20.4795308],[85.524466,20.4787368],[85.5245519,20.4782997],[85.5246967,20.4773348],[85.5253673,20.4756816],[85.5255282,20.4752243],[85.5262041,20.4736967],[85.5264348,20.4731138],[85.5265528,20.4729178],[85.5274916,20.4718977],[85.527572,20.4717319],[85.5276203,20.4715158],[85.5277008,20.4713047],[85.5277223,20.471154],[85.5277062,20.4704806],[85.5276203,20.4696264],[85.527674,20.4691657],[85.5277329,20.4686364],[85.5276525,20.4684806],[85.5275988,20.4681892]]}},{"type":"Feature","properties":{"id":1303662973,"highway":"unclassified"},"geometry":{"type":"LineString","coordinates":[[85.4921821,20.4378136],[85.4920087,20.4377162],[85.4917829,20.4375399],[85.4916793,20.4373548],[85.4915681,20.4370368],[85.4914607,20.4367349],[85.4913418,20.436521],[85.4911596,20.4363197],[85.4909352,20.4360951],[85.4905613,20.4358471],[85.4901029,20.4355506],[85.4899361,20.435414],[85.4895832,20.4350546],[85.4892591,20.4346934],[85.4887087,20.4339368],[85.4883443,20.4333851],[85.488181,20.4331955],[85.4880394,20.4330311],[85.4874372,20.4325297],[85.4867277,20.4320409],[85.4861945,20.431615],[85.4857784,20.4312322],[85.4852241,20.4307506],[85.484923,20.4305133],[85.4846814,20.430251],[85.4844954,20.4299616],[85.4843151,20.4296076],[85.4841732,20.4293218],[85.4840294,20.4288887],[85.483991,20.4285706],[85.4840102,20.4282525],[85.484037,20.4279614],[85.4841099,20.427611],[85.4841847,20.4272749],[85.4842499,20.4269837],[85.4843324,20.426689],[85.4844359,20.4265111],[85.4845874,20.4261229],[85.484785,20.4257203],[85.4849844,20.4253663],[85.4851743,20.4249008],[85.4853699,20.4244965],[85.4855444,20.4240795],[85.4857247,20.4236823],[85.486043,20.4231971],[85.4862693,20.4228556],[85.4864915,20.4225455],[85.4865359,20.4224836],[85.4867104,20.4221583],[85.4868446,20.421966],[85.486952,20.4217647],[85.4869923,20.4215526],[85.487,20.4213765],[85.4870096,20.4211303],[85.4869866,20.4209739],[85.4869846,20.4208463],[85.4871687,20.4205192],[85.4876674,20.4199387],[85.4878879,20.4196547],[85.488072,20.4194103],[85.4882676,20.4191695],[85.4884383,20.4189466],[85.4886377,20.41881],[85.4887931,20.4187273],[85.4889005,20.4185961],[85.4889388,20.4183877],[85.4889925,20.4181181],[85.4890347,20.417755],[85.4891114,20.4174207],[85.4892092,20.4172087],[85.4893895,20.4168312],[85.4896331,20.4164556],[85.4897807,20.4162237],[85.4898479,20.4159631],[85.4898651,20.4156738],[85.4898709,20.4153215],[85.4899092,20.4151148],[85.4899917,20.4149548],[85.490101,20.4147428],[85.4901451,20.4144768],[85.4901106,20.4141209],[85.4900952,20.4139142],[85.4900473,20.4135493],[85.4900339,20.4131953],[85.4900147,20.4126992],[85.490007,20.4123757],[85.4900492,20.412196],[85.4901202,20.4120701],[85.4902372,20.4119192],[85.4904539,20.4117322],[85.4907281,20.4115507],[85.4909851,20.4113836],[85.4911481,20.4112793],[85.4912421,20.4111984],[85.4912862,20.4111068],[85.4913015,20.410972],[85.4912747,20.4108497],[85.4912689,20.4107617],[85.4912612,20.4106448],[85.4913053,20.4105532],[85.4913744,20.4104831],[85.4915201,20.4104112],[85.4916563,20.4103914],[85.4918136,20.4103842],[85.4920245,20.4104076],[85.4923218,20.4104633],[85.4924598,20.4105011],[85.4926996,20.410528],[85.4928472,20.4105604],[85.4929834,20.4106718],[85.4931675,20.4108911],[85.4933209,20.4110349],[85.4935261,20.4111122],[85.4936834,20.4111661],[85.4939077,20.4112416],[85.4941666,20.4112829],[85.4944716,20.4113494],[85.4947305,20.4113458],[85.4949127,20.4113117],[85.4952559,20.4112308],[85.4955455,20.4111625],[85.4958332,20.4110852],[85.4960154,20.4110007],[85.4961362,20.4108659],[85.4962666,20.4107221],[85.4963797,20.4106161],[85.4965677,20.410519],[85.4967017,20.4104896],[85.4969033,20.4104453],[85.4972485,20.4103285],[85.4975419,20.4102584],[85.4978871,20.4101757],[85.4980942,20.4101883],[85.4986772,20.4102027],[85.4993177,20.4101596],[85.4996284,20.41012],[85.4998049,20.4100715],[85.4999372,20.4100086],[85.5000791,20.4099349],[85.5002229,20.4098935],[85.5004972,20.4098504],[85.5006774,20.409863],[85.500875,20.4098953],[85.5010572,20.4099205],[85.5011626,20.4099079],[85.5013659,20.4098774],[85.5016574,20.4097929],[85.5018319,20.409721],[85.5019988,20.4096221],[85.5022308,20.4094298],[85.5024207,20.409313],[85.5027678,20.4091261],[85.5028809,20.4090793],[85.5030497,20.409056],[85.503207,20.4090757],[85.5033834,20.4091261],[85.5035637,20.4092249],[85.5037996,20.4092968],[85.5040048,20.409322],[85.5041773,20.4092788],[85.504396,20.4091656],[85.5045302,20.409029],[85.5046299,20.4088439],[85.5047143,20.4087432],[85.5049349,20.4087091],[85.5051535,20.4087109],[85.5053702,20.4087414],[85.5055464,20.4087612],[85.5056558,20.4087612],[85.5058073,20.4086677],[85.5061179,20.4084988],[85.5065456,20.4083118],[85.5069656,20.408177],[85.5072264,20.4081015],[85.5075639,20.4080674],[85.5079724,20.408053],[85.5085938,20.4080368],[85.5091595,20.4079757],[85.5094913,20.4079541],[85.5102584,20.4079955],[85.5108203,20.4080368],[85.5112173,20.408044],[85.5115529,20.4080476],[85.5118501,20.408053],[85.5123756,20.4079973],[85.5131093,20.4079586],[85.5147417,20.4082175],[85.5155786,20.4083836],[85.5162464,20.4085459],[85.5168935,20.4087661],[85.517854,20.409164],[85.5186496,20.4095272],[85.5192762,20.4097938],[85.5201336,20.4101299],[85.521024,20.4105201],[85.5221824,20.4108833],[85.5225663,20.411033],[85.5229031,20.4111244],[85.5234139,20.4112354],[85.5238226,20.4113485],[85.5243195,20.4115226],[85.5246911,20.4117163],[85.5252809,20.4121276],[85.5257801,20.4124954],[85.5261958,20.4127914],[85.5263908,20.4130787],[85.5265696,20.4132898],[85.5270224,20.4137185],[85.5273104,20.4139949],[85.5278259,20.4141973],[85.5280488,20.4142734],[85.5284761,20.4143039],[85.5287176,20.4143017],[85.5289335,20.41428],[85.5292725,20.4141537],[85.5295744,20.4140819],[85.5299622,20.4140275],[85.5304196,20.4140036],[85.530898,20.4140972],[85.531457,20.4142592],[85.531873,20.414376],[85.5319095,20.4144498],[85.531932,20.4151296],[85.531977,20.4152034],[85.53241,20.4153114],[85.5333604,20.4155907],[85.534007,20.4159148],[85.5344738,20.4163918],[85.5346678,20.4164102],[85.5351064,20.4163549],[85.5353791,20.4163628],[85.5358248,20.4164503],[85.5360371,20.4164919],[85.5371786,20.4168819],[85.5380165,20.4171349],[85.5386013,20.417293],[85.539456,20.4175301],[85.540367,20.4177357],[85.5407775,20.4178753],[85.5412414,20.4181599],[85.5415535,20.4183891],[85.5423099,20.4187001],[85.5430128,20.4188819],[85.5437466,20.4191164],[85.5440503,20.4192402],[85.5443174,20.4193061],[85.5447279,20.4193061],[85.5451834,20.4192982],[85.5459229,20.4193852],[85.5463277,20.4194326],[85.546786,20.4194379],[85.5471993,20.4193852],[85.5475396,20.4193614],[85.548369,20.4193483],[85.5487711,20.4194247],[85.5492181,20.4194379],[85.5495836,20.4193878],[85.5499238,20.4193641],[85.5501881,20.4192877],[85.5503934,20.4191954],[85.5505199,20.4191507],[85.5507983,20.4191322],[85.5510682,20.4191348],[85.5513325,20.419206],[85.5515996,20.4193852],[85.5517458,20.4195116],[85.5518892,20.4195248],[85.5523559,20.4195222],[85.5527552,20.4194748],[85.5529351,20.4194458],[85.5530813,20.4194537],[85.5538995,20.4197251],[85.5542847,20.4198674],[85.5546193,20.4200018],[85.5549005,20.4201678],[85.5549989,20.4202363],[85.5553925,20.4203417],[85.555848,20.4203548],[85.556236,20.4203838],[85.5567477,20.4205656],[85.5571723,20.420837],[85.5574591,20.4210004],[85.5579286,20.4211822],[85.558491,20.4213008],[85.5589436,20.4214088],[85.559357,20.4215169],[85.5596156,20.4216433],[85.55979,20.4218752],[85.5600599,20.422194],[85.5603101,20.4224127],[85.5605632,20.4224733],[85.5611058,20.4224918],[85.5614545,20.4225076],[85.5616738,20.422447],[85.5623345,20.4225787],[85.5627998,20.4226314]]}},{"type":"Feature","properties":{"id":1303662974,"highway":"unclassified"},"geometry":{"type":"LineString","coordinates":[[85.5627998,20.4226314],[85.5628585,20.4223658],[85.5629266,20.4220066],[85.5629773,20.4218804],[85.5630518,20.421824],[85.5632608,20.4217602],[85.5635491,20.4217602],[85.5638833,20.4218092],[85.564851,20.4220006],[85.5651693,20.4220734],[85.5654196,20.4220704],[85.5656382,20.4220466],[85.5659803,20.422063],[85.5662432,20.4220719],[85.5666407,20.4220986],[85.5669527,20.4221906],[85.567146,20.4223598],[85.5672568,20.4224236],[85.5675245,20.4224133],[85.5679331,20.4224563],[85.5682055,20.4224682],[85.5685572,20.4225186],[85.5687662,20.4226493],[85.5689468,20.4227517],[85.5693206,20.4229179],[85.5696864,20.4230456],[85.5700808,20.4232148],[85.5704989,20.4233632],[85.570822,20.4235844],[85.5711135,20.4237461],[85.5713827,20.4238248],[85.5718357,20.4239584],[85.5722823,20.4241009],[85.5725706,20.4242909],[85.5730188,20.4244972],[85.5734322,20.4245862],[85.5738472,20.4245966],[85.5744459,20.4245491],[85.5747009,20.4245046],[85.5749463,20.4244823],[85.5750952,20.4244764],[85.575271,20.4244912],[85.5756987,20.4246708],[85.5761944,20.4248282],[85.576603,20.4249855],[85.5768074,20.4250597],[85.5769863,20.4250597],[85.5771875,20.4249914],[85.5776119,20.4248163],[85.5778986,20.4246634],[85.5781109,20.4245091],[85.578453,20.4242597],[85.5786985,20.4241335],[85.5789677,20.4239955],[85.5793367,20.4238248],[85.5795933,20.4237447],[85.5798958,20.4237625],[85.5800864,20.4238329],[85.5803545,20.4240634],[85.5807025,20.4244103],[85.5809039,20.4244997],[85.5811367,20.4244924],[85.5814075,20.4244814],[85.5816129,20.4245022],[85.5817947,20.4244188],[85.5822399,20.4241755],[85.5825333,20.4240353],[85.5827021,20.4239796],[85.5829053,20.4239364],[85.5831508,20.4239059],[85.5833771,20.4239239],[85.5837913,20.4240047],[85.5842746,20.4240676],[85.5847847,20.4248189],[85.5850858,20.4251729],[85.5856247,20.4257857],[85.5859622,20.426111],[85.5863094,20.4263698],[85.5877018,20.4274897],[85.5880048,20.4277225],[85.5883044,20.4279395],[85.5885482,20.4280983],[85.5886945,20.4282289],[85.5887316,20.4283573],[85.5887061,20.4285488],[85.588597,20.4287816],[85.5885366,20.42891],[85.5883578,20.4294518],[85.5882672,20.4296325],[85.5881047,20.4301591],[85.5879514,20.4306595],[85.5879166,20.4308554],[85.5879816,20.431036],[85.5880605,20.4311078],[85.5883299,20.4312297]]}},{"type":"Feature","properties":{"id":1303662975,"highway":"unclassified"},"geometry":{"type":"LineString","coordinates":[[85.5883299,20.4312297],[85.5888849,20.4313929]]}},{"type":"Feature","properties":{"id":1303662976,"highway":"unclassified"},"geometry":{"type":"LineString","coordinates":[[85.5888849,20.4313929],[85.589073,20.4314712],[85.5895518,20.4318155],[85.589783,20.4320473],[85.5899893,20.4322437],[85.5903739,20.432596],[85.5905457,20.4327732],[85.5907563,20.4329483],[85.5909648,20.4330637],[85.5910668,20.4331144],[85.5911873,20.4331344],[85.5913256,20.4331376],[85.5915622,20.4331285],[85.5919263,20.4331234],[85.592407,20.4330668],[85.5928996,20.4329645],[85.5931103,20.4329483],[85.5932475,20.4329483],[85.5934354,20.4329837],[85.5936223,20.4330698],[85.5937768,20.4331305],[85.5940501,20.4331528],[85.5943494,20.433169],[85.5945034,20.4331672],[85.594613,20.433166],[85.5951401,20.4331477],[85.5955744,20.4331386],[85.597053,20.4333201],[85.5982564,20.4335757],[85.5987991,20.4336758],[85.5991786,20.4337443],[85.599516,20.4338524],[85.5998815,20.4340473],[85.6000559,20.4341896],[85.6001901,20.4343985]]}},{"type":"Feature","properties":{"id":1303662980,"highway":"unclassified"},"geometry":{"type":"LineString","coordinates":[[85.4921821,20.4378136],[85.4923042,20.4378265],[85.4925851,20.4378425],[85.4927519,20.4378369],[85.4930268,20.4377699],[85.4934047,20.4376303],[85.4937247,20.4374868],[85.4939945,20.4373528],[85.4942694,20.4372005],[85.4945767,20.4370114],[85.4948448,20.4368073],[85.4950967,20.4366007],[85.4953376,20.4363535],[85.4957011,20.4360955],[85.4959371,20.4360217],[85.4964384,20.4359977],[85.4967147,20.4359377],[85.4969708,20.4357886],[85.4972873,20.4355246],[85.497516,20.4353206],[85.4977099,20.4351286],[85.497794,20.435048],[85.4979111,20.4349623],[85.4981471,20.4348543],[85.4985094,20.4347188],[85.4986575,20.4346503],[85.4987344,20.4345868],[85.4988094,20.4344651],[85.4988844,20.4343074],[85.498932,20.4341977],[85.4990747,20.4338805],[85.4991515,20.4337571],[85.4992229,20.4336405],[85.4993802,20.4335308],[85.499618,20.4334468],[85.4998376,20.4334382],[85.5000168,20.4334519],[85.5001723,20.4334674],[85.5003089,20.433445],[85.5003187,20.4334434],[85.50067,20.4332634],[85.5010761,20.4330388],[85.5012975,20.4329171],[85.5013633,20.4328536],[85.5013944,20.4328005],[85.5014164,20.4327336],[85.50142,20.4326239],[85.5013615,20.432497],[85.5012005,20.4322313],[85.5010596,20.4319382],[85.5009517,20.431705],[85.5008621,20.4314821],[85.5008236,20.4312576],[85.5008419,20.4310055],[85.5008858,20.4304381],[85.5008017,20.4301261],[85.5006663,20.4296752],[85.5005273,20.4293357],[85.5002419,20.4287545],[85.5000809,20.428446],[85.4999985,20.4282042],[85.4999638,20.4279814],[85.4999437,20.4277088],[85.4999565,20.4275322],[85.5000242,20.4273093],[85.5000882,20.4271087],[85.5001797,20.4269801],[85.500101,20.4268756],[85.5000187,20.4267401],[85.4999857,20.4266081],[85.5000168,20.4263424],[85.4999876,20.4261555],[85.49994,20.425792]]}},{"type":"Feature","properties":{"id":1303662986,"highway":"unclassified"},"geometry":{"type":"LineString","coordinates":[[85.5002905,20.433692],[85.500243,20.4343256]]}},{"type":"Feature","properties":{"id":1303662987,"highway":"unclassified"},"geometry":{"type":"LineString","coordinates":[[85.5003089,20.433445],[85.5002905,20.433692]]}},{"type":"Feature","properties":{"id":1303662988,"highway":"unclassified"},"geometry":{"type":"LineString","coordinates":[[85.500243,20.4343256],[85.50026,20.434466],[85.5006166,20.43507],[85.5009135,20.4356533],[85.5011948,20.4362428],[85.501341,20.436685],[85.5013809,20.4370773],[85.5014119,20.437727],[85.5014761,20.4379491],[85.5015536,20.4380487],[85.5016954,20.4383622]]}},{"type":"Feature","properties":{"id":1303662990,"highway":"unclassified"},"geometry":{"type":"LineString","coordinates":[[85.5044577,20.4372624],[85.5043048,20.4373177],[85.5039481,20.4374081],[85.5035618,20.4374207],[85.5031381,20.4376519],[85.5025131,20.4380164],[85.5021537,20.4382375],[85.5019686,20.4383406],[85.5016954,20.4383622]]}},{"type":"Feature","properties":{"id":1303662991,"highway":"unclassified"},"geometry":{"type":"LineString","coordinates":[[85.5016954,20.4383622],[85.5016547,20.4384189],[85.5015142,20.4385392],[85.5014235,20.4386879],[85.5014099,20.4388394],[85.5014025,20.4392563],[85.5013374,20.4395416],[85.5013359,20.4398913],[85.5014295,20.4399876],[85.5015882,20.4400796],[85.5017876,20.4401928],[85.5019856,20.4403882],[85.5021185,20.4405836],[85.5023361,20.4409942],[85.5026901,20.4416363],[85.50282,20.4419467],[85.502859,20.4423119],[85.5029596,20.4426771],[85.5031058,20.4428931],[85.5034501,20.443094],[85.5037846,20.4433344],[85.5040639,20.443733],[85.5043919,20.4441408],[85.5044861,20.444296],[85.5045738,20.444786],[85.5045803,20.4450294],[85.5047524,20.4453702],[85.5049732,20.4457354],[85.5050609,20.4460215],[85.5051681,20.446201],[85.5054149,20.4462771],[85.5055643,20.4462948],[85.5056715,20.4463075],[85.5062593,20.4460641],[85.506714,20.445921],[85.5071427,20.4458024],[85.507409,20.4456959],[85.5075389,20.4455741],[85.5075649,20.4454555],[85.5074707,20.4452455],[85.5073376,20.4451298],[85.5071719,20.4451085],[85.5070583,20.445002],[85.5069089,20.4447829],[85.5065776,20.4443386],[85.5061846,20.4431244],[85.5064639,20.4430666],[85.5067075,20.4429175],[85.5068082,20.4428079],[85.5069771,20.4427562],[85.5071589,20.4426466],[85.5072109,20.4424701],[85.5072304,20.4424214],[85.5074642,20.4423606],[85.5078474,20.4422784],[85.5083638,20.4421232]]}},{"type":"Feature","properties":{"id":1303662992,"highway":"unclassified"},"geometry":{"type":"LineString","coordinates":[[85.5055643,20.4462948],[85.5056512,20.4464723],[85.5057558,20.4468317],[85.5057666,20.447259],[85.5058363,20.4477541],[85.5059329,20.4481763],[85.506016,20.4484201],[85.5062708,20.448782],[85.5065981,20.4492293],[85.5069897,20.4497143],[85.5076575,20.450511],[85.5080518,20.4512926],[85.5085158,20.4524185],[85.5088726,20.4533685],[85.5091113,20.454233],[85.5093473,20.4549391],[85.5094412,20.4555021],[85.5095431,20.4563515],[85.5095565,20.4568441],[85.5095619,20.4570476],[85.5095217,20.4571582],[85.5091998,20.4574422],[85.5090067,20.4575578],[85.5089584,20.4576935],[85.509055,20.457995],[85.5092561,20.4584524],[85.5092561,20.4585956],[85.5091998,20.4586962],[85.5089906,20.4589274],[85.5089396,20.4590128],[85.5089504,20.4593294],[85.5089074,20.4596938],[85.5087974,20.4600549]]}},{"type":"Feature","properties":{"id":1303827359,"highway":"unclassified"},"geometry":{"type":"LineString","coordinates":[[85.5186036,20.4639067],[85.5186496,20.4636957],[85.5185797,20.4633165],[85.5183773,20.4627546],[85.5182228,20.4624271],[85.5182117,20.4620238],[85.5181455,20.4616101],[85.5179431,20.4610103],[85.5178879,20.4606448],[85.5178585,20.4601519],[85.5178585,20.4597106],[85.5178511,20.4593004],[85.5178659,20.4590556],[85.5178143,20.4587212],[85.5176672,20.4582317],[85.5175163,20.4579352],[85.517233,20.457556],[85.5169239,20.4572767],[85.5167473,20.4570147],[85.5166332,20.4565011],[85.516578,20.4556357],[85.5166038,20.4552531],[85.516567,20.4548463],[85.5165707,20.4544532],[85.5166663,20.4541051],[85.5168135,20.4537534],[85.51706,20.4533259],[85.517244,20.453026],[85.5176193,20.4528191],[85.5177702,20.4527157],[85.5179468,20.4524399],[85.5180351,20.4523709],[85.5183111,20.4521951],[85.5186091,20.4520365],[85.5187968,20.4518021],[85.5190065,20.4515608],[85.5192089,20.4513125],[85.5195621,20.451085],[85.519908,20.4508713],[85.5202355,20.4506816],[85.5208242,20.4504886],[85.5211848,20.4503886]]}},{"type":"Feature","properties":{"id":1303827360,"highway":"unclassified"},"geometry":{"type":"LineString","coordinates":[[85.5208242,20.4504886],[85.5208168,20.4502369],[85.5208683,20.4498128],[85.5210045,20.4492233],[85.521159,20.4488923],[85.5212951,20.4487027],[85.5216337,20.4483373],[85.5219722,20.4479477],[85.5222518,20.4476374],[85.5227375,20.447203],[85.5233005,20.4467307],[85.5239996,20.4462169],[85.5246067,20.4457067],[85.5250225,20.4453688],[85.5254971,20.4449482],[85.5258798,20.4441931],[85.5259708,20.4439579],[85.5259572,20.4437627],[85.5259747,20.4434711],[85.5260099,20.4431842],[85.5261755,20.4430525],[85.5262307,20.443036],[85.5262659,20.442862],[85.526453,20.4426867],[85.5267248,20.4425656],[85.5267698,20.4425434],[85.5268094,20.4425238],[85.5268673,20.4420187],[85.5269431,20.4413549],[85.5271257,20.440687],[85.5272817,20.4402361],[85.5274821,20.4398562],[85.5274866,20.4392843],[85.5274599,20.4388793],[85.527393,20.4384326],[85.5273752,20.4382447],[85.5274198,20.4381779],[85.5276604,20.438107],[85.527941,20.4380694],[85.5282885,20.4381445],[85.5285915,20.4382155],[85.5288722,20.4382197],[85.5290459,20.4381988],[85.5292331,20.4380736],[85.5295137,20.4379191],[85.5297499,20.4377939],[85.5299726,20.4377855],[85.5303201,20.4379024],[85.5306142,20.4380277],[85.5310196,20.4381863],[85.5315052,20.4384451],[85.5320042,20.4387123],[85.5323963,20.4388376],[85.5326814,20.4389461],[85.5329086,20.438967],[85.5334522,20.4388543],[85.5337774,20.4387081],[85.5341873,20.438633],[85.5346239,20.4385203],[85.5349358,20.4383491],[85.535261,20.4380569],[85.5355952,20.4377229],[85.5358981,20.437343],[85.5360808,20.4371342],[85.5363258,20.4368086],[85.5364461,20.4365331],[85.5365619,20.4361323],[85.5366243,20.4359068],[85.5366421,20.4353683],[85.5366199,20.4347504],[85.5365887,20.4341158],[85.5364105,20.4335355],[85.5363436,20.4332641],[85.536406,20.4330387],[85.5365486,20.4328299],[85.5367981,20.4326504],[85.5370387,20.432521],[85.5373283,20.4324125],[85.5376668,20.4322371],[85.5378361,20.432162],[85.5378599,20.4321016],[85.5378223,20.4320428],[85.5379227,20.4316618],[85.5380481,20.4314149],[85.5380883,20.4312949],[85.5380858,20.4311585],[85.538003,20.4310574],[85.5376591,20.4308646],[85.5374885,20.4307329],[85.5373354,20.4306294],[85.5372049,20.4304671],[85.5371095,20.4302672],[85.5370342,20.4299709],[85.5369163,20.4296792],[85.536841,20.4293476],[85.5368334,20.4290983],[85.5368887,20.4289196],[85.5369941,20.4287244],[85.5371472,20.4285339],[85.5373253,20.428341],[85.5374358,20.4280612],[85.5374625,20.4279939]]}},{"type":"Feature","properties":{"id":1303827361,"highway":"unclassified"},"geometry":{"type":"LineString","coordinates":[[85.5376832,20.4274374],[85.5377846,20.4271816],[85.5380005,20.4266171],[85.5382238,20.4260903],[85.5382916,20.4259257],[85.5384045,20.4258292],[85.5387333,20.4257046],[85.5389566,20.4255917],[85.5390445,20.4254882],[85.5390746,20.4252695],[85.5390545,20.4246298],[85.5390119,20.4238772],[85.5389792,20.4230258],[85.5389667,20.4223743],[85.5389516,20.4222779],[85.5389014,20.4222332],[85.538791,20.422212],[85.5385802,20.422212],[85.5364796,20.4222826],[85.5363892,20.4222826],[85.5363064,20.4222402],[85.5362688,20.4220544],[85.5361709,20.4211442],[85.5360354,20.4195802],[85.5360053,20.4188416],[85.5359927,20.4180749],[85.5360379,20.4177621],[85.5360931,20.4175692],[85.5360881,20.4174234],[85.5359952,20.4171341],[85.5359124,20.4168495],[85.5358248,20.4164503]]}},{"type":"Feature","properties":{"id":1303827362,"highway":"unclassified"},"geometry":{"type":"LineString","coordinates":[[85.5374625,20.4279939],[85.5376832,20.4274374]]}},{"type":"Feature","properties":{"id":1303827363,"highway":"unclassified"},"geometry":{"type":"LineString","coordinates":[[85.5267698,20.4425434],[85.5268445,20.4425764],[85.5269896,20.4425803],[85.5270891,20.4425415],[85.5272652,20.4424929],[85.527572,20.4424172],[85.5278249,20.4423841],[85.5281565,20.4423492],[85.528428,20.4422987],[85.5285793,20.442322],[85.5289462,20.4423317],[85.5292571,20.4423278],[85.5295224,20.4422754],[85.5297566,20.4422229],[85.5299287,20.4421375],[85.5301007,20.4419685],[85.5303287,20.4417801],[85.5305318,20.4416209],[85.5307847,20.441481],[85.5310044,20.4414441],[85.5312344,20.4415354],[85.5314935,20.4418112],[85.531649,20.4418947],[85.5319184,20.4419413],[85.5325237,20.4419996],[85.5329444,20.4420268],[85.5332574,20.4421161],[85.5334211,20.442256],[85.5335372,20.442456],[85.533732,20.4425686],[85.5341078,20.4427156],[85.5344868,20.4427639],[85.5346818,20.4427673],[85.534726,20.4425984],[85.5347848,20.4424225],[85.5349099,20.4423087],[85.5350792,20.442226],[85.5353294,20.4421881],[85.5355907,20.4420605],[85.5358151,20.4418985],[85.5359733,20.4416192],[85.5361242,20.4413916],[85.5362566,20.4412399],[85.5364333,20.4411296],[85.5365664,20.4410777],[85.5367036,20.4410406],[85.5368902,20.4410075],[85.5370768,20.440973],[85.5373058,20.4409346],[85.5375122,20.4408578],[85.5375928,20.4408472],[85.5377907,20.440977],[85.5379872,20.4412578],[85.5380961,20.441434],[85.5381696,20.4417811],[85.5382445,20.4419705],[85.5383859,20.4421745],[85.5385018,20.4423414],[85.5386786,20.4425295],[85.538803,20.4426329],[85.538967,20.4428435],[85.5391479,20.4430303],[85.5393048,20.4431098],[85.5395409,20.4431376],[85.5396512,20.4431641],[85.539794,20.4432462],[85.5399551,20.4432939],[85.5402761,20.4434012],[85.5405291,20.4434436],[85.5406719,20.4434701],[85.5408727,20.4435562],[85.5411116,20.4436887],[85.5412812,20.4437443],[85.5415809,20.4437933],[85.5419457,20.4438503],[85.5423104,20.4439403],[85.5427953,20.444037],[85.5431445,20.4441125],[85.5433764,20.4441483],[85.54344,20.4442093],[85.5434994,20.4444848],[85.5435616,20.4446583],[85.5437991,20.4452173],[85.5439115,20.4454537],[85.5440088,20.4456188],[85.5443461,20.4459036],[85.5448748,20.4463392],[85.5451422,20.4465926],[85.5453367,20.4468005],[85.5456467,20.4469855],[85.5459171,20.4471422],[85.5460083,20.4472589],[85.5461754,20.4475778],[85.5463365,20.4478483],[85.5464915,20.4481501],[85.5466464,20.4486569],[85.5467315,20.4489445],[85.5468349,20.4491865],[85.5471266,20.4496877],[85.5477495,20.45067],[85.547865,20.4509319],[85.5479926,20.45108],[85.5483877,20.4515384],[85.5487918,20.4519513],[85.549193,20.4524467],[85.5494847,20.4527855],[85.5496366,20.4530076],[85.5497491,20.4530845],[85.550059,20.4532297],[85.5505756,20.453466],[85.5509312,20.4535742],[85.5512411,20.4535941],[85.551621,20.4536653],[85.5519431,20.4536938],[85.5522804,20.4536795],[85.5524891,20.4537594]]}},{"type":"Feature","properties":{"id":1303827364,"highway":"unclassified"},"geometry":{"type":"LineString","coordinates":[[85.5346818,20.4427673],[85.5347462,20.4429639],[85.534932,20.4433425],[85.5351202,20.4437894],[85.5352482,20.4442479],[85.5352909,20.444596],[85.5353436,20.445205],[85.5354465,20.4457529],[85.5355167,20.4460304],[85.5356021,20.4464278],[85.5356472,20.4467241],[85.5355669,20.4468229],[85.535331,20.4469758],[85.5348366,20.4475966],[85.5347237,20.4478317],[85.5345781,20.4480034],[85.5343648,20.4481703],[85.5341715,20.4484737],[85.5339582,20.4487535],[85.5338754,20.4490051],[85.533775,20.4492897],[85.5335592,20.449767],[85.5334864,20.4499434],[85.5334487,20.4501362],[85.5335592,20.4504796],[85.533647,20.4506465],[85.5337248,20.4509428],[85.5337399,20.4512438],[85.533785,20.4514578],[85.5337492,20.4515067],[85.5336375,20.4515875],[85.5333251,20.4516272],[85.5330734,20.4516219],[85.5329405,20.4516497],[85.5328359,20.4517292],[85.5327935,20.4518656],[85.5327341,20.4520021],[85.5326436,20.4521729],[85.532573,20.452365],[85.5324754,20.4525862],[85.5323694,20.4527399],[85.5322662,20.4529227],[85.5322026,20.4531293],[85.5321672,20.4533108],[85.5321545,20.4534936],[85.532134,20.4536264],[85.5320336,20.4537839],[85.531883,20.4540567],[85.5317952,20.4543436],[85.5317876,20.4546469],[85.5317876,20.4548891],[85.5317149,20.4551031],[85.5315844,20.4553664],[85.5314789,20.4555405],[85.5313986,20.4556862],[85.531356,20.4558932],[85.5312982,20.4561354],[85.531243,20.4563399],[85.531233,20.4566151],[85.5312732,20.4570266],[85.5313284,20.4573605],[85.5314112,20.4577085],[85.5315542,20.4579436],[85.5317005,20.4581178],[85.5318186,20.4583178],[85.5319181,20.458477],[85.532084,20.4586576],[85.5322684,20.4587508],[85.5324943,20.4588868],[85.5327016,20.4590344],[85.5328571,20.4591509],[85.5330125,20.4592771],[85.5330685,20.4594499],[85.5330229,20.4596616],[85.5329607,20.459815],[85.53294,20.4600034],[85.5330146,20.4601995],[85.533054,20.4603199],[85.5330353,20.460386],[85.5329711,20.4604559],[85.5329089,20.4605044],[85.5328736,20.4605763],[85.5328819,20.4606986],[85.5329027,20.4608365],[85.5329835,20.4610054],[85.5330353,20.461087],[85.5331431,20.4611239],[85.5332882,20.4611724],[85.5334146,20.4612365],[85.5335348,20.4613433],[85.5336675,20.4615686],[85.5337276,20.4617667],[85.5337836,20.4620502],[85.5338375,20.4623512]]}},{"type":"Feature","properties":{"id":1303827365,"highway":"unclassified"},"geometry":{"type":"LineString","coordinates":[[85.5417019,20.4588451],[85.541628,20.4587631],[85.5412638,20.4586493],[85.5410062,20.4585942],[85.5406198,20.4584977],[85.5402629,20.4584356],[85.539998,20.4584356],[85.5396043,20.4584011],[85.539413,20.4583356],[85.5391885,20.4582701],[85.5390482,20.4582685],[85.5389095,20.4582926],[85.5387572,20.4583551],[85.5385791,20.4583872],[85.5381328,20.4584918],[85.5381867,20.4587636],[85.5380458,20.4588161],[85.537766,20.4589365],[85.53754,20.4590491],[85.5373348,20.4590977],[85.5370426,20.4591753],[85.5368436,20.4591986],[85.5367213,20.4592336],[85.5364893,20.4593446],[85.5364241,20.4594339],[85.5360526,20.4600829],[85.5359573,20.4603227],[85.5358619,20.4604238],[85.5357188,20.4604685],[85.5356009,20.4605273],[85.5353223,20.4610281],[85.5352194,20.4613644],[85.535114,20.4615689],[85.5349208,20.4617006],[85.5345418,20.4618864],[85.5342657,20.4619851],[85.533957,20.4621944],[85.5338375,20.4623512],[85.533553,20.4626835],[85.5330862,20.4630503],[85.5327549,20.4633301],[85.5317987,20.4642118],[85.5316105,20.4644117],[85.5315026,20.4645974],[85.531485,20.4649031],[85.531533,20.4653369]]}},{"type":"Feature","properties":{"id":1303827366,"highway":"unclassified"},"geometry":{"type":"LineString","coordinates":[[85.5530886,20.4514574],[85.553555,20.4514694],[85.553993,20.4514939],[85.5545058,20.4514776],[85.5547741,20.4514706],[85.5551197,20.4514659],[85.5555552,20.4515863],[85.5562455,20.4518213],[85.5566291,20.451967],[85.5571119,20.4520022],[85.5577717,20.4519972],[85.5585678,20.452024],[85.5588731,20.4520362],[85.5591167,20.4520758],[85.5595259,20.4522462],[85.5599578,20.452444],[85.5599966,20.4524572],[85.5604482,20.4526113],[85.5606092,20.4529363]]}},{"type":"Feature","properties":{"id":1303827367,"highway":"residential"},"geometry":{"type":"LineString","coordinates":[[85.5599652,20.4531278],[85.5606092,20.4529363],[85.5609256,20.4528827],[85.5614598,20.4527987],[85.5619381,20.4527274],[85.5620471,20.4527112],[85.5624002,20.4526804],[85.5627039,20.4526032],[85.5631557,20.4525501]]}},{"type":"Feature","properties":{"id":1303827368,"highway":"residential"},"geometry":{"type":"LineString","coordinates":[[85.5632628,20.4519358],[85.5632589,20.4522085],[85.5631557,20.4525501],[85.563078,20.4527833],[85.5629915,20.4531591],[85.562972,20.4533814],[85.5629679,20.4534281],[85.5630494,20.4535703],[85.5631094,20.4536749],[85.5631763,20.4541797],[85.5633061,20.4544118],[85.5633532,20.4546292],[85.5633244,20.4548275],[85.5632943,20.4550345],[85.5632707,20.4556351],[85.5633257,20.4562504],[85.5633548,20.4564844],[85.5634048,20.4567189],[85.5634597,20.4569982],[85.5635193,20.4571478],[85.5635884,20.4572528],[85.563679,20.4573645],[85.5637934,20.4574784],[85.5639293,20.4576571],[85.5640438,20.4578604],[85.564163,20.4581106],[85.5642822,20.4584189],[85.5643561,20.4586936],[85.5643776,20.4588679],[85.564411,20.4589796],[85.5644539,20.45906],[85.5646303,20.4593146],[85.5648902,20.4596698],[85.5650213,20.4599446],[85.5651167,20.4601411],[85.5651858,20.4602863],[85.5652693,20.4604226],[85.5652955,20.4605097],[85.5652907,20.4605901],[85.5652597,20.4607286],[85.5651237,20.4611071],[85.5651024,20.4611664],[85.5650646,20.4612806],[85.5650375,20.4613554],[85.5650272,20.4614181],[85.5650272,20.4615086],[85.5650401,20.4616184],[85.5650774,20.4616883]]}},{"type":"Feature","properties":{"id":1303827369,"highway":"unclassified"},"geometry":{"type":"LineString","coordinates":[[85.5630494,20.4535703],[85.5632864,20.4535165],[85.5636364,20.4535239],[85.5639667,20.4535865],[85.5645487,20.4535128],[85.5650481,20.4537155],[85.5657914,20.4539808],[85.5660535,20.4541241],[85.5662632,20.4542387],[85.5671992,20.4547434],[85.5678991,20.4552998],[85.5683317,20.4557272],[85.5689609,20.4558783],[85.5695311,20.4560404],[85.5702114,20.4564088],[85.5713321,20.4570241],[85.572213,20.4576136],[85.5722853,20.4576456],[85.5726456,20.4578052],[85.5739708,20.4582179],[85.5752224,20.4585998],[85.5756971,20.4587447],[85.5768297,20.4590984],[85.5777302,20.459419],[85.5780286,20.4595057],[85.5783515,20.4595995],[85.5786189,20.4599164],[85.5788274,20.4602774],[85.5790515,20.4607711],[85.5793386,20.4610806],[85.57972,20.4612427],[85.5800582,20.4614343],[85.580247,20.4616406],[85.5804239,20.4619907],[85.5805773,20.4624549],[85.5807621,20.4631659],[85.5808014,20.4637296],[85.5808565,20.464647],[85.5808762,20.4653102],[85.5809391,20.4658076],[85.5810217,20.4662276],[85.5812104,20.4665591],[85.5814857,20.4670049],[85.5817295,20.4673218],[85.5819812,20.4677749],[85.5821699,20.4680181],[85.5822289,20.468136],[85.5822564,20.4682907],[85.5822368,20.4685117],[85.5821896,20.468766],[85.5821503,20.4690128],[85.5822093,20.4692891],[85.5823363,20.4694832]]}},{"type":"Feature","properties":{"id":1303827370,"highway":"unclassified"},"geometry":{"type":"LineString","coordinates":[[85.5272394,20.4652839],[85.5274168,20.465269],[85.5279359,20.465199],[85.5283331,20.4651769],[85.5289662,20.465199],[85.5295089,20.4651658],[85.529851,20.4651437],[85.5299611,20.4650922],[85.5295403,20.4641858],[85.5292651,20.4637327],[85.529155,20.4633606],[85.529155,20.4631432],[85.5292651,20.4630179],[85.5294617,20.4628742],[85.5296229,20.4627784],[85.529733,20.4626347],[85.5297252,20.4623474],[85.5296386,20.4620968],[85.5295443,20.4619274],[85.529446,20.4618647],[85.5293398,20.4618058],[85.5292729,20.4616584],[85.5292729,20.46143],[85.529328,20.4611868],[85.5293988,20.4609363],[85.5294027,20.4607668],[85.5293476,20.4605605],[85.5291707,20.4601994],[85.5291314,20.4599231],[85.5290291,20.4596873],[85.5289072,20.4594404],[85.5288679,20.4592194],[85.5288325,20.4590278],[85.5288876,20.4587736],[85.5289312,20.4585473],[85.5289568,20.4584324],[85.5289458,20.4582902]]}},{"type":"Feature","properties":{"id":1310891273,"highway":"unclassified"},"geometry":{"type":"LineString","coordinates":[[85.5350747,20.4866315],[85.535109,20.4865007],[85.5352144,20.4859023],[85.5352228,20.4858546],[85.5352752,20.4852878]]}},{"type":"Feature","properties":{"id":1310891274,"highway":"unclassified"},"geometry":{"type":"LineString","coordinates":[[85.5349851,20.4869739],[85.5350747,20.4866315]]}},{"type":"Feature","properties":{"id":1449577749,"highway":"residential"},"geometry":{"type":"LineString","coordinates":[[85.5299264,20.4700074],[85.5298599,20.4697258],[85.5298104,20.4695026],[85.5297561,20.4692815],[85.5297107,20.4691039],[85.5296821,20.4689765],[85.5295104,20.4689966],[85.5292672,20.4690402],[85.52921,20.4691725],[85.5291564,20.4692865],[85.529092,20.4694322],[85.5290164,20.4696042]]}},{"type":"Feature","properties":{"id":1449577750,"highway":"residential"},"geometry":{"type":"LineString","coordinates":[[85.5296821,20.4689765],[85.5298129,20.4689149],[85.5299427,20.4688554],[85.5300163,20.4688187],[85.5301354,20.4687706],[85.5302956,20.4687148],[85.5304353,20.4686705],[85.5305668,20.4686359],[85.5306962,20.4686128],[85.5309273,20.4685952],[85.5312116,20.4685684],[85.531453,20.4685449],[85.5316211,20.4685114],[85.5317498,20.4684863],[85.5319125,20.4684612],[85.5320341,20.468431],[85.5321861,20.4684193],[85.5323077,20.4684092],[85.5323935,20.4683657],[85.5324972,20.4683037],[85.5325956,20.4682199],[85.5326832,20.4681311],[85.5327637,20.468034],[85.5328227,20.4679351]]}},{"type":"Feature","properties":{"id":1449577751,"highway":"residential"},"geometry":{"type":"LineString","coordinates":[[85.5328227,20.4679351],[85.5328938,20.467799],[85.5330117,20.4675819],[85.5330957,20.4674334],[85.5331432,20.4673483],[85.5331676,20.467295],[85.5331865,20.4672454],[85.5332028,20.4671896],[85.5332096,20.4671236],[85.533215,20.4670322]]}},{"type":"Feature","properties":{"id":1449577752,"highway":"residential"},"geometry":{"type":"LineString","coordinates":[[85.533215,20.4670322],[85.5330768,20.4670372],[85.5329182,20.4670702],[85.5326878,20.4671236],[85.5325659,20.4671617],[85.5324439,20.4671985],[85.5323152,20.4672289],[85.5320834,20.4672747],[85.531994,20.4672962],[85.5319222,20.4673242],[85.5318937,20.4673737],[85.531826,20.4675222],[85.5317609,20.4676136],[85.5317243,20.4676733],[85.5316986,20.4677342],[85.5316593,20.4678066],[85.5316362,20.4678422],[85.5316091,20.4678739],[85.5315726,20.4678968],[85.5314763,20.4679082],[85.5313584,20.467912],[85.5312039,20.4679107],[85.5310373,20.4678968],[85.5308652,20.4678815],[85.5306578,20.4678688],[85.5305413,20.4678688],[85.5304532,20.4678891],[85.5304003,20.4679196],[85.5303407,20.4679729],[85.5302702,20.4680275],[85.5301293,20.4681062],[85.529983,20.4681685],[85.5298705,20.4682192]]}},{"type":"Feature","properties":{"id":1449577753,"highway":"residential"},"geometry":{"type":"LineString","coordinates":[[85.5298705,20.4682192],[85.529861,20.4683018],[85.5298651,20.46843],[85.5298705,20.4685404],[85.529884,20.4686407],[85.5299111,20.4687525],[85.5299427,20.4688554]]}},{"type":"Feature","properties":{"id":1449581631,"highway":"residential"},"geometry":{"type":"LineString","coordinates":[[85.5277329,20.4686364],[85.5278914,20.4685923],[85.5280166,20.4685634],[85.5281851,20.4685307],[85.5283714,20.4685034],[85.5284483,20.4684833],[85.5285431,20.4684548],[85.5286486,20.4683911],[85.5287773,20.4683074],[85.5289168,20.468232],[85.5290116,20.4681935],[85.5290723,20.4681516],[85.5291278,20.4680846],[85.5291564,20.4679941],[85.5291868,20.4679087],[85.5292315,20.4678417],[85.5293281,20.4677713],[85.5294747,20.4676959],[85.5296517,20.4676423],[85.5297805,20.4676155],[85.5299342,20.4676021],[85.5300701,20.4676205],[85.5301864,20.4676725],[85.5302418,20.4677411],[85.5304003,20.4679196]]}},{"type":"Feature","properties":{"id":1490887937,"highway":"residential"},"geometry":{"type":"LineString","coordinates":[[85.5471316,20.4864448],[85.5471705,20.486246],[85.5472125,20.4860425],[85.5472861,20.4858226],[85.5474263,20.485363],[85.5477101,20.4846244],[85.5478187,20.484329],[85.5478888,20.4841058],[85.5479414,20.4838727],[85.5479834,20.4836758],[85.5480115,20.4834952],[85.548026,20.4833442],[85.5480215,20.4830672],[85.5480171,20.4826784],[85.5480105,20.4824881],[85.5480193,20.482333],[85.5480392,20.4821718],[85.5480657,20.4820187],[85.5481341,20.481843],[85.5482313,20.4816279],[85.5484277,20.4812329],[85.5485977,20.4808442],[85.5487434,20.480474],[85.5487986,20.4802548],[85.5488118,20.480139],[85.5488096,20.4800253],[85.5487809,20.4799198],[85.5487279,20.4798081],[85.5486573,20.4796965],[85.5485489,20.4795616],[85.5485293,20.4795372],[85.5484012,20.4794318],[85.5482975,20.479349],[85.5482335,20.4793015],[85.5481584,20.4792891],[85.5480811,20.4792891],[85.5480282,20.4792911],[85.5479973,20.4792684],[85.5479399,20.4791795],[85.5477721,20.4788672],[85.5476087,20.4786315],[85.547558,20.4785922],[85.5474829,20.4785694],[85.5472887,20.4785363],[85.5471617,20.4785176],[85.5470198,20.4784821]]}},{"type":"Feature","properties":{"id":1490887938,"highway":"residential"},"geometry":{"type":"LineString","coordinates":[[85.5485489,20.4795616],[85.5486926,20.4794749],[85.5489348,20.4793313],[85.5490994,20.4792426],[85.5492546,20.4791717],[85.5494079,20.4791132],[85.5495593,20.4790689],[85.5496236,20.4790572],[85.5496955,20.4790441],[85.5498261,20.4790405],[85.5500021,20.4790494],[85.5501629,20.4790636],[85.5502992,20.479076],[85.5504638,20.4790866],[85.5506114,20.4790866],[85.5507798,20.4790866],[85.5508801,20.4790778],[85.5510145,20.4790494],[85.5511375,20.479014],[85.5512529,20.4789555],[85.5513267,20.4788881],[85.5513929,20.4788083],[85.5514951,20.4786824],[85.5515423,20.4786378],[85.5516006,20.4785937],[85.551668,20.4785727]]}},{"type":"Feature","properties":{"id":1490887939,"highway":"residential"},"geometry":{"type":"LineString","coordinates":[[85.5496236,20.4790572],[85.5495137,20.4788677],[85.5493904,20.4786899],[85.5492898,20.4785243],[85.549186,20.4783373],[85.5490676,20.4781231],[85.5489573,20.4779453],[85.5489508,20.4779042],[85.5489638,20.4778814],[85.5491568,20.4777979]]}},{"type":"Feature","properties":{"id":1490887940,"highway":"residential"},"geometry":{"type":"LineString","coordinates":[[85.551668,20.4785727],[85.5517247,20.478592],[85.551854,20.4786376],[85.5519513,20.4786467],[85.5520111,20.4786376],[85.5522114,20.4785829],[85.5526327,20.47845],[85.5534101,20.478196],[85.5536729,20.4781139],[85.553748,20.4780735],[85.5537911,20.4780305],[85.5538175,20.4779758],[85.5538259,20.4779315],[85.5538217,20.4778469],[85.5537883,20.4777309],[85.5537536,20.4775993],[85.5537397,20.4774886],[85.5537424,20.4773675],[85.5537689,20.4772072],[85.5538217,20.4769389],[85.5538745,20.4766496],[85.5538996,20.4765428],[85.5539302,20.4764555],[85.5539886,20.4763135],[85.5540943,20.4760882],[85.5541666,20.475954],[85.5542375,20.4758263],[85.5543307,20.4756257],[85.5543766,20.4754993],[85.5544781,20.475184],[85.5545615,20.474844],[85.5546352,20.4746095],[85.55472,20.4743203],[85.5547562,20.4741731],[85.5547812,20.4740011],[85.554809,20.4738357],[85.5548382,20.4736559],[85.5548396,20.4735217],[85.5548313,20.473411],[85.5548035,20.4733002],[85.5547534,20.473153],[85.5547395,20.4730488],[85.5547451,20.4729433],[85.5547743,20.4728755],[85.5548257,20.4727661],[85.5549008,20.4726384],[85.5549398,20.4725603],[85.5549272,20.4724834],[85.5548855,20.4723753],[85.5548674,20.4722789],[85.5548716,20.4722163],[85.5548883,20.4721603],[85.5549245,20.4721043],[85.5550051,20.4720743],[85.5551428,20.4720626],[85.5552401,20.4720522],[85.5553041,20.4720248],[85.5553695,20.471987],[85.555827,20.4717187],[85.5559938,20.471604],[85.556055,20.4715376],[85.5561037,20.4714646],[85.5561593,20.4713695],[85.5562052,20.4712549],[85.5562122,20.4711494],[85.5562072,20.4710503]]}},{"type":"Feature","properties":{"id":1491393221,"highway":"residential"},"geometry":{"type":"LineString","coordinates":[[85.5633244,20.4548275],[85.5632116,20.4547997],[85.5630331,20.4547643],[85.5629412,20.4547453],[85.5628303,20.4547351],[85.5627249,20.4547326],[85.5626195,20.4547377],[85.5625345,20.4547541],[85.5624343,20.4547744],[85.5623829,20.4548023],[85.5623261,20.4548225],[85.5622112,20.454839],[85.5620598,20.4548567],[85.5617354,20.4548618],[85.5614434,20.4548618],[85.5612183,20.4548617]]}},{"type":"Feature","properties":{"id":1491393222,"highway":"residential"},"geometry":{"type":"LineString","coordinates":[[85.5612183,20.4548617],[85.5611946,20.4546705],[85.5611744,20.4545059],[85.5611365,20.454245],[85.5610905,20.4540119],[85.5610567,20.4538903]]}},{"type":"Feature","properties":{"id":1491393223,"highway":"residential"},"geometry":{"type":"LineString","coordinates":[[85.5610567,20.4538903],[85.5612501,20.4538587],[85.5614434,20.4538245],[85.5617859,20.4537273],[85.5619184,20.453683],[85.5620098,20.4536992],[85.5621581,20.4537834],[85.5623567,20.4538795]]}},{"type":"Feature","properties":{"id":1491740922,"highway":"residential"},"geometry":{"type":"LineString","coordinates":[[85.5623567,20.4538795],[85.5624466,20.4537415],[85.5626396,20.4535199],[85.5627513,20.4534436],[85.5628686,20.4533993],[85.562972,20.4533814]]}},{"type":"Feature","properties":{"id":1491740923,"highway":"residential"},"geometry":{"type":"LineString","coordinates":[[85.5623567,20.4538795],[85.5624031,20.4540163],[85.5624712,20.4542574],[85.5625034,20.4544738],[85.562528,20.4546475],[85.5625345,20.4547541]]}},{"type":"Feature","properties":{"id":1491778920,"highway":"residential"},"geometry":{"type":"LineString","coordinates":[[85.5633532,20.4546292],[85.5635688,20.4546439],[85.5636791,20.4546545],[85.56377,20.4546545],[85.563877,20.4546439],[85.5640798,20.4545876],[85.5643961,20.4544782],[85.5645129,20.4544524],[85.5646427,20.4544508],[85.5647757,20.4544448],[85.5649266,20.4544326],[85.5651261,20.45439],[85.5654684,20.4543004],[85.5657667,20.4542448],[85.5658549,20.4542258],[85.565911,20.4542135],[85.5659729,20.4541923],[85.5660182,20.4541688],[85.5660535,20.4541241]]}},{"type":"Feature","properties":{"id":1491778921,"highway":"residential"},"geometry":{"type":"LineString","coordinates":[[85.5660535,20.4541241],[85.5660612,20.4540526],[85.5660695,20.4539488],[85.56606,20.4538594],[85.5660266,20.4537645],[85.5659837,20.4536818]]}},{"type":"Feature","properties":{"id":1491778922,"highway":"residential"},"geometry":{"type":"LineString","coordinates":[[85.5659837,20.4536818],[85.5660862,20.4536852],[85.5662316,20.4536975],[85.5663222,20.4537053],[85.5664116,20.4537075]]}},{"type":"Feature","properties":{"id":1491778923,"highway":"residential"},"geometry":{"type":"LineString","coordinates":[[85.5659837,20.4536818],[85.5659145,20.4535456],[85.5658215,20.4533881],[85.5656916,20.4531334],[85.565638,20.4530128],[85.565607,20.4529312],[85.5655688,20.4528374],[85.5655521,20.452728],[85.565545,20.4526174],[85.5655319,20.4524699],[85.5655235,20.4523448],[85.5655354,20.4521672],[85.5655498,20.4520444],[85.5655819,20.4518925],[85.5656141,20.4517261]]}},{"type":"Feature","properties":{"id":1491778924,"highway":"residential"},"geometry":{"type":"LineString","coordinates":[[85.5656141,20.4517261],[85.5657727,20.4516669],[85.5659312,20.4516132],[85.5660111,20.451582],[85.5660778,20.4515462],[85.5661422,20.4514982],[85.5661899,20.4514379],[85.5663222,20.4512279],[85.5664748,20.4510481],[85.5665213,20.4509855],[85.5662602,20.4510581],[85.5658895,20.4511251],[85.5657083,20.4511475],[85.5653972,20.4511888],[85.5651182,20.4512268],[85.5650193,20.4512268],[85.5648965,20.4512033],[85.5646724,20.4511687],[85.5643732,20.4511374],[85.5642003,20.451124],[85.5640668,20.4511084],[85.563907,20.4510816],[85.5638117,20.4510615],[85.5637151,20.4510492],[85.5635911,20.4510481],[85.5633837,20.4510793],[85.5632729,20.4510961],[85.563069,20.4510883],[85.5628807,20.4510715],[85.5627031,20.4510596],[85.5626637,20.451057],[85.5625218,20.4510615],[85.5624348,20.4510704],[85.5623657,20.4510927],[85.5623108,20.4511296],[85.5622488,20.4511944],[85.5621869,20.4512603],[85.5621237,20.4513038],[85.5620533,20.451334],[85.5617839,20.45141],[85.5614847,20.4515049],[85.5611474,20.4515842],[85.5609852,20.4516166],[85.5609292,20.4516468],[85.5609054,20.4516948],[85.5608815,20.451745],[85.5607528,20.4517718],[85.5606312,20.4518299],[85.5605418,20.4518936],[85.5604929,20.4519349],[85.5604333,20.4519651],[85.5603451,20.4519841],[85.5602342,20.4520142],[85.5601937,20.452012],[85.5601627,20.4519897],[85.5601293,20.4519763],[85.5600709,20.4519707],[85.5598873,20.4519785]]}},{"type":"Feature","properties":{"id":1491778925,"highway":"residential"},"geometry":{"type":"LineString","coordinates":[[85.5598873,20.4519785],[85.5599386,20.4521907],[85.5599966,20.4524572]]}},{"type":"Feature","properties":{"id":1491778926,"highway":"residential"},"geometry":{"type":"LineString","coordinates":[[85.5598873,20.4519785],[85.5596966,20.4519852],[85.5594069,20.4519997],[85.5592984,20.4520165],[85.5592174,20.4520332],[85.5591167,20.4520758]]}},{"type":"Feature","properties":{"id":1491778927,"highway":"residential"},"geometry":{"type":"LineString","coordinates":[[85.5619381,20.4527274],[85.5619357,20.4525327],[85.5619243,20.4521604]]}},{"type":"Feature","properties":{"id":1491872219,"highway":"residential"},"geometry":{"type":"LineString","coordinates":[[85.5632628,20.4519358],[85.5635059,20.4519172],[85.5636825,20.4518965],[85.5638039,20.4518706],[85.5639916,20.4518215],[85.5641378,20.451775],[85.5642206,20.4517491],[85.5643116,20.4517285],[85.5644248,20.4517181],[85.5645986,20.4517155],[85.5648801,20.4517155],[85.5652719,20.4517362],[85.5656141,20.4517261]]}},{"type":"Feature","properties":{"id":1491872220,"highway":"residential"},"geometry":{"type":"LineString","coordinates":[[85.5619243,20.4521604],[85.5619966,20.4521188],[85.5620683,20.4520852],[85.5621732,20.4520284],[85.5622532,20.451987],[85.5622973,20.4519611],[85.5623277,20.4519275],[85.5623415,20.4518784],[85.5623442,20.4518215],[85.5623498,20.4517336],[85.5623912,20.4516948],[85.5624519,20.4516535],[85.5624988,20.4516044],[85.5625402,20.4515345],[85.5626009,20.4513743],[85.5627031,20.4510596]]}},{"type":"Feature","properties":{"id":1491872221,"highway":"residential"},"geometry":{"type":"LineString","coordinates":[[85.5604482,20.4526113],[85.5605148,20.4525558],[85.5606169,20.4524937],[85.5607245,20.4524446],[85.560857,20.4524136],[85.5610418,20.4523619],[85.561155,20.4523257],[85.5612736,20.4522688],[85.5613647,20.4522171],[85.5614364,20.4521835],[85.5615302,20.4521654],[85.5616544,20.4521525],[85.561762,20.4521525],[85.5619243,20.4521604]]}},{"type":"Feature","properties":{"id":1491873100,"highway":"unclassified"},"geometry":{"type":"LineString","coordinates":[[85.5665213,20.4509855],[85.5666187,20.4508741],[85.5666968,20.4507987],[85.5667796,20.45073],[85.5668742,20.4506591],[85.5669381,20.4506037],[85.5670185,20.4505084],[85.5670989,20.4503377],[85.5671793,20.4501848],[85.5673047,20.449972],[85.5673709,20.4498568],[85.5674088,20.4497748],[85.5674466,20.4496396],[85.5674892,20.4494024],[85.5675129,20.449285],[85.5675413,20.4491941],[85.5675909,20.4491276],[85.5677187,20.448968],[85.5678156,20.4488328],[85.5679339,20.4486289],[85.5680522,20.4484006],[85.5681066,20.44821],[85.5681326,20.4480926],[85.5681634,20.4479884],[85.5681965,20.4479108],[85.5682461,20.4477911],[85.5682722,20.4476825],[85.5682958,20.4475584],[85.5683006,20.4473878],[85.5683053,20.4472548],[85.56831,20.4472016],[85.5683266,20.4471617],[85.5683573,20.4471329],[85.5684141,20.4470996],[85.5685773,20.4470354],[85.5686483,20.4470021],[85.5686932,20.4469556],[85.5687169,20.4469024],[85.5687997,20.4466253],[85.5688895,20.4463283],[85.5689345,20.4461865],[85.5689747,20.4460867],[85.5690362,20.446007],[85.5691143,20.4459338],[85.5692254,20.4458651],[85.5694147,20.4458075],[85.5696796,20.4457499],[85.5699445,20.4456878],[85.5700746,20.4456501],[85.5701952,20.4456058],[85.5703348,20.4455504],[85.5704767,20.4455149],[85.5706565,20.4454839],[85.5708055,20.4454817],[85.5710208,20.4454706],[85.5711958,20.4454484],[85.5713472,20.4454174],[85.5715175,20.4453531],[85.5716784,20.4453066],[85.571851,20.4452556],[85.5720024,20.4451958],[85.5720923,20.4451536],[85.5721798,20.4450894],[85.5723643,20.4449608],[85.5724992,20.4448832],[85.5726742,20.4447879],[85.5728421,20.4447214],[85.5729581,20.4446727],[85.5730479,20.4446284],[85.5731307,20.4445663],[85.5733034,20.4444134],[85.5735116,20.4442316],[85.573644,20.4441075],[85.5738427,20.4438681],[85.573987,20.4436775],[85.5741242,20.4435002],[85.57433,20.4433096],[85.5745429,20.4431123],[85.5746872,20.4430059],[85.5747983,20.4429505],[85.5749237,20.4429084],[85.5750538,20.442884],[85.5751366,20.4428752],[85.5752312,20.4428729],[85.5753022,20.442884],[85.5753731,20.4429128],[85.5754441,20.4429705],[85.575612,20.4431323],[85.5756688,20.4431766],[85.5757492,20.4432231],[85.5758391,20.443252],[85.5759574,20.443263],[85.5760828,20.4432741],[85.5762956,20.4432387],[85.5765109,20.4431655],[85.5766505,20.4431212],[85.57679,20.4430879],[85.5768775,20.4430746],[85.576939,20.4430525],[85.5770242,20.4430104],[85.5771117,20.442935],[85.5772134,20.4428242],[85.5774358,20.4425338],[85.5776108,20.44231],[85.5777622,20.4420772],[85.5780413,20.4416207],[85.5781738,20.4413901],[85.5782235,20.4412904],[85.578285,20.4411995],[85.5783796,20.4410776],[85.5784576,20.4409624],[85.5785523,20.4408116],[85.5786516,20.4405966],[85.578706,20.4404371],[85.5787202,20.4403351],[85.5787178,20.4402442],[85.5787013,20.4401622],[85.578654,20.4400314],[85.5786185,20.4399561],[85.5785759,20.4398852],[85.5785688,20.4398386],[85.5785735,20.4397832],[85.5786067,20.4397189],[85.5786658,20.4396657],[85.5787557,20.4395793],[85.5788385,20.4394951],[85.5789023,20.439433],[85.5789615,20.4393864],[85.5790253,20.4393488],[85.5791105,20.4393155],[85.5795315,20.4392069],[85.5798319,20.4391426],[85.5800969,20.4390872],[85.5804493,20.4390074],[85.5806504,20.4389808],[85.5807479,20.4389771],[85.5808047,20.4389866],[85.5808513,20.4390189],[85.5809101,20.4391386],[85.5809385,20.4391671],[85.580975,20.4391861],[85.5810318,20.439188],[85.5812305,20.4391614],[85.581632,20.4390911],[85.5817962,20.439055],[85.5819321,20.439017],[85.5820781,20.4389923],[85.5824938,20.4389372],[85.582952,20.4388935],[85.5836415,20.4388403],[85.583976,20.4388004],[85.5841626,20.4387605],[85.5843694,20.4386997],[85.5845357,20.4386465],[85.5847385,20.4385667],[85.585067,20.4384204],[85.5855029,20.4382266],[85.5857239,20.4381544],[85.5859673,20.438084],[85.5861234,20.4380308],[85.5862674,20.4379681],[85.5863931,20.4379244],[85.5864803,20.437913],[85.5866364,20.4379111],[85.5867905,20.4379149],[85.586969,20.4379396],[85.5871089,20.4379662],[85.5873177,20.4379871],[85.587482,20.4379871],[85.5877882,20.4379643],[85.5879484,20.4379453],[85.588068,20.4379263],[85.5881897,20.4378959],[85.5883032,20.4378617],[85.5883965,20.4378199],[85.588508,20.4377667],[85.5886175,20.4377325],[85.5886926,20.4377097],[85.5888081,20.4376793]]}},{"type":"Feature","properties":{"id":1491873533,"highway":"unclassified"},"geometry":{"type":"LineString","coordinates":[[85.5888081,20.4376793],[85.5887429,20.4374904],[85.5887016,20.437325],[85.5886753,20.4371667],[85.5886704,20.4370018],[85.5886815,20.4368234],[85.5887008,20.436676],[85.5887394,20.4365312],[85.5887808,20.4364226],[85.5888139,20.436314],[85.5888608,20.4361666],[85.588905,20.436027],[85.5889436,20.4359158],[85.5890209,20.4358046],[85.5891754,20.4356392],[85.589352,20.4354788],[85.5894431,20.4353625],[85.5895948,20.4351712],[85.5897549,20.4349927],[85.5898763,20.434879],[85.589959,20.4347678],[85.5900722,20.4345971],[85.5903591,20.434261],[85.5905744,20.4340645],[85.5906717,20.4339759],[85.5907703,20.4338861],[85.5908834,20.4337982],[85.5909193,20.4337464],[85.5909276,20.4336947],[85.590922,20.4336172],[85.5908751,20.4334698],[85.5908558,20.4334],[85.5908586,20.4333276],[85.5908834,20.4332733],[85.5909386,20.4332241],[85.5910668,20.4331144]]}},{"type":"Feature","properties":{"id":1491873534,"highway":"unclassified"},"geometry":{"type":"LineString","coordinates":[[85.5888081,20.4376793],[85.5888526,20.4377713],[85.5888805,20.4378291],[85.5889373,20.4379488],[85.5889555,20.438059],[85.5889636,20.4381787],[85.5889859,20.4382965],[85.5890184,20.4384295],[85.5890691,20.4386442],[85.5891035,20.4387867],[85.5891198,20.4388722],[85.5891157,20.4389653],[85.5890752,20.4391971],[85.5890549,20.4393586],[85.5890407,20.439503],[85.5890245,20.4396151],[85.5889819,20.4397766],[85.5889515,20.4399077],[85.588919,20.440037],[85.5888704,20.4401282],[85.5887872,20.4402574],[85.5886818,20.4404398],[85.58855,20.4407438],[85.5884831,20.4409205],[85.588404,20.4410744],[85.588331,20.4411732],[85.5882539,20.441253],[85.5881688,20.4413157],[85.588043,20.4413689],[85.5879254,20.4414563],[85.5878322,20.4415456],[85.5877794,20.4416159],[85.5877287,20.4417128],[85.5876537,20.4418553],[85.5876152,20.4418971],[85.5875462,20.4419313],[85.5874651,20.4419503],[85.5873354,20.4419541],[85.5870413,20.4419237],[85.5869927,20.4419332],[85.5869602,20.4419636],[85.5869237,20.4420263],[85.5869055,20.4421232],[85.5868365,20.4425051],[85.5868102,20.4425868],[85.5867595,20.4426913],[85.58665,20.4428281],[85.5865952,20.4429421],[85.5865628,20.4430352],[85.5865506,20.4431188],[85.5865101,20.4433924],[85.5864817,20.4436071],[85.5864594,20.4437781],[85.5864006,20.4440118]]}},{"type":"Feature","properties":{"id":1491875141,"highway":"residential"},"geometry":{"type":"LineString","coordinates":[[85.5888526,20.4377713],[85.5891487,20.4378042],[85.5894325,20.4378285],[85.589591,20.4378308],[85.5897306,20.4378285],[85.5898654,20.4378086],[85.5900617,20.4377665],[85.5902226,20.4377399],[85.5905088,20.4377133],[85.5909393,20.4376667],[85.5910102,20.4376512],[85.5910505,20.4376224],[85.5910812,20.4375648],[85.5911049,20.4373919],[85.591138,20.436973],[85.5911522,20.4367314],[85.5911616,20.436543],[85.5911711,20.4364122],[85.5911853,20.436308],[85.5912208,20.4361839],[85.5912491,20.4360642],[85.5913225,20.4358758],[85.5913769,20.4357627],[85.5914005,20.4356763],[85.5914242,20.4355522],[85.5914242,20.4354413],[85.5914384,20.435346],[85.5914739,20.4352308],[85.5915779,20.4350158],[85.5914786,20.4349825],[85.5913816,20.4349404],[85.5913012,20.434885],[85.5912515,20.4348118],[85.591112,20.4346124],[85.5909606,20.4344084],[85.590847,20.4342222],[85.5906717,20.4339759]]}},{"type":"Feature","properties":{"id":1491875142,"highway":"residential"},"geometry":{"type":"LineString","coordinates":[[85.5912208,20.4361839],[85.5914069,20.43621],[85.5916166,20.4362306],[85.5918263,20.4362487],[85.5919946,20.4362694],[85.5921408,20.4362824],[85.5922678,20.4362849],[85.5923809,20.4362798],[85.5924913,20.4362513],[85.5926072,20.4362022],[85.5927396,20.4361634],[85.5928307,20.4361608],[85.5929493,20.436166]]}},{"type":"Feature","properties":{"id":1491875143,"highway":"residential"},"geometry":{"type":"LineString","coordinates":[[85.5915779,20.4350158],[85.5917526,20.4350413],[85.5918615,20.4350624],[85.591914,20.4351046],[85.5919741,20.4352067],[85.5920755,20.4352841],[85.5921543,20.4352982],[85.5922745,20.4352735],[85.5923871,20.4352489],[85.5925561,20.4352348],[85.5926875,20.4352278],[85.5928302,20.4352419],[85.5929917,20.4352771],[85.5932808,20.4353615],[85.5931944,20.4355937],[85.5930893,20.4358717],[85.5929493,20.436166]]}},{"type":"Feature","properties":{"id":1491875144,"highway":"residential"},"geometry":{"type":"LineString","coordinates":[[85.5929493,20.436166],[85.5929175,20.4362331],[85.5929151,20.4362708],[85.5929364,20.4363041],[85.5930239,20.4363329],[85.5932108,20.436375],[85.5934189,20.4363927],[85.5936981,20.4364216],[85.5938778,20.4364371],[85.594034,20.4364548],[85.5941995,20.4365013],[85.594403,20.4365745],[85.5945638,20.4366454],[85.5947412,20.4367585],[85.5948571,20.4368139],[85.5949967,20.4368471],[85.5951268,20.4368626]]}},{"type":"Feature","properties":{"id":1491875145,"highway":"residential"},"geometry":{"type":"LineString","coordinates":[[85.5951268,20.4368626],[85.5949849,20.4365136],[85.5948163,20.436152],[85.594712,20.4359337],[85.5946581,20.4358116],[85.5946094,20.4356959],[85.5945764,20.4355754],[85.5945434,20.4354206],[85.5945347,20.4352105],[85.5945399,20.4351307],[85.594559,20.4350509],[85.5946008,20.434989],[85.5946633,20.4349108],[85.594712,20.4348457],[85.5947277,20.4347952],[85.5947381,20.4347235],[85.5947294,20.4346469],[85.5947085,20.4344124],[85.5946946,20.4342853],[85.5946755,20.434212],[85.5946373,20.4341061],[85.5946025,20.4340149],[85.5945747,20.4339172],[85.594566,20.433839],[85.594566,20.4337364],[85.5945538,20.4335947],[85.5945451,20.4334855],[85.5945278,20.4333878],[85.5945069,20.4333275],[85.5944947,20.4332656],[85.5945034,20.4331672]]}},{"type":"Feature","properties":{"id":1491875146,"highway":"residential"},"geometry":{"type":"LineString","coordinates":[[85.5937768,20.4331305],[85.5937037,20.4332644],[85.5936352,20.4334018],[85.593524,20.4336235],[85.5934057,20.4338407],[85.5933631,20.4338872],[85.5932993,20.4339404],[85.5932449,20.4339825],[85.5931975,20.4339936],[85.59311,20.433987],[85.5928759,20.4339293],[85.5926961,20.4339094],[85.592443,20.4338961],[85.5923294,20.4339116],[85.5921828,20.4339271]]}},{"type":"Feature","properties":{"id":1491875147,"highway":"residential"},"geometry":{"type":"LineString","coordinates":[[85.5932808,20.4353615],[85.5933462,20.4353664],[85.5934416,20.435365],[85.5935206,20.435351],[85.59368,20.4353063],[85.5939229,20.4352211]]}},{"type":"Feature","properties":{"id":1491875148,"highway":"residential"},"geometry":{"type":"LineString","coordinates":[[85.5924913,20.4362513],[85.5925055,20.436331],[85.5925339,20.436426],[85.5925521,20.4365039],[85.5925562,20.4366388],[85.5925521,20.4368706],[85.5925197,20.4370226],[85.5924974,20.4371233],[85.5924487,20.4372735],[85.5923494,20.4374445],[85.5922804,20.4375585],[85.5922236,20.4376782],[85.5921811,20.437777],[85.5921729,20.4378796],[85.5921222,20.438024],[85.592033,20.4382463],[85.5919276,20.4385104],[85.5918809,20.4386282],[85.5918526,20.4386814],[85.5918221,20.4387213],[85.5917836,20.4387517],[85.5914572,20.4388448]]}},{"type":"Feature","properties":{"id":1491875149,"highway":"residential"},"geometry":{"type":"LineString","coordinates":[[85.5924913,20.4362513],[85.5924686,20.4361714],[85.5924567,20.43611],[85.5924507,20.4360639],[85.5924537,20.4360136],[85.5924656,20.4359675],[85.5924894,20.4359145],[85.592561,20.4357832]]}},{"type":"Feature","properties":{"id":1492047888,"highway":"residential"},"geometry":{"type":"LineString","coordinates":[[85.5939229,20.4352211],[85.5940344,20.4351494],[85.5940807,20.4350891],[85.5940962,20.4350119],[85.5940987,20.4348551],[85.5940112,20.4344545],[85.5940035,20.4343797],[85.5940266,20.4343218],[85.594109,20.4342228],[85.594566,20.4337364]]}},{"type":"Feature","properties":{"id":1493050482,"highway":"tertiary"},"geometry":{"type":"LineString","coordinates":[[85.5915654,20.4931204],[85.5916547,20.4928847],[85.5916885,20.4928368],[85.591702,20.4927846],[85.5916983,20.4927359],[85.5917011,20.4926864],[85.5916635,20.4924923],[85.591658,20.4924376],[85.5916621,20.4923777],[85.591683,20.4923061],[85.5918721,20.4919023],[85.5920598,20.4915831],[85.5921196,20.4914945],[85.5921586,20.4914476],[85.5922225,20.4913773],[85.5922907,20.4913421],[85.5923727,20.49132],[85.5924325,20.4912926],[85.5924631,20.4912575],[85.5924687,20.491208],[85.5924729,20.4911168],[85.5924895,20.4910087],[85.5925146,20.4909123],[85.5925535,20.4908054],[85.5926216,20.4906622],[85.5927635,20.4904303],[85.5929081,20.4901541],[85.5930013,20.4899835],[85.5930847,20.4897594],[85.5931598,20.4895693],[85.5932933,20.4892501],[85.5933837,20.4890117],[85.593463,20.488789],[85.5935617,20.4885024],[85.5935965,20.4884333],[85.5936382,20.4883917],[85.5936729,20.4883825],[85.5937341,20.4883799],[85.5938537,20.4883852],[85.5939622,20.4883865],[85.5940456,20.4883852],[85.5941416,20.4883721],[85.5943015,20.4883487],[85.5945212,20.4882992],[85.5947688,20.4882288],[85.5950427,20.4881363],[85.5952096,20.488079],[85.59535,20.488036],[85.5954738,20.4880139],[85.5955864,20.4880035],[85.5958555,20.4879837],[85.5961526,20.4879855],[85.5963021,20.4879926],[85.5964592,20.4880121],[85.5964724,20.4878366],[85.5964876,20.4876274],[85.5965084,20.4874856],[85.5965576,20.487358],[85.5966617,20.4871807],[85.5967468,20.4870265],[85.5968301,20.4868244],[85.596902,20.4866206],[85.5969834,20.486415],[85.5970477,20.4862572],[85.597095,20.4860959],[85.597112,20.4859807],[85.5971272,20.4858495],[85.5971404,20.4856935],[85.5971404,20.485518],[85.5971461,20.4853815],[85.5971612,20.485268],[85.5971915,20.485144],[85.5972729,20.4847522],[85.597324,20.4844579],[85.5973618,20.484208],[85.5973656,20.4840165],[85.5973543,20.4838198],[85.5973372,20.4836407],[85.597307,20.4834528],[85.5972578,20.483249],[85.5971688,20.4830167],[85.5971215,20.4828607],[85.5971045,20.4827313],[85.5971026,20.4826285],[85.5971102,20.4825594],[85.5971366,20.4825151],[85.597184,20.4824761],[85.5972407,20.4824442],[85.5973827,20.4824105],[85.5978387,20.4823218],[85.5982493,20.4822634],[85.5986213,20.482209],[85.5986881,20.4822001],[85.5987274,20.4821833],[85.5987334,20.4821319],[85.5987179,20.4820459],[85.598663,20.4818125],[85.5986082,20.4816596],[85.5985522,20.4815133],[85.5984067,20.4812575],[85.5983018,20.4810978],[85.5982863,20.4810107],[85.5982828,20.4809281],[85.5982708,20.4808421],[85.598247,20.4807561],[85.5982089,20.4806668],[85.5980968,20.4805138],[85.5979633,20.4803608],[85.5978059,20.4801296],[85.5976665,20.4799219],[85.5975496,20.4797187],[85.5974674,20.4795243],[85.5974018,20.4793568],[85.5973529,20.4792407],[85.5973017,20.4791156],[85.5972719,20.4790129],[85.5972635,20.4789101],[85.5972778,20.4787257],[85.5972694,20.4785942],[85.5972555,20.4784678],[85.597218,20.4782919],[85.5971846,20.47809],[85.5971623,20.4779115],[85.5971484,20.4777396],[85.5971401,20.4776171],[85.5971429,20.4775598],[85.5971596,20.4775051],[85.5971888,20.4774634],[85.5972291,20.477423],[85.5972653,20.4773709],[85.5973014,20.4772875],[85.597332,20.4771299],[85.5973918,20.4769019],[85.5974446,20.4766935],[85.5975462,20.476403],[85.5977144,20.4760186],[85.5977923,20.4758428],[85.5978382,20.4756995],[85.5978827,20.4754624],[85.5979008,20.4752839],[85.5979091,20.4750755],[85.5979105,20.4749152],[85.5979035,20.4748019],[85.597873,20.4746716],[85.5978298,20.4745674],[85.5977812,20.474454],[85.5977102,20.4743641],[85.5976226,20.4742469],[85.5975128,20.474144],[85.5973779,20.4740619],[85.5972708,20.4739955],[85.5972055,20.4739447],[85.5971582,20.4739004],[85.5971095,20.4738483],[85.5970622,20.4737636],[85.5969941,20.4735786],[85.5968689,20.4732438],[85.5967326,20.4729415],[85.5965352,20.4725194],[85.596467,20.4723318],[85.5964017,20.4721625],[85.59636,20.4720205],[85.5963266,20.4718224],[85.5963322,20.4715879],[85.5963405,20.4713899],[85.5963614,20.4712088],[85.5963627,20.4710877],[85.5963391,20.4709691],[85.5962348,20.4706317],[85.5961361,20.4702864],[85.5960457,20.4699881],[85.5960006,20.469715],[85.5959779,20.4695128],[85.5959714,20.4693715],[85.5959844,20.4692226],[85.5960229,20.4690512],[85.596057,20.4689253],[85.5960797,20.4688101],[85.5960797,20.4686966],[85.5960645,20.4685814],[85.5960305,20.468397],[85.5959756,20.4679502],[85.5959283,20.4676648],[85.5959169,20.4675389],[85.5959226,20.4674325],[85.5959472,20.4673315],[85.5960172,20.4672021],[85.5960891,20.4671347],[85.5962443,20.4670585],[85.5966284,20.466945],[85.5967647,20.46689],[85.5968063,20.4668386],[85.5968347,20.4667535],[85.5968328,20.466633],[85.5967893,20.4664911],[85.5967003,20.4663599],[85.5965849,20.4662004],[85.5965035,20.4660054],[85.5964165,20.4658582],[85.5963162,20.4657288],[85.5962121,20.4656419],[85.5960399,20.4655178],[85.5958049,20.4653976],[85.5955599,20.4652507],[85.5953281,20.4651039],[85.5951095,20.4649219],[85.594955,20.4647399],[85.5948328,20.4646054],[85.5947404,20.4644367],[85.5946722,20.4643577],[85.59457,20.4643014],[85.594463,20.4642786],[85.594351,20.4642893],[85.5941272,20.4643425],[85.5939374,20.4644169],[85.5937297,20.4645218],[85.5935951,20.4646282],[85.5934913,20.4647103],[85.5934183,20.4647574],[85.5933582,20.4647862],[85.5933144,20.4647954],[85.5932505,20.4647945]]}},{"type":"Feature","properties":{"id":1493320899,"highway":"unclassified"},"geometry":{"type":"LineString","coordinates":[[85.5960117,20.4612007],[85.5959487,20.4611318],[85.5957903,20.4610329],[85.595435,20.4608206],[85.5953642,20.4607905],[85.595323,20.460782],[85.5952727,20.460782],[85.5950384,20.4607965],[85.5947024,20.4608122],[85.5943406,20.4608472],[85.5942195,20.4608496],[85.5941114,20.4608423],[85.5939685,20.4608122],[85.5937406,20.4607639],[85.5935513,20.4607096],[85.5933698,20.4606674],[85.5932346,20.4606288],[85.5930556,20.4605673],[85.592896,20.4604961],[85.5925715,20.4603514],[85.5924904,20.4603212],[85.5924106,20.4603007],[85.5923359,20.4603007],[85.5921891,20.4603019],[85.5920256,20.4603212]]}},{"type":"Feature","properties":{"id":1493328415,"highway":"unclassified"},"geometry":{"type":"LineString","coordinates":[[85.5802481,20.4732707],[85.5801597,20.4732203],[85.5800715,20.4731555],[85.5799881,20.4730595],[85.5797949,20.4727981],[85.5795589,20.4725234],[85.5792227,20.4721683],[85.5790106,20.4719449],[85.578877,20.4717885],[85.5787268,20.4716009],[85.5785933,20.4713865],[85.5784479,20.4711341],[85.5783144,20.4709755],[85.5781904,20.4708437],[85.578095,20.4707745],[85.5780211,20.4707454],[85.57789,20.4707365],[85.5778113,20.4707209],[85.5777136,20.4706807],[85.5776492,20.470636],[85.5775562,20.4705109],[85.5775014,20.4703881],[85.577468,20.4702741],[85.5773822,20.469948],[85.5773082,20.4695907],[85.5772772,20.4695035],[85.5772248,20.4694455],[85.5771533,20.4693874],[85.576922,20.4692735],[85.5767813,20.469231],[85.5766955,20.4692288],[85.5765906,20.4692534],[85.5764237,20.4692869],[85.5763474,20.469298],[85.5762616,20.4692891],[85.5761495,20.4692601],[85.5759588,20.469231],[85.5756989,20.4691975],[85.5754891,20.469173],[85.5753294,20.4691328],[85.5752054,20.4690791],[85.5751053,20.4689943],[85.5750313,20.4689139],[85.574986,20.4688156],[85.5749312,20.4686793],[85.5749074,20.4685341],[85.5749169,20.4683376],[85.5749407,20.4681768],[85.5749765,20.4679757],[85.5750623,20.4676496],[85.5751506,20.4672989],[85.5752745,20.4668164],[85.5753961,20.4663429],[85.5754891,20.4659967],[85.5755249,20.465847],[85.5755416,20.4656817],[85.5755511,20.4654807],[85.5755582,20.4652261],[85.5755582,20.4649424],[85.5755535,20.4648106],[85.5755296,20.4646766],[85.5754748,20.4644465],[85.5754104,20.4642455],[85.575203,20.4637741],[85.5749431,20.4632269],[85.5746117,20.4624987],[85.5743304,20.461871],[85.5740038,20.4611182],[85.5738106,20.4606514],[85.5736151,20.4602247],[85.5733004,20.4595367],[85.5730596,20.4591145],[85.5727926,20.4586476],[85.5724803,20.4580736],[85.5723229,20.4577854],[85.5722988,20.457723],[85.5722853,20.4576456]]}},{"type":"Feature","properties":{"id":1493328559,"highway":"residential"},"geometry":{"type":"LineString","coordinates":[[85.5752224,20.4585998],[85.5750763,20.4591801],[85.5749887,20.4595419],[85.5749725,20.4596604],[85.5749725,20.4598033],[85.5749855,20.4600191],[85.574992,20.4601893],[85.5749736,20.4603042],[85.5749473,20.4603978],[85.5749017,20.4604683],[85.5751225,20.460662],[85.5755623,20.4610724],[85.5756744,20.4611758],[85.5758321,20.4613006],[85.575981,20.4614056],[85.5760809,20.4614516],[85.5761685,20.4614746],[85.5763016,20.4614926],[85.5764961,20.4615222],[85.5766888,20.461555],[85.5769061,20.4615911],[85.5772723,20.4616765],[85.5777699,20.4617898],[85.5779573,20.4618259],[85.5780309,20.4618242],[85.5780922,20.4618062],[85.5781904,20.4617159],[85.5783866,20.4614286],[85.5784269,20.4613942],[85.5784865,20.4613794],[85.5785811,20.4613892],[85.5788071,20.4614533],[85.5791014,20.4615501],[85.5791505,20.4615517],[85.5792118,20.461532],[85.5792469,20.4614976],[85.5792696,20.46145],[85.5792836,20.4613482],[85.5793386,20.4610806]]}},{"type":"Feature","properties":{"id":1493328560,"highway":"residential"},"geometry":{"type":"LineString","coordinates":[[85.5749473,20.4603978],[85.5752454,20.4604081],[85.575746,20.4604461],[85.5761466,20.4604774],[85.5765901,20.4605489],[85.5767069,20.4605667],[85.5768022,20.4606137],[85.5768475,20.4606851],[85.5768976,20.4607879],[85.5769524,20.4608437],[85.5770407,20.4609018],[85.5771336,20.460913],[85.5772505,20.4609174],[85.5774627,20.4608884],[85.5777011,20.4608393],[85.5779133,20.4607857]]}},{"type":"Feature","properties":{"id":1493328561,"highway":"residential"},"geometry":{"type":"LineString","coordinates":[[85.5800582,20.4614343],[85.5800844,20.4613623],[85.5801007,20.4612704],[85.5801068,20.4611306],[85.5800905,20.4609448],[85.5800537,20.4605772],[85.5800128,20.4602038],[85.5800108,20.4599836],[85.5799985,20.4598361],[85.5799638,20.459727],[85.5798963,20.4596006],[85.5798575,20.4594895],[85.579837,20.4593976],[85.5798227,20.4592961],[85.5798227,20.4591889],[85.5798227,20.459028],[85.5798391,20.4588231],[85.579835,20.4587331],[85.5798268,20.4586719],[85.5798023,20.4586489],[85.5797349,20.4586508],[85.5794017,20.4587523],[85.5790338,20.4588748],[85.5789459,20.4589055],[85.5788867,20.4589476],[85.5788131,20.4589802],[85.5786496,20.4589993],[85.5781754,20.4590797],[85.5781151,20.4591022],[85.578076,20.4591346],[85.578061,20.4591725],[85.5780286,20.4595057]]}},{"type":"Feature","properties":{"id":1493329603,"highway":"residential"},"geometry":{"type":"LineString","coordinates":[[85.5650774,20.4616883],[85.5648345,20.4618195],[85.5645818,20.4619468],[85.5644292,20.461987],[85.5642504,20.461987],[85.5640883,20.4619691],[85.5637831,20.4619177],[85.5633945,20.4618418],[85.5631632,20.4617859],[85.563106,20.4617591],[85.5630702,20.4617301],[85.5630559,20.4616363],[85.5630297,20.4613816],[85.563013,20.4611828],[85.5630965,20.4611895],[85.5632037,20.4611851],[85.5633206,20.4611516],[85.5634445,20.4611404],[85.5636091,20.4611382],[85.5638069,20.4611605],[85.5639166,20.4611806],[85.5640334,20.4611806],[85.5641383,20.4611717],[85.5642456,20.4611203],[85.5643362,20.4610912],[85.5644411,20.4610823],[85.56462,20.4610868],[85.564825,20.4610979],[85.5651237,20.4611071]]}},{"type":"Feature","properties":{"id":1493329604,"highway":"residential"},"geometry":{"type":"LineString","coordinates":[[85.563013,20.4611828],[85.5629003,20.4611299],[85.5627916,20.4610774],[85.5627058,20.4610512],[85.5626235,20.4610347],[85.5625148,20.4610331],[85.5623606,20.4610561],[85.5620453,20.4611053],[85.5616195,20.4611644]]}},{"type":"Feature","properties":{"id":1493329605,"highway":"residential"},"geometry":{"type":"LineString","coordinates":[[85.5630297,20.4613816],[85.5629187,20.4615681],[85.5628676,20.461681],[85.5628328,20.4617595],[85.5627572,20.4618515],[85.5626714,20.4619568],[85.5625733,20.4620468],[85.5624568,20.462131],[85.5621502,20.4623321],[85.5617271,20.4626404],[85.5615268,20.4625829],[85.5612366,20.4625063],[85.5610077,20.4624508],[85.5607543,20.4623761],[85.560554,20.462311],[85.5603884,20.4622402],[85.5602372,20.4621636],[85.5599013,20.4619854],[85.5598385,20.4618655],[85.5596772,20.4615681],[85.5595014,20.4612693],[85.5594442,20.4611449],[85.5594053,20.4610338],[85.559391,20.4609113],[85.5593869,20.4607944],[85.5594053,20.4606872],[85.5594544,20.4605647],[85.5595218,20.4604134],[85.5595627,20.460287],[85.5595975,20.4601261],[85.5596118,20.4599768],[85.5596138,20.459837],[85.5595934,20.4596704],[85.5595321,20.4595057],[85.559478,20.4593878],[85.5594434,20.4592893],[85.5594299,20.4592386],[85.5594224,20.4591373],[85.5594284,20.4590557],[85.559454,20.4589614],[85.559511,20.4588756],[85.5596432,20.4586927],[85.5598039,20.4585125],[85.5599962,20.4583394],[85.5601659,20.4582029],[85.5603491,20.4580608],[85.5605263,20.4579412],[85.5606825,20.4578497],[85.5608132,20.4577766],[85.5608763,20.4577343],[85.5609183,20.4576837],[85.5609499,20.4576232],[85.5609844,20.4575106],[85.561022,20.4573994],[85.561064,20.4573178],[85.5611256,20.4572221],[85.5611692,20.4571503],[85.5612037,20.4570589],[85.5612127,20.4569744],[85.5612127,20.4568872],[85.5612097,20.4567732],[85.5612187,20.4566733],[85.5612277,20.456586],[85.5612548,20.456503],[85.5612773,20.4564284],[85.5612863,20.4563496],[85.5612923,20.4562342],[85.5612863,20.4560471],[85.5612848,20.4557769],[85.5612893,20.4555377],[85.5612833,20.4553392],[85.5612713,20.4552041],[85.5612488,20.4550437],[85.5612262,20.4549396],[85.5612183,20.4548617]]}},{"type":"Feature","properties":{"id":1493362476,"highway":"residential"},"geometry":{"type":"LineString","coordinates":[[85.5612262,20.4549396],[85.5610889,20.4549579],[85.5609752,20.4549837],[85.5608935,20.4550096],[85.5607202,20.4550758],[85.5604476,20.4551854],[85.5603836,20.455204],[85.5603427,20.455205],[85.5602798,20.4551874],[85.5601893,20.4551771],[85.5600712,20.4551792],[85.5599796,20.4551936],[85.5598935,20.4552205],[85.559718,20.4553126],[85.5595933,20.455357],[85.5594586,20.4554015],[85.5592787,20.4554429],[85.5591551,20.4554667],[85.5590503,20.455478],[85.5589112,20.4554822],[85.5586165,20.4554863]]}},{"type":"Feature","properties":{"id":1493362773,"highway":"residential"},"geometry":{"type":"LineString","coordinates":[[85.5617271,20.4626404],[85.561838,20.4627201],[85.5619298,20.4628139],[85.5620661,20.4629651],[85.5621662,20.4631058],[85.5622747,20.4632699],[85.562397,20.4634106],[85.5625166,20.4635253],[85.5626613,20.4636608],[85.5628956,20.4638555],[85.5631184,20.4640393],[85.5633166,20.4642155],[85.5634883,20.4643495],[85.5636743,20.4644778],[85.5637499,20.4645333],[85.5637867,20.4645774],[85.5638399,20.4646578],[85.563895,20.4647746],[85.5639993,20.4649067],[85.5640892,20.4649986],[85.5641791,20.4650733],[85.5642915,20.4651173],[85.5644551,20.4651403],[85.5646472,20.4651556],[85.5647678,20.4651499],[85.5649946,20.4651193],[85.5651132,20.4650867],[85.5651622,20.4649144],[85.5652276,20.4647095],[85.5652746,20.4646291],[85.5653421,20.4645486],[85.5654606,20.4644663],[85.5656303,20.4643495],[85.5658857,20.4641638],[85.5659818,20.4640718],[85.5660227,20.4640067],[85.5660431,20.4639301],[85.5660513,20.4638478],[85.5660411,20.4636908],[85.5660104,20.4635414],[85.5659164,20.463258],[85.5658469,20.4629402],[85.5657713,20.462718],[85.5656507,20.4625534],[85.5655424,20.4624232],[85.565477,20.4623159],[85.5654054,20.4621761],[85.5653707,20.4620651],[85.5653278,20.4619751],[85.5652521,20.4618851],[85.5651479,20.4617912],[85.5650774,20.4616883]]}},{"type":"Feature","properties":{"id":1493363117,"highway":"residential"},"geometry":{"type":"LineString","coordinates":[[85.5529082,20.4581816],[85.552614,20.4582091],[85.5524529,20.4582256],[85.5523582,20.4582256],[85.5522111,20.4581977],[85.552127,20.4581829],[85.5520499,20.4581747],[85.5519623,20.4581747],[85.5518852,20.4581665],[85.5518309,20.4581615],[85.5517853,20.4581632],[85.5516557,20.4581796],[85.5515155,20.4581812],[85.5513456,20.4581681],[85.5511055,20.4581566],[85.5510144,20.4581402],[85.5509513,20.4581107],[85.5508918,20.4580663],[85.5508865,20.4580138],[85.5509461,20.4577265],[85.5509636,20.4576937],[85.5510074,20.4576674],[85.5510645,20.4576505],[85.5511482,20.4576336],[85.5511855,20.4576191],[85.5512138,20.4575962],[85.5512357,20.4575576],[85.5512486,20.457525],[85.5512679,20.4574997],[85.5512911,20.4574816],[85.5513593,20.4574695],[85.5515679,20.4574792],[85.5516619,20.4574925],[85.551725,20.4574925],[85.5518048,20.4574864],[85.5519271,20.4574792],[85.5520005,20.4574732]]}},{"type":"Feature","properties":{"id":1493375666,"highway":"residential"},"geometry":{"type":"LineString","coordinates":[[85.55257,20.4558766],[85.5527686,20.4559292],[85.5529473,20.4559702],[85.5531313,20.4560145],[85.5531909,20.4560145],[85.5533065,20.4560014],[85.5535325,20.4559587],[85.5538356,20.4558947],[85.5542877,20.4557929],[85.5545697,20.4557207]]}},{"type":"Feature","properties":{"id":1493375667,"highway":"residential"},"geometry":{"type":"LineString","coordinates":[[85.552522,20.4551105],[85.5523672,20.4551349],[85.5522095,20.4551562],[85.5521202,20.4551628],[85.5520238,20.4551595],[85.5519117,20.4551431],[85.5518363,20.4551234],[85.5517698,20.4551168],[85.5516489,20.4551266],[85.5513983,20.4551923]]}},{"type":"Feature","properties":{"id":1493375668,"highway":"residential"},"geometry":{"type":"LineString","coordinates":[[85.5516489,20.4551266],[85.5516279,20.4549855],[85.5516243,20.4549034],[85.5516436,20.4548344],[85.5516752,20.4547507],[85.5517102,20.4546949],[85.5517522,20.4546522],[85.5518977,20.4545636],[85.5520974,20.4544569],[85.5522709,20.4543058],[85.5524451,20.4542095]]}},{"type":"Feature","properties":{"id":1493375669,"highway":"residential"},"geometry":{"type":"LineString","coordinates":[[85.5524451,20.4542095],[85.5527334,20.4542796],[85.5530873,20.4543863],[85.5531679,20.4544027],[85.5532485,20.4544126],[85.5533309,20.4544076],[85.5535323,20.4543814]]}},{"type":"Feature","properties":{"id":1493375670,"highway":"residential"},"geometry":{"type":"LineString","coordinates":[[85.5524737,20.4539041],[85.5527684,20.4538889],[85.5530505,20.4538692],[85.5533116,20.4538396],[85.5533887,20.4538216],[85.5534815,20.4538101],[85.5535831,20.4538068],[85.5537198,20.4537838],[85.5538828,20.4537559]]}},{"type":"Feature","properties":{"id":1493376872,"highway":"unclassified"},"geometry":{"type":"LineString","coordinates":[[85.557527,20.4709781],[85.5576033,20.4709426],[85.5576558,20.4709074],[85.5577099,20.4708581],[85.557776,20.4707625],[85.5578316,20.4707005],[85.5578901,20.4706443],[85.5579622,20.4705992],[85.5581034,20.4705331],[85.5584158,20.4704036],[85.5587327,20.4702883],[85.5590346,20.4701715],[85.5592749,20.4700744],[85.5594882,20.4699843],[85.559682,20.4698971],[85.5598847,20.4697986],[85.5600785,20.4696931],[85.5602902,20.4695692],[85.5605396,20.4694257],[85.5607543,20.4692878],[85.5609887,20.469119],[85.5615729,20.4687095],[85.5617606,20.4685674],[85.5618673,20.4684646],[85.5619634,20.4683479],[85.562007,20.4682479],[85.5620145,20.4681832],[85.5620025,20.4681101],[85.5619799,20.4679933],[85.5618898,20.4676879],[85.5618297,20.4674121],[85.5617712,20.4671011],[85.5616916,20.466672],[85.5616225,20.4662737],[85.5615639,20.4659093],[85.5615038,20.4654956],[85.5614212,20.4649651],[85.5613686,20.4645936],[85.5613296,20.4642348],[85.5613011,20.4641011],[85.5612605,20.4639815],[85.5611373,20.4637296],[85.5609166,20.4634003],[85.5607513,20.4631893],[85.5605726,20.4629754],[85.5603053,20.4626813],[85.5600304,20.4623914],[85.5599358,20.4622521],[85.5599027,20.4621831],[85.5598967,20.4620846],[85.5599013,20.4619854]]}},{"type":"Feature","properties":{"id":1493380508,"highway":"residential"},"geometry":{"type":"LineString","coordinates":[[85.5947783,20.4942022],[85.5946921,20.4942171],[85.5946154,20.494239],[85.594289,20.4942744],[85.5937514,20.4943291],[85.5930003,20.494417],[85.5924873,20.4944356],[85.5916169,20.4945392]]}},{"type":"Feature","properties":{"id":1493380509,"highway":"residential"},"geometry":{"type":"LineString","coordinates":[[85.5916169,20.4945392],[85.591419,20.4945858]]}},{"type":"Feature","properties":{"id":1493380510,"highway":"residential"},"geometry":{"type":"LineString","coordinates":[[85.591419,20.4945858],[85.5906458,20.4945863],[85.5899985,20.4946608],[85.589617,20.4946777],[85.589255,20.4946918],[85.5890192,20.4947101],[85.5887173,20.4947185]]}},{"type":"Feature","properties":{"id":1493380511,"highway":"residential"},"geometry":{"type":"LineString","coordinates":[[85.5887173,20.4947185],[85.5884073,20.4947157],[85.5882198,20.4947288],[85.5880393,20.4947452],[85.5878764,20.4948158],[85.587738,20.4949274],[85.5875996,20.4950373],[85.5874909,20.4951063],[85.5873981,20.4951506],[85.5873297,20.4951949],[85.5872702,20.4952655],[85.5872334,20.4953672],[85.5872018,20.4954197],[85.5871528,20.4954673],[85.5870967,20.49551],[85.5870634,20.4955707],[85.5870354,20.4956626],[85.5869723,20.495807],[85.5869601,20.4958546],[85.5869653,20.4959285],[85.5869898,20.4960171],[85.5870704,20.4960811],[85.5873473,20.4962994],[85.5876521,20.4965587],[85.5877818,20.4966654],[85.5878764,20.4967343]]}},{"type":"Feature","properties":{"id":1493380512,"highway":"residential"},"geometry":{"type":"LineString","coordinates":[[85.5878764,20.4967343],[85.5879447,20.4965554],[85.5880043,20.496434],[85.5880603,20.496347],[85.588169,20.4962108],[85.5882811,20.4960877],[85.5884493,20.4959072],[85.5885527,20.495812],[85.5886701,20.4957168],[85.5887787,20.4956446],[85.5889381,20.4955789],[85.5891712,20.4955084],[85.5894725,20.4954197],[85.5898685,20.4953492]]}},{"type":"Feature","properties":{"id":1493380513,"highway":"residential"},"geometry":{"type":"LineString","coordinates":[[85.5898685,20.4953492],[85.5900069,20.4953245],[85.5901506,20.4952835],[85.5902785,20.495231],[85.5904046,20.4951768],[85.5905308,20.4951194],[85.5906551,20.495039],[85.5909197,20.4948453],[85.5911628,20.4947269],[85.591419,20.4945858]]}},{"type":"Feature","properties":{"id":1493380514,"highway":"residential"},"geometry":{"type":"LineString","coordinates":[[85.5916169,20.4945392],[85.5916235,20.494284],[85.5916256,20.4940121],[85.5916256,20.4938092],[85.5916256,20.4935775],[85.5916235,20.4933803],[85.5916235,20.4932502],[85.5916256,20.4931524]]}},{"type":"Feature","properties":{"id":1493380515,"highway":"residential"},"geometry":{"type":"LineString","coordinates":[[85.5880393,20.4947452],[85.5880295,20.4946737],[85.588031,20.494602],[85.5880415,20.4945274],[85.588064,20.494436],[85.5881226,20.494322],[85.5881632,20.494232],[85.5881737,20.4941687],[85.5881812,20.4940913],[85.5881692,20.4940238],[85.5881406,20.4938774],[85.588073,20.493461],[85.5880415,20.493129],[85.5880115,20.4928771],[85.5879904,20.4926788],[85.5879664,20.492441],[85.5880956,20.4924269],[85.5881617,20.4924072],[85.5881992,20.4923707],[85.5882459,20.4923023]]}},{"type":"Feature","properties":{"id":1493380516,"highway":"residential"},"geometry":{"type":"LineString","coordinates":[[85.5879664,20.492441],[85.5877922,20.4924565],[85.5876194,20.4924649],[85.5874422,20.4924663],[85.587268,20.4924705],[85.5871268,20.4924705],[85.5869841,20.492472],[85.5868189,20.492479],[85.5866762,20.4924888],[85.5865065,20.4925085],[85.5863623,20.4925339],[85.5862031,20.4925775]]}},{"type":"Feature","properties":{"id":1493380517,"highway":"residential"},"geometry":{"type":"LineString","coordinates":[[85.5862031,20.4925775],[85.5858916,20.4926567],[85.5855973,20.4927355],[85.585352,20.4927979],[85.585189,20.4928192],[85.5850296,20.4928291],[85.5848439,20.4928176],[85.584681,20.4928044],[85.5845478,20.4928094],[85.5844059,20.4928307],[85.5841834,20.4928914],[85.5838347,20.4929981],[85.5835141,20.4931048],[85.5832723,20.493195],[85.5830761,20.4932558],[85.5829184,20.4932935],[85.5826994,20.4933411],[85.5824523,20.4933821],[85.5822824,20.4934232],[85.581953,20.4935282],[85.5814379,20.4937071],[85.5808264,20.4939418],[85.5803236,20.4941289],[85.5798575,20.4943176],[85.5795229,20.4944817],[85.5792268,20.4946426],[85.5789324,20.4947968],[85.5785645,20.4950446],[85.5784366,20.49513],[85.5783473,20.4951858],[85.5782632,20.495217],[85.578144,20.4952514],[85.5779811,20.4952859],[85.5777288,20.4953154],[85.5775728,20.4953548],[85.5773924,20.4954352],[85.5770665,20.4955797],[85.5765461,20.4957914],[85.5760778,20.495977],[85.5759997,20.4959925],[85.5759411,20.4959967],[85.5758825,20.4959841],[85.575824,20.4959574],[85.5757519,20.4959137],[85.5756107,20.4957984],[85.575447,20.4956239],[85.5753118,20.4954959],[85.5751841,20.4953904],[85.5750279,20.4952947],[85.5748567,20.4952075],[85.5746915,20.4951414],[85.5745038,20.4950668],[85.5743761,20.4950091],[85.5742484,20.4949472],[85.5741042,20.4948586],[85.5739285,20.4947517],[85.5737198,20.494611],[85.5735681,20.4944928],[85.5733398,20.4943183],[85.5731055,20.4941411],[85.5728892,20.493999],[85.5728351,20.493968],[85.572772,20.4939497],[85.5726924,20.4939329],[85.5725693,20.4939385],[85.5721367,20.4939863],[85.5716786,20.494044],[85.5710208,20.4941059],[85.570444,20.4941523],[85.5700039,20.4941819],[85.5697141,20.4941917],[85.5695714,20.4941974]]}},{"type":"Feature","properties":{"id":1493380814,"highway":"residential"},"geometry":{"type":"LineString","coordinates":[[85.5878764,20.4967343],[85.5878387,20.4968535],[85.5877862,20.4969913],[85.5877511,20.4971062],[85.5877231,20.4972178],[85.5876933,20.497336],[85.5876565,20.4974591],[85.587625,20.4975313],[85.5875689,20.4975986],[85.5875146,20.4976429],[85.5874586,20.4976544],[85.5873604,20.4976396],[85.587243,20.4975822],[85.5871712,20.4975034],[85.5870994,20.4974213],[85.5870556,20.4973147],[85.5870118,20.4972359],[85.5869329,20.4971358],[85.5868383,20.4970373],[85.5866982,20.4968929],[85.5865843,20.496801],[85.5864967,20.4967468],[85.5864301,20.4966894],[85.5863758,20.4966155],[85.5862899,20.4964252],[85.5862023,20.4962479],[85.586127,20.4960214]]}},{"type":"Feature","properties":{"id":1493380815,"highway":"residential"},"geometry":{"type":"LineString","coordinates":[[85.586127,20.4960214],[85.5862479,20.4959771],[85.5863793,20.4959427],[85.5864879,20.4959279],[85.586579,20.4959345],[85.5866684,20.4959574],[85.5867297,20.4959935],[85.5867875,20.4960247],[85.5868401,20.4960411],[85.5869014,20.4960428],[85.5869898,20.4960171]]}},{"type":"Feature","properties":{"id":1493380816,"highway":"residential"},"geometry":{"type":"LineString","coordinates":[[85.586127,20.4960214],[85.585936,20.4960592],[85.5857591,20.4961035],[85.5855891,20.4961544],[85.5854524,20.4961938],[85.5852807,20.4962266],[85.5851178,20.4962528],[85.5849654,20.4962758],[85.5848953,20.4962758],[85.5847919,20.4962446],[85.5847113,20.4961905],[85.5845641,20.4960822],[85.5844923,20.4960017],[85.5844643,20.4959509],[85.5844257,20.4959066],[85.5843609,20.4958508],[85.5842821,20.4958032],[85.5842207,20.4957441],[85.5841857,20.4956686],[85.5841822,20.4955898],[85.584219,20.4954881],[85.5842505,20.4953765],[85.5842961,20.4952419],[85.5843521,20.4951533],[85.5844275,20.4950532],[85.5845098,20.4949612],[85.5846044,20.4948792],[85.5847621,20.4947512],[85.5849163,20.4946593],[85.5850024,20.4946106],[85.58509,20.4945663],[85.5851618,20.4945483],[85.5852635,20.4945335],[85.5854492,20.4945335],[85.5855648,20.4945352],[85.5856209,20.4945302],[85.5856682,20.4945105],[85.585698,20.4944695],[85.585747,20.4943005],[85.5858294,20.4939854],[85.5859065,20.4937769]]}},{"type":"Feature","properties":{"id":1493380817,"highway":"residential"},"geometry":{"type":"LineString","coordinates":[[85.5859065,20.4937769],[85.5859695,20.49358],[85.5860519,20.4933338],[85.5861185,20.49315],[85.586164,20.4929974],[85.5861903,20.492871],[85.5862113,20.4927315],[85.5862031,20.4925775]]}},{"type":"Feature","properties":{"id":1510808465,"highway":"primary"},"geometry":{"type":"LineString","coordinates":[[85.564338,20.3913718],[85.5654582,20.3917295],[85.5662636,20.3920187],[85.5677752,20.3925613],[85.5694968,20.3933681],[85.569784,20.3935027],[85.5715358,20.394436],[85.5722858,20.3948312],[85.5778625,20.3979847],[85.5817312,20.4003519],[85.5827987,20.4008949],[85.58613,20.4027099],[85.5889761,20.4042948],[85.5895476,20.4045403],[85.5897147,20.404578],[85.5898126,20.4045818],[85.5900473,20.4045189],[85.590298,20.4044317],[85.5909142,20.4041314],[85.5920295,20.4036145],[85.5922794,20.4035103],[85.5926097,20.4035577]]}}]}